0,199895486317,0
1,99690786963,60
2,50039995,500000
3,5380879713,240
4,18142448437,390
5,112167320933,90
6,5380879713,240
7,89213611331,100
8,199895486317,0
9,133617753358,20
10,99690786963,60
11,2686103608,320
12,199895486317,0
13,133617753358,20
14,199895486317,0
15,156922756435,40
16,199895486317,0
17,199895486317,0
18,99690786963,60
19,2050527119,400
20,133617753358,20
21,199895486317,0
22,99690786963,60
23,199895486317,0
24,3351140730,130
25,89213611331,100
26,14121552492,630
27,89213611331,100
28,199895486317,0
29,199895486317,0
30,1580100102,120
31,199895486317,0
32,58096686135,30
33,884461957,300
34,1397444182,150
35,156922756435,40
36,199895486317,0
37,53670961272,820
38,43446847,230230
39,199895486317,0
40,199895486317,0
41,199895486317,0
42,133617753358,20
43,199895486317,0
44,41239796747,2230
45,58096686135,30
46,24971409688,50
47,1257016153,200
48,89213611331,100
49,112167320933,90
50,58096686135,30
51,199895486317,0
52,199895486317,0
53,58096686135,30
54,45924218,37250
55,199895486317,0
56,1397444182,150
57,199895486317,0
58,12667559636,13040
59,133617753358,20
60,9798835701,460
61,199895486317,0
62,199895486317,0
63,14475307068,190
64,199895486317,0
65,112167320933,90
66,199895486317,0
67,40905648715,1400
68,9651044235,370
69,150738065978,80
70,199895486317,0
71,8333457575,15150
72,17292229334,700
73,199895486317,0
74,95024392251,10
75,199895486317,0
76,58096686135,30
77,53238638005,1800
78,199895486317,0
79,199895486317,0
80,199895486317,0
81,59743286,377350
82,133617753358,20
83,46947232,363180
84,199895486317,0
85,53964567,416620
86,61176884,55190
87,3583135578,110
88,4087369411,230
89,99690786963,60
90,199895486317,0
91,46328008,256900
92,112167320933,90
93,199895486317,0
94,199895486317,0
95,372336959068,70
96,884461957,300
97,199895486317,0
98,58096686135,30
99,133617753358,20
100,112167320933,90
101,156922756435,40
102,150738065978,80
103,79400223738,2650
104,1580100102,120
105,37977120,51310
106,99690786963,60
107,937182873,600
108,937182873,600
109,1580100102,120
110,58096686135,30
111,199895486317,0
112,1257016153,200
113,199895486317,0
114,199895486317,0
115,1580100102,120
116,199895486317,0
117,199895486317,0
118,199895486317,0
119,99690786963,60
120,199895486317,0
121,199895486317,0
122,199895486317,0
123,199895486317,0
124,18945197840,440
125,58096686135,30
126,1257016153,200
127,199895486317,0
128,58096686135,30
129,52692780,40770
130,43458298922,1280
131,1397444182,150
132,58096686135,30
133,20613675614,11690
134,199895486317,0
135,199895486317,0
136,199895486317,0
137,1580100102,120
138,199895486317,0
139,44605605,89150
140,16463502478,12360
141,156922756435,40
142,199895486317,0
143,2686103608,320
144,32567789,158830
145,133617753358,20
146,63764305,84470
147,2319215827,140
148,133617753358,20
149,372336959068,70
150,1257016153,200
151,56803567,318290
152,199895486317,0
153,199895486317,0
154,1257016153,200
155,133617753358,20
156,95024392251,10
157,199895486317,0
158,89213611331,100
159,199895486317,0
160,6686885106,260
161,199895486317,0
162,19348448,89870
163,46188068,87200
164,133617753358,20
165,58096686135,30
166,58096686135,30
167,199895486317,0
168,199895486317,0
169,199895486317,0
170,2050527119,400
171,2050527119,400
172,199895486317,0
173,89213611331,100
174,78783781712,3080
175,4008213810,310
176,199895486317,0
177,199895486317,0
178,199895486317,0
179,150738065978,80
180,24971409688,50
181,199895486317,0
182,199895486317,0
183,58096686135,30
184,199895486317,0
185,199895486317,0
186,51258928653,690
187,199895486317,0
188,199895486317,0
189,199895486317,0
190,199895486317,0
191,199895486317,0
192,199895486317,0
193,199895486317,0
194,89213611331,100
195,58096686135,30
196,199895486317,0
197,199895486317,0
198,199895486317,0
199,199895486317,0
200,199895486317,0
201,199895486317,0
202,199895486317,0
203,199895486317,0
204,199895486317,0
205,5052232239,290
206,199895486317,0
207,50761730949,7260
208,4114302921,900
209,79679954524,970
210,133617753358,20
211,199895486317,0
212,199895486317,0
213,2050527119,400
214,95024392251,10
215,199895486317,0
216,5909996763,450
217,95024392251,10
218,150738065978,80
219,42013298,60500
220,58096686135,30
221,133617753358,20
222,199895486317,0
223,3563338753,500
224,39987269,406940
225,57841109,372740
226,58096686135,30
227,47206900,41830
228,199895486317,0
229,150738065978,80
230,199895486317,0
231,18359068040,840
232,199895486317,0
233,199895486317,0
234,199895486317,0
235,112167320933,90
236,156922756435,40
237,199895486317,0
238,199895486317,0
239,53389656,242050
240,199895486317,0
241,199895486317,0
242,133617753358,20
243,199895486317,0
244,95024392251,10
245,199895486317,0
246,199895486317,0
247,372336959068,70
248,1257016153,200
249,199895486317,0
250,51552912,39720
251,199895486317,0
252,23613628236,1010
253,199895486317,0
254,372336959068,70
255,1580100102,120
256,156922756435,40
257,49939383,55300
258,199895486317,0
259,5637723967,160
260,58096686135,30
261,53823157,75380
262,199895486317,0
263,4087369411,230
264,107485101373,3910
265,937182873,600
266,199895486317,0
267,199895486317,0
268,5794283918,1100
269,199895486317,0
270,937182873,600
271,133617753358,20
272,95024392251,10
273,133617753358,20
274,199895486317,0
275,199895486317,0
276,199895486317,0
277,5439464766,360
278,199895486317,0
279,157063557855,2370
280,199895486317,0
281,50039995,500000
282,40427003,81970
283,58096686135,30
284,52758471187,5250
285,89213611331,100
286,199895486317,0
287,44315318,64170
288,1257016153,200
289,133617753358,20
290,3563338753,500
291,199895486317,0
292,156922756435,40
293,199895486317,0
294,199895486317,0
295,884461957,300
296,132875502,27300
297,89213611331,100
298,95024392251,10
299,3351140730,130
300,66217969,66400
301,199895486317,0
302,199895486317,0
303,884461957,300
304,199895486317,0
305,199895486317,0
306,18917807,67760
307,1580100102,120
308,58290318,72190
309,199895486317,0
310,199895486317,0
311,1580100102,120
312,21693192042,490
313,199895486317,0
314,99690786963,60
315,199895486317,0
316,29340677909,480
317,150738065978,80
318,199895486317,0
319,99690786963,60
320,199895486317,0
321,89213611331,100
322,35797199,130380
323,199895486317,0
324,5794283918,1100
325,99690786963,60
326,36634706480,6000
327,133617753358,20
328,199895486317,0
329,199895486317,0
330,199895486317,0
331,99690786963,60
332,199895486317,0
333,199895486317,0
334,199895486317,0
335,99690786963,60
336,49513128,144110
337,24971409688,50
338,24971409688,50
339,1257016153,200
340,199895486317,0
341,50039995,500000
342,156922756435,40
343,4114302921,900
344,47768554,415850
345,1580100102,120
346,2686103608,320
347,199895486317,0
348,133617753358,20
349,62690365518,2050
350,199895486317,0
351,24971409688,50
352,199895486317,0
353,4087369411,230
354,5715697093,220
355,52876234542,3530
356,199895486317,0
357,199895486317,0
358,199895486317,0
359,5380879713,240
360,199895486317,0
361,199895486317,0
362,199895486317,0
363,58096686135,30
364,95024392251,10
365,199895486317,0
366,24971409688,50
367,199895486317,0
368,199895486317,0
369,89213611331,100
370,1580100102,120
371,58096686135,30
372,199895486317,0
373,2319215827,140
374,509999583,23150
375,199895486317,0
376,199895486317,0
377,37294703,147320
378,1397444182,150
379,199895486317,0
380,199895486317,0
381,199895486317,0
382,1580100102,120
383,199895486317,0
384,5052232239,290
385,14115377113,3000
386,47257727,35570
387,58096686135,30
388,4614762981,180
389,169028841560,1390
390,199895486317,0
391,1257016153,200
392,62964293,36010
393,1257016153,200
394,1992334443,1000
395,99690786963,60
396,4716150126,16930
397,199895486317,0
398,199895486317,0
399,34066105,127530
400,199895486317,0
401,156922756435,40
402,156922756435,40
403,133617753358,20
404,41938308758,9840
405,199895486317,0
406,112167320933,90
407,199895486317,0
408,199895486317,0
409,112167320933,90
410,133617753358,20
411,884461957,300
412,317611612,24700
413,99690786963,60
414,199895486317,0
415,53250425,59790
416,199895486317,0
417,44089204193,4630
418,1992334443,1000
419,884461957,300
420,58096686135,30
421,199895486317,0
422,199895486317,0
423,199895486317,0
424,199895486317,0
425,199895486317,0
426,40905648715,1400
427,1257016153,200
428,1580100102,120
429,99690786963,60
430,1397444182,150
431,5637723967,160
432,89213611331,100
433,199895486317,0
434,199895486317,0
435,884461957,300
436,4614762981,180
437,58096686135,30
438,3583135578,110
439,99690786963,60
440,58096686135,30
441,199895486317,0
442,95024392251,10
443,2267001065,16370
444,199895486317,0
445,199895486317,0
446,199895486317,0
447,199895486317,0
448,17292229334,700
449,199895486317,0
450,199895486317,0
451,199895486317,0
452,89213611331,100
453,58463146,40390
454,199895486317,0
455,3351140730,130
456,43750107,189900
457,99690786963,60
458,976213139,21300
459,3351140730,130
460,199895486317,0
461,43540423035,4300
462,199895486317,0
463,1257016153,200
464,199895486317,0
465,199895486317,0
466,199895486317,0
467,8725985935,510
468,31070585,108200
469,24971409688,50
470,199895486317,0
471,884461957,300
472,199895486317,0
473,199895486317,0
474,199895486317,0
475,44459380,93880
476,24971409688,50
477,199895486317,0
478,4001483371,4000
479,199895486317,0
480,56855068,45060
481,199895486317,0
482,24971409688,50
483,199895486317,0
484,62522324810,7200
485,5052232239,290
486,199895486317,0
487,13128228672,740
488,199895486317,0
489,199895486317,0
490,199895486317,0
491,199895486317,0
492,199895486317,0
493,199895486317,0
494,58096686135,30
495,199895486317,0
496,77899660,365980
497,199895486317,0
498,41864213,99880
499,199895486317,0
500,5040148488,340
501,89213611331,100
502,24971409688,50
503,5380879713,240
504,199895486317,0
505,199895486317,0
506,372336959068,70
507,199895486317,0
508,95024392251,10
509,199895486317,0
510,39830725,136830
511,1397444182,150
512,334122173,24150
513,12275654679,1020
514,199895486317,0
515,136392987665,2390
516,199895486317,0
517,7218173098,250
518,1397444182,150
519,199895486317,0
520,89213611331,100
521,24971409688,50
522,49112047,33450
523,89213611331,100
524,5715697093,220
525,199895486317,0
526,199895486317,0
527,199895486317,0
528,884461957,300
529,199895486317,0
530,4581580340,170
531,99690786963,60
532,58096686135,30
533,48179583376,470
534,2050527119,400
535,199895486317,0
536,133617753358,20
537,199895486317,0
538,372336959068,70
539,199895486317,0
540,199895486317,0
541,58096686135,30
542,199895486317,0
543,1257016153,200
544,199895486317,0
545,10253916547,14370
546,95024392251,10
547,199895486317,0
548,199895486317,0
549,199895486317,0
550,199895486317,0
551,95024392251,10
552,58096686135,30
553,99690786963,60
554,884461957,300
555,2050527119,400
556,58096686135,30
557,2691065770,210
558,1397444182,150
559,32899383,42710
560,99690786963,60
561,5380879713,240
562,37573836481,830
563,4614762981,180
564,199895486317,0
565,1992334443,1000
566,133617753358,20
567,54117875,64990
568,67276552024,2140
569,199895486317,0
570,2686103608,320
571,199895486317,0
572,199895486317,0
573,5715697093,220
574,156922756435,40
575,58096686135,30
576,199895486317,0
577,199895486317,0
578,199895486317,0
579,13128228672,740
580,199895486317,0
581,199895486317,0
582,199895486317,0
583,156922756435,40
584,53670961272,820
585,199895486317,0
586,58096686135,30
587,884461957,300
588,62977917861,5850
589,3359018551,420
590,99690786963,60
591,133617753358,20
592,199895486317,0
593,6348347708,430
594,58096686135,30
595,58096686135,30
596,133617753358,20
597,199895486317,0
598,199895486317,0
599,95024392251,10
600,3359018551,420
601,24971409688,50
602,58096686135,30
603,133617753358,20
604,199895486317,0
605,199895486317,0
606,199895486317,0
607,68495040262,2160
608,89213611331,100
609,58096686135,30
610,133617753358,20
611,372336959068,70
612,199895486317,0
613,199895486317,0
614,89213611331,100
615,133617753358,20
616,199895486317,0
617,5052232239,290
618,199895486317,0
619,156922756435,40
620,150738065978,80
621,12146948584,350
622,199895486317,0
623,58096686135,30
624,4008213810,310
625,199895486317,0
626,74786711,395050
627,8024892803,650
628,1397444182,150
629,199895486317,0
630,199895486317,0
631,199895486317,0
632,35335383,139650
633,124879501790,6010
634,199895486317,0
635,199895486317,0
636,156922756435,40
637,372336959068,70
638,199895486317,0
639,199895486317,0
640,199895486317,0
641,199895486317,0
642,199895486317,0
643,99690786963,60
644,4614762981,180
645,884461957,300
646,199895486317,0
647,58096686135,30
648,199895486317,0
649,1992334443,1000
650,199895486317,0
651,199895486317,0
652,5052232239,290
653,199895486317,0
654,884461957,300
655,51888222114,3470
656,95024392251,10
657,199895486317,0
658,199895486317,0
659,199895486317,0
660,133617753358,20
661,199895486317,0
662,199895486317,0
663,199895486317,0
664,133617753358,20
665,199895486317,0
666,199895486317,0
667,24971409688,50
668,199895486317,0
669,58096686135,30
670,199895486317,0
671,199895486317,0
672,199895486317,0
673,199895486317,0
674,199895486317,0
675,199895486317,0
676,4114302921,900
677,99690786963,60
678,5380879713,240
679,884461957,300
680,99690786963,60
681,14814045514,800
682,199895486317,0
683,9798835701,460
684,42230787,36670
685,1580100102,120
686,45330402,46490
687,199895486317,0
688,5040148488,340
689,2050527119,400
690,199895486317,0
691,114616825190,4720
692,2691065770,210
693,133617753358,20
694,199895486317,0
695,156922756435,40
696,150738065978,80
697,199895486317,0
698,884461957,300
699,24971409688,50
700,18142448437,390
701,112167320933,90
702,95024392251,10
703,5637723967,160
704,95024392251,10
705,199895486317,0
706,199895486317,0
707,199895486317,0
708,199895486317,0
709,199895486317,0
710,199895486317,0
711,80914045,27500
712,9798835701,460
713,20069186555,2300
714,199895486317,0
715,199895486317,0
716,199895486317,0
717,249140076865,1420
718,74781062129,5190
719,199895486317,0
720,3359018551,420
721,937182873,600
722,99690786963,60
723,199895486317,0
724,884461957,300
725,199895486317,0
726,372336959068,70
727,58096686135,30
728,199895486317,0
729,199895486317,0
730,3708328705,270
731,133617753358,20
732,199895486317,0
733,4114302921,900
734,884461957,300
735,150738065978,80
736,372336959068,70
737,199895486317,0
738,199895486317,0
739,156922756435,40
740,199895486317,0
741,14475307068,190
742,199895486317,0
743,2050527119,400
744,884461957,300
745,199895486317,0
746,72080910825,5020
747,884461957,300
748,199895486317,0
749,14475307068,190
750,199895486317,0
751,133617753358,20
752,199895486317,0
753,58096686135,30
754,33835010,198310
755,199895486317,0
756,33837480,107630
757,199895486317,0
758,199895486317,0
759,199895486317,0
760,199895486317,0
761,2319215827,140
762,199895486317,0
763,199895486317,0
764,89213611331,100
765,58096686135,30
766,199895486317,0
767,199895486317,0
768,199895486317,0
769,208519410317,920
770,199895486317,0
771,199895486317,0
772,199895486317,0
773,4114302921,900
774,199895486317,0
775,156922756435,40
776,124362533948,1210
777,99690786963,60
778,372336959068,70
779,95024392251,10
780,48179583376,470
781,16725704523,1030
782,9787512983,2000
783,31879179,100430
784,199895486317,0
785,95024392251,10
786,884461957,300
787,133617753358,20
788,7974666852,330
789,52524926,241020
790,199895486317,0
791,40863205,55260
792,36694845710,6430
793,199895486317,0
794,199895486317,0
795,92063580265,3360
796,58096686135,30
797,133617753358,20
798,133617753358,20
799,4087369411,230
800,19481691782,1300
801,199895486317,0
802,199895486317,0
803,156922756435,40
804,89213611331,100
805,1580100102,120
806,199895486317,0
807,199895486317,0
808,1580100102,120
809,89213611331,100
810,199895486317,0
811,199895486317,0
812,1257016153,200
813,199895486317,0
814,24971409688,50
815,199895486317,0
816,89213611331,100
817,150738065978,80
818,24971409688,50
819,199895486317,0
820,199895486317,0
821,58096686135,30
822,5040148488,340
823,884461957,300
824,199895486317,0
825,58096686135,30
826,199895486317,0
827,884461957,300
828,571723386,23330
829,58096686135,30
830,199895486317,0
831,58096686135,30
832,53238638005,1800
833,4087369411,230
834,3583135578,110
835,5715697093,220
836,4087369411,230
837,58096686135,30
838,1580100102,120
839,5794283918,1100
840,199895486317,0
841,50039995,500000
842,10654894370,570
843,199895486317,0
844,199895486317,0
845,199895486317,0
846,5117228589,280
847,4001483371,4000
848,59172849,41450
849,1257016153,200
850,44788573,109250
851,95024392251,10
852,95024392251,10
853,4001483371,4000
854,3563338753,500
855,729752628,22400
856,89213611331,100
857,58947505535,490
858,199895486317,0
859,4581580340,170
860,199895486317,0
861,89213611331,100
862,55275784,46180
863,199895486317,0
864,1580100102,120
865,199895486317,0
866,199895486317,0
867,12275654679,1020
868,43883198,70150
869,58096686135,30
870,2686103608,320
871,1580100102,120
872,199895486317,0
873,199895486317,0
874,199895486317,0
875,199895486317,0
876,95024392251,10
877,95024392251,10
878,7974666852,330
879,199895486317,0
880,2691065770,210
881,199895486317,0
882,99690786963,60
883,199895486317,0
884,199895486317,0
885,3583135578,110
886,199895486317,0
887,199895486317,0
888,199895486317,0
889,1257016153,200
890,5380879713,240
891,112167320933,90
892,5380879713,240
893,30377601,106240
894,199895486317,0
895,199895486317,0
896,133617753358,20
897,24971409688,50
898,199895486317,0
899,199895486317,0
900,43740799,71280
901,38561177,141810
902,1257016153,200
903,133617753358,20
904,199895486317,0
905,99690786963,60
906,95024392251,10
907,44787632,100550
908,199895486317,0
909,150738065978,80
910,199895486317,0
911,99690786963,60
912,199895486317,0
913,199895486317,0
914,199895486317,0
915,40291732,113850
916,199895486317,0
917,199895486317,0
918,199895486317,0
919,30295032087,720
920,199895486317,0
921,199895486317,0
922,199895486317,0
923,95024392251,10
924,58096686135,30
925,199895486317,0
926,199895486317,0
927,58096686135,30
928,58096686135,30
929,60470796243,4600
930,1397444182,150
931,199895486317,0
932,199895486317,0
933,199895486317,0
934,199895486317,0
935,199895486317,0
936,59300577,55380
937,6348347708,430
938,199895486317,0
939,199895486317,0
940,99690786963,60
941,937182873,600
942,7218173098,250
943,884461957,300
944,199895486317,0
945,133617753358,20
946,199895486317,0
947,199895486317,0
948,37573836481,830
949,3708328705,270
950,99690786963,60
951,95024392251,10
952,199895486317,0
953,199895486317,0
954,18560518827,620
955,58096686135,30
956,199895486317,0
957,89213611331,100
958,199895486317,0
959,372336959068,70
960,14475307068,190
961,199895486317,0
962,199895486317,0
963,199895486317,0
964,199895486317,0
965,199895486317,0
966,2050527119,400
967,99690786963,60
968,58096686135,30
969,199895486317,0
970,44089204193,4630
971,199895486317,0
972,199895486317,0
973,199895486317,0
974,199895486317,0
975,41139994,403830
976,199895486317,0
977,95024392251,10
978,7974666852,330
979,199895486317,0
980,133617753358,20
981,58096686135,30
982,199895486317,0
983,58096686135,30
984,112167320933,90
985,199895486317,0
986,1397444182,150
987,3359018551,420
988,58096686135,30
989,199895486317,0
990,51258928653,690
991,150738065978,80
992,199895486317,0
993,199895486317,0
994,199895486317,0
995,937182873,600
996,133617753358,20
997,199895486317,0
998,11329401875,1500
999,168347274428,2280
1000,156922756435,40
1001,199895486317,0
1002,199895486317,0
1003,23613628236,1010
1004,199895486317,0
1005,112167320933,90
1006,112167320933,90
1007,199895486317,0
1008,937182873,600
1009,133617753358,20
1010,199895486317,0
1011,99690786963,60
1012,58096686135,30
1013,60633502854,8590
1014,199895486317,0
1015,199895486317,0
1016,937182873,600
1017,199895486317,0
1018,199895486317,0
1019,156922756435,40
1020,937182873,600
1021,199895486317,0
1022,47340322664,890
1023,2319215827,140
1024,199895486317,0
1025,133617753358,20
1026,199895486317,0
1027,39370609,102080
1028,199895486317,0
1029,199895486317,0
1030,150738065978,80
1031,3359018551,420
1032,199895486317,0
1033,3583135578,110
1034,1257016153,200
1035,199895486317,0
1036,199895486317,0
1037,5715697093,220
1038,199895486317,0
1039,89213611331,100
1040,156922756435,40
1041,89213611331,100
1042,199895486317,0
1043,133617753358,20
1044,199895486317,0
1045,1580100102,120
1046,112167320933,90
1047,95024392251,10
1048,199895486317,0
1049,112167320933,90
1050,57464886,40130
1051,2686103608,320
1052,64053354,77400
1053,62903203,86000
1054,199895486317,0
1055,199895486317,0
1056,1992334443,1000
1057,199895486317,0
1058,5380879713,240
1059,95024392251,10
1060,99690786963,60
1061,150738065978,80
1062,199895486317,0
1063,6310786853,16010
1064,884461957,300
1065,7174301229,14750
1066,199895486317,0
1067,199895486317,0
1068,39266842,229790
1069,8725985935,510
1070,199895486317,0
1071,199895486317,0
1072,199895486317,0
1073,199895486317,0
1074,199895486317,0
1075,199895486317,0
1076,24862734501,380
1077,199895486317,0
1078,199895486317,0
1079,199895486317,0
1080,46625163,69290
1081,199895486317,0
1082,199895486317,0
1083,199895486317,0
1084,199895486317,0
1085,2691065770,210
1086,199895486317,0
1087,32022246258,910
1088,199895486317,0
1089,884461957,300
1090,3351140730,130
1091,91679342,29330
1092,199895486317,0
1093,199895486317,0
1094,12482656669,750
1095,47770211,72130
1096,156922756435,40
1097,38908715,112990
1098,99690786963,60
1099,62898892,400260
1100,199895486317,0
1101,199895486317,0
1102,884461957,300
1103,884461957,300
1104,199895486317,0
1105,199895486317,0
1106,884461957,300
1107,58096686135,30
1108,2319215827,140
1109,199895486317,0
1110,58096686135,30
1111,112167320933,90
1112,199895486317,0
1113,1257016153,200
1114,199895486317,0
1115,156922756435,40
1116,199895486317,0
1117,199895486317,0
1118,199895486317,0
1119,199895486317,0
1120,199895486317,0
1121,1580100102,120
1122,199895486317,0
1123,43458298922,1280
1124,199895486317,0
1125,39945560,128100
1126,199895486317,0
1127,58096686135,30
1128,99690786963,60
1129,421176782,23080
1130,41139856,462590
1131,55338190,32420
1132,199895486317,0
1133,199895486317,0
1134,199895486317,0
1135,156922756435,40
1136,199895486317,0
1137,199895486317,0
1138,199895486317,0
1139,199895486317,0
1140,58581139,50250
1141,2319215827,140
1142,199895486317,0
1143,372336959068,70
1144,99690786963,60
1145,199895486317,0
1146,24971409688,50
1147,199895486317,0
1148,199895486317,0
1149,199895486317,0
1150,199895486317,0
1151,199895486317,0
1152,58096686135,30
1153,13323169972,610
1154,199895486317,0
1155,199895486317,0
1156,199895486317,0
1157,199895486317,0
1158,199895486317,0
1159,62981339,34330
1160,7974666852,330
1161,199895486317,0
1162,937182873,600
1163,199895486317,0
1164,199895486317,0
1165,4001483371,4000
1166,4087369411,230
1167,1257016153,200
1168,199895486317,0
1169,199895486317,0
1170,112167320933,90
1171,199895486317,0
1172,38101808,132820
1173,99690786963,60
1174,43518972,199330
1175,1397444182,150
1176,99690786963,60
1177,99690786963,60
1178,199895486317,0
1179,937182873,600
1180,4581580340,170
1181,199895486317,0
1182,199895486317,0
1183,199895486317,0
1184,199895486317,0
1185,199895486317,0
1186,199895486317,0
1187,4581580340,170
1188,89213611331,100
1189,24971409688,50
1190,199895486317,0
1191,7974666852,330
1192,32453882,121980
1193,58096686135,30
1194,199895486317,0
1195,199895486317,0
1196,89213611331,100
1197,133617753358,20
1198,24971409688,50
1199,127502395407,1750
1200,884461957,300
1201,2691065770,210
1202,4614762981,180
1203,199895486317,0
1204,150738065978,80
1205,199895486317,0
1206,61745823,498090
1207,23547113,137150
1208,40524063577,3550
1209,39345532,38480
1210,99690786963,60
1211,199895486317,0
1212,199895486317,0
1213,156922756435,40
1214,199895486317,0
1215,199895486317,0
1216,24971409688,50
1217,13323169972,610
1218,199895486317,0
1219,7974666852,330
1220,199895486317,0
1221,95024392251,10
1222,884461957,300
1223,35288866,28170
1224,199895486317,0
1225,99690786963,60
1226,199895486317,0
1227,1257016153,200
1228,199895486317,0
1229,199895486317,0
1230,95024392251,10
1231,5402921717,17260
1232,58096686135,30
1233,5794283918,1100
1234,43594843,62850
1235,69370126649,780
1236,2050527119,400
1237,199895486317,0
1238,884461957,300
1239,156922756435,40
1240,133617753358,20
1241,3351140730,130
1242,199895486317,0
1243,133617753358,20
1244,66587125698,4400
1245,1580100102,120
1246,156922756435,40
1247,199895486317,0
1248,199895486317,0
1249,199895486317,0
1250,99690786963,60
1251,150738065978,80
1252,1257016153,200
1253,1257016153,200
1254,24971409688,50
1255,99690786963,60
1256,67854437,32120
1257,199895486317,0
1258,884461957,300
1259,199895486317,0
1260,37063772,106920
1261,156922756435,40
1262,89213611331,100
1263,199895486317,0
1264,5117228589,280
1265,199895486317,0
1266,4614762981,180
1267,2319215827,140
1268,199895486317,0
1269,133617753358,20
1270,199895486317,0
1271,1257016153,200
1272,99690786963,60
1273,199895486317,0
1274,199895486317,0
1275,133617753358,20
1276,133617753358,20
1277,58096686135,30
1278,48936826,123310
1279,112167320933,90
1280,199895486317,0
1281,199895486317,0
1282,14814045514,800
1283,4614762981,180
1284,1257016153,200
1285,156922756435,40
1286,199895486317,0
1287,14475307068,190
1288,199895486317,0
1289,199895486317,0
1290,1257016153,200
1291,150738065978,80
1292,20832874289,410
1293,57278854,405230
1294,199895486317,0
1295,33490221,197960
1296,372336959068,70
1297,1580100102,120
1298,16725704523,1030
1299,199895486317,0
1300,99690786963,60
1301,199895486317,0
1302,199895486317,0
1303,937182873,600
1304,57861209,56900
1305,99690786963,60
1306,199895486317,0
1307,1257016153,200
1308,89213611331,100
1309,89213611331,100
1310,99690786963,60
1311,199895486317,0
1312,3563338753,500
1313,58096686135,30
1314,199895486317,0
1315,199895486317,0
1316,199895486317,0
1317,199895486317,0
1318,24601392966,2100
1319,199895486317,0
1320,199895486317,0
1321,38115364,79420
1322,112167320933,90
1323,199895486317,0
1324,14475307068,190
1325,199895486317,0
1326,133617753358,20
1327,7218173098,250
1328,3583135578,110
1329,199895486317,0
1330,199895486317,0
1331,199895486317,0
1332,4087369411,230
1333,199895486317,0
1334,199895486317,0
1335,153293543395,1620
1336,112167320933,90
1337,55247314,319420
1338,6348347708,430
1339,4008213810,310
1340,199895486317,0
1341,199895486317,0
1342,199895486317,0
1343,199895486317,0
1344,199895486317,0
1345,199895486317,0
1346,199895486317,0
1347,199895486317,0
1348,199895486317,0
1349,199895486317,0
1350,937182873,600
1351,199895486317,0
1352,150738065978,80
1353,199895486317,0
1354,51515786,213540
1355,113247305237,1270
1356,199895486317,0
1357,19481691782,1300
1358,17309206907,540
1359,199895486317,0
1360,7714698736,15460
1361,12275654679,1020
1362,23613628236,1010
1363,99690786963,60
1364,31537474621,2630
1365,156922756435,40
1366,17309206907,540
1367,1257016153,200
1368,156922756435,40
1369,199895486317,0
1370,199895486317,0
1371,199895486317,0
1372,199895486317,0
1373,51258928653,690
1374,156922756435,40
1375,199895486317,0
1376,6509579685,15900
1377,133617753358,20
1378,133617753358,20
1379,14814045514,800
1380,89213611331,100
1381,50090447,179280
1382,99690786963,60
1383,1580100102,120
1384,47359588070,2170
1385,199895486317,0
1386,52668035,267200
1387,2276718378,18910
1388,3351140730,130
1389,112167320933,90
1390,99690786963,60
1391,5637723967,160
1392,95024392251,10
1393,112167320933,90
1394,199895486317,0
1395,199895486317,0
1396,199895486317,0
1397,129628261856,1040
1398,372336959068,70
1399,199895486317,0
1400,3583135578,110
1401,156922756435,40
1402,58096686135,30
1403,199895486317,0
1404,199895486317,0
1405,199895486317,0
1406,199895486317,0
1407,199895486317,0
1408,95024392251,10
1409,4614762981,180
1410,156922756435,40
1411,25463485161,1180
1412,199895486317,0
1413,156922756435,40
1414,199895486317,0
1415,67530395833,2430
1416,372336959068,70
1417,99690786963,60
1418,1257016153,200
1419,199895486317,0
1420,199895486317,0
1421,99690786963,60
1422,94794088,28780
1423,11329401875,1500
1424,156922756435,40
1425,4581580340,170
1426,55114895003,1840
1427,199895486317,0
1428,199895486317,0
1429,199895486317,0
1430,24971409688,50
1431,133617753358,20
1432,199895486317,0
1433,78423268388,4210
1434,58096686135,30
1435,34296726,127440
1436,1397444182,150
1437,2686103608,320
1438,199895486317,0
1439,24971409688,50
1440,1992334443,1000
1441,5439464766,360
1442,199895486317,0
1443,89213611331,100
1444,58096686135,30
1445,199895486317,0
1446,937182873,600
1447,199895486317,0
1448,199895486317,0
1449,199895486317,0
1450,199895486317,0
1451,156922756435,40
1452,372336959068,70
1453,199895486317,0
1454,89213611331,100
1455,199895486317,0
1456,199895486317,0
1457,55989319,77450
1458,89213611331,100
1459,54686431,251700
1460,156922756435,40
1461,16460003366,13010
1462,9798835701,460
1463,199895486317,0
1464,58096686135,30
1465,937182873,600
1466,199895486317,0
1467,32238033600,1460
1468,199895486317,0
1469,199895486317,0
1470,47340322664,890
1471,199895486317,0
1472,1992334443,1000
1473,7218173098,250
1474,884461957,300
1475,7974666852,330
1476,112167320933,90
1477,199895486317,0
1478,16725704523,1030
1479,12146948584,350
1480,95024392251,10
1481,199895486317,0
1482,199895486317,0
1483,199895486317,0
1484,25760186,65930
1485,199895486317,0
1486,6686885106,260
1487,44089204193,4630
1488,112167320933,90
1489,156922756435,40
1490,199895486317,0
1491,199895486317,0
1492,199895486317,0
1493,199895486317,0
1494,199895486317,0
1495,199895486317,0
1496,199895486317,0
1497,199895486317,0
1498,937182873,600
1499,199895486317,0
1500,199895486317,0
1501,199895486317,0
1502,55696819,88890
1503,54397371,273380
1504,199895486317,0
1505,42873153,95230
1506,199895486317,0
1507,199895486317,0
1508,59449793,68160
1509,7974666852,330
1510,199895486317,0
1511,199895486317,0
1512,199895486317,0
1513,199895486317,0
1514,199895486317,0
1515,199895486317,0
1516,66966234004,3060
1517,1992334443,1000
1518,32452901,154310
1519,372336959068,70
1520,4581580340,170
1521,199895486317,0
1522,199895486317,0
1523,199895486317,0
1524,377056431,23630
1525,99690786963,60
1526,1257016153,200
1527,199895486317,0
1528,5637723967,160
1529,58096686135,30
1530,199895486317,0
1531,58096686135,30
1532,199895486317,0
1533,199895486317,0
1534,8725985935,510
1535,59448437,80020
1536,937182873,600
1537,35853164560,580
1538,199895486317,0
1539,199895486317,0
1540,24601392966,2100
1541,24862734501,380
1542,199895486317,0
1543,199895486317,0
1544,199895486317,0
1545,2691065770,210
1546,6686885106,260
1547,62790844,32270
1548,2050527119,400
1549,150738065978,80
1550,6686885106,260
1551,20832874289,410
1552,99690786963,60
1553,199895486317,0
1554,199895486317,0
1555,21181488519,6130
1556,199895486317,0
1557,199895486317,0
1558,199895486317,0
1559,42828248,150100
1560,199895486317,0
1561,1257016153,200
1562,3351140730,130
1563,199895486317,0
1564,3351140730,130
1565,9787512983,2000
1566,89213611331,100
1567,58096686135,30
1568,884461957,300
1569,199895486317,0
1570,99690786963,60
1571,99690786963,60
1572,199895486317,0
1573,99690786963,60
1574,937182873,600
1575,133617753358,20
1576,199895486317,0
1577,133617753358,20
1578,199895486317,0
1579,199895486317,0
1580,44441861,104980
1581,57713066,57190
1582,99690786963,60
1583,199895486317,0
1584,239722627305,1250
1585,2319215827,140
1586,95024392251,10
1587,199895486317,0
1588,937182873,600
1589,156922756435,40
1590,199895486317,0
1591,199895486317,0
1592,112167320933,90
1593,95024392251,10
1594,199895486317,0
1595,133617753358,20
1596,89213611331,100
1597,89213611331,100
1598,199895486317,0
1599,199895486317,0
1600,199895486317,0
1601,156922756435,40
1602,133617753358,20
1603,1992334443,1000
1604,28567807035,2010
1605,199895486317,0
1606,199895486317,0
1607,58096686135,30
1608,89213611331,100
1609,13323169972,610
1610,199895486317,0
1611,69098415,31410
1612,89213611331,100
1613,53389083,217020
1614,937182873,600
1615,199895486317,0
1616,199895486317,0
1617,199895486317,0
1618,937182873,600
1619,3708328705,270
1620,99690786963,60
1621,199895486317,0
1622,199895486317,0
1623,199895486317,0
1624,884461957,300
1625,199895486317,0
1626,24971409688,50
1627,5439464766,360
1628,99690786963,60
1629,133617753358,20
1630,937182873,600
1631,199895486317,0
1632,6686885106,260
1633,201535389,24620
1634,199895486317,0
1635,133617753358,20
1636,199895486317,0
1637,37410396,139910
1638,50039995,500000
1639,5040148488,340
1640,133617753358,20
1641,58000125,299090
1642,95024392251,10
1643,95024392251,10
1644,5052232239,290
1645,199895486317,0
1646,89213611331,100
1647,199895486317,0
1648,199895486317,0
1649,199895486317,0
1650,199895486317,0
1651,10654894370,570
1652,52092265,97050
1653,133617753358,20
1654,133617753358,20
1655,884461957,300
1656,884461957,300
1657,58096686135,30
1658,7974666852,330
1659,99690786963,60
1660,156922756435,40
1661,199895486317,0
1662,156922756435,40
1663,46911906748,730
1664,133617753358,20
1665,53534211,71610
1666,133617753358,20
1667,199895486317,0
1668,199895486317,0
1669,3583135578,110
1670,5602632628,17130
1671,80505516371,3260
1672,18142448437,390
1673,199895486317,0
1674,24971409688,50
1675,199895486317,0
1676,3359018551,420
1677,32567733,103870
1678,37390884782,1060
1679,6686885106,260
1680,199895486317,0
1681,199895486317,0
1682,199895486317,0
1683,199895486317,0
1684,89213611331,100
1685,199895486317,0
1686,99690786963,60
1687,199895486317,0
1688,884461957,300
1689,156922756435,40
1690,199895486317,0
1691,8145471336,560
1692,5117228589,280
1693,156922756435,40
1694,133617753358,20
1695,199895486317,0
1696,5715697093,220
1697,133617753358,20
1698,99690786963,60
1699,156922756435,40
1700,199895486317,0
1701,199895486317,0
1702,29198044783,10330
1703,112167320933,90
1704,199895486317,0
1705,199895486317,0
1706,4008213810,310
1707,35679951,129610
1708,199895486317,0
1709,199895486317,0
1710,199895486317,0
1711,199895486317,0
1712,34528390,158310
1713,199895486317,0
1714,199895486317,0
1715,64339769,253260
1716,73434181910,2240
1717,199895486317,0
1718,77446444333,2270
1719,199895486317,0
1720,133617753358,20
1721,4008213810,310
1722,133617753358,20
1723,199895486317,0
1724,199895486317,0
1725,51011437,190310
1726,156922756435,40
1727,199895486317,0
1728,133617753358,20
1729,199895486317,0
1730,5715697093,220
1731,42039110,39820
1732,69118871,30090
1733,199895486317,0
1734,199895486317,0
1735,1257016153,200
1736,199895486317,0
1737,199895486317,0
1738,99690786963,60
1739,199895486317,0
1740,199895486317,0
1741,45708165,178650
1742,199895486317,0
1743,1992334443,1000
1744,1397444182,150
1745,199895486317,0
1746,89213611331,100
1747,133617753358,20
1748,199895486317,0
1749,133617753358,20
1750,2050527119,400
1751,133617753358,20
1752,199895486317,0
1753,50575700236,7460
1754,199895486317,0
1755,199895486317,0
1756,199895486317,0
1757,1257016153,200
1758,58096686135,30
1759,112167320933,90
1760,20587381,40050
1761,99690786963,60
1762,199895486317,0
1763,1257016153,200
1764,27981681142,9990
1765,199895486317,0
1766,199895486317,0
1767,42022238,101640
1768,112167320933,90
1769,133617753358,20
1770,42004757,236770
1771,53862760264,510
1772,4581580340,170
1773,43651954565,4030
1774,89213611331,100
1775,199895486317,0
1776,1257016153,200
1777,199895486317,0
1778,199895486317,0
1779,3563338753,500
1780,58096686135,30
1781,199895486317,0
1782,14781521755,12700
1783,372336959068,70
1784,1257016153,200
1785,89213611331,100
1786,937182873,600
1787,57139164,82980
1788,199895486317,0
1789,1257016153,200
1790,156922756435,40
1791,47342913,57430
1792,199895486317,0
1793,199895486317,0
1794,49503639,60870
1795,5380879713,240
1796,133617753358,20
1797,199895486317,0
1798,133617753358,20
1799,99690786963,60
1800,199895486317,0
1801,14475307068,190
1802,156922756435,40
1803,199895486317,0
1804,156922756435,40
1805,17292229334,700
1806,199895486317,0
1807,150738065978,80
1808,199895486317,0
1809,199895486317,0
1810,105732802164,3760
1811,199895486317,0
1812,133617753358,20
1813,1257016153,200
1814,245020377,24820
1815,112167320933,90
1816,199895486317,0
1817,39603989876,3050
1818,4087369411,230
1819,199895486317,0
1820,199895486317,0
1821,199895486317,0
1822,56603523751,7540
1823,199895486317,0
1824,156922756435,40
1825,95024392251,10
1826,199895486317,0
1827,112167320933,90
1828,199895486317,0
1829,937182873,600
1830,199895486317,0
1831,199895486317,0
1832,199895486317,0
1833,199895486317,0
1834,199895486317,0
1835,199895486317,0
1836,35288866,28170
1837,884461957,300
1838,199895486317,0
1839,1580100102,120
1840,89213611331,100
1841,9651044235,370
1842,53863974,312410
1843,34686144389,2520
1844,1257016153,200
1845,199895486317,0
1846,95024392251,10
1847,199895486317,0
1848,2050527119,400
1849,8725985935,510
1850,199895486317,0
1851,372336959068,70
1852,71156055,332620
1853,199895486317,0
1854,50039995,500000
1855,112167320933,90
1856,38907496,180470
1857,150738065978,80
1858,199895486317,0
1859,150738065978,80
1860,59153272,81520
1861,199895486317,0
1862,99690786963,60
1863,199895486317,0
1864,199895486317,0
1865,65358370,46790
1866,199895486317,0
1867,156922756435,40
1868,89213611331,100
1869,58096686135,30
1870,199895486317,0
1871,95024392251,10
1872,1257016153,200
1873,199895486317,0
1874,884461957,300
1875,3563338753,500
1876,4114302921,900
1877,99690786963,60
1878,133617753358,20
1879,199895486317,0
1880,1257016153,200
1881,199895486317,0
1882,199895486317,0
1883,3583135578,110
1884,199895486317,0
1885,199895486317,0
1886,199895486317,0
1887,199895486317,0
1888,9651044235,370
1889,199895486317,0
1890,199895486317,0
1891,99690786963,60
1892,99690786963,60
1893,199895486317,0
1894,113543657343,3160
1895,199895486317,0
1896,199895486317,0
1897,372336959068,70
1898,99690786963,60
1899,133617753358,20
1900,372336959068,70
1901,89286068496,1780
1902,199895486317,0
1903,95024392251,10
1904,199895486317,0
1905,5637723967,160
1906,199895486317,0
1907,99690786963,60
1908,22519090,84830
1909,1257016153,200
1910,1580100102,120
1911,199895486317,0
1912,9651044235,370
1913,14121552492,630
1914,199895486317,0
1915,52480817,316230
1916,199895486317,0
1917,884461957,300
1918,95024392251,10
1919,199895486317,0
1920,1257016153,200
1921,27207665127,1430
1922,2050527119,400
1923,89213611331,100
1924,89213611331,100
1925,199895486317,0
1926,21606380954,1990
1927,884461957,300
1928,99690786963,60
1929,48937691,185180
1930,199895486317,0
1931,199895486317,0
1932,884461957,300
1933,199895486317,0
1934,99690786963,60
1935,3563338753,500
1936,199895486317,0
1937,4087369411,230
1938,12146948584,350
1939,5637723967,160
1940,199895486317,0
1941,199895486317,0
1942,199895486317,0
1943,112167320933,90
1944,133617753358,20
1945,43882994,55940
1946,39987433,226230
1947,64775619,82660
1948,58096686135,30
1949,199895486317,0
1950,156922756435,40
1951,3583135578,110
1952,34067510,109530
1953,199895486317,0
1954,156922756435,40
1955,199895486317,0
1956,199895486317,0
1957,89213611331,100
1958,58096686135,30
1959,199895486317,0
1960,199895486317,0
1961,199895486317,0
1962,199895486317,0
1963,7974666852,330
1964,31877242,135950
1965,199895486317,0
1966,156922756435,40
1967,372336959068,70
1968,199895486317,0
1969,2050527119,400
1970,199895486317,0
1971,95024392251,10
1972,156922756435,40
1973,89213611331,100
1974,199895486317,0
1975,199895486317,0
1976,199895486317,0
1977,58096686135,30
1978,884461957,300
1979,133617753358,20
1980,199895486317,0
1981,199895486317,0
1982,199895486317,0
1983,22232256,55370
1984,8024892803,650
1985,199895486317,0
1986,884461957,300
1987,39368442,166380
1988,199895486317,0
1989,156922756435,40
1990,133617753358,20
1991,95024392251,10
1992,95024392251,10
1993,79455900,325690
1994,199895486317,0
1995,58096686135,30
1996,156922756435,40
1997,1257016153,200
1998,1397444182,150
1999,133617753358,20
2000,2319215827,140
2001,199895486317,0
2002,60162100,224990
2003,58096686135,30
2004,24971409688,50
2005,199895486317,0
2006,199895486317,0
2007,24317781,71520
2008,12482656669,750
2009,34412455,122510
2010,199895486317,0
2011,199895486317,0
2012,199895486317,0
2013,58096686135,30
2014,199895486317,0
2015,112167320933,90
2016,199895486317,0
2017,199895486317,0
2018,4008213810,310
2019,199895486317,0
2020,199895486317,0
2021,199895486317,0
2022,95161031981,980
2023,199895486317,0
2024,89213611331,100
2025,3583135578,110
2026,199895486317,0
2027,199895486317,0
2028,32238033600,1460
2029,199895486317,0
2030,112167320933,90
2031,7974666852,330
2032,199895486317,0
2033,199895486317,0
2034,133617753358,20
2035,9798835701,460
2036,24971409688,50
2037,884461957,300
2038,199895486317,0
2039,58096686135,30
2040,199895486317,0
2041,40996254,226060
2042,14814045514,800
2043,199895486317,0
2044,1257016153,200
2045,112167320933,90
2046,199895486317,0
2047,89213611331,100
2048,16725704523,1030
2049,199895486317,0
2050,150738065978,80
2051,133617753358,20
2052,199895486317,0
2053,156922756435,40
2054,199895486317,0
2055,99690786963,60
2056,199895486317,0
2057,199895486317,0
2058,884461957,300
2059,50978080636,7080
2060,199895486317,0
2061,51243601,102290
2062,199895486317,0
2063,4614762981,180
2064,4614762981,180
2065,7746534246,530
2066,199895486317,0
2067,55698485,88440
2068,199895486317,0
2069,199895486317,0
2070,5380879713,240
2071,199895486317,0
2072,99690786963,60
2073,8725985935,510
2074,199895486317,0
2075,58554072598,5100
2076,199895486317,0
2077,44498181706,3060
2078,1257016153,200
2079,199895486317,0
2080,9651044235,370
2081,199895486317,0
2082,199895486317,0
2083,199895486317,0
2084,199895486317,0
2085,199895486317,0
2086,133617753358,20
2087,58096686135,30
2088,199895486317,0
2089,1257016153,200
2090,199895486317,0
2091,54429284,33950
2092,156922756435,40
2093,199895486317,0
2094,199895486317,0
2095,199895486317,0
2096,199895486317,0
2097,199895486317,0
2098,199895486317,0
2099,199895486317,0
2100,199895486317,0
2101,24971409688,50
2102,2319215827,140
2103,199895486317,0
2104,199895486317,0
2105,199895486317,0
2106,199895486317,0
2107,199895486317,0
2108,199895486317,0
2109,199895486317,0
2110,133617753358,20
2111,199895486317,0
2112,199895486317,0
2113,133617753358,20
2114,199895486317,0
2115,112167320933,90
2116,133617753358,20
2117,199895486317,0
2118,156922756435,40
2119,49051746,108530
2120,199895486317,0
2121,112167320933,90
2122,199895486317,0
2123,199895486317,0
2124,199895486317,0
2125,89213611331,100
2126,199895486317,0
2127,199895486317,0
2128,8746395968,15230
2129,133617753358,20
2130,199895486317,0
2131,95024392251,10
2132,99690786963,60
2133,199895486317,0
2134,58096686135,30
2135,884461957,300
2136,199895486317,0
2137,199895486317,0
2138,99690786963,60
2139,65641377,92830
2140,199895486317,0
2141,199895486317,0
2142,89213611331,100
2143,99690786963,60
2144,38550702,85720
2145,884461957,300
2146,6686885106,260
2147,199895486317,0
2148,133617753358,20
2149,199895486317,0
2150,58096686135,30
2151,7218173098,250
2152,51243634,137670
2153,58153720,58100
2154,199895486317,0
2155,14475307068,190
2156,199895486317,0
2157,199895486317,0
2158,199895486317,0
2159,199895486317,0
2160,24971409688,50
2161,18142448437,390
2162,89213611331,100
2163,937182873,600
2164,89213611331,100
2165,16651807383,11540
2166,884461957,300
2167,28556054607,550
2168,133617753358,20
2169,4087369411,230
2170,199895486317,0
2171,199895486317,0
2172,199895486317,0
2173,133617753358,20
2174,372336959068,70
2175,199895486317,0
2176,199895486317,0
2177,199895486317,0
2178,199895486317,0
2179,199895486317,0
2180,95024392251,10
2181,199895486317,0
2182,199895486317,0
2183,199895486317,0
2184,156922756435,40
2185,133617753358,20
2186,89213611331,100
2187,199895486317,0
2188,5841178222,2020
2189,199895486317,0
2190,89213611331,100
2191,199895486317,0
2192,124362533948,1210
2193,199895486317,0
2194,199895486317,0
2195,199895486317,0
2196,112167320933,90
2197,99690786963,60
2198,59440629,260070
2199,156922756435,40
2200,199895486317,0
2201,199895486317,0
2202,199895486317,0
2203,133617753358,20
2204,199895486317,0
2205,5841178222,2020
2206,1580100102,120
2207,46836615894,4100
2208,199895486317,0
2209,14475307068,190
2210,50039995,500000
2211,199895486317,0
2212,9787512983,2000
2213,199895486317,0
2214,133617753358,20
2215,199895486317,0
2216,1257016153,200
2217,22457361821,1050
2218,4001483371,4000
2219,199895486317,0
2220,1580100102,120
2221,199895486317,0
2222,63773942,44720
2223,112167320933,90
2224,133617753358,20
2225,60728701781,5510
2226,199895486317,0
2227,58096686135,30
2228,199895486317,0
2229,23606870129,7590
2230,43290256,107730
2231,3397225772,18540
2232,199895486317,0
2233,24971409688,50
2234,199895486317,0
2235,156922756435,40
2236,99690786963,60
2237,3563338753,500
2238,156922756435,40
2239,6686885106,260
2240,199895486317,0
2241,156922756435,40
2242,2691065770,210
2243,2319215827,140
2244,32223814537,640
2245,150738065978,80
2246,7974666852,330
2247,24971409688,50
2248,199895486317,0
2249,18917807,67760
2250,89213611331,100
2251,199895486317,0
2252,5052232239,290
2253,89213611331,100
2254,99690786963,60
2255,199895486317,0
2256,4614762981,180
2257,2050527119,400
2258,99690786963,60
2259,42150657,90840
2260,49720589,31250
2261,37409186,133470
2262,133617753358,20
2263,199895486317,0
2264,199895486317,0
2265,45182206,44450
2266,199895486317,0
2267,8721556688,15610
2268,8145471336,560
2269,199895486317,0
2270,199895486317,0
2271,199895486317,0
2272,38546518,299400
2273,3583135578,110
2274,199895486317,0
2275,199895486317,0
2276,199895486317,0
2277,199895486317,0
2278,262554804665,1850
2279,199895486317,0
2280,372336959068,70
2281,3351140730,130
2282,884461957,300
2283,199895486317,0
2284,199895486317,0
2285,199895486317,0
2286,56275387874,2580
2287,1397444182,150
2288,150738065978,80
2289,99690786963,60
2290,95024392251,10
2291,23613628236,1010
2292,199895486317,0
2293,199895486317,0
2294,199895486317,0
2295,199895486317,0
2296,199895486317,0
2297,199895486317,0
2298,1257016153,200
2299,1257016153,200
2300,58096686135,30
2301,199895486317,0
2302,199895486317,0
2303,199895486317,0
2304,2050527119,400
2305,199895486317,0
2306,4614762981,180
2307,199895486317,0
2308,199895486317,0
2309,140859521,25560
2310,13323169972,610
2311,133617753358,20
2312,312766259875,1350
2313,199895486317,0
2314,199895486317,0
2315,133617753358,20
2316,4581580340,170
2317,199895486317,0
2318,45593199,111470
2319,199895486317,0
2320,199895486317,0
2321,39266664,487500
2322,4614762981,180
2323,199895486317,0
2324,89213611331,100
2325,1580100102,120
2326,199895486317,0
2327,199895486317,0
2328,199895486317,0
2329,37383169990,6800
2330,2319215827,140
2331,199895486317,0
2332,3351140730,130
2333,2319215827,140
2334,99690786963,60
2335,156922756435,40
2336,199895486317,0
2337,156922756435,40
2338,199895486317,0
2339,133617753358,20
2340,199895486317,0
2341,199895486317,0
2342,156922756435,40
2343,99690786963,60
2344,199895486317,0
2345,58096686135,30
2346,58096686135,30
2347,77899215,352350
2348,42712981,167980
2349,199895486317,0
2350,7218173098,250
2351,199895486317,0
2352,4001483371,4000
2353,156922756435,40
2354,87639692297,1090
2355,199895486317,0
2356,58096686135,30
2357,937182873,600
2358,199895486317,0
2359,199895486317,0
2360,133617753358,20
2361,199895486317,0
2362,199895486317,0
2363,199895486317,0
2364,199895486317,0
2365,199895486317,0
2366,95024392251,10
2367,41098672,126600
2368,5040148488,340
2369,199895486317,0
2370,199895486317,0
2371,199895486317,0
2372,199895486317,0
2373,7081838915,13560
2374,937182873,600
2375,46307176377,1240
2376,58096686135,30
2377,199895486317,0
2378,199895486317,0
2379,199895486317,0
2380,39831619,142050
2381,58096686135,30
2382,52283087,101510
2383,99690786963,60
2384,133617753358,20
2385,199895486317,0
2386,3708328705,270
2387,199895486317,0
2388,89213611331,100
2389,99690786963,60
2390,133617753358,20
2391,133617753358,20
2392,199895486317,0
2393,199895486317,0
2394,1992334443,1000
2395,199895486317,0
2396,199895486317,0
2397,199895486317,0
2398,116567121557,2490
2399,199895486317,0
2400,199895486317,0
2401,199895486317,0
2402,150738065978,80
2403,199895486317,0
2404,112167320933,90
2405,4162284261,17520
2406,1992334443,1000
2407,199895486317,0
2408,1580100102,120
2409,199895486317,0
2410,133617753358,20
2411,24971409688,50
2412,38561237,163450
2413,199895486317,0
2414,199895486317,0
2415,32223814537,640
2416,53086767,143640
2417,4581580340,170
2418,59194120,28960
2419,1257016153,200
2420,884461957,300
2421,156922756435,40
2422,199895486317,0
2423,199895486317,0
2424,20033038895,660
2425,12146948584,350
2426,3583135578,110
2427,372336959068,70
2428,1397444182,150
2429,37683459793,1630
2430,199895486317,0
2431,62902828,78950
2432,199895486317,0
2433,199895486317,0
2434,2050527119,400
2435,89213611331,100
2436,13910560037,1600
2437,14475307068,190
2438,199895486317,0
2439,58096686135,30
2440,199895486317,0
2441,58096686135,30
2442,5117228589,280
2443,8024892803,650
2444,12146948584,350
2445,58096686135,30
2446,89213611331,100
2447,199895486317,0
2448,58096686135,30
2449,199895486317,0
2450,199895486317,0
2451,70511872008,7800
2452,95024392251,10
2453,199895486317,0
2454,199895486317,0
2455,937182873,600
2456,1257016153,200
2457,884461957,300
2458,199895486317,0
2459,5439464766,360
2460,884461957,300
2461,76983331170,2380
2462,199895486317,0
2463,199895486317,0
2464,199895486317,0
2465,35853164560,580
2466,133617753358,20
2467,50039995,500000
2468,58096686135,30
2469,1257016153,200
2470,95024392251,10
2471,199895486317,0
2472,133617753358,20
2473,4581580340,170
2474,199895486317,0
2475,133617753358,20
2476,58096686135,30
2477,37390884782,1060
2478,58096686135,30
2479,199895486317,0
2480,18945197840,440
2481,60017298,265600
2482,1257016153,200
2483,9798835701,460
2484,3563338753,500
2485,199895486317,0
2486,199895486317,0
2487,3351140730,130
2488,95024392251,10
2489,199895486317,0
2490,89213611331,100
2491,1992334443,1000
2492,199895486317,0
2493,40870116,115680
2494,58096686135,30
2495,31249040209,1070
2496,199895486317,0
2497,4114302921,900
2498,5040148488,340
2499,1580100102,120
2500,49358844,70880
2501,199895486317,0
2502,199895486317,0
2503,199895486317,0
2504,99690786963,60
2505,112167320933,90
2506,199895486317,0
2507,95024392251,10
2508,156922756435,40
2509,21693192042,490
2510,112167320933,90
2511,199895486317,0
2512,95024392251,10
2513,199895486317,0
2514,199895486317,0
2515,1580100102,120
2516,199895486317,0
2517,199895486317,0
2518,45135328,35340
2519,199895486317,0
2520,9787512983,2000
2521,199895486317,0
2522,58096686135,30
2523,199895486317,0
2524,199895486317,0
2525,156922756435,40
2526,199895486317,0
2527,199895486317,0
2528,199895486317,0
2529,199895486317,0
2530,89213611331,100
2531,3359018551,420
2532,884461957,300
2533,199895486317,0
2534,1257016153,200
2535,19430480614,11170
2536,199895486317,0
2537,156922756435,40
2538,199895486317,0
2539,78783781712,3080
2540,1397444182,150
2541,199895486317,0
2542,199895486317,0
2543,47783305,195700
2544,199895486317,0
2545,47985203,322080
2546,199895486317,0
2547,99690786963,60
2548,884461957,300
2549,39598728,188690
2550,12275654679,1020
2551,199895486317,0
2552,199895486317,0
2553,888010565,21570
2554,199895486317,0
2555,199895486317,0
2556,112167320933,90
2557,199895486317,0
2558,133617753358,20
2559,199895486317,0
2560,133180832432,5690
2561,2050527119,400
2562,199895486317,0
2563,199895486317,0
2564,112167320933,90
2565,28567807035,2010
2566,156922756435,40
2567,38332279,137630
2568,199895486317,0
2569,150738065978,80
2570,199895486317,0
2571,199895486317,0
2572,58720680,243050
2573,23606870129,7590
2574,372336959068,70
2575,62903089,86210
2576,199895486317,0
2577,133617753358,20
2578,199895486317,0
2579,39486105,115410
2580,58096686135,30
2581,133617753358,20
2582,156922756435,40
2583,95024392251,10
2584,199895486317,0
2585,133617753358,20
2586,199895486317,0
2587,199895486317,0
2588,199895486317,0
2589,199895486317,0
2590,3351140730,130
2591,199895486317,0
2592,199895486317,0
2593,5040148488,340
2594,199895486317,0
2595,199895486317,0
2596,199895486317,0
2597,8725985935,510
2598,58096686135,30
2599,199895486317,0
2600,199895486317,0
2601,199895486317,0
2602,1397444182,150
2603,199895486317,0
2604,199895486317,0
2605,199895486317,0
2606,199895486317,0
2607,12384337605,930
2608,24971409688,50
2609,9798835701,460
2610,54543651,91340
2611,2050527119,400
2612,156922756435,40
2613,199895486317,0
2614,199895486317,0
2615,58096686135,30
2616,89213611331,100
2617,199895486317,0
2618,37641109,140310
2619,199895486317,0
2620,58096686135,30
2621,199895486317,0
2622,199895486317,0
2623,14121552492,630
2624,199895486317,0
2625,150738065978,80
2626,199895486317,0
2627,150738065978,80
2628,199895486317,0
2629,95024392251,10
2630,199895486317,0
2631,199895486317,0
2632,99690786963,60
2633,5439464766,360
2634,133617753358,20
2635,1257016153,200
2636,24971409688,50
2637,58096686135,30
2638,20033038895,660
2639,7218173098,250
2640,99690786963,60
2641,199895486317,0
2642,199895486317,0
2643,4001483371,4000
2644,89213611331,100
2645,89213611331,100
2646,199895486317,0
2647,199895486317,0
2648,199895486317,0
2649,199895486317,0
2650,14115377113,3000
2651,199895486317,0
2652,156922756435,40
2653,199895486317,0
2654,3359018551,420
2655,199895486317,0
2656,3351140730,130
2657,199895486317,0
2658,199895486317,0
2659,2691065770,210
2660,1992334443,1000
2661,156922756435,40
2662,133617753358,20
2663,133617753358,20
2664,5909996763,450
2665,199895486317,0
2666,199895486317,0
2667,156922756435,40
2668,7081838915,13560
2669,1257016153,200
2670,58096686135,30
2671,3351140730,130
2672,3563338753,500
2673,199895486317,0
2674,99690786963,60
2675,199895486317,0
2676,199895486317,0
2677,95024392251,10
2678,372336959068,70
2679,50944966,57170
2680,8145471336,560
2681,33489650,123390
2682,133617753358,20
2683,99690786963,60
2684,199895486317,0
2685,2686103608,320
2686,133617753358,20
2687,1852967342,19670
2688,884461957,300
2689,156922756435,40
2690,177049456821,1110
2691,199895486317,0
2692,46515203,168950
2693,1257016153,200
2694,199895486317,0
2695,199895486317,0
2696,133617753358,20
2697,12181700572,13060
2698,156922756435,40
2699,3583135578,110
2700,1257016153,200
2701,199895486317,0
2702,1257016153,200
2703,199895486317,0
2704,1580100102,120
2705,199895486317,0
2706,199895486317,0
2707,89213611331,100
2708,199895486317,0
2709,199895486317,0
2710,199895486317,0
2711,50405766,373700
2712,199895486317,0
2713,199895486317,0
2714,199895486317,0
2715,199895486317,0
2716,18142448437,390
2717,199895486317,0
2718,89213611331,100
2719,372336959068,70
2720,60307024,69790
2721,56452836524,9240
2722,372336959068,70
2723,62322528,202030
2724,132601086028,860
2725,199895486317,0
2726,24971409688,50
2727,50039995,500000
2728,99690786963,60
2729,199895486317,0
2730,150738065978,80
2731,937182873,600
2732,199895486317,0
2733,199895486317,0
2734,199895486317,0
2735,1257016153,200
2736,199895486317,0
2737,199895486317,0
2738,199895486317,0
2739,44316845,44250
2740,58096686135,30
2741,9651044235,370
2742,5040148488,340
2743,199895486317,0
2744,42586484,92580
2745,884461957,300
2746,1580100102,120
2747,133617753358,20
2748,199895486317,0
2749,6348347708,430
2750,199895486317,0
2751,5637723967,160
2752,67169739,28150
2753,95024392251,10
2754,199895486317,0
2755,5715697093,220
2756,5909996763,450
2757,937182873,600
2758,5715697093,220
2759,199895486317,0
2760,133617753358,20
2761,24971409688,50
2762,884461957,300
2763,99690786963,60
2764,199895486317,0
2765,5117228589,280
2766,884461957,300
2767,156922756435,40
2768,199895486317,0
2769,53827868,46610
2770,156922756435,40
2771,199895486317,0
2772,4087369411,230
2773,199895486317,0
2774,199895486317,0
2775,199895486317,0
2776,4581580340,170
2777,45736678,350540
2778,3583135578,110
2779,9787512983,2000
2780,2691065770,210
2781,95024392251,10
2782,58096686135,30
2783,3708328705,270
2784,199895486317,0
2785,2050527119,400
2786,156922756435,40
2787,47340322664,890
2788,199895486317,0
2789,112167320933,90
2790,24971409688,50
2791,199895486317,0
2792,199895486317,0
2793,156922756435,40
2794,199895486317,0
2795,199895486317,0
2796,3563338753,500
2797,2319215827,140
2798,1257016153,200
2799,83919339866,1230
2800,1580100102,120
2801,5637723967,160
2802,50039995,500000
2803,5637723967,160
2804,156922756435,40
2805,99690786963,60
2806,199895486317,0
2807,20141054,50860
2808,63913916,89770
2809,50039995,500000
2810,4008213810,310
2811,156922756435,40
2812,199895486317,0
2813,2319215827,140
2814,3351140730,130
2815,89213611331,100
2816,16725704523,1030
2817,1397444182,150
2818,99690786963,60
2819,99690786963,60
2820,1257016153,200
2821,1992334443,1000
2822,199895486317,0
2823,99690786963,60
2824,199895486317,0
2825,199895486317,0
2826,203586758,25550
2827,99690786963,60
2828,95024392251,10
2829,199895486317,0
2830,66398704,32560
2831,199895486317,0
2832,5715697093,220
2833,1257016153,200
2834,199895486317,0
2835,150738065978,80
2836,156922756435,40
2837,5052232239,290
2838,199895486317,0
2839,199895486317,0
2840,99690786963,60
2841,1580100102,120
2842,65126192,33330
2843,199895486317,0
2844,199895486317,0
2845,3351140730,130
2846,99690786963,60
2847,199895486317,0
2848,3351140730,130
2849,3708328705,270
2850,6411198811,16390
2851,89213611331,100
2852,13323169972,610
2853,48634593,203620
2854,4087369411,230
2855,6348347708,430
2856,199895486317,0
2857,199895486317,0
2858,884461957,300
2859,24971409688,50
2860,133617753358,20
2861,199895486317,0
2862,99690786963,60
2863,199895486317,0
2864,1580100102,120
2865,199895486317,0
2866,156922756435,40
2867,199895486317,0
2868,4087369411,230
2869,1580100102,120
2870,48639438,46840
2871,7974666852,330
2872,99690786963,60
2873,83919339866,1230
2874,112167320933,90
2875,20954105203,11980
2876,30378691,104690
2877,937182873,600
2878,32686011,100850
2879,199895486317,0
2880,199895486317,0
2881,156922756435,40
2882,156922756435,40
2883,199895486317,0
2884,199895486317,0
2885,199895486317,0
2886,199895486317,0
2887,3351140730,130
2888,199895486317,0
2889,199895486317,0
2890,133617753358,20
2891,199895486317,0
2892,89213611331,100
2893,199895486317,0
2894,95024392251,10
2895,4581580340,170
2896,58096686135,30
2897,9651044235,370
2898,24862734501,380
2899,1257016153,200
2900,95024392251,10
2901,199895486317,0
2902,4581580340,170
2903,199895486317,0
2904,199895486317,0
2905,89213611331,100
2906,58096686135,30
2907,57001519,51110
2908,199895486317,0
2909,51515203,241640
2910,5380879713,240
2911,51474438,106130
2912,1580100102,120
2913,199895486317,0
2914,884461957,300
2915,199895486317,0
2916,58096686135,30
2917,199895486317,0
2918,199895486317,0
2919,12275654679,1020
2920,199895486317,0
2921,2319215827,140
2922,133617753358,20
2923,2319215827,140
2924,4114302921,900
2925,199895486317,0
2926,937182873,600
2927,99690786963,60
2928,133617753358,20
2929,199895486317,0
2930,372336959068,70
2931,199895486317,0
2932,199895486317,0
2933,199895486317,0
2934,41264369209,6060
2935,884461957,300
2936,199895486317,0
2937,112167320933,90
2938,17309206907,540
2939,37871257,120300
2940,99690786963,60
2941,58096686135,30
2942,58096686135,30
2943,150738065978,80
2944,150738065978,80
2945,199895486317,0
2946,95024392251,10
2947,884461957,300
2948,937182873,600
2949,884461957,300
2950,38102475,130160
2951,3583135578,110
2952,95024392251,10
2953,34538756475,1080
2954,156922756435,40
2955,1397444182,150
2956,18560518827,620
2957,58096686135,30
2958,133617753358,20
2959,62881404775,5240
2960,112167320933,90
2961,156922756435,40
2962,22457361821,1050
2963,150738065978,80
2964,99690786963,60
2965,56704652,97690
2966,199895486317,0
2967,49499826,76810
2968,199895486317,0
2969,12146948584,350
2970,1397444182,150
2971,40276853,91110
2972,40905648715,1400
2973,89213611331,100
2974,199895486317,0
2975,199895486317,0
2976,3563338753,500
2977,150738065978,80
2978,40905648715,1400
2979,133617753358,20
2980,199895486317,0
2981,5117228589,280
2982,43734824,200450
2983,32106477,134000
2984,99690786963,60
2985,199895486317,0
2986,58096686135,30
2987,58096686135,30
2988,199895486317,0
2989,24971409688,50
2990,199895486317,0
2991,199895486317,0
2992,31530349,160890
2993,199895486317,0
2994,199895486317,0
2995,156922756435,40
2996,4614762981,180
2997,1580100102,120
2998,199895486317,0
2999,5117228589,280
3000,1397444182,150
3001,133617753358,20
3002,7218173098,250
3003,63201765,355340
3004,199895486317,0
3005,372336959068,70
3006,156922756435,40
3007,199895486317,0
3008,89213611331,100
3009,3583135578,110
3010,133617753358,20
3011,53215090696,1040
3012,199895486317,0
3013,199895486317,0
3014,133617753358,20
3015,199895486317,0
3016,1580100102,120
3017,133617753358,20
3018,199895486317,0
3019,99690786963,60
3020,199895486317,0
3021,199895486317,0
3022,99690786963,60
3023,199895486317,0
3024,18560518827,620
3025,199895486317,0
3026,199895486317,0
3027,74244243623,2290
3028,199895486317,0
3029,1257016153,200
3030,199895486317,0
3031,4008213810,310
3032,156922756435,40
3033,199895486317,0
3034,4087369411,230
3035,133617753358,20
3036,7218173098,250
3037,199895486317,0
3038,485694679,23350
3039,99690786963,60
3040,199895486317,0
3041,7746534246,530
3042,199895486317,0
3043,112167320933,90
3044,5052232239,290
3045,4008213810,310
3046,38701612,57530
3047,30295032087,720
3048,199895486317,0
3049,5040148488,340
3050,199895486317,0
3051,58096686135,30
3052,24971409688,50
3053,199895486317,0
3054,50363888,65820
3055,133617753358,20
3056,112167320933,90
3057,50089228,159910
3058,199895486317,0
3059,199895486317,0
3060,99690786963,60
3061,156922756435,40
3062,199895486317,0
3063,112167320933,90
3064,199895486317,0
3065,199895486317,0
3066,199895486317,0
3067,372336959068,70
3068,199895486317,0
3069,47481303,262970
3070,199895486317,0
3071,199895486317,0
3072,199895486317,0
3073,99690786963,60
3074,133617753358,20
3075,133617753358,20
3076,99690786963,60
3077,99690786963,60
3078,199895486317,0
3079,199895486317,0
3080,199895486317,0
3081,199895486317,0
3082,89213611331,100
3083,5380879713,240
3084,105539778217,4300
3085,95024392251,10
3086,199895486317,0
3087,99690786963,60
3088,4087369411,230
3089,372336959068,70
3090,99690786963,60
3091,58096686135,30
3092,199895486317,0
3093,199895486317,0
3094,99690786963,60
3095,7974666852,330
3096,38908637,116450
3097,23613628236,1010
3098,199895486317,0
3099,99690786963,60
3100,199895486317,0
3101,372336959068,70
3102,199895486317,0
3103,199895486317,0
3104,99690786963,60
3105,199895486317,0
3106,4008213810,310
3107,20587381,40050
3108,48788756,43710
3109,199895486317,0
3110,199895486317,0
3111,199895486317,0
3112,199895486317,0
3113,95024392251,10
3114,884461957,300
3115,199895486317,0
3116,42614152,33920
3117,199895486317,0
3118,199895486317,0
3119,199895486317,0
3120,99690786963,60
3121,199895486317,0
3122,112167320933,90
3123,199895486317,0
3124,199895486317,0
3125,156922756435,40
3126,14115377113,3000
3127,199895486317,0
3128,57423555,293030
3129,112167320933,90
3130,1257016153,200
3131,5201660620,15670
3132,199895486317,0
3133,39275066,72880
3134,199895486317,0
3135,21693192042,490
3136,1257016153,200
3137,199895486317,0
3138,884461957,300
3139,199895486317,0
3140,199895486317,0
3141,199895486317,0
3142,199895486317,0
3143,156922756435,40
3144,18945197840,440
3145,199895486317,0
3146,24971409688,50
3147,199895486317,0
3148,1257016153,200
3149,199895486317,0
3150,2691065770,210
3151,4581580340,170
3152,199895486317,0
3153,3351140730,130
3154,199895486317,0
3155,106892039223,1170
3156,199895486317,0
3157,133617753358,20
3158,58096686135,30
3159,95024392251,10
3160,199895486317,0
3161,24971409688,50
3162,1257016153,200
3163,199895486317,0
3164,99690786963,60
3165,199895486317,0
3166,199895486317,0
3167,25463485161,1180
3168,5715697093,220
3169,63918431,61090
3170,199895486317,0
3171,199895486317,0
3172,884461957,300
3173,99690786963,60
3174,199895486317,0
3175,89213611331,100
3176,199895486317,0
3177,99690786963,60
3178,133617753358,20
3179,199895486317,0
3180,150738065978,80
3181,199895486317,0
3182,45031410,282700
3183,3351140730,130
3184,199895486317,0
3185,1580100102,120
3186,372336959068,70
3187,5909996763,450
3188,58096686135,30
3189,133617753358,20
3190,38435443766,8840
3191,199895486317,0
3192,95024392251,10
3193,11329401875,1500
3194,50039995,500000
3195,199895486317,0
3196,24971409688,50
3197,199895486317,0
3198,199895486317,0
3199,156922756435,40
3200,937182873,600
3201,199895486317,0
3202,50039995,500000
3203,52672942,45010
3204,28840901516,520
3205,199895486317,0
3206,199895486317,0
3207,199895486317,0
3208,884461957,300
3209,199895486317,0
3210,199895486317,0
3211,1257016153,200
3212,99690786963,60
3213,199895486317,0
3214,199895486317,0
3215,199895486317,0
3216,133617753358,20
3217,372336959068,70
3218,4581580340,170
3219,199895486317,0
3220,199895486317,0
3221,199895486317,0
3222,133617753358,20
3223,14475307068,190
3224,1580100102,120
3225,89213611331,100
3226,199895486317,0
3227,65637910,205300
3228,199895486317,0
3229,24971409688,50
3230,34538756475,1080
3231,57721408513,2440
3232,156922756435,40
3233,199895486317,0
3234,89213611331,100
3235,112167320933,90
3236,38550629,99430
3237,95024392251,10
3238,35104606,108850
3239,2050527119,400
3240,199895486317,0
3241,133617753358,20
3242,199895486317,0
3243,12482656669,750
3244,99690786963,60
3245,99690786963,60
3246,199895486317,0
3247,37390884782,1060
3248,199895486317,0
3249,58096686135,30
3250,133617753358,20
3251,199895486317,0
3252,5715697093,220
3253,937182873,600
3254,24971409688,50
3255,133617753358,20
3256,99690786963,60
3257,24862734501,380
3258,1257016153,200
3259,3359018551,420
3260,884461957,300
3261,57110295792,680
3262,372336959068,70
3263,199895486317,0
3264,199895486317,0
3265,199895486317,0
3266,95024392251,10
3267,89213611331,100
3268,199895486317,0
3269,199895486317,0
3270,199895486317,0
3271,6686885106,260
3272,199895486317,0
3273,99690786963,60
3274,199895486317,0
3275,99690786963,60
3276,884461957,300
3277,199895486317,0
3278,199895486317,0
3279,199895486317,0
3280,884461957,300
3281,58096686135,30
3282,199895486317,0
3283,199895486317,0
3284,199895486317,0
3285,1257016153,200
3286,1580100102,120
3287,133617753358,20
3288,199895486317,0
3289,89213611331,100
3290,133617753358,20
3291,199895486317,0
3292,199895486317,0
3293,95024392251,10
3294,6686885106,260
3295,50606866473,2220
3296,199895486317,0
3297,199895486317,0
3298,3359018551,420
3299,99690786963,60
3300,199895486317,0
3301,58096686135,30
3302,199895486317,0
3303,199895486317,0
3304,372336959068,70
3305,89213611331,100
3306,156922756435,40
3307,199895486317,0
3308,199895486317,0
3309,199895486317,0
3310,199895486317,0
3311,110241811887,880
3312,156922756435,40
3313,24971409688,50
3314,199895486317,0
3315,6686885106,260
3316,9651044235,370
3317,884461957,300
3318,199895486317,0
3319,199895486317,0
3320,5439464766,360
3321,2691065770,210
3322,133617753358,20
3323,89213611331,100
3324,48362557,114360
3325,199895486317,0
3326,199895486317,0
3327,8145471336,560
3328,372336959068,70
3329,199895486317,0
3330,58096686135,30
3331,1257016153,200
3332,199895486317,0
3333,199895486317,0
3334,66140957,370830
3335,199895486317,0
3336,58096686135,30
3337,199895486317,0
3338,1992334443,1000
3339,156922756435,40
3340,2624703031,18180
3341,1257016153,200
3342,199895486317,0
3343,3563338753,500
3344,95024392251,10
3345,156922756435,40
3346,99690786963,60
3347,199895486317,0
3348,199895486317,0
3349,199895486317,0
3350,199895486317,0
3351,41590805,42550
3352,150738065978,80
3353,4581580340,170
3354,199895486317,0
3355,2050527119,400
3356,24971409688,50
3357,199895486317,0
3358,199895486317,0
3359,58096686135,30
3360,199895486317,0
3361,58096686135,30
3362,199895486317,0
3363,4114302921,900
3364,199895486317,0
3365,133617753358,20
3366,199895486317,0
3367,150738065978,80
3368,199895486317,0
3369,199895486317,0
3370,199895486317,0
3371,58096686135,30
3372,199895486317,0
3373,89213611331,100
3374,199895486317,0
3375,199895486317,0
3376,47787386,106790
3377,199895486317,0
3378,50367928,69180
3379,58096686135,30
3380,156922756435,40
3381,156922756435,40
3382,112167320933,90
3383,199895486317,0
3384,16725704523,1030
3385,199895486317,0
3386,199895486317,0
3387,199895486317,0
3388,9787512983,2000
3389,199895486317,0
3390,199895486317,0
3391,199895486317,0
3392,199895486317,0
3393,58096686135,30
3394,199895486317,0
3395,199895486317,0
3396,199895486317,0
3397,372336959068,70
3398,199895486317,0
3399,89213611331,100
3400,199895486317,0
3401,156922756435,40
3402,199895486317,0
3403,199895486317,0
3404,199895486317,0
3405,372336959068,70
3406,199895486317,0
3407,199895486317,0
3408,199895486317,0
3409,2691065770,210
3410,156922756435,40
3411,2050527119,400
3412,199895486317,0
3413,199895486317,0
3414,199895486317,0
3415,884461957,300
3416,199895486317,0
3417,2050527119,400
3418,1580100102,120
3419,199895486317,0
3420,884461957,300
3421,99690786963,60
3422,199895486317,0
3423,199895486317,0
3424,1640888286,20210
3425,3563338753,500
3426,41723907,63150
3427,3351140730,130
3428,199895486317,0
3429,3351140730,130
3430,51374216,78780
3431,372336959068,70
3432,199895486317,0
3433,199895486317,0
3434,2686103608,320
3435,101462743226,1120
3436,41142822,76740
3437,17309206907,540
3438,1580100102,120
3439,199895486317,0
3440,199895486317,0
3441,89213611331,100
3442,884461957,300
3443,199895486317,0
3444,150738065978,80
3445,95024392251,10
3446,43021326,64850
3447,5040148488,340
3448,199895486317,0
3449,199895486317,0
3450,1397444182,150
3451,10654894370,570
3452,58096686135,30
3453,199895486317,0
3454,199895486317,0
3455,58096686135,30
3456,5052232239,290
3457,199895486317,0
3458,95024392251,10
3459,199895486317,0
3460,199895486317,0
3461,11329401875,1500
3462,199895486317,0
3463,372336959068,70
3464,199895486317,0
3465,199895486317,0
3466,5715697093,220
3467,199895486317,0
3468,1257016153,200
3469,5040148488,340
3470,884461957,300
3471,199895486317,0
3472,12482656669,750
3473,199895486317,0
3474,58096686135,30
3475,58096686135,30
3476,199895486317,0
3477,41576697,52010
3478,199895486317,0
3479,199895486317,0
3480,37656034897,10640
3481,7218173098,250
3482,156922756435,40
3483,112167320933,90
3484,99690786963,60
3485,1992334443,1000
3486,199895486317,0
3487,199895486317,0
3488,80434986478,3150
3489,199895486317,0
3490,60815274735,4520
3491,1397444182,150
3492,2686103608,320
3493,2319215827,140
3494,28556054607,550
3495,50606866473,2220
3496,199895486317,0
3497,199895486317,0
3498,199895486317,0
3499,199895486317,0
3500,52855695,164840
3501,199895486317,0
3502,65929928,88430
3503,199895486317,0
3504,95024392251,10
3505,372336959068,70
3506,58096686135,30
3507,199895486317,0
3508,199895486317,0
3509,49644420,65270
3510,199895486317,0
3511,4008213810,310
3512,199895486317,0
3513,3583135578,110
3514,89213611331,100
3515,199895486317,0
3516,199895486317,0
3517,150738065978,80
3518,199895486317,0
3519,101462743226,1120
3520,58096686135,30
3521,97162165000,950
3522,199895486317,0
3523,199895486317,0
3524,48179583376,470
3525,133617753358,20
3526,937182873,600
3527,199895486317,0
3528,4087369411,230
3529,133617753358,20
3530,61341718338,4490
3531,199895486317,0
3532,128724501841,3400
3533,199895486317,0
3534,199895486317,0
3535,31249040209,1070
3536,95024392251,10
3537,1397444182,150
3538,58096686135,30
3539,199895486317,0
3540,199895486317,0
3541,150738065978,80
3542,199895486317,0
3543,156922756435,40
3544,199895486317,0
3545,199895486317,0
3546,540266078,20380
3547,58096686135,30
3548,199895486317,0
3549,199895486317,0
3550,49974119,120150
3551,1580100102,120
3552,46947321,385280
3553,64483937,294150
3554,32452641,119510
3555,199895486317,0
3556,199895486317,0
3557,89213611331,100
3558,112167320933,90
3559,199895486317,0
3560,7974666852,330
3561,89213611331,100
3562,199895486317,0
3563,199895486317,0
3564,1257016153,200
3565,22232256,55370
3566,4087369411,230
3567,199895486317,0
3568,199895486317,0
3569,2686103608,320
3570,1257016153,200
3571,199895486317,0
3572,199895486317,0
3573,112167320933,90
3574,199895486317,0
3575,199895486317,0
3576,58096686135,30
3577,540266078,20380
3578,199895486317,0
3579,150738065978,80
3580,133617753358,20
3581,1257016153,200
3582,199895486317,0
3583,199895486317,0
3584,24971409688,50
3585,156922756435,40
3586,58096686135,30
3587,58096686135,30
3588,3583135578,110
3589,36142223,116740
3590,6686885106,260
3591,199895486317,0
3592,42766965076,10090
3593,199895486317,0
3594,199895486317,0
3595,199895486317,0
3596,199895486317,0
3597,1257016153,200
3598,199895486317,0
3599,199895486317,0
3600,199895486317,0
3601,99690786963,60
3602,7746534246,530
3603,78590972,345230
3604,133617753358,20
3605,24971409688,50
3606,89213611331,100
3607,199895486317,0
3608,199895486317,0
3609,199895486317,0
3610,133617753358,20
3611,73165643,31590
3612,53453679308,1370
3613,884461957,300
3614,199895486317,0
3615,199895486317,0
3616,199895486317,0
3617,12275654679,1020
3618,7974666852,330
3619,2462132798,19310
3620,1257016153,200
3621,199895486317,0
3622,199895486317,0
3623,199895486317,0
3624,18443957751,1200
3625,199895486317,0
3626,64487518,56980
3627,49861180,129580
3628,884461957,300
3629,6686885106,260
3630,18443957751,1200
3631,199895486317,0
3632,1580100102,120
3633,199895486317,0
3634,199895486317,0
3635,199895486317,0
3636,884461957,300
3637,95024392251,10
3638,199895486317,0
3639,199895486317,0
3640,199895486317,0
3641,199895486317,0
3642,89213611331,100
3643,199895486317,0
3644,199895486317,0
3645,12146948584,350
3646,24971409688,50
3647,89213611331,100
3648,58096686135,30
3649,3583135578,110
3650,199895486317,0
3651,24971409688,50
3652,3351140730,130
3653,133617753358,20
3654,199895486317,0
3655,2050527119,400
3656,491205545,22030
3657,24971409688,50
3658,89213611331,100
3659,156922756435,40
3660,199895486317,0
3661,937182873,600
3662,1580100102,120
3663,199895486317,0
3664,95024392251,10
3665,199895486317,0
3666,199895486317,0
3667,199895486317,0
3668,199895486317,0
3669,49788283,86940
3670,199895486317,0
3671,199895486317,0
3672,150738065978,80
3673,58096686135,30
3674,199895486317,0
3675,56856090,62780
3676,199895486317,0
3677,199895486317,0
3678,58096686135,30
3679,48672628,35720
3680,199895486317,0
3681,58096686135,30
3682,66366154,43410
3683,156922756435,40
3684,199895486317,0
3685,3583135578,110
3686,372336959068,70
3687,99690786963,60
3688,133617753358,20
3689,58096686135,30
3690,199895486317,0
3691,58096686135,30
3692,58096686135,30
3693,199895486317,0
3694,22457361821,1050
3695,45751513,277340
3696,199895486317,0
3697,50039995,500000
3698,199895486317,0
3699,199895486317,0
3700,156922756435,40
3701,199895486317,0
3702,105981838223,1320
3703,112167320933,90
3704,63935023,34610
3705,95024392251,10
3706,199895486317,0
3707,57140324,53570
3708,62509508,37620
3709,199895486317,0
3710,199895486317,0
3711,2691065770,210
3712,58096686135,30
3713,156922756435,40
3714,199895486317,0
3715,199895486317,0
3716,58096686135,30
3717,2691065770,210
3718,199895486317,0
3719,4614762981,180
3720,199895486317,0
3721,199895486317,0
3722,937182873,600
3723,133617753358,20
3724,5637723967,160
3725,7974666852,330
3726,199895486317,0
3727,53677775,86410
3728,199895486317,0
3729,199895486317,0
3730,199895486317,0
3731,199895486317,0
3732,143061065827,2210
3733,4008213810,310
3734,199895486317,0
3735,99690786963,60
3736,199895486317,0
3737,43520417,142690
3738,199895486317,0
3739,1580100102,120
3740,937182873,600
3741,13128228672,740
3742,199895486317,0
3743,199895486317,0
3744,199895486317,0
3745,59588878,94330
3746,156922756435,40
3747,199895486317,0
3748,199895486317,0
3749,150738065978,80
3750,199895486317,0
3751,69439881,32110
3752,937182873,600
3753,199895486317,0
3754,199895486317,0
3755,14475307068,190
3756,199895486317,0
3757,156922756435,40
3758,2691065770,210
3759,1580100102,120
3760,95024392251,10
3761,51818131,180730
3762,199895486317,0
3763,199895486317,0
3764,5380879713,240
3765,199895486317,0
3766,163307952936,1260
3767,199895486317,0
3768,1257016153,200
3769,199895486317,0
3770,58096686135,30
3771,199895486317,0
3772,46044917,55480
3773,99690786963,60
3774,112167320933,90
3775,199895486317,0
3776,95024392251,10
3777,884461957,300
3778,199895486317,0
3779,1580100102,120
3780,154138299,26370
3781,42596573,176670
3782,199895486317,0
3783,133617753358,20
3784,1257016153,200
3785,3359018551,420
3786,199895486317,0
3787,3708328705,270
3788,199895486317,0
3789,133617753358,20
3790,44311749,226770
3791,199895486317,0
3792,1257016153,200
3793,40275476,443790
3794,95024392251,10
3795,2319215827,140
3796,199895486317,0
3797,199895486317,0
3798,89213611331,100
3799,99690786963,60
3800,199895486317,0
3801,2050527119,400
3802,99690786963,60
3803,199895486317,0
3804,884461957,300
3805,58096686135,30
3806,95024392251,10
3807,199895486317,0
3808,34538756475,1080
3809,95024392251,10
3810,3583135578,110
3811,199895486317,0
3812,58096686135,30
3813,58096686135,30
3814,199895486317,0
3815,112167320933,90
3816,56011566,29800
3817,47669129,158090
3818,58096686135,30
3819,199895486317,0
3820,199895486317,0
3821,372336959068,70
3822,12146948584,350
3823,51095574,47530
3824,156922756435,40
3825,199895486317,0
3826,884461957,300
3827,95024392251,10
3828,199895486317,0
3829,199895486317,0
3830,199895486317,0
3831,199895486317,0
3832,199895486317,0
3833,199895486317,0
3834,884461957,300
3835,199895486317,0
3836,2050527119,400
3837,199895486317,0
3838,2050527119,400
3839,61320371,61340
3840,100672877864,3200
3841,47343769,63470
3842,199895486317,0
3843,58096686135,30
3844,199895486317,0
3845,199895486317,0
3846,45223070,32060
3847,4581580340,170
3848,1257016153,200
3849,1580100102,120
3850,1257016153,200
3851,133617753358,20
3852,1397444182,150
3853,75825071,305390
3854,199895486317,0
3855,2319215827,140
3856,1257016153,200
3857,60310436,88160
3858,199895486317,0
3859,199895486317,0
3860,199895486317,0
3861,199895486317,0
3862,33027810,119000
3863,46972673,38880
3864,68773221518,4750
3865,199895486317,0
3866,199895486317,0
3867,51587834,156620
3868,39559179,86800
3869,199895486317,0
3870,199895486317,0
3871,41925169,38930
3872,35203773289,2110
3873,199895486317,0
3874,58096686135,30
3875,199895486317,0
3876,44168836,81630
3877,55557426,68030
3878,58096686135,30
3879,199895486317,0
3880,35853164560,580
3881,884461957,300
3882,29347347291,10120
3883,23950352,134200
3884,937182873,600
3885,99690786963,60
3886,2719847860,18520
3887,199895486317,0
3888,7974666852,330
3889,199895486317,0
3890,99690786963,60
3891,2691065770,210
3892,199895486317,0
3893,199895486317,0
3894,199895486317,0
3895,884461957,300
3896,58096686135,30
3897,199895486317,0
3898,199895486317,0
3899,199895486317,0
3900,199895486317,0
3901,199895486317,0
3902,199895486317,0
3903,199895486317,0
3904,199895486317,0
3905,199895486317,0
3906,199895486317,0
3907,18560518827,620
3908,199895486317,0
3909,199895486317,0
3910,199895486317,0
3911,1257016153,200
3912,884461957,300
3913,199895486317,0
3914,49628456,120190
3915,3359018551,420
3916,199895486317,0
3917,199895486317,0
3918,199895486317,0
3919,199895486317,0
3920,18560518827,620
3921,199895486317,0
3922,89213611331,100
3923,3583135578,110
3924,150738065978,80
3925,199895486317,0
3926,61464832,80880
3927,199895486317,0
3928,3708328705,270
3929,199895486317,0
3930,199895486317,0
3931,199895486317,0
3932,39830600,193670
3933,199895486317,0
3934,937182873,600
3935,199895486317,0
3936,58096686135,30
3937,199895486317,0
3938,199895486317,0
3939,199895486317,0
3940,58438829,46600
3941,199895486317,0
3942,199895486317,0
3943,199895486317,0
3944,4614762981,180
3945,199895486317,0
3946,58096686135,30
3947,24971409688,50
3948,199895486317,0
3949,199895486317,0
3950,199895486317,0
3951,199895486317,0
3952,110241811887,880
3953,199895486317,0
3954,156922756435,40
3955,6348347708,430
3956,5637723967,160
3957,50039995,500000
3958,29340677909,480
3959,199895486317,0
3960,199895486317,0
3961,2686103608,320
3962,199895486317,0
3963,133617753358,20
3964,1580100102,120
3965,199895486317,0
3966,199895486317,0
3967,199895486317,0
3968,112167320933,90
3969,58096686135,30
3970,1257016153,200
3971,199895486317,0
3972,372336959068,70
3973,199895486317,0
3974,95024392251,10
3975,2050527119,400
3976,89213611331,100
3977,89213611331,100
3978,199895486317,0
3979,199895486317,0
3980,32223814537,640
3981,99690786963,60
3982,4581580340,170
3983,9889367367,14150
3984,48278826,32900
3985,199895486317,0
3986,199895486317,0
3987,199895486317,0
3988,89213611331,100
3989,58096686135,30
3990,199895486317,0
3991,199895486317,0
3992,89213611331,100
3993,199895486317,0
3994,58096686135,30
3995,199895486317,0
3996,40061484,106860
3997,133617753358,20
3998,37662271724,2510
3999,5380879713,240
4000,24971409688,50
4001,37390884782,1060
4002,199895486317,0
4003,57110295792,680
4004,199895486317,0
4005,7218173098,250
4006,99690786963,60
4007,199895486317,0
4008,99690786963,60
4009,199895486317,0
4010,58096686135,30
4011,199895486317,0
4012,199895486317,0
4013,58096686135,30
4014,199895486317,0
4015,133617753358,20
4016,199895486317,0
4017,199895486317,0
4018,199895486317,0
4019,51957421,59100
4020,58096686135,30
4021,7218173098,250
4022,5637723967,160
4023,133617753358,20
4024,199895486317,0
4025,1257016153,200
4026,112167320933,90
4027,199895486317,0
4028,25463485161,1180
4029,199895486317,0
4030,1257016153,200
4031,199895486317,0
4032,199895486317,0
4033,50039995,500000
4034,199895486317,0
4035,199895486317,0
4036,199895486317,0
4037,39131891,71540
4038,24971409688,50
4039,199895486317,0
4040,199895486317,0
4041,199895486317,0
4042,199895486317,0
4043,80798049,26720
4044,199895486317,0
4045,18142448437,390
4046,199895486317,0
4047,58096686135,30
4048,5715697093,220
4049,58440158,54680
4050,199895486317,0
4051,5380879713,240
4052,20832874289,410
4053,199895486317,0
4054,3563338753,500
4055,99690786963,60
4056,199895486317,0
4057,156922756435,40
4058,25794422,102070
4059,2686103608,320
4060,156922756435,40
4061,2050527119,400
4062,4087369411,230
4063,884461957,300
4064,199895486317,0
4065,32567791,157130
4066,133617753358,20
4067,133617753358,20
4068,199895486317,0
4069,42483357,132970
4070,199895486317,0
4071,4581580340,170
4072,199895486317,0
4073,199895486317,0
4074,199895486317,0
4075,20033038895,660
4076,5117228589,280
4077,937182873,600
4078,156922756435,40
4079,199895486317,0
4080,199895486317,0
4081,199895486317,0
4082,50551947,106850
4083,3563338753,500
4084,1580100102,120
4085,199895486317,0
4086,3583135578,110
4087,199895486317,0
4088,99690786963,60
4089,133617753358,20
4090,199895486317,0
4091,937182873,600
4092,156922756435,40
4093,199895486317,0
4094,156922756435,40
4095,42581487,267570
4096,199895486317,0
4097,1580100102,120
4098,150738065978,80
4099,199895486317,0
4100,112167320933,90
4101,12275654679,1020
4102,199895486317,0
4103,156922756435,40
4104,199895486317,0
4105,199895486317,0
4106,133617753358,20
4107,199895486317,0
4108,199895486317,0
4109,81258613824,3240
4110,2691065770,210
4111,199895486317,0
4112,860959695,21890
4113,24971409688,50
4114,199895486317,0
4115,199895486317,0
4116,4614762981,180
4117,199895486317,0
4118,133617753358,20
4119,53829741,47540
4120,199895486317,0
4121,50784007716,940
4122,199895486317,0
4123,2319215827,140
4124,37640687,128870
4125,7218173098,250
4126,199895486317,0
4127,112167320933,90
4128,156922756435,40
4129,349532566,23850
4130,884461957,300
4131,199895486317,0
4132,99690786963,60
4133,133617753358,20
4134,42437206,225550
4135,372336959068,70
4136,199895486317,0
4137,199895486317,0
4138,24971409688,50
4139,24971409688,50
4140,199895486317,0
4141,372336959068,70
4142,884461957,300
4143,199895486317,0
4144,17292229334,700
4145,199895486317,0
4146,58096686135,30
4147,199895486317,0
4148,199895486317,0
4149,5715697093,220
4150,5439464766,360
4151,2319215827,140
4152,199895486317,0
4153,99690786963,60
4154,2319215827,140
4155,199895486317,0
4156,133617753358,20
4157,5637723967,160
4158,199895486317,0
4159,89213611331,100
4160,3583135578,110
4161,199895486317,0
4162,199895486317,0
4163,95024392251,10
4164,89213611331,100
4165,199895486317,0
4166,95024392251,10
4167,156922756435,40
4168,199895486317,0
4169,35625217355,9710
4170,95024392251,10
4171,24971409688,50
4172,199895486317,0
4173,95024392251,10
4174,199895486317,0
4175,150738065978,80
4176,188756589512,790
4177,58096686135,30
4178,99690786963,60
4179,199895486317,0
4180,44491521465,1160
4181,133617753358,20
4182,64545769,34210
4183,199895486317,0
4184,199895486317,0
4185,884461957,300
4186,199895486317,0
4187,199895486317,0
4188,15010998390,2060
4189,95024392251,10
4190,24971409688,50
4191,199895486317,0
4192,95024392251,10
4193,95024392251,10
4194,199895486317,0
4195,1397444182,150
4196,199895486317,0
4197,3583135578,110
4198,2686103608,320
4199,25794422,102070
4200,199895486317,0
4201,4008213810,310
4202,46307176377,1240
4203,199895486317,0
4204,5380879713,240
4205,199895486317,0
4206,199895486317,0
4207,199895486317,0
4208,199895486317,0
4209,99690786963,60
4210,372336959068,70
4211,150738065978,80
4212,199895486317,0
4213,199895486317,0
4214,58096686135,30
4215,50039995,500000
4216,112167320933,90
4217,199895486317,0
4218,199895486317,0
4219,372336959068,70
4220,1580100102,120
4221,112167320933,90
4222,2050527119,400
4223,549128612,22830
4224,884461957,300
4225,199895486317,0
4226,2686103608,320
4227,199895486317,0
4228,62468322,94880
4229,884461957,300
4230,18142448437,390
4231,112167320933,90
4232,51000148924,6730
4233,95024392251,10
4234,1257016153,200
4235,199895486317,0
4236,8713627249,15080
4237,17309206907,540
4238,372336959068,70
4239,95024392251,10
4240,199895486317,0
4241,199895486317,0
4242,3351140730,130
4243,47032711,35840
4244,20033038895,660
4245,199895486317,0
4246,133617753358,20
4247,14814045514,800
4248,112167320933,90
4249,199895486317,0
4250,1580100102,120
4251,110833421634,2450
4252,5637723967,160
4253,199895486317,0
4254,58096686135,30
4255,89213611331,100
4256,150738065978,80
4257,40905648715,1400
4258,199895486317,0
4259,43405937,113400
4260,199895486317,0
4261,7974666852,330
4262,3563338753,500
4263,199895486317,0
4264,884461957,300
4265,65204234,474170
4266,58096686135,30
4267,3563338753,500
4268,2050527119,400
4269,133617753358,20
4270,199895486317,0
4271,58585498,63730
4272,199895486317,0
4273,27207665127,1430
4274,49714355,349700
4275,199895486317,0
4276,199895486317,0
4277,4087369411,230
4278,199895486317,0
4279,30838427,165100
4280,24971409688,50
4281,199895486317,0
4282,199895486317,0
4283,133617753358,20
4284,199895486317,0
4285,24971409688,50
4286,156922756435,40
4287,199895486317,0
4288,199895486317,0
4289,199895486317,0
4290,199895486317,0
4291,5637723967,160
4292,4581580340,170
4293,133617753358,20
4294,199895486317,0
4295,95024392251,10
4296,95024392251,10
4297,99690786963,60
4298,199895486317,0
4299,9787512983,2000
4300,199895486317,0
4301,199895486317,0
4302,199895486317,0
4303,199895486317,0
4304,58096686135,30
4305,199895486317,0
4306,156922756435,40
4307,112167320933,90
4308,199895486317,0
4309,95024392251,10
4310,95024392251,10
4311,67347929899,1770
4312,199895486317,0
4313,63017616687,670
4314,1257016153,200
4315,199895486317,0
4316,7746534246,530
4317,133617753358,20
4318,7218173098,250
4319,199895486317,0
4320,106892039223,1170
4321,133617753358,20
4322,133617753358,20
4323,15010998390,2060
4324,44205279679,10220
4325,199895486317,0
4326,199895486317,0
4327,199895486317,0
4328,199895486317,0
4329,199895486317,0
4330,199895486317,0
4331,199895486317,0
4332,2050527119,400
4333,199895486317,0
4334,199895486317,0
4335,9787512983,2000
4336,156922756435,40
4337,89213611331,100
4338,199895486317,0
4339,58096686135,30
4340,199895486317,0
4341,2050527119,400
4342,17292229334,700
4343,199895486317,0
4344,199895486317,0
4345,199895486317,0
4346,58096686135,30
4347,6348347708,430
4348,4581580340,170
4349,199895486317,0
4350,133617753358,20
4351,199895486317,0
4352,89213611331,100
4353,48556715,39060
4354,199895486317,0
4355,199895486317,0
4356,4581580340,170
4357,60596000,96170
4358,199895486317,0
4359,199895486317,0
4360,7746534246,530
4361,41142384,66580
4362,3351140730,130
4363,4008213810,310
4364,95024392251,10
4365,199895486317,0
4366,12275654679,1020
4367,199895486317,0
4368,199895486317,0
4369,35335170,117360
4370,199895486317,0
4371,5794283918,1100
4372,4087369411,230
4373,199895486317,0
4374,199895486317,0
4375,199895486317,0
4376,89213611331,100
4377,112167320933,90
4378,51258928653,690
4379,27207665127,1430
4380,112167320933,90
4381,38550703,75280
4382,199895486317,0
4383,47480809,245530
4384,199895486317,0
4385,199895486317,0
4386,5715697093,220
4387,58096686135,30
4388,199895486317,0
4389,199895486317,0
4390,133617753358,20
4391,24971409688,50
4392,99690786963,60
4393,66755762422,1870
4394,2050527119,400
4395,57857038,94350
4396,95024392251,10
4397,199895486317,0
4398,199895486317,0
4399,199895486317,0
4400,28840901516,520
4401,95024392251,10
4402,1257016153,200
4403,199895486317,0
4404,1257016153,200
4405,1397444182,150
4406,156922756435,40
4407,199895486317,0
4408,199895486317,0
4409,32223814537,640
4410,199895486317,0
4411,3583135578,110
4412,199895486317,0
4413,199895486317,0
4414,65329072,38250
4415,372336959068,70
4416,58096686135,30
4417,156922756435,40
4418,199895486317,0
4419,199895486317,0
4420,199895486317,0
4421,199895486317,0
4422,199895486317,0
4423,199895486317,0
4424,199895486317,0
4425,133617753358,20
4426,5637723967,160
4427,199895486317,0
4428,199895486317,0
4429,199895486317,0
4430,24971409688,50
4431,3583135578,110
4432,199895486317,0
4433,1992334443,1000
4434,199895486317,0
4435,43634560,143710
4436,18945197840,440
4437,199895486317,0
4438,3351140730,130
4439,41098032,151190
4440,2691065770,210
4441,99690786963,60
4442,133617753358,20
4443,156922756435,40
4444,95024392251,10
4445,31530731,179910
4446,41867635,88750
4447,199895486317,0
4448,199895486317,0
4449,34297509,127780
4450,112167320933,90
4451,61571641456,1130
4452,199895486317,0
4453,95024392251,10
4454,7218173098,250
4455,156922756435,40
4456,199895486317,0
4457,199895486317,0
4458,47784164,116850
4459,199895486317,0
4460,199895486317,0
4461,199895486317,0
4462,339928065833,1360
4463,2686103608,320
4464,49507760456,9690
4465,199895486317,0
4466,199895486317,0
4467,34538756475,1080
4468,199895486317,0
4469,199895486317,0
4470,24971409688,50
4471,199895486317,0
4472,1257016153,200
4473,99690786963,60
4474,133617753358,20
4475,2050527119,400
4476,199895486317,0
4477,199895486317,0
4478,199895486317,0
4479,156922756435,40
4480,58096686135,30
4481,1580100102,120
4482,199895486317,0
4483,20401659338,6400
4484,58096686135,30
4485,99690786963,60
4486,199895486317,0
4487,58096686135,30
4488,6686885106,260
4489,199895486317,0
4490,3583135578,110
4491,4087369411,230
4492,42944953,120500
4493,199895486317,0
4494,99690786963,60
4495,17292229334,700
4496,4114302921,900
4497,3583135578,110
4498,44498181706,3060
4499,199895486317,0
4500,199895486317,0
4501,199895486317,0
4502,50039995,500000
4503,31761341,117250
4504,199895486317,0
4505,133617753358,20
4506,199895486317,0
4507,4087369411,230
4508,99690786963,60
4509,95024392251,10
4510,199895486317,0
4511,44168067,97180
4512,937182873,600
4513,1580100102,120
4514,112167320933,90
4515,1580100102,120
4516,199895486317,0
4517,43405300,120430
4518,18443957751,1200
4519,1397444182,150
4520,199895486317,0
4521,199895486317,0
4522,199895486317,0
4523,199895486317,0
4524,199895486317,0
4525,372336959068,70
4526,150738065978,80
4527,884461957,300
4528,99690786963,60
4529,199895486317,0
4530,18443957751,1200
4531,24971409688,50
4532,89213611331,100
4533,99690786963,60
4534,150738065978,80
4535,133617753358,20
4536,99690786963,60
4537,199895486317,0
4538,199895486317,0
4539,199895486317,0
4540,89213611331,100
4541,199895486317,0
4542,58096686135,30
4543,115565035130,6230
4544,4087369411,230
4545,199895486317,0
4546,199895486317,0
4547,43175710,114610
4548,1580100102,120
4549,1257016153,200
4550,58096686135,30
4551,58096686135,30
4552,150738065978,80
4553,9942309285,14440
4554,199895486317,0
4555,112167320933,90
4556,199895486317,0
4557,9651044235,370
4558,199895486317,0
4559,89213611331,100
4560,199895486317,0
4561,12384337605,930
4562,199895486317,0
4563,199895486317,0
4564,199895486317,0
4565,133617753358,20
4566,199895486317,0
4567,199895486317,0
4568,199895486317,0
4569,24971409688,50
4570,199895486317,0
4571,16725704523,1030
4572,199895486317,0
4573,199895486317,0
4574,199895486317,0
4575,199895486317,0
4576,199895486317,0
4577,95024392251,10
4578,3351140730,130
4579,95024392251,10
4580,199895486317,0
4581,4581580340,170
4582,328796797,24610
4583,199895486317,0
4584,937182873,600
4585,4114302921,900
4586,9651044235,370
4587,24971409688,50
4588,199895486317,0
4589,89213611331,100
4590,24971409688,50
4591,199895486317,0
4592,1397444182,150
4593,133617753358,20
4594,7974666852,330
4595,199895486317,0
4596,199895486317,0
4597,1580100102,120
4598,199895486317,0
4599,199895486317,0
4600,1992334443,1000
4601,199895486317,0
4602,99690786963,60
4603,199895486317,0
4604,133617753358,20
4605,199895486317,0
4606,156922756435,40
4607,95024392251,10
4608,2686103608,320
4609,133617753358,20
4610,4581580340,170
4611,99690786963,60
4612,199895486317,0
4613,57712601,65400
4614,1257016153,200
4615,3583135578,110
4616,199895486317,0
4617,199895486317,0
4618,150738065978,80
4619,199895486317,0
4620,199895486317,0
4621,231118907,25700
4622,133617753358,20
4623,99690786963,60
4624,199895486317,0
4625,199895486317,0
4626,58096686135,30
4627,41678037711,4440
4628,99690786963,60
4629,199895486317,0
4630,66368114,50950
4631,199895486317,0
4632,199895486317,0
4633,3359018551,420
4634,199895486317,0
4635,1257016153,200
4636,199895486317,0
4637,199895486317,0
4638,10654894370,570
4639,50784007716,940
4640,133617753358,20
4641,199895486317,0
4642,199895486317,0
4643,1257016153,200
4644,2319215827,140
4645,199895486317,0
4646,58096686135,30
4647,199895486317,0
4648,199895486317,0
4649,199895486317,0
4650,199895486317,0
4651,199895486317,0
4652,199895486317,0
4653,18945197840,440
4654,89213611331,100
4655,150738065978,80
4656,89213611331,100
4657,199895486317,0
4658,199895486317,0
4659,150738065978,80
4660,133617753358,20
4661,199895486317,0
4662,199895486317,0
4663,199895486317,0
4664,58096686135,30
4665,99690786963,60
4666,199895486317,0
4667,82990374,28910
4668,136736179956,3230
4669,156922756435,40
4670,199895486317,0
4671,133617753358,20
4672,199895486317,0
4673,58096686135,30
4674,199895486317,0
4675,199895486317,0
4676,1992334443,1000
4677,199895486317,0
4678,62323619,230210
4679,112167320933,90
4680,58096686135,30
4681,3708328705,270
4682,199895486317,0
4683,199895486317,0
4684,199895486317,0
4685,1992334443,1000
4686,58096686135,30
4687,74095385,388640
4688,156922756435,40
4689,58096686135,30
4690,199895486317,0
4691,199895486317,0
4692,1257016153,200
4693,99690786963,60
4694,199895486317,0
4695,199895486317,0
4696,58096686135,30
4697,199895486317,0
4698,199895486317,0
4699,2113615556,18800
4700,99690786963,60
4701,2691065770,210
4702,199895486317,0
4703,372336959068,70
4704,55810820344,7040
4705,199895486317,0
4706,199895486317,0
4707,199895486317,0
4708,199895486317,0
4709,35449758,168300
4710,1033468979,21870
4711,47340651,73630
4712,84223348068,4500
4713,199895486317,0
4714,199895486317,0
4715,884461957,300
4716,28556054607,550
4717,5637723967,160
4718,99690786963,60
4719,13128228672,740
4720,199895486317,0
4721,12275654679,1020
4722,156922756435,40
4723,99690786963,60
4724,199895486317,0
4725,6686885106,260
4726,2686103608,320
4727,199895486317,0
4728,1257016153,200
4729,199895486317,0
4730,199895486317,0
4731,199895486317,0
4732,1257016153,200
4733,199895486317,0
4734,884461957,300
4735,52766536,38390
4736,58096686135,30
4737,133617753358,20
4738,95024392251,10
4739,199895486317,0
4740,14814045514,800
4741,199895486317,0
4742,199895486317,0
4743,199895486317,0
4744,199895486317,0
4745,199895486317,0
4746,39599477,140790
4747,14115377113,3000
4748,24971409688,50
4749,3708328705,270
4750,133617753358,20
4751,199895486317,0
4752,199895486317,0
4753,1257016153,200
4754,95024392251,10
4755,199895486317,0
4756,199895486317,0
4757,199895486317,0
4758,31417674,107290
4759,24971409688,50
4760,199895486317,0
4761,51207414,38040
4762,24971409688,50
4763,50039995,500000
4764,112167320933,90
4765,199895486317,0
4766,36258311,113350
4767,13323169972,610
4768,199895486317,0
4769,199895486317,0
4770,199895486317,0
4771,5637723967,160
4772,43309899,74270
4773,4581580340,170
4774,199895486317,0
4775,58096686135,30
4776,58096686135,30
4777,3583135578,110
4778,199895486317,0
4779,58096686135,30
4780,12146948584,350
4781,199895486317,0
4782,199895486317,0
4783,199895486317,0
4784,372336959068,70
4785,199895486317,0
4786,52817728,88800
4787,884461957,300
4788,133617753358,20
4789,150738065978,80
4790,199895486317,0
4791,1397444182,150
4792,24971409688,50
4793,50039995,500000
4794,8024892803,650
4795,7218173098,250
4796,199895486317,0
4797,58096686135,30
4798,150738065978,80
4799,99690786963,60
4800,31249040209,1070
4801,156922756435,40
4802,61170750,89550
4803,199895486317,0
4804,3563338753,500
4805,99690786963,60
4806,199895486317,0
4807,58096686135,30
4808,372336959068,70
4809,199895486317,0
4810,199895486317,0
4811,199895486317,0
4812,199895486317,0
4813,58096686135,30
4814,5637723967,160
4815,199895486317,0
4816,20401659338,6400
4817,58096686135,30
4818,199895486317,0
4819,199895486317,0
4820,156922756435,40
4821,58096686135,30
4822,372336959068,70
4823,133617753358,20
4824,199895486317,0
4825,199895486317,0
4826,199895486317,0
4827,2319215827,140
4828,199895486317,0
4829,5117228589,280
4830,199895486317,0
4831,77268573,30820
4832,133617753358,20
4833,43057541,154920
4834,199895486317,0
4835,199895486317,0
4836,280966352,24530
4837,199895486317,0
4838,3563338753,500
4839,199895486317,0
4840,133617753358,20
4841,199895486317,0
4842,112167320933,90
4843,58096686135,30
4844,2050527119,400
4845,199895486317,0
4846,937182873,600
4847,6686885106,260
4848,199895486317,0
4849,95024392251,10
4850,199895486317,0
4851,99690786963,60
4852,199895486317,0
4853,133617753358,20
4854,99690786963,60
4855,156922756435,40
4856,50039995,500000
4857,199895486317,0
4858,24601392966,2100
4859,133617753358,20
4860,76862071,362130
4861,4581580340,170
4862,112167320933,90
4863,51868190,39220
4864,89213611331,100
4865,58096686135,30
4866,199895486317,0
4867,13323169972,610
4868,199895486317,0
4869,199895486317,0
4870,4087369411,230
4871,9798835701,460
4872,199895486317,0
4873,199895486317,0
4874,2691065770,210
4875,89213611331,100
4876,30295032087,720
4877,199895486317,0
4878,199895486317,0
4879,5040148488,340
4880,112167320933,90
4881,156922756435,40
4882,3351140730,130
4883,199895486317,0
4884,199895486317,0
4885,99690786963,60
4886,199895486317,0
4887,199895486317,0
4888,63630155,49920
4889,46836615894,4100
4890,199895486317,0
4891,199895486317,0
4892,372336959068,70
4893,133617753358,20
4894,199895486317,0
4895,58096686135,30
4896,199895486317,0
4897,199895486317,0
4898,372336959068,70
4899,199895486317,0
4900,6686885106,260
4901,58096686135,30
4902,133617753358,20
4903,112167320933,90
4904,199895486317,0
4905,27736694344,1150
4906,13128228672,740
4907,199895486317,0
4908,53318097,159560
4909,89213611331,100
4910,156922756435,40
4911,12246419568,12670
4912,1580100102,120
4913,58143701324,3090
4914,2691065770,210
4915,99690786963,60
4916,3679347470,17670
4917,199895486317,0
4918,58096686135,30
4919,199895486317,0
4920,1257016153,200
4921,199895486317,0
4922,313660210103,1560
4923,99690786963,60
4924,199895486317,0
4925,3563338753,500
4926,372336959068,70
4927,199895486317,0
4928,58731486,42870
4929,199895486317,0
4930,49787296,66630
4931,45325481,53420
4932,7974666852,330
4933,199895486317,0
4934,62189054,53660
4935,99690786963,60
4936,72712425,333210
4937,112167320933,90
4938,9651044235,370
4939,372336959068,70
4940,99690786963,60
4941,199895486317,0
4942,58096686135,30
4943,50039995,500000
4944,2691065770,210
4945,58096686135,30
4946,24971409688,50
4947,199895486317,0
4948,884461957,300
4949,89213611331,100
4950,5439464766,360
4951,199895486317,0
4952,199895486317,0
4953,884461957,300
4954,199895486317,0
4955,199895486317,0
4956,9787512983,2000
4957,199895486317,0
4958,55550482,202380
4959,112167320933,90
4960,58096686135,30
4961,99690786963,60
4962,199895486317,0
4963,2050527119,400
4964,24971409688,50
4965,51947772,257080
4966,2319215827,140
4967,3563338753,500
4968,199895486317,0
4969,199895486317,0
4970,199895486317,0
4971,884461957,300
4972,46618411,93520
4973,133617753358,20
4974,1580100102,120
4975,199895486317,0
4976,99690786963,60
4977,133617753358,20
4978,199895486317,0
4979,133617753358,20
4980,199895486317,0
4981,150738065978,80
4982,2050527119,400
4983,1992334443,1000
4984,156922756435,40
4985,89213611331,100
4986,199895486317,0
4987,884461957,300
4988,133617753358,20
4989,199895486317,0
4990,24971409688,50
4991,95024392251,10
4992,884461957,300
4993,199895486317,0
4994,53453679308,1370
4995,1397444182,150
4996,1257016153,200
4997,43458298922,1280
4998,1397444182,150
4999,9787512983,2000
5000,58096686135,30
5001,199895486317,0
5002,6232077552,14920
5003,199895486317,0
5004,1580100102,120
5005,2686103608,320
5006,199895486317,0
5007,24971409688,50
5008,60161173,270190
5009,884461957,300
5010,50039995,500000
5011,95024392251,10
5012,44491521465,1160
5013,95024392251,10
5014,199895486317,0
5015,34529141,101220
5016,199895486317,0
5017,58096686135,30
5018,6000829929,16470
5019,58096686135,30
5020,199895486317,0
5021,4114302921,900
5022,884461957,300
5023,199895486317,0
5024,2686103608,320
5025,199895486317,0
5026,199895486317,0
5027,89213611331,100
5028,199895486317,0
5029,14814045514,800
5030,58096686135,30
5031,1257016153,200
5032,937182873,600
5033,372336959068,70
5034,156922756435,40
5035,21181488519,6130
5036,112167320933,90
5037,199895486317,0
5038,199895486317,0
5039,150738065978,80
5040,112167320933,90
5041,133617753358,20
5042,89213611331,100
5043,64056175,62210
5044,133617753358,20
5045,95024392251,10
5046,199895486317,0
5047,58096686135,30
5048,37390884782,1060
5049,199895486317,0
5050,54036684,345840
5051,199895486317,0
5052,199895486317,0
5053,51280119251,2400
5054,39023304,113900
5055,53238638005,1800
5056,199895486317,0
5057,58096686135,30
5058,5637723967,160
5059,53107577,82690
5060,199895486317,0
5061,133617753358,20
5062,937182873,600
5063,372336959068,70
5064,199895486317,0
5065,10654894370,570
5066,199895486317,0
5067,199895486317,0
5068,1257016153,200
5069,199895486317,0
5070,2050527119,400
5071,884461957,300
5072,58096686135,30
5073,199895486317,0
5074,937182873,600
5075,133617753358,20
5076,24971409688,50
5077,63275575,35960
5078,89213611331,100
5079,199895486317,0
5080,199895486317,0
5081,199895486317,0
5082,199895486317,0
5083,199895486317,0
5084,150738065978,80
5085,199895486317,0
5086,133617753358,20
5087,199895486317,0
5088,199895486317,0
5089,199895486317,0
5090,58096686135,30
5091,3359018551,420
5092,199895486317,0
5093,199895486317,0
5094,45016538674,7910
5095,199895486317,0
5096,24971409688,50
5097,199895486317,0
5098,199895486317,0
5099,3583135578,110
5100,199895486317,0
5101,1392522315,20500
5102,39423043,55450
5103,40524063577,3550
5104,199895486317,0
5105,5637723967,160
5106,884461957,300
5107,62163805,351030
5108,199895486317,0
5109,199895486317,0
5110,6686885106,260
5111,199895486317,0
5112,133617753358,20
5113,199895486317,0
5114,9787512983,2000
5115,199895486317,0
5116,199895486317,0
5117,199895486317,0
5118,26164543188,1220
5119,4581580340,170
5120,12384337605,930
5121,89213611331,100
5122,199895486317,0
5123,133617753358,20
5124,199895486317,0
5125,199895486317,0
5126,199895486317,0
5127,372336959068,70
5128,3359018551,420
5129,1992334443,1000
5130,48706761,166500
5131,89213611331,100
5132,199895486317,0
5133,199895486317,0
5134,133617753358,20
5135,42007292,51390
5136,150738065978,80
5137,199895486317,0
5138,199895486317,0
5139,5841178222,2020
5140,12275654679,1020
5141,59015532,60530
5142,199895486317,0
5143,199895486317,0
5144,1397444182,150
5145,17292229334,700
5146,99690786963,60
5147,199895486317,0
5148,66506773,70100
5149,199895486317,0
5150,199895486317,0
5151,73230616,356620
5152,58096686135,30
5153,199895486317,0
5154,199895486317,0
5155,199895486317,0
5156,58096686135,30
5157,156922756435,40
5158,99690786963,60
5159,199895486317,0
5160,99690786963,60
5161,95024392251,10
5162,156922756435,40
5163,199895486317,0
5164,199895486317,0
5165,199895486317,0
5166,5380879713,240
5167,199895486317,0
5168,9651044235,370
5169,199895486317,0
5170,89213611331,100
5171,5380879713,240
5172,89213611331,100
5173,9798835701,460
5174,58096686135,30
5175,199895486317,0
5176,112167320933,90
5177,133617753358,20
5178,31018447,69410
5179,199895486317,0
5180,884461957,300
5181,58096686135,30
5182,58096686135,30
5183,3583135578,110
5184,24971409688,50
5185,199895486317,0
5186,199895486317,0
5187,1992334443,1000
5188,18142448437,390
5189,116804119222,1570
5190,199895486317,0
5191,133617753358,20
5192,49650921,64490
5193,199895486317,0
5194,6686885106,260
5195,3359018551,420
5196,199895486317,0
5197,199895486317,0
5198,99690786963,60
5199,199895486317,0
5200,199895486317,0
5201,150738065978,80
5202,89213611331,100
5203,884461957,300
5204,61466186,56080
5205,2319215827,140
5206,79455602,373620
5207,99690786963,60
5208,199895486317,0
5209,18443957751,1200
5210,199895486317,0
5211,199895486317,0
5212,199895486317,0
5213,199895486317,0
5214,183079203758,710
5215,4581580340,170
5216,199895486317,0
5217,199895486317,0
5218,199895486317,0
5219,4614762981,180
5220,150738065978,80
5221,199895486317,0
5222,89213611331,100
5223,99690786963,60
5224,199895486317,0
5225,1257016153,200
5226,199895486317,0
5227,99690786963,60
5228,3351140730,130
5229,89213611331,100
5230,37573836481,830
5231,133617753358,20
5232,199895486317,0
5233,199895486317,0
5234,199895486317,0
5235,112167320933,90
5236,63111677,39200
5237,56416477,202080
5238,199895486317,0
5239,937182873,600
5240,156922756435,40
5241,199895486317,0
5242,1580100102,120
5243,199895486317,0
5244,14121552492,630
5245,89213611331,100
5246,37641250,113060
5247,63090336,40060
5248,156922756435,40
5249,199895486317,0
5250,58096686135,30
5251,150738065978,80
5252,199895486317,0
5253,61804643104,6850
5254,58096686135,30
5255,1257016153,200
5256,199895486317,0
5257,199895486317,0
5258,199895486317,0
5259,156922756435,40
5260,58007914,74390
5261,199895486317,0
5262,199895486317,0
5263,112167320933,90
5264,49225018,44320
5265,133617753358,20
5266,199895486317,0
5267,199895486317,0
5268,199895486317,0
5269,199895486317,0
5270,63017616687,670
5271,199895486317,0
5272,199895486317,0
5273,199895486317,0
5274,133617753358,20
5275,58096686135,30
5276,199895486317,0
5277,199895486317,0
5278,45616527,68970
5279,199895486317,0
5280,199895486317,0
5281,133617753358,20
5282,3708328705,270
5283,884461957,300
5284,1580100102,120
5285,5715697093,220
5286,5380879713,240
5287,199895486317,0
5288,199895486317,0
5289,199895486317,0
5290,9651044235,370
5291,99690786963,60
5292,199895486317,0
5293,24971409688,50
5294,59735772959,810
5295,58096686135,30
5296,199895486317,0
5297,199895486317,0
5298,3351140730,130
5299,199895486317,0
5300,28556054607,550
5301,885650399,22190
5302,66359681,87420
5303,1580100102,120
5304,49361526,58560
5305,6348347708,430
5306,199895486317,0
5307,199895486317,0
5308,199895486317,0
5309,214497222985,850
5310,199895486317,0
5311,199895486317,0
5312,156922756435,40
5313,14121552492,630
5314,1257016153,200
5315,63051631,62710
5316,199895486317,0
5317,133617753358,20
5318,199895486317,0
5319,199895486317,0
5320,199895486317,0
5321,65925493,261770
5322,95024392251,10
5323,58096686135,30
5324,199895486317,0
5325,58096686135,30
5326,24971409688,50
5327,199895486317,0
5328,133617753358,20
5329,199895486317,0
5330,125082008,27580
5331,1580100102,120
5332,199895486317,0
5333,199895486317,0
5334,1580100102,120
5335,199895486317,0
5336,2319215827,140
5337,99690786963,60
5338,3351140730,130
5339,199895486317,0
5340,259934323,24710
5341,89213611331,100
5342,199895486317,0
5343,199895486317,0
5344,1257016153,200
5345,199895486317,0
5346,199895486317,0
5347,199895486317,0
5348,199895486317,0
5349,199895486317,0
5350,199895486317,0
5351,199895486317,0
5352,95024392251,10
5353,18560518827,620
5354,199895486317,0
5355,199895486317,0
5356,199895486317,0
5357,156922756435,40
5358,199895486317,0
5359,133617753358,20
5360,1257016153,200
5361,199895486317,0
5362,199895486317,0
5363,199895486317,0
5364,199895486317,0
5365,30295032087,720
5366,199895486317,0
5367,89213611331,100
5368,133617753358,20
5369,5052232239,290
5370,1257016153,200
5371,199895486317,0
5372,199895486317,0
5373,99690786963,60
5374,199895486317,0
5375,50924843,320180
5376,99690786963,60
5377,199895486317,0
5378,199895486317,0
5379,199895486317,0
5380,199895486317,0
5381,199895486317,0
5382,199895486317,0
5383,199895486317,0
5384,199895486317,0
5385,8145471336,560
5386,58096686135,30
5387,14475307068,190
5388,2050527119,400
5389,58096686135,30
5390,3359018551,420
5391,199895486317,0
5392,199895486317,0
5393,199895486317,0
5394,2050527119,400
5395,58348467,31940
5396,99690786963,60
5397,199895486317,0
5398,89213611331,100
5399,199895486317,0
5400,58096686135,30
5401,199895486317,0
5402,199895486317,0
5403,199895486317,0
5404,199895486317,0
5405,3351140730,130
5406,199895486317,0
5407,199895486317,0
5408,199895486317,0
5409,2050527119,400
5410,199895486317,0
5411,79162127489,3600
5412,12275654679,1020
5413,35333246,161300
5414,18359068040,840
5415,3359018551,420
5416,1580100102,120
5417,199895486317,0
5418,133617753358,20
5419,199895486317,0
5420,156922756435,40
5421,199895486317,0
5422,3359018551,420
5423,199895486317,0
5424,133617753358,20
5425,95024392251,10
5426,133617753358,20
5427,24971409688,50
5428,199895486317,0
5429,4114302921,900
5430,199895486317,0
5431,44343672835,4240
5432,199895486317,0
5433,24971409688,50
5434,199895486317,0
5435,95024392251,10
5436,199895486317,0
5437,199895486317,0
5438,199895486317,0
5439,4581580340,170
5440,21693192042,490
5441,7218173098,250
5442,35111032227,760
5443,199895486317,0
5444,7218173098,250
5445,199895486317,0
5446,199895486317,0
5447,58096686135,30
5448,199895486317,0
5449,42683617110,2040
5450,1397444182,150
5451,199895486317,0
5452,2050527119,400
5453,3054182582,18380
5454,58096686135,30
5455,283844269,24060
5456,133617753358,20
5457,199895486317,0
5458,9787512983,2000
5459,1397444182,150
5460,42886581248,2470
5461,1580100102,120
5462,4614762981,180
5463,199895486317,0
5464,199895486317,0
5465,199895486317,0
5466,199895486317,0
5467,4001483371,4000
5468,199895486317,0
5469,1257016153,200
5470,50948219,43330
5471,199895486317,0
5472,6686885106,260
5473,199895486317,0
5474,199895486317,0
5475,103160325592,1820
5476,58096686135,30
5477,199895486317,0
5478,199895486317,0
5479,199895486317,0
5480,199895486317,0
5481,199895486317,0
5482,112167320933,90
5483,199895486317,0
5484,199895486317,0
5485,24971409688,50
5486,43734398,262000
5487,199895486317,0
5488,199895486317,0
5489,372336959068,70
5490,1580100102,120
5491,199895486317,0
5492,199895486317,0
5493,199895486317,0
5494,199895486317,0
5495,1397444182,150
5496,24971409688,50
5497,99690786963,60
5498,199895486317,0
5499,48634082,274560
5500,15971593851,11950
5501,133617753358,20
5502,4581580340,170
5503,1257016153,200
5504,99690786963,60
5505,43455967,64820
5506,7218173098,250
5507,5380879713,240
5508,58144914338,590
5509,199895486317,0
5510,20832874289,410
5511,1257016153,200
5512,199895486317,0
5513,24971409688,50
5514,372336959068,70
5515,199895486317,0
5516,58096686135,30
5517,199895486317,0
5518,199895486317,0
5519,156922756435,40
5520,199895486317,0
5521,199895486317,0
5522,199895486317,0
5523,12275654679,1020
5524,199895486317,0
5525,937182873,600
5526,7218173098,250
5527,1257016153,200
5528,199895486317,0
5529,99690786963,60
5530,199895486317,0
5531,16725704523,1030
5532,2319215827,140
5533,199895486317,0
5534,199895486317,0
5535,89213611331,100
5536,199895486317,0
5537,1397444182,150
5538,1257016153,200
5539,884461957,300
5540,199895486317,0
5541,99690786963,60
5542,3563338753,500
5543,2050527119,400
5544,1257016153,200
5545,199895486317,0
5546,199895486317,0
5547,1397444182,150
5548,199895486317,0
5549,58096686135,30
5550,199895486317,0
5551,48923109,206040
5552,199895486317,0
5553,199895486317,0
5554,5052232239,290
5555,219198652,25610
5556,199895486317,0
5557,37390884782,1060
5558,112167320933,90
5559,199895486317,0
5560,199895486317,0
5561,50039995,500000
5562,9787512983,2000
5563,199895486317,0
5564,1257016153,200
5565,2319215827,140
5566,24971409688,50
5567,58096686135,30
5568,156922756435,40
5569,173387451870,1440
5570,199895486317,0
5571,199895486317,0
5572,89213611331,100
5573,884461957,300
5574,58476848,34890
5575,58096686135,30
5576,61605647,53830
5577,199895486317,0
5578,112167320933,90
5579,99690786963,60
5580,37390884782,1060
5581,68389237,366200
5582,36486192,164430
5583,199895486317,0
5584,58287734,233810
5585,199895486317,0
5586,1580100102,120
5587,133617753358,20
5588,199895486317,0
5589,199895486317,0
5590,41099394,150680
5591,199895486317,0
5592,199895486317,0
5593,58096686135,30
5594,112167320933,90
5595,372336959068,70
5596,199895486317,0
5597,199895486317,0
5598,199895486317,0
5599,95024392251,10
5600,199895486317,0
5601,2691065770,210
5602,133617753358,20
5603,199895486317,0
5604,5637723967,160
5605,199895486317,0
5606,199895486317,0
5607,199895486317,0
5608,199895486317,0
5609,77035178,321120
5610,53820506,433440
5611,199895486317,0
5612,199895486317,0
5613,80566117660,2750
5614,53238638005,1800
5615,199895486317,0
5616,199895486317,0
5617,199895486317,0
5618,199895486317,0
5619,199895486317,0
5620,112167320933,90
5621,5794283918,1100
5622,372336959068,70
5623,1580100102,120
5624,18560518827,620
5625,199895486317,0
5626,9798835701,460
5627,199895486317,0
5628,199895486317,0
5629,7218173098,250
5630,199895486317,0
5631,199895486317,0
5632,199895486317,0
5633,133617753358,20
5634,199895486317,0
5635,199895486317,0
5636,156922756435,40
5637,58096686135,30
5638,1257016153,200
5639,199895486317,0
5640,199895486317,0
5641,47337113,214130
5642,199895486317,0
5643,58096686135,30
5644,112167320933,90
5645,12146948584,350
5646,199895486317,0
5647,199895486317,0
5648,42259195,32860
5649,199895486317,0
5650,199895486317,0
5651,1580100102,120
5652,199895486317,0
5653,58096686135,30
5654,112167320933,90
5655,59876335,55320
5656,372336959068,70
5657,199895486317,0
5658,1580100102,120
5659,14475307068,190
5660,58096686135,30
5661,56991772,226660
5662,58096686135,30
5663,199895486317,0
5664,112167320933,90
5665,199895486317,0
5666,884461957,300
5667,2319215827,140
5668,95024392251,10
5669,5909996763,450
5670,24971409688,50
5671,1257016153,200
5672,199895486317,0
5673,199895486317,0
5674,45665656768,5210
5675,199895486317,0
5676,5794283918,1100
5677,63919673584,2360
5678,2691065770,210
5679,199895486317,0
5680,31249040209,1070
5681,199895486317,0
5682,199895486317,0
5683,199895486317,0
5684,199895486317,0
5685,5380879713,240
5686,89213611331,100
5687,199895486317,0
5688,42449745,51430
5689,156922756435,40
5690,43518020,124910
5691,32223814537,640
5692,9651044235,370
5693,5637723967,160
5694,99690786963,60
5695,89213611331,100
5696,40405729,139130
5697,4581580340,170
5698,1257016153,200
5699,4087369411,230
5700,56670451658,4150
5701,112167320933,90
5702,199895486317,0
5703,199895486317,0
5704,2050527119,400
5705,89213611331,100
5706,30376506,139790
5707,64115932,31570
5708,3583135578,110
5709,199895486317,0
5710,52395455,181840
5711,199895486317,0
5712,89213611331,100
5713,58096686135,30
5714,35853164560,580
5715,199895486317,0
5716,372336959068,70
5717,150738065978,80
5718,4614762981,180
5719,112167320933,90
5720,150738065978,80
5721,199895486317,0
5722,9651044235,370
5723,199895486317,0
5724,199895486317,0
5725,7974666852,330
5726,156922756435,40
5727,2050527119,400
5728,51957142,69120
5729,18945197840,440
5730,24971409688,50
5731,199895486317,0
5732,1580100102,120
5733,127829195472,3120
5734,133617753358,20
5735,2050527119,400
5736,34065993,156540
5737,99690786963,60
5738,3351140730,130
5739,2319215827,140
5740,199895486317,0
5741,58096686135,30
5742,199895486317,0
5743,1257016153,200
5744,99690786963,60
5745,199895486317,0
5746,199895486317,0
5747,89213611331,100
5748,133617753358,20
5749,199895486317,0
5750,199895486317,0
5751,199895486317,0
5752,199895486317,0
5753,95024392251,10
5754,95024392251,10
5755,199895486317,0
5756,199895486317,0
5757,199895486317,0
5758,58096686135,30
5759,1986642553,19980
5760,89213611331,100
5761,133617753358,20
5762,5909996763,450
5763,199895486317,0
5764,199895486317,0
5765,199895486317,0
5766,1257016153,200
5767,3351140730,130
5768,884461957,300
5769,112167320933,90
5770,1397444182,150
5771,199895486317,0
5772,1580100102,120
5773,58096686135,30
5774,112167320933,90
5775,199895486317,0
5776,133617753358,20
5777,112167320933,90
5778,99690786963,60
5779,199895486317,0
5780,112167320933,90
5781,50039995,500000
5782,199895486317,0
5783,199895486317,0
5784,199895486317,0
5785,58096686135,30
5786,4581580340,170
5787,199895486317,0
5788,60449092,452520
5789,99690786963,60
5790,3351140730,130
5791,1330261363,20200
5792,112167320933,90
5793,199895486317,0
5794,112167320933,90
5795,199895486317,0
5796,199895486317,0
5797,199895486317,0
5798,199895486317,0
5799,58096686135,30
5800,24971409688,50
5801,99690786963,60
5802,1397444182,150
5803,199895486317,0
5804,3351140730,130
5805,199895486317,0
5806,58096686135,30
5807,5637723967,160
5808,24971409688,50
5809,113247305237,1270
5810,133617753358,20
5811,58096686135,30
5812,3351140730,130
5813,99690786963,60
5814,3583135578,110
5815,62466309,408640
5816,199895486317,0
5817,199895486317,0
5818,50423798,37070
5819,58096686135,30
5820,199895486317,0
5821,199895486317,0
5822,199895486317,0
5823,150738065978,80
5824,40407257,179500
5825,199895486317,0
5826,3351140730,130
5827,199895486317,0
5828,199895486317,0
5829,15010998390,2060
5830,199895486317,0
5831,133617753358,20
5832,65063797,63190
5833,199895486317,0
5834,58096686135,30
5835,1257016153,200
5836,199895486317,0
5837,14115377113,3000
5838,199895486317,0
5839,199895486317,0
5840,4581580340,170
5841,58096686135,30
5842,156922756435,40
5843,199895486317,0
5844,5637723967,160
5845,99690786963,60
5846,24862734501,380
5847,199895486317,0
5848,199895486317,0
5849,199895486317,0
5850,39484481,191720
5851,199895486317,0
5852,48937932,119030
5853,199895486317,0
5854,199895486317,0
5855,18560518827,620
5856,3583135578,110
5857,1257016153,200
5858,52834814,31110
5859,884461957,300
5860,3563338753,500
5861,2319215827,140
5862,199895486317,0
5863,58096686135,30
5864,4087369411,230
5865,199895486317,0
5866,199895486317,0
5867,199895486317,0
5868,199895486317,0
5869,24971409688,50
5870,199895486317,0
5871,89213611331,100
5872,2686103608,320
5873,199895486317,0
5874,38906944,113310
5875,46337744,49640
5876,3351140730,130
5877,199895486317,0
5878,54543959,82570
5879,199895486317,0
5880,99690786963,60
5881,67524712,320520
5882,52740592,159400
5883,6348347708,430
5884,2686103608,320
5885,24971409688,50
5886,199895486317,0
5887,150738065978,80
5888,42683617110,2040
5889,133617753358,20
5890,95024392251,10
5891,199895486317,0
5892,937182873,600
5893,937182873,600
5894,156922756435,40
5895,199895486317,0
5896,199895486317,0
5897,199895486317,0
5898,1397444182,150
5899,199895486317,0
5900,95024392251,10
5901,89213611331,100
5902,59447475,68180
5903,199895486317,0
5904,199895486317,0
5905,199895486317,0
5906,58096686135,30
5907,199895486317,0
5908,95024392251,10
5909,24971409688,50
5910,199895486317,0
5911,133617753358,20
5912,199895486317,0
5913,199895486317,0
5914,199895486317,0
5915,22457361821,1050
5916,39976113,35060
5917,199895486317,0
5918,5637723967,160
5919,89213611331,100
5920,199895486317,0
5921,199895486317,0
5922,6348347708,430
5923,5326926121,16720
5924,372336959068,70
5925,199895486317,0
5926,1580100102,120
5927,58096686135,30
5928,199895486317,0
5929,199895486317,0
5930,199895486317,0
5931,133617753358,20
5932,199895486317,0
5933,199895486317,0
5934,199895486317,0
5935,199895486317,0
5936,133617753358,20
5937,2050527119,400
5938,199895486317,0
5939,5052232239,290
5940,133617753358,20
5941,199895486317,0
5942,112167320933,90
5943,3583135578,110
5944,2319215827,140
5945,1397444182,150
5946,3563338753,500
5947,1257016153,200
5948,199895486317,0
5949,24971409688,50
5950,199895486317,0
5951,199895486317,0
5952,1580100102,120
5953,69190792,29120
5954,40424343,44000
5955,27736694344,1150
5956,58096686135,30
5957,199895486317,0
5958,156922756435,40
5959,199895486317,0
5960,199895486317,0
5961,43584579809,1330
5962,199895486317,0
5963,2050527119,400
5964,18560518827,620
5965,199895486317,0
5966,133617753358,20
5967,34988735,184410
5968,199895486317,0
5969,199895486317,0
5970,199895486317,0
5971,199895486317,0
5972,199895486317,0
5973,1580100102,120
5974,199895486317,0
5975,199895486317,0
5976,199895486317,0
5977,58144914338,590
5978,47634261,35300
5979,95024392251,10
5980,1580100102,120
5981,12146948584,350
5982,2050527119,400
5983,199895486317,0
5984,133617753358,20
5985,39945596,127030
5986,1257016153,200
5987,199895486317,0
5988,199895486317,0
5989,199895486317,0
5990,26164543188,1220
5991,199895486317,0
5992,24971409688,50
5993,58096686135,30
5994,199895486317,0
5995,199895486317,0
5996,199895486317,0
5997,5637723967,160
5998,89213611331,100
5999,2050527119,400
6000,14814045514,800
6001,199895486317,0
6002,133617753358,20
6003,4581580340,170
6004,199895486317,0
6005,63592321697,5010
6006,199895486317,0
6007,57408307,30850
6008,58096686135,30
6009,156922756435,40
6010,30469253403,11200
6011,199895486317,0
6012,156922756435,40
6013,199895486317,0
6014,199895486317,0
6015,199895486317,0
6016,63908086,289010
6017,95024392251,10
6018,199895486317,0
6019,199895486317,0
6020,112167320933,90
6021,24971409688,50
6022,199895486317,0
6023,99690786963,60
6024,1580100102,120
6025,112167320933,90
6026,1580100102,120
6027,937182873,600
6028,150738065978,80
6029,1580100102,120
6030,4087369411,230
6031,1580100102,120
6032,58144914338,590
6033,133617753358,20
6034,937182873,600
6035,156922756435,40
6036,199895486317,0
6037,199895486317,0
6038,89213611331,100
6039,199895486317,0
6040,199895486317,0
6041,199895486317,0
6042,56850099,83560
6043,3583135578,110
6044,199895486317,0
6045,58096686135,30
6046,58096686135,30
6047,156922756435,40
6048,99690786963,60
6049,34799452868,6280
6050,199895486317,0
6051,199895486317,0
6052,133617753358,20
6053,133617753358,20
6054,156922756435,40
6055,199895486317,0
6056,99690786963,60
6057,199895486317,0
6058,3708328705,270
6059,199895486317,0
6060,58096686135,30
6061,372336959068,70
6062,17309206907,540
6063,50784007716,940
6064,133617753358,20
6065,5794283918,1100
6066,133617753358,20
6067,372336959068,70
6068,64609480,33720
6069,4581580340,170
6070,1257016153,200
6071,156922756435,40
6072,99690786963,60
6073,199895486317,0
6074,133617753358,20
6075,199895486317,0
6076,199895486317,0
6077,2686103608,320
6078,199895486317,0
6079,7218173098,250
6080,95024392251,10
6081,199895486317,0
6082,199895486317,0
6083,199895486317,0
6084,1397444182,150
6085,199895486317,0
6086,199895486317,0
6087,20069186555,2300
6088,58096686135,30
6089,58096686135,30
6090,199895486317,0
6091,199895486317,0
6092,199895486317,0
6093,99690786963,60
6094,46188322,73520
6095,199895486317,0
6096,199895486317,0
6097,3351140730,130
6098,133617753358,20
6099,199895486317,0
6100,133617753358,20
6101,1561234870,19450
6102,199895486317,0
6103,58096686135,30
6104,199895486317,0
6105,58096686135,30
6106,199895486317,0
6107,199895486317,0
6108,58096686135,30
6109,199895486317,0
6110,58096686135,30
6111,1397444182,150
6112,24971409688,50
6113,1580100102,120
6114,94731422856,1790
6115,1580100102,120
6116,49503183,95730
6117,43890452,45240
6118,199895486317,0
6119,199895486317,0
6120,37831922,81350
6121,199895486317,0
6122,156922756435,40
6123,3708328705,270
6124,2050527119,400
6125,59882387,61740
6126,37683459793,1630
6127,99690786963,60
6128,30284072784,2070
6129,199895486317,0
6130,372336959068,70
6131,89213611331,100
6132,133617753358,20
6133,199895486317,0
6134,372336959068,70
6135,95024392251,10
6136,94731422856,1790
6137,199895486317,0
6138,9787512983,2000
6139,372336959068,70
6140,3583135578,110
6141,52973610,104010
6142,372336959068,70
6143,1580100102,120
6144,50039995,500000
6145,58011080107,5660
6146,199895486317,0
6147,199895486317,0
6148,58096686135,30
6149,199895486317,0
6150,18560518827,620
6151,884461957,300
6152,1257016153,200
6153,156922756435,40
6154,1992334443,1000
6155,199895486317,0
6156,99690786963,60
6157,199895486317,0
6158,199895486317,0
6159,95024392251,10
6160,89213611331,100
6161,937182873,600
6162,133617753358,20
6163,28840901516,520
6164,133617753358,20
6165,104508409,27710
6166,51474372,157180
6167,199895486317,0
6168,99690786963,60
6169,199895486317,0
6170,5380879713,240
6171,156922756435,40
6172,199895486317,0
6173,199895486317,0
6174,199895486317,0
6175,62690365518,2050
6176,372336959068,70
6177,99690786963,60
6178,937182873,600
6179,112167320933,90
6180,150738065978,80
6181,33377146429,10880
6182,199895486317,0
6183,24971409688,50
6184,199895486317,0
6185,48495590,93720
6186,199895486317,0
6187,199895486317,0
6188,5715697093,220
6189,150738065978,80
6190,199895486317,0
6191,94964682422,2120
6192,2691065770,210
6193,937182873,600
6194,199895486317,0
6195,3563338753,500
6196,99690786963,60
6197,58096686135,30
6198,61173625,44790
6199,199895486317,0
6200,4614762981,180
6201,199895486317,0
6202,6187297464,15970
6203,58096686135,30
6204,58096686135,30
6205,133617753358,20
6206,46626840,58940
6207,199895486317,0
6208,372336959068,70
6209,1580100102,120
6210,7218173098,250
6211,24971409688,50
6212,80798049,26720
6213,199895486317,0
6214,3351140730,130
6215,133617753358,20
6216,1257016153,200
6217,156922756435,40
6218,53676964,279540
6219,99690786963,60
6220,1257016153,200
6221,199895486317,0
6222,199895486317,0
6223,46287123,132190
6224,199895486317,0
6225,199895486317,0
6226,133617753358,20
6227,199895486317,0
6228,199895486317,0
6229,199895486317,0
6230,199895486317,0
6231,5909996763,450
6232,199895486317,0
6233,199895486317,0
6234,199895486317,0
6235,24971409688,50
6236,99690786963,60
6237,1580100102,120
6238,199895486317,0
6239,1257016153,200
6240,133617753358,20
6241,199895486317,0
6242,199895486317,0
6243,89213611331,100
6244,24971409688,50
6245,199895486317,0
6246,133617753358,20
6247,199895486317,0
6248,99690786963,60
6249,50039995,500000
6250,199895486317,0
6251,156922756435,40
6252,199895486317,0
6253,199895486317,0
6254,89213611331,100
6255,95024392251,10
6256,133617753358,20
6257,884461957,300
6258,4114302921,900
6259,58096686135,30
6260,199895486317,0
6261,150738065978,80
6262,199895486317,0
6263,199895486317,0
6264,99690786963,60
6265,49794455,53520
6266,64405571602,4790
6267,199895486317,0
6268,2050527119,400
6269,199895486317,0
6270,40827153235,2070
6271,199895486317,0
6272,199895486317,0
6273,937182873,600
6274,199895486317,0
6275,24971409688,50
6276,4114302921,900
6277,8430614794,15600
6278,14814045514,800
6279,9798835701,460
6280,58096686135,30
6281,884461957,300
6282,58096686135,30
6283,199895486317,0
6284,45430628615,5880
6285,199895486317,0
6286,133617753358,20
6287,199895486317,0
6288,199895486317,0
6289,1397444182,150
6290,199895486317,0
6291,1992334443,1000
6292,89213611331,100
6293,937182873,600
6294,199895486317,0
6295,7974666852,330
6296,50784007716,940
6297,372336959068,70
6298,199895486317,0
6299,199895486317,0
6300,31414436,178060
6301,1580100102,120
6302,95024392251,10
6303,5637723967,160
6304,372336959068,70
6305,133617753358,20
6306,884461957,300
6307,199895486317,0
6308,199895486317,0
6309,199895486317,0
6310,28840901516,520
6311,58096686135,30
6312,1257016153,200
6313,58096686135,30
6314,199895486317,0
6315,1397444182,150
6316,199895486317,0
6317,199895486317,0
6318,199895486317,0
6319,372336959068,70
6320,372336959068,70
6321,133617753358,20
6322,65352320,74320
6323,89213611331,100
6324,199895486317,0
6325,43651954565,4030
6326,199895486317,0
6327,5439464766,360
6328,884461957,300
6329,199895486317,0
6330,199895486317,0
6331,112167320933,90
6332,1257016153,200
6333,199895486317,0
6334,199895486317,0
6335,199895486317,0
6336,199895486317,0
6337,199895486317,0
6338,199895486317,0
6339,199895486317,0
6340,199895486317,0
6341,95024392251,10
6342,99690786963,60
6343,199895486317,0
6344,99690786963,60
6345,5439464766,360
6346,112167320933,90
6347,199895486317,0
6348,156922756435,40
6349,3563338753,500
6350,199895486317,0
6351,199895486317,0
6352,199895486317,0
6353,199895486317,0
6354,199895486317,0
6355,199895486317,0
6356,44324865,169290
6357,95024392251,10
6358,18945197840,440
6359,2686103608,320
6360,95024392251,10
6361,199895486317,0
6362,99690786963,60
6363,58096686135,30
6364,58096686135,30
6365,199895486317,0
6366,199895486317,0
6367,1257016153,200
6368,4581580340,170
6369,199895486317,0
6370,199895486317,0
6371,199895486317,0
6372,5637723967,160
6373,58096686135,30
6374,52107788,37550
6375,199895486317,0
6376,150738065978,80
6377,133617753358,20
6378,61180128,50060
6379,199895486317,0
6380,199895486317,0
6381,99690786963,60
6382,99690786963,60
6383,58096686135,30
6384,199895486317,0
6385,62690365518,2050
6386,2050527119,400
6387,1397444182,150
6388,5841178222,2020
6389,199895486317,0
6390,1992334443,1000
6391,199895486317,0
6392,199895486317,0
6393,5637723967,160
6394,57234851,34760
6395,199895486317,0
6396,72151167,30800
6397,95024392251,10
6398,199895486317,0
6399,5380879713,240
6400,1992334443,1000
6401,884461957,300
6402,95024392251,10
6403,199895486317,0
6404,58096686135,30
6405,5909996763,450
6406,2319215827,140
6407,199895486317,0
6408,89213611331,100
6409,937182873,600
6410,133617753358,20
6411,199895486317,0
6412,31183524,187060
6413,99690786963,60
6414,2050527119,400
6415,112167320933,90
6416,199895486317,0
6417,199895486317,0
6418,133617753358,20
6419,199895486317,0
6420,199895486317,0
6421,199895486317,0
6422,199895486317,0
6423,133617753358,20
6424,89213611331,100
6425,1257016153,200
6426,5637723967,160
6427,199895486317,0
6428,58096686135,30
6429,58096686135,30
6430,199895486317,0
6431,19348448,89870
6432,66156593952,8300
6433,199895486317,0
6434,95024392251,10
6435,199895486317,0
6436,2686103608,320
6437,1580100102,120
6438,199895486317,0
6439,3351140730,130
6440,199895486317,0
6441,372336959068,70
6442,199895486317,0
6443,372336959068,70
6444,937182873,600
6445,156922756435,40
6446,32022246258,910
6447,31991478,156800
6448,199895486317,0
6449,42019401,199860
6450,112167320933,90
6451,112167320933,90
6452,199895486317,0
6453,2050527119,400
6454,89213611331,100
6455,2050527119,400
6456,95024392251,10
6457,58096686135,30
6458,18945197840,440
6459,58096686135,30
6460,6127434991,14300
6461,199895486317,0
6462,89213611331,100
6463,199895486317,0
6464,24971409688,50
6465,50039995,500000
6466,199895486317,0
6467,199895486317,0
6468,199895486317,0
6469,199895486317,0
6470,199895486317,0
6471,199895486317,0
6472,133617753358,20
6473,199895486317,0
6474,884461957,300
6475,106892039223,1170
6476,58096686135,30
6477,372336959068,70
6478,199895486317,0
6479,199895486317,0
6480,199895486317,0
6481,5637723967,160
6482,199895486317,0
6483,95024392251,10
6484,199895486317,0
6485,199895486317,0
6486,1992334443,1000
6487,99690786963,60
6488,133617753358,20
6489,199895486317,0
6490,199895486317,0
6491,99690786963,60
6492,56273310,76450
6493,135569013609,2030
6494,33721197,170590
6495,372336959068,70
6496,1257016153,200
6497,58096686135,30
6498,99690786963,60
6499,199895486317,0
6500,58096686135,30
6501,112167320933,90
6502,199895486317,0
6503,199895486317,0
6504,199895486317,0
6505,199895486317,0
6506,156922756435,40
6507,199895486317,0
6508,18443957751,1200
6509,18142448437,390
6510,199895486317,0
6511,199895486317,0
6512,3351140730,130
6513,199895486317,0
6514,2319215827,140
6515,199895486317,0
6516,644186040,21720
6517,1992334443,1000
6518,372336959068,70
6519,58096686135,30
6520,199895486317,0
6521,199895486317,0
6522,5439464766,360
6523,95024392251,10
6524,95024392251,10
6525,199895486317,0
6526,3359018551,420
6527,112167320933,90
6528,89213611331,100
6529,199895486317,0
6530,3351140730,130
6531,2686103608,320
6532,58096686135,30
6533,58096686135,30
6534,43157377,444260
6535,199895486317,0
6536,24971409688,50
6537,199895486317,0
6538,38215602,151060
6539,199895486317,0
6540,199895486317,0
6541,2691065770,210
6542,3583135578,110
6543,18443957751,1200
6544,133617753358,20
6545,199895486317,0
6546,1580100102,120
6547,199895486317,0
6548,99690786963,60
6549,99690786963,60
6550,6686885106,260
6551,199895486317,0
6552,5637723967,160
6553,199895486317,0
6554,58096686135,30
6555,199895486317,0
6556,3583135578,110
6557,1257016153,200
6558,199895486317,0
6559,4614762981,180
6560,156922756435,40
6561,16725704523,1030
6562,199895486317,0
6563,199895486317,0
6564,156922756435,40
6565,199895486317,0
6566,199895486317,0
6567,95024392251,10
6568,4087369411,230
6569,60024544,78710
6570,199895486317,0
6571,199895486317,0
6572,199895486317,0
6573,199895486317,0
6574,95024392251,10
6575,24971409688,50
6576,1257016153,200
6577,199895486317,0
6578,43313402,56090
6579,1397444182,150
6580,199895486317,0
6581,199895486317,0
6582,5052232239,290
6583,199895486317,0
6584,47917352,75880
6585,199895486317,0
6586,199895486317,0
6587,3351140730,130
6588,199895486317,0
6589,199895486317,0
6590,199895486317,0
6591,54829428,272330
6592,199895486317,0
6593,199895486317,0
6594,150738065978,80
6595,884461957,300
6596,72947614732,1480
6597,199895486317,0
6598,58096686135,30
6599,199895486317,0
6600,95024392251,10
6601,199895486317,0
6602,199895486317,0
6603,372336959068,70
6604,2050527119,400
6605,5380879713,240
6606,133617753358,20
6607,61868143,36310
6608,20139293,91230
6609,199895486317,0
6610,3563338753,500
6611,199895486317,0
6612,58096686135,30
6613,199895486317,0
6614,5380879713,240
6615,884461957,300
6616,1580100102,120
6617,133617753358,20
6618,199895486317,0
6619,17292229334,700
6620,199895486317,0
6621,199895486317,0
6622,20434572,126420
6623,199895486317,0
6624,89213611331,100
6625,24971409688,50
6626,199895486317,0
6627,199895486317,0
6628,199895486317,0
6629,884461957,300
6630,89213611331,100
6631,199895486317,0
6632,156922756435,40
6633,53820884,293800
6634,9787512983,2000
6635,199895486317,0
6636,199895486317,0
6637,199895486317,0
6638,24971409688,50
6639,199895486317,0
6640,18945197840,440
6641,199895486317,0
6642,199895486317,0
6643,3563338753,500
6644,199895486317,0
6645,199895486317,0
6646,89213611331,100
6647,199895486317,0
6648,95024392251,10
6649,58096686135,30
6650,133617753358,20
6651,62682811,314740
6652,55049776513,8990
6653,199895486317,0
6654,199895486317,0
6655,199895486317,0
6656,219201424,25670
6657,117107234,27400
6658,884461957,300
6659,199895486317,0
6660,58096686135,30
6661,5715697093,220
6662,199895486317,0
6663,199895486317,0
6664,58096686135,30
6665,884461957,300
6666,372336959068,70
6667,199895486317,0
6668,199895486317,0
6669,5841178222,2020
6670,199895486317,0
6671,20033038895,660
6672,58096686135,30
6673,68216346,348600
6674,2050527119,400
6675,1257016153,200
6676,199895486317,0
6677,199895486317,0
6678,199895486317,0
6679,199895486317,0
6680,199895486317,0
6681,199895486317,0
6682,199895486317,0
6683,199895486317,0
6684,133617753358,20
6685,199895486317,0
6686,14121552492,630
6687,4581580340,170
6688,372336959068,70
6689,58096686135,30
6690,5637723967,160
6691,44022750,212500
6692,199895486317,0
6693,199895486317,0
6694,55987916,91940
6695,199895486317,0
6696,199895486317,0
6697,58096686135,30
6698,99690786963,60
6699,6348347708,430
6700,199895486317,0
6701,1397444182,150
6702,199895486317,0
6703,3563338753,500
6704,199895486317,0
6705,199895486317,0
6706,156922756435,40
6707,199895486317,0
6708,5380879713,240
6709,1257016153,200
6710,2050527119,400
6711,199895486317,0
6712,199895486317,0
6713,95024392251,10
6714,50364368,93790
6715,199895486317,0
6716,89213611331,100
6717,95024392251,10
6718,199895486317,0
6719,99690786963,60
6720,199895486317,0
6721,20033038895,660
6722,199895486317,0
6723,133617753358,20
6724,43309348791,2080
6725,14475307068,190
6726,199895486317,0
6727,199895486317,0
6728,58096686135,30
6729,18443957751,1200
6730,58096686135,30
6731,14814045514,800
6732,99690786963,60
6733,199895486317,0
6734,199895486317,0
6735,199895486317,0
6736,1257016153,200
6737,2050527119,400
6738,95024392251,10
6739,199895486317,0
6740,2686103608,320
6741,58096686135,30
6742,133617753358,20
6743,156922756435,40
6744,199895486317,0
6745,199895486317,0
6746,199895486317,0
6747,30295032087,720
6748,199895486317,0
6749,199895486317,0
6750,133617753358,20
6751,199895486317,0
6752,199895486317,0
6753,199895486317,0
6754,4008213810,310
6755,5810016258,15410
6756,199895486317,0
6757,2050527119,400
6758,199895486317,0
6759,199895486317,0
6760,99690786963,60
6761,1992334443,1000
6762,95024392251,10
6763,58096686135,30
6764,1397444182,150
6765,199895486317,0
6766,9798835701,460
6767,2050527119,400
6768,199895486317,0
6769,199895486317,0
6770,49652738,41850
6771,95024392251,10
6772,133617753358,20
6773,156922756435,40
6774,5715697093,220
6775,199895486317,0
6776,8725985935,510
6777,30295032087,720
6778,199895486317,0
6779,14115377113,3000
6780,199895486317,0
6781,199895486317,0
6782,199895486317,0
6783,5715697093,220
6784,89213611331,100
6785,1992334443,1000
6786,199895486317,0
6787,199895486317,0
6788,199895486317,0
6789,3583135578,110
6790,199895486317,0
6791,199895486317,0
6792,95024392251,10
6793,20832874289,410
6794,37757403,105330
6795,199895486317,0
6796,199895486317,0
6797,199895486317,0
6798,199895486317,0
6799,199895486317,0
6800,1580100102,120
6801,32022246258,910
6802,54402512,49330
6803,1580100102,120
6804,199895486317,0
6805,99690786963,60
6806,13323169972,610
6807,95024392251,10
6808,133617753358,20
6809,199895486317,0
6810,43174251,119760
6811,199895486317,0
6812,5380879713,240
6813,156922756435,40
6814,199895486317,0
6815,24971409688,50
6816,58096686135,30
6817,50944225,77120
6818,99690786963,60
6819,199895486317,0
6820,20139293,91230
6821,57430584,76270
6822,1992334443,1000
6823,199895486317,0
6824,199895486317,0
6825,199895486317,0
6826,199895486317,0
6827,199895486317,0
6828,89213611331,100
6829,199895486317,0
6830,199895486317,0
6831,12275654679,1020
6832,199895486317,0
6833,50039995,500000
6834,99690786963,60
6835,199895486317,0
6836,199895486317,0
6837,199895486317,0
6838,2319215827,140
6839,24971409688,50
6840,2050527119,400
6841,5637723967,160
6842,199895486317,0
6843,1397444182,150
6844,133617753358,20
6845,1580100102,120
6846,199895486317,0
6847,1397444182,150
6848,156922756435,40
6849,53318299,172630
6850,199895486317,0
6851,199895486317,0
6852,89213611331,100
6853,199895486317,0
6854,2686103608,320
6855,22519090,84830
6856,133617753358,20
6857,199895486317,0
6858,372336959068,70
6859,133617753358,20
6860,199895486317,0
6861,199895486317,0
6862,24971409688,50
6863,199895486317,0
6864,199895486317,0
6865,199895486317,0
6866,5715697093,220
6867,89213611331,100
6868,5117228589,280
6869,199895486317,0
6870,56254644,37970
6871,24971409688,50
6872,199895486317,0
6873,126238308,26910
6874,1580100102,120
6875,199895486317,0
6876,32899383,42710
6877,199895486317,0
6878,199895486317,0
6879,199895486317,0
6880,199895486317,0
6881,199895486317,0
6882,199895486317,0
6883,884461957,300
6884,150738065978,80
6885,199895486317,0
6886,199895486317,0
6887,199895486317,0
6888,75163124693,1630
6889,99690786963,60
6890,1397444182,150
6891,24971409688,50
6892,5841178222,2020
6893,2686103608,320
6894,5637723967,160
6895,3351140730,130
6896,199895486317,0
6897,199895486317,0
6898,156922756435,40
6899,156922756435,40
6900,58096686135,30
6901,199895486317,0
6902,95024392251,10
6903,199895486317,0
6904,372336959068,70
6905,199895486317,0
6906,7218173098,250
6907,199895486317,0
6908,199895486317,0
6909,89213611331,100
6910,5040148488,340
6911,199895486317,0
6912,42595701,190110
6913,35111032227,760
6914,199895486317,0
6915,3583135578,110
6916,168644418770,2180
6917,18359068040,840
6918,199895486317,0
6919,58096686135,30
6920,199895486317,0
6921,4087369411,230
6922,199895486317,0
6923,32223814537,640
6924,199895486317,0
6925,4581580340,170
6926,1992334443,1000
6927,156922756435,40
6928,112167320933,90
6929,34415268,104880
6930,199895486317,0
6931,11329401875,1500
6932,89213611331,100
6933,24971409688,50
6934,199895486317,0
6935,95024392251,10
6936,14475307068,190
6937,2050527119,400
6938,199895486317,0
6939,199895486317,0
6940,17429877827,13000
6941,1257016153,200
6942,199895486317,0
6943,199895486317,0
6944,199895486317,0
6945,58096686135,30
6946,24648050551,1140
6947,199895486317,0
6948,63052462,53910
6949,199895486317,0
6950,199895486317,0
6951,133617753358,20
6952,14475307068,190
6953,89213611331,100
6954,199895486317,0
6955,58096686135,30
6956,199895486317,0
6957,95024392251,10
6958,9798835701,460
6959,199895486317,0
6960,199895486317,0
6961,199895486317,0
6962,199895486317,0
6963,199895486317,0
6964,199895486317,0
6965,199895486317,0
6966,199895486317,0
6967,99690786963,60
6968,1397444182,150
6969,133617753358,20
6970,58096686135,30
6971,3563338753,500
6972,199895486317,0
6973,372336959068,70
6974,884461957,300
6975,199895486317,0
6976,112167320933,90
6977,94321179780,3200
6978,174191276144,2150
6979,37390884782,1060
6980,89213611331,100
6981,62905317,83890
6982,9787512983,2000
6983,66913735,31820
6984,1992334443,1000
6985,199895486317,0
6986,89213611331,100
6987,44670949,190730
6988,199895486317,0
6989,3583135578,110
6990,937182873,600
6991,199895486317,0
6992,89213611331,100
6993,199895486317,0
6994,95024392251,10
6995,49935039,79560
6996,199895486317,0
6997,53533072,247790
6998,24971409688,50
6999,58096686135,30
7000,88143347215,7000
7001,5380879713,240
7002,44461701,77480
7003,127502395407,1750
7004,199895486317,0
7005,199895486317,0
7006,199895486317,0
7007,95024392251,10
7008,199895486317,0
7009,199895486317,0
7010,112167320933,90
7011,1257016153,200
7012,199895486317,0
7013,95024392251,10
7014,156922756435,40
7015,199895486317,0
7016,4087369411,230
7017,199895486317,0
7018,199895486317,0
7019,3351140730,130
7020,37412313,102090
7021,133617753358,20
7022,99690786963,60
7023,58096686135,30
7024,95161031981,980
7025,35111032227,760
7026,7974666852,330
7027,5637723967,160
7028,9787512983,2000
7029,13323169972,610
7030,199895486317,0
7031,199895486317,0
7032,112167320933,90
7033,89213611331,100
7034,177049456821,1110
7035,372336959068,70
7036,66748453,29410
7037,199895486317,0
7038,20832874289,410
7039,3583135578,110
7040,199895486317,0
7041,112167320933,90
7042,3563338753,500
7043,133617753358,20
7044,1257016153,200
7045,12275654679,1020
7046,372336959068,70
7047,150738065978,80
7048,1580100102,120
7049,156922756435,40
7050,2686103608,320
7051,4114302921,900
7052,199895486317,0
7053,199895486317,0
7054,199895486317,0
7055,199895486317,0
7056,133617753358,20
7057,199895486317,0
7058,199895486317,0
7059,99690786963,60
7060,76535477997,4630
7061,7974666852,330
7062,58096686135,30
7063,195894991337,1670
7064,95024392251,10
7065,156922756435,40
7066,199895486317,0
7067,199895486317,0
7068,108137075071,2440
7069,199895486317,0
7070,199895486317,0
7071,199895486317,0
7072,69370126649,780
7073,199895486317,0
7074,12275654679,1020
7075,24971409688,50
7076,199895486317,0
7077,133617753358,20
7078,199895486317,0
7079,199895486317,0
7080,89213611331,100
7081,95024392251,10
7082,1257016153,200
7083,3563338753,500
7084,199895486317,0
7085,95024392251,10
7086,24971409688,50
7087,99690786963,60
7088,1397444182,150
7089,199895486317,0
7090,199895486317,0
7091,199895486317,0
7092,199895486317,0
7093,2050527119,400
7094,199895486317,0
7095,199895486317,0
7096,199895486317,0
7097,199895486317,0
7098,199895486317,0
7099,99690786963,60
7100,199895486317,0
7101,156922756435,40
7102,199895486317,0
7103,199895486317,0
7104,47359588070,2170
7105,199895486317,0
7106,150738065978,80
7107,199895486317,0
7108,4008213810,310
7109,5117228589,280
7110,2691065770,210
7111,133617753358,20
7112,199895486317,0
7113,199895486317,0
7114,199895486317,0
7115,199895486317,0
7116,199895486317,0
7117,99690786963,60
7118,20069186555,2300
7119,199895486317,0
7120,99690786963,60
7121,24971409688,50
7122,884461957,300
7123,58096686135,30
7124,199895486317,0
7125,95024392251,10
7126,95024392251,10
7127,199895486317,0
7128,199895486317,0
7129,199895486317,0
7130,156922756435,40
7131,884461957,300
7132,156922756435,40
7133,199895486317,0
7134,95024392251,10
7135,156922756435,40
7136,150738065978,80
7137,199895486317,0
7138,18443957751,1200
7139,99690786963,60
7140,1580100102,120
7141,133617753358,20
7142,199895486317,0
7143,95024392251,10
7144,89213611331,100
7145,1257016153,200
7146,5052232239,290
7147,1397444182,150
7148,87639692297,1090
7149,199895486317,0
7150,156922756435,40
7151,36634706480,6000
7152,169138266401,1340
7153,99690786963,60
7154,5380879713,240
7155,58096686135,30
7156,95024392251,10
7157,99690786963,60
7158,156922756435,40
7159,50039995,500000
7160,884461957,300
7161,24971409688,50
7162,199895486317,0
7163,6686885106,260
7164,99690786963,60
7165,199895486317,0
7166,199895486317,0
7167,199895486317,0
7168,14288925189,12400
7169,199895486317,0
7170,58096686135,30
7171,54382712,333810
7172,52667975,270840
7173,58096686135,30
7174,199895486317,0
7175,1257016153,200
7176,1257016153,200
7177,199895486317,0
7178,99690786963,60
7179,9651044235,370
7180,199895486317,0
7181,199895486317,0
7182,64196754,91870
7183,199895486317,0
7184,36603504,149980
7185,199895486317,0
7186,199895486317,0
7187,40356089563,6890
7188,199895486317,0
7189,95024392251,10
7190,199895486317,0
7191,199895486317,0
7192,133617753358,20
7193,41239796747,2230
7194,7974666852,330
7195,43634138,121020
7196,199895486317,0
7197,3359018551,420
7198,199895486317,0
7199,19481691782,1300
7200,1580100102,120
7201,199895486317,0
7202,58096686135,30
7203,372336959068,70
7204,4087369411,230
7205,199895486317,0
7206,99690786963,60
7207,199895486317,0
7208,199895486317,0
7209,199895486317,0
7210,150738065978,80
7211,1397444182,150
7212,156922756435,40
7213,199895486317,0
7214,4581580340,170
7215,133617753358,20
7216,2050527119,400
7217,199895486317,0
7218,45760045,65570
7219,4087369411,230
7220,49497962,258600
7221,199895486317,0
7222,24971409688,50
7223,29340677909,480
7224,53247283,85580
7225,199895486317,0
7226,199895486317,0
7227,38675647320,9980
7228,24971409688,50
7229,199895486317,0
7230,199895486317,0
7231,199895486317,0
7232,4614762981,180
7233,150738065978,80
7234,199895486317,0
7235,156922756435,40
7236,199895486317,0
7237,199895486317,0
7238,222377384,25190
7239,199895486317,0
7240,199895486317,0
7241,199895486317,0
7242,199895486317,0
7243,199895486317,0
7244,1397444182,150
7245,133617753358,20
7246,3583135578,110
7247,199895486317,0
7248,133617753358,20
7249,9798835701,460
7250,3351140730,130
7251,199895486317,0
7252,199895486317,0
7253,199895486317,0
7254,4614762981,180
7255,95024392251,10
7256,95024392251,10
7257,199895486317,0
7258,199895486317,0
7259,199895486317,0
7260,199895486317,0
7261,40292248,139390
7262,53550834,41040
7263,89213611331,100
7264,199895486317,0
7265,199895486317,0
7266,95024392251,10
7267,5715697093,220
7268,4581580340,170
7269,133617753358,20
7270,99690786963,60
7271,5841178222,2020
7272,199895486317,0
7273,65639849,46970
7274,199895486317,0
7275,199895486317,0
7276,884461957,300
7277,14121552492,630
7278,199895486317,0
7279,156922756435,40
7280,199895486317,0
7281,20832874289,410
7282,156922756435,40
7283,7746534246,530
7284,372336959068,70
7285,2522403340,18110
7286,5052232239,290
7287,20033038895,660
7288,43309348791,2080
7289,99690786963,60
7290,58096686135,30
7291,99690786963,60
7292,8024892803,650
7293,937182873,600
7294,2691065770,210
7295,199895486317,0
7296,199895486317,0
7297,199895486317,0
7298,28556054607,550
7299,199895486317,0
7300,199895486317,0
7301,199895486317,0
7302,99690786963,60
7303,4614762981,180
7304,199895486317,0
7305,199895486317,0
7306,3563338753,500
7307,58096686135,30
7308,199895486317,0
7309,199895486317,0
7310,199895486317,0
7311,199895486317,0
7312,14475307068,190
7313,199895486317,0
7314,24971409688,50
7315,99690786963,60
7316,2305986553,18830
7317,199895486317,0
7318,7974666852,330
7319,1257016153,200
7320,199895486317,0
7321,199895486317,0
7322,199895486317,0
7323,2319215827,140
7324,1257016153,200
7325,199895486317,0
7326,199895486317,0
7327,199895486317,0
7328,150065211954,4450
7329,199895486317,0
7330,95024392251,10
7331,35378134922,670
7332,89213611331,100
7333,5637723967,160
7334,56853888,80900
7335,199895486317,0
7336,58096686135,30
7337,199895486317,0
7338,58096686135,30
7339,95024392251,10
7340,1257016153,200
7341,49210716,254950
7342,112167320933,90
7343,2050527119,400
7344,95024392251,10
7345,199895486317,0
7346,44467842,34500
7347,1580100102,120
7348,199895486317,0
7349,58096686135,30
7350,199895486317,0
7351,199895486317,0
7352,99690786963,60
7353,18560518827,620
7354,199895486317,0
7355,99690786963,60
7356,63909471,73220
7357,199895486317,0
7358,156922756435,40
7359,213728134,25290
7360,53248830,86990
7361,99690786963,60
7362,199895486317,0
7363,133617753358,20
7364,199895486317,0
7365,199895486317,0
7366,89213611331,100
7367,40564079,289790
7368,3351140730,130
7369,199895486317,0
7370,199895486317,0
7371,199895486317,0
7372,372336959068,70
7373,25771944773,4200
7374,31183428,119290
7375,4087369411,230
7376,5052232239,290
7377,199895486317,0
7378,133617753358,20
7379,153293543395,1620
7380,199895486317,0
7381,372336959068,70
7382,39846152,70630
7383,133617753358,20
7384,372336959068,70
7385,32914449,129810
7386,156922756435,40
7387,17292229334,700
7388,2691065770,210
7389,58096686135,30
7390,9787512983,2000
7391,199895486317,0
7392,28840901516,520
7393,884461957,300
7394,199895486317,0
7395,199895486317,0
7396,1580100102,120
7397,199895486317,0
7398,199895486317,0
7399,199895486317,0
7400,199895486317,0
7401,95024392251,10
7402,199895486317,0
7403,95024392251,10
7404,199895486317,0
7405,57712630,79490
7406,19481691782,1300
7407,199895486317,0
7408,14121552492,630
7409,156922756435,40
7410,199895486317,0
7411,31018447,69410
7412,24971409688,50
7413,9651044235,370
7414,199895486317,0
7415,199895486317,0
7416,199895486317,0
7417,199895486317,0
7418,84729452759,2140
7419,199895486317,0
7420,3708328705,270
7421,5637723967,160
7422,199895486317,0
7423,2691065770,210
7424,372336959068,70
7425,58096686135,30
7426,372336959068,70
7427,199895486317,0
7428,6686885106,260
7429,95024392251,10
7430,1992334443,1000
7431,58096686135,30
7432,199895486317,0
7433,5715697093,220
7434,4581580340,170
7435,50039995,500000
7436,884461957,300
7437,199895486317,0
7438,884461957,300
7439,133617753358,20
7440,24971409688,50
7441,58096686135,30
7442,199895486317,0
7443,89213611331,100
7444,58096686135,30
7445,77380718,380010
7446,41717749,89060
7447,99690786963,60
7448,199895486317,0
7449,133617753358,20
7450,24971409688,50
7451,95024392251,10
7452,199895486317,0
7453,199895486317,0
7454,199895486317,0
7455,95024392251,10
7456,24971409688,50
7457,4087369411,230
7458,199895486317,0
7459,199895486317,0
7460,1397444182,150
7461,144871078404,1550
7462,199895486317,0
7463,199895486317,0
7464,199895486317,0
7465,1580100102,120
7466,199895486317,0
7467,95024392251,10
7468,199895486317,0
7469,199895486317,0
7470,24971409688,50
7471,199895486317,0
7472,4114302921,900
7473,199895486317,0
7474,2691065770,210
7475,40175904,100360
7476,112167320933,90
7477,58293597568,7760
7478,69370126649,780
7479,2691065770,210
7480,58096686135,30
7481,50039995,500000
7482,199895486317,0
7483,132601086028,860
7484,199895486317,0
7485,162068905873,3040
7486,58096686135,30
7487,1580100102,120
7488,199895486317,0
7489,199895486317,0
7490,2691065770,210
7491,1257016153,200
7492,58096686135,30
7493,133617753358,20
7494,2691065770,210
7495,199895486317,0
7496,47554626,141690
7497,60558511,33630
7498,112167320933,90
7499,58096686135,30
7500,95024392251,10
7501,199895486317,0
7502,1992334443,1000
7503,199895486317,0
7504,884461957,300
7505,95024392251,10
7506,937182873,600
7507,1580100102,120
7508,372336959068,70
7509,199895486317,0
7510,884461957,300
7511,199895486317,0
7512,937182873,600
7513,4581580340,170
7514,50039995,500000
7515,2686103608,320
7516,199895486317,0
7517,58096686135,30
7518,47214597510,6180
7519,199895486317,0
7520,18560518827,620
7521,52513012,109020
7522,63621425,84850
7523,156922756435,40
7524,199895486317,0
7525,199895486317,0
7526,199895486317,0
7527,58096686135,30
7528,1397444182,150
7529,27228866,37220
7530,199895486317,0
7531,3708328705,270
7532,1397444182,150
7533,199895486317,0
7534,199895486317,0
7535,199895486317,0
7536,199895486317,0
7537,199895486317,0
7538,133617753358,20
7539,199895486317,0
7540,58096686135,30
7541,58096686135,30
7542,89213611331,100
7543,199895486317,0
7544,89213611331,100
7545,133617753358,20
7546,199895486317,0
7547,89213611331,100
7548,150738065978,80
7549,199895486317,0
7550,199895486317,0
7551,58096686135,30
7552,199895486317,0
7553,3583135578,110
7554,199895486317,0
7555,199895486317,0
7556,199895486317,0
7557,199895486317,0
7558,199895486317,0
7559,199895486317,0
7560,199895486317,0
7561,4614762981,180
7562,199895486317,0
7563,1257016153,200
7564,58096686135,30
7565,5637723967,160
7566,199895486317,0
7567,199895486317,0
7568,99690786963,60
7569,133617753358,20
7570,199895486317,0
7571,199895486317,0
7572,112167320933,90
7573,199895486317,0
7574,199895486317,0
7575,133617753358,20
7576,2686103608,320
7577,199895486317,0
7578,199895486317,0
7579,133617753358,20
7580,937182873,600
7581,884461957,300
7582,199895486317,0
7583,1257016153,200
7584,199895486317,0
7585,199895486317,0
7586,937182873,600
7587,199895486317,0
7588,199895486317,0
7589,199895486317,0
7590,199895486317,0
7591,199895486317,0
7592,199895486317,0
7593,95024392251,10
7594,24971409688,50
7595,99690786963,60
7596,13910560037,1600
7597,6686885106,260
7598,64055831,65090
7599,58096686135,30
7600,133617753358,20
7601,13323169972,610
7602,95024392251,10
7603,199895486317,0
7604,199895486317,0
7605,89213611331,100
7606,199895486317,0
7607,199895486317,0
7608,24971409688,50
7609,199895486317,0
7610,199895486317,0
7611,199895486317,0
7612,50039995,500000
7613,12275654679,1020
7614,199895486317,0
7615,99690786963,60
7616,2319215827,140
7617,24971409688,50
7618,199895486317,0
7619,12384337605,930
7620,95024392251,10
7621,2319215827,140
7622,58096686135,30
7623,58096686135,30
7624,199895486317,0
7625,199895486317,0
7626,95024392251,10
7627,115687526293,1660
7628,37999280,40410
7629,89213611331,100
7630,199895486317,0
7631,884461957,300
7632,95024392251,10
7633,372336959068,70
7634,47702709847,1020
7635,1580100102,120
7636,199895486317,0
7637,6348347708,430
7638,199895486317,0
7639,199895486317,0
7640,199895486317,0
7641,133617753358,20
7642,95024392251,10
7643,9798835701,460
7644,99690786963,60
7645,199895486317,0
7646,199895486317,0
7647,1257016153,200
7648,199895486317,0
7649,199895486317,0
7650,199895486317,0
7651,58096686135,30
7652,199895486317,0
7653,199895486317,0
7654,58096686135,30
7655,58096686135,30
7656,112167320933,90
7657,39846214,60090
7658,41675330,152410
7659,24971409688,50
7660,112167320933,90
7661,3708328705,270
7662,13327183854,12900
7663,14121552492,630
7664,26715920597,3980
7665,884461957,300
7666,199895486317,0
7667,30839339,142180
7668,199895486317,0
7669,199895486317,0
7670,199895486317,0
7671,199895486317,0
7672,199895486317,0
7673,199895486317,0
7674,199895486317,0
7675,884461957,300
7676,199895486317,0
7677,199895486317,0
7678,99690786963,60
7679,199895486317,0
7680,3583135578,110
7681,8725985935,510
7682,95024392251,10
7683,199895486317,0
7684,58096686135,30
7685,59016702,46690
7686,884461957,300
7687,884461957,300
7688,937182873,600
7689,133617753358,20
7690,95024392251,10
7691,133617753358,20
7692,199895486317,0
7693,89213611331,100
7694,884461957,300
7695,199895486317,0
7696,24971409688,50
7697,58096686135,30
7698,25771944773,4200
7699,199895486317,0
7700,1257016153,200
7701,1257016153,200
7702,199895486317,0
7703,5637723967,160
7704,1257016153,200
7705,199895486317,0
7706,199895486317,0
7707,2691065770,210
7708,5637723967,160
7709,5040148488,340
7710,199895486317,0
7711,24862734501,380
7712,133617753358,20
7713,133617753358,20
7714,199895486317,0
7715,1580100102,120
7716,150738065978,80
7717,199895486317,0
7718,133617753358,20
7719,99690786963,60
7720,199895486317,0
7721,199895486317,0
7722,95024392251,10
7723,199895486317,0
7724,89213611331,100
7725,199895486317,0
7726,199895486317,0
7727,199895486317,0
7728,199895486317,0
7729,112680114552,2310
7730,199895486317,0
7731,150738065978,80
7732,2050527119,400
7733,37573836481,830
7734,199895486317,0
7735,36602193,102810
7736,95024392251,10
7737,5439464766,360
7738,28567807035,2010
7739,199895486317,0
7740,5439464766,360
7741,199895486317,0
7742,24971409688,50
7743,199895486317,0
7744,199895486317,0
7745,199895486317,0
7746,884461957,300
7747,112167320933,90
7748,199895486317,0
7749,199895486317,0
7750,199895486317,0
7751,18142448437,390
7752,24648050551,1140
7753,38979538,209350
7754,199895486317,0
7755,199895486317,0
7756,99690786963,60
7757,199895486317,0
7758,1397444182,150
7759,59020644,49060
7760,199895486317,0
7761,372336959068,70
7762,199895486317,0
7763,99690786963,60
7764,199895486317,0
7765,199895486317,0
7766,372336959068,70
7767,133617753358,20
7768,199895486317,0
7769,51933686,176880
7770,2050527119,400
7771,199895486317,0
7772,199895486317,0
7773,199895486317,0
7774,327170631,23660
7775,3708328705,270
7776,199895486317,0
7777,9787512983,2000
7778,199895486317,0
7779,199895486317,0
7780,89213611331,100
7781,937182873,600
7782,127530779005,870
7783,199895486317,0
7784,199895486317,0
7785,199895486317,0
7786,3351140730,130
7787,199895486317,0
7788,199895486317,0
7789,15010998390,2060
7790,175472184,25720
7791,3583135578,110
7792,2050527119,400
7793,199895486317,0
7794,199895486317,0
7795,884461957,300
7796,51258928653,690
7797,89213611331,100
7798,99690786963,60
7799,58096686135,30
7800,18443957751,1200
7801,60172912,45860
7802,199895486317,0
7803,89213611331,100
7804,199895486317,0
7805,199895486317,0
7806,199895486317,0
7807,163483945212,990
7808,95024392251,10
7809,38025913004,3480
7810,199895486317,0
7811,95024392251,10
7812,3563338753,500
7813,60742879,80720
7814,24971409688,50
7815,100392228,27930
7816,8074214490,15960
7817,199895486317,0
7818,89213611331,100
7819,3563338753,500
7820,199895486317,0
7821,95024392251,10
7822,93242385112,5000
7823,199895486317,0
7824,199895486317,0
7825,199895486317,0
7826,199895486317,0
7827,884461957,300
7828,51524929,56720
7829,2552147551,18770
7830,199895486317,0
7831,133617753358,20
7832,199895486317,0
7833,199895486317,0
7834,199895486317,0
7835,13910560037,1600
7836,199895486317,0
7837,32223814537,640
7838,199895486317,0
7839,199895486317,0
7840,199895486317,0
7841,58096686135,30
7842,199895486317,0
7843,95024392251,10
7844,199895486317,0
7845,62035766,230100
7846,3583135578,110
7847,199895486317,0
7848,133617753358,20
7849,4614762981,180
7850,48059649,71100
7851,63336118,59110
7852,199895486317,0
7853,95024392251,10
7854,2686103608,320
7855,82326250915,3290
7856,58096686135,30
7857,199895486317,0
7858,1257016153,200
7859,95024392251,10
7860,29340677909,480
7861,107119608,27290
7862,99690786963,60
7863,133617753358,20
7864,156922756435,40
7865,5439464766,360
7866,199895486317,0
7867,199895486317,0
7868,199895486317,0
7869,24971409688,50
7870,884461957,300
7871,156922756435,40
7872,199895486317,0
7873,199895486317,0
7874,95024392251,10
7875,199895486317,0
7876,199895486317,0
7877,24862734501,380
7878,99690786963,60
7879,199895486317,0
7880,199895486317,0
7881,199895486317,0
7882,199895486317,0
7883,133617753358,20
7884,133617753358,20
7885,199895486317,0
7886,2319215827,140
7887,199895486317,0
7888,372336959068,70
7889,3351140730,130
7890,2691065770,210
7891,884461957,300
7892,199895486317,0
7893,199895486317,0
7894,156922756435,40
7895,99690786963,60
7896,199895486317,0
7897,3845624469,17470
7898,199895486317,0
7899,199895486317,0
7900,58096686135,30
7901,3351140730,130
7902,95024392251,10
7903,63456829391,5580
7904,99690786963,60
7905,89213611331,100
7906,199895486317,0
7907,156922756435,40
7908,19886715890,11310
7909,199895486317,0
7910,48823866,108480
7911,199895486317,0
7912,199895486317,0
7913,32336784,103700
7914,89213611331,100
7915,3351140730,130
7916,58096686135,30
7917,199895486317,0
7918,199895486317,0
7919,1257016153,200
7920,6127434991,14300
7921,199895486317,0
7922,4581580340,170
7923,199895486317,0
7924,199895486317,0
7925,133617753358,20
7926,8024892803,650
7927,14475307068,190
7928,90128143934,2830
7929,199895486317,0
7930,58096686135,30
7931,3351140730,130
7932,59556919,36950
7933,199895486317,0
7934,199895486317,0
7935,1257016153,200
7936,50089267,149480
7937,199895486317,0
7938,199895486317,0
7939,150280817192,3020
7940,99690786963,60
7941,199895486317,0
7942,4087369411,230
7943,99690786963,60
7944,58096686135,30
7945,199895486317,0
7946,199895486317,0
7947,199895486317,0
7948,25289221285,11520
7949,199895486317,0
7950,99690786963,60
7951,199895486317,0
7952,133617753358,20
7953,291937474,24970
7954,199895486317,0
7955,199895486317,0
7956,133617753358,20
7957,43163483003,5870
7958,44027853,65800
7959,1257016153,200
7960,1580100102,120
7961,156922756435,40
7962,156922756435,40
7963,99690786963,60
7964,2050527119,400
7965,3359018551,420
7966,199895486317,0
7967,199895486317,0
7968,63332548,202580
7969,51953298,90990
7970,99690786963,60
7971,937182873,600
7972,199895486317,0
7973,199895486317,0
7974,199895486317,0
7975,8024892803,650
7976,199895486317,0
7977,68495040262,2160
7978,48496613,48000
7979,199895486317,0
7980,199895486317,0
7981,199895486317,0
7982,3351140730,130
7983,199895486317,0
7984,1580100102,120
7985,156922756435,40
7986,22854254877,12020
7987,133617753358,20
7988,199895486317,0
7989,199895486317,0
7990,372336959068,70
7991,199895486317,0
7992,199895486317,0
7993,89213611331,100
7994,199895486317,0
7995,58096686135,30
7996,199895486317,0
7997,199895486317,0
7998,199895486317,0
7999,156922756435,40
8000,5380879713,240
8001,133617753358,20
8002,199895486317,0
8003,199895486317,0
8004,63916506,57340
8005,199895486317,0
8006,150738065978,80
8007,199895486317,0
8008,199895486317,0
8009,199895486317,0
8010,3351140730,130
8011,937182873,600
8012,199895486317,0
8013,45179813,69190
8014,150738065978,80
8015,89213611331,100
8016,89213611331,100
8017,199895486317,0
8018,112167320933,90
8019,89213611331,100
8020,52926720,32040
8021,99690786963,60
8022,54115698,43970
8023,199895486317,0
8024,199895486317,0
8025,1580100102,120
8026,1257016153,200
8027,199895486317,0
8028,199895486317,0
8029,61896501,60050
8030,156922756435,40
8031,199895486317,0
8032,4614762981,180
8033,156922756435,40
8034,89213611331,100
8035,61177078,75300
8036,133617753358,20
8037,199895486317,0
8038,199895486317,0
8039,199895486317,0
8040,199895486317,0
8041,199895486317,0
8042,156922756435,40
8043,36634706480,6000
8044,199895486317,0
8045,199895486317,0
8046,14115377113,3000
8047,112167320933,90
8048,50578724,385540
8049,99690786963,60
8050,199895486317,0
8051,199895486317,0
8052,24971409688,50
8053,99690786963,60
8054,884461957,300
8055,199895486317,0
8056,2050527119,400
8057,199895486317,0
8058,1257016153,200
8059,3351140730,130
8060,1257016153,200
8061,199895486317,0
8062,37179397,109480
8063,64628214,281360
8064,937182873,600
8065,101462743226,1120
8066,5637723967,160
8067,199895486317,0
8068,199895486317,0
8069,937182873,600
8070,199895486317,0
8071,7974666852,330
8072,199895486317,0
8073,58096686135,30
8074,133617753358,20
8075,58096686135,30
8076,150738065978,80
8077,47196534,98150
8078,4001483371,4000
8079,199895486317,0
8080,199895486317,0
8081,43634775,140930
8082,95024392251,10
8083,95024392251,10
8084,199895486317,0
8085,4087369411,230
8086,199895486317,0
8087,199895486317,0
8088,199895486317,0
8089,24971409688,50
8090,199895486317,0
8091,2050527119,400
8092,199895486317,0
8093,199895486317,0
8094,1257016153,200
8095,199895486317,0
8096,14475307068,190
8097,58096686135,30
8098,199895486317,0
8099,71829453979,2250
8100,58096686135,30
8101,199895486317,0
8102,12275654679,1020
8103,89213611331,100
8104,112167320933,90
8105,89213611331,100
8106,199895486317,0
8107,199895486317,0
8108,89213611331,100
8109,15010998390,2060
8110,99690786963,60
8111,35218451,150830
8112,95024392251,10
8113,3563338753,500
8114,199895486317,0
8115,199895486317,0
8116,2691065770,210
8117,1580100102,120
8118,99690786963,60
8119,199895486317,0
8120,199895486317,0
8121,48646852,47790
8122,46330971,94580
8123,58096686135,30
8124,199895486317,0
8125,89213611331,100
8126,199895486317,0
8127,199895486317,0
8128,2050527119,400
8129,199895486317,0
8130,4008213810,310
8131,199895486317,0
8132,199895486317,0
8133,42726882,222450
8134,89213611331,100
8135,199895486317,0
8136,4581580340,170
8137,133617753358,20
8138,199895486317,0
8139,1397444182,150
8140,24971409688,50
8141,199895486317,0
8142,58096686135,30
8143,53238638005,1800
8144,112167320933,90
8145,199895486317,0
8146,199895486317,0
8147,1257016153,200
8148,199895486317,0
8149,3708328705,270
8150,156922756435,40
8151,89213611331,100
8152,156922756435,40
8153,199895486317,0
8154,199895486317,0
8155,199895486317,0
8156,18945197840,440
8157,2319215827,140
8158,89213611331,100
8159,24971409688,50
8160,2050527119,400
8161,133617753358,20
8162,1580100102,120
8163,199895486317,0
8164,7218173098,250
8165,12482656669,750
8166,6686885106,260
8167,18945197840,440
8168,24648050551,1140
8169,57423352,221370
8170,199895486317,0
8171,199895486317,0
8172,199895486317,0
8173,372336959068,70
8174,58096686135,30
8175,199895486317,0
8176,112167320933,90
8177,199895486317,0
8178,884461957,300
8179,3351140730,130
8180,1397444182,150
8181,199895486317,0
8182,28840901516,520
8183,133617753358,20
8184,133617753358,20
8185,199895486317,0
8186,87014497863,3370
8187,199895486317,0
8188,199895486317,0
8189,52548335,40860
8190,99690786963,60
8191,199895486317,0
8192,199895486317,0
8193,199895486317,0
8194,199895486317,0
8195,1580100102,120
8196,89213611331,100
8197,3351140730,130
8198,199895486317,0
8199,5439464766,360
8200,7974666852,330
8201,199895486317,0
8202,133617753358,20
8203,43584579809,1330
8204,199895486317,0
8205,199895486317,0
8206,89213611331,100
8207,199895486317,0
8208,133617753358,20
8209,8725985935,510
8210,58122619,29200
8211,2686103608,320
8212,51014570,102040
8213,112167320933,90
8214,1257016153,200
8215,9787512983,2000
8216,199895486317,0
8217,58096686135,30
8218,99690786963,60
8219,5715697093,220
8220,1257016153,200
8221,1992334443,1000
8222,199895486317,0
8223,2319215827,140
8224,199895486317,0
8225,112167320933,90
8226,884461957,300
8227,199895486317,0
8228,99690786963,60
8229,133617753358,20
8230,199895486317,0
8231,156922756435,40
8232,199895486317,0
8233,199895486317,0
8234,372336959068,70
8235,20832874289,410
8236,89213611331,100
8237,89213611331,100
8238,199895486317,0
8239,156922756435,40
8240,199895486317,0
8241,99690786963,60
8242,23547113,137150
8243,199895486317,0
8244,199895486317,0
8245,199895486317,0
8246,199895486317,0
8247,199895486317,0
8248,199895486317,0
8249,2319215827,140
8250,1257016153,200
8251,9798835701,460
8252,4087369411,230
8253,42295062,52210
8254,199895486317,0
8255,112167320933,90
8256,95024392251,10
8257,199895486317,0
8258,1580100102,120
8259,50039995,500000
8260,24971409688,50
8261,89213611331,100
8262,133617753358,20
8263,199895486317,0
8264,199895486317,0
8265,199895486317,0
8266,199895486317,0
8267,24971409688,50
8268,2050527119,400
8269,199895486317,0
8270,1257016153,200
8271,199895486317,0
8272,6686885106,260
8273,199895486317,0
8274,133617753358,20
8275,2050527119,400
8276,18443957751,1200
8277,64031259526,7640
8278,65496522,75780
8279,199895486317,0
8280,9299473716,13930
8281,14115377113,3000
8282,199895486317,0
8283,199895486317,0
8284,199895486317,0
8285,2691065770,210
8286,199895486317,0
8287,199895486317,0
8288,89213611331,100
8289,2319215827,140
8290,50039995,500000
8291,57159717,40590
8292,133617753358,20
8293,199895486317,0
8294,156922756435,40
8295,89213611331,100
8296,58096686135,30
8297,199895486317,0
8298,65643541,88420
8299,150738065978,80
8300,199895486317,0
8301,24971409688,50
8302,112167320933,90
8303,11329401875,1500
8304,150738065978,80
8305,199895486317,0
8306,5439464766,360
8307,89213611331,100
8308,4008213810,310
8309,1257016153,200
8310,199895486317,0
8311,1397444182,150
8312,1580100102,120
8313,5637723967,160
8314,199895486317,0
8315,199895486317,0
8316,884461957,300
8317,99690786963,60
8318,9651044235,370
8319,199895486317,0
8320,199895486317,0
8321,1257016153,200
8322,6686885106,260
8323,199895486317,0
8324,133617753358,20
8325,4581580340,170
8326,199895486317,0
8327,1257016153,200
8328,1397444182,150
8329,3563338753,500
8330,199895486317,0
8331,156922756435,40
8332,89213611331,100
8333,156922756435,40
8334,7218173098,250
8335,199895486317,0
8336,199895486317,0
8337,112167320933,90
8338,199895486317,0
8339,2686103608,320
8340,133617753358,20
8341,199895486317,0
8342,1257016153,200
8343,199895486317,0
8344,199895486317,0
8345,20832874289,410
8346,4008213810,310
8347,199895486317,0
8348,35853164560,580
8349,199895486317,0
8350,199895486317,0
8351,1257016153,200
8352,2691065770,210
8353,1257016153,200
8354,5040148488,340
8355,884461957,300
8356,59017965,66230
8357,199895486317,0
8358,42683617110,2040
8359,884461957,300
8360,16725704523,1030
8361,199895486317,0
8362,199895486317,0
8363,2634281184,18720
8364,199895486317,0
8365,99690786963,60
8366,169028841560,1390
8367,40905648715,1400
8368,199895486317,0
8369,13323169972,610
8370,6348347708,430
8371,14121552492,630
8372,57138541,71910
8373,150738065978,80
8374,199895486317,0
8375,54974828,83240
8376,199895486317,0
8377,199895486317,0
8378,3351140730,130
8379,199895486317,0
8380,199895486317,0
8381,199895486317,0
8382,89213611331,100
8383,12482656669,750
8384,199895486317,0
8385,199895486317,0
8386,89213611331,100
8387,1580100102,120
8388,16725704523,1030
8389,199895486317,0
8390,199895486317,0
8391,1257016153,200
8392,199895486317,0
8393,116804119222,1570
8394,199895486317,0
8395,22457361821,1050
8396,199895486317,0
8397,199895486317,0
8398,199895486317,0
8399,8145471336,560
8400,1257016153,200
8401,112167320933,90
8402,15010998390,2060
8403,199895486317,0
8404,199895486317,0
8405,4614762981,180
8406,62754786,223600
8407,133617753358,20
8408,58096686135,30
8409,199895486317,0
8410,150738065978,80
8411,5439464766,360
8412,199895486317,0
8413,1580100102,120
8414,46054377,106830
8415,133617753358,20
8416,7218173098,250
8417,63017616687,670
8418,199895486317,0
8419,108423871,26550
8420,58096686135,30
8421,10654894370,570
8422,95024392251,10
8423,99690786963,60
8424,24971409688,50
8425,199895486317,0
8426,5744476858,16220
8427,199895486317,0
8428,58096686135,30
8429,884461957,300
8430,14475307068,190
8431,199895486317,0
8432,99690786963,60
8433,7218173098,250
8434,150738065978,80
8435,6348347708,430
8436,199895486317,0
8437,133617753358,20
8438,1257016153,200
8439,24971409688,50
8440,199895486317,0
8441,39651663,34780
8442,54056007,33090
8443,199895486317,0
8444,24971409688,50
8445,199895486317,0
8446,199895486317,0
8447,199895486317,0
8448,1580100102,120
8449,199895486317,0
8450,199895486317,0
8451,58148998,73350
8452,95024392251,10
8453,199895486317,0
8454,199895486317,0
8455,8145471336,560
8456,156922756435,40
8457,5040148488,340
8458,1397444182,150
8459,1397444182,150
8460,93590680020,2510
8461,37573836481,830
8462,58096686135,30
8463,199895486317,0
8464,199895486317,0
8465,5841178222,2020
8466,199895486317,0
8467,156922756435,40
8468,156922756435,40
8469,133617753358,20
8470,199895486317,0
8471,199895486317,0
8472,1257016153,200
8473,199895486317,0
8474,89213611331,100
8475,199895486317,0
8476,99690786963,60
8477,24971409688,50
8478,199895486317,0
8479,35582222265,3890
8480,199895486317,0
8481,133617753358,20
8482,199895486317,0
8483,199895486317,0
8484,199895486317,0
8485,199895486317,0
8486,133617753358,20
8487,199895486317,0
8488,199895486317,0
8489,372336959068,70
8490,133617753358,20
8491,112167320933,90
8492,39131299,53450
8493,199895486317,0
8494,24971409688,50
8495,199895486317,0
8496,199895486317,0
8497,199895486317,0
8498,58096686135,30
8499,199895486317,0
8500,372336959068,70
8501,199895486317,0
8502,24971409688,50
8503,41861241,263730
8504,150738065978,80
8505,133617753358,20
8506,45182671,76640
8507,884461957,300
8508,199895486317,0
8509,4001483371,4000
8510,12146948584,350
8511,199895486317,0
8512,199895486317,0
8513,1257016153,200
8514,4581580340,170
8515,89213611331,100
8516,99690786963,60
8517,199895486317,0
8518,24971409688,50
8519,95024392251,10
8520,199895486317,0
8521,95024392251,10
8522,199895486317,0
8523,199895486317,0
8524,95024392251,10
8525,372336959068,70
8526,1257016153,200
8527,199895486317,0
8528,199895486317,0
8529,1257016153,200
8530,1257016153,200
8531,199895486317,0
8532,112167320933,90
8533,9651044235,370
8534,372336959068,70
8535,38842976,68430
8536,7974666852,330
8537,199895486317,0
8538,20434572,126420
8539,199895486317,0
8540,1397444182,150
8541,150738065978,80
8542,59584924,293790
8543,199895486317,0
8544,199895486317,0
8545,99690786963,60
8546,24317781,71520
8547,112167320933,90
8548,199895486317,0
8549,199895486317,0
8550,199895486317,0
8551,1257016153,200
8552,1992334443,1000
8553,199895486317,0
8554,5117228589,280
8555,199895486317,0
8556,24971409688,50
8557,8725985935,510
8558,199895486317,0
8559,49080633659,4180
8560,937182873,600
8561,199895486317,0
8562,99690786963,60
8563,156922756435,40
8564,199895486317,0
8565,199895486317,0
8566,1580100102,120
8567,199895486317,0
8568,4114302921,900
8569,35111032227,760
8570,199895486317,0
8571,58096686135,30
8572,24971409688,50
8573,95024392251,10
8574,99690786963,60
8575,62038402,76540
8576,58096686135,30
8577,199895486317,0
8578,199895486317,0
8579,199895486317,0
8580,61745813,486540
8581,24971409688,50
8582,57279936,240000
8583,95024392251,10
8584,1257016153,200
8585,50377654619,9400
8586,31531855,113810
8587,199895486317,0
8588,199895486317,0
8589,43458298922,1280
8590,42005639,261330
8591,199895486317,0
8592,36949778,117140
8593,133617753358,20
8594,199895486317,0
8595,99690786963,60
8596,1257016153,200
8597,1397444182,150
8598,199895486317,0
8599,199895486317,0
8600,20033038895,660
8601,199895486317,0
8602,96180931086,3500
8603,1257016153,200
8604,199895486317,0
8605,199895486317,0
8606,199895486317,0
8607,99690786963,60
8608,3351140730,130
8609,48673902379,3810
8610,35105116,126840
8611,1257016153,200
8612,199895486317,0
8613,199895486317,0
8614,199895486317,0
8615,199895486317,0
8616,199895486317,0
8617,199895486317,0
8618,1397444182,150
8619,133617753358,20
8620,37753951,189740
8621,45760007,65180
8622,8725985935,510
8623,150738065978,80
8624,199895486317,0
8625,60170121,42800
8626,58096686135,30
8627,199895486317,0
8628,89213611331,100
8629,4008213810,310
8630,95024392251,10
8631,199895486317,0
8632,42683617110,2040
8633,52246466,55710
8634,199895486317,0
8635,99690786963,60
8636,43633664,144290
8637,3563338753,500
8638,8145471336,560
8639,89213611331,100
8640,58096686135,30
8641,99690786963,60
8642,5052232239,290
8643,1580100102,120
8644,199895486317,0
8645,62208037,40880
8646,24862734501,380
8647,47624509,232760
8648,199895486317,0
8649,199895486317,0
8650,95024392251,10
8651,199895486317,0
8652,95024392251,10
8653,199895486317,0
8654,199895486317,0
8655,372336959068,70
8656,154530653,25870
8657,199895486317,0
8658,3708328705,270
8659,58096686135,30
8660,89213611331,100
8661,199895486317,0
8662,1257016153,200
8663,1397444182,150
8664,5454835113,15550
8665,5380879713,240
8666,199895486317,0
8667,4008213810,310
8668,199895486317,0
8669,56127657,241740
8670,156922756435,40
8671,133617753358,20
8672,199895486317,0
8673,14814045514,800
8674,52668541,232740
8675,199895486317,0
8676,89213611331,100
8677,54397530,247450
8678,199895486317,0
8679,199895486317,0
8680,55270882,44220
8681,2050527119,400
8682,199895486317,0
8683,199895486317,0
8684,133617753358,20
8685,95024392251,10
8686,937182873,600
8687,1257016153,200
8688,48605246884,3350
8689,58096686135,30
8690,9798835701,460
8691,199895486317,0
8692,199895486317,0
8693,47196430,56240
8694,1397444182,150
8695,4581580340,170
8696,199895486317,0
8697,61352677,40290
8698,24971409688,50
8699,7974666852,330
8700,72538480212,1700
8701,199895486317,0
8702,133617753358,20
8703,4614762981,180
8704,199895486317,0
8705,89213611331,100
8706,199895486317,0
8707,199895486317,0
8708,11329401875,1500
8709,44210458,172750
8710,99690786963,60
8711,199895486317,0
8712,48706836,146700
8713,199895486317,0
8714,372336959068,70
8715,199895486317,0
8716,14475307068,190
8717,3351140730,130
8718,133617753358,20
8719,199895486317,0
8720,99690786963,60
8721,199895486317,0
8722,4614762981,180
8723,199895486317,0
8724,199895486317,0
8725,95024392251,10
8726,199895486317,0
8727,2691065770,210
8728,199895486317,0
8729,1580100102,120
8730,2234658666,18980
8731,58096686135,30
8732,50039995,500000
8733,5637723967,160
8734,199895486317,0
8735,199895486317,0
8736,199895486317,0
8737,41212769,124840
8738,18142448437,390
8739,1257016153,200
8740,58096686135,30
8741,99690786963,60
8742,199895486317,0
8743,14475307068,190
8744,199895486317,0
8745,199895486317,0
8746,58096686135,30
8747,3351140730,130
8748,40635889,188080
8749,133617753358,20
8750,19754831288,6580
8751,99690786963,60
8752,199895486317,0
8753,199895486317,0
8754,199895486317,0
8755,48705689,171370
8756,24971409688,50
8757,95024392251,10
8758,199895486317,0
8759,2877244766,19130
8760,199895486317,0
8761,5794283918,1100
8762,133617753358,20
8763,20832874289,410
8764,45812185499,1060
8765,5637723967,160
8766,199895486317,0
8767,199895486317,0
8768,3351140730,130
8769,89213611331,100
8770,32567020,173690
8771,58096686135,30
8772,89213611331,100
8773,58096686135,30
8774,133617753358,20
8775,199895486317,0
8776,199895486317,0
8777,49166405,182710
8778,5637723967,160
8779,156922756435,40
8780,1257016153,200
8781,199895486317,0
8782,99690786963,60
8783,133617753358,20
8784,2686103608,320
8785,199895486317,0
8786,199895486317,0
8787,7218173098,250
8788,133617753358,20
8789,199895486317,0
8790,133617753358,20
8791,199895486317,0
8792,199895486317,0
8793,199895486317,0
8794,99690786963,60
8795,58096686135,30
8796,199895486317,0
8797,7218173098,250
8798,89213611331,100
8799,2691065770,210
8800,199895486317,0
8801,199895486317,0
8802,147931464614,3300
8803,199895486317,0
8804,641419962,22740
8805,884461957,300
8806,133617753358,20
8807,199895486317,0
8808,199895486317,0
8809,24971409688,50
8810,99690786963,60
8811,42849491459,6510
8812,199895486317,0
8813,3351140730,130
8814,937182873,600
8815,2050527119,400
8816,58096686135,30
8817,18945197840,440
8818,199895486317,0
8819,133617753358,20
8820,38258834,206780
8821,199895486317,0
8822,2050527119,400
8823,199895486317,0
8824,112167320933,90
8825,112167320933,90
8826,133617753358,20
8827,372336959068,70
8828,58096686135,30
8829,199895486317,0
8830,3563338753,500
8831,62322372,423840
8832,199895486317,0
8833,29340677909,480
8834,199895486317,0
8835,58096686135,30
8836,150738065978,80
8837,2691065770,210
8838,199895486317,0
8839,199895486317,0
8840,199895486317,0
8841,199895486317,0
8842,23613628236,1010
8843,199895486317,0
8844,199895486317,0
8845,1992334443,1000
8846,199895486317,0
8847,199895486317,0
8848,199895486317,0
8849,7974666852,330
8850,19754831288,6580
8851,156922756435,40
8852,199895486317,0
8853,1257016153,200
8854,20466689483,850
8855,199895486317,0
8856,40177186,132340
8857,199895486317,0
8858,1992334443,1000
8859,95024392251,10
8860,884461957,300
8861,89286068496,1780
8862,5715697093,220
8863,199895486317,0
8864,1580100102,120
8865,112826169829,960
8866,99690786963,60
8867,17460068190,11340
8868,42004927,284890
8869,372336959068,70
8870,199895486317,0
8871,199895486317,0
8872,58096686135,30
8873,112167320933,90
8874,199895486317,0
8875,937182873,600
8876,13910560037,1600
8877,199895486317,0
8878,199895486317,0
8879,133617753358,20
8880,156922756435,40
8881,156922756435,40
8882,35853164560,580
8883,199895486317,0
8884,199895486317,0
8885,199895486317,0
8886,59012424,70760
8887,199895486317,0
8888,23950352,134200
8889,38979239,286530
8890,99690786963,60
8891,99690786963,60
8892,1257016153,200
8893,199895486317,0
8894,133617753358,20
8895,99690786963,60
8896,112167320933,90
8897,199895486317,0
8898,3351140730,130
8899,6280641646,16170
8900,4614762981,180
8901,199895486317,0
8902,99690786963,60
8903,95024392251,10
8904,57575046,43210
8905,58096686135,30
8906,95024392251,10
8907,199895486317,0
8908,937182873,600
8909,3583135578,110
8910,199895486317,0
8911,112167320933,90
8912,99690786963,60
8913,199895486317,0
8914,112167320933,90
8915,199895486317,0
8916,199895486317,0
8917,1257016153,200
8918,199895486317,0
8919,937182873,600
8920,115410568,27800
8921,51128293,137930
8922,1580100102,120
8923,133617753358,20
8924,199895486317,0
8925,25760186,65930
8926,199895486317,0
8927,5117228589,280
8928,199895486317,0
8929,156922756435,40
8930,199895486317,0
8931,199895486317,0
8932,199895486317,0
8933,156922756435,40
8934,199895486317,0
8935,199895486317,0
8936,199895486317,0
8937,150738065978,80
8938,199895486317,0
8939,199895486317,0
8940,3351140730,130
8941,199895486317,0
8942,40905648715,1400
8943,69426338,325680
8944,199895486317,0
8945,156922756435,40
8946,58096686135,30
8947,199895486317,0
8948,49168460,152110
8949,5715697093,220
8950,95024392251,10
8951,58096686135,30
8952,199895486317,0
8953,58096686135,30
8954,70637233,314820
8955,3351140730,130
8956,58096686135,30
8957,4614762981,180
8958,199895486317,0
8959,112167320933,90
8960,58096686135,30
8961,199895486317,0
8962,4581580340,170
8963,1580100102,120
8964,199895486317,0
8965,199895486317,0
8966,58096686135,30
8967,99690786963,60
8968,199895486317,0
8969,199895486317,0
8970,89213611331,100
8971,199895486317,0
8972,89213611331,100
8973,12735433082,12480
8974,199895486317,0
8975,34410855,194130
8976,56503297324,7140
8977,2050527119,400
8978,60306233,76340
8979,95024392251,10
8980,199895486317,0
8981,57279726,241380
8982,6686885106,260
8983,1257016153,200
8984,60454733,95130
8985,199895486317,0
8986,199895486317,0
8987,3351140730,130
8988,199895486317,0
8989,199895486317,0
8990,2686103608,320
8991,14115377113,3000
8992,199895486317,0
8993,156922756435,40
8994,38908841,140570
8995,199895486317,0
8996,45701846,38330
8997,133617753358,20
8998,199895486317,0
8999,57110295792,680
9000,2319215827,140
9001,9651044235,370
9002,199895486317,0
9003,199895486317,0
9004,199895486317,0
9005,133617753358,20
9006,884461957,300
9007,89213611331,100
9008,9798835701,460
9009,199895486317,0
9010,133617753358,20
9011,52280082,160160
9012,112167320933,90
9013,14814045514,800
9014,884461957,300
9015,37573836481,830
9016,99690786963,60
9017,51028371735,6250
9018,199895486317,0
9019,22457361821,1050
9020,199895486317,0
9021,58096686135,30
9022,133617753358,20
9023,199895486317,0
9024,199895486317,0
9025,199895486317,0
9026,4581580340,170
9027,2691065770,210
9028,199895486317,0
9029,199895486317,0
9030,199895486317,0
9031,40905648715,1400
9032,199895486317,0
9033,199895486317,0
9034,95024392251,10
9035,199895486317,0
9036,44532768108,9210
9037,89213611331,100
9038,95024392251,10
9039,99690786963,60
9040,56276074,87270
9041,199895486317,0
9042,199895486317,0
9043,199895486317,0
9044,58096686135,30
9045,58096686135,30
9046,199895486317,0
9047,95024392251,10
9048,7218173098,250
9049,4614762981,180
9050,199895486317,0
9051,12482656669,750
9052,199895486317,0
9053,199895486317,0
9054,5715697093,220
9055,199895486317,0
9056,133617753358,20
9057,199895486317,0
9058,199895486317,0
9059,1580100102,120
9060,199895486317,0
9061,58096686135,30
9062,884461957,300
9063,99690786963,60
9064,156922756435,40
9065,58096686135,30
9066,199895486317,0
9067,199895486317,0
9068,199895486317,0
9069,5637723967,160
9070,199895486317,0
9071,199895486317,0
9072,199895486317,0
9073,50218902,269860
9074,199895486317,0
9075,199895486317,0
9076,199895486317,0
9077,95024392251,10
9078,24648050551,1140
9079,4114302921,900
9080,1257016153,200
9081,199895486317,0
9082,199895486317,0
9083,133617753358,20
9084,199895486317,0
9085,199895486317,0
9086,4614762981,180
9087,99690786963,60
9088,95024392251,10
9089,199895486317,0
9090,199895486317,0
9091,199895486317,0
9092,133617753358,20
9093,199895486317,0
9094,199895486317,0
9095,45764510,49440
9096,156922756435,40
9097,5637723967,160
9098,199895486317,0
9099,58096686135,30
9100,199895486317,0
9101,4581580340,170
9102,199895486317,0
9103,199895486317,0
9104,199895486317,0
9105,199895486317,0
9106,156922756435,40
9107,199895486317,0
9108,2691065770,210
9109,150738065978,80
9110,884461957,300
9111,58096686135,30
9112,51090324,49550
9113,35853164560,580
9114,133617753358,20
9115,89213611331,100
9116,37754793,183530
9117,199895486317,0
9118,1257016153,200
9119,133617753358,20
9120,52510199,100120
9121,199895486317,0
9122,2691065770,210
9123,7746534246,530
9124,199895486317,0
9125,4581580340,170
9126,95024392251,10
9127,2050527119,400
9128,199895486317,0
9129,199895486317,0
9130,199895486317,0
9131,199895486317,0
9132,53453679308,1370
9133,884461957,300
9134,199895486317,0
9135,199895486317,0
9136,133617753358,20
9137,199895486317,0
9138,40061628,106760
9139,58096686135,30
9140,52246129,43580
9141,199895486317,0
9142,46911906748,730
9143,58096686135,30
9144,156922756435,40
9145,58096686135,30
9146,156922756435,40
9147,199895486317,0
9148,199895486317,0
9149,16725704523,1030
9150,199895486317,0
9151,24963562485,2190
9152,199895486317,0
9153,3563338753,500
9154,133617753358,20
9155,199895486317,0
9156,1257016153,200
9157,199895486317,0
9158,199895486317,0
9159,34643958,146450
9160,20033038895,660
9161,22789023,35360
9162,99690786963,60
9163,199895486317,0
9164,56559977,220980
9165,63772550,58160
9166,34066952,118680
9167,199895486317,0
9168,24971409688,50
9169,199895486317,0
9170,24971409688,50
9171,199895486317,0
9172,5052232239,290
9173,937182873,600
9174,2691065770,210
9175,18443957751,1200
9176,5909996763,450
9177,56598817,39890
9178,3359018551,420
9179,1580100102,120
9180,133617753358,20
9181,199895486317,0
9182,58096686135,30
9183,199895486317,0
9184,199895486317,0
9185,199895486317,0
9186,199895486317,0
9187,2267001065,16370
9188,156922756435,40
9189,3583135578,110
9190,95024392251,10
9191,199895486317,0
9192,97150219,27490
9193,24971409688,50
9194,1963171032,19520
9195,199895486317,0
9196,58096686135,30
9197,199895486317,0
9198,199895486317,0
9199,25463485161,1180
9200,99690786963,60
9201,24963562485,2190
9202,1397444182,150
9203,89213611331,100
9204,57110295792,680
9205,199895486317,0
9206,199895486317,0
9207,199895486317,0
9208,5637723967,160
9209,99690786963,60
9210,199895486317,0
9211,9787512983,2000
9212,199895486317,0
9213,884461957,300
9214,884461957,300
9215,884461957,300
9216,199895486317,0
9217,3351140730,130
9218,95024392251,10
9219,133617753358,20
9220,1397444182,150
9221,199895486317,0
9222,199895486317,0
9223,199895486317,0
9224,199895486317,0
9225,199895486317,0
9226,199895486317,0
9227,199895486317,0
9228,60341546,40330
9229,199895486317,0
9230,27461400156,11030
9231,112167320933,90
9232,65500213,60140
9233,28556054607,550
9234,199895486317,0
9235,199895486317,0
9236,58096686135,30
9237,43592496,54600
9238,58096686135,30
9239,89213611331,100
9240,6686885106,260
9241,50039995,500000
9242,199895486317,0
9243,49578731725,9480
9244,99690786963,60
9245,199895486317,0
9246,199895486317,0
9247,1580100102,120
9248,50039995,500000
9249,17292229334,700
9250,150738065978,80
9251,99690786963,60
9252,2050527119,400
9253,30295032087,720
9254,199895486317,0
9255,156922756435,40
9256,156922756435,40
9257,1992334443,1000
9258,199895486317,0
9259,58096686135,30
9260,199895486317,0
9261,372336959068,70
9262,133617753358,20
9263,58096686135,30
9264,199895486317,0
9265,199895486317,0
9266,199895486317,0
9267,199895486317,0
9268,133617753358,20
9269,24971409688,50
9270,199895486317,0
9271,199895486317,0
9272,3351140730,130
9273,24971409688,50
9274,2050527119,400
9275,133617753358,20
9276,20832874289,410
9277,199895486317,0
9278,58096686135,30
9279,199895486317,0
9280,58096686135,30
9281,199895486317,0
9282,199895486317,0
9283,3351140730,130
9284,199895486317,0
9285,199895486317,0
9286,199895486317,0
9287,937182873,600
9288,199895486317,0
9289,133617753358,20
9290,4581580340,170
9291,99690786963,60
9292,199895486317,0
9293,199895486317,0
9294,60707960,37000
9295,199895486317,0
9296,199895486317,0
9297,199895486317,0
9298,13910560037,1600
9299,112167320933,90
9300,199895486317,0
9301,937182873,600
9302,2319215827,140
9303,1257016153,200
9304,24971409688,50
9305,199895486317,0
9306,50039995,500000
9307,56997094,44120
9308,199895486317,0
9309,199895486317,0
9310,58096686135,30
9311,199895486317,0
9312,112167320933,90
9313,59735772959,810
9314,199895486317,0
9315,89213611331,100
9316,199895486317,0
9317,133617753358,20
9318,58096686135,30
9319,199895486317,0
9320,7218173098,250
9321,199895486317,0
9322,199895486317,0
9323,199895486317,0
9324,199895486317,0
9325,48014981,181630
9326,24971409688,50
9327,5380879713,240
9328,40426453,42180
9329,199895486317,0
9330,199895486317,0
9331,156922756435,40
9332,199895486317,0
9333,99690786963,60
9334,937182873,600
9335,199895486317,0
9336,3351140730,130
9337,133617753358,20
9338,58096686135,30
9339,199895486317,0
9340,199895486317,0
9341,112167320933,90
9342,5052232239,290
9343,199895486317,0
9344,89213611331,100
9345,1992334443,1000
9346,199895486317,0
9347,99690786963,60
9348,199895486317,0
9349,199895486317,0
9350,199895486317,0
9351,199895486317,0
9352,199895486317,0
9353,4614762981,180
9354,199895486317,0
9355,7974666852,330
9356,199895486317,0
9357,14814045514,800
9358,112167320933,90
9359,3563338753,500
9360,20141054,50860
9361,133617753358,20
9362,3351140730,130
9363,38258875,96800
9364,1257016153,200
9365,4614762981,180
9366,27736694344,1150
9367,199895486317,0
9368,199895486317,0
9369,89213611331,100
9370,199895486317,0
9371,107003246683,1290
9372,199895486317,0
9373,133617753358,20
9374,1257016153,200
9375,199895486317,0
9376,95024392251,10
9377,199895486317,0
9378,199895486317,0
9379,199895486317,0
9380,95024392251,10
9381,54542904,73960
9382,199895486317,0
9383,57286945,78760
9384,53453679308,1370
9385,5380879713,240
9386,156922756435,40
9387,199895486317,0
9388,199895486317,0
9389,199895486317,0
9390,58096686135,30
9391,58096686135,30
9392,199895486317,0
9393,199895486317,0
9394,89213611331,100
9395,4581580340,170
9396,199895486317,0
9397,2050527119,400
9398,24971409688,50
9399,199895486317,0
9400,199895486317,0
9401,199895486317,0
9402,112167320933,90
9403,1257016153,200
9404,58096686135,30
9405,199895486317,0
9406,1397444182,150
9407,58096686135,30
9408,884461957,300
9409,199895486317,0
9410,39829176,114750
9411,199895486317,0
9412,199895486317,0
9413,112167320933,90
9414,937182873,600
9415,199895486317,0
9416,2319215827,140
9417,199895486317,0
9418,199895486317,0
9419,199895486317,0
9420,2119486260,19780
9421,133617753358,20
9422,199895486317,0
9423,38100874,160790
9424,199895486317,0
9425,199895486317,0
9426,42252010,128350
9427,199895486317,0
9428,199895486317,0
9429,199895486317,0
9430,94731422856,1790
9431,199895486317,0
9432,52774447,33820
9433,199895486317,0
9434,58096686135,30
9435,133617753358,20
9436,45479670,141950
9437,1580100102,120
9438,199895486317,0
9439,199895486317,0
9440,1580100102,120
9441,199895486317,0
9442,199895486317,0
9443,95024392251,10
9444,58096686135,30
9445,31415129,192750
9446,2050527119,400
9447,3583135578,110
9448,21693192042,490
9449,50039995,500000
9450,199895486317,0
9451,1397444182,150
9452,199895486317,0
9453,199895486317,0
9454,21693192042,490
9455,4008213810,310
9456,199895486317,0
9457,112167320933,90
9458,16725704523,1030
9459,89213611331,100
9460,199895486317,0
9461,199895486317,0
9462,199895486317,0
9463,1992334443,1000
9464,5794283918,1100
9465,2050527119,400
9466,150738065978,80
9467,199895486317,0
9468,199895486317,0
9469,199895486317,0
9470,152811387632,3030
9471,1257016153,200
9472,18142448437,390
9473,57006563625,8760
9474,199895486317,0
9475,4087369411,230
9476,55592949,370300
9477,54977207,87610
9478,199895486317,0
9479,1257016153,200
9480,133617753358,20
9481,99690786963,60
9482,4614762981,180
9483,1397444182,150
9484,3359018551,420
9485,61608725,86070
9486,199895486317,0
9487,5637723967,160
9488,199895486317,0
9489,199895486317,0
9490,4614762981,180
9491,199895486317,0
9492,199895486317,0
9493,5439464766,360
9494,58096686135,30
9495,24971409688,50
9496,66436897,37440
9497,199895486317,0
9498,112167320933,90
9499,133617753358,20
9500,199895486317,0
9501,14475307068,190
9502,1580100102,120
9503,199895486317,0
9504,24971409688,50
9505,199895486317,0
9506,34066929,109470
9507,62467049,243480
9508,2686103608,320
9509,3351140730,130
9510,30295032087,720
9511,1873164618,18900
9512,3563338753,500
9513,89213611331,100
9514,89213611331,100
9515,52668879,245820
9516,24971409688,50
9517,1257016153,200
9518,199895486317,0
9519,199895486317,0
9520,8145471336,560
9521,199895486317,0
9522,34538756475,1080
9523,113247305237,1270
9524,49930140,211100
9525,36665242422,3880
9526,28840901516,520
9527,199895486317,0
9528,199895486317,0
9529,199895486317,0
9530,199895486317,0
9531,58096686135,30
9532,35111032227,760
9533,884461957,300
9534,24971409688,50
9535,199895486317,0
9536,199895486317,0
9537,112167320933,90
9538,199895486317,0
9539,112167320933,90
9540,199895486317,0
9541,133617753358,20
9542,24971409688,50
9543,199895486317,0
9544,199895486317,0
9545,50039995,500000
9546,50039995,500000
9547,199895486317,0
9548,1580100102,120
9549,156922756435,40
9550,13323169972,610
9551,1992334443,1000
9552,199895486317,0
9553,199895486317,0
9554,95024392251,10
9555,199895486317,0
9556,99690786963,60
9557,199895486317,0
9558,1257016153,200
9559,9256822421,13830
9560,17309206907,540
9561,937182873,600
9562,24971409688,50
9563,13323169972,610
9564,884461957,300
9565,46836615894,4100
9566,199895486317,0
9567,199895486317,0
9568,5439464766,360
9569,150738065978,80
9570,43567672056,910
9571,199895486317,0
9572,491205545,22030
9573,1257016153,200
9574,199895486317,0
9575,46911906748,730
9576,2686103608,320
9577,99690786963,60
9578,199895486317,0
9579,199895486317,0
9580,24862734501,380
9581,199895486317,0
9582,1257016153,200
9583,112167320933,90
9584,199895486317,0
9585,199895486317,0
9586,199895486317,0
9587,2319215827,140
9588,31183939,133030
9589,24971409688,50
9590,372336959068,70
9591,5794283918,1100
9592,38561900,171490
9593,24862734501,380
9594,24971409688,50
9595,199895486317,0
9596,53670961272,820
9597,133617753358,20
9598,372336959068,70
9599,18560518827,620
9600,4581580340,170
9601,156922756435,40
9602,112167320933,90
9603,937182873,600
9604,199895486317,0
9605,156922756435,40
9606,199895486317,0
9607,199895486317,0
9608,156922756435,40
9609,58096686135,30
9610,1992334443,1000
9611,1257016153,200
9612,199895486317,0
9613,199895486317,0
9614,133617753358,20
9615,199895486317,0
9616,43059584,120920
9617,199895486317,0
9618,95024392251,10
9619,133617753358,20
9620,13128228672,740
9621,61571641456,1130
9622,199895486317,0
9623,884461957,300
9624,884461957,300
9625,58004750,65530
9626,11329401875,1500
9627,199895486317,0
9628,150738065978,80
9629,199895486317,0
9630,26164543188,1220
9631,199895486317,0
9632,99690786963,60
9633,199895486317,0
9634,199895486317,0
9635,6348347708,430
9636,199895486317,0
9637,372336959068,70
9638,199895486317,0
9639,1580100102,120
9640,1580100102,120
9641,89213611331,100
9642,199895486317,0
9643,12146948584,350
9644,58096686135,30
9645,1257016153,200
9646,199895486317,0
9647,294679428,24450
9648,6686885106,260
9649,45755616,45850
9650,199895486317,0
9651,199895486317,0
9652,199895486317,0
9653,199895486317,0
9654,199895486317,0
9655,112167320933,90
9656,13323169972,610
9657,199895486317,0
9658,199895486317,0
9659,133617753358,20
9660,199895486317,0
9661,60498213,28620
9662,884461957,300
9663,89213611331,100
9664,199895486317,0
9665,8024892803,650
9666,199895486317,0
9667,95024392251,10
9668,156922756435,40
9669,3563338753,500
9670,99690786963,60
9671,3563338753,500
9672,199895486317,0
9673,199895486317,0
9674,95024392251,10
9675,199895486317,0
9676,58096686135,30
9677,2050527119,400
9678,199895486317,0
9679,199895486317,0
9680,133617753358,20
9681,199895486317,0
9682,99690786963,60
9683,94647085,26740
9684,199895486317,0
9685,4087369411,230
9686,199895486317,0
9687,199895486317,0
9688,199895486317,0
9689,133636545424,3140
9690,1992334443,1000
9691,95024392251,10
9692,199895486317,0
9693,2319215827,140
9694,199895486317,0
9695,199895486317,0
9696,199895486317,0
9697,62179705,201860
9698,50039995,500000
9699,99690786963,60
9700,199895486317,0
9701,5715697093,220
9702,5052232239,290
9703,2050527119,400
9704,199895486317,0
9705,199895486317,0
9706,199895486317,0
9707,52627687,129440
9708,199895486317,0
9709,31249040209,1070
9710,58096686135,30
9711,199895486317,0
9712,199895486317,0
9713,5794283918,1100
9714,5794283918,1100
9715,1580100102,120
9716,1992334443,1000
9717,17292229334,700
9718,34874392,129270
9719,884461957,300
9720,24971409688,50
9721,95024392251,10
9722,156922756435,40
9723,199895486317,0
9724,199895486317,0
9725,46631928,125560
9726,61126607,335030
9727,37293683,112030
9728,199895486317,0
9729,199895486317,0
9730,199895486317,0
9731,24971409688,50
9732,5040148488,340
9733,199895486317,0
9734,199895486317,0
9735,199895486317,0
9736,99690786963,60
9737,199895486317,0
9738,45477737,121190
9739,199895486317,0
9740,112167320933,90
9741,58096686135,30
9742,199895486317,0
9743,199895486317,0
9744,199895486317,0
9745,199895486317,0
9746,199895486317,0
9747,199895486317,0
9748,199895486317,0
9749,199895486317,0
9750,94372693046,1690
9751,65060329,287420
9752,22789023,35360
9753,199895486317,0
9754,14651198557,12350
9755,3359018551,420
9756,95024392251,10
9757,1580100102,120
9758,56129978,80250
9759,199895486317,0
9760,199895486317,0
9761,133617753358,20
9762,199895486317,0
9763,112167320933,90
9764,57423750,230890
9765,24971409688,50
9766,58096686135,30
9767,99690786963,60
9768,7974666852,330
9769,47051595,60800
9770,50039995,500000
9771,99690786963,60
9772,1257016153,200
9773,1397444182,150
9774,9787512983,2000
9775,199895486317,0
9776,199895486317,0
9777,199895486317,0
9778,3351140730,130
9779,199895486317,0
9780,61314142,253330
9781,150738065978,80
9782,2050527119,400
9783,89213611331,100
9784,27228866,37220
9785,22457361821,1050
9786,156922756435,40
9787,6686885106,260
9788,5637723967,160
9789,199895486317,0
9790,199895486317,0
9791,199895486317,0
9792,12482656669,750
9793,199895486317,0
9794,150738065978,80
9795,51680717700,8500
9796,199895486317,0
9797,8024892803,650
9798,89213611331,100
9799,156922756435,40
9800,199895486317,0
9801,133617753358,20
9802,3583135578,110
9803,199895486317,0
9804,23613628236,1010
9805,4114302921,900
9806,199895486317,0
9807,199895486317,0
9808,199895486317,0
9809,58096686135,30
9810,47202515,44950
9811,2691065770,210
9812,199895486317,0
9813,112167320933,90
9814,54728556,380190
9815,1257016153,200
9816,199895486317,0
9817,199895486317,0
9818,99690786963,60
9819,28556054607,550
9820,133617753358,20
9821,58096686135,30
9822,58096686135,30
9823,133617753358,20
9824,112167320933,90
9825,40405417,156950
9826,199895486317,0
9827,1257016153,200
9828,112167320933,90
9829,199895486317,0
9830,199895486317,0
9831,156922756435,40
9832,7746534246,530
9833,199895486317,0
9834,199895486317,0
9835,65273841,33440
9836,199895486317,0
9837,199895486317,0
9838,58096686135,30
9839,24971409688,50
9840,6348347708,430
9841,199895486317,0
9842,199895486317,0
9843,58096686135,30
9844,199895486317,0
9845,58096686135,30
9846,72366193,345100
9847,58096686135,30
9848,95024392251,10
9849,884461957,300
9850,199895486317,0
9851,58096686135,30
9852,7218173098,250
9853,199895486317,0
9854,199895486317,0
9855,199895486317,0
9856,199895486317,0
9857,199895486317,0
9858,199895486317,0
9859,1992334443,1000
9860,58096686135,30
9861,48706476,165310
9862,38117242,68860
9863,199895486317,0
9864,99690786963,60
9865,199895486317,0
9866,199895486317,0
9867,199895486317,0
9868,69440510655,7790
9869,64204614,31340
9870,199895486317,0
9871,95024392251,10
9872,199895486317,0
9873,14814045514,800
9874,199895486317,0
9875,4087369411,230
9876,199895486317,0
9877,199895486317,0
9878,41141698,53190
9879,199895486317,0
9880,4087369411,230
9881,99690786963,60
9882,99690786963,60
9883,42713100,143350
9884,199895486317,0
9885,199895486317,0
9886,199895486317,0
9887,199895486317,0
9888,112167320933,90
9889,1397444182,150
9890,199895486317,0
9891,9651044235,370
9892,199895486317,0
9893,199895486317,0
9894,199895486317,0
9895,2543670644,19050
9896,199895486317,0
9897,199895486317,0
9898,24971409688,50
9899,24971409688,50
9900,1580100102,120
9901,199895486317,0
9902,7974666852,330
9903,199895486317,0
9904,4614762981,180
9905,89213611331,100
9906,58096686135,30
9907,199895486317,0
9908,24601392966,2100
9909,95024392251,10
9910,1580100102,120
9911,199895486317,0
9912,199895486317,0
9913,1257016153,200
9914,199895486317,0
9915,95024392251,10
9916,133617753358,20
9917,24963562485,2190
9918,199895486317,0
9919,30840790,103950
9920,199895486317,0
9921,199895486317,0
9922,199895486317,0
9923,199895486317,0
9924,150738065978,80
9925,199895486317,0
9926,56416918772,690
9927,199895486317,0
9928,199895486317,0
9929,199895486317,0
9930,199895486317,0
9931,199895486317,0
9932,89213611331,100
9933,937182873,600
9934,99690786963,60
9935,1580100102,120
9936,199895486317,0
9937,95024392251,10
9938,199895486317,0
9939,58096686135,30
9940,1257016153,200
9941,95024392251,10
9942,199895486317,0
9943,884461957,300
9944,884461957,300
9945,372336959068,70
9946,199895486317,0
9947,199895486317,0
9948,7218173098,250
9949,199895486317,0
9950,199895486317,0
9951,884461957,300
9952,5380879713,240
9953,89213611331,100
9954,199895486317,0
9955,199895486317,0
9956,95546043844,6110
9957,95024392251,10
9958,199895486317,0
9959,199895486317,0
9960,199895486317,0
9961,95024392251,10
9962,199895486317,0
9963,199895486317,0
9964,14814045514,800
9965,199895486317,0
9966,150738065978,80
9967,372336959068,70
9968,43202517841,8430
9969,156922756435,40
9970,199895486317,0
9971,59885774,47760
9972,89213611331,100
9973,199895486317,0
9974,199895486317,0
9975,1397444182,150
9976,1257016153,200
9977,14814045514,800
9978,156922756435,40
9979,199895486317,0
9980,58096686135,30
9981,1397444182,150
9982,5637723967,160
9983,199895486317,0
9984,3351140730,130
9985,5117228589,280
9986,1992334443,1000
9987,199895486317,0
9988,199895486317,0
9989,2050527119,400
9990,199895486317,0
9991,89213611331,100
9992,95024392251,10
9993,199895486317,0
9994,199895486317,0
9995,199895486317,0
9996,199895486317,0
9997,199895486317,0
9998,89213611331,100
9999,199895486317,0
