0,1,11580
1,1,86810
2,1,500000
3,1,23180
4,1,51260
5,1,366060
6,1,474480
7,1,71850
8,1,33740
9,1,230850
10,1,66250
11,1,20850
12,1,247420
13,1,69640
14,1,500000
15,1,125490
16,1,76810
17,1,25970
18,1,8510
19,1,491480
20,1,15920
21,1,153630
22,1,449350
23,1,63920
24,1,38810
25,1,166700
26,1,128930
27,1,65250
28,1,38910
29,1,97890
30,1,139890
31,1,53150
32,1,87240
33,1,138350
34,1,18410
35,1,187850
36,1,51660
37,1,304440
38,1,230230
39,1,13340
40,1,265270
41,1,234740
42,1,30250
43,1,1290
44,1,28970
45,1,500000
46,1,12070
47,1,4280
48,1,306530
49,1,93700
50,1,112130
51,1,114030
52,1,16980
53,1,164070
54,1,37250
55,1,414460
56,1,14770
57,1,36370
58,1,13040
59,1,84480
60,1,60470
61,1,49230
62,1,141580
63,1,240660
64,1,34210
65,1,35040
66,1,2200
67,1,7960
68,1,30230
69,1,23010
70,1,326890
71,1,15150
72,1,168600
73,1,185540
74,1,25940
75,1,23670
76,1,125180
77,1,65840
78,1,92100
79,1,147910
80,1,39620
81,1,377350
82,1,9670
83,1,363180
84,1,193180
85,1,416620
86,1,55190
87,1,281130
88,1,8540
89,1,78900
90,1,14170
91,1,256900
92,1,500000
93,1,49590
94,1,297830
95,1,41040
96,1,84740
97,1,122350
98,1,369730
99,1,103500
100,1,1350
101,1,48920
102,1,500000
103,1,500000
104,1,99840
105,1,51310
106,1,46660
107,1,291110
108,1,83670
109,1,414840
110,1,155500
111,1,12220
112,1,500000
113,1,97520
114,1,207010
115,1,66220
116,1,5130
117,1,44220
118,1,112030
119,1,30610
120,1,41560
121,1,98860
122,1,226770
123,1,15210
124,1,314840
125,1,105280
126,1,172350
127,1,186800
128,1,53070
129,1,40770
130,1,41720
131,1,125490
132,1,259360
133,1,11690
134,1,310580
135,1,88800
136,1,131990
137,1,74700
138,1,17480
139,1,89150
140,1,12360
141,1,72850
142,1,123380
143,1,96860
144,1,158830
145,1,167890
146,1,84470
147,1,164890
148,1,183230
149,1,179900
150,1,157750
151,1,318290
152,1,153670
153,1,36830
154,1,5420
155,1,77260
156,1,77470
157,1,88160
158,1,32090
159,1,162940
160,1,27470
161,1,189920
162,1,89870
163,1,87200
164,1,27170
165,1,40370
166,1,14030
167,1,43140
168,1,16530
169,1,111850
170,1,500000
171,1,125500
172,1,15570
173,1,114780
174,1,48840
175,1,2240
176,1,6080
177,1,269200
178,1,443160
179,1,199820
180,1,13430
181,1,219300
182,1,258130
183,1,109770
184,1,65480
185,1,151250
186,1,85870
187,1,95290
188,1,33540
189,1,197220
190,1,60910
191,1,32980
192,1,68270
193,1,198400
194,1,51140
195,1,14490
196,1,61310
197,1,25560
198,1,107280
199,1,29150
200,1,15340
201,1,362850
202,1,10460
203,1,1850
204,1,106450
205,1,38050
206,1,26230
207,1,7260
208,1,4520
209,1,81410
210,1,134950
211,1,453140
212,1,26840
213,1,91450
214,1,102130
215,1,246710
216,1,500000
217,1,1570
218,1,17560
219,1,60500
220,1,500000
221,1,81670
222,1,7200
223,1,116210
224,1,406940
225,1,372740
226,1,62690
227,1,41830
228,1,280480
229,1,61190
230,1,49270
231,1,27960
232,1,289980
233,1,134620
234,1,39980
235,1,494270
236,1,66160
237,1,45390
238,1,127020
239,1,242050
240,1,86470
241,1,323930
242,1,351650
243,1,307620
244,1,142870
245,1,105680
246,1,65280
247,1,131020
248,1,4990
249,1,33710
250,1,39720
251,1,146540
252,1,158870
253,1,43700
254,1,58080
255,1,60570
256,1,47360
257,1,55300
258,1,28140
259,1,154390
260,1,25360
261,1,75380
262,1,70670
263,1,94850
264,1,309660
265,1,240880
266,1,29100
267,1,500000
268,1,10530
269,1,90600
270,1,85590
271,1,164630
272,1,83930
273,1,171270
274,1,89900
275,1,13090
276,1,5440
277,1,14400
278,1,241770
279,1,48490
280,1,130270
281,1,500000
282,1,81970
283,1,475460
284,1,152610
285,1,30050
286,1,51080
287,1,64170
288,1,32950
289,1,66480
290,1,85980
291,1,76580
292,1,111860
293,1,3950
294,1,176170
295,1,31070
296,1,27300
297,1,62920
298,1,48550
299,1,201880
300,1,66400
301,1,207090
302,1,113450
303,1,3350
304,1,136500
305,1,26800
306,1,67760
307,1,142280
308,1,72190
309,1,12840
310,1,56350
311,1,266300
312,1,204370
313,1,4140
314,1,32960
315,1,40540
316,1,4480
317,1,100580
318,1,26580
319,1,22510
320,1,13610
321,1,19970
322,1,130380
323,1,36120
324,1,93010
325,1,4160
326,1,383380
327,1,15270
328,1,105070
329,1,70170
330,1,139170
331,1,43900
332,1,21050
333,1,436640
334,1,80710
335,1,99850
336,1,144110
337,1,78540
338,1,157460
339,1,500000
340,1,3580
341,1,500000
342,1,129020
343,1,45490
344,1,415850
345,1,30560
346,1,7590
347,1,210770
348,1,1810
349,1,52350
350,1,65590
351,1,34580
352,1,7900
353,1,36970
354,1,39910
355,1,3530
356,1,123480
357,1,100840
358,1,19870
359,1,49470
360,1,123320
361,1,5360
362,1,106730
363,1,323320
364,1,68400
365,1,34170
366,1,27340
367,1,500000
368,1,28860
369,1,417200
370,1,104190
371,1,56900
372,1,49510
373,1,75460
374,1,23150
375,1,90880
376,1,164380
377,1,147320
378,1,166490
379,1,79590
380,1,33250
381,1,52920
382,1,21210
383,1,179900
384,1,96080
385,1,102870
386,1,35570
387,1,374550
388,1,22360
389,1,26400
390,1,57060
391,1,261050
392,1,36010
393,1,151680
394,1,172220
395,1,29490
396,1,16930
397,1,168850
398,1,67660
399,1,127530
400,1,35530
401,1,15630
402,1,54790
403,1,48230
404,1,9840
405,1,9580
406,1,208550
407,1,20490
408,1,295030
409,1,3630
410,1,51130
411,1,37930
412,1,24700
413,1,184910
414,1,136270
415,1,59790
416,1,360900
417,1,249110
418,1,153640
419,1,14970
420,1,41250
421,1,111770
422,1,15830
423,1,97350
424,1,720
425,1,215130
426,1,212350
427,1,105600
428,1,189390
429,1,231090
430,1,83040
431,1,161580
432,1,18800
433,1,277010
434,1,130830
435,1,180490
436,1,196280
437,1,52630
438,1,67030
439,1,35350
440,1,15940
441,1,63610
442,1,69400
443,1,16370
444,1,20030
445,1,89030
446,1,24370
447,1,58550
448,1,37700
449,1,61810
450,1,254540
451,1,56840
452,1,94350
453,1,40390
454,1,201910
455,1,99840
456,1,189900
457,1,19080
458,1,21300
459,1,76120
460,1,120850
461,1,4300
462,1,106220
463,1,35720
464,1,30420
465,1,322430
466,1,40670
467,1,182310
468,1,108200
469,1,54520
470,1,186100
471,1,276940
472,1,323110
473,1,201070
474,1,155450
475,1,93880
476,1,58540
477,1,199200
478,1,186300
479,1,18810
480,1,45060
481,1,79410
482,1,37200
483,1,133670
484,1,7200
485,1,28730
486,1,135990
487,1,81600
488,1,500000
489,1,91920
490,1,123110
491,1,500000
492,1,45860
493,1,228470
494,1,101060
495,1,138560
496,1,365980
497,1,87180
498,1,99880
499,1,104400
500,1,9320
501,1,8710
502,1,77870
503,1,34540
504,1,137000
505,1,179510
506,1,57480
507,1,155120
508,1,161650
509,1,144550
510,1,136830
511,1,31960
512,1,24150
513,1,82860
514,1,28990
515,1,13950
516,1,67420
517,1,206580
518,1,52220
519,1,48710
520,1,250960
521,1,172950
522,1,33450
523,1,143410
524,1,34370
525,1,98300
526,1,356510
527,1,109190
528,1,38870
529,1,23160
530,1,33530
531,1,88450
532,1,8080
533,1,180
534,1,75330
535,1,204140
536,1,37230
537,1,451850
538,1,84160
539,1,19840
540,1,50780
541,1,38690
542,1,10870
543,1,15430
544,1,104790
545,1,14370
546,1,142330
547,1,71570
548,1,245430
549,1,263660
550,1,46550
551,1,31530
552,1,1830
553,1,128540
554,1,50260
555,1,42290
556,1,16240
557,1,102900
558,1,61190
559,1,42710
560,1,62630
561,1,334040
562,1,9810
563,1,215100
564,1,500000
565,1,165400
566,1,37140
567,1,64990
568,1,2140
569,1,80960
570,1,34010
571,1,189320
572,1,251890
573,1,10220
574,1,8700
575,1,500000
576,1,164100
577,1,367590
578,1,17850
579,1,12260
580,1,149070
581,1,15250
582,1,40970
583,1,262780
584,1,4630
585,1,25890
586,1,46960
587,1,132620
588,1,45840
589,1,22600
590,1,72180
591,1,500000
592,1,140740
593,1,126970
594,1,500000
595,1,132130
596,1,9090
597,1,107020
598,1,500000
599,1,165680
600,1,20040
601,1,60600
602,1,44750
603,1,21540
604,1,204380
605,1,303230
606,1,334510
607,1,500000
608,1,341690
609,1,2020
610,1,120430
611,1,12300
612,1,19680
613,1,53710
614,1,39520
615,1,467390
616,1,38140
617,1,201090
618,1,44770
619,1,82520
620,1,11990
621,1,141570
622,1,112530
623,1,54270
624,1,355590
625,1,24080
626,1,395050
627,1,1750
628,1,2590
629,1,105900
630,1,29440
631,1,1110
632,1,139650
633,1,66670
634,1,59100
635,1,29880
636,1,70240
637,1,57580
638,1,126040
639,1,34020
640,1,33950
641,1,44580
642,1,10650
643,1,29700
644,1,500000
645,1,270210
646,1,326320
647,1,205990
648,1,107370
649,1,66390
650,1,64610
651,1,51790
652,1,86860
653,1,57100
654,1,232600
655,1,3470
656,1,227790
657,1,114950
658,1,43130
659,1,140750
660,1,84060
661,1,130650
662,1,254070
663,1,477740
664,1,11050
665,1,21970
666,1,65230
667,1,9780
668,1,72350
669,1,5860
670,1,118900
671,1,9530
672,1,418230
673,1,300010
674,1,500000
675,1,218030
676,1,163430
677,1,59570
678,1,305860
679,1,89090
680,1,9790
681,1,11290
682,1,4540
683,1,196480
684,1,36670
685,1,500000
686,1,46490
687,1,70670
688,1,3760
689,1,770
690,1,127370
691,1,500000
692,1,47850
693,1,500000
694,1,246440
695,1,43310
696,1,5280
697,1,89450
698,1,9820
699,1,39070
700,1,24520
701,1,47480
702,1,213860
703,1,242140
704,1,403820
705,1,21670
706,1,40670
707,1,2890
708,1,52340
709,1,97660
710,1,41770
711,1,27500
712,1,117380
713,1,166310
714,1,3500
715,1,950
716,1,180570
717,1,41820
718,1,5190
719,1,143970
720,1,182390
721,1,14750
722,1,6720
723,1,412960
724,1,17220
725,1,123730
726,1,76310
727,1,74540
728,1,9510
729,1,54010
730,1,121640
731,1,8510
732,1,54210
733,1,85440
734,1,144380
735,1,193850
736,1,30840
737,1,139360
738,1,107000
739,1,86040
740,1,276770
741,1,240150
742,1,317640
743,1,57350
744,1,82530
745,1,6680
746,1,5020
747,1,51650
748,1,500000
749,1,63390
750,1,269870
751,1,20060
752,1,478830
753,1,273640
754,1,198310
755,1,28590
756,1,107630
757,1,7660
758,1,3070
759,1,122630
760,1,9590
761,1,196840
762,1,40590
763,1,119400
764,1,23960
765,1,142610
766,1,35890
767,1,500000
768,1,30570
769,1,7700
770,1,134780
771,1,87980
772,1,92540
773,1,22320
774,1,57150
775,1,24140
776,1,158370
777,1,27590
778,1,38710
779,1,143900
780,1,4550
781,1,359960
782,1,127000
783,1,100430
784,1,91520
785,1,91890
786,1,34570
787,1,18460
788,1,298300
789,1,241020
790,1,353170
791,1,55260
792,1,6430
793,1,67700
794,1,500000
795,1,3360
796,1,321550
797,1,164300
798,1,500000
799,1,68760
800,1,279740
801,1,15040
802,1,202780
803,1,203170
804,1,39030
805,1,113190
806,1,19320
807,1,47770
808,1,51770
809,1,141630
810,1,133680
811,1,12440
812,1,163800
813,1,56550
814,1,81170
815,1,4770
816,1,13450
817,1,39070
818,1,55900
819,1,66770
820,1,34730
821,1,222540
822,1,34650
823,1,44430
824,1,327090
825,1,91570
826,1,9070
827,1,92200
828,1,23330
829,1,59200
830,1,76640
831,1,72580
832,1,164070
833,1,50940
834,1,74910
835,1,65420
836,1,33260
837,1,87750
838,1,26720
839,1,15830
840,1,280490
841,1,500000
842,1,35020
843,1,117910
844,1,149320
845,1,293120
846,1,148150
847,1,233660
848,1,41450
849,1,475820
850,1,109250
851,1,483930
852,1,73290
853,1,24300
854,1,22280
855,1,22400
856,1,410050
857,1,490
858,1,255600
859,1,12070
860,1,500000
861,1,112830
862,1,46180
863,1,13690
864,1,22070
865,1,500000
866,1,108280
867,1,15050
868,1,70150
869,1,18950
870,1,176000
871,1,15650
872,1,46070
873,1,1600
874,1,145160
875,1,158210
876,1,96530
877,1,32790
878,1,18810
879,1,18920
880,1,55010
881,1,32560
882,1,30320
883,1,50610
884,1,76320
885,1,43570
886,1,23680
887,1,11160
888,1,272500
889,1,61760
890,1,500000
891,1,48360
892,1,40180
893,1,106240
894,1,82400
895,1,61900
896,1,500000
897,1,630
898,1,19720
899,1,23190
900,1,71280
901,1,141810
902,1,140160
903,1,338850
904,1,494910
905,1,76580
906,1,19040
907,1,100550
908,1,18010
909,1,45420
910,1,74400
911,1,35550
912,1,29400
913,1,6140
914,1,138960
915,1,113850
916,1,119340
917,1,225840
918,1,178530
919,1,970
920,1,58960
921,1,30390
922,1,188870
923,1,94280
924,1,25440
925,1,498340
926,1,90530
927,1,175550
928,1,48580
929,1,33900
930,1,105070
931,1,90610
932,1,121710
933,1,16760
934,1,17910
935,1,69640
936,1,55380
937,1,54020
938,1,83490
939,1,42470
940,1,17730
941,1,299660
942,1,10080
943,1,46300
944,1,251120
945,1,35800
946,1,17470
947,1,69700
948,1,16230
949,1,113660
950,1,139610
951,1,134180
952,1,13180
953,1,9180
954,1,23190
955,1,205900
956,1,113060
957,1,34730
958,1,138240
959,1,497430
960,1,24170
961,1,53230
962,1,168380
963,1,113220
964,1,19740
965,1,72760
966,1,171500
967,1,95230
968,1,16810
969,1,80510
970,1,78200
971,1,163500
972,1,11360
973,1,1050
974,1,35350
975,1,403830
976,1,30180
977,1,41060
978,1,138840
979,1,186550
980,1,394690
981,1,5910
982,1,171530
983,1,326440
984,1,500000
985,1,194320
986,1,126240
987,1,357430
988,1,17430
989,1,209030
990,1,3720
991,1,112530
992,1,105920
993,1,52690
994,1,274370
995,1,75280
996,1,126740
997,1,23780
998,1,146820
999,1,500000
1000,1,66680
1001,1,5700
1002,1,45300
1003,1,37050
1004,1,136320
1005,1,21380
1006,1,92870
1007,1,6870
1008,1,31620
1009,1,149430
1010,1,15680
1011,1,205010
1012,1,419240
1013,1,8590
1014,1,15650
1015,1,132740
1016,1,17450
1017,1,14110
1018,1,106920
1019,1,500000
1020,1,39290
1021,1,950
1022,1,4810
1023,1,16130
1024,1,500000
1025,1,3130
1026,1,326640
1027,1,102080
1028,1,56910
1029,1,83100
1030,1,253990
1031,1,69690
1032,1,145760
1033,1,66840
1034,1,126440
1035,1,42450
1036,1,29890
1037,1,16000
1038,1,457300
1039,1,16600
1040,1,65790
1041,1,246500
1042,1,236800
1043,1,203580
1044,1,10790
1045,1,1010
1046,1,106200
1047,1,289820
1048,1,235790
1049,1,87810
1050,1,40130
1051,1,500000
1052,1,77400
1053,1,86000
1054,1,165550
1055,1,720
1056,1,68090
1057,1,17130
1058,1,78580
1059,1,370720
1060,1,67000
1061,1,500000
1062,1,500000
1063,1,16010
1064,1,74480
1065,1,14750
1066,1,123790
1067,1,48230
1068,1,229790
1069,1,59380
1070,1,21270
1071,1,37770
1072,1,33190
1073,1,289150
1074,1,7330
1075,1,33730
1076,1,11550
1077,1,10250
1078,1,17400
1079,1,117820
1080,1,69290
1081,1,313660
1082,1,60050
1083,1,21620
1084,1,97650
1085,1,88680
1086,1,60300
1087,1,2930
1088,1,82420
1089,1,177880
1090,1,26370
1091,1,29330
1092,1,47830
1093,1,23480
1094,1,62940
1095,1,72130
1096,1,14120
1097,1,112990
1098,1,20140
1099,1,400260
1100,1,189010
1101,1,500000
1102,1,163000
1103,1,103670
1104,1,500000
1105,1,38720
1106,1,119870
1107,1,49320
1108,1,164420
1109,1,32480
1110,1,212590
1111,1,17080
1112,1,17450
1113,1,31970
1114,1,810
1115,1,226080
1116,1,90930
1117,1,17860
1118,1,91460
1119,1,48530
1120,1,107670
1121,1,8010
1122,1,46510
1123,1,20420
1124,1,7700
1125,1,128100
1126,1,17380
1127,1,6870
1128,1,140470
1129,1,23080
1130,1,462590
1131,1,32420
1132,1,34390
1133,1,54600
1134,1,22340
1135,1,144040
1136,1,156900
1137,1,64460
1138,1,17720
1139,1,500000
1140,1,50250
1141,1,67720
1142,1,53910
1143,1,50870
1144,1,77910
1145,1,331400
1146,1,67160
1147,1,342060
1148,1,25120
1149,1,134820
1150,1,1860
1151,1,27300
1152,1,60890
1153,1,82640
1154,1,66070
1155,1,88310
1156,1,32390
1157,1,103730
1158,1,205550
1159,1,34330
1160,1,406460
1161,1,41200
1162,1,70210
1163,1,5490
1164,1,163610
1165,1,1940
1166,1,374730
1167,1,440
1168,1,84620
1169,1,39850
1170,1,140980
1171,1,107750
1172,1,132820
1173,1,22160
1174,1,199330
1175,1,6830
1176,1,1070
1177,1,81710
1178,1,43560
1179,1,120690
1180,1,22770
1181,1,145560
1182,1,382190
1183,1,31290
1184,1,58480
1185,1,440290
1186,1,18770
1187,1,1840
1188,1,94500
1189,1,360320
1190,1,39020
1191,1,43820
1192,1,121980
1193,1,87020
1194,1,20890
1195,1,68490
1196,1,123700
1197,1,500000
1198,1,106110
1199,1,88540
1200,1,45340
1201,1,65690
1202,1,475680
1203,1,19300
1204,1,103090
1205,1,191200
1206,1,498090
1207,1,137150
1208,1,94980
1209,1,38480
1210,1,46770
1211,1,495740
1212,1,1380
1213,1,291170
1214,1,18150
1215,1,52940
1216,1,500000
1217,1,27630
1218,1,250770
1219,1,2900
1220,1,2360
1221,1,16390
1222,1,215910
1223,1,28170
1224,1,63720
1225,1,3450
1226,1,34700
1227,1,61100
1228,1,88300
1229,1,56450
1230,1,62380
1231,1,17260
1232,1,59350
1233,1,790
1234,1,62850
1235,1,2360
1236,1,261210
1237,1,34410
1238,1,341570
1239,1,84140
1240,1,142470
1241,1,41150
1242,1,500000
1243,1,109820
1244,1,1250
1245,1,25770
1246,1,100390
1247,1,57980
1248,1,95090
1249,1,40820
1250,1,118340
1251,1,8440
1252,1,285780
1253,1,90160
1254,1,14080
1255,1,202120
1256,1,32120
1257,1,100540
1258,1,71250
1259,1,71820
1260,1,106920
1261,1,42090
1262,1,143200
1263,1,56720
1264,1,54730
1265,1,52700
1266,1,8110
1267,1,19540
1268,1,194500
1269,1,8880
1270,1,42290
1271,1,12610
1272,1,83410
1273,1,175050
1274,1,42020
1275,1,291860
1276,1,79410
1277,1,440
1278,1,123310
1279,1,426790
1280,1,100810
1281,1,7700
1282,1,3180
1283,1,82780
1284,1,117290
1285,1,81800
1286,1,31120
1287,1,5270
1288,1,500000
1289,1,51340
1290,1,32560
1291,1,290120
1292,1,24060
1293,1,405230
1294,1,500000
1295,1,197960
1296,1,8050
1297,1,164700
1298,1,500000
1299,1,21630
1300,1,205400
1301,1,500000
1302,1,102490
1303,1,217730
1304,1,56900
1305,1,393250
1306,1,87110
1307,1,37460
1308,1,189910
1309,1,52910
1310,1,108130
1311,1,30940
1312,1,172730
1313,1,1890
1314,1,80830
1315,1,47800
1316,1,286550
1317,1,447960
1318,1,48970
1319,1,223240
1320,1,23770
1321,1,79420
1322,1,87190
1323,1,56750
1324,1,500000
1325,1,48970
1326,1,127570
1327,1,43000
1328,1,28000
1329,1,101140
1330,1,18940
1331,1,35380
1332,1,16270
1333,1,44400
1334,1,257290
1335,1,30590
1336,1,101610
1337,1,319420
1338,1,140040
1339,1,22530
1340,1,39810
1341,1,306870
1342,1,204930
1343,1,276150
1344,1,98740
1345,1,275880
1346,1,326620
1347,1,102340
1348,1,94930
1349,1,333210
1350,1,145980
1351,1,60870
1352,1,36070
1353,1,292850
1354,1,213540
1355,1,86630
1356,1,433730
1357,1,56340
1358,1,500000
1359,1,411420
1360,1,15460
1361,1,127790
1362,1,51420
1363,1,212080
1364,1,274430
1365,1,97340
1366,1,57230
1367,1,59080
1368,1,282680
1369,1,56680
1370,1,58310
1371,1,76580
1372,1,500000
1373,1,12020
1374,1,4220
1375,1,103020
1376,1,15900
1377,1,500000
1378,1,312760
1379,1,138600
1380,1,134120
1381,1,179280
1382,1,70390
1383,1,129210
1384,1,38720
1385,1,82020
1386,1,267200
1387,1,18910
1388,1,1180
1389,1,49390
1390,1,62120
1391,1,106410
1392,1,78100
1393,1,72040
1394,1,132550
1395,1,174150
1396,1,13890
1397,1,27540
1398,1,33240
1399,1,104970
1400,1,60410
1401,1,3120
1402,1,26920
1403,1,57560
1404,1,24530
1405,1,30290
1406,1,32850
1407,1,8590
1408,1,60260
1409,1,263020
1410,1,83370
1411,1,117120
1412,1,24210
1413,1,397010
1414,1,206050
1415,1,2430
1416,1,21260
1417,1,53630
1418,1,466330
1419,1,174540
1420,1,46560
1421,1,93180
1422,1,28780
1423,1,28810
1424,1,351540
1425,1,149910
1426,1,59150
1427,1,500000
1428,1,22450
1429,1,16130
1430,1,10170
1431,1,22560
1432,1,24210
1433,1,10570
1434,1,240090
1435,1,127440
1436,1,361810
1437,1,195440
1438,1,81250
1439,1,223910
1440,1,89610
1441,1,37080
1442,1,23760
1443,1,90710
1444,1,75290
1445,1,100740
1446,1,179020
1447,1,63700
1448,1,47970
1449,1,263960
1450,1,10410
1451,1,36410
1452,1,24010
1453,1,84350
1454,1,58530
1455,1,220280
1456,1,82100
1457,1,77450
1458,1,64570
1459,1,251700
1460,1,29640
1461,1,13010
1462,1,8120
1463,1,17310
1464,1,103370
1465,1,27300
1466,1,500000
1467,1,269430
1468,1,52780
1469,1,460070
1470,1,33100
1471,1,218410
1472,1,133780
1473,1,43450
1474,1,28300
1475,1,53930
1476,1,290350
1477,1,11450
1478,1,29340
1479,1,500000
1480,1,15270
1481,1,7770
1482,1,14850
1483,1,166800
1484,1,65930
1485,1,50820
1486,1,170210
1487,1,51040
1488,1,165190
1489,1,90800
1490,1,50200
1491,1,268590
1492,1,53980
1493,1,136510
1494,1,220110
1495,1,107670
1496,1,100810
1497,1,53280
1498,1,14350
1499,1,20850
1500,1,500000
1501,1,106640
1502,1,88890
1503,1,273380
1504,1,20100
1505,1,95230
1506,1,82810
1507,1,81240
1508,1,68160
1509,1,55500
1510,1,106150
1511,1,500000
1512,1,22500
1513,1,109030
1514,1,206120
1515,1,72110
1516,1,3060
1517,1,111950
1518,1,154310
1519,1,216700
1520,1,87390
1521,1,44910
1522,1,11250
1523,1,45880
1524,1,23630
1525,1,57530
1526,1,14480
1527,1,54120
1528,1,84520
1529,1,100180
1530,1,213950
1531,1,24340
1532,1,42020
1533,1,26150
1534,1,163210
1535,1,80020
1536,1,2710
1537,1,277010
1538,1,43920
1539,1,21070
1540,1,70860
1541,1,195110
1542,1,64840
1543,1,290370
1544,1,72660
1545,1,69790
1546,1,11590
1547,1,32270
1548,1,69680
1549,1,32310
1550,1,500000
1551,1,137230
1552,1,18650
1553,1,44220
1554,1,7950
1555,1,6130
1556,1,160790
1557,1,146570
1558,1,265630
1559,1,150100
1560,1,41760
1561,1,14960
1562,1,70680
1563,1,12340
1564,1,247760
1565,1,35480
1566,1,99640
1567,1,229020
1568,1,152030
1569,1,162710
1570,1,65040
1571,1,146430
1572,1,165130
1573,1,17910
1574,1,371190
1575,1,4310
1576,1,104610
1577,1,56900
1578,1,59180
1579,1,141600
1580,1,104980
1581,1,57190
1582,1,4480
1583,1,220770
1584,1,29190
1585,1,175930
1586,1,55570
1587,1,258670
1588,1,500000
1589,1,21260
1590,1,24200
1591,1,1480
1592,1,135700
1593,1,77450
1594,1,500000
1595,1,63140
1596,1,500000
1597,1,152160
1598,1,110440
1599,1,34560
1600,1,48670
1601,1,72500
1602,1,15080
1603,1,15670
1604,1,39830
1605,1,96760
1606,1,470370
1607,1,33780
1608,1,114140
1609,1,27600
1610,1,206680
1611,1,31410
1612,1,142230
1613,1,217020
1614,1,43930
1615,1,138630
1616,1,356960
1617,1,16940
1618,1,12030
1619,1,47470
1620,1,18950
1621,1,12300
1622,1,195060
1623,1,95240
1624,1,500000
1625,1,281740
1626,1,215120
1627,1,70790
1628,1,41120
1629,1,92380
1630,1,212640
1631,1,48140
1632,1,17740
1633,1,24620
1634,1,430680
1635,1,215910
1636,1,95600
1637,1,139910
1638,1,128300
1639,1,60640
1640,1,109570
1641,1,299090
1642,1,161970
1643,1,29910
1644,1,178330
1645,1,77260
1646,1,126810
1647,1,225450
1648,1,225900
1649,1,149310
1650,1,122160
1651,1,227710
1652,1,97050
1653,1,51080
1654,1,6880
1655,1,500000
1656,1,60500
1657,1,110240
1658,1,6980
1659,1,44560
1660,1,148140
1661,1,71760
1662,1,39540
1663,1,9790
1664,1,31220
1665,1,71610
1666,1,112510
1667,1,8080
1668,1,41410
1669,1,161530
1670,1,17130
1671,1,143420
1672,1,215080
1673,1,137150
1674,1,91000
1675,1,7350
1676,1,309960
1677,1,103870
1678,1,175620
1679,1,98090
1680,1,4370
1681,1,52550
1682,1,175450
1683,1,6670
1684,1,104810
1685,1,184250
1686,1,69540
1687,1,5600
1688,1,58910
1689,1,106530
1690,1,4020
1691,1,33200
1692,1,72220
1693,1,62170
1694,1,27900
1695,1,85970
1696,1,49620
1697,1,10050
1698,1,118370
1699,1,7230
1700,1,248530
1701,1,36220
1702,1,10330
1703,1,410650
1704,1,186070
1705,1,500
1706,1,79450
1707,1,129610
1708,1,160800
1709,1,139480
1710,1,66300
1711,1,20440
1712,1,158310
1713,1,77990
1714,1,111200
1715,1,253260
1716,1,430370
1717,1,8050
1718,1,43980
1719,1,26950
1720,1,60680
1721,1,102930
1722,1,135170
1723,1,30200
1724,1,431220
1725,1,190310
1726,1,164010
1727,1,62010
1728,1,101570
1729,1,9150
1730,1,61770
1731,1,39820
1732,1,30090
1733,1,147410
1734,1,153540
1735,1,10910
1736,1,14520
1737,1,880
1738,1,8710
1739,1,53250
1740,1,42380
1741,1,178650
1742,1,10130
1743,1,90960
1744,1,290530
1745,1,33930
1746,1,23240
1747,1,300350
1748,1,40310
1749,1,146640
1750,1,13520
1751,1,74780
1752,1,84130
1753,1,7460
1754,1,179090
1755,1,26540
1756,1,86110
1757,1,18560
1758,1,305470
1759,1,80890
1760,1,40050
1761,1,69450
1762,1,78660
1763,1,190320
1764,1,9990
1765,1,34980
1766,1,57090
1767,1,101640
1768,1,311310
1769,1,133020
1770,1,236770
1771,1,510
1772,1,26810
1773,1,7350
1774,1,500000
1775,1,500000
1776,1,290130
1777,1,500000
1778,1,28250
1779,1,64010
1780,1,18600
1781,1,21690
1782,1,12700
1783,1,8700
1784,1,185880
1785,1,53340
1786,1,183970
1787,1,82980
1788,1,500000
1789,1,126650
1790,1,142290
1791,1,57430
1792,1,256630
1793,1,42660
1794,1,60870
1795,1,471730
1796,1,33040
1797,1,24700
1798,1,175370
1799,1,38380
1800,1,14270
1801,1,24310
1802,1,500000
1803,1,173030
1804,1,350260
1805,1,169180
1806,1,92170
1807,1,35640
1808,1,162970
1809,1,377070
1810,1,39890
1811,1,29850
1812,1,81840
1813,1,158570
1814,1,24820
1815,1,28290
1816,1,83320
1817,1,13940
1818,1,143090
1819,1,63930
1820,1,39260
1821,1,6280
1822,1,7540
1823,1,36520
1824,1,227460
1825,1,184400
1826,1,34890
1827,1,119220
1828,1,32180
1829,1,37980
1830,1,118800
1831,1,51080
1832,1,220160
1833,1,71880
1834,1,38790
1835,1,62660
1836,1,28170
1837,1,147580
1838,1,27590
1839,1,72540
1840,1,500000
1841,1,183940
1842,1,312410
1843,1,2520
1844,1,23460
1845,1,105980
1846,1,14840
1847,1,29970
1848,1,20500
1849,1,98130
1850,1,154880
1851,1,48320
1852,1,332620
1853,1,68280
1854,1,500000
1855,1,105660
1856,1,180470
1857,1,101190
1858,1,231220
1859,1,107370
1860,1,81520
1861,1,500000
1862,1,18580
1863,1,7290
1864,1,28530
1865,1,46790
1866,1,70990
1867,1,122190
1868,1,45090
1869,1,174040
1870,1,42670
1871,1,60250
1872,1,89850
1873,1,5820
1874,1,26290
1875,1,57330
1876,1,79970
1877,1,10400
1878,1,19690
1879,1,58240
1880,1,103490
1881,1,35210
1882,1,380240
1883,1,31430
1884,1,20580
1885,1,37100
1886,1,5500
1887,1,66900
1888,1,79430
1889,1,45750
1890,1,71810
1891,1,111370
1892,1,95450
1893,1,410110
1894,1,177280
1895,1,168730
1896,1,62730
1897,1,69210
1898,1,41630
1899,1,22160
1900,1,109710
1901,1,156430
1902,1,93250
1903,1,17120
1904,1,88310
1905,1,244190
1906,1,3440
1907,1,132140
1908,1,84830
1909,1,138680
1910,1,156130
1911,1,500000
1912,1,26190
1913,1,410630
1914,1,115540
1915,1,316230
1916,1,500000
1917,1,57040
1918,1,34350
1919,1,81830
1920,1,5650
1921,1,107830
1922,1,10820
1923,1,244660
1924,1,88990
1925,1,50370
1926,1,1990
1927,1,349010
1928,1,230300
1929,1,185180
1930,1,82480
1931,1,1360
1932,1,101930
1933,1,5620
1934,1,20840
1935,1,83000
1936,1,18320
1937,1,80070
1938,1,500000
1939,1,40810
1940,1,98740
1941,1,219580
1942,1,109980
1943,1,750
1944,1,366320
1945,1,55940
1946,1,226230
1947,1,82660
1948,1,203680
1949,1,33320
1950,1,180230
1951,1,468920
1952,1,109530
1953,1,196950
1954,1,159240
1955,1,94270
1956,1,24890
1957,1,36830
1958,1,121290
1959,1,40690
1960,1,500000
1961,1,78640
1962,1,160010
1963,1,5060
1964,1,135950
1965,1,55790
1966,1,181060
1967,1,103230
1968,1,372390
1969,1,36990
1970,1,231160
1971,1,5130
1972,1,17440
1973,1,134530
1974,1,5770
1975,1,135880
1976,1,60450
1977,1,137540
1978,1,64430
1979,1,65850
1980,1,24250
1981,1,54670
1982,1,47010
1983,1,55370
1984,1,79250
1985,1,89990
1986,1,465130
1987,1,166380
1988,1,25460
1989,1,47160
1990,1,24590
1991,1,146990
1992,1,15010
1993,1,325690
1994,1,51790
1995,1,500000
1996,1,143990
1997,1,17750
1998,1,11900
1999,1,11270
2000,1,30040
2001,1,51580
2002,1,224990
2003,1,21750
2004,1,45130
2005,1,83160
2006,1,33520
2007,1,71520
2008,1,78730
2009,1,122510
2010,1,28180
2011,1,38270
2012,1,2730
2013,1,60370
2014,1,306940
2015,1,131850
2016,1,115360
2017,1,7680
2018,1,145440
2019,1,36240
2020,1,41930
2021,1,36790
2022,1,227930
2023,1,104820
2024,1,246280
2025,1,49370
2026,1,84580
2027,1,40820
2028,1,78490
2029,1,8470
2030,1,356720
2031,1,9730
2032,1,211530
2033,1,43890
2034,1,88700
2035,1,5020
2036,1,26060
2037,1,42010
2038,1,143860
2039,1,108190
2040,1,117020
2041,1,226060
2042,1,130560
2043,1,99830
2044,1,211370
2045,1,19220
2046,1,13130
2047,1,114470
2048,1,30210
2049,1,19220
2050,1,20860
2051,1,135830
2052,1,35990
2053,1,95560
2054,1,57140
2055,1,107420
2056,1,412830
2057,1,67980
2058,1,408520
2059,1,7080
2060,1,124830
2061,1,102290
2062,1,33140
2063,1,93420
2064,1,15130
2065,1,31210
2066,1,25860
2067,1,88440
2068,1,41980
2069,1,34570
2070,1,110680
2071,1,113020
2072,1,84050
2073,1,61370
2074,1,56360
2075,1,61930
2076,1,23310
2077,1,134770
2078,1,26800
2079,1,3020
2080,1,25720
2081,1,49790
2082,1,91260
2083,1,177950
2084,1,130810
2085,1,103900
2086,1,580
2087,1,1940
2088,1,232520
2089,1,80430
2090,1,19580
2091,1,33950
2092,1,15710
2093,1,16870
2094,1,101080
2095,1,25870
2096,1,57810
2097,1,4050
2098,1,500000
2099,1,95180
2100,1,82150
2101,1,500000
2102,1,17960
2103,1,66830
2104,1,5360
2105,1,392830
2106,1,124580
2107,1,3910
2108,1,23600
2109,1,139850
2110,1,18460
2111,1,110280
2112,1,125660
2113,1,431690
2114,1,66670
2115,1,81500
2116,1,6790
2117,1,22450
2118,1,500000
2119,1,108530
2120,1,289930
2121,1,17090
2122,1,195750
2123,1,93880
2124,1,5750
2125,1,10550
2126,1,135610
2127,1,23530
2128,1,15230
2129,1,97050
2130,1,47420
2131,1,31200
2132,1,193850
2133,1,28410
2134,1,11820
2135,1,21760
2136,1,14120
2137,1,100490
2138,1,115550
2139,1,92830
2140,1,119250
2141,1,368980
2142,1,117090
2143,1,107480
2144,1,85720
2145,1,87040
2146,1,49470
2147,1,27370
2148,1,38530
2149,1,55940
2150,1,29700
2151,1,72350
2152,1,137670
2153,1,58100
2154,1,82870
2155,1,45040
2156,1,1740
2157,1,7530
2158,1,66630
2159,1,157120
2160,1,122280
2161,1,340090
2162,1,45310
2163,1,23740
2164,1,221510
2165,1,11540
2166,1,339680
2167,1,22260
2168,1,65760
2169,1,184680
2170,1,60400
2171,1,110720
2172,1,118030
2173,1,141560
2174,1,439390
2175,1,20420
2176,1,63350
2177,1,185100
2178,1,3310
2179,1,4760
2180,1,140780
2181,1,461780
2182,1,161670
2183,1,239180
2184,1,239810
2185,1,41400
2186,1,3540
2187,1,81440
2188,1,45870
2189,1,14050
2190,1,20290
2191,1,347170
2192,1,259240
2193,1,49270
2194,1,47990
2195,1,30610
2196,1,66740
2197,1,102690
2198,1,260070
2199,1,28260
2200,1,36820
2201,1,500000
2202,1,7520
2203,1,500000
2204,1,30720
2205,1,48670
2206,1,500000
2207,1,61500
2208,1,12750
2209,1,101010
2210,1,94160
2211,1,83260
2212,1,13470
2213,1,191510
2214,1,147800
2215,1,48620
2216,1,26950
2217,1,3080
2218,1,264410
2219,1,16010
2220,1,47400
2221,1,238730
2222,1,44720
2223,1,500000
2224,1,9780
2225,1,5510
2226,1,125060
2227,1,404050
2228,1,18530
2229,1,7590
2230,1,107730
2231,1,18540
2232,1,830
2233,1,61830
2234,1,65660
2235,1,46210
2236,1,68250
2237,1,135700
2238,1,20790
2239,1,93500
2240,1,11100
2241,1,58070
2242,1,13700
2243,1,283150
2244,1,500000
2245,1,22240
2246,1,253090
2247,1,76760
2248,1,7320
2249,1,67760
2250,1,58840
2251,1,5220
2252,1,500000
2253,1,59540
2254,1,71430
2255,1,120770
2256,1,138850
2257,1,39730
2258,1,91220
2259,1,90840
2260,1,31250
2261,1,133470
2262,1,9340
2263,1,63470
2264,1,15450
2265,1,44450
2266,1,500000
2267,1,15610
2268,1,354020
2269,1,13360
2270,1,26550
2271,1,18730
2272,1,299400
2273,1,74640
2274,1,500000
2275,1,77830
2276,1,35490
2277,1,870
2278,1,34760
2279,1,72060
2280,1,29120
2281,1,42890
2282,1,48870
2283,1,47170
2284,1,301370
2285,1,38970
2286,1,60760
2287,1,47630
2288,1,128370
2289,1,141760
2290,1,181260
2291,1,16530
2292,1,20
2293,1,81460
2294,1,69580
2295,1,9490
2296,1,27840
2297,1,47180
2298,1,64460
2299,1,165940
2300,1,61570
2301,1,241030
2302,1,70350
2303,1,500000
2304,1,33920
2305,1,32150
2306,1,3600
2307,1,5640
2308,1,294440
2309,1,25560
2310,1,119850
2311,1,18480
2312,1,317480
2313,1,57520
2314,1,168420
2315,1,435670
2316,1,54820
2317,1,96770
2318,1,111470
2319,1,82010
2320,1,55510
2321,1,487500
2322,1,79510
2323,1,231810
2324,1,13540
2325,1,234470
2326,1,222180
2327,1,84050
2328,1,29280
2329,1,6800
2330,1,1570
2331,1,30270
2332,1,40170
2333,1,24120
2334,1,64540
2335,1,36190
2336,1,15480
2337,1,57240
2338,1,286880
2339,1,5490
2340,1,500000
2341,1,48350
2342,1,156060
2343,1,29410
2344,1,81600
2345,1,152520
2346,1,117040
2347,1,352350
2348,1,167980
2349,1,16310
2350,1,8570
2351,1,73820
2352,1,256510
2353,1,167970
2354,1,1290
2355,1,127950
2356,1,422810
2357,1,124170
2358,1,500000
2359,1,157020
2360,1,209150
2361,1,31030
2362,1,177550
2363,1,500000
2364,1,4660
2365,1,180920
2366,1,177360
2367,1,126600
2368,1,30480
2369,1,49540
2370,1,171140
2371,1,42880
2372,1,480800
2373,1,13560
2374,1,62160
2375,1,36420
2376,1,91930
2377,1,63620
2378,1,64340
2379,1,141300
2380,1,142050
2381,1,41060
2382,1,101510
2383,1,233030
2384,1,78910
2385,1,47310
2386,1,165720
2387,1,9750
2388,1,54300
2389,1,431340
2390,1,61970
2391,1,69700
2392,1,90880
2393,1,4150
2394,1,86980
2395,1,126840
2396,1,181900
2397,1,500000
2398,1,83950
2399,1,75230
2400,1,45840
2401,1,179920
2402,1,116870
2403,1,18500
2404,1,39030
2405,1,17520
2406,1,22430
2407,1,19290
2408,1,117980
2409,1,500000
2410,1,178950
2411,1,26850
2412,1,163450
2413,1,44370
2414,1,310330
2415,1,83160
2416,1,143640
2417,1,14660
2418,1,28960
2419,1,277270
2420,1,13100
2421,1,139720
2422,1,2600
2423,1,39770
2424,1,75370
2425,1,500000
2426,1,189700
2427,1,182770
2428,1,95980
2429,1,400
2430,1,128950
2431,1,78950
2432,1,60590
2433,1,22040
2434,1,38790
2435,1,243020
2436,1,79130
2437,1,57040
2438,1,78200
2439,1,19180
2440,1,29550
2441,1,149520
2442,1,32340
2443,1,95800
2444,1,5410
2445,1,113670
2446,1,416400
2447,1,122590
2448,1,131970
2449,1,31120
2450,1,70610
2451,1,7800
2452,1,25240
2453,1,500000
2454,1,81060
2455,1,254050
2456,1,500000
2457,1,11840
2458,1,42930
2459,1,188130
2460,1,206650
2461,1,2380
2462,1,500000
2463,1,500000
2464,1,53500
2465,1,27870
2466,1,56200
2467,1,500000
2468,1,25820
2469,1,56370
2470,1,344070
2471,1,97240
2472,1,238020
2473,1,137740
2474,1,61260
2475,1,3940
2476,1,53810
2477,1,134440
2478,1,28600
2479,1,4670
2480,1,198960
2481,1,265600
2482,1,64840
2483,1,103610
2484,1,79650
2485,1,60780
2486,1,500000
2487,1,500000
2488,1,47670
2489,1,186050
2490,1,14910
2491,1,25320
2492,1,49690
2493,1,115680
2494,1,82790
2495,1,77310
2496,1,74390
2497,1,63410
2498,1,33010
2499,1,87310
2500,1,70880
2501,1,98790
2502,1,53830
2503,1,17650
2504,1,178700
2505,1,346530
2506,1,22130
2507,1,50880
2508,1,69590
2509,1,9420
2510,1,24670
2511,1,244510
2512,1,67470
2513,1,40770
2514,1,9570
2515,1,256450
2516,1,179080
2517,1,88160
2518,1,35340
2519,1,90760
2520,1,70570
2521,1,9220
2522,1,500000
2523,1,75280
2524,1,65100
2525,1,72430
2526,1,78920
2527,1,163560
2528,1,88930
2529,1,51010
2530,1,71890
2531,1,100300
2532,1,4680
2533,1,147650
2534,1,49170
2535,1,11170
2536,1,26200
2537,1,10830
2538,1,44410
2539,1,282830
2540,1,418560
2541,1,500000
2542,1,11830
2543,1,195700
2544,1,223960
2545,1,322080
2546,1,19740
2547,1,55150
2548,1,118170
2549,1,188690
2550,1,433010
2551,1,51160
2552,1,23580
2553,1,21570
2554,1,660
2555,1,16220
2556,1,23750
2557,1,48600
2558,1,405810
2559,1,84360
2560,1,114560
2561,1,63840
2562,1,25050
2563,1,36970
2564,1,18720
2565,1,60410
2566,1,4640
2567,1,137630
2568,1,202050
2569,1,96230
2570,1,70070
2571,1,183490
2572,1,243050
2573,1,7590
2574,1,18080
2575,1,86210
2576,1,249840
2577,1,82860
2578,1,81090
2579,1,115410
2580,1,26740
2581,1,500000
2582,1,90810
2583,1,46370
2584,1,80120
2585,1,87040
2586,1,43290
2587,1,182290
2588,1,15430
2589,1,147360
2590,1,46950
2591,1,342180
2592,1,238520
2593,1,26590
2594,1,65180
2595,1,176660
2596,1,82140
2597,1,75970
2598,1,11150
2599,1,126350
2600,1,107010
2601,1,184790
2602,1,5280
2603,1,26780
2604,1,83810
2605,1,26450
2606,1,62880
2607,1,146070
2608,1,176900
2609,1,71110
2610,1,91340
2611,1,146440
2612,1,172330
2613,1,275160
2614,1,26470
2615,1,36580
2616,1,128910
2617,1,69590
2618,1,140310
2619,1,198350
2620,1,620
2621,1,11310
2622,1,98230
2623,1,500000
2624,1,179770
2625,1,294410
2626,1,176840
2627,1,27990
2628,1,6050
2629,1,500000
2630,1,327620
2631,1,163050
2632,1,1810
2633,1,216000
2634,1,21450
2635,1,53380
2636,1,26830
2637,1,258270
2638,1,500000
2639,1,500000
2640,1,189250
2641,1,24200
2642,1,83020
2643,1,102130
2644,1,201930
2645,1,103660
2646,1,76640
2647,1,100140
2648,1,302520
2649,1,240510
2650,1,200920
2651,1,120290
2652,1,186710
2653,1,10380
2654,1,6130
2655,1,53550
2656,1,139860
2657,1,11740
2658,1,3250
2659,1,7160
2660,1,163710
2661,1,123570
2662,1,11960
2663,1,145180
2664,1,84360
2665,1,68460
2666,1,26440
2667,1,30750
2668,1,13560
2669,1,185080
2670,1,70370
2671,1,96460
2672,1,30640
2673,1,53110
2674,1,35600
2675,1,122880
2676,1,54490
2677,1,500000
2678,1,500000
2679,1,57170
2680,1,14580
2681,1,123390
2682,1,403180
2683,1,9630
2684,1,500000
2685,1,197420
2686,1,59000
2687,1,19670
2688,1,102010
2689,1,2920
2690,1,51410
2691,1,165410
2692,1,168950
2693,1,86740
2694,1,38910
2695,1,206190
2696,1,161620
2697,1,13060
2698,1,268200
2699,1,197870
2700,1,81190
2701,1,39170
2702,1,150890
2703,1,68320
2704,1,13810
2705,1,86300
2706,1,96940
2707,1,73960
2708,1,271870
2709,1,100240
2710,1,104620
2711,1,373700
2712,1,92110
2713,1,2610
2714,1,227170
2715,1,7280
2716,1,249370
2717,1,149500
2718,1,47580
2719,1,38630
2720,1,69790
2721,1,9240
2722,1,31220
2723,1,202030
2724,1,52040
2725,1,17360
2726,1,2160
2727,1,500000
2728,1,76930
2729,1,19860
2730,1,30830
2731,1,51420
2732,1,26270
2733,1,149100
2734,1,12490
2735,1,331780
2736,1,7380
2737,1,86210
2738,1,211060
2739,1,44250
2740,1,500000
2741,1,159970
2742,1,36260
2743,1,460020
2744,1,500000
2745,1,4280
2746,1,13790
2747,1,431360
2748,1,97040
2749,1,223280
2750,1,91540
2751,1,131630
2752,1,28150
2753,1,26620
2754,1,43930
2755,1,37970
2756,1,102180
2757,1,52020
2758,1,9080
2759,1,92680
2760,1,47880
2761,1,290210
2762,1,253160
2763,1,168600
2764,1,304760
2765,1,500000
2766,1,34170
2767,1,291500
2768,1,50510
2769,1,46610
2770,1,65670
2771,1,106310
2772,1,323480
2773,1,153850
2774,1,13590
2775,1,14390
2776,1,52970
2777,1,350540
2778,1,21610
2779,1,2330
2780,1,40930
2781,1,131360
2782,1,22800
2783,1,1870
2784,1,26510
2785,1,193950
2786,1,34720
2787,1,63790
2788,1,178270
2789,1,98250
2790,1,38860
2791,1,37350
2792,1,148030
2793,1,99570
2794,1,22490
2795,1,500000
2796,1,860
2797,1,208770
2798,1,55640
2799,1,174340
2800,1,84160
2801,1,143750
2802,1,500000
2803,1,34300
2804,1,38590
2805,1,36300
2806,1,28380
2807,1,50860
2808,1,89770
2809,1,500000
2810,1,116030
2811,1,11440
2812,1,197300
2813,1,98730
2814,1,500000
2815,1,6620
2816,1,87500
2817,1,40280
2818,1,70300
2819,1,62870
2820,1,48470
2821,1,377050
2822,1,181150
2823,1,145070
2824,1,53920
2825,1,34700
2826,1,25550
2827,1,17440
2828,1,55450
2829,1,24170
2830,1,32560
2831,1,384440
2832,1,58760
2833,1,112940
2834,1,56120
2835,1,8670
2836,1,243250
2837,1,210310
2838,1,15400
2839,1,87530
2840,1,112280
2841,1,18120
2842,1,33330
2843,1,180880
2844,1,10940
2845,1,50840
2846,1,27750
2847,1,80650
2848,1,11300
2849,1,18780
2850,1,16390
2851,1,38860
2852,1,32850
2853,1,203620
2854,1,16240
2855,1,166630
2856,1,78130
2857,1,68300
2858,1,15090
2859,1,122740
2860,1,7660
2861,1,205300
2862,1,99120
2863,1,7580
2864,1,111730
2865,1,8570
2866,1,33470
2867,1,10430
2868,1,29190
2869,1,17690
2870,1,46840
2871,1,165070
2872,1,114400
2873,1,369220
2874,1,49460
2875,1,11980
2876,1,500000
2877,1,43640
2878,1,100850
2879,1,13540
2880,1,92970
2881,1,230520
2882,1,286920
2883,1,71090
2884,1,37110
2885,1,390370
2886,1,71400
2887,1,141960
2888,1,256510
2889,1,43090
2890,1,66830
2891,1,44760
2892,1,115410
2893,1,92610
2894,1,8760
2895,1,32850
2896,1,65180
2897,1,77020
2898,1,94400
2899,1,68420
2900,1,58640
2901,1,359320
2902,1,46370
2903,1,60150
2904,1,333460
2905,1,113670
2906,1,138180
2907,1,51110
2908,1,260110
2909,1,241640
2910,1,37820
2911,1,106130
2912,1,80590
2913,1,121940
2914,1,165810
2915,1,49750
2916,1,78880
2917,1,59310
2918,1,6370
2919,1,143170
2920,1,182560
2921,1,11950
2922,1,94760
2923,1,33230
2924,1,43470
2925,1,167730
2926,1,4660
2927,1,52980
2928,1,84860
2929,1,51410
2930,1,166610
2931,1,109550
2932,1,67930
2933,1,150580
2934,1,6060
2935,1,75360
2936,1,49080
2937,1,62590
2938,1,24650
2939,1,120300
2940,1,62080
2941,1,69940
2942,1,156990
2943,1,100520
2944,1,500000
2945,1,26940
2946,1,5030
2947,1,42770
2948,1,69140
2949,1,500000
2950,1,130160
2951,1,20200
2952,1,6400
2953,1,53010
2954,1,61030
2955,1,108150
2956,1,81900
2957,1,233870
2958,1,30570
2959,1,5240
2960,1,101310
2961,1,17480
2962,1,214640
2963,1,500000
2964,1,42160
2965,1,97690
2966,1,9730
2967,1,76810
2968,1,35070
2969,1,286390
2970,1,175140
2971,1,91110
2972,1,144600
2973,1,336820
2974,1,203000
2975,1,131850
2976,1,168110
2977,1,8480
2978,1,21230
2979,1,16910
2980,1,327410
2981,1,95890
2982,1,200450
2983,1,134000
2984,1,79220
2985,1,65180
2986,1,500000
2987,1,500000
2988,1,33540
2989,1,291970
2990,1,5890
2991,1,240980
2992,1,160890
2993,1,500000
2994,1,37830
2995,1,499450
2996,1,500000
2997,1,47720
2998,1,29900
2999,1,39590
3000,1,3000
3001,1,76520
3002,1,139400
3003,1,355340
3004,1,318440
3005,1,173160
3006,1,102490
3007,1,15140
3008,1,52990
3009,1,30800
3010,1,25750
3011,1,1040
3012,1,153070
3013,1,93240
3014,1,269490
3015,1,438040
3016,1,50400
3017,1,351780
3018,1,1950
3019,1,493000
3020,1,156350
3021,1,61360
3022,1,27980
3023,1,99640
3024,1,13610
3025,1,122600
3026,1,2990
3027,1,70450
3028,1,3450
3029,1,101500
3030,1,58220
3031,1,64950
3032,1,46440
3033,1,72540
3034,1,14000
3035,1,80790
3036,1,142740
3037,1,23070
3038,1,23350
3039,1,500000
3040,1,331850
3041,1,51650
3042,1,146670
3043,1,101510
3044,1,45740
3045,1,65130
3046,1,57530
3047,1,59610
3048,1,11160
3049,1,312750
3050,1,171050
3051,1,11130
3052,1,89730
3053,1,340
3054,1,65820
3055,1,18610
3056,1,72160
3057,1,159910
3058,1,27030
3059,1,80610
3060,1,5980
3061,1,423830
3062,1,124870
3063,1,4930
3064,1,10120
3065,1,5840
3066,1,50510
3067,1,19750
3068,1,183350
3069,1,262970
3070,1,45980
3071,1,26640
3072,1,34140
3073,1,9550
3074,1,59200
3075,1,54750
3076,1,7980
3077,1,177210
3078,1,30390
3079,1,55330
3080,1,13770
3081,1,151970
3082,1,150020
3083,1,101770
3084,1,12790
3085,1,500000
3086,1,152390
3087,1,142070
3088,1,59380
3089,1,14620
3090,1,71210
3091,1,98170
3092,1,3800
3093,1,5480
3094,1,47110
3095,1,47440
3096,1,116450
3097,1,500000
3098,1,320360
3099,1,181600
3100,1,13400
3101,1,18640
3102,1,19700
3103,1,61090
3104,1,92430
3105,1,500000
3106,1,370690
3107,1,40050
3108,1,43710
3109,1,150020
3110,1,59460
3111,1,293900
3112,1,47590
3113,1,4730
3114,1,382010
3115,1,319010
3116,1,33920
3117,1,500000
3118,1,51140
3119,1,49970
3120,1,42590
3121,1,166750
3122,1,162480
3123,1,91190
3124,1,45970
3125,1,44610
3126,1,365250
3127,1,7260
3128,1,293030
3129,1,316650
3130,1,155770
3131,1,15670
3132,1,26280
3133,1,72880
3134,1,500000
3135,1,4300
3136,1,152770
3137,1,117540
3138,1,29250
3139,1,185560
3140,1,16380
3141,1,100400
3142,1,30970
3143,1,8620
3144,1,167200
3145,1,63730
3146,1,64530
3147,1,332370
3148,1,43060
3149,1,356710
3150,1,144180
3151,1,157830
3152,1,22670
3153,1,106440
3154,1,145230
3155,1,146630
3156,1,82810
3157,1,72160
3158,1,85050
3159,1,157830
3160,1,7290
3161,1,237740
3162,1,31230
3163,1,390650
3164,1,500000
3165,1,77340
3166,1,51470
3167,1,40330
3168,1,325000
3169,1,61090
3170,1,39600
3171,1,179430
3172,1,405830
3173,1,58050
3174,1,160220
3175,1,275200
3176,1,59050
3177,1,3770
3178,1,84630
3179,1,223670
3180,1,30110
3181,1,1760
3182,1,282700
3183,1,62490
3184,1,241920
3185,1,77830
3186,1,14560
3187,1,163270
3188,1,500000
3189,1,85230
3190,1,8840
3191,1,1370
3192,1,12020
3193,1,69960
3194,1,500000
3195,1,500000
3196,1,295870
3197,1,169410
3198,1,176390
3199,1,42230
3200,1,44180
3201,1,48360
3202,1,500000
3203,1,45010
3204,1,175010
3205,1,23590
3206,1,130210
3207,1,57280
3208,1,29810
3209,1,26780
3210,1,109960
3211,1,62150
3212,1,27010
3213,1,18790
3214,1,154200
3215,1,35060
3216,1,18040
3217,1,59340
3218,1,354300
3219,1,42090
3220,1,355610
3221,1,100010
3222,1,3830
3223,1,500000
3224,1,121050
3225,1,58810
3226,1,115510
3227,1,205300
3228,1,142830
3229,1,155440
3230,1,13360
3231,1,2440
3232,1,500000
3233,1,2580
3234,1,28740
3235,1,261810
3236,1,99430
3237,1,490
3238,1,108850
3239,1,40790
3240,1,104320
3241,1,5350
3242,1,4330
3243,1,29780
3244,1,2870
3245,1,447890
3246,1,206190
3247,1,35420
3248,1,155920
3249,1,11270
3250,1,212910
3251,1,6380
3252,1,47030
3253,1,500000
3254,1,47110
3255,1,2410
3256,1,128700
3257,1,3250
3258,1,289280
3259,1,6820
3260,1,26510
3261,1,44620
3262,1,277760
3263,1,32100
3264,1,42020
3265,1,124650
3266,1,26870
3267,1,31210
3268,1,323750
3269,1,54860
3270,1,32700
3271,1,322070
3272,1,500000
3273,1,341620
3274,1,3870
3275,1,404830
3276,1,3760
3277,1,27510
3278,1,294180
3279,1,13360
3280,1,11830
3281,1,103370
3282,1,77670
3283,1,4770
3284,1,70230
3285,1,221180
3286,1,184100
3287,1,10110
3288,1,99690
3289,1,35150
3290,1,431590
3291,1,469390
3292,1,493150
3293,1,65370
3294,1,70930
3295,1,23810
3296,1,11540
3297,1,11310
3298,1,77140
3299,1,166960
3300,1,114760
3301,1,143110
3302,1,7670
3303,1,210450
3304,1,70780
3305,1,249060
3306,1,85410
3307,1,39600
3308,1,42080
3309,1,33380
3310,1,126160
3311,1,102590
3312,1,93060
3313,1,139960
3314,1,188450
3315,1,101590
3316,1,44430
3317,1,230300
3318,1,12510
3319,1,122330
3320,1,500000
3321,1,18310
3322,1,371590
3323,1,176640
3324,1,114360
3325,1,9160
3326,1,31960
3327,1,349050
3328,1,106730
3329,1,28410
3330,1,92530
3331,1,25160
3332,1,40280
3333,1,106360
3334,1,370830
3335,1,158540
3336,1,94590
3337,1,9780
3338,1,1590
3339,1,130480
3340,1,18180
3341,1,185270
3342,1,362650
3343,1,136670
3344,1,130250
3345,1,18170
3346,1,32620
3347,1,137730
3348,1,21070
3349,1,248270
3350,1,26510
3351,1,42550
3352,1,15970
3353,1,115220
3354,1,24230
3355,1,17970
3356,1,5300
3357,1,39910
3358,1,105200
3359,1,500000
3360,1,13890
3361,1,219530
3362,1,235530
3363,1,160440
3364,1,79040
3365,1,29780
3366,1,11600
3367,1,204410
3368,1,83800
3369,1,72400
3370,1,35240
3371,1,55340
3372,1,194480
3373,1,26070
3374,1,317650
3375,1,371570
3376,1,106790
3377,1,61640
3378,1,69180
3379,1,67070
3380,1,28380
3381,1,10620
3382,1,79920
3383,1,2240
3384,1,105450
3385,1,102410
3386,1,76650
3387,1,41280
3388,1,35220
3389,1,28390
3390,1,12870
3391,1,500000
3392,1,6830
3393,1,80350
3394,1,66070
3395,1,48830
3396,1,43670
3397,1,191780
3398,1,16000
3399,1,114770
3400,1,46320
3401,1,149130
3402,1,177590
3403,1,7250
3404,1,84550
3405,1,461650
3406,1,27180
3407,1,156430
3408,1,56380
3409,1,287710
3410,1,500000
3411,1,181050
3412,1,225650
3413,1,9020
3414,1,40890
3415,1,30880
3416,1,17790
3417,1,37060
3418,1,294190
3419,1,500000
3420,1,17900
3421,1,114640
3422,1,142890
3423,1,39460
3424,1,20210
3425,1,23080
3426,1,63150
3427,1,99490
3428,1,132730
3429,1,5560
3430,1,78780
3431,1,440
3432,1,1270
3433,1,7790
3434,1,78220
3435,1,31570
3436,1,76740
3437,1,283730
3438,1,208360
3439,1,172770
3440,1,37620
3441,1,70350
3442,1,80240
3443,1,69670
3444,1,6850
3445,1,241260
3446,1,64850
3447,1,54700
3448,1,69780
3449,1,71100
3450,1,9340
3451,1,57250
3452,1,84240
3453,1,61510
3454,1,19420
3455,1,236250
3456,1,6420
3457,1,325450
3458,1,107470
3459,1,28840
3460,1,500000
3461,1,84560
3462,1,80270
3463,1,132500
3464,1,130860
3465,1,169240
3466,1,157790
3467,1,14380
3468,1,196080
3469,1,18420
3470,1,37330
3471,1,31150
3472,1,53500
3473,1,15060
3474,1,34180
3475,1,33790
3476,1,500000
3477,1,52010
3478,1,56900
3479,1,49710
3480,1,10640
3481,1,4050
3482,1,136380
3483,1,77110
3484,1,15840
3485,1,100520
3486,1,31390
3487,1,123680
3488,1,103500
3489,1,16210
3490,1,4520
3491,1,16230
3492,1,6020
3493,1,45980
3494,1,26670
3495,1,40370
3496,1,44370
3497,1,94130
3498,1,440060
3499,1,171030
3500,1,164840
3501,1,24610
3502,1,88430
3503,1,189000
3504,1,82210
3505,1,48220
3506,1,250150
3507,1,77860
3508,1,29650
3509,1,65270
3510,1,35860
3511,1,53720
3512,1,77380
3513,1,39580
3514,1,11460
3515,1,66050
3516,1,70870
3517,1,64940
3518,1,159000
3519,1,37460
3520,1,57000
3521,1,173290
3522,1,500000
3523,1,5580
3524,1,500000
3525,1,31760
3526,1,95280
3527,1,347460
3528,1,176260
3529,1,303310
3530,1,4490
3531,1,245510
3532,1,35800
3533,1,500000
3534,1,500000
3535,1,42440
3536,1,126220
3537,1,71290
3538,1,36240
3539,1,25770
3540,1,106770
3541,1,7460
3542,1,459160
3543,1,90260
3544,1,12340
3545,1,136820
3546,1,20380
3547,1,1050
3548,1,145640
3549,1,26160
3550,1,120150
3551,1,102080
3552,1,385280
3553,1,294150
3554,1,119510
3555,1,75870
3556,1,76500
3557,1,175910
3558,1,730
3559,1,11510
3560,1,29010
3561,1,10370
3562,1,9280
3563,1,36020
3564,1,53810
3565,1,55370
3566,1,17760
3567,1,3640
3568,1,16380
3569,1,90240
3570,1,248920
3571,1,74810
3572,1,112870
3573,1,72020
3574,1,54710
3575,1,70480
3576,1,66610
3577,1,20380
3578,1,92730
3579,1,32100
3580,1,22170
3581,1,403200
3582,1,74920
3583,1,72710
3584,1,19480
3585,1,246910
3586,1,12380
3587,1,4090
3588,1,23910
3589,1,116740
3590,1,181920
3591,1,349910
3592,1,10090
3593,1,214500
3594,1,435650
3595,1,55690
3596,1,165100
3597,1,19580
3598,1,205730
3599,1,91940
3600,1,177920
3601,1,45550
3602,1,6910
3603,1,345230
3604,1,1820
3605,1,50510
3606,1,1750
3607,1,32260
3608,1,212340
3609,1,9050
3610,1,74160
3611,1,31590
3612,1,8500
3613,1,89980
3614,1,1180
3615,1,327950
3616,1,147160
3617,1,45960
3618,1,89850
3619,1,19310
3620,1,53430
3621,1,85930
3622,1,144320
3623,1,119680
3624,1,184170
3625,1,1910
3626,1,56980
3627,1,129580
3628,1,319390
3629,1,183590
3630,1,235220
3631,1,46640
3632,1,11240
3633,1,6230
3634,1,500000
3635,1,18270
3636,1,64440
3637,1,248530
3638,1,47910
3639,1,1320
3640,1,5230
3641,1,37230
3642,1,22480
3643,1,46220
3644,1,52380
3645,1,500000
3646,1,10380
3647,1,11320
3648,1,500000
3649,1,29510
3650,1,300570
3651,1,60960
3652,1,45790
3653,1,24020
3654,1,78060
3655,1,420
3656,1,22030
3657,1,67930
3658,1,22170
3659,1,314930
3660,1,178470
3661,1,66940
3662,1,3560
3663,1,352010
3664,1,123900
3665,1,112880
3666,1,291360
3667,1,52830
3668,1,51710
3669,1,86940
3670,1,108760
3671,1,17130
3672,1,7330
3673,1,29620
3674,1,134060
3675,1,62780
3676,1,53930
3677,1,229920
3678,1,3510
3679,1,35720
3680,1,580
3681,1,180010
3682,1,43410
3683,1,161720
3684,1,81930
3685,1,3730
3686,1,95180
3687,1,98850
3688,1,15770
3689,1,460
3690,1,41860
3691,1,51360
3692,1,29080
3693,1,500000
3694,1,113620
3695,1,277340
3696,1,2300
3697,1,500000
3698,1,770
3699,1,37950
3700,1,41970
3701,1,203840
3702,1,21170
3703,1,158150
3704,1,34610
3705,1,28440
3706,1,91970
3707,1,53570
3708,1,37620
3709,1,500000
3710,1,166640
3711,1,39080
3712,1,81520
3713,1,500000
3714,1,287960
3715,1,106070
3716,1,32390
3717,1,55930
3718,1,24150
3719,1,52320
3720,1,68720
3721,1,30870
3722,1,278830
3723,1,401650
3724,1,23900
3725,1,26190
3726,1,286940
3727,1,86410
3728,1,314250
3729,1,3400
3730,1,25610
3731,1,67690
3732,1,500000
3733,1,35330
3734,1,101360
3735,1,15740
3736,1,36670
3737,1,142690
3738,1,90060
3739,1,74320
3740,1,97350
3741,1,117840
3742,1,8730
3743,1,104930
3744,1,500000
3745,1,94330
3746,1,49830
3747,1,97390
3748,1,178830
3749,1,33590
3750,1,169330
3751,1,32110
3752,1,204680
3753,1,283460
3754,1,19480
3755,1,4720
3756,1,145310
3757,1,204840
3758,1,20080
3759,1,6980
3760,1,58880
3761,1,180730
3762,1,129770
3763,1,500000
3764,1,58980
3765,1,86930
3766,1,105480
3767,1,155160
3768,1,293340
3769,1,23370
3770,1,6560
3771,1,82620
3772,1,55480
3773,1,59830
3774,1,500000
3775,1,44040
3776,1,28020
3777,1,315830
3778,1,61950
3779,1,230900
3780,1,26370
3781,1,176670
3782,1,125450
3783,1,68680
3784,1,126020
3785,1,463380
3786,1,424200
3787,1,500000
3788,1,77020
3789,1,43480
3790,1,226770
3791,1,10780
3792,1,86960
3793,1,443790
3794,1,140020
3795,1,433000
3796,1,257870
3797,1,168920
3798,1,149380
3799,1,16340
3800,1,223060
3801,1,150380
3802,1,22430
3803,1,207780
3804,1,156040
3805,1,17740
3806,1,226470
3807,1,247660
3808,1,20540
3809,1,9920
3810,1,140460
3811,1,28780
3812,1,104820
3813,1,59820
3814,1,114620
3815,1,50240
3816,1,29800
3817,1,158090
3818,1,500000
3819,1,81260
3820,1,224670
3821,1,9600
3822,1,59330
3823,1,47530
3824,1,490340
3825,1,28300
3826,1,24390
3827,1,27410
3828,1,34980
3829,1,74920
3830,1,56510
3831,1,3820
3832,1,490330
3833,1,43750
3834,1,200680
3835,1,201480
3836,1,185970
3837,1,13420
3838,1,59530
3839,1,61340
3840,1,49750
3841,1,63470
3842,1,138230
3843,1,103110
3844,1,244190
3845,1,265860
3846,1,32060
3847,1,269940
3848,1,116690
3849,1,65810
3850,1,60830
3851,1,500000
3852,1,105800
3853,1,305390
3854,1,38850
3855,1,18160
3856,1,4430
3857,1,88160
3858,1,9470
3859,1,84730
3860,1,31900
3861,1,14590
3862,1,119000
3863,1,38880
3864,1,4750
3865,1,50460
3866,1,47190
3867,1,156620
3868,1,86800
3869,1,10460
3870,1,163870
3871,1,38930
3872,1,2110
3873,1,206430
3874,1,10350
3875,1,28380
3876,1,81630
3877,1,68030
3878,1,126470
3879,1,27940
3880,1,29200
3881,1,5250
3882,1,10120
3883,1,134200
3884,1,123250
3885,1,49190
3886,1,18520
3887,1,148010
3888,1,40890
3889,1,42040
3890,1,12180
3891,1,41820
3892,1,389250
3893,1,204070
3894,1,35930
3895,1,83680
3896,1,110500
3897,1,500000
3898,1,248040
3899,1,34800
3900,1,65530
3901,1,12430
3902,1,34790
3903,1,500000
3904,1,20240
3905,1,375370
3906,1,89440
3907,1,55050
3908,1,15460
3909,1,332340
3910,1,27420
3911,1,22520
3912,1,9950
3913,1,37770
3914,1,120190
3915,1,22820
3916,1,121070
3917,1,4280
3918,1,134700
3919,1,411850
3920,1,14250
3921,1,129740
3922,1,95810
3923,1,500000
3924,1,12620
3925,1,87270
3926,1,80880
3927,1,80770
3928,1,500000
3929,1,76890
3930,1,128800
3931,1,19490
3932,1,193670
3933,1,500000
3934,1,231500
3935,1,317840
3936,1,140150
3937,1,4390
3938,1,22740
3939,1,75790
3940,1,46600
3941,1,31280
3942,1,92850
3943,1,68920
3944,1,160910
3945,1,260680
3946,1,500000
3947,1,144960
3948,1,462260
3949,1,29570
3950,1,233140
3951,1,91010
3952,1,18530
3953,1,117990
3954,1,18110
3955,1,220930
3956,1,29230
3957,1,98320
3958,1,193140
3959,1,16340
3960,1,500000
3961,1,48780
3962,1,500000
3963,1,259990
3964,1,214360
3965,1,98720
3966,1,49300
3967,1,210110
3968,1,95390
3969,1,20200
3970,1,41160
3971,1,75030
3972,1,58700
3973,1,49200
3974,1,234330
3975,1,164550
3976,1,9030
3977,1,88300
3978,1,198220
3979,1,30250
3980,1,105210
3981,1,169250
3982,1,98400
3983,1,14150
3984,1,32900
3985,1,15560
3986,1,74850
3987,1,27070
3988,1,97160
3989,1,1070
3990,1,358700
3991,1,130960
3992,1,21510
3993,1,230310
3994,1,13970
3995,1,6460
3996,1,106860
3997,1,135770
3998,1,2510
3999,1,177790
4000,1,131480
4001,1,95960
4002,1,131800
4003,1,145230
4004,1,26450
4005,1,243540
4006,1,19510
4007,1,48330
4008,1,43000
4009,1,58270
4010,1,256150
4011,1,107020
4012,1,44580
4013,1,500000
4014,1,30810
4015,1,122980
4016,1,321910
4017,1,72170
4018,1,8260
4019,1,59100
4020,1,262950
4021,1,44210
4022,1,380
4023,1,70850
4024,1,35860
4025,1,31500
4026,1,53480
4027,1,12390
4028,1,97510
4029,1,58060
4030,1,76980
4031,1,221280
4032,1,83360
4033,1,500000
4034,1,114820
4035,1,28620
4036,1,27370
4037,1,71540
4038,1,500000
4039,1,54220
4040,1,6730
4041,1,5870
4042,1,56170
4043,1,26720
4044,1,97120
4045,1,52880
4046,1,16190
4047,1,130250
4048,1,85790
4049,1,54680
4050,1,500000
4051,1,119570
4052,1,12710
4053,1,73940
4054,1,227630
4055,1,48560
4056,1,30920
4057,1,493590
4058,1,102070
4059,1,32470
4060,1,202680
4061,1,63560
4062,1,207820
4063,1,274230
4064,1,96770
4065,1,157130
4066,1,457620
4067,1,116850
4068,1,242900
4069,1,132970
4070,1,34270
4071,1,11960
4072,1,101430
4073,1,60210
4074,1,47770
4075,1,66610
4076,1,163270
4077,1,92660
4078,1,56120
4079,1,155220
4080,1,40980
4081,1,98510
4082,1,106850
4083,1,158280
4084,1,32870
4085,1,10350
4086,1,2000
4087,1,34360
4088,1,500000
4089,1,5030
4090,1,40570
4091,1,212120
4092,1,462390
4093,1,57180
4094,1,80820
4095,1,267570
4096,1,46580
4097,1,294330
4098,1,120350
4099,1,25890
4100,1,69730
4101,1,36060
4102,1,226600
4103,1,65160
4104,1,136530
4105,1,50100
4106,1,35820
4107,1,10430
4108,1,78640
4109,1,88120
4110,1,260580
4111,1,105900
4112,1,21890
4113,1,216300
4114,1,114960
4115,1,6260
4116,1,288460
4117,1,66490
4118,1,18900
4119,1,47540
4120,1,87800
4121,1,18730
4122,1,399110
4123,1,12390
4124,1,128870
4125,1,269080
4126,1,202090
4127,1,14130
4128,1,22430
4129,1,23850
4130,1,70570
4131,1,46890
4132,1,62460
4133,1,67240
4134,1,225550
4135,1,102660
4136,1,45000
4137,1,79710
4138,1,28980
4139,1,2470
4140,1,87450
4141,1,79750
4142,1,61050
4143,1,111190
4144,1,114860
4145,1,150900
4146,1,500000
4147,1,3150
4148,1,72440
4149,1,38130
4150,1,103090
4151,1,8100
4152,1,2900
4153,1,11710
4154,1,52000
4155,1,93130
4156,1,177180
4157,1,29270
4158,1,14530
4159,1,17820
4160,1,57910
4161,1,49640
4162,1,79600
4163,1,76440
4164,1,88420
4165,1,131090
4166,1,15180
4167,1,31070
4168,1,4710
4169,1,9710
4170,1,52690
4171,1,92570
4172,1,1140
4173,1,331060
4174,1,142090
4175,1,500000
4176,1,29370
4177,1,48370
4178,1,37250
4179,1,192520
4180,1,367840
4181,1,22940
4182,1,34210
4183,1,66860
4184,1,420
4185,1,101120
4186,1,48750
4187,1,92850
4188,1,207420
4189,1,381230
4190,1,101580
4191,1,78340
4192,1,52990
4193,1,94970
4194,1,58620
4195,1,47130
4196,1,110650
4197,1,2690
4198,1,42920
4199,1,102070
4200,1,147180
4201,1,40890
4202,1,36020
4203,1,33990
4204,1,50250
4205,1,500000
4206,1,449750
4207,1,125500
4208,1,58280
4209,1,6770
4210,1,9920
4211,1,190710
4212,1,5010
4213,1,149190
4214,1,62240
4215,1,500000
4216,1,9260
4217,1,8650
4218,1,391880
4219,1,388100
4220,1,118210
4221,1,76320
4222,1,32190
4223,1,22830
4224,1,104180
4225,1,830
4226,1,10610
4227,1,22380
4228,1,94880
4229,1,21480
4230,1,235820
4231,1,263580
4232,1,6730
4233,1,266830
4234,1,182010
4235,1,72480
4236,1,15080
4237,1,73080
4238,1,78860
4239,1,150170
4240,1,13550
4241,1,28940
4242,1,15690
4243,1,35840
4244,1,149580
4245,1,38190
4246,1,80510
4247,1,178910
4248,1,63100
4249,1,25120
4250,1,33030
4251,1,221160
4252,1,231840
4253,1,14150
4254,1,118950
4255,1,162150
4256,1,87580
4257,1,22100
4258,1,67180
4259,1,113400
4260,1,50570
4261,1,38570
4262,1,11370
4263,1,112230
4264,1,125410
4265,1,474170
4266,1,51390
4267,1,500000
4268,1,21270
4269,1,23600
4270,1,136450
4271,1,63730
4272,1,15200
4273,1,98040
4274,1,349700
4275,1,148390
4276,1,164280
4277,1,270110
4278,1,43650
4279,1,165100
4280,1,90950
4281,1,334320
4282,1,172780
4283,1,18660
4284,1,168290
4285,1,155350
4286,1,38630
4287,1,137710
4288,1,63830
4289,1,5530
4290,1,20810
4291,1,56100
4292,1,26270
4293,1,40700
4294,1,82750
4295,1,98800
4296,1,236400
4297,1,178590
4298,1,72670
4299,1,57730
4300,1,44530
4301,1,85290
4302,1,87090
4303,1,31370
4304,1,190810
4305,1,79060
4306,1,31990
4307,1,500000
4308,1,17600
4309,1,22140
4310,1,33120
4311,1,156310
4312,1,41650
4313,1,70540
4314,1,215770
4315,1,11860
4316,1,109900
4317,1,11450
4318,1,127050
4319,1,500000
4320,1,38570
4321,1,90830
4322,1,75380
4323,1,205180
4324,1,10220
4325,1,47520
4326,1,33770
4327,1,93980
4328,1,12820
4329,1,53940
4330,1,108870
4331,1,295140
4332,1,232290
4333,1,42920
4334,1,4440
4335,1,25340
4336,1,12500
4337,1,24850
4338,1,54340
4339,1,61360
4340,1,71270
4341,1,141330
4342,1,14450
4343,1,46960
4344,1,2290
4345,1,6230
4346,1,231970
4347,1,29320
4348,1,95050
4349,1,100670
4350,1,408630
4351,1,106640
4352,1,117410
4353,1,39060
4354,1,311830
4355,1,41160
4356,1,11920
4357,1,96170
4358,1,136150
4359,1,81160
4360,1,28310
4361,1,66580
4362,1,259890
4363,1,2790
4364,1,139000
4365,1,38500
4366,1,18640
4367,1,146200
4368,1,131030
4369,1,117360
4370,1,116940
4371,1,317720
4372,1,6300
4373,1,15820
4374,1,70420
4375,1,500000
4376,1,27920
4377,1,92240
4378,1,5340
4379,1,111940
4380,1,92360
4381,1,75280
4382,1,159330
4383,1,245530
4384,1,176860
4385,1,43550
4386,1,30780
4387,1,59520
4388,1,14860
4389,1,168870
4390,1,140710
4391,1,209950
4392,1,51530
4393,1,500000
4394,1,4920
4395,1,94350
4396,1,285270
4397,1,83720
4398,1,5090
4399,1,9010
4400,1,10390
4401,1,99740
4402,1,57930
4403,1,86260
4404,1,222530
4405,1,36970
4406,1,77680
4407,1,93490
4408,1,115240
4409,1,3870
4410,1,58920
4411,1,128930
4412,1,46860
4413,1,405960
4414,1,38250
4415,1,131350
4416,1,274450
4417,1,81300
4418,1,35320
4419,1,160120
4420,1,31300
4421,1,243490
4422,1,58490
4423,1,4090
4424,1,150610
4425,1,39980
4426,1,24890
4427,1,39660
4428,1,259480
4429,1,75070
4430,1,890
4431,1,6460
4432,1,43100
4433,1,52080
4434,1,93590
4435,1,143710
4436,1,63830
4437,1,244180
4438,1,2100
4439,1,151190
4440,1,67400
4441,1,102460
4442,1,470340
4443,1,73370
4444,1,254000
4445,1,179910
4446,1,88750
4447,1,76490
4448,1,27530
4449,1,127780
4450,1,134080
4451,1,71630
4452,1,43350
4453,1,19530
4454,1,81630
4455,1,128830
4456,1,318580
4457,1,177790
4458,1,116850
4459,1,32120
4460,1,95990
4461,1,370720
4462,1,116940
4463,1,48800
4464,1,9690
4465,1,306060
4466,1,29720
4467,1,145380
4468,1,142130
4469,1,13370
4470,1,155570
4471,1,12730
4472,1,61740
4473,1,24880
4474,1,39900
4475,1,1900
4476,1,680
4477,1,81860
4478,1,240930
4479,1,88560
4480,1,500000
4481,1,17580
4482,1,12220
4483,1,6400
4484,1,216160
4485,1,6590
4486,1,169120
4487,1,19010
4488,1,210390
4489,1,18460
4490,1,26310
4491,1,9150
4492,1,120500
4493,1,13070
4494,1,40060
4495,1,8960
4496,1,18510
4497,1,57270
4498,1,479130
4499,1,4560
4500,1,54580
4501,1,25260
4502,1,500000
4503,1,117250
4504,1,61680
4505,1,40980
4506,1,96820
4507,1,5670
4508,1,201200
4509,1,272980
4510,1,62650
4511,1,97180
4512,1,42940
4513,1,79830
4514,1,85640
4515,1,378210
4516,1,143500
4517,1,120430
4518,1,145770
4519,1,52810
4520,1,48370
4521,1,89720
4522,1,32420
4523,1,26630
4524,1,12000
4525,1,26130
4526,1,30590
4527,1,46320
4528,1,50540
4529,1,97750
4530,1,181430
4531,1,500000
4532,1,33960
4533,1,5700
4534,1,307470
4535,1,3610
4536,1,107470
4537,1,308670
4538,1,14330
4539,1,60930
4540,1,31670
4541,1,317240
4542,1,68090
4543,1,8000
4544,1,203970
4545,1,101120
4546,1,306050
4547,1,114610
4548,1,34880
4549,1,2170
4550,1,12760
4551,1,66350
4552,1,92860
4553,1,14440
4554,1,208700
4555,1,114260
4556,1,61750
4557,1,6160
4558,1,18400
4559,1,88700
4560,1,142360
4561,1,27110
4562,1,46280
4563,1,52500
4564,1,29360
4565,1,49390
4566,1,403880
4567,1,120460
4568,1,112680
4569,1,8580
4570,1,21430
4571,1,82620
4572,1,304580
4573,1,228960
4574,1,51440
4575,1,67430
4576,1,21160
4577,1,302170
4578,1,18830
4579,1,58460
4580,1,56940
4581,1,31280
4582,1,24610
4583,1,154910
4584,1,68820
4585,1,11240
4586,1,50470
4587,1,23520
4588,1,58350
4589,1,68210
4590,1,81610
4591,1,35910
4592,1,14680
4593,1,111070
4594,1,64280
4595,1,26670
4596,1,57450
4597,1,500000
4598,1,255830
4599,1,19090
4600,1,51490
4601,1,135080
4602,1,66240
4603,1,22580
4604,1,16160
4605,1,17920
4606,1,39970
4607,1,45250
4608,1,53230
4609,1,161470
4610,1,4690
4611,1,27010
4612,1,31600
4613,1,65400
4614,1,275130
4615,1,167810
4616,1,3550
4617,1,68570
4618,1,219850
4619,1,202530
4620,1,157980
4621,1,25700
4622,1,52410
4623,1,69970
4624,1,4090
4625,1,120330
4626,1,13010
4627,1,4440
4628,1,500000
4629,1,299910
4630,1,50950
4631,1,173880
4632,1,8500
4633,1,114460
4634,1,91740
4635,1,314850
4636,1,330620
4637,1,445010
4638,1,51730
4639,1,106060
4640,1,26950
4641,1,74210
4642,1,48790
4643,1,44480
4644,1,142140
4645,1,149140
4646,1,181980
4647,1,10950
4648,1,1660
4649,1,62310
4650,1,117360
4651,1,155690
4652,1,19330
4653,1,16670
4654,1,122970
4655,1,372950
4656,1,120930
4657,1,32510
4658,1,88950
4659,1,83530
4660,1,500000
4661,1,113860
4662,1,36760
4663,1,116050
4664,1,82270
4665,1,66720
4666,1,30800
4667,1,28910
4668,1,15840
4669,1,148480
4670,1,43440
4671,1,36090
4672,1,10650
4673,1,201050
4674,1,24490
4675,1,158230
4676,1,71690
4677,1,97110
4678,1,230210
4679,1,123900
4680,1,261560
4681,1,48520
4682,1,136430
4683,1,41980
4684,1,13590
4685,1,213090
4686,1,70340
4687,1,388640
4688,1,33320
4689,1,7130
4690,1,17000
4691,1,5260
4692,1,77370
4693,1,41650
4694,1,306730
4695,1,27010
4696,1,61590
4697,1,136410
4698,1,34290
4699,1,18800
4700,1,44970
4701,1,172300
4702,1,15450
4703,1,96370
4704,1,7040
4705,1,350070
4706,1,167860
4707,1,46520
4708,1,57630
4709,1,168300
4710,1,21870
4711,1,73630
4712,1,33510
4713,1,297910
4714,1,20200
4715,1,110410
4716,1,67820
4717,1,8410
4718,1,78600
4719,1,126040
4720,1,22120
4721,1,24400
4722,1,22390
4723,1,41640
4724,1,500000
4725,1,52810
4726,1,57650
4727,1,26210
4728,1,7550
4729,1,138930
4730,1,88810
4731,1,21050
4732,1,372920
4733,1,382890
4734,1,80680
4735,1,38390
4736,1,4180
4737,1,1000
4738,1,11350
4739,1,139570
4740,1,41720
4741,1,16310
4742,1,146000
4743,1,57030
4744,1,313500
4745,1,290780
4746,1,140790
4747,1,19260
4748,1,78710
4749,1,11030
4750,1,28660
4751,1,211860
4752,1,138890
4753,1,64470
4754,1,160100
4755,1,344710
4756,1,32800
4757,1,61900
4758,1,107290
4759,1,63880
4760,1,94100
4761,1,38040
4762,1,49220
4763,1,500000
4764,1,9100
4765,1,114270
4766,1,113350
4767,1,318500
4768,1,19640
4769,1,168320
4770,1,88190
4771,1,500000
4772,1,74270
4773,1,226410
4774,1,3810
4775,1,80220
4776,1,500000
4777,1,150360
4778,1,500000
4779,1,2880
4780,1,23030
4781,1,6050
4782,1,241140
4783,1,3740
4784,1,68860
4785,1,96220
4786,1,88800
4787,1,109100
4788,1,241790
4789,1,261270
4790,1,15190
4791,1,54870
4792,1,19760
4793,1,500000
4794,1,3380
4795,1,11770
4796,1,3030
4797,1,24190
4798,1,78640
4799,1,122920
4800,1,7560
4801,1,188870
4802,1,89550
4803,1,169570
4804,1,57380
4805,1,35300
4806,1,500000
4807,1,199650
4808,1,500000
4809,1,41990
4810,1,174140
4811,1,57820
4812,1,142250
4813,1,268150
4814,1,70730
4815,1,122850
4816,1,6400
4817,1,32610
4818,1,53900
4819,1,35030
4820,1,2800
4821,1,15650
4822,1,201220
4823,1,31630
4824,1,28980
4825,1,418900
4826,1,130440
4827,1,359330
4828,1,500000
4829,1,49740
4830,1,102610
4831,1,30820
4832,1,309050
4833,1,154920
4834,1,78880
4835,1,226450
4836,1,24530
4837,1,7930
4838,1,3460
4839,1,93410
4840,1,18420
4841,1,28390
4842,1,109790
4843,1,61350
4844,1,102270
4845,1,187790
4846,1,127830
4847,1,8360
4848,1,22490
4849,1,500000
4850,1,129730
4851,1,6170
4852,1,10500
4853,1,159230
4854,1,77320
4855,1,111890
4856,1,500000
4857,1,112570
4858,1,131530
4859,1,61390
4860,1,362130
4861,1,138510
4862,1,27280
4863,1,39220
4864,1,5660
4865,1,121430
4866,1,70730
4867,1,66060
4868,1,230700
4869,1,17420
4870,1,500000
4871,1,32360
4872,1,162650
4873,1,95120
4874,1,500000
4875,1,88020
4876,1,280490
4877,1,58290
4878,1,155280
4879,1,98900
4880,1,40960
4881,1,69910
4882,1,86160
4883,1,17880
4884,1,25630
4885,1,32930
4886,1,68370
4887,1,6040
4888,1,49920
4889,1,100400
4890,1,21750
4891,1,110340
4892,1,13720
4893,1,126460
4894,1,107600
4895,1,210610
4896,1,265520
4897,1,160480
4898,1,7720
4899,1,159100
4900,1,21520
4901,1,68290
4902,1,278390
4903,1,53140
4904,1,109800
4905,1,447720
4906,1,145560
4907,1,132240
4908,1,159560
4909,1,78120
4910,1,226140
4911,1,12670
4912,1,53290
4913,1,159280
4914,1,92020
4915,1,500000
4916,1,17670
4917,1,27780
4918,1,81680
4919,1,193290
4920,1,64680
4921,1,92980
4922,1,77420
4923,1,87050
4924,1,232540
4925,1,12360
4926,1,39520
4927,1,38590
4928,1,42870
4929,1,66560
4930,1,66630
4931,1,53420
4932,1,24070
4933,1,160790
4934,1,53660
4935,1,41240
4936,1,333210
4937,1,87930
4938,1,500000
4939,1,145100
4940,1,56440
4941,1,23150
4942,1,81660
4943,1,500000
4944,1,57320
4945,1,56750
4946,1,6660
4947,1,28630
4948,1,81070
4949,1,86880
4950,1,201980
4951,1,9410
4952,1,8810
4953,1,180870
4954,1,26210
4955,1,20860
4956,1,177480
4957,1,51730
4958,1,202380
4959,1,35640
4960,1,253260
4961,1,1210
4962,1,96040
4963,1,78750
4964,1,110860
4965,1,257080
4966,1,15610
4967,1,26990
4968,1,263340
4969,1,14810
4970,1,41330
4971,1,40390
4972,1,93520
4973,1,107040
4974,1,111340
4975,1,176750
4976,1,79420
4977,1,107640
4978,1,188640
4979,1,135990
4980,1,362150
4981,1,109160
4982,1,145930
4983,1,147850
4984,1,5850
4985,1,226990
4986,1,39600
4987,1,75120
4988,1,246340
4989,1,1400
4990,1,13120
4991,1,70170
4992,1,66450
4993,1,34880
4994,1,267100
4995,1,20750
4996,1,92990
4997,1,33390
4998,1,61060
4999,1,32250
5000,1,14300
5001,1,120620
5002,1,14920
5003,1,289250
5004,1,128210
5005,1,94390
5006,1,24210
5007,1,40010
5008,1,270190
5009,1,245610
5010,1,500000
5011,1,58430
5012,1,21250
5013,1,50080
5014,1,31720
5015,1,101220
5016,1,40620
5017,1,39830
5018,1,16470
5019,1,39580
5020,1,25810
5021,1,165410
5022,1,79310
5023,1,2340
5024,1,42070
5025,1,357370
5026,1,118780
5027,1,314870
5028,1,45860
5029,1,14980
5030,1,199400
5031,1,13630
5032,1,174230
5033,1,88130
5034,1,64190
5035,1,6130
5036,1,7180
5037,1,105270
5038,1,178820
5039,1,102390
5040,1,327230
5041,1,500000
5042,1,25520
5043,1,62210
5044,1,251980
5045,1,286730
5046,1,110620
5047,1,55350
5048,1,28850
5049,1,401280
5050,1,345840
5051,1,31110
5052,1,321500
5053,1,59520
5054,1,113900
5055,1,64540
5056,1,3120
5057,1,115580
5058,1,16540
5059,1,82690
5060,1,122830
5061,1,119310
5062,1,174010
5063,1,20470
5064,1,113570
5065,1,118540
5066,1,244610
5067,1,500000
5068,1,75230
5069,1,1680
5070,1,57310
5071,1,133150
5072,1,66980
5073,1,500000
5074,1,142770
5075,1,171730
5076,1,112380
5077,1,35960
5078,1,26670
5079,1,4840
5080,1,238100
5081,1,31630
5082,1,11720
5083,1,5190
5084,1,24960
5085,1,172150
5086,1,87010
5087,1,37820
5088,1,15440
5089,1,375740
5090,1,219360
5091,1,74790
5092,1,323870
5093,1,117730
5094,1,7910
5095,1,68560
5096,1,111790
5097,1,272300
5098,1,38220
5099,1,22260
5100,1,2510
5101,1,20500
5102,1,55450
5103,1,112910
5104,1,156720
5105,1,157960
5106,1,3620
5107,1,351030
5108,1,188250
5109,1,41010
5110,1,97930
5111,1,86510
5112,1,100140
5113,1,207250
5114,1,25130
5115,1,277710
5116,1,83760
5117,1,58680
5118,1,105160
5119,1,30020
5120,1,500000
5121,1,217210
5122,1,154920
5123,1,111160
5124,1,151260
5125,1,84130
5126,1,52390
5127,1,104890
5128,1,149290
5129,1,65920
5130,1,166500
5131,1,2500
5132,1,79280
5133,1,69160
5134,1,3520
5135,1,51390
5136,1,309680
5137,1,123220
5138,1,36870
5139,1,190550
5140,1,90670
5141,1,60530
5142,1,200910
5143,1,136120
5144,1,19950
5145,1,215460
5146,1,19820
5147,1,81160
5148,1,70100
5149,1,77630
5150,1,500000
5151,1,356620
5152,1,22600
5153,1,9240
5154,1,46380
5155,1,95510
5156,1,36440
5157,1,57700
5158,1,59520
5159,1,25080
5160,1,32280
5161,1,114250
5162,1,500000
5163,1,17830
5164,1,22960
5165,1,111630
5166,1,105670
5167,1,48380
5168,1,111040
5169,1,11280
5170,1,44430
5171,1,105000
5172,1,123860
5173,1,269470
5174,1,250120
5175,1,47830
5176,1,261400
5177,1,127710
5178,1,69410
5179,1,14700
5180,1,392970
5181,1,16300
5182,1,5940
5183,1,67340
5184,1,38580
5185,1,77440
5186,1,78520
5187,1,22120
5188,1,2860
5189,1,115040
5190,1,343710
5191,1,500000
5192,1,64490
5193,1,27440
5194,1,163610
5195,1,32970
5196,1,461470
5197,1,44750
5198,1,42310
5199,1,30840
5200,1,111280
5201,1,229150
5202,1,99790
5203,1,340180
5204,1,56080
5205,1,133330
5206,1,373620
5207,1,155820
5208,1,123410
5209,1,122810
5210,1,160030
5211,1,32130
5212,1,211600
5213,1,64880
5214,1,2440
5215,1,1930
5216,1,62510
5217,1,169450
5218,1,500000
5219,1,133290
5220,1,22520
5221,1,107020
5222,1,357790
5223,1,12170
5224,1,4020
5225,1,105960
5226,1,23580
5227,1,55530
5228,1,126020
5229,1,26700
5230,1,301400
5231,1,214960
5232,1,49060
5233,1,197540
5234,1,7570
5235,1,31350
5236,1,39200
5237,1,202080
5238,1,57170
5239,1,171930
5240,1,226040
5241,1,11190
5242,1,123920
5243,1,500000
5244,1,34190
5245,1,27720
5246,1,113060
5247,1,40060
5248,1,75870
5249,1,107380
5250,1,500000
5251,1,63710
5252,1,157380
5253,1,6850
5254,1,15810
5255,1,1510
5256,1,120420
5257,1,487100
5258,1,124310
5259,1,154490
5260,1,74390
5261,1,143750
5262,1,492900
5263,1,62270
5264,1,44320
5265,1,102630
5266,1,58300
5267,1,92980
5268,1,13550
5269,1,268880
5270,1,96740
5271,1,166130
5272,1,4060
5273,1,81030
5274,1,224520
5275,1,500000
5276,1,81750
5277,1,90340
5278,1,68970
5279,1,73650
5280,1,202900
5281,1,10380
5282,1,21010
5283,1,81710
5284,1,18760
5285,1,7200
5286,1,106500
5287,1,384890
5288,1,19670
5289,1,311520
5290,1,460800
5291,1,57490
5292,1,137840
5293,1,16450
5294,1,23450
5295,1,22230
5296,1,500000
5297,1,351070
5298,1,257440
5299,1,5040
5300,1,130220
5301,1,22190
5302,1,87420
5303,1,131260
5304,1,58560
5305,1,33970
5306,1,49660
5307,1,220120
5308,1,350640
5309,1,6800
5310,1,32310
5311,1,318850
5312,1,166570
5313,1,500000
5314,1,21020
5315,1,62710
5316,1,76980
5317,1,36600
5318,1,93930
5319,1,336210
5320,1,18620
5321,1,261770
5322,1,201980
5323,1,150700
5324,1,500000
5325,1,10600
5326,1,500000
5327,1,132910
5328,1,435440
5329,1,19070
5330,1,27580
5331,1,69450
5332,1,8430
5333,1,58140
5334,1,33830
5335,1,146460
5336,1,57720
5337,1,30730
5338,1,35880
5339,1,18660
5340,1,24710
5341,1,62680
5342,1,28340
5343,1,80440
5344,1,299470
5345,1,73760
5346,1,48250
5347,1,51650
5348,1,170
5349,1,208640
5350,1,38100
5351,1,188310
5352,1,63020
5353,1,225270
5354,1,363100
5355,1,213470
5356,1,178820
5357,1,113610
5358,1,82430
5359,1,21260
5360,1,500000
5361,1,60190
5362,1,157730
5363,1,15850
5364,1,44960
5365,1,49420
5366,1,228660
5367,1,359110
5368,1,68770
5369,1,41210
5370,1,63240
5371,1,130620
5372,1,2010
5373,1,31220
5374,1,124790
5375,1,320180
5376,1,22100
5377,1,156910
5378,1,162210
5379,1,140800
5380,1,132760
5381,1,64160
5382,1,32790
5383,1,86970
5384,1,231610
5385,1,161800
5386,1,70760
5387,1,117500
5388,1,79600
5389,1,3980
5390,1,48830
5391,1,28810
5392,1,58760
5393,1,152890
5394,1,115230
5395,1,31940
5396,1,56680
5397,1,59100
5398,1,293510
5399,1,7380
5400,1,213360
5401,1,385270
5402,1,165770
5403,1,3100
5404,1,170930
5405,1,46100
5406,1,194350
5407,1,18630
5408,1,5170
5409,1,12880
5410,1,14490
5411,1,3600
5412,1,26640
5413,1,161300
5414,1,14150
5415,1,44400
5416,1,134290
5417,1,23990
5418,1,8400
5419,1,19470
5420,1,174220
5421,1,54800
5422,1,176570
5423,1,12570
5424,1,33480
5425,1,30130
5426,1,36870
5427,1,58830
5428,1,268060
5429,1,185820
5430,1,17520
5431,1,4240
5432,1,66340
5433,1,2260
5434,1,42150
5435,1,104150
5436,1,187210
5437,1,75800
5438,1,143420
5439,1,74110
5440,1,364530
5441,1,19710
5442,1,49970
5443,1,38420
5444,1,44080
5445,1,31470
5446,1,92580
5447,1,500000
5448,1,17210
5449,1,45480
5450,1,177420
5451,1,4350
5452,1,45340
5453,1,18380
5454,1,76100
5455,1,24060
5456,1,14740
5457,1,196850
5458,1,85280
5459,1,495430
5460,1,62250
5461,1,199700
5462,1,145810
5463,1,54570
5464,1,218090
5465,1,15220
5466,1,118070
5467,1,128100
5468,1,47280
5469,1,68460
5470,1,43330
5471,1,34450
5472,1,184330
5473,1,130060
5474,1,75010
5475,1,125210
5476,1,258340
5477,1,323450
5478,1,37080
5479,1,82660
5480,1,102740
5481,1,19250
5482,1,52610
5483,1,500000
5484,1,10770
5485,1,55440
5486,1,262000
5487,1,8260
5488,1,136600
5489,1,86560
5490,1,11360
5491,1,51970
5492,1,407000
5493,1,72010
5494,1,31970
5495,1,362860
5496,1,120170
5497,1,8550
5498,1,24320
5499,1,274560
5500,1,11950
5501,1,63310
5502,1,7780
5503,1,1260
5504,1,4090
5505,1,64820
5506,1,204200
5507,1,275660
5508,1,17930
5509,1,133950
5510,1,94340
5511,1,6140
5512,1,6830
5513,1,92140
5514,1,12460
5515,1,65280
5516,1,7290
5517,1,119280
5518,1,98040
5519,1,68440
5520,1,329810
5521,1,25540
5522,1,240940
5523,1,160230
5524,1,117130
5525,1,8120
5526,1,500000
5527,1,54600
5528,1,65040
5529,1,313380
5530,1,500000
5531,1,142240
5532,1,78910
5533,1,92040
5534,1,238370
5535,1,114550
5536,1,20570
5537,1,20020
5538,1,428720
5539,1,35920
5540,1,111300
5541,1,14900
5542,1,101220
5543,1,62870
5544,1,175890
5545,1,14480
5546,1,297100
5547,1,62680
5548,1,208010
5549,1,473400
5550,1,147710
5551,1,206040
5552,1,154750
5553,1,95380
5554,1,121090
5555,1,25610
5556,1,83470
5557,1,56170
5558,1,10020
5559,1,107740
5560,1,1030
5561,1,500000
5562,1,247990
5563,1,362950
5564,1,138660
5565,1,8800
5566,1,5500
5567,1,7330
5568,1,189180
5569,1,113260
5570,1,52930
5571,1,376960
5572,1,51600
5573,1,177390
5574,1,34890
5575,1,31790
5576,1,53830
5577,1,77310
5578,1,24560
5579,1,30100
5580,1,32570
5581,1,366200
5582,1,164430
5583,1,500000
5584,1,233810
5585,1,156200
5586,1,33010
5587,1,10390
5588,1,214640
5589,1,493260
5590,1,150680
5591,1,26220
5592,1,8140
5593,1,58960
5594,1,38710
5595,1,315360
5596,1,45360
5597,1,62740
5598,1,6360
5599,1,172240
5600,1,12780
5601,1,170110
5602,1,77030
5603,1,98470
5604,1,75150
5605,1,53900
5606,1,97140
5607,1,64210
5608,1,177700
5609,1,321120
5610,1,433440
5611,1,149890
5612,1,85510
5613,1,84240
5614,1,52580
5615,1,13210
5616,1,500000
5617,1,82500
5618,1,139960
5619,1,28250
5620,1,85830
5621,1,10090
5622,1,263300
5623,1,141550
5624,1,74250
5625,1,56900
5626,1,290510
5627,1,106750
5628,1,192400
5629,1,64270
5630,1,2780
5631,1,167570
5632,1,24100
5633,1,189720
5634,1,43760
5635,1,79390
5636,1,500000
5637,1,39510
5638,1,215220
5639,1,3950
5640,1,89860
5641,1,214130
5642,1,62210
5643,1,500000
5644,1,381310
5645,1,444820
5646,1,11660
5647,1,92240
5648,1,32860
5649,1,20670
5650,1,3420
5651,1,262200
5652,1,101730
5653,1,232470
5654,1,142850
5655,1,55320
5656,1,950
5657,1,415490
5658,1,56710
5659,1,121890
5660,1,40920
5661,1,226660
5662,1,100570
5663,1,57600
5664,1,67190
5665,1,500000
5666,1,33160
5667,1,56400
5668,1,91950
5669,1,16910
5670,1,210470
5671,1,500000
5672,1,32850
5673,1,31410
5674,1,4770
5675,1,13430
5676,1,82950
5677,1,248240
5678,1,448920
5679,1,218280
5680,1,174200
5681,1,48300
5682,1,106180
5683,1,94710
5684,1,240
5685,1,270600
5686,1,7450
5687,1,44260
5688,1,51430
5689,1,328470
5690,1,124910
5691,1,402150
5692,1,53370
5693,1,60420
5694,1,67390
5695,1,16620
5696,1,139130
5697,1,45430
5698,1,113360
5699,1,500000
5700,1,10350
5701,1,39690
5702,1,57570
5703,1,192710
5704,1,69890
5705,1,191800
5706,1,139790
5707,1,31570
5708,1,20510
5709,1,338760
5710,1,181840
5711,1,44480
5712,1,49220
5713,1,185000
5714,1,35430
5715,1,456950
5716,1,40870
5717,1,98860
5718,1,48320
5719,1,500000
5720,1,34530
5721,1,272130
5722,1,7470
5723,1,323410
5724,1,28830
5725,1,96220
5726,1,300130
5727,1,226950
5728,1,69120
5729,1,13240
5730,1,172620
5731,1,82080
5732,1,17400
5733,1,27550
5734,1,61590
5735,1,27190
5736,1,156540
5737,1,96340
5738,1,34870
5739,1,144260
5740,1,5090
5741,1,116070
5742,1,290150
5743,1,91350
5744,1,10880
5745,1,41390
5746,1,202810
5747,1,404110
5748,1,144430
5749,1,138530
5750,1,6490
5751,1,15730
5752,1,500000
5753,1,3210
5754,1,21280
5755,1,65520
5756,1,93930
5757,1,364350
5758,1,31550
5759,1,19980
5760,1,113420
5761,1,17390
5762,1,69090
5763,1,5760
5764,1,15290
5765,1,93540
5766,1,120010
5767,1,90940
5768,1,21030
5769,1,87840
5770,1,164210
5771,1,78400
5772,1,90200
5773,1,32710
5774,1,479760
5775,1,147540
5776,1,53070
5777,1,99450
5778,1,107850
5779,1,101960
5780,1,129100
5781,1,500000
5782,1,45890
5783,1,66410
5784,1,24760
5785,1,43530
5786,1,64900
5787,1,5470
5788,1,452520
5789,1,457260
5790,1,68770
5791,1,20200
5792,1,8340
5793,1,30620
5794,1,18230
5795,1,221180
5796,1,129410
5797,1,500000
5798,1,334230
5799,1,5020
5800,1,73780
5801,1,14870
5802,1,21520
5803,1,80670
5804,1,27370
5805,1,66870
5806,1,65620
5807,1,421730
5808,1,278550
5809,1,80270
5810,1,178860
5811,1,63870
5812,1,297010
5813,1,6790
5814,1,110730
5815,1,408640
5816,1,111410
5817,1,9890
5818,1,37070
5819,1,2120
5820,1,99770
5821,1,39380
5822,1,19820
5823,1,1820
5824,1,179500
5825,1,68670
5826,1,105130
5827,1,133870
5828,1,152940
5829,1,63940
5830,1,67730
5831,1,69770
5832,1,63190
5833,1,243210
5834,1,81160
5835,1,67680
5836,1,48460
5837,1,189730
5838,1,33330
5839,1,17590
5840,1,36290
5841,1,500000
5842,1,7540
5843,1,1720
5844,1,139800
5845,1,49780
5846,1,500000
5847,1,29070
5848,1,88620
5849,1,42160
5850,1,191720
5851,1,110810
5852,1,119030
5853,1,2410
5854,1,21050
5855,1,122980
5856,1,17730
5857,1,201020
5858,1,31110
5859,1,33140
5860,1,6500
5861,1,70530
5862,1,168030
5863,1,124920
5864,1,112810
5865,1,13600
5866,1,32890
5867,1,78490
5868,1,194580
5869,1,135760
5870,1,129370
5871,1,47340
5872,1,70940
5873,1,72160
5874,1,113310
5875,1,49640
5876,1,128200
5877,1,24830
5878,1,82570
5879,1,165900
5880,1,68370
5881,1,320520
5882,1,159400
5883,1,500000
5884,1,59160
5885,1,83950
5886,1,123180
5887,1,20460
5888,1,34910
5889,1,15510
5890,1,135870
5891,1,88440
5892,1,16980
5893,1,28610
5894,1,128360
5895,1,124540
5896,1,124540
5897,1,66390
5898,1,500000
5899,1,43720
5900,1,500000
5901,1,37540
5902,1,68180
5903,1,123900
5904,1,147220
5905,1,170480
5906,1,22510
5907,1,41750
5908,1,67760
5909,1,17020
5910,1,64980
5911,1,52180
5912,1,17230
5913,1,457840
5914,1,54710
5915,1,2810
5916,1,35060
5917,1,21000
5918,1,29970
5919,1,161890
5920,1,35510
5921,1,41480
5922,1,31860
5923,1,16720
5924,1,9110
5925,1,500000
5926,1,57840
5927,1,43230
5928,1,39710
5929,1,31790
5930,1,97140
5931,1,154790
5932,1,296600
5933,1,89140
5934,1,51130
5935,1,15020
5936,1,16530
5937,1,39430
5938,1,500000
5939,1,30660
5940,1,405510
5941,1,168110
5942,1,23000
5943,1,20930
5944,1,67730
5945,1,99900
5946,1,53290
5947,1,49270
5948,1,8890
5949,1,243090
5950,1,34330
5951,1,33440
5952,1,20070
5953,1,29120
5954,1,44000
5955,1,24150
5956,1,52020
5957,1,152260
5958,1,134270
5959,1,38410
5960,1,65730
5961,1,175470
5962,1,500000
5963,1,18740
5964,1,38600
5965,1,17850
5966,1,41980
5967,1,184410
5968,1,8140
5969,1,34820
5970,1,50710
5971,1,52200
5972,1,500000
5973,1,38350
5974,1,22030
5975,1,15830
5976,1,29320
5977,1,100690
5978,1,35300
5979,1,172650
5980,1,190480
5981,1,372120
5982,1,160010
5983,1,800
5984,1,29650
5985,1,127030
5986,1,93410
5987,1,144740
5988,1,64740
5989,1,142970
5990,1,35660
5991,1,58040
5992,1,24270
5993,1,218260
5994,1,43080
5995,1,259300
5996,1,71050
5997,1,32370
5998,1,42370
5999,1,74240
6000,1,110510
6001,1,109140
6002,1,34580
6003,1,16960
6004,1,1960
6005,1,500000
6006,1,91170
6007,1,30850
6008,1,69300
6009,1,84040
6010,1,11200
6011,1,78410
6012,1,49010
6013,1,49830
6014,1,81070
6015,1,196160
6016,1,289010
6017,1,123670
6018,1,69200
6019,1,104250
6020,1,500000
6021,1,193310
6022,1,85140
6023,1,61150
6024,1,25500
6025,1,49250
6026,1,84040
6027,1,323150
6028,1,387880
6029,1,53770
6030,1,1900
6031,1,286250
6032,1,135110
6033,1,1490
6034,1,63470
6035,1,10340
6036,1,147890
6037,1,28860
6038,1,3080
6039,1,63100
6040,1,256640
6041,1,73160
6042,1,83560
6043,1,46370
6044,1,53670
6045,1,106190
6046,1,230840
6047,1,146840
6048,1,18470
6049,1,6280
6050,1,157850
6051,1,485450
6052,1,119410
6053,1,23660
6054,1,13140
6055,1,58570
6056,1,18900
6057,1,112440
6058,1,20800
6059,1,190680
6060,1,114620
6061,1,11140
6062,1,36080
6063,1,57310
6064,1,37140
6065,1,385170
6066,1,177260
6067,1,64010
6068,1,33720
6069,1,2470
6070,1,180460
6071,1,7780
6072,1,46410
6073,1,52350
6074,1,31710
6075,1,21210
6076,1,171220
6077,1,81940
6078,1,26950
6079,1,130150
6080,1,62870
6081,1,122720
6082,1,58360
6083,1,58470
6084,1,395180
6085,1,120980
6086,1,89080
6087,1,32760
6088,1,135040
6089,1,500000
6090,1,29600
6091,1,76700
6092,1,77940
6093,1,88920
6094,1,73520
6095,1,72390
6096,1,93660
6097,1,84350
6098,1,54780
6099,1,283630
6100,1,65030
6101,1,19450
6102,1,360250
6103,1,298930
6104,1,39860
6105,1,221700
6106,1,271850
6107,1,52910
6108,1,78170
6109,1,313070
6110,1,53050
6111,1,39720
6112,1,140540
6113,1,69280
6114,1,20350
6115,1,154140
6116,1,95730
6117,1,45240
6118,1,69240
6119,1,178500
6120,1,81350
6121,1,74060
6122,1,112530
6123,1,28590
6124,1,140440
6125,1,61740
6126,1,36930
6127,1,433710
6128,1,2070
6129,1,297980
6130,1,68190
6131,1,66290
6132,1,65680
6133,1,178730
6134,1,11150
6135,1,500000
6136,1,45850
6137,1,415100
6138,1,52240
6139,1,500000
6140,1,23450
6141,1,104010
6142,1,88170
6143,1,59040
6144,1,32450
6145,1,5660
6146,1,133150
6147,1,43490
6148,1,113970
6149,1,6750
6150,1,43340
6151,1,48120
6152,1,89380
6153,1,384100
6154,1,21530
6155,1,44810
6156,1,71160
6157,1,83850
6158,1,500000
6159,1,51650
6160,1,19880
6161,1,355310
6162,1,42290
6163,1,46900
6164,1,60260
6165,1,27710
6166,1,157180
6167,1,106440
6168,1,58500
6169,1,185880
6170,1,500000
6171,1,241650
6172,1,118410
6173,1,34290
6174,1,209170
6175,1,54810
6176,1,163120
6177,1,199540
6178,1,212010
6179,1,96280
6180,1,209540
6181,1,10880
6182,1,44890
6183,1,132700
6184,1,11860
6185,1,93720
6186,1,163940
6187,1,43000
6188,1,3330
6189,1,289220
6190,1,28830
6191,1,25130
6192,1,13310
6193,1,85020
6194,1,215290
6195,1,328520
6196,1,64390
6197,1,28340
6198,1,44790
6199,1,118470
6200,1,85500
6201,1,194030
6202,1,15970
6203,1,154240
6204,1,15950
6205,1,154670
6206,1,58940
6207,1,490110
6208,1,99500
6209,1,13390
6210,1,41130
6211,1,68410
6212,1,26720
6213,1,10650
6214,1,26970
6215,1,30350
6216,1,309020
6217,1,21270
6218,1,279540
6219,1,11710
6220,1,195650
6221,1,29660
6222,1,99580
6223,1,132190
6224,1,174060
6225,1,34770
6226,1,2460
6227,1,56850
6228,1,21390
6229,1,3820
6230,1,115400
6231,1,54810
6232,1,138490
6233,1,22590
6234,1,79190
6235,1,206510
6236,1,20170
6237,1,280800
6238,1,24040
6239,1,31790
6240,1,131580
6241,1,500000
6242,1,85650
6243,1,500000
6244,1,56720
6245,1,8480
6246,1,31150
6247,1,38910
6248,1,158240
6249,1,18330
6250,1,345240
6251,1,157800
6252,1,50140
6253,1,270040
6254,1,16740
6255,1,500000
6256,1,39390
6257,1,98720
6258,1,27760
6259,1,46670
6260,1,119140
6261,1,82410
6262,1,21350
6263,1,62200
6264,1,12550
6265,1,53520
6266,1,4790
6267,1,100930
6268,1,500000
6269,1,100590
6270,1,97010
6271,1,94260
6272,1,212040
6273,1,7150
6274,1,64230
6275,1,261260
6276,1,28400
6277,1,15600
6278,1,39790
6279,1,2590
6280,1,180690
6281,1,29660
6282,1,68680
6283,1,4880
6284,1,5880
6285,1,14300
6286,1,46580
6287,1,140800
6288,1,41610
6289,1,25200
6290,1,184540
6291,1,3170
6292,1,12470
6293,1,102190
6294,1,99950
6295,1,358280
6296,1,500000
6297,1,21970
6298,1,27290
6299,1,39070
6300,1,178060
6301,1,26120
6302,1,34160
6303,1,143160
6304,1,126940
6305,1,83740
6306,1,446380
6307,1,138960
6308,1,53420
6309,1,35780
6310,1,180210
6311,1,45350
6312,1,58210
6313,1,2230
6314,1,49770
6315,1,1490
6316,1,203620
6317,1,500000
6318,1,500000
6319,1,33610
6320,1,103240
6321,1,24170
6322,1,74320
6323,1,141340
6324,1,21890
6325,1,278290
6326,1,164170
6327,1,308280
6328,1,68730
6329,1,50180
6330,1,9250
6331,1,16680
6332,1,210620
6333,1,83300
6334,1,27860
6335,1,58960
6336,1,21240
6337,1,58470
6338,1,154160
6339,1,45790
6340,1,155580
6341,1,10870
6342,1,201380
6343,1,1240
6344,1,12520
6345,1,14910
6346,1,28830
6347,1,500000
6348,1,126540
6349,1,444400
6350,1,500000
6351,1,42250
6352,1,50700
6353,1,408350
6354,1,134280
6355,1,52620
6356,1,169290
6357,1,500000
6358,1,200780
6359,1,25100
6360,1,365780
6361,1,281570
6362,1,16220
6363,1,12680
6364,1,19100
6365,1,70360
6366,1,117860
6367,1,60950
6368,1,188250
6369,1,160060
6370,1,301240
6371,1,61960
6372,1,9930
6373,1,64740
6374,1,37550
6375,1,20370
6376,1,241640
6377,1,71230
6378,1,50060
6379,1,61440
6380,1,53340
6381,1,49960
6382,1,133010
6383,1,43440
6384,1,16810
6385,1,122740
6386,1,141570
6387,1,184200
6388,1,250
6389,1,55830
6390,1,44370
6391,1,19400
6392,1,172790
6393,1,215540
6394,1,34760
6395,1,46650
6396,1,30800
6397,1,106040
6398,1,85500
6399,1,83100
6400,1,5440
6401,1,49650
6402,1,441130
6403,1,219670
6404,1,58170
6405,1,99570
6406,1,88760
6407,1,1760
6408,1,9850
6409,1,294500
6410,1,114290
6411,1,18650
6412,1,187060
6413,1,37320
6414,1,158890
6415,1,109220
6416,1,65620
6417,1,235700
6418,1,128410
6419,1,288510
6420,1,161800
6421,1,2370
6422,1,68130
6423,1,29280
6424,1,378040
6425,1,122850
6426,1,50460
6427,1,55700
6428,1,155620
6429,1,176490
6430,1,244340
6431,1,89870
6432,1,8300
6433,1,38130
6434,1,500000
6435,1,12710
6436,1,95390
6437,1,386200
6438,1,25520
6439,1,146130
6440,1,37790
6441,1,225650
6442,1,70180
6443,1,48430
6444,1,163370
6445,1,16780
6446,1,203970
6447,1,156800
6448,1,9030
6449,1,199860
6450,1,46720
6451,1,9160
6452,1,1710
6453,1,500000
6454,1,1930
6455,1,500000
6456,1,65960
6457,1,24300
6458,1,124240
6459,1,86070
6460,1,14300
6461,1,199240
6462,1,5770
6463,1,59270
6464,1,48210
6465,1,500000
6466,1,85140
6467,1,173920
6468,1,300170
6469,1,284310
6470,1,103420
6471,1,7830
6472,1,19370
6473,1,187940
6474,1,322450
6475,1,28080
6476,1,150130
6477,1,255650
6478,1,52480
6479,1,188980
6480,1,79640
6481,1,43200
6482,1,248330
6483,1,12200
6484,1,109810
6485,1,100140
6486,1,22760
6487,1,15950
6488,1,292330
6489,1,3600
6490,1,19880
6491,1,36720
6492,1,76450
6493,1,24220
6494,1,170590
6495,1,4130
6496,1,760
6497,1,33210
6498,1,31330
6499,1,62820
6500,1,500000
6501,1,113370
6502,1,87320
6503,1,27940
6504,1,48100
6505,1,109630
6506,1,125350
6507,1,11410
6508,1,4900
6509,1,48420
6510,1,33410
6511,1,107620
6512,1,75420
6513,1,134030
6514,1,123930
6515,1,54620
6516,1,21720
6517,1,9630
6518,1,7100
6519,1,37540
6520,1,10640
6521,1,16600
6522,1,32120
6523,1,171890
6524,1,148240
6525,1,20140
6526,1,189290
6527,1,339000
6528,1,85310
6529,1,53300
6530,1,14220
6531,1,142680
6532,1,500000
6533,1,191240
6534,1,444260
6535,1,148320
6536,1,3340
6537,1,60440
6538,1,151060
6539,1,500000
6540,1,151280
6541,1,102600
6542,1,214590
6543,1,36370
6544,1,10620
6545,1,18980
6546,1,374460
6547,1,219910
6548,1,204560
6549,1,87320
6550,1,43910
6551,1,24110
6552,1,358730
6553,1,53610
6554,1,230
6555,1,95060
6556,1,12720
6557,1,219500
6558,1,35000
6559,1,58730
6560,1,287910
6561,1,224990
6562,1,70690
6563,1,5090
6564,1,281720
6565,1,104330
6566,1,170270
6567,1,110490
6568,1,54950
6569,1,500000
6570,1,49560
6571,1,120070
6572,1,500000
6573,1,74700
6574,1,255370
6575,1,107200
6576,1,5300
6577,1,78310
6578,1,56090
6579,1,61610
6580,1,40020
6581,1,91770
6582,1,12340
6583,1,38460
6584,1,75880
6585,1,32970
6586,1,2810
6587,1,117000
6588,1,500000
6589,1,72000
6590,1,2420
6591,1,272330
6592,1,130170
6593,1,70260
6594,1,160950
6595,1,39400
6596,1,1480
6597,1,9940
6598,1,1240
6599,1,119910
6600,1,74710
6601,1,16730
6602,1,132210
6603,1,29170
6604,1,38170
6605,1,145880
6606,1,74900
6607,1,500000
6608,1,91230
6609,1,492980
6610,1,178370
6611,1,4250
6612,1,500000
6613,1,14500
6614,1,57330
6615,1,98990
6616,1,2300
6617,1,349310
6618,1,193170
6619,1,220430
6620,1,115300
6621,1,377530
6622,1,126420
6623,1,36880
6624,1,3930
6625,1,162860
6626,1,100150
6627,1,49700
6628,1,63720
6629,1,18810
6630,1,82660
6631,1,116420
6632,1,108330
6633,1,293800
6634,1,9230
6635,1,67490
6636,1,102840
6637,1,211940
6638,1,6990
6639,1,112700
6640,1,78910
6641,1,43290
6642,1,123440
6643,1,6760
6644,1,176410
6645,1,170200
6646,1,144350
6647,1,208500
6648,1,123980
6649,1,76360
6650,1,271910
6651,1,314740
6652,1,8990
6653,1,100150
6654,1,21380
6655,1,33600
6656,1,25670
6657,1,27400
6658,1,338640
6659,1,243040
6660,1,15380
6661,1,36240
6662,1,103810
6663,1,6640
6664,1,74030
6665,1,49320
6666,1,209950
6667,1,205250
6668,1,232300
6669,1,93480
6670,1,101080
6671,1,49480
6672,1,23530
6673,1,348600
6674,1,216230
6675,1,90690
6676,1,130250
6677,1,292580
6678,1,63580
6679,1,21770
6680,1,77430
6681,1,17660
6682,1,163530
6683,1,58980
6684,1,84340
6685,1,167680
6686,1,28660
6687,1,57910
6688,1,66850
6689,1,35300
6690,1,12600
6691,1,212500
6692,1,30310
6693,1,10270
6694,1,91940
6695,1,24100
6696,1,63650
6697,1,59030
6698,1,29910
6699,1,16570
6700,1,81150
6701,1,345770
6702,1,167800
6703,1,20080
6704,1,312380
6705,1,211320
6706,1,500000
6707,1,78610
6708,1,141900
6709,1,10370
6710,1,15930
6711,1,4710
6712,1,104590
6713,1,133060
6714,1,93790
6715,1,149590
6716,1,20810
6717,1,182290
6718,1,371420
6719,1,288400
6720,1,6530
6721,1,183910
6722,1,40750
6723,1,500000
6724,1,500000
6725,1,30330
6726,1,11710
6727,1,70860
6728,1,2700
6729,1,180630
6730,1,72520
6731,1,158350
6732,1,9740
6733,1,29310
6734,1,75420
6735,1,500000
6736,1,270260
6737,1,25950
6738,1,27900
6739,1,123130
6740,1,45490
6741,1,185270
6742,1,105620
6743,1,10270
6744,1,63830
6745,1,162920
6746,1,85810
6747,1,73400
6748,1,410430
6749,1,129730
6750,1,500000
6751,1,69230
6752,1,34740
6753,1,51830
6754,1,67930
6755,1,15410
6756,1,27180
6757,1,73900
6758,1,43670
6759,1,29260
6760,1,100550
6761,1,160850
6762,1,147190
6763,1,17480
6764,1,369680
6765,1,92580
6766,1,74840
6767,1,31040
6768,1,182190
6769,1,500000
6770,1,41850
6771,1,56160
6772,1,84170
6773,1,28210
6774,1,30160
6775,1,441030
6776,1,15270
6777,1,115460
6778,1,41930
6779,1,57990
6780,1,29810
6781,1,166770
6782,1,85380
6783,1,34870
6784,1,40510
6785,1,29500
6786,1,16440
6787,1,144870
6788,1,24680
6789,1,90960
6790,1,347350
6791,1,85840
6792,1,68770
6793,1,74840
6794,1,105330
6795,1,23300
6796,1,78830
6797,1,145040
6798,1,38100
6799,1,32640
6800,1,28110
6801,1,70410
6802,1,49330
6803,1,23100
6804,1,500000
6805,1,500000
6806,1,124560
6807,1,22320
6808,1,150930
6809,1,56910
6810,1,119760
6811,1,146840
6812,1,66370
6813,1,57620
6814,1,158340
6815,1,171300
6816,1,187430
6817,1,77120
6818,1,67750
6819,1,7320
6820,1,91230
6821,1,76270
6822,1,50810
6823,1,117610
6824,1,500000
6825,1,16550
6826,1,1520
6827,1,21740
6828,1,500000
6829,1,8160
6830,1,10590
6831,1,232570
6832,1,142590
6833,1,500000
6834,1,116820
6835,1,25260
6836,1,3420
6837,1,68810
6838,1,218310
6839,1,23830
6840,1,500000
6841,1,27060
6842,1,114400
6843,1,43500
6844,1,67630
6845,1,204760
6846,1,12280
6847,1,140790
6848,1,39660
6849,1,172630
6850,1,248580
6851,1,89860
6852,1,48400
6853,1,124490
6854,1,15650
6855,1,84830
6856,1,260780
6857,1,99300
6858,1,74420
6859,1,10370
6860,1,88680
6861,1,29530
6862,1,170000
6863,1,1140
6864,1,26120
6865,1,1370
6866,1,77850
6867,1,82430
6868,1,93260
6869,1,364180
6870,1,37970
6871,1,14070
6872,1,138660
6873,1,26910
6874,1,191130
6875,1,98190
6876,1,42710
6877,1,93820
6878,1,81380
6879,1,130160
6880,1,19000
6881,1,98280
6882,1,41070
6883,1,74070
6884,1,121650
6885,1,145230
6886,1,108160
6887,1,48980
6888,1,1630
6889,1,195060
6890,1,21930
6891,1,124210
6892,1,65360
6893,1,84290
6894,1,162110
6895,1,12840
6896,1,920
6897,1,11760
6898,1,171780
6899,1,113950
6900,1,14110
6901,1,46270
6902,1,159620
6903,1,214020
6904,1,140150
6905,1,500000
6906,1,7220
6907,1,114820
6908,1,64610
6909,1,31160
6910,1,220
6911,1,119570
6912,1,190110
6913,1,27400
6914,1,156530
6915,1,239260
6916,1,13760
6917,1,124520
6918,1,29470
6919,1,500000
6920,1,1670
6921,1,500000
6922,1,62220
6923,1,294080
6924,1,482820
6925,1,5160
6926,1,66540
6927,1,98660
6928,1,34360
6929,1,104880
6930,1,12460
6931,1,53780
6932,1,74820
6933,1,42140
6934,1,500000
6935,1,59280
6936,1,95160
6937,1,31740
6938,1,115200
6939,1,45030
6940,1,13000
6941,1,110860
6942,1,51660
6943,1,43610
6944,1,50510
6945,1,104100
6946,1,94440
6947,1,14590
6948,1,53910
6949,1,60380
6950,1,134640
6951,1,10240
6952,1,36280
6953,1,20690
6954,1,159110
6955,1,69000
6956,1,332450
6957,1,18310
6958,1,34100
6959,1,500000
6960,1,29430
6961,1,138620
6962,1,133770
6963,1,161960
6964,1,141520
6965,1,62500
6966,1,323430
6967,1,135550
6968,1,21110
6969,1,7490
6970,1,4220
6971,1,6030
6972,1,64690
6973,1,42840
6974,1,48110
6975,1,178170
6976,1,84550
6977,1,3200
6978,1,34030
6979,1,15930
6980,1,35970
6981,1,83890
6982,1,221880
6983,1,31820
6984,1,77880
6985,1,99030
6986,1,61280
6987,1,190730
6988,1,22590
6989,1,126000
6990,1,76670
6991,1,280070
6992,1,79540
6993,1,55060
6994,1,40080
6995,1,79560
6996,1,136760
6997,1,247790
6998,1,76360
6999,1,79470
7000,1,256940
7001,1,48420
7002,1,77480
7003,1,46280
7004,1,20510
7005,1,19490
7006,1,33780
7007,1,266570
7008,1,37810
7009,1,324850
7010,1,500000
7011,1,74530
7012,1,195330
7013,1,9460
7014,1,11990
7015,1,28000
7016,1,104200
7017,1,135210
7018,1,43410
7019,1,5120
7020,1,102090
7021,1,242900
7022,1,3980
7023,1,175840
7024,1,161530
7025,1,41170
7026,1,41430
7027,1,83490
7028,1,18460
7029,1,400540
7030,1,82530
7031,1,98880
7032,1,161590
7033,1,402860
7034,1,33220
7035,1,176000
7036,1,29410
7037,1,108690
7038,1,14570
7039,1,50260
7040,1,420010
7041,1,353430
7042,1,2810
7043,1,172750
7044,1,112900
7045,1,73910
7046,1,67730
7047,1,185800
7048,1,181400
7049,1,7750
7050,1,48510
7051,1,22370
7052,1,500000
7053,1,151220
7054,1,46300
7055,1,45450
7056,1,89180
7057,1,39310
7058,1,82200
7059,1,85910
7060,1,4630
7061,1,117380
7062,1,180150
7063,1,4600
7064,1,33600
7065,1,23800
7066,1,84740
7067,1,66390
7068,1,228420
7069,1,4120
7070,1,50400
7071,1,59300
7072,1,33380
7073,1,11710
7074,1,60560
7075,1,102430
7076,1,30610
7077,1,158110
7078,1,58860
7079,1,500000
7080,1,120050
7081,1,500000
7082,1,21690
7083,1,26740
7084,1,39530
7085,1,145580
7086,1,331160
7087,1,95800
7088,1,10310
7089,1,500000
7090,1,424080
7091,1,30540
7092,1,150060
7093,1,69520
7094,1,43240
7095,1,6850
7096,1,2570
7097,1,283880
7098,1,303880
7099,1,7810
7100,1,76580
7101,1,28940
7102,1,21320
7103,1,77300
7104,1,145080
7105,1,500000
7106,1,5890
7107,1,96470
7108,1,103760
7109,1,398990
7110,1,49980
7111,1,220880
7112,1,19990
7113,1,2790
7114,1,84640
7115,1,85640
7116,1,160720
7117,1,108240
7118,1,88350
7119,1,500000
7120,1,132130
7121,1,88760
7122,1,26120
7123,1,121790
7124,1,48410
7125,1,126620
7126,1,121610
7127,1,477590
7128,1,69020
7129,1,63360
7130,1,115480
7131,1,126020
7132,1,130960
7133,1,9640
7134,1,160230
7135,1,500000
7136,1,213410
7137,1,119410
7138,1,136950
7139,1,143240
7140,1,45770
7141,1,19030
7142,1,44570
7143,1,4500
7144,1,95040
7145,1,27360
7146,1,303070
7147,1,94680
7148,1,58240
7149,1,187620
7150,1,500000
7151,1,68640
7152,1,56490
7153,1,11390
7154,1,474260
7155,1,62680
7156,1,132110
7157,1,127370
7158,1,25670
7159,1,500000
7160,1,423400
7161,1,40270
7162,1,37510
7163,1,69200
7164,1,5680
7165,1,169710
7166,1,380
7167,1,58390
7168,1,12400
7169,1,156070
7170,1,4820
7171,1,333810
7172,1,270840
7173,1,372250
7174,1,219980
7175,1,217320
7176,1,37780
7177,1,48220
7178,1,169570
7179,1,129270
7180,1,86870
7181,1,500000
7182,1,91870
7183,1,8280
7184,1,149980
7185,1,19350
7186,1,33120
7187,1,6890
7188,1,94850
7189,1,500000
7190,1,63290
7191,1,275240
7192,1,78700
7193,1,112680
7194,1,23310
7195,1,121020
7196,1,500000
7197,1,19610
7198,1,29050
7199,1,69010
7200,1,230200
7201,1,9130
7202,1,98000
7203,1,70730
7204,1,82510
7205,1,368110
7206,1,2340
7207,1,176930
7208,1,59560
7209,1,159050
7210,1,68450
7211,1,63740
7212,1,24630
7213,1,267610
7214,1,27410
7215,1,161800
7216,1,10640
7217,1,68960
7218,1,65570
7219,1,80880
7220,1,258600
7221,1,14020
7222,1,118260
7223,1,333940
7224,1,85580
7225,1,54620
7226,1,46710
7227,1,9980
7228,1,336110
7229,1,139170
7230,1,1360
7231,1,126780
7232,1,199930
7233,1,126480
7234,1,2850
7235,1,108590
7236,1,218780
7237,1,21460
7238,1,25190
7239,1,118830
7240,1,112300
7241,1,34280
7242,1,35890
7243,1,53020
7244,1,112310
7245,1,68860
7246,1,69000
7247,1,500000
7248,1,20120
7249,1,1810
7250,1,500000
7251,1,52360
7252,1,500000
7253,1,16480
7254,1,500000
7255,1,500000
7256,1,1040
7257,1,140560
7258,1,16580
7259,1,76980
7260,1,371720
7261,1,139390
7262,1,41040
7263,1,70870
7264,1,141100
7265,1,129840
7266,1,43480
7267,1,218280
7268,1,155430
7269,1,55260
7270,1,4210
7271,1,77580
7272,1,192880
7273,1,46970
7274,1,208950
7275,1,44260
7276,1,12110
7277,1,71160
7278,1,174030
7279,1,1200
7280,1,72090
7281,1,40360
7282,1,198780
7283,1,27150
7284,1,97420
7285,1,18110
7286,1,500000
7287,1,32530
7288,1,4850
7289,1,48610
7290,1,6240
7291,1,127400
7292,1,142960
7293,1,309850
7294,1,61420
7295,1,48690
7296,1,10220
7297,1,69980
7298,1,170330
7299,1,207730
7300,1,213680
7301,1,38930
7302,1,20430
7303,1,189290
7304,1,224810
7305,1,16370
7306,1,27270
7307,1,50210
7308,1,95820
7309,1,6210
7310,1,170610
7311,1,4090
7312,1,151300
7313,1,79490
7314,1,75110
7315,1,241450
7316,1,18830
7317,1,45140
7318,1,120730
7319,1,110810
7320,1,81180
7321,1,36260
7322,1,44390
7323,1,151250
7324,1,131370
7325,1,500000
7326,1,57500
7327,1,57980
7328,1,66690
7329,1,48100
7330,1,30430
7331,1,670
7332,1,293740
7333,1,69570
7334,1,80900
7335,1,35170
7336,1,336750
7337,1,14580
7338,1,56890
7339,1,33090
7340,1,29500
7341,1,254950
7342,1,315790
7343,1,102940
7344,1,47690
7345,1,39540
7346,1,34500
7347,1,136350
7348,1,94400
7349,1,12380
7350,1,8700
7351,1,352780
7352,1,133790
7353,1,80370
7354,1,115090
7355,1,90800
7356,1,73220
7357,1,285500
7358,1,217750
7359,1,25290
7360,1,86990
7361,1,101590
7362,1,123540
7363,1,276890
7364,1,33410
7365,1,62620
7366,1,463500
7367,1,289790
7368,1,112810
7369,1,75410
7370,1,76480
7371,1,17960
7372,1,9910
7373,1,378070
7374,1,119290
7375,1,299660
7376,1,183480
7377,1,348070
7378,1,500000
7379,1,16550
7380,1,232240
7381,1,9560
7382,1,70630
7383,1,89790
7384,1,173750
7385,1,129810
7386,1,434390
7387,1,11410
7388,1,83800
7389,1,5980
7390,1,62140
7391,1,7500
7392,1,84640
7393,1,195790
7394,1,45010
7395,1,168890
7396,1,28760
7397,1,74000
7398,1,55380
7399,1,43440
7400,1,21230
7401,1,337210
7402,1,73470
7403,1,4070
7404,1,84710
7405,1,79490
7406,1,66940
7407,1,15290
7408,1,44790
7409,1,118750
7410,1,163920
7411,1,69410
7412,1,97590
7413,1,172110
7414,1,39010
7415,1,167170
7416,1,390670
7417,1,198250
7418,1,81820
7419,1,30320
7420,1,37770
7421,1,500000
7422,1,16260
7423,1,123840
7424,1,266940
7425,1,19000
7426,1,271360
7427,1,46430
7428,1,19980
7429,1,312830
7430,1,190930
7431,1,96910
7432,1,223080
7433,1,11180
7434,1,45730
7435,1,500000
7436,1,4060
7437,1,77510
7438,1,111320
7439,1,50980
7440,1,40180
7441,1,68290
7442,1,960
7443,1,102680
7444,1,60290
7445,1,380010
7446,1,89060
7447,1,240680
7448,1,38330
7449,1,138140
7450,1,168670
7451,1,26410
7452,1,98570
7453,1,5300
7454,1,65890
7455,1,99180
7456,1,290
7457,1,349900
7458,1,21220
7459,1,164590
7460,1,193580
7461,1,60760
7462,1,500000
7463,1,41010
7464,1,500000
7465,1,20120
7466,1,247830
7467,1,13670
7468,1,21410
7469,1,44650
7470,1,16720
7471,1,34940
7472,1,104320
7473,1,14610
7474,1,92070
7475,1,100360
7476,1,8560
7477,1,7760
7478,1,500000
7479,1,158020
7480,1,48510
7481,1,500000
7482,1,26900
7483,1,78650
7484,1,209790
7485,1,70300
7486,1,185700
7487,1,85450
7488,1,500000
7489,1,8400
7490,1,217270
7491,1,19680
7492,1,5880
7493,1,48620
7494,1,16060
7495,1,27750
7496,1,141690
7497,1,33630
7498,1,81320
7499,1,1130
7500,1,20770
7501,1,98980
7502,1,35240
7503,1,34580
7504,1,182120
7505,1,27980
7506,1,305390
7507,1,26890
7508,1,16260
7509,1,47190
7510,1,111720
7511,1,120810
7512,1,165240
7513,1,27750
7514,1,85900
7515,1,78450
7516,1,6640
7517,1,191850
7518,1,6180
7519,1,319880
7520,1,20870
7521,1,109020
7522,1,84850
7523,1,19010
7524,1,81170
7525,1,232830
7526,1,243070
7527,1,228410
7528,1,163180
7529,1,37220
7530,1,55530
7531,1,41990
7532,1,105610
7533,1,3940
7534,1,200140
7535,1,102820
7536,1,336710
7537,1,262210
7538,1,10550
7539,1,19150
7540,1,47460
7541,1,60510
7542,1,85530
7543,1,171480
7544,1,367980
7545,1,47760
7546,1,73660
7547,1,64260
7548,1,55700
7549,1,47960
7550,1,142260
7551,1,139400
7552,1,3070
7553,1,131870
7554,1,9470
7555,1,58760
7556,1,8810
7557,1,31440
7558,1,71180
7559,1,23610
7560,1,29390
7561,1,45930
7562,1,7530
7563,1,120670
7564,1,7090
7565,1,147400
7566,1,462620
7567,1,79080
7568,1,500000
7569,1,66590
7570,1,90340
7571,1,90930
7572,1,107610
7573,1,66130
7574,1,4010
7575,1,44120
7576,1,172750
7577,1,128490
7578,1,201490
7579,1,492060
7580,1,217720
7581,1,55970
7582,1,23970
7583,1,22710
7584,1,214510
7585,1,73180
7586,1,14510
7587,1,10590
7588,1,33870
7589,1,135200
7590,1,131080
7591,1,35700
7592,1,79290
7593,1,288420
7594,1,81940
7595,1,66150
7596,1,327820
7597,1,74700
7598,1,65090
7599,1,17790
7600,1,21680
7601,1,17950
7602,1,63250
7603,1,34030
7604,1,336900
7605,1,316960
7606,1,26800
7607,1,12120
7608,1,10660
7609,1,135870
7610,1,89470
7611,1,148540
7612,1,500000
7613,1,6970
7614,1,98350
7615,1,16600
7616,1,41770
7617,1,500000
7618,1,147360
7619,1,25500
7620,1,98630
7621,1,284830
7622,1,372910
7623,1,235000
7624,1,133740
7625,1,248340
7626,1,102230
7627,1,109190
7628,1,40410
7629,1,84380
7630,1,12460
7631,1,49470
7632,1,91230
7633,1,424100
7634,1,1020
7635,1,49380
7636,1,8960
7637,1,165780
7638,1,58420
7639,1,358790
7640,1,80000
7641,1,39470
7642,1,146340
7643,1,57890
7644,1,294330
7645,1,17590
7646,1,36920
7647,1,3340
7648,1,73000
7649,1,302270
7650,1,311400
7651,1,309720
7652,1,50660
7653,1,147120
7654,1,41520
7655,1,48950
7656,1,28170
7657,1,60090
7658,1,152410
7659,1,72220
7660,1,361350
7661,1,61770
7662,1,12900
7663,1,46590
7664,1,3980
7665,1,8570
7666,1,139250
7667,1,142180
7668,1,60630
7669,1,202190
7670,1,21210
7671,1,29460
7672,1,61050
7673,1,12260
7674,1,32460
7675,1,363550
7676,1,19140
7677,1,362020
7678,1,157480
7679,1,62290
7680,1,89440
7681,1,233020
7682,1,185420
7683,1,312330
7684,1,68390
7685,1,46690
7686,1,31720
7687,1,500000
7688,1,34850
7689,1,140940
7690,1,141520
7691,1,112530
7692,1,285330
7693,1,14570
7694,1,20400
7695,1,43730
7696,1,128080
7697,1,74020
7698,1,63210
7699,1,500000
7700,1,3620
7701,1,4050
7702,1,298070
7703,1,1960
7704,1,57410
7705,1,383820
7706,1,61950
7707,1,144200
7708,1,164750
7709,1,36200
7710,1,16310
7711,1,194050
7712,1,7980
7713,1,25390
7714,1,500000
7715,1,64010
7716,1,217050
7717,1,355430
7718,1,41950
7719,1,186110
7720,1,438850
7721,1,132310
7722,1,201500
7723,1,105110
7724,1,19530
7725,1,69000
7726,1,520
7727,1,67830
7728,1,28440
7729,1,88370
7730,1,62170
7731,1,2900
7732,1,35510
7733,1,90710
7734,1,157650
7735,1,102810
7736,1,28570
7737,1,4490
7738,1,185080
7739,1,188290
7740,1,27560
7741,1,193210
7742,1,40170
7743,1,35820
7744,1,112260
7745,1,24830
7746,1,85120
7747,1,390150
7748,1,24920
7749,1,17420
7750,1,138100
7751,1,79650
7752,1,114390
7753,1,209350
7754,1,14490
7755,1,92020
7756,1,270610
7757,1,195790
7758,1,450530
7759,1,49060
7760,1,69860
7761,1,54520
7762,1,51350
7763,1,82640
7764,1,12890
7765,1,55140
7766,1,64510
7767,1,120390
7768,1,66380
7769,1,176880
7770,1,184350
7771,1,10380
7772,1,164870
7773,1,178690
7774,1,23660
7775,1,500000
7776,1,500000
7777,1,4300
7778,1,108500
7779,1,103370
7780,1,24030
7781,1,135690
7782,1,10980
7783,1,4740
7784,1,260650
7785,1,46150
7786,1,166450
7787,1,64470
7788,1,191000
7789,1,87010
7790,1,25720
7791,1,9480
7792,1,71440
7793,1,74850
7794,1,49250
7795,1,260260
7796,1,418110
7797,1,73370
7798,1,12280
7799,1,65440
7800,1,178180
7801,1,45860
7802,1,269640
7803,1,10830
7804,1,163520
7805,1,174310
7806,1,25680
7807,1,14150
7808,1,314570
7809,1,3480
7810,1,500000
7811,1,204250
7812,1,22700
7813,1,80720
7814,1,27450
7815,1,27930
7816,1,15960
7817,1,164550
7818,1,70560
7819,1,37960
7820,1,27890
7821,1,500000
7822,1,176940
7823,1,8600
7824,1,141410
7825,1,299870
7826,1,189650
7827,1,78850
7828,1,56720
7829,1,18770
7830,1,52150
7831,1,102330
7832,1,31210
7833,1,140420
7834,1,287660
7835,1,25120
7836,1,287350
7837,1,80820
7838,1,12460
7839,1,128220
7840,1,1440
7841,1,54510
7842,1,39180
7843,1,229710
7844,1,59940
7845,1,230100
7846,1,356090
7847,1,74860
7848,1,39030
7849,1,10750
7850,1,71100
7851,1,59110
7852,1,64280
7853,1,60560
7854,1,23020
7855,1,88750
7856,1,9390
7857,1,36700
7858,1,70490
7859,1,54050
7860,1,82600
7861,1,27290
7862,1,36150
7863,1,68320
7864,1,500000
7865,1,84390
7866,1,160210
7867,1,227660
7868,1,163250
7869,1,97810
7870,1,70210
7871,1,23550
7872,1,3820
7873,1,54140
7874,1,70670
7875,1,500000
7876,1,57020
7877,1,500000
7878,1,108650
7879,1,19680
7880,1,165350
7881,1,134410
7882,1,500000
7883,1,147280
7884,1,170160
7885,1,112890
7886,1,20660
7887,1,152740
7888,1,74510
7889,1,26980
7890,1,500000
7891,1,65320
7892,1,157170
7893,1,12280
7894,1,201830
7895,1,11370
7896,1,19750
7897,1,17470
7898,1,101480
7899,1,6480
7900,1,55670
7901,1,133420
7902,1,150180
7903,1,5580
7904,1,14190
7905,1,29650
7906,1,41510
7907,1,13340
7908,1,11310
7909,1,16650
7910,1,108480
7911,1,42170
7912,1,166050
7913,1,103700
7914,1,58650
7915,1,145580
7916,1,93320
7917,1,371240
7918,1,1340
7919,1,112890
7920,1,14300
7921,1,23850
7922,1,19600
7923,1,11370
7924,1,273160
7925,1,48490
7926,1,86820
7927,1,58000
7928,1,35690
7929,1,500000
7930,1,17650
7931,1,26000
7932,1,36950
7933,1,12450
7934,1,102820
7935,1,54770
7936,1,149480
7937,1,268680
7938,1,101630
7939,1,129600
7940,1,310260
7941,1,15190
7942,1,46270
7943,1,11320
7944,1,52970
7945,1,53520
7946,1,32960
7947,1,104390
7948,1,11520
7949,1,1530
7950,1,29720
7951,1,23400
7952,1,256900
7953,1,24970
7954,1,57010
7955,1,9220
7956,1,52770
7957,1,5870
7958,1,65800
7959,1,29180
7960,1,12020
7961,1,287520
7962,1,71980
7963,1,357700
7964,1,401100
7965,1,75260
7966,1,17690
7967,1,24890
7968,1,202580
7969,1,90990
7970,1,97900
7971,1,47250
7972,1,180360
7973,1,65840
7974,1,37590
7975,1,133010
7976,1,8080
7977,1,8170
7978,1,48000
7979,1,122160
7980,1,129400
7981,1,81050
7982,1,500000
7983,1,7170
7984,1,29770
7985,1,45520
7986,1,12020
7987,1,3820
7988,1,290200
7989,1,233460
7990,1,103250
7991,1,40140
7992,1,500000
7993,1,189930
7994,1,459580
7995,1,17210
7996,1,84620
7997,1,258970
7998,1,40290
7999,1,65060
8000,1,111370
8001,1,11640
8002,1,111390
8003,1,33770
8004,1,57340
8005,1,5770
8006,1,48580
8007,1,70110
8008,1,416650
8009,1,9880
8010,1,315550
8011,1,30490
8012,1,26090
8013,1,69190
8014,1,290970
8015,1,45700
8016,1,410630
8017,1,255170
8018,1,254990
8019,1,156680
8020,1,32040
8021,1,14190
8022,1,43970
8023,1,134050
8024,1,46700
8025,1,114100
8026,1,71960
8027,1,118950
8028,1,307650
8029,1,60050
8030,1,16560
8031,1,191360
8032,1,240130
8033,1,288060
8034,1,70010
8035,1,75300
8036,1,152330
8037,1,28020
8038,1,104090
8039,1,79240
8040,1,119010
8041,1,54500
8042,1,86560
8043,1,50680
8044,1,86100
8045,1,111420
8046,1,18620
8047,1,333800
8048,1,385540
8049,1,319430
8050,1,43050
8051,1,97990
8052,1,371650
8053,1,9720
8054,1,2590
8055,1,19650
8056,1,18960
8057,1,134260
8058,1,75740
8059,1,218490
8060,1,99930
8061,1,482450
8062,1,109480
8063,1,281360
8064,1,21960
8065,1,165290
8066,1,120260
8067,1,19510
8068,1,105020
8069,1,109190
8070,1,8950
8071,1,47380
8072,1,113340
8073,1,500000
8074,1,16430
8075,1,157350
8076,1,275870
8077,1,98150
8078,1,146800
8079,1,51770
8080,1,119970
8081,1,140930
8082,1,132390
8083,1,500000
8084,1,17670
8085,1,67590
8086,1,500000
8087,1,35020
8088,1,29780
8089,1,100770
8090,1,185130
8091,1,25710
8092,1,26630
8093,1,17400
8094,1,121200
8095,1,67900
8096,1,14490
8097,1,79230
8098,1,34870
8099,1,108220
8100,1,270650
8101,1,116360
8102,1,246060
8103,1,39680
8104,1,210340
8105,1,164830
8106,1,90880
8107,1,55690
8108,1,453830
8109,1,41600
8110,1,183350
8111,1,150830
8112,1,33650
8113,1,91910
8114,1,26180
8115,1,235210
8116,1,27260
8117,1,301910
8118,1,31650
8119,1,87170
8120,1,500000
8121,1,47790
8122,1,94580
8123,1,95180
8124,1,19090
8125,1,59850
8126,1,167670
8127,1,61530
8128,1,59280
8129,1,264070
8130,1,99080
8131,1,44070
8132,1,411960
8133,1,222450
8134,1,23970
8135,1,47660
8136,1,35410
8137,1,157350
8138,1,225960
8139,1,34240
8140,1,389640
8141,1,150920
8142,1,40750
8143,1,370
8144,1,16160
8145,1,94770
8146,1,211430
8147,1,346890
8148,1,4090
8149,1,153170
8150,1,61220
8151,1,25970
8152,1,52200
8153,1,198080
8154,1,11860
8155,1,90630
8156,1,73810
8157,1,288620
8158,1,208410
8159,1,319150
8160,1,21580
8161,1,27570
8162,1,102160
8163,1,67870
8164,1,4670
8165,1,8740
8166,1,40530
8167,1,35910
8168,1,11400
8169,1,221370
8170,1,305470
8171,1,110360
8172,1,14970
8173,1,146620
8174,1,29220
8175,1,52330
8176,1,255180
8177,1,295880
8178,1,119940
8179,1,48270
8180,1,19930
8181,1,167040
8182,1,40670
8183,1,11310
8184,1,70920
8185,1,45180
8186,1,3370
8187,1,170820
8188,1,117510
8189,1,40860
8190,1,53140
8191,1,45590
8192,1,114250
8193,1,168930
8194,1,391320
8195,1,18250
8196,1,205240
8197,1,139840
8198,1,740
8199,1,16820
8200,1,140150
8201,1,134450
8202,1,38470
8203,1,67410
8204,1,67650
8205,1,91450
8206,1,45260
8207,1,7760
8208,1,27080
8209,1,17870
8210,1,29200
8211,1,26800
8212,1,500000
8213,1,38660
8214,1,45670
8215,1,35550
8216,1,291700
8217,1,313730
8218,1,76230
8219,1,17910
8220,1,3810
8221,1,500000
8222,1,345590
8223,1,11690
8224,1,103120
8225,1,15150
8226,1,131350
8227,1,86760
8228,1,498530
8229,1,500000
8230,1,337920
8231,1,118230
8232,1,95490
8233,1,214140
8234,1,11310
8235,1,179110
8236,1,1910
8237,1,40360
8238,1,112310
8239,1,150260
8240,1,209590
8241,1,58760
8242,1,137150
8243,1,22690
8244,1,43360
8245,1,29190
8246,1,35880
8247,1,428600
8248,1,48150
8249,1,47750
8250,1,500000
8251,1,61480
8252,1,12460
8253,1,52210
8254,1,337600
8255,1,13470
8256,1,150340
8257,1,205380
8258,1,39940
8259,1,57010
8260,1,33570
8261,1,170120
8262,1,97010
8263,1,128460
8264,1,500000
8265,1,23430
8266,1,307510
8267,1,28210
8268,1,309030
8269,1,44470
8270,1,18540
8271,1,102390
8272,1,155970
8273,1,106450
8274,1,23720
8275,1,9310
8276,1,500000
8277,1,7640
8278,1,75780
8279,1,74160
8280,1,13930
8281,1,500000
8282,1,99710
8283,1,164000
8284,1,38950
8285,1,4770
8286,1,18600
8287,1,300
8288,1,87490
8289,1,189450
8290,1,500000
8291,1,40590
8292,1,179200
8293,1,128630
8294,1,243680
8295,1,42120
8296,1,83910
8297,1,212790
8298,1,88420
8299,1,52240
8300,1,221910
8301,1,500000
8302,1,49530
8303,1,186300
8304,1,20250
8305,1,196900
8306,1,40800
8307,1,85410
8308,1,13910
8309,1,154090
8310,1,36590
8311,1,9460
8312,1,92150
8313,1,157900
8314,1,25630
8315,1,190910
8316,1,96530
8317,1,14680
8318,1,39030
8319,1,30730
8320,1,181620
8321,1,161260
8322,1,500000
8323,1,73160
8324,1,463400
8325,1,133350
8326,1,63920
8327,1,29870
8328,1,73770
8329,1,500000
8330,1,122210
8331,1,4040
8332,1,32460
8333,1,64680
8334,1,27270
8335,1,35020
8336,1,27580
8337,1,6610
8338,1,13690
8339,1,127150
8340,1,20790
8341,1,131350
8342,1,107920
8343,1,89810
8344,1,230140
8345,1,18360
8346,1,64190
8347,1,5170
8348,1,11640
8349,1,206370
8350,1,227930
8351,1,77190
8352,1,25460
8353,1,13860
8354,1,59900
8355,1,69290
8356,1,66230
8357,1,25520
8358,1,22140
8359,1,279220
8360,1,67840
8361,1,149940
8362,1,13970
8363,1,18720
8364,1,83610
8365,1,22850
8366,1,12370
8367,1,180530
8368,1,64920
8369,1,168930
8370,1,342380
8371,1,11840
8372,1,71910
8373,1,39000
8374,1,124440
8375,1,83240
8376,1,51790
8377,1,31550
8378,1,109700
8379,1,129770
8380,1,367980
8381,1,56850
8382,1,48440
8383,1,117150
8384,1,45210
8385,1,21820
8386,1,23970
8387,1,1180
8388,1,79140
8389,1,500000
8390,1,109360
8391,1,157560
8392,1,204420
8393,1,220470
8394,1,97580
8395,1,140430
8396,1,80000
8397,1,100720
8398,1,14180
8399,1,93020
8400,1,404000
8401,1,4280
8402,1,121830
8403,1,282220
8404,1,196820
8405,1,21270
8406,1,223600
8407,1,92310
8408,1,52140
8409,1,108290
8410,1,21500
8411,1,30410
8412,1,146660
8413,1,187710
8414,1,106830
8415,1,59080
8416,1,7210
8417,1,102360
8418,1,47740
8419,1,26550
8420,1,136020
8421,1,23910
8422,1,3120
8423,1,89640
8424,1,86410
8425,1,117350
8426,1,16220
8427,1,87880
8428,1,91410
8429,1,49160
8430,1,4190
8431,1,48230
8432,1,206800
8433,1,191740
8434,1,23490
8435,1,349640
8436,1,107210
8437,1,54700
8438,1,82940
8439,1,147160
8440,1,33740
8441,1,34780
8442,1,33090
8443,1,157570
8444,1,27690
8445,1,169430
8446,1,71090
8447,1,63210
8448,1,14960
8449,1,138750
8450,1,32390
8451,1,73350
8452,1,1420
8453,1,33360
8454,1,5300
8455,1,113560
8456,1,65400
8457,1,17890
8458,1,448490
8459,1,29650
8460,1,388320
8461,1,136040
8462,1,90430
8463,1,88940
8464,1,500000
8465,1,178980
8466,1,116280
8467,1,249700
8468,1,144790
8469,1,4110
8470,1,55440
8471,1,103720
8472,1,500000
8473,1,32950
8474,1,63420
8475,1,152710
8476,1,86840
8477,1,80580
8478,1,319140
8479,1,3890
8480,1,5350
8481,1,45250
8482,1,135160
8483,1,5800
8484,1,282430
8485,1,95980
8486,1,26550
8487,1,3030
8488,1,176520
8489,1,180170
8490,1,69160
8491,1,200350
8492,1,53450
8493,1,11930
8494,1,31140
8495,1,46700
8496,1,67810
8497,1,22540
8498,1,50180
8499,1,29510
8500,1,29190
8501,1,133160
8502,1,4810
8503,1,263730
8504,1,71250
8505,1,115660
8506,1,76640
8507,1,24740
8508,1,141440
8509,1,72700
8510,1,38400
8511,1,190940
8512,1,119510
8513,1,264520
8514,1,248990
8515,1,27450
8516,1,29890
8517,1,43750
8518,1,350470
8519,1,141870
8520,1,8210
8521,1,123220
8522,1,149730
8523,1,138130
8524,1,478770
8525,1,81190
8526,1,33800
8527,1,112380
8528,1,122630
8529,1,12410
8530,1,23910
8531,1,133490
8532,1,128940
8533,1,3300
8534,1,83030
8535,1,68430
8536,1,79960
8537,1,387240
8538,1,126420
8539,1,111920
8540,1,7690
8541,1,75700
8542,1,293790
8543,1,17170
8544,1,16830
8545,1,9420
8546,1,71520
8547,1,220190
8548,1,500000
8549,1,7830
8550,1,8920
8551,1,360250
8552,1,53820
8553,1,174080
8554,1,326770
8555,1,11600
8556,1,111950
8557,1,143660
8558,1,45700
8559,1,202070
8560,1,86580
8561,1,47910
8562,1,420960
8563,1,18300
8564,1,17210
8565,1,63330
8566,1,181250
8567,1,40440
8568,1,16220
8569,1,158830
8570,1,25770
8571,1,194500
8572,1,118130
8573,1,19960
8574,1,182170
8575,1,76540
8576,1,131050
8577,1,90620
8578,1,4760
8579,1,332040
8580,1,486540
8581,1,100300
8582,1,240000
8583,1,34870
8584,1,4320
8585,1,9400
8586,1,113810
8587,1,81300
8588,1,394380
8589,1,86070
8590,1,261330
8591,1,500000
8592,1,117140
8593,1,37450
8594,1,93490
8595,1,26070
8596,1,168690
8597,1,164530
8598,1,34380
8599,1,4730
8600,1,49330
8601,1,66370
8602,1,33100
8603,1,66200
8604,1,1730
8605,1,10590
8606,1,6860
8607,1,165800
8608,1,117290
8609,1,117020
8610,1,126840
8611,1,64840
8612,1,226170
8613,1,79000
8614,1,115160
8615,1,167920
8616,1,101670
8617,1,64390
8618,1,121840
8619,1,500000
8620,1,189740
8621,1,65180
8622,1,111870
8623,1,155250
8624,1,5400
8625,1,42800
8626,1,190990
8627,1,5200
8628,1,103210
8629,1,35130
8630,1,305650
8631,1,207690
8632,1,77660
8633,1,55710
8634,1,13960
8635,1,8420
8636,1,144290
8637,1,185890
8638,1,40060
8639,1,69210
8640,1,153380
8641,1,23190
8642,1,272490
8643,1,36160
8644,1,3110
8645,1,40880
8646,1,105410
8647,1,232760
8648,1,13220
8649,1,9390
8650,1,279840
8651,1,193770
8652,1,59630
8653,1,81950
8654,1,51500
8655,1,20550
8656,1,25870
8657,1,50750
8658,1,475250
8659,1,31020
8660,1,20870
8661,1,53390
8662,1,9520
8663,1,233710
8664,1,15550
8665,1,27800
8666,1,35050
8667,1,21600
8668,1,77990
8669,1,241740
8670,1,29190
8671,1,500000
8672,1,32160
8673,1,223480
8674,1,232740
8675,1,21150
8676,1,50030
8677,1,247450
8678,1,183040
8679,1,79880
8680,1,44220
8681,1,70010
8682,1,22160
8683,1,59320
8684,1,63750
8685,1,94080
8686,1,63250
8687,1,237450
8688,1,148360
8689,1,54050
8690,1,500000
8691,1,33110
8692,1,107200
8693,1,56240
8694,1,4810
8695,1,22460
8696,1,9070
8697,1,40290
8698,1,185350
8699,1,182670
8700,1,42410
8701,1,78520
8702,1,54830
8703,1,24470
8704,1,19560
8705,1,382650
8706,1,35530
8707,1,3480
8708,1,78570
8709,1,172750
8710,1,40950
8711,1,113010
8712,1,146700
8713,1,77000
8714,1,24100
8715,1,251280
8716,1,19950
8717,1,113010
8718,1,130370
8719,1,14240
8720,1,500000
8721,1,15660
8722,1,200790
8723,1,3740
8724,1,81680
8725,1,53810
8726,1,22620
8727,1,227050
8728,1,146920
8729,1,71940
8730,1,18980
8731,1,500000
8732,1,500000
8733,1,141780
8734,1,18600
8735,1,67320
8736,1,17920
8737,1,124840
8738,1,8500
8739,1,64540
8740,1,57020
8741,1,353330
8742,1,20400
8743,1,44720
8744,1,228340
8745,1,24340
8746,1,38410
8747,1,500000
8748,1,500000
8749,1,63340
8750,1,6580
8751,1,318400
8752,1,180820
8753,1,96550
8754,1,332540
8755,1,171370
8756,1,291890
8757,1,72850
8758,1,74800
8759,1,19130
8760,1,128920
8761,1,31120
8762,1,111550
8763,1,9060
8764,1,1060
8765,1,149270
8766,1,15240
8767,1,163700
8768,1,107600
8769,1,21800
8770,1,173690
8771,1,45590
8772,1,403780
8773,1,211210
8774,1,28920
8775,1,122740
8776,1,46440
8777,1,182710
8778,1,12610
8779,1,12890
8780,1,121840
8781,1,72050
8782,1,77840
8783,1,21150
8784,1,47860
8785,1,60610
8786,1,6600
8787,1,98340
8788,1,81570
8789,1,71280
8790,1,51800
8791,1,394460
8792,1,59830
8793,1,32310
8794,1,19740
8795,1,152430
8796,1,140480
8797,1,179610
8798,1,127130
8799,1,116070
8800,1,325050
8801,1,315920
8802,1,69830
8803,1,55930
8804,1,22740
8805,1,30990
8806,1,5510
8807,1,4690
8808,1,385680
8809,1,64740
8810,1,77910
8811,1,6510
8812,1,237920
8813,1,33580
8814,1,11230
8815,1,378870
8816,1,5010
8817,1,39510
8818,1,500000
8819,1,199040
8820,1,206780
8821,1,52860
8822,1,376590
8823,1,137090
8824,1,24430
8825,1,128120
8826,1,282340
8827,1,253950
8828,1,220700
8829,1,1580
8830,1,74080
8831,1,423840
8832,1,63610
8833,1,40880
8834,1,180920
8835,1,67030
8836,1,68640
8837,1,72370
8838,1,166120
8839,1,26070
8840,1,208190
8841,1,291430
8842,1,24270
8843,1,99480
8844,1,473550
8845,1,11840
8846,1,1910
8847,1,136810
8848,1,22070
8849,1,19840
8850,1,6580
8851,1,39100
8852,1,44330
8853,1,95160
8854,1,850
8855,1,29050
8856,1,132340
8857,1,101710
8858,1,31170
8859,1,33740
8860,1,262270
8861,1,15670
8862,1,162790
8863,1,46060
8864,1,391960
8865,1,19090
8866,1,111620
8867,1,11340
8868,1,284890
8869,1,78830
8870,1,182420
8871,1,50350
8872,1,76750
8873,1,110560
8874,1,500000
8875,1,199920
8876,1,69420
8877,1,5670
8878,1,101940
8879,1,1800
8880,1,74050
8881,1,249980
8882,1,2820
8883,1,76270
8884,1,16640
8885,1,80980
8886,1,70760
8887,1,239600
8888,1,134200
8889,1,286530
8890,1,5170
8891,1,145170
8892,1,26910
8893,1,149000
8894,1,91660
8895,1,16250
8896,1,30430
8897,1,323390
8898,1,70270
8899,1,16170
8900,1,44930
8901,1,82580
8902,1,4230
8903,1,82850
8904,1,43210
8905,1,19360
8906,1,5880
8907,1,500000
8908,1,125350
8909,1,12660
8910,1,58890
8911,1,217530
8912,1,49880
8913,1,81360
8914,1,190970
8915,1,94090
8916,1,40610
8917,1,15510
8918,1,133540
8919,1,39560
8920,1,27800
8921,1,137930
8922,1,28480
8923,1,7350
8924,1,24400
8925,1,65930
8926,1,57700
8927,1,176610
8928,1,170730
8929,1,33760
8930,1,78170
8931,1,94080
8932,1,96750
8933,1,65750
8934,1,74210
8935,1,126110
8936,1,40760
8937,1,11130
8938,1,285090
8939,1,112640
8940,1,117970
8941,1,158780
8942,1,252780
8943,1,325680
8944,1,236930
8945,1,131030
8946,1,1450
8947,1,188450
8948,1,152110
8949,1,500000
8950,1,9170
8951,1,120110
8952,1,19560
8953,1,219710
8954,1,314820
8955,1,31210
8956,1,5220
8957,1,40110
8958,1,1310
8959,1,127530
8960,1,125450
8961,1,23710
8962,1,241170
8963,1,20540
8964,1,38880
8965,1,101670
8966,1,8240
8967,1,38540
8968,1,36970
8969,1,170410
8970,1,1570
8971,1,51200
8972,1,120540
8973,1,12480
8974,1,156630
8975,1,194130
8976,1,7140
8977,1,500000
8978,1,76340
8979,1,20770
8980,1,32920
8981,1,241380
8982,1,210740
8983,1,350470
8984,1,95130
8985,1,153850
8986,1,6210
8987,1,64440
8988,1,447490
8989,1,223790
8990,1,32400
8991,1,149750
8992,1,36240
8993,1,53090
8994,1,140570
8995,1,8120
8996,1,38330
8997,1,280180
8998,1,23330
8999,1,126470
9000,1,17820
9001,1,28930
9002,1,274940
9003,1,415070
9004,1,262510
9005,1,325140
9006,1,500000
9007,1,356400
9008,1,1560
9009,1,25130
9010,1,9850
9011,1,160160
9012,1,60750
9013,1,49790
9014,1,51390
9015,1,174020
9016,1,132800
9017,1,6250
9018,1,54810
9019,1,66430
9020,1,45010
9021,1,114260
9022,1,208010
9023,1,39270
9024,1,1930
9025,1,80990
9026,1,93610
9027,1,149860
9028,1,23800
9029,1,25500
9030,1,56580
9031,1,358020
9032,1,137790
9033,1,37720
9034,1,500000
9035,1,500000
9036,1,9210
9037,1,500000
9038,1,57980
9039,1,117730
9040,1,87270
9041,1,313650
9042,1,204760
9043,1,86500
9044,1,127280
9045,1,20260
9046,1,394230
9047,1,33150
9048,1,39000
9049,1,17950
9050,1,500000
9051,1,5560
9052,1,66800
9053,1,139630
9054,1,92850
9055,1,32620
9056,1,36940
9057,1,29070
9058,1,29250
9059,1,18950
9060,1,81630
9061,1,474140
9062,1,21200
9063,1,53090
9064,1,53870
9065,1,8190
9066,1,46080
9067,1,84310
9068,1,151330
9069,1,15490
9070,1,206050
9071,1,168840
9072,1,135390
9073,1,269860
9074,1,32190
9075,1,97810
9076,1,39630
9077,1,500000
9078,1,45690
9079,1,200920
9080,1,12860
9081,1,137460
9082,1,8730
9083,1,322880
9084,1,1940
9085,1,21130
9086,1,69210
9087,1,21630
9088,1,405570
9089,1,79390
9090,1,66920
9091,1,23450
9092,1,12280
9093,1,25190
9094,1,11670
9095,1,49440
9096,1,79490
9097,1,30040
9098,1,21200
9099,1,4790
9100,1,133150
9101,1,456330
9102,1,254650
9103,1,27520
9104,1,161580
9105,1,365320
9106,1,71010
9107,1,89420
9108,1,155860
9109,1,500000
9110,1,64570
9111,1,4480
9112,1,49550
9113,1,153240
9114,1,5920
9115,1,82360
9116,1,183530
9117,1,4360
9118,1,53510
9119,1,135670
9120,1,100120
9121,1,30750
9122,1,113830
9123,1,49600
9124,1,208850
9125,1,42640
9126,1,95160
9127,1,24850
9128,1,134600
9129,1,55810
9130,1,146490
9131,1,48250
9132,1,74780
9133,1,30360
9134,1,2600
9135,1,9280
9136,1,228500
9137,1,6750
9138,1,106760
9139,1,500000
9140,1,43580
9141,1,382230
9142,1,84140
9143,1,125780
9144,1,47970
9145,1,123330
9146,1,24110
9147,1,280020
9148,1,38240
9149,1,126170
9150,1,14560
9151,1,1220
9152,1,173700
9153,1,22810
9154,1,49650
9155,1,104010
9156,1,122150
9157,1,110390
9158,1,137480
9159,1,146450
9160,1,83450
9161,1,35360
9162,1,130640
9163,1,37030
9164,1,220980
9165,1,58160
9166,1,118680
9167,1,427980
9168,1,33760
9169,1,282290
9170,1,42610
9171,1,81680
9172,1,362700
9173,1,27490
9174,1,10500
9175,1,482210
9176,1,12040
9177,1,39890
9178,1,100150
9179,1,99460
9180,1,142530
9181,1,62240
9182,1,119140
9183,1,146480
9184,1,144490
9185,1,209260
9186,1,151300
9187,1,16370
9188,1,85020
9189,1,15800
9190,1,41640
9191,1,134400
9192,1,27490
9193,1,124390
9194,1,19520
9195,1,240290
9196,1,223560
9197,1,6860
9198,1,90570
9199,1,27890
9200,1,184910
9201,1,231830
9202,1,17620
9203,1,39240
9204,1,38700
9205,1,4270
9206,1,24710
9207,1,403360
9208,1,500000
9209,1,221000
9210,1,363730
9211,1,500000
9212,1,65680
9213,1,33550
9214,1,93670
9215,1,173200
9216,1,264990
9217,1,159610
9218,1,500000
9219,1,43360
9220,1,181200
9221,1,320620
9222,1,50120
9223,1,49670
9224,1,17680
9225,1,153360
9226,1,16990
9227,1,182240
9228,1,40330
9229,1,126800
9230,1,11030
9231,1,18440
9232,1,60140
9233,1,45210
9234,1,162950
9235,1,32580
9236,1,6060
9237,1,54600
9238,1,226230
9239,1,289810
9240,1,65500
9241,1,500000
9242,1,62150
9243,1,9480
9244,1,19210
9245,1,54700
9246,1,85400
9247,1,48260
9248,1,500000
9249,1,500000
9250,1,224510
9251,1,191480
9252,1,13590
9253,1,24040
9254,1,107320
9255,1,119640
9256,1,63680
9257,1,111680
9258,1,54090
9259,1,171440
9260,1,238280
9261,1,20890
9262,1,26620
9263,1,110630
9264,1,55910
9265,1,2210
9266,1,74770
9267,1,7850
9268,1,500000
9269,1,127820
9270,1,64880
9271,1,22900
9272,1,174770
9273,1,455110
9274,1,164380
9275,1,60910
9276,1,323080
9277,1,178580
9278,1,22970
9279,1,36640
9280,1,264500
9281,1,75340
9282,1,69270
9283,1,6190
9284,1,30570
9285,1,500000
9286,1,19560
9287,1,56340
9288,1,51120
9289,1,173250
9290,1,173630
9291,1,94120
9292,1,79870
9293,1,227100
9294,1,37000
9295,1,220450
9296,1,2260
9297,1,23330
9298,1,54150
9299,1,490310
9300,1,25310
9301,1,22620
9302,1,216010
9303,1,151000
9304,1,3620
9305,1,13370
9306,1,25390
9307,1,44120
9308,1,322160
9309,1,58860
9310,1,6730
9311,1,17240
9312,1,141930
9313,1,316530
9314,1,208980
9315,1,2730
9316,1,21800
9317,1,484680
9318,1,3000
9319,1,13660
9320,1,46360
9321,1,139410
9322,1,290670
9323,1,7760
9324,1,15230
9325,1,181630
9326,1,78940
9327,1,344990
9328,1,42180
9329,1,84540
9330,1,34220
9331,1,4440
9332,1,157900
9333,1,24040
9334,1,139810
9335,1,46360
9336,1,44230
9337,1,149430
9338,1,168490
9339,1,26260
9340,1,108070
9341,1,114080
9342,1,251540
9343,1,72810
9344,1,1350
9345,1,143860
9346,1,34460
9347,1,510
9348,1,28670
9349,1,46200
9350,1,233240
9351,1,15510
9352,1,6170
9353,1,42390
9354,1,100910
9355,1,33860
9356,1,75170
9357,1,360
9358,1,159520
9359,1,14010
9360,1,50860
9361,1,19410
9362,1,59880
9363,1,96800
9364,1,457510
9365,1,8480
9366,1,79780
9367,1,104360
9368,1,92440
9369,1,34330
9370,1,500000
9371,1,16880
9372,1,41600
9373,1,11080
9374,1,12230
9375,1,58330
9376,1,9460
9377,1,44850
9378,1,233050
9379,1,410030
9380,1,10010
9381,1,73960
9382,1,42800
9383,1,78760
9384,1,47470
9385,1,203390
9386,1,187620
9387,1,37450
9388,1,3590
9389,1,36430
9390,1,500000
9391,1,202330
9392,1,252030
9393,1,107110
9394,1,19630
9395,1,198040
9396,1,82300
9397,1,253550
9398,1,32930
9399,1,52680
9400,1,159300
9401,1,138480
9402,1,23470
9403,1,70300
9404,1,262130
9405,1,51640
9406,1,65230
9407,1,500000
9408,1,24100
9409,1,4360
9410,1,114750
9411,1,222320
9412,1,66040
9413,1,207770
9414,1,298010
9415,1,99400
9416,1,257990
9417,1,119860
9418,1,321870
9419,1,268010
9420,1,19780
9421,1,27460
9422,1,97010
9423,1,160790
9424,1,54550
9425,1,256390
9426,1,128350
9427,1,129590
9428,1,85160
9429,1,8690
9430,1,119500
9431,1,101430
9432,1,33820
9433,1,29750
9434,1,38050
9435,1,49290
9436,1,141950
9437,1,42930
9438,1,173590
9439,1,80890
9440,1,41700
9441,1,112750
9442,1,2700
9443,1,22170
9444,1,421130
9445,1,192750
9446,1,153910
9447,1,500000
9448,1,189260
9449,1,500000
9450,1,500000
9451,1,30880
9452,1,43280
9453,1,48480
9454,1,108250
9455,1,48460
9456,1,129410
9457,1,147430
9458,1,2040
9459,1,477480
9460,1,21380
9461,1,42090
9462,1,89780
9463,1,62050
9464,1,87830
9465,1,60690
9466,1,24920
9467,1,48480
9468,1,69910
9469,1,43380
9470,1,38330
9471,1,34750
9472,1,30990
9473,1,8760
9474,1,164940
9475,1,37010
9476,1,370300
9477,1,87610
9478,1,213470
9479,1,68000
9480,1,2600
9481,1,4840
9482,1,70270
9483,1,397040
9484,1,149990
9485,1,86070
9486,1,7370
9487,1,25100
9488,1,148840
9489,1,85950
9490,1,620
9491,1,264700
9492,1,56480
9493,1,34890
9494,1,378790
9495,1,413080
9496,1,37440
9497,1,121710
9498,1,56810
9499,1,215570
9500,1,68630
9501,1,139060
9502,1,399120
9503,1,108400
9504,1,201150
9505,1,500000
9506,1,109470
9507,1,243480
9508,1,25170
9509,1,100980
9510,1,163830
9511,1,18900
9512,1,141020
9513,1,31580
9514,1,63650
9515,1,245820
9516,1,80840
9517,1,38890
9518,1,38310
9519,1,63700
9520,1,143160
9521,1,5730
9522,1,13460
9523,1,19610
9524,1,211100
9525,1,3880
9526,1,10080
9527,1,54660
9528,1,15320
9529,1,9630
9530,1,63950
9531,1,22250
9532,1,42580
9533,1,82290
9534,1,90060
9535,1,45510
9536,1,230400
9537,1,88020
9538,1,15210
9539,1,49180
9540,1,19300
9541,1,93320
9542,1,187890
9543,1,324270
9544,1,23660
9545,1,104770
9546,1,500000
9547,1,137410
9548,1,213980
9549,1,20930
9550,1,98900
9551,1,21680
9552,1,192410
9553,1,93130
9554,1,34060
9555,1,25900
9556,1,168890
9557,1,146120
9558,1,302930
9559,1,13830
9560,1,16340
9561,1,154600
9562,1,500000
9563,1,88780
9564,1,500000
9565,1,163090
9566,1,9430
9567,1,41670
9568,1,37650
9569,1,102480
9570,1,910
9571,1,72360
9572,1,22030
9573,1,60850
9574,1,107940
9575,1,24800
9576,1,24830
9577,1,136290
9578,1,16340
9579,1,181810
9580,1,55010
9581,1,93310
9582,1,79430
9583,1,5070
9584,1,40940
9585,1,130470
9586,1,155400
9587,1,98360
9588,1,133030
9589,1,177360
9590,1,1470
9591,1,11760
9592,1,171490
9593,1,35870
9594,1,455270
9595,1,461000
9596,1,65410
9597,1,4130
9598,1,7100
9599,1,321280
9600,1,51330
9601,1,9900
9602,1,137570
9603,1,155020
9604,1,500000
9605,1,21420
9606,1,58400
9607,1,196700
9608,1,142660
9609,1,32440
9610,1,76140
9611,1,159180
9612,1,106980
9613,1,31000
9614,1,123770
9615,1,23420
9616,1,120920
9617,1,419250
9618,1,137720
9619,1,202640
9620,1,28390
9621,1,15000
9622,1,369120
9623,1,23190
9624,1,2210
9625,1,65530
9626,1,500000
9627,1,63830
9628,1,27560
9629,1,378060
9630,1,6170
9631,1,4200
9632,1,47510
9633,1,61380
9634,1,100800
9635,1,159420
9636,1,8080
9637,1,40550
9638,1,54370
9639,1,14380
9640,1,5350
9641,1,500000
9642,1,154890
9643,1,134260
9644,1,185550
9645,1,500000
9646,1,27500
9647,1,24450
9648,1,25670
9649,1,45850
9650,1,23780
9651,1,86480
9652,1,17460
9653,1,124590
9654,1,45040
9655,1,79670
9656,1,67130
9657,1,150430
9658,1,48680
9659,1,8300
9660,1,423660
9661,1,28620
9662,1,491650
9663,1,145060
9664,1,78320
9665,1,21550
9666,1,50260
9667,1,94170
9668,1,263170
9669,1,45330
9670,1,145710
9671,1,9700
9672,1,138390
9673,1,173670
9674,1,48450
9675,1,45490
9676,1,6900
9677,1,8710
9678,1,53710
9679,1,157350
9680,1,128930
9681,1,110930
9682,1,66650
9683,1,26740
9684,1,62010
9685,1,208000
9686,1,320
9687,1,148560
9688,1,22860
9689,1,50840
9690,1,500000
9691,1,21610
9692,1,136130
9693,1,50270
9694,1,49850
9695,1,153940
9696,1,211060
9697,1,201860
9698,1,500000
9699,1,46270
9700,1,330680
9701,1,10930
9702,1,11350
9703,1,128890
9704,1,135470
9705,1,217110
9706,1,63860
9707,1,129440
9708,1,26420
9709,1,108690
9710,1,97640
9711,1,58770
9712,1,38110
9713,1,148830
9714,1,132250
9715,1,108520
9716,1,127300
9717,1,42350
9718,1,129270
9719,1,82040
9720,1,2740
9721,1,184240
9722,1,147950
9723,1,74740
9724,1,306520
9725,1,125560
9726,1,335030
9727,1,112030
9728,1,265290
9729,1,270920
9730,1,5310
9731,1,24680
9732,1,89730
9733,1,9800
9734,1,13260
9735,1,298060
9736,1,11160
9737,1,78300
9738,1,121190
9739,1,154230
9740,1,43350
9741,1,1860
9742,1,25500
9743,1,191190
9744,1,247430
9745,1,11500
9746,1,100800
9747,1,20480
9748,1,159710
9749,1,16860
9750,1,102910
9751,1,287420
9752,1,35360
9753,1,41540
9754,1,12350
9755,1,76420
9756,1,115890
9757,1,55710
9758,1,80250
9759,1,322670
9760,1,99690
9761,1,33680
9762,1,225340
9763,1,186310
9764,1,230890
9765,1,268100
9766,1,39530
9767,1,140540
9768,1,99540
9769,1,60800
9770,1,98180
9771,1,12330
9772,1,43040
9773,1,321270
9774,1,14650
9775,1,85810
9776,1,169270
9777,1,76610
9778,1,13560
9779,1,40010
9780,1,253330
9781,1,388660
9782,1,82150
9783,1,153020
9784,1,37220
9785,1,80840
9786,1,42010
9787,1,8510
9788,1,36260
9789,1,67980
9790,1,98190
9791,1,103550
9792,1,60470
9793,1,87290
9794,1,283040
9795,1,8500
9796,1,85620
9797,1,246170
9798,1,500000
9799,1,62550
9800,1,36260
9801,1,52070
9802,1,117860
9803,1,26370
9804,1,190600
9805,1,216230
9806,1,63780
9807,1,104940
9808,1,103830
9809,1,20500
9810,1,44950
9811,1,32160
9812,1,204510
9813,1,79140
9814,1,380190
9815,1,63140
9816,1,23560
9817,1,167760
9818,1,133480
9819,1,74630
9820,1,77180
9821,1,68340
9822,1,27080
9823,1,39100
9824,1,15700
9825,1,156950
9826,1,40310
9827,1,66020
9828,1,129040
9829,1,70970
9830,1,40010
9831,1,147210
9832,1,32110
9833,1,101840
9834,1,76280
9835,1,33440
9836,1,66200
9837,1,56860
9838,1,83130
9839,1,238490
9840,1,500000
9841,1,26060
9842,1,50100
9843,1,497000
9844,1,500000
9845,1,415970
9846,1,345100
9847,1,252370
9848,1,28090
9849,1,55590
9850,1,80770
9851,1,50620
9852,1,182510
9853,1,148340
9854,1,37620
9855,1,246520
9856,1,31540
9857,1,60790
9858,1,32920
9859,1,11790
9860,1,327110
9861,1,165310
9862,1,68860
9863,1,495630
9864,1,84650
9865,1,45090
9866,1,82880
9867,1,45260
9868,1,7790
9869,1,31340
9870,1,18860
9871,1,43930
9872,1,145360
9873,1,310880
9874,1,500000
9875,1,7500
9876,1,35980
9877,1,31650
9878,1,53190
9879,1,68890
9880,1,27780
9881,1,132520
9882,1,42070
9883,1,143350
9884,1,2800
9885,1,52930
9886,1,23080
9887,1,412040
9888,1,224670
9889,1,26070
9890,1,149210
9891,1,500000
9892,1,5560
9893,1,72520
9894,1,71810
9895,1,19050
9896,1,29180
9897,1,241260
9898,1,173100
9899,1,345000
9900,1,610
9901,1,50320
9902,1,30640
9903,1,33240
9904,1,6710
9905,1,56130
9906,1,72450
9907,1,184240
9908,1,176380
9909,1,147510
9910,1,18540
9911,1,18000
9912,1,500000
9913,1,32340
9914,1,500000
9915,1,111080
9916,1,257600
9917,1,89590
9918,1,107930
9919,1,103950
9920,1,253310
9921,1,12450
9922,1,109780
9923,1,222210
9924,1,44630
9925,1,34900
9926,1,690
9927,1,32050
9928,1,39910
9929,1,258600
9930,1,2840
9931,1,32690
9932,1,4120
9933,1,437790
9934,1,34290
9935,1,207060
9936,1,80120
9937,1,17630
9938,1,242390
9939,1,19900
9940,1,4130
9941,1,136160
9942,1,429130
9943,1,358740
9944,1,29740
9945,1,103660
9946,1,27650
9947,1,44100
9948,1,100500
9949,1,493130
9950,1,92880
9951,1,10110
9952,1,500000
9953,1,33280
9954,1,59610
9955,1,146540
9956,1,156980
9957,1,108150
9958,1,8180
9959,1,58870
9960,1,39390
9961,1,41450
9962,1,234820
9963,1,73750
9964,1,66750
9965,1,5700
9966,1,33360
9967,1,107340
9968,1,8430
9969,1,82640
9970,1,69310
9971,1,47760
9972,1,171360
9973,1,29130
9974,1,26910
9975,1,310000
9976,1,49750
9977,1,24470
9978,1,22030
9979,1,150510
9980,1,73460
9981,1,58660
9982,1,154510
9983,1,73100
9984,1,86270
9985,1,11720
9986,1,57550
9987,1,57360
9988,1,64470
9989,1,87930
9990,1,138630
9991,1,98100
9992,1,222190
9993,1,23370
9994,1,5440
9995,1,19000
9996,1,98720
9997,1,50660
9998,1,169090
9999,1,73200
