0,freegame,0.0,115.8
1,freegame,0.8,867.3
2,freegame,1.0,5000
3,freegame,0.0,231.8
4,freegame,0.0,512.6
5,freegame,0.0,3660.6
6,freegame,0.0,4744.8
7,freegame,0.0,718.5
8,freegame,0.0,337.4
9,freegame,0.2,2308.3
10,freegame,0.0,662.5
11,freegame,0.0,208.5
12,freegame,2.6,2471.6
13,freegame,0.0,696.4
14,freegame,0.0,5000
15,freegame,0.0,1254.9
16,freegame,0.0,768.1
17,freegame,0.0,259.7
18,freegame,0.0,85.1
19,freegame,0.1,4914.7
20,freegame,12.1,147.1
21,freegame,0.0,1536.3
22,freegame,0.0,4493.5
23,freegame,0.0,639.2
24,freegame,0.0,388.1
25,freegame,0.0,1667.0
26,freegame,0.0,1289.3
27,freegame,0.0,652.5
28,freegame,1.4,387.7
29,freegame,0.1,978.8
30,freegame,0.0,1398.9
31,freegame,0.0,531.5
32,freegame,0.0,872.4
33,freegame,0.0,1383.5
34,freegame,1.4,182.7
35,freegame,0.3,1878.2
36,freegame,0.0,516.6
37,freegame,0.6,3043.8
38,freegame,0.0,2302.3
39,freegame,0.0,133.4
40,freegame,0.0,2652.7
41,freegame,0.0,2347.4
42,freegame,0.0,302.5
43,freegame,1.0,11.9
44,freegame,0.0,289.7
45,freegame,1.1,5000
46,freegame,0.0,120.7
47,freegame,0.4,42.4
48,freegame,0.2,3065.1
49,freegame,0.4,936.6
50,freegame,2.7,1118.6
51,freegame,0.0,1140.3
52,freegame,0.0,169.8
53,freegame,0.0,1640.7
54,freegame,0.0,372.5
55,freegame,0.0,4144.6
56,freegame,0.0,147.7
57,freegame,0.0,363.7
58,freegame,0.0,130.4
59,freegame,0.0,844.8
60,freegame,0.0,604.7
61,freegame,0.0,492.3
62,freegame,0.0,1415.8
63,freegame,0.0,2406.6
64,freegame,0.9,341.2
65,freegame,0.0,350.4
66,freegame,0.0,22.0
67,freegame,0.0,79.6
68,freegame,0.0,302.3
69,freegame,0.0,230.1
70,freegame,0.0,3268.9
71,freegame,0.9,150.6
72,freegame,0.0,1686.0
73,freegame,0.0,1855.4
74,freegame,0.0,259.4
75,freegame,0.0,236.7
76,freegame,0.0,1251.8
77,freegame,0.4,658.0
78,freegame,0.2,920.8
79,freegame,0.0,1479.1
80,freegame,0.0,396.2
81,freegame,0.0,3773.5
82,freegame,0.0,96.7
83,freegame,0.0,3631.8
84,freegame,1.3,1930.5
85,freegame,0.0,4166.2
86,freegame,0.6,551.3
87,freegame,0.1,2811.2
88,freegame,0.0,85.4
89,freegame,0.0,789.0
90,freegame,0.0,141.7
91,freegame,0.0,2569.0
92,freegame,0.0,5000
93,freegame,1.8,494.1
94,freegame,0.0,2978.3
95,freegame,0.0,410.4
96,freegame,0.5,846.9
97,freegame,0.0,1223.5
98,freegame,0.2,3697.1
99,freegame,0.0,1035.0
100,freegame,0.0,13.5
101,freegame,0.0,489.2
102,freegame,0.1,5000
103,freegame,0.0,5000
104,freegame,0.0,998.4
105,freegame,0.0,513.1
106,freegame,0.1,466.5
107,freegame,0.0,2911.1
108,freegame,0.0,836.7
109,freegame,0.0,4148.4
110,freegame,0.0,1555.0
111,freegame,0.0,122.2
112,freegame,0.0,5000
113,freegame,0.0,975.2
114,freegame,0.0,2070.1
115,freegame,0.0,662.2
116,freegame,0.0,51.3
117,freegame,0.3,441.9
118,freegame,0.0,1120.3
119,freegame,0.0,306.1
120,freegame,0.0,415.6
121,freegame,0.0,988.6
122,freegame,0.0,2267.7
123,freegame,0.0,152.1
124,freegame,0.0,3148.4
125,freegame,0.0,1052.8
126,freegame,0.2,1723.3
127,freegame,0.2,1867.8
128,freegame,0.0,530.7
129,freegame,0.0,407.7
130,freegame,0.1,417.1
131,freegame,0.0,1254.9
132,freegame,0.7,2592.9
133,freegame,1.0,115.9
134,freegame,0.0,3105.8
135,freegame,0.0,888.0
136,freegame,0.0,1319.9
137,freegame,0.0,747.0
138,freegame,0.0,174.8
139,freegame,0.6,890.9
140,freegame,0.0,123.6
141,freegame,0.0,728.5
142,freegame,0.0,1233.8
143,freegame,0.0,968.6
144,freegame,0.0,1588.3
145,freegame,0.0,1678.9
146,freegame,0.0,844.7
147,freegame,0.0,1648.9
148,freegame,0.1,1832.2
149,freegame,0.0,1799.0
150,freegame,1.4,1576.1
151,freegame,0.0,3182.9
152,freegame,0.0,1536.7
153,freegame,2.4,365.9
154,freegame,0.0,54.2
155,freegame,0.3,772.3
156,freegame,0.6,774.1
157,freegame,0.0,881.6
158,freegame,0.0,320.9
159,freegame,0.0,1629.4
160,freegame,0.0,274.7
161,freegame,0.0,1899.2
162,freegame,0.0,898.7
163,freegame,0.2,871.8
164,freegame,0.0,271.7
165,freegame,0.3,403.4
166,freegame,0.0,140.3
167,freegame,0.0,431.4
168,freegame,0.8,164.5
169,freegame,0.0,1118.5
170,freegame,1.4,5000
171,freegame,0.0,1255.0
172,freegame,0.0,155.7
173,freegame,0.0,1147.8
174,freegame,2.0,486.4
175,freegame,0.0,22.4
176,freegame,0.0,60.8
177,freegame,0.3,2691.7
178,freegame,0.0,4431.6
179,freegame,0.0,1998.2
180,freegame,1.7,132.6
181,freegame,0.7,2192.3
182,freegame,0.6,2580.7
183,freegame,0.3,1097.4
184,freegame,0.0,654.8
185,freegame,0.0,1512.5
186,freegame,3.0,855.7
187,freegame,0.1,952.8
188,freegame,0.0,335.4
189,freegame,0.8,1971.4
190,freegame,0.9,608.2
191,freegame,16.0,313.8
192,freegame,0.0,682.7
193,freegame,0.0,1984.0
194,freegame,0.0,511.4
195,freegame,4.0,140.9
196,freegame,0.6,612.5
197,freegame,0.0,255.6
198,freegame,0.0,1072.8
199,freegame,0.0,291.5
200,freegame,0.0,153.4
201,freegame,0.6,3627.9
202,freegame,1.2,103.4
203,freegame,0.0,18.5
204,freegame,0.0,1064.5
205,freegame,0.0,380.5
206,freegame,0.1,262.2
207,freegame,0.0,72.6
208,freegame,0.0,45.2
209,freegame,0.0,814.1
210,freegame,0.0,1349.5
211,freegame,0.0,4531.4
212,freegame,3.0,265.4
213,freegame,0.1,914.4
214,freegame,0.0,1021.3
215,freegame,0.0,2467.1
216,freegame,0.2,5000
217,freegame,0.0,15.7
218,freegame,0.6,175.0
219,freegame,0.0,605.0
220,freegame,0.0,5000
221,freegame,0.0,816.7
222,freegame,0.4,71.6
223,freegame,0.0,1162.1
224,freegame,0.0,4069.4
225,freegame,0.0,3727.4
226,freegame,0.0,626.9
227,freegame,0.0,418.3
228,freegame,5.6,2799.2
229,freegame,0.0,611.9
230,freegame,0.0,492.7
231,freegame,0.0,279.6
232,freegame,0.0,2899.8
233,freegame,0.0,1346.2
234,freegame,0.0,399.8
235,freegame,1.2,4941.5
236,freegame,0.0,661.6
237,freegame,0.2,453.7
238,freegame,0.0,1270.2
239,freegame,0.0,2420.5
240,freegame,0.0,864.7
241,freegame,0.3,3239.0
242,freegame,0.0,3516.5
243,freegame,0.0,3076.2
244,freegame,0.0,1428.7
245,freegame,0.0,1056.8
246,freegame,0.4,652.4
247,freegame,0.0,1310.2
248,freegame,0.5,49.4
249,freegame,1.8,335.3
250,freegame,0.0,397.2
251,freegame,0.0,1465.4
252,freegame,0.0,1588.7
253,freegame,0.0,437.0
254,freegame,0.1,580.7
255,freegame,0.0,605.7
256,freegame,0.0,473.6
257,freegame,0.0,553.0
258,freegame,0.0,281.4
259,freegame,0.0,1543.9
260,freegame,0.0,253.6
261,freegame,0.4,753.4
262,freegame,0.6,706.1
263,freegame,0.0,948.5
264,freegame,3.7,3092.9
265,freegame,0.0,2408.8
266,freegame,0.5,290.5
267,freegame,0.1,5000
268,freegame,0.0,105.3
269,freegame,1.2,904.8
270,freegame,20.0,835.9
271,freegame,0.3,1646.0
272,freegame,0.0,839.3
273,freegame,0.0,1712.7
274,freegame,0.0,899.0
275,freegame,0.0,130.9
276,freegame,1.5,52.9
277,freegame,1.4,142.6
278,freegame,0.4,2417.3
279,freegame,12.2,472.7
280,freegame,0.6,1302.1
281,freegame,0.2,5000
282,freegame,0.0,819.7
283,freegame,0.4,4754.2
284,freegame,0.2,1525.9
285,freegame,0.0,300.5
286,freegame,0.0,510.8
287,freegame,0.0,641.7
288,freegame,0.0,329.5
289,freegame,0.0,664.8
290,freegame,0.0,859.8
291,freegame,0.0,765.8
292,freegame,0.0,1118.6
293,freegame,0.0,39.5
294,freegame,0.0,1761.7
295,freegame,0.0,310.7
296,freegame,0.1,272.9
297,freegame,0.1,629.1
298,freegame,0.0,485.5
299,freegame,0.0,2018.8
300,freegame,0.0,664.0
301,freegame,0.0,2070.9
302,freegame,0.0,1134.5
303,freegame,0.4,33.1
304,freegame,1.4,1363.6
305,freegame,0.6,267.4
306,freegame,0.0,677.6
307,freegame,0.0,1422.8
308,freegame,0.3,721.6
309,freegame,0.0,128.4
310,freegame,0.0,563.5
311,freegame,0.2,2662.8
312,freegame,0.1,2043.6
313,freegame,0.0,41.4
314,freegame,0.0,329.6
315,freegame,0.0,405.4
316,freegame,0.0,44.8
317,freegame,0.0,1005.8
318,freegame,0.0,265.8
319,freegame,0.3,224.8
320,freegame,0.2,135.9
321,freegame,0.6,199.1
322,freegame,0.0,1303.8
323,freegame,0.0,361.2
324,freegame,0.0,930.1
325,freegame,0.0,41.6
326,freegame,0.0,3833.8
327,freegame,0.0,152.7
328,freegame,0.0,1050.7
329,freegame,0.1,701.6
330,freegame,0.1,1391.6
331,freegame,0.0,439.0
332,freegame,0.0,210.5
333,freegame,0.0,4366.4
334,freegame,5.3,801.8
335,freegame,0.4,998.1
336,freegame,0.0,1441.1
337,freegame,0.5,784.9
338,freegame,0.0,1574.6
339,freegame,0.0,5000
340,freegame,0.0,35.8
341,freegame,10.9,5000
342,freegame,0.0,1290.2
343,freegame,0.2,454.7
344,freegame,0.0,4158.5
345,freegame,0.0,305.6
346,freegame,0.0,75.9
347,freegame,0.1,2107.6
348,freegame,0.6,17.5
349,freegame,0.0,523.5
350,freegame,0.0,655.9
351,freegame,0.0,345.8
352,freegame,0.0,79.0
353,freegame,0.0,369.7
354,freegame,0.0,399.1
355,freegame,0.0,35.3
356,freegame,0.0,1234.8
357,freegame,0.1,1008.3
358,freegame,0.0,198.7
359,freegame,0.6,494.1
360,freegame,0.4,1232.8
361,freegame,1.4,52.2
362,freegame,0.0,1067.3
363,freegame,0.0,3233.2
364,freegame,0.2,683.8
365,freegame,6.0,335.7
366,freegame,0.3,273.1
367,wincap,0.2,5000
368,freegame,0.0,288.6
369,freegame,0.0,4172.0
370,freegame,1.6,1040.3
371,freegame,0.0,569.0
372,freegame,0.3,494.8
373,freegame,0.0,754.6
374,freegame,0.0,231.5
375,freegame,0.0,908.8
376,freegame,0.0,1643.8
377,freegame,0.0,1473.2
378,freegame,0.0,1664.9
379,freegame,0.0,795.9
380,freegame,0.0,332.5
381,freegame,0.0,529.2
382,freegame,0.2,211.9
383,freegame,0.0,1799.0
384,freegame,1.0,959.8
385,freegame,0.6,1028.1
386,freegame,0.0,355.7
387,freegame,0.5,3745.0
388,freegame,0.2,223.4
389,freegame,0.0,264.0
390,freegame,0.0,570.6
391,freegame,0.0,2610.5
392,freegame,0.0,360.1
393,freegame,0.0,1516.8
394,freegame,0.2,1722.0
395,freegame,0.0,294.9
396,freegame,0.0,169.3
397,freegame,0.0,1688.5
398,freegame,0.6,676.0
399,freegame,0.0,1275.3
400,freegame,0.0,355.3
401,freegame,0.0,156.3
402,freegame,0.2,547.7
403,freegame,0.0,482.3
404,freegame,3.0,95.4
405,freegame,0.1,95.7
406,freegame,0.0,2085.5
407,freegame,0.3,204.6
408,freegame,0.2,2950.1
409,freegame,0.0,36.3
410,freegame,0.2,511.1
411,freegame,0.0,379.3
412,freegame,0.0,247.0
413,freegame,0.0,1849.1
414,freegame,0.0,1362.7
415,freegame,0.0,597.9
416,freegame,0.4,3608.6
417,freegame,0.6,2490.5
418,freegame,0.0,1536.4
419,freegame,0.0,149.7
420,freegame,3.0,409.5
421,freegame,0.0,1117.7
422,freegame,0.0,158.3
423,freegame,0.0,973.5
424,freegame,0.0,7.2
425,freegame,1.2,2150.1
426,freegame,0.0,2123.5
427,freegame,0.3,1055.7
428,freegame,0.1,1893.8
429,freegame,0.0,2310.9
430,freegame,0.0,830.4
431,freegame,0.0,1615.8
432,freegame,0.0,188.0
433,freegame,0.0,2770.1
434,freegame,0.2,1308.1
435,freegame,0.0,1804.9
436,freegame,0.3,1962.5
437,freegame,0.0,526.3
438,freegame,2.0,668.3
439,freegame,0.0,353.5
440,freegame,0.0,159.4
441,freegame,0.0,636.1
442,freegame,0.0,694.0
443,freegame,0.0,163.7
444,freegame,0.3,200.0
445,freegame,0.0,890.3
446,freegame,0.0,243.7
447,freegame,0.2,585.3
448,freegame,0.0,377.0
449,freegame,0.1,618.0
450,freegame,1.9,2543.5
451,freegame,0.0,568.4
452,freegame,0.0,943.5
453,freegame,0.0,403.9
454,freegame,0.0,2019.1
455,freegame,0.1,998.3
456,freegame,0.0,1899.0
457,freegame,0.0,190.8
458,freegame,0.0,213.0
459,freegame,0.0,761.2
460,freegame,0.0,1208.5
461,freegame,0.0,43.0
462,freegame,0.0,1062.2
463,freegame,0.0,357.2
464,freegame,0.0,304.2
465,freegame,0.2,3224.1
466,freegame,0.0,406.7
467,freegame,0.6,1822.5
468,freegame,0.0,1082.0
469,freegame,0.2,545.0
470,freegame,0.0,1861.0
471,freegame,0.2,2769.2
472,freegame,0.0,3231.1
473,freegame,0.0,2010.7
474,freegame,0.3,1554.2
475,freegame,0.0,938.8
476,freegame,0.0,585.4
477,freegame,0.3,1991.7
478,freegame,0.1,1862.9
479,freegame,0.0,188.1
480,freegame,0.0,450.6
481,freegame,0.0,794.1
482,freegame,0.3,371.7
483,freegame,0.0,1336.7
484,freegame,0.5,71.5
485,freegame,21.5,265.8
486,freegame,0.0,1359.9
487,freegame,13.5,802.5
488,freegame,0.0,5000
489,freegame,0.0,919.2
490,freegame,0.0,1231.1
491,freegame,0.0,5000
492,freegame,0.0,458.6
493,freegame,0.0,2284.7
494,freegame,0.0,1010.6
495,freegame,0.2,1385.4
496,freegame,0.3,3659.5
497,freegame,0.4,871.4
498,freegame,0.2,998.6
499,freegame,0.1,1043.9
500,freegame,0.6,92.6
501,freegame,0.7,86.4
502,freegame,0.5,778.2
503,freegame,0.6,344.8
504,freegame,2.7,1367.3
505,freegame,0.1,1795.0
506,freegame,0.0,574.8
507,freegame,0.0,1551.2
508,freegame,0.5,1616.0
509,freegame,1.4,1444.1
510,freegame,0.0,1368.3
511,freegame,0.2,319.4
512,freegame,0.0,241.5
513,freegame,0.0,828.6
514,freegame,0.0,289.9
515,freegame,1.0,138.5
516,freegame,0.0,674.2
517,freegame,0.0,2065.8
518,freegame,0.0,522.2
519,freegame,0.0,487.1
520,freegame,0.0,2509.6
521,freegame,0.0,1729.5
522,freegame,0.0,334.5
523,freegame,0.0,1434.1
524,freegame,0.0,343.7
525,freegame,0.0,983.0
526,freegame,0.6,3564.5
527,freegame,0.0,1091.9
528,freegame,0.0,388.7
529,freegame,1.4,230.2
530,freegame,0.0,335.3
531,freegame,0.2,884.3
532,freegame,7.1,73.7
533,freegame,0.4,1.4
534,freegame,1.0,752.3
535,freegame,0.0,2041.4
536,freegame,0.4,371.9
537,freegame,0.0,4518.5
538,freegame,0.0,841.6
539,freegame,0.1,198.3
540,freegame,0.1,507.7
541,freegame,1.0,385.9
542,freegame,0.0,108.7
543,freegame,0.5,153.8
544,freegame,0.0,1047.9
545,freegame,0.0,143.7
546,freegame,0.0,1423.3
547,freegame,0.4,715.3
548,freegame,1.5,2452.8
549,freegame,0.0,2636.6
550,freegame,1.3,464.2
551,freegame,0.0,315.3
552,freegame,0.0,18.3
553,freegame,0.0,1285.4
554,freegame,2.5,500.1
555,freegame,0.0,422.9
556,freegame,2.8,159.6
557,freegame,0.2,1028.8
558,freegame,0.0,611.9
559,freegame,0.0,427.1
560,freegame,0.0,626.3
561,freegame,0.2,3340.2
562,freegame,0.0,98.1
563,freegame,0.1,2150.9
564,freegame,0.0,5000
565,freegame,0.2,1653.8
566,freegame,5.6,365.8
567,freegame,0.0,649.9
568,freegame,0.0,21.4
569,freegame,0.0,809.6
570,freegame,0.0,340.1
571,freegame,0.0,1893.2
572,freegame,0.0,2518.9
573,freegame,0.0,102.2
574,freegame,0.0,87.0
575,freegame,0.2,5000
576,freegame,0.0,1641.0
577,freegame,0.0,3675.9
578,freegame,0.5,178.0
579,freegame,0.0,122.6
580,freegame,0.0,1490.7
581,freegame,0.0,152.5
582,freegame,0.0,409.7
583,freegame,3.0,2624.8
584,freegame,0.0,46.3
585,freegame,0.0,258.9
586,freegame,0.0,469.6
587,freegame,0.0,1326.2
588,freegame,0.0,458.4
589,freegame,0.0,226.0
590,freegame,0.0,721.8
591,wincap,0.4,5000
592,freegame,0.0,1407.4
593,freegame,0.0,1269.7
594,freegame,0.0,5000
595,freegame,0.0,1321.3
596,freegame,0.0,90.9
597,freegame,0.0,1070.2
598,freegame,0.0,5000
599,freegame,0.0,1656.8
600,freegame,0.2,200.2
601,freegame,0.0,606.0
602,freegame,0.0,447.5
603,freegame,0.0,215.4
604,freegame,0.0,2043.8
605,freegame,0.0,3032.3
606,freegame,0.1,3345.0
607,freegame,0.2,5000
608,freegame,0.3,3416.6
609,freegame,0.0,20.2
610,freegame,0.0,1204.3
611,freegame,0.0,123.0
612,freegame,0.0,196.8
613,freegame,0.2,536.9
614,freegame,0.0,395.2
615,freegame,0.4,4673.5
616,freegame,0.0,381.4
617,freegame,0.0,2010.9
618,freegame,0.0,447.7
619,freegame,0.7,824.5
620,freegame,0.4,119.5
621,freegame,0.0,1415.7
622,freegame,1.0,1124.3
623,freegame,0.2,542.5
624,freegame,1.3,3554.6
625,freegame,0.0,240.8
626,freegame,0.0,3950.5
627,freegame,0.0,17.5
628,freegame,0.6,25.3
629,freegame,0.1,1058.9
630,freegame,0.0,294.4
631,freegame,0.0,11.1
632,freegame,1.2,1395.3
633,freegame,0.0,666.7
634,freegame,0.3,590.7
635,freegame,0.0,298.8
636,freegame,0.4,702.0
637,freegame,0.0,575.8
638,freegame,0.0,1260.4
639,freegame,0.5,339.7
640,freegame,2.6,336.9
641,freegame,0.0,445.8
642,freegame,0.0,106.5
643,freegame,0.0,297.0
644,freegame,0.0,5000
645,freegame,0.0,2702.1
646,freegame,0.0,3263.2
647,freegame,0.0,2059.9
648,freegame,0.0,1073.7
649,freegame,0.0,663.9
650,freegame,0.0,646.1
651,freegame,0.2,517.7
652,freegame,0.2,868.4
653,freegame,0.0,571.0
654,freegame,0.7,2325.3
655,freegame,0.0,34.7
656,freegame,0.8,2277.1
657,freegame,0.9,1148.6
658,freegame,0.0,431.3
659,freegame,0.6,1406.9
660,freegame,1.5,839.1
661,freegame,0.0,1306.5
662,freegame,0.1,2540.6
663,freegame,0.0,4777.4
664,freegame,0.0,110.5
665,freegame,0.0,219.7
666,freegame,0.0,652.3
667,freegame,0.0,97.8
668,freegame,0.0,723.5
669,freegame,0.0,58.6
670,freegame,0.0,1189.0
671,freegame,0.0,95.3
672,freegame,0.0,4182.3
673,freegame,0.0,3000.1
674,freegame,0.0,5000
675,freegame,0.0,2180.3
676,freegame,0.9,1633.4
677,freegame,1.0,594.7
678,freegame,0.1,3058.5
679,freegame,0.0,890.9
680,freegame,0.0,97.9
681,freegame,0.0,112.9
682,freegame,0.0,45.4
683,freegame,0.0,1964.8
684,freegame,0.0,366.7
685,freegame,0.0,5000
686,freegame,0.0,464.9
687,freegame,0.0,706.7
688,freegame,0.0,37.6
689,freegame,0.0,7.7
690,freegame,0.0,1273.7
691,wincap,0.0,5000
692,freegame,0.0,478.5
693,freegame,0.3,5000
694,freegame,0.1,2464.3
695,freegame,0.0,433.1
696,freegame,0.2,52.6
697,freegame,0.0,894.5
698,freegame,0.1,98.1
699,freegame,0.0,390.7
700,freegame,0.0,245.2
701,freegame,3.0,471.8
702,freegame,0.0,2138.6
703,freegame,0.0,2421.4
704,freegame,1.2,4037.0
705,freegame,0.0,216.7
706,freegame,0.0,406.7
707,freegame,0.0,28.9
708,freegame,0.0,523.4
709,freegame,0.0,976.6
710,freegame,0.0,417.7
711,freegame,1.0,274.0
712,freegame,0.0,1173.8
713,freegame,5.2,1657.9
714,freegame,0.1,34.9
715,freegame,0.0,9.5
716,freegame,0.0,1805.7
717,freegame,5.0,413.2
718,freegame,4.3,47.6
719,freegame,0.0,1439.7
720,freegame,0.0,1823.9
721,freegame,0.0,147.5
722,freegame,0.0,67.2
723,freegame,0.0,4129.6
724,freegame,0.0,172.2
725,freegame,0.0,1237.3
726,freegame,0.0,763.1
727,freegame,0.0,745.4
728,freegame,0.0,95.1
729,freegame,0.0,540.1
730,freegame,0.0,1216.4
731,freegame,0.0,85.1
732,freegame,0.0,542.1
733,freegame,0.2,854.2
734,freegame,0.2,1443.6
735,freegame,0.0,1938.5
736,freegame,0.1,308.3
737,freegame,0.0,1393.6
738,freegame,0.2,1069.8
739,freegame,0.0,860.4
740,freegame,1.2,2766.5
741,freegame,0.0,2401.5
742,freegame,0.1,3176.3
743,freegame,0.3,573.2
744,freegame,0.0,825.3
745,freegame,0.2,66.6
746,freegame,0.2,50.0
747,freegame,0.6,515.9
748,freegame,0.3,5000
749,freegame,0.0,633.9
750,freegame,0.1,2698.6
751,freegame,0.0,200.6
752,freegame,0.0,4788.3
753,freegame,0.2,2736.2
754,freegame,0.6,1982.5
755,freegame,0.6,285.3
756,freegame,1.0,1075.3
757,freegame,0.0,76.6
758,freegame,0.0,30.7
759,freegame,0.0,1226.3
760,freegame,0.0,95.9
761,freegame,0.7,1967.7
762,freegame,0.0,405.9
763,freegame,0.0,1194.0
764,freegame,1.2,238.4
765,freegame,0.0,1426.1
766,freegame,9.0,349.9
767,wincap,2.1,5000
768,freegame,0.0,305.7
769,freegame,0.0,77.0
770,freegame,0.4,1347.4
771,freegame,1.5,878.3
772,freegame,0.0,925.4
773,freegame,0.0,223.2
774,freegame,0.0,571.5
775,freegame,0.9,240.5
776,freegame,0.0,1583.7
777,freegame,6.0,269.9
778,freegame,0.0,387.1
779,freegame,1.1,1437.9
780,freegame,0.6,44.9
781,freegame,0.1,3599.5
782,freegame,0.0,1270.0
783,freegame,0.0,1004.3
784,freegame,0.0,915.2
785,freegame,0.0,918.9
786,freegame,0.0,345.7
787,freegame,0.0,184.6
788,freegame,0.0,2983.0
789,freegame,0.1,2410.1
790,freegame,0.1,3531.6
791,freegame,0.3,552.3
792,freegame,0.0,64.3
793,freegame,0.0,677.0
794,freegame,1.4,5000
795,freegame,0.0,33.6
796,freegame,1.0,3214.5
797,freegame,0.0,1643.0
798,wincap,0.0,5000
799,freegame,0.0,687.6
800,freegame,0.0,2797.4
801,freegame,0.0,150.4
802,freegame,0.9,2026.9
803,freegame,1.0,2030.7
804,freegame,0.1,390.2
805,freegame,0.0,1131.9
806,freegame,0.1,193.1
807,freegame,0.2,477.5
808,freegame,0.0,517.7
809,freegame,0.0,1416.3
810,freegame,0.3,1336.5
811,freegame,0.0,124.4
812,freegame,0.0,1638.0
813,freegame,1.2,564.3
814,freegame,0.1,811.6
815,freegame,0.3,47.4
816,freegame,0.0,134.5
817,freegame,0.0,390.7
818,freegame,0.6,558.4
819,freegame,0.0,667.7
820,freegame,0.0,347.3
821,freegame,0.0,2225.4
822,freegame,0.0,346.5
823,freegame,0.0,444.3
824,freegame,0.0,3270.9
825,freegame,0.6,915.1
826,freegame,1.0,89.7
827,freegame,0.0,922.0
828,freegame,0.0,233.3
829,freegame,0.2,591.8
830,freegame,0.3,766.1
831,freegame,1.7,724.1
832,freegame,0.2,1640.5
833,freegame,2.4,507.0
834,freegame,0.0,749.1
835,freegame,0.0,654.2
836,freegame,0.0,332.6
837,freegame,0.0,877.5
838,freegame,0.0,267.2
839,freegame,0.1,158.2
840,freegame,0.0,2804.9
841,freegame,0.2,5000
842,freegame,0.0,350.2
843,freegame,0.0,1179.1
844,freegame,0.0,1493.2
845,freegame,0.2,2931.0
846,freegame,0.0,1481.5
847,freegame,0.0,2336.6
848,freegame,0.0,414.5
849,freegame,0.0,4758.2
850,freegame,0.0,1092.5
851,freegame,0.7,4838.6
852,freegame,0.0,732.9
853,freegame,0.0,243.0
854,freegame,0.0,222.8
855,freegame,0.0,224.0
856,freegame,0.2,4100.3
857,freegame,2.6,2.3
858,freegame,0.0,2556.0
859,freegame,0.0,120.7
860,freegame,0.1,5000
861,freegame,0.0,1128.3
862,freegame,0.0,461.8
863,freegame,0.0,136.9
864,freegame,0.6,220.1
865,freegame,0.0,5000
866,freegame,0.0,1082.8
867,freegame,0.1,150.4
868,freegame,0.0,701.5
869,freegame,0.0,189.5
870,freegame,0.0,1760.0
871,freegame,0.0,156.5
872,freegame,0.2,460.5
873,freegame,0.3,15.7
874,freegame,1.2,1450.4
875,freegame,0.0,1582.1
876,freegame,0.0,965.3
877,freegame,0.0,327.9
878,freegame,0.0,188.1
879,freegame,0.0,189.2
880,freegame,0.0,550.1
881,freegame,0.0,325.6
882,freegame,0.0,303.2
883,freegame,0.0,506.1
884,freegame,0.3,762.9
885,freegame,0.0,435.7
886,freegame,3.1,233.7
887,freegame,6.0,105.6
888,freegame,0.4,2724.6
889,freegame,0.0,617.6
890,freegame,0.0,5000
891,freegame,0.4,483.2
892,freegame,0.0,401.8
893,freegame,0.0,1062.4
894,freegame,0.0,824.0
895,freegame,0.0,619.0
896,freegame,0.0,5000
897,freegame,0.0,6.3
898,freegame,0.0,197.2
899,freegame,0.3,231.6
900,freegame,1.0,711.8
901,freegame,0.0,1418.1
902,freegame,0.0,1401.6
903,freegame,1.0,3387.5
904,freegame,0.0,4949.1
905,freegame,0.0,765.8
906,freegame,0.0,190.4
907,freegame,0.0,1005.5
908,freegame,0.0,180.1
909,freegame,2.3,451.9
910,freegame,0.0,744.0
911,freegame,0.0,355.5
912,freegame,2.5,291.5
913,freegame,0.1,61.3
914,freegame,0.0,1389.6
915,freegame,0.0,1138.5
916,freegame,0.0,1193.4
917,freegame,0.0,2258.4
918,freegame,0.0,1785.3
919,freegame,0.0,9.7
920,freegame,0.0,589.6
921,freegame,0.3,303.6
922,freegame,0.0,1888.7
923,freegame,0.3,942.5
924,freegame,0.2,254.2
925,freegame,0.0,4983.4
926,freegame,2.0,903.3
927,freegame,0.0,1755.5
928,freegame,0.0,485.8
929,freegame,0.0,339.0
930,freegame,0.0,1050.7
931,freegame,0.1,906.0
932,freegame,0.6,1216.5
933,freegame,0.0,167.6
934,freegame,0.0,179.1
935,freegame,0.4,696.0
936,freegame,0.0,553.8
937,freegame,0.2,540.0
938,freegame,0.0,834.9
939,freegame,1.4,423.3
940,freegame,0.0,177.3
941,freegame,0.0,2996.6
942,freegame,0.0,100.8
943,freegame,0.0,463.0
944,freegame,0.1,2511.1
945,freegame,0.0,358.0
946,freegame,0.0,174.7
947,freegame,0.0,697.0
948,freegame,0.0,162.3
949,freegame,0.0,1136.6
950,freegame,0.0,1396.1
951,freegame,0.0,1341.8
952,freegame,0.0,131.8
953,freegame,0.0,91.8
954,freegame,0.0,231.9
955,freegame,0.0,2059.0
956,freegame,0.0,1130.6
957,freegame,0.0,347.3
958,freegame,0.0,1382.4
959,freegame,3.2,4971.1
960,freegame,0.0,241.7
961,freegame,0.0,532.3
962,freegame,0.2,1683.6
963,freegame,0.3,1131.9
964,freegame,1.9,195.5
965,freegame,3.0,724.6
966,freegame,0.4,1714.6
967,freegame,0.2,952.1
968,freegame,0.0,168.1
969,freegame,0.0,805.1
970,freegame,0.0,782.0
971,freegame,0.0,1635.0
972,freegame,0.0,113.6
973,freegame,0.0,10.5
974,freegame,0.0,353.5
975,freegame,0.0,4038.3
976,freegame,0.0,301.8
977,freegame,0.3,410.3
978,freegame,0.0,1388.4
979,freegame,0.0,1865.5
980,freegame,0.0,3946.9
981,freegame,0.0,59.1
982,freegame,0.0,1715.3
983,freegame,0.0,3264.4
984,freegame,0.0,5000
985,freegame,0.1,1943.1
986,freegame,0.0,1262.4
987,freegame,0.0,3574.3
988,freegame,0.0,174.3
989,freegame,0.0,2090.3
990,freegame,0.0,37.2
991,freegame,0.0,1125.3
992,freegame,0.0,1059.2
993,freegame,0.0,526.9
994,freegame,0.0,2743.7
995,freegame,3.5,749.3
996,freegame,1.2,1266.2
997,freegame,0.0,237.8
998,freegame,0.0,1468.2
999,freegame,0.0,5000
1000,freegame,0.0,666.8
1001,freegame,0.0,57.0
1002,freegame,0.1,452.9
1003,freegame,0.0,370.5
1004,freegame,0.8,1362.4
1005,freegame,0.0,213.8
1006,freegame,0.0,928.7
1007,freegame,0.0,68.7
1008,freegame,0.0,316.2
1009,freegame,0.3,1494.0
1010,freegame,0.0,156.8
1011,freegame,0.0,2050.1
1012,freegame,0.0,4192.4
1013,freegame,30.0,55.9
1014,freegame,0.0,156.5
1015,freegame,0.0,1327.4
1016,freegame,0.0,174.5
1017,freegame,0.8,140.3
1018,freegame,0.0,1069.2
1019,freegame,0.2,5000
1020,freegame,0.0,392.9
1021,freegame,6.0,3.5
1022,freegame,0.0,48.1
1023,freegame,0.0,161.3
1024,freegame,0.2,5000
1025,freegame,6.0,25.3
1026,freegame,0.0,3266.4
1027,freegame,0.1,1020.7
1028,freegame,0.0,569.1
1029,freegame,3.7,827.3
1030,freegame,0.7,2539.2
1031,freegame,0.0,696.9
1032,freegame,0.0,1457.6
1033,freegame,0.0,668.4
1034,freegame,0.0,1264.4
1035,freegame,0.0,424.5
1036,freegame,0.0,298.9
1037,freegame,1.4,158.6
1038,freegame,0.0,4573.0
1039,freegame,0.0,166.0
1040,freegame,0.0,657.9
1041,freegame,0.0,2465.0
1042,freegame,0.0,2368.0
1043,freegame,0.0,2035.8
1044,freegame,0.0,107.9
1045,freegame,0.0,10.1
1046,freegame,17.0,1045.0
1047,freegame,0.4,2897.8
1048,freegame,0.2,2357.7
1049,freegame,0.0,878.1
1050,freegame,0.0,401.3
1051,freegame,0.0,5000
1052,freegame,0.9,773.1
1053,freegame,0.0,860.0
1054,freegame,0.0,1655.5
1055,freegame,0.0,7.2
1056,freegame,2.6,678.3
1057,freegame,0.0,171.3
1058,freegame,0.0,785.8
1059,freegame,0.0,3707.2
1060,freegame,0.0,670.0
1061,freegame,0.0,5000
1062,wincap,0.0,5000
1063,freegame,0.0,160.1
1064,freegame,0.0,744.8
1065,freegame,0.0,147.5
1066,freegame,0.0,1237.9
1067,freegame,0.0,482.3
1068,freegame,0.5,2297.4
1069,freegame,0.0,593.8
1070,freegame,0.0,212.7
1071,freegame,0.0,377.7
1072,freegame,0.0,331.9
1073,freegame,0.6,2890.9
1074,freegame,0.0,73.3
1075,freegame,0.0,337.3
1076,freegame,1.4,114.1
1077,freegame,0.4,102.1
1078,freegame,0.0,174.0
1079,freegame,0.3,1177.9
1080,freegame,0.0,692.9
1081,freegame,0.0,3136.6
1082,freegame,1.5,599.0
1083,freegame,0.0,216.2
1084,freegame,0.0,976.5
1085,freegame,0.0,886.8
1086,freegame,0.0,603.0
1087,freegame,0.0,29.3
1088,freegame,0.0,824.2
1089,freegame,1.1,1777.7
1090,freegame,0.0,263.7
1091,freegame,0.0,293.3
1092,freegame,0.0,478.3
1093,freegame,0.0,234.8
1094,freegame,0.0,629.4
1095,freegame,5.5,715.8
1096,freegame,0.0,141.2
1097,freegame,0.0,1129.9
1098,freegame,0.0,201.4
1099,freegame,1.0,4001.6
1100,freegame,0.1,1890.0
1101,freegame,0.1,5000
1102,freegame,0.0,1630.0
1103,freegame,0.0,1036.7
1104,freegame,0.4,5000
1105,freegame,0.0,387.2
1106,freegame,0.2,1198.5
1107,freegame,0.0,493.2
1108,freegame,0.4,1643.8
1109,freegame,0.0,324.8
1110,freegame,0.0,2125.9
1111,freegame,0.0,170.8
1112,freegame,0.1,174.4
1113,freegame,0.2,319.5
1114,freegame,0.0,8.1
1115,freegame,0.0,2260.8
1116,freegame,0.0,909.3
1117,freegame,0.0,178.6
1118,freegame,0.0,914.6
1119,freegame,0.0,485.3
1120,freegame,0.0,1076.7
1121,freegame,0.0,80.1
1122,freegame,0.4,464.7
1123,freegame,0.3,203.9
1124,freegame,0.0,77.0
1125,freegame,0.0,1281.0
1126,freegame,0.0,173.8
1127,freegame,0.0,68.7
1128,freegame,0.3,1404.4
1129,freegame,0.0,230.8
1130,freegame,0.0,4625.9
1131,freegame,0.5,323.7
1132,freegame,0.0,343.9
1133,freegame,0.0,546.0
1134,freegame,0.0,223.4
1135,freegame,3.7,1436.7
1136,freegame,2.0,1567.0
1137,freegame,0.0,644.6
1138,freegame,0.0,177.2
1139,wincap,0.0,5000
1140,freegame,0.0,502.5
1141,freegame,0.1,677.1
1142,freegame,0.0,539.1
1143,freegame,0.0,508.7
1144,freegame,0.0,779.1
1145,freegame,0.0,3314.0
1146,freegame,0.0,671.6
1147,freegame,0.0,3420.6
1148,freegame,0.0,251.2
1149,freegame,0.1,1348.1
1150,freegame,0.0,18.6
1151,freegame,0.0,273.0
1152,freegame,0.7,608.2
1153,freegame,0.0,826.4
1154,freegame,0.6,660.1
1155,freegame,0.0,883.1
1156,freegame,0.0,323.9
1157,freegame,0.6,1036.7
1158,freegame,0.0,2055.5
1159,freegame,20.0,323.3
1160,freegame,0.0,4064.6
1161,freegame,0.0,412.0
1162,freegame,0.0,702.1
1163,freegame,1.0,53.9
1164,freegame,0.0,1636.1
1165,freegame,0.0,19.4
1166,freegame,0.0,3747.3
1167,freegame,0.2,4.2
1168,freegame,0.0,846.2
1169,freegame,0.0,398.5
1170,freegame,0.0,1409.8
1171,freegame,0.0,1077.5
1172,freegame,0.3,1327.9
1173,freegame,0.0,221.6
1174,freegame,0.0,1993.3
1175,freegame,0.0,68.3
1176,freegame,0.0,10.7
1177,freegame,0.0,817.1
1178,freegame,0.2,435.4
1179,freegame,1.0,1205.9
1180,freegame,0.5,227.2
1181,freegame,0.0,1455.6
1182,freegame,0.4,3821.5
1183,freegame,0.0,312.9
1184,freegame,0.1,584.7
1185,freegame,0.6,4402.3
1186,freegame,0.0,187.7
1187,freegame,0.0,18.4
1188,freegame,0.2,944.8
1189,freegame,0.3,3602.9
1190,freegame,0.0,390.2
1191,freegame,0.0,438.2
1192,freegame,0.0,1219.8
1193,freegame,0.0,870.2
1194,freegame,0.3,208.6
1195,freegame,0.0,684.9
1196,freegame,0.0,1237.0
1197,freegame,0.0,5000
1198,freegame,0.3,1060.8
1199,freegame,0.0,885.4
1200,freegame,0.0,453.4
1201,freegame,0.0,656.9
1202,freegame,2.0,4754.8
1203,freegame,0.0,193.0
1204,freegame,20.6,1010.3
1205,freegame,0.2,1911.8
1206,freegame,0.0,4980.9
1207,freegame,3.3,1368.2
1208,freegame,0.0,949.8
1209,freegame,0.0,384.8
1210,freegame,0.1,467.6
1211,freegame,0.0,4957.4
1212,freegame,0.0,13.8
1213,freegame,0.0,2911.7
1214,freegame,0.0,181.5
1215,freegame,0.0,529.4
1216,freegame,0.0,5000
1217,freegame,0.0,276.3
1218,freegame,0.3,2507.4
1219,freegame,0.0,29.0
1220,freegame,0.0,23.6
1221,freegame,0.0,163.9
1222,freegame,0.0,2159.1
1223,freegame,0.2,281.5
1224,freegame,0.2,637.0
1225,freegame,0.0,34.5
1226,freegame,0.0,347.0
1227,freegame,0.0,611.0
1228,freegame,0.1,882.9
1229,freegame,0.0,564.5
1230,freegame,0.0,623.8
1231,freegame,0.0,172.6
1232,freegame,0.6,592.9
1233,freegame,0.0,7.9
1234,freegame,0.0,628.5
1235,freegame,0.0,23.6
1236,freegame,0.0,2612.1
1237,freegame,0.0,344.1
1238,freegame,0.0,3415.7
1239,freegame,0.0,841.4
1240,freegame,0.7,1424.0
1241,freegame,0.0,411.5
1242,wincap,0.0,5000
1243,freegame,0.0,1098.2
1244,freegame,0.0,12.5
1245,freegame,0.0,257.7
1246,freegame,0.0,1003.9
1247,freegame,0.0,579.8
1248,freegame,6.0,944.9
1249,freegame,0.6,407.6
1250,freegame,0.0,1183.4
1251,freegame,0.0,84.4
1252,freegame,0.0,2857.8
1253,freegame,0.0,901.6
1254,freegame,0.3,140.5
1255,freegame,0.0,2021.2
1256,freegame,0.0,321.2
1257,freegame,0.0,1005.4
1258,freegame,0.9,711.6
1259,freegame,0.0,718.2
1260,freegame,1.4,1067.8
1261,freegame,0.0,420.9
1262,freegame,0.0,1432.0
1263,freegame,0.0,567.2
1264,freegame,4.0,543.3
1265,freegame,0.0,527.0
1266,freegame,0.0,81.1
1267,freegame,0.2,195.2
1268,freegame,0.0,1945.0
1269,freegame,0.0,88.8
1270,freegame,0.0,422.9
1271,freegame,0.0,126.1
1272,freegame,0.0,834.1
1273,freegame,0.2,1750.3
1274,freegame,0.0,420.2
1275,freegame,0.7,2917.9
1276,freegame,0.0,794.1
1277,freegame,0.0,4.4
1278,freegame,0.1,1233.0
1279,freegame,0.0,4267.9
1280,freegame,0.2,1007.9
1281,freegame,0.0,77.0
1282,freegame,0.0,31.8
1283,freegame,0.0,827.8
1284,freegame,0.0,1172.9
1285,freegame,0.7,817.3
1286,freegame,0.0,311.2
1287,freegame,0.0,52.7
1288,freegame,0.0,5000
1289,freegame,0.0,513.4
1290,freegame,0.0,325.6
1291,freegame,5.0,2896.2
1292,freegame,0.1,240.5
1293,freegame,0.6,4051.7
1294,freegame,0.0,5000
1295,freegame,0.0,1979.6
1296,freegame,0.5,80.0
1297,freegame,0.0,1647.0
1298,wincap,0.6,5000
1299,freegame,0.0,216.3
1300,freegame,0.0,2054.0
1301,freegame,0.0,5000
1302,freegame,0.0,1024.9
1303,freegame,0.0,2177.3
1304,freegame,0.0,569.0
1305,freegame,0.0,3932.5
1306,freegame,0.0,871.1
1307,freegame,0.0,374.6
1308,freegame,0.0,1899.1
1309,freegame,0.0,529.1
1310,freegame,0.0,1081.3
1311,freegame,0.1,309.3
1312,freegame,4.0,1723.3
1313,freegame,0.0,18.9
1314,freegame,0.0,808.3
1315,freegame,0.6,477.4
1316,freegame,0.0,2865.5
1317,freegame,0.0,4479.6
1318,freegame,0.0,489.7
1319,freegame,2.7,2229.7
1320,freegame,0.0,237.7
1321,freegame,0.9,793.3
1322,freegame,0.0,871.9
1323,freegame,0.6,566.9
1324,freegame,0.0,5000
1325,freegame,0.0,489.7
1326,freegame,0.6,1275.1
1327,freegame,0.4,429.6
1328,freegame,0.0,280.0
1329,freegame,0.5,1010.9
1330,freegame,0.0,189.4
1331,freegame,0.0,353.8
1332,freegame,0.6,162.1
1333,freegame,0.0,444.0
1334,freegame,0.0,2572.9
1335,freegame,1.0,304.9
1336,freegame,0.0,1016.1
1337,freegame,0.5,3193.7
1338,freegame,0.0,1400.4
1339,freegame,0.0,225.3
1340,freegame,0.0,398.1
1341,freegame,0.0,3068.7
1342,freegame,1.3,2048.0
1343,freegame,0.0,2761.5
1344,freegame,0.0,987.4
1345,freegame,0.0,2758.8
1346,freegame,0.0,3266.2
1347,freegame,0.1,1023.3
1348,freegame,0.0,949.3
1349,freegame,0.0,3332.1
1350,freegame,0.0,1459.8
1351,freegame,0.5,608.2
1352,freegame,0.0,360.7
1353,freegame,0.0,2928.5
1354,freegame,0.3,2135.1
1355,freegame,5.0,861.3
1356,freegame,0.0,4337.3
1357,freegame,0.0,563.4
1358,freegame,0.0,5000
1359,freegame,0.6,4113.6
1360,freegame,3.4,151.2
1361,freegame,0.0,1277.9
1362,freegame,0.0,514.2
1363,freegame,0.0,2120.8
1364,freegame,0.0,2744.3
1365,freegame,0.0,973.4
1366,freegame,0.0,572.3
1367,freegame,0.0,590.8
1368,freegame,24.0,2802.8
1369,freegame,0.0,566.8
1370,freegame,0.0,583.1
1371,freegame,0.0,765.8
1372,freegame,0.0,5000
1373,freegame,0.0,120.2
1374,freegame,0.0,42.2
1375,freegame,0.0,1030.2
1376,freegame,0.0,159.0
1377,wincap,0.1,5000
1378,freegame,0.0,3127.6
1379,freegame,0.0,1386.0
1380,freegame,0.0,1341.2
1381,freegame,1.1,1791.7
1382,freegame,0.0,703.9
1383,freegame,0.0,1292.1
1384,freegame,0.0,387.2
1385,freegame,0.0,820.2
1386,freegame,0.0,2672.0
1387,freegame,0.0,189.1
1388,freegame,0.2,11.6
1389,freegame,0.0,493.9
1390,freegame,0.0,621.2
1391,freegame,1.2,1062.9
1392,freegame,0.0,781.0
1393,freegame,0.0,720.4
1394,freegame,0.3,1325.2
1395,freegame,1.3,1740.2
1396,freegame,0.0,138.9
1397,freegame,0.3,275.1
1398,freegame,0.0,332.4
1399,freegame,0.0,1049.7
1400,freegame,0.0,604.1
1401,freegame,0.7,30.5
1402,freegame,0.0,269.2
1403,freegame,0.0,575.6
1404,freegame,0.0,245.3
1405,freegame,0.0,302.9
1406,freegame,0.0,328.5
1407,freegame,1.1,84.8
1408,freegame,0.0,602.6
1409,freegame,0.0,2630.2
1410,freegame,0.4,833.3
1411,freegame,0.2,1171.0
1412,freegame,0.4,241.7
1413,freegame,0.0,3970.1
1414,freegame,0.3,2060.2
1415,freegame,1.7,22.6
1416,freegame,0.5,212.1
1417,freegame,0.0,536.3
1418,freegame,0.2,4663.1
1419,freegame,0.2,1745.2
1420,freegame,0.3,465.3
1421,freegame,0.2,931.6
1422,freegame,0.0,287.8
1423,freegame,0.0,288.1
1424,freegame,0.3,3515.1
1425,freegame,0.2,1498.9
1426,freegame,0.0,591.5
1427,freegame,0.3,5000
1428,freegame,0.1,224.4
1429,freegame,0.0,161.3
1430,freegame,0.5,101.2
1431,freegame,0.0,225.6
1432,freegame,0.0,242.1
1433,freegame,0.0,105.7
1434,freegame,0.0,2400.9
1435,freegame,0.0,1274.4
1436,freegame,0.0,3618.1
1437,freegame,2.4,1952.0
1438,freegame,0.0,812.5
1439,freegame,0.0,2239.1
1440,freegame,0.8,895.3
1441,freegame,0.2,370.6
1442,freegame,0.0,237.6
1443,freegame,0.0,907.1
1444,freegame,0.0,752.9
1445,freegame,0.4,1007.0
1446,freegame,0.0,1790.2
1447,freegame,1.2,635.8
1448,freegame,0.3,479.4
1449,freegame,1.6,2638.0
1450,freegame,1.3,102.8
1451,freegame,0.0,364.1
1452,freegame,0.0,240.1
1453,freegame,0.0,843.5
1454,freegame,0.0,585.3
1455,freegame,0.4,2202.4
1456,freegame,0.2,820.8
1457,freegame,0.2,774.3
1458,freegame,0.7,645.0
1459,freegame,0.6,2516.4
1460,freegame,0.0,296.4
1461,freegame,0.0,130.1
1462,freegame,0.0,81.2
1463,freegame,0.4,172.7
1464,freegame,0.0,1033.7
1465,freegame,0.0,273.0
1466,freegame,0.1,5000
1467,freegame,0.0,2694.3
1468,freegame,3.8,524.0
1469,freegame,0.0,4600.7
1470,freegame,0.2,330.8
1471,freegame,0.1,2184.0
1472,freegame,0.0,1337.8
1473,freegame,0.6,433.9
1474,freegame,0.0,283.0
1475,freegame,0.0,539.3
1476,freegame,0.4,2903.1
1477,freegame,0.0,114.5
1478,freegame,0.0,293.4
1479,freegame,0.0,5000
1480,freegame,0.0,152.7
1481,freegame,0.0,77.7
1482,freegame,0.0,148.5
1483,freegame,0.5,1667.5
1484,freegame,0.0,659.3
1485,freegame,0.0,508.2
1486,freegame,0.1,1702.0
1487,freegame,0.0,510.4
1488,freegame,0.0,1651.9
1489,freegame,0.6,907.4
1490,freegame,0.2,501.8
1491,freegame,0.0,2685.9
1492,freegame,0.0,539.8
1493,freegame,0.0,1365.1
1494,freegame,0.0,2201.1
1495,freegame,0.0,1076.7
1496,freegame,0.0,1008.1
1497,freegame,0.0,532.8
1498,freegame,0.0,143.5
1499,freegame,0.3,208.2
1500,freegame,0.0,5000
1501,freegame,10.0,1056.4
1502,freegame,0.2,888.7
1503,freegame,0.0,2733.8
1504,freegame,0.0,201.0
1505,freegame,0.0,952.3
1506,freegame,0.0,828.1
1507,freegame,0.0,812.4
1508,freegame,0.3,681.3
1509,freegame,0.0,555.0
1510,freegame,0.6,1060.9
1511,freegame,0.4,5000
1512,freegame,2.0,223.0
1513,freegame,6.0,1084.3
1514,freegame,0.0,2061.2
1515,freegame,0.0,721.1
1516,freegame,0.0,30.6
1517,freegame,0.1,1119.4
1518,freegame,0.0,1543.1
1519,freegame,0.0,2167.0
1520,freegame,0.0,873.9
1521,freegame,0.0,449.1
1522,freegame,0.0,112.5
1523,freegame,0.2,458.6
1524,freegame,2.0,234.3
1525,freegame,0.6,574.7
1526,freegame,0.9,143.9
1527,freegame,0.0,541.2
1528,freegame,0.0,845.2
1529,freegame,0.0,1001.8
1530,freegame,0.0,2139.5
1531,freegame,0.0,243.4
1532,freegame,0.0,420.2
1533,freegame,0.0,261.5
1534,freegame,0.0,1632.1
1535,freegame,0.1,800.1
1536,freegame,0.0,27.1
1537,freegame,0.0,2770.1
1538,freegame,0.0,439.2
1539,freegame,1.0,209.7
1540,freegame,0.0,708.6
1541,freegame,0.0,1951.1
1542,freegame,0.0,648.4
1543,freegame,0.8,2902.9
1544,freegame,0.0,726.6
1545,freegame,4.2,693.7
1546,freegame,0.0,115.9
1547,freegame,0.5,322.2
1548,freegame,0.2,696.6
1549,freegame,1.1,322.0
1550,freegame,0.0,5000
1551,freegame,0.0,1372.3
1552,freegame,0.0,186.5
1553,freegame,0.0,442.2
1554,freegame,0.0,79.5
1555,freegame,0.0,61.3
1556,freegame,0.0,1607.9
1557,freegame,0.0,1465.7
1558,freegame,0.0,2656.3
1559,freegame,0.6,1500.4
1560,freegame,0.4,417.2
1561,freegame,0.3,149.3
1562,freegame,0.5,706.3
1563,freegame,0.0,123.4
1564,freegame,0.0,2477.6
1565,freegame,0.0,354.8
1566,freegame,0.0,996.4
1567,freegame,0.0,2290.2
1568,freegame,0.2,1520.1
1569,freegame,0.0,1627.1
1570,freegame,0.0,650.4
1571,freegame,0.1,1464.2
1572,freegame,0.0,1651.3
1573,freegame,0.0,179.1
1574,freegame,0.4,3711.5
1575,freegame,0.0,43.1
1576,freegame,0.0,1046.1
1577,freegame,0.0,569.0
1578,freegame,0.0,591.8
1579,freegame,0.3,1415.7
1580,freegame,0.0,1049.8
1581,freegame,0.0,571.9
1582,freegame,0.0,44.8
1583,freegame,0.0,2207.7
1584,freegame,1.0,290.9
1585,freegame,0.0,1759.3
1586,freegame,0.0,555.7
1587,freegame,0.0,2586.7
1588,freegame,0.0,5000
1589,freegame,0.0,212.6
1590,freegame,0.2,241.8
1591,freegame,2.0,12.8
1592,freegame,0.0,1357.0
1593,freegame,0.0,774.5
1594,freegame,0.3,5000
1595,freegame,0.0,631.4
1596,freegame,0.3,5000
1597,freegame,0.0,1521.6
1598,freegame,0.1,1104.3
1599,freegame,0.0,345.6
1600,freegame,0.3,486.4
1601,freegame,0.0,725.0
1602,freegame,0.0,150.8
1603,freegame,0.0,156.7
1604,freegame,0.0,398.3
1605,freegame,0.0,967.6
1606,freegame,0.0,4703.7
1607,freegame,1.2,336.6
1608,freegame,0.3,1141.1
1609,freegame,0.0,276.0
1610,freegame,0.0,2066.8
1611,freegame,0.0,314.1
1612,freegame,0.7,1421.6
1613,freegame,0.2,2170.0
1614,freegame,0.0,439.3
1615,freegame,0.0,1386.3
1616,freegame,0.7,3568.9
1617,freegame,0.0,169.4
1618,freegame,0.4,119.9
1619,freegame,0.2,474.5
1620,freegame,0.0,189.5
1621,freegame,0.2,122.8
1622,freegame,0.0,1950.6
1623,freegame,0.0,952.4
1624,freegame,0.0,5000
1625,freegame,0.1,2817.3
1626,freegame,0.0,2151.2
1627,freegame,0.0,707.9
1628,freegame,0.0,411.2
1629,freegame,0.0,923.8
1630,freegame,2.6,2123.8
1631,freegame,0.0,481.4
1632,freegame,0.0,177.4
1633,freegame,0.0,246.2
1634,freegame,0.0,4306.8
1635,freegame,0.4,2158.7
1636,freegame,1.0,955.0
1637,freegame,0.2,1398.9
1638,freegame,0.0,1283.0
1639,freegame,0.0,606.4
1640,freegame,0.0,1095.7
1641,freegame,0.0,2990.9
1642,freegame,0.0,1619.7
1643,freegame,0.0,299.1
1644,freegame,0.0,1783.3
1645,freegame,0.0,772.6
1646,freegame,0.0,1268.1
1647,freegame,0.0,2254.5
1648,freegame,0.0,2259.0
1649,freegame,0.0,1493.1
1650,freegame,0.0,1221.6
1651,freegame,0.0,2277.1
1652,freegame,0.0,970.5
1653,freegame,0.0,510.8
1654,freegame,0.4,68.4
1655,freegame,0.6,5000
1656,freegame,0.0,605.0
1657,freegame,0.0,1102.4
1658,freegame,0.0,69.8
1659,freegame,0.0,445.6
1660,freegame,0.0,1481.4
1661,freegame,0.0,717.6
1662,freegame,0.0,395.4
1663,freegame,0.0,97.9
1664,freegame,0.0,312.2
1665,freegame,0.0,716.1
1666,freegame,0.0,1125.1
1667,freegame,0.0,80.8
1668,freegame,0.7,413.4
1669,freegame,0.0,1615.3
1670,freegame,0.0,171.3
1671,freegame,0.0,1434.2
1672,freegame,0.1,2150.7
1673,freegame,0.0,1371.5
1674,freegame,1.1,908.9
1675,freegame,4.2,69.3
1676,freegame,0.9,3098.7
1677,freegame,0.6,1038.1
1678,freegame,0.0,1756.2
1679,freegame,21.0,959.9
1680,freegame,0.4,43.3
1681,freegame,0.0,525.5
1682,freegame,0.0,1754.5
1683,freegame,1.6,65.1
1684,freegame,0.0,1048.1
1685,freegame,0.4,1842.1
1686,freegame,1.2,694.2
1687,freegame,0.6,55.4
1688,freegame,0.0,589.1
1689,freegame,0.4,1064.9
1690,freegame,0.0,40.2
1691,freegame,0.0,332.0
1692,freegame,0.0,722.2
1693,freegame,0.0,621.7
1694,freegame,0.0,279.0
1695,freegame,0.4,859.3
1696,freegame,0.1,496.1
1697,freegame,0.2,100.3
1698,freegame,0.0,1183.7
1699,freegame,0.0,72.3
1700,freegame,0.0,2485.3
1701,freegame,0.0,362.2
1702,freegame,0.0,103.3
1703,freegame,0.0,4106.5
1704,freegame,0.0,1860.7
1705,freegame,0.0,5.0
1706,freegame,0.0,794.5
1707,freegame,0.0,1296.1
1708,freegame,0.4,1607.6
1709,freegame,0.0,1394.8
1710,freegame,0.0,663.0
1711,freegame,0.0,204.4
1712,freegame,0.4,1582.7
1713,freegame,0.0,779.9
1714,freegame,1.9,1110.1
1715,freegame,6.0,2526.6
1716,freegame,0.0,4303.7
1717,freegame,0.0,80.5
1718,freegame,0.0,439.8
1719,freegame,0.0,269.5
1720,freegame,0.0,606.8
1721,freegame,0.0,1029.3
1722,freegame,3.0,1348.7
1723,freegame,0.0,302.0
1724,freegame,0.0,4312.2
1725,freegame,0.0,1903.1
1726,freegame,0.0,1640.1
1727,freegame,0.3,619.8
1728,freegame,0.0,1015.7
1729,freegame,0.4,91.1
1730,freegame,0.0,617.7
1731,freegame,0.0,398.2
1732,freegame,0.0,300.9
1733,freegame,0.3,1473.8
1734,freegame,2.1,1533.3
1735,freegame,0.0,109.1
1736,freegame,0.0,145.2
1737,freegame,0.0,8.8
1738,freegame,0.0,87.1
1739,freegame,0.0,532.5
1740,freegame,0.0,423.8
1741,freegame,0.0,1786.5
1742,freegame,0.6,100.7
1743,freegame,0.4,909.2
1744,freegame,0.0,2905.3
1745,freegame,0.7,338.6
1746,freegame,0.0,232.4
1747,freegame,0.1,3003.4
1748,freegame,0.0,403.1
1749,freegame,0.0,1466.4
1750,freegame,0.0,135.2
1751,freegame,0.0,747.8
1752,freegame,0.1,841.2
1753,freegame,0.0,74.6
1754,freegame,0.0,1790.9
1755,freegame,0.0,265.4
1756,freegame,0.0,861.1
1757,freegame,0.4,185.2
1758,freegame,0.0,3054.7
1759,freegame,0.0,808.9
1760,freegame,0.0,400.5
1761,freegame,0.0,694.5
1762,freegame,0.3,786.3
1763,freegame,0.0,1903.2
1764,freegame,0.3,99.6
1765,freegame,0.0,349.8
1766,freegame,0.7,570.2
1767,freegame,3.4,1013.0
1768,freegame,0.0,3113.1
1769,freegame,0.2,1330.0
1770,freegame,0.0,2367.7
1771,freegame,0.2,4.9
1772,freegame,0.0,268.1
1773,freegame,0.0,73.5
1774,freegame,0.2,5000
1775,wincap,0.0,5000
1776,freegame,0.0,2901.3
1777,freegame,0.0,5000
1778,freegame,0.0,282.5
1779,freegame,0.0,640.1
1780,freegame,0.0,186.0
1781,freegame,0.0,216.9
1782,freegame,0.0,127.0
1783,freegame,0.0,87.0
1784,freegame,0.0,1858.8
1785,freegame,0.9,532.5
1786,freegame,0.3,1839.4
1787,freegame,0.6,829.2
1788,freegame,0.0,5000
1789,freegame,0.0,1266.5
1790,freegame,0.0,1422.9
1791,freegame,0.0,574.3
1792,freegame,0.0,2566.3
1793,freegame,0.0,426.6
1794,freegame,0.0,608.7
1795,freegame,0.2,4717.1
1796,freegame,0.0,330.4
1797,freegame,0.4,246.6
1798,freegame,0.1,1753.6
1799,freegame,0.0,383.8
1800,freegame,0.0,142.7
1801,freegame,0.0,243.1
1802,freegame,0.0,5000
1803,freegame,0.0,1730.3
1804,freegame,0.1,3502.5
1805,freegame,0.5,1691.3
1806,freegame,0.0,921.7
1807,freegame,0.0,356.4
1808,freegame,0.0,1629.7
1809,freegame,1.3,3769.4
1810,freegame,0.0,398.9
1811,freegame,0.0,298.5
1812,freegame,0.3,818.1
1813,freegame,0.0,1585.7
1814,freegame,0.0,248.2
1815,freegame,0.0,282.9
1816,freegame,0.0,833.2
1817,freegame,0.0,139.4
1818,freegame,0.0,1430.9
1819,freegame,0.2,639.1
1820,freegame,0.0,392.6
1821,freegame,0.0,62.8
1822,freegame,0.0,75.4
1823,freegame,0.0,365.2
1824,freegame,0.0,2274.6
1825,freegame,0.0,1844.0
1826,freegame,0.6,348.3
1827,freegame,0.0,1192.2
1828,freegame,0.2,321.6
1829,freegame,0.0,379.8
1830,freegame,0.2,1187.8
1831,freegame,2.1,508.7
1832,freegame,0.0,2201.6
1833,freegame,0.0,718.8
1834,freegame,0.0,387.9
1835,freegame,0.2,626.4
1836,freegame,0.6,281.1
1837,freegame,0.7,1475.1
1838,freegame,0.0,275.9
1839,freegame,0.0,725.4
1840,freegame,0.0,5000
1841,freegame,0.4,1839.0
1842,freegame,0.2,3123.9
1843,freegame,0.0,25.2
1844,freegame,0.0,234.6
1845,freegame,0.0,1059.8
1846,freegame,0.0,148.4
1847,freegame,0.0,299.7
1848,freegame,0.0,205.0
1849,freegame,0.0,981.3
1850,freegame,0.0,1548.8
1851,freegame,0.0,483.2
1852,freegame,0.3,3325.9
1853,freegame,0.3,682.5
1854,freegame,0.0,5000
1855,freegame,0.0,1056.6
1856,freegame,0.1,1804.6
1857,freegame,1.0,1010.9
1858,freegame,0.0,2312.2
1859,freegame,0.0,1073.7
1860,freegame,0.1,815.1
1861,freegame,0.0,5000
1862,freegame,3.4,182.4
1863,freegame,0.2,72.7
1864,freegame,0.0,285.3
1865,freegame,0.0,467.9
1866,freegame,0.6,709.3
1867,freegame,0.0,1221.9
1868,freegame,0.0,450.9
1869,freegame,0.0,1740.4
1870,freegame,0.2,426.5
1871,freegame,0.0,602.5
1872,freegame,0.0,898.5
1873,freegame,1.1,57.1
1874,freegame,0.0,262.9
1875,freegame,0.0,573.3
1876,freegame,0.1,799.6
1877,freegame,0.0,104.0
1878,freegame,0.0,196.9
1879,freegame,0.0,582.4
1880,freegame,0.0,1034.9
1881,freegame,0.0,352.1
1882,freegame,0.0,3802.4
1883,freegame,0.2,314.1
1884,freegame,0.0,205.8
1885,freegame,0.0,371.0
1886,freegame,0.3,54.7
1887,freegame,0.7,668.3
1888,freegame,0.0,794.3
1889,freegame,0.3,457.2
1890,freegame,0.0,718.1
1891,freegame,0.0,1113.7
1892,freegame,0.6,953.9
1893,freegame,0.0,4101.1
1894,freegame,0.0,1772.8
1895,freegame,0.0,1687.3
1896,freegame,0.0,627.3
1897,freegame,0.0,692.1
1898,freegame,0.0,416.3
1899,freegame,0.1,221.5
1900,freegame,0.0,1097.1
1901,freegame,0.0,1564.3
1902,freegame,0.0,932.5
1903,freegame,0.0,171.2
1904,freegame,0.1,883.0
1905,freegame,0.0,2441.9
1906,freegame,0.0,34.4
1907,freegame,0.0,1321.4
1908,freegame,0.0,848.3
1909,freegame,0.0,1386.8
1910,freegame,0.0,1561.3
1911,freegame,0.0,5000
1912,freegame,0.0,261.9
1913,freegame,0.0,4106.3
1914,freegame,0.0,1155.4
1915,freegame,0.0,3162.3
1916,freegame,1.2,5000
1917,freegame,0.0,570.4
1918,freegame,0.0,343.5
1919,freegame,0.1,818.2
1920,freegame,0.6,55.9
1921,freegame,0.0,1078.3
1922,freegame,0.0,108.2
1923,freegame,0.0,2446.6
1924,freegame,0.0,889.9
1925,freegame,0.0,503.7
1926,freegame,0.0,19.9
1927,freegame,0.0,3490.1
1928,freegame,0.0,2303.0
1929,freegame,0.0,1851.8
1930,freegame,0.1,824.7
1931,freegame,0.0,13.6
1932,freegame,1.4,1017.9
1933,freegame,0.2,56.0
1934,freegame,3.5,204.9
1935,freegame,0.0,830.0
1936,freegame,0.6,182.6
1937,freegame,0.1,800.6
1938,freegame,0.3,5000
1939,freegame,0.4,407.7
1940,freegame,0.1,987.3
1941,freegame,0.0,2195.8
1942,freegame,1.5,1098.3
1943,freegame,0.0,7.5
1944,freegame,0.1,3663.1
1945,freegame,0.0,559.4
1946,freegame,0.0,2262.3
1947,freegame,0.6,826.0
1948,freegame,2.4,2034.4
1949,freegame,1.9,331.3
1950,freegame,1.3,1801.0
1951,freegame,0.0,4689.2
1952,freegame,0.0,1095.3
1953,freegame,0.0,1969.5
1954,freegame,0.0,1592.4
1955,freegame,0.0,942.7
1956,freegame,0.0,248.9
1957,freegame,0.0,368.3
1958,freegame,0.6,1212.3
1959,freegame,0.0,406.9
1960,freegame,0.1,5000
1961,freegame,0.0,786.4
1962,freegame,0.7,1599.4
1963,freegame,0.9,49.7
1964,freegame,0.0,1359.5
1965,freegame,0.0,557.9
1966,freegame,0.2,1810.4
1967,freegame,0.9,1031.4
1968,freegame,0.0,3723.9
1969,freegame,0.3,369.6
1970,freegame,0.0,2311.6
1971,freegame,12.6,38.7
1972,freegame,0.0,174.4
1973,freegame,0.0,1345.3
1974,freegame,0.0,57.7
1975,freegame,0.6,1358.2
1976,freegame,0.0,604.5
1977,freegame,0.3,1375.1
1978,freegame,0.0,644.3
1979,freegame,0.0,658.5
1980,freegame,0.2,242.3
1981,freegame,0.0,546.7
1982,freegame,0.0,470.1
1983,freegame,0.0,553.7
1984,freegame,0.0,792.5
1985,freegame,0.0,899.9
1986,freegame,0.0,4651.3
1987,freegame,0.0,1663.8
1988,freegame,0.5,254.1
1989,freegame,0.0,471.6
1990,freegame,0.0,245.9
1991,freegame,0.0,1469.9
1992,freegame,0.0,150.1
1993,freegame,0.4,3256.5
1994,freegame,0.0,517.9
1995,freegame,0.7,5000
1996,freegame,0.1,1439.8
1997,freegame,0.0,177.5
1998,freegame,0.0,119.0
1999,freegame,0.0,112.7
2000,freegame,0.0,300.4
2001,freegame,0.5,515.3
2002,freegame,0.0,2249.9
2003,freegame,0.0,217.5
2004,freegame,0.0,451.3
2005,freegame,0.0,831.6
2006,freegame,6.0,329.2
2007,freegame,0.4,714.8
2008,freegame,0.0,787.3
2009,freegame,0.2,1224.9
2010,freegame,0.5,281.3
2011,freegame,0.0,382.7
2012,freegame,0.0,27.3
2013,freegame,0.0,603.7
2014,freegame,0.0,3069.4
2015,freegame,1.9,1316.6
2016,freegame,1.9,1151.7
2017,freegame,0.0,76.8
2018,freegame,0.0,1454.4
2019,freegame,0.4,362.0
2020,freegame,0.0,419.3
2021,freegame,0.2,367.7
2022,freegame,0.0,2279.3
2023,freegame,0.0,1048.2
2024,freegame,0.8,2462.0
2025,freegame,0.0,493.7
2026,freegame,0.0,845.8
2027,freegame,0.0,408.2
2028,freegame,1.2,783.7
2029,freegame,0.0,84.7
2030,freegame,0.0,3567.2
2031,freegame,0.0,97.3
2032,freegame,0.0,2115.3
2033,freegame,0.0,438.9
2034,freegame,0.0,887.0
2035,freegame,0.0,50.2
2036,freegame,0.0,260.6
2037,freegame,0.0,420.1
2038,freegame,0.0,1438.6
2039,freegame,0.0,1081.9
2040,freegame,0.0,1170.2
2041,freegame,0.0,2260.6
2042,freegame,0.0,1305.6
2043,freegame,0.0,998.3
2044,freegame,0.0,2113.7
2045,freegame,0.2,192.0
2046,freegame,0.0,131.3
2047,freegame,2.2,1142.5
2048,freegame,1.5,300.6
2049,freegame,0.0,192.2
2050,freegame,0.0,208.6
2051,freegame,0.0,1358.3
2052,freegame,0.0,359.9
2053,freegame,0.0,955.6
2054,freegame,0.3,571.1
2055,freegame,0.0,1074.2
2056,freegame,0.0,4128.3
2057,freegame,20.5,659.3
2058,freegame,0.0,4085.2
2059,freegame,20.0,50.8
2060,freegame,0.0,1248.3
2061,freegame,0.6,1022.3
2062,freegame,0.0,331.4
2063,freegame,0.0,934.2
2064,freegame,0.1,151.2
2065,freegame,0.0,312.1
2066,freegame,0.0,258.6
2067,freegame,0.0,884.4
2068,freegame,0.0,419.8
2069,freegame,0.0,345.7
2070,freegame,0.0,1106.8
2071,freegame,0.0,1130.2
2072,freegame,0.5,840.0
2073,freegame,0.0,613.7
2074,freegame,0.1,563.5
2075,freegame,0.0,619.3
2076,freegame,0.2,232.9
2077,freegame,0.0,1347.7
2078,freegame,0.0,268.0
2079,freegame,0.0,30.2
2080,freegame,0.0,257.2
2081,freegame,0.9,497.0
2082,freegame,0.3,912.3
2083,freegame,0.0,1779.5
2084,freegame,0.0,1308.1
2085,freegame,9.0,1030.0
2086,freegame,0.0,5.8
2087,freegame,0.0,19.4
2088,freegame,0.1,2325.1
2089,freegame,0.6,803.7
2090,freegame,2.5,193.3
2091,freegame,0.0,339.5
2092,freegame,0.0,157.1
2093,freegame,0.0,168.7
2094,freegame,4.9,1005.9
2095,freegame,0.0,258.7
2096,freegame,0.0,578.1
2097,freegame,0.4,40.1
2098,freegame,0.8,5000
2099,freegame,0.0,951.8
2100,freegame,0.0,821.5
2101,wincap,0.0,5000
2102,freegame,0.0,179.6
2103,freegame,0.1,668.2
2104,freegame,0.9,52.7
2105,freegame,0.0,3928.3
2106,freegame,0.0,1245.8
2107,freegame,0.0,39.1
2108,freegame,0.0,236.0
2109,freegame,0.0,1398.5
2110,freegame,0.0,184.6
2111,freegame,0.0,1102.8
2112,freegame,0.0,1256.6
2113,freegame,0.9,4316.0
2114,freegame,0.0,666.7
2115,freegame,0.0,815.0
2116,freegame,0.0,67.9
2117,freegame,0.0,224.5
2118,wincap,0.2,5000
2119,freegame,0.0,1085.3
2120,freegame,0.0,2899.3
2121,freegame,0.2,170.7
2122,freegame,0.0,1957.5
2123,freegame,0.0,938.8
2124,freegame,0.0,57.5
2125,freegame,0.0,105.5
2126,freegame,0.0,1356.1
2127,freegame,0.2,235.1
2128,freegame,0.0,152.3
2129,freegame,0.0,970.5
2130,freegame,0.0,474.2
2131,freegame,0.0,312.0
2132,freegame,0.0,1938.5
2133,freegame,0.0,284.1
2134,freegame,1.3,116.9
2135,freegame,0.0,217.6
2136,freegame,0.0,141.2
2137,freegame,0.9,1004.0
2138,freegame,0.0,1155.5
2139,freegame,0.0,928.3
2140,freegame,0.0,1192.5
2141,freegame,0.0,3689.8
2142,freegame,1.0,1169.9
2143,freegame,0.0,1074.8
2144,freegame,0.0,857.2
2145,freegame,0.2,870.2
2146,freegame,0.0,494.7
2147,freegame,0.0,273.7
2148,freegame,0.0,385.3
2149,freegame,0.2,559.2
2150,freegame,0.0,297.0
2151,freegame,0.0,723.5
2152,freegame,1.5,1375.2
2153,freegame,0.0,581.0
2154,freegame,0.0,828.7
2155,freegame,0.0,450.4
2156,freegame,0.0,17.4
2157,freegame,0.5,74.8
2158,freegame,0.0,666.3
2159,freegame,0.0,1571.2
2160,freegame,0.0,1222.8
2161,freegame,0.3,3400.6
2162,freegame,10.0,443.1
2163,freegame,0.0,237.4
2164,freegame,0.7,2214.4
2165,freegame,0.5,114.9
2166,freegame,0.6,3396.2
2167,freegame,0.0,222.6
2168,freegame,0.0,657.6
2169,freegame,2.5,1844.3
2170,freegame,0.0,604.0
2171,freegame,0.0,1107.2
2172,freegame,0.0,1180.3
2173,freegame,0.0,1415.6
2174,freegame,0.0,4393.9
2175,freegame,0.0,204.2
2176,freegame,0.0,633.5
2177,freegame,0.0,1851.0
2178,freegame,0.0,33.1
2179,freegame,0.0,47.6
2180,freegame,0.0,1407.8
2181,freegame,0.0,4617.8
2182,freegame,0.7,1616.0
2183,freegame,0.1,2391.7
2184,freegame,0.1,2398.0
2185,freegame,0.0,414.0
2186,freegame,0.6,34.8
2187,freegame,0.9,813.5
2188,freegame,0.0,458.7
2189,freegame,0.0,140.5
2190,freegame,0.0,202.9
2191,freegame,0.5,3471.2
2192,freegame,2.0,2590.4
2193,freegame,1.6,491.1
2194,freegame,0.3,479.6
2195,freegame,0.4,305.7
2196,freegame,0.0,667.4
2197,freegame,0.0,1026.9
2198,freegame,0.0,2600.7
2199,freegame,0.0,282.6
2200,freegame,0.0,368.2
2201,freegame,0.3,5000
2202,freegame,0.2,75.0
2203,freegame,0.0,5000
2204,freegame,0.0,307.2
2205,freegame,0.0,486.7
2206,freegame,0.0,5000
2207,freegame,0.0,615.0
2208,freegame,0.4,127.1
2209,freegame,1.1,1009.0
2210,freegame,0.0,941.6
2211,freegame,1.1,831.5
2212,freegame,0.0,134.7
2213,freegame,0.0,1915.1
2214,freegame,0.0,1478.0
2215,freegame,0.2,486.0
2216,freegame,0.6,268.9
2217,freegame,0.0,30.8
2218,freegame,0.0,2644.1
2219,freegame,0.0,160.1
2220,freegame,0.0,474.0
2221,freegame,1.3,2386.0
2222,freegame,0.0,447.2
2223,freegame,0.0,5000
2224,freegame,0.0,97.8
2225,freegame,0.0,55.1
2226,freegame,0.0,1250.6
2227,freegame,0.3,4040.2
2228,freegame,0.3,185.0
2229,freegame,0.0,75.9
2230,freegame,0.2,1077.1
2231,freegame,1.6,183.8
2232,freegame,0.7,7.6
2233,freegame,0.0,618.3
2234,freegame,0.2,656.4
2235,freegame,0.0,462.1
2236,freegame,0.0,682.5
2237,freegame,0.1,1356.9
2238,freegame,0.0,207.9
2239,freegame,0.0,935.0
2240,freegame,0.5,110.5
2241,freegame,0.4,580.3
2242,freegame,0.0,137.0
2243,freegame,0.2,2831.3
2244,wincap,0.2,5000
2245,freegame,0.0,222.4
2246,freegame,0.0,2530.9
2247,freegame,0.0,767.6
2248,freegame,1.0,72.2
2249,freegame,0.0,677.6
2250,freegame,0.2,588.2
2251,freegame,0.0,52.2
2252,freegame,0.0,5000
2253,freegame,0.1,595.3
2254,freegame,0.0,714.3
2255,freegame,0.2,1207.5
2256,freegame,0.0,1388.5
2257,freegame,0.0,397.3
2258,freegame,0.0,912.2
2259,freegame,0.0,908.4
2260,freegame,0.3,312.2
2261,freegame,0.0,1334.7
2262,freegame,0.0,93.4
2263,freegame,0.5,634.2
2264,freegame,0.2,154.3
2265,freegame,0.5,444.0
2266,freegame,0.0,5000
2267,freegame,0.0,156.1
2268,freegame,0.3,3539.9
2269,freegame,0.6,133.0
2270,freegame,0.2,265.3
2271,freegame,0.3,187.0
2272,freegame,0.0,2994.0
2273,freegame,0.0,746.4
2274,freegame,0.0,5000
2275,freegame,0.0,778.3
2276,freegame,0.0,354.9
2277,freegame,0.0,8.7
2278,freegame,10.0,337.6
2279,freegame,0.0,720.6
2280,freegame,0.0,291.2
2281,freegame,0.0,428.9
2282,freegame,0.0,488.7
2283,freegame,0.0,471.7
2284,freegame,1.2,3012.5
2285,freegame,0.0,389.7
2286,freegame,0.0,607.6
2287,freegame,0.0,476.3
2288,freegame,0.0,1283.7
2289,freegame,0.0,1417.6
2290,freegame,10.0,1802.6
2291,freegame,0.0,165.3
2292,freegame,0.1,0.1
2293,freegame,0.0,814.6
2294,freegame,0.0,695.8
2295,freegame,0.0,94.9
2296,freegame,0.4,278.0
2297,freegame,0.2,471.6
2298,freegame,0.0,644.6
2299,freegame,2.0,1657.4
2300,freegame,0.0,615.7
2301,freegame,0.0,2410.3
2302,freegame,0.0,703.5
2303,wincap,0.0,5000
2304,freegame,0.0,339.2
2305,freegame,0.0,321.5
2306,freegame,0.0,36.0
2307,freegame,0.0,56.4
2308,freegame,0.0,2944.4
2309,freegame,0.0,255.6
2310,freegame,0.1,1198.4
2311,freegame,0.0,184.8
2312,freegame,0.6,3174.2
2313,freegame,0.0,575.2
2314,freegame,0.0,1684.2
2315,freegame,0.0,4356.7
2316,freegame,0.0,548.2
2317,freegame,0.0,967.7
2318,freegame,0.0,1114.7
2319,freegame,0.3,819.8
2320,freegame,0.3,554.8
2321,freegame,0.0,4875.0
2322,freegame,0.6,794.5
2323,freegame,0.0,2318.1
2324,freegame,0.0,135.4
2325,freegame,0.0,2344.7
2326,freegame,0.5,2221.3
2327,freegame,0.0,840.5
2328,freegame,0.0,292.8
2329,freegame,0.0,68.0
2330,freegame,0.0,15.7
2331,freegame,0.0,302.7
2332,freegame,0.2,401.5
2333,freegame,0.0,241.2
2334,freegame,0.3,645.1
2335,freegame,0.0,361.9
2336,freegame,0.4,154.4
2337,freegame,0.0,572.4
2338,freegame,0.7,2868.1
2339,freegame,0.0,54.9
2340,wincap,0.6,5000
2341,freegame,0.0,483.5
2342,freegame,0.0,1560.6
2343,freegame,0.0,294.1
2344,freegame,0.0,816.0
2345,freegame,0.1,1525.1
2346,freegame,0.0,1170.4
2347,freegame,0.0,3523.5
2348,freegame,0.6,1679.2
2349,freegame,0.2,162.9
2350,freegame,0.2,85.5
2351,freegame,0.2,738.0
2352,freegame,0.0,2565.1
2353,freegame,0.0,1679.7
2354,freegame,0.0,12.9
2355,freegame,0.0,1279.5
2356,freegame,0.2,4227.9
2357,freegame,0.0,1241.7
2358,freegame,0.0,5000
2359,freegame,0.0,1570.2
2360,freegame,0.0,2091.5
2361,freegame,0.0,310.3
2362,freegame,0.0,1775.5
2363,freegame,2.0,5000
2364,freegame,0.0,46.6
2365,freegame,0.0,1809.2
2366,freegame,0.0,1773.6
2367,freegame,0.0,1266.0
2368,freegame,0.4,304.4
2369,freegame,0.0,495.4
2370,freegame,0.0,1711.4
2371,freegame,0.0,428.8
2372,freegame,0.0,4808.0
2373,freegame,0.0,135.6
2374,freegame,0.0,621.6
2375,freegame,0.0,364.2
2376,freegame,0.0,919.3
2377,freegame,0.0,636.2
2378,freegame,8.5,634.9
2379,freegame,0.0,1413.0
2380,freegame,0.0,1420.5
2381,freegame,0.0,410.6
2382,freegame,0.0,1015.1
2383,freegame,0.0,2330.3
2384,freegame,0.0,789.1
2385,freegame,0.0,473.1
2386,freegame,0.4,1656.8
2387,freegame,0.0,97.5
2388,freegame,0.0,543.0
2389,freegame,0.0,4313.4
2390,freegame,2.0,617.7
2391,freegame,0.0,697.0
2392,freegame,0.0,908.8
2393,freegame,0.4,41.1
2394,freegame,0.0,869.8
2395,freegame,0.0,1268.4
2396,freegame,0.0,1819.0
2397,freegame,0.0,5000
2398,freegame,0.0,839.5
2399,freegame,0.0,752.3
2400,freegame,0.0,458.4
2401,freegame,0.0,1799.2
2402,freegame,0.0,1168.7
2403,freegame,0.0,185.0
2404,freegame,0.0,390.3
2405,freegame,0.0,175.2
2406,freegame,0.4,223.9
2407,freegame,0.0,192.9
2408,freegame,0.0,1179.8
2409,wincap,0.0,5000
2410,freegame,0.3,1789.2
2411,freegame,0.0,268.5
2412,freegame,0.6,1633.9
2413,freegame,0.0,443.7
2414,freegame,0.0,3103.3
2415,freegame,0.0,831.6
2416,freegame,0.0,1436.4
2417,freegame,0.0,146.6
2418,freegame,0.2,289.4
2419,freegame,0.0,2772.7
2420,freegame,3.2,127.8
2421,freegame,0.9,1396.3
2422,freegame,0.3,25.7
2423,freegame,0.0,397.7
2424,freegame,0.0,753.7
2425,wincap,0.0,5000
2426,freegame,0.0,1897.0
2427,freegame,0.0,1827.7
2428,freegame,0.2,959.6
2429,freegame,0.5,3.5
2430,freegame,0.1,1289.4
2431,freegame,0.0,789.5
2432,freegame,0.0,605.9
2433,freegame,0.0,220.4
2434,freegame,0.0,387.9
2435,freegame,0.1,2430.1
2436,freegame,0.0,791.3
2437,freegame,0.5,569.9
2438,freegame,0.0,782.0
2439,freegame,0.0,191.8
2440,freegame,0.3,295.2
2441,freegame,0.0,1495.2
2442,freegame,0.0,323.4
2443,freegame,0.0,958.0
2444,freegame,0.0,54.1
2445,freegame,0.0,1136.7
2446,freegame,0.0,4164.0
2447,freegame,0.0,1225.9
2448,freegame,0.0,1319.7
2449,freegame,0.0,311.2
2450,freegame,0.1,706.0
2451,freegame,0.0,78.0
2452,freegame,0.2,252.2
2453,freegame,0.3,5000
2454,freegame,0.0,810.6
2455,freegame,0.0,2540.5
2456,freegame,0.0,5000
2457,freegame,0.0,118.4
2458,freegame,0.3,429.0
2459,freegame,0.0,1881.3
2460,freegame,0.4,2066.1
2461,freegame,0.0,23.8
2462,wincap,0.0,5000
2463,freegame,0.2,5000
2464,freegame,0.0,535.0
2465,freegame,0.0,278.7
2466,freegame,0.0,562.0
2467,freegame,0.0,5000
2468,freegame,0.0,258.2
2469,freegame,0.0,563.7
2470,freegame,0.0,3440.7
2471,freegame,4.0,968.4
2472,freegame,0.7,2379.5
2473,freegame,0.1,1377.3
2474,freegame,0.5,612.1
2475,freegame,0.0,39.4
2476,freegame,0.0,538.1
2477,freegame,0.0,1344.4
2478,freegame,0.2,285.8
2479,freegame,0.0,46.7
2480,freegame,0.0,1989.6
2481,freegame,0.1,2655.9
2482,freegame,0.0,648.4
2483,freegame,0.0,1036.1
2484,freegame,0.0,796.5
2485,freegame,0.1,607.7
2486,freegame,0.0,5000
2487,freegame,0.0,5000
2488,freegame,0.7,476.0
2489,freegame,0.0,1860.5
2490,freegame,0.0,149.1
2491,freegame,0.0,253.2
2492,freegame,0.0,496.9
2493,freegame,0.0,1156.8
2494,freegame,0.1,827.8
2495,freegame,0.0,773.1
2496,freegame,0.0,743.9
2497,freegame,0.0,634.1
2498,freegame,0.0,330.1
2499,freegame,0.0,873.1
2500,freegame,0.0,708.8
2501,freegame,0.4,987.5
2502,freegame,0.0,538.3
2503,freegame,0.0,176.5
2504,freegame,0.0,1787.0
2505,freegame,0.0,3465.3
2506,freegame,0.4,220.9
2507,freegame,0.0,508.8
2508,freegame,0.0,695.9
2509,freegame,0.0,94.2
2510,freegame,0.3,246.4
2511,freegame,0.3,2444.8
2512,freegame,0.0,674.7
2513,freegame,0.0,407.7
2514,freegame,0.0,95.7
2515,freegame,0.3,2564.2
2516,freegame,0.0,1790.8
2517,freegame,0.0,881.6
2518,freegame,0.0,353.4
2519,freegame,0.0,907.6
2520,freegame,0.0,705.7
2521,freegame,0.0,92.2
2522,freegame,0.0,5000
2523,freegame,0.0,752.8
2524,freegame,0.0,651.0
2525,freegame,0.0,724.3
2526,freegame,0.0,789.2
2527,freegame,0.0,1635.6
2528,freegame,1.3,888.0
2529,freegame,0.0,510.1
2530,freegame,0.0,718.9
2531,freegame,0.0,1003.0
2532,freegame,0.0,46.8
2533,freegame,0.0,1476.5
2534,freegame,0.0,491.7
2535,freegame,0.0,111.7
2536,freegame,0.2,261.8
2537,freegame,0.1,108.2
2538,freegame,0.0,444.1
2539,freegame,0.4,2827.9
2540,freegame,0.4,4185.2
2541,wincap,0.0,5000
2542,freegame,9.0,109.3
2543,freegame,1.0,1956.0
2544,freegame,0.0,2239.6
2545,freegame,0.0,3220.8
2546,freegame,0.0,197.4
2547,freegame,0.0,551.5
2548,freegame,0.0,1181.7
2549,freegame,0.0,1886.9
2550,freegame,0.0,4330.1
2551,freegame,0.0,511.6
2552,freegame,0.0,235.8
2553,freegame,0.6,215.1
2554,freegame,0.2,6.4
2555,freegame,0.0,162.2
2556,freegame,0.0,237.5
2557,freegame,0.0,486.0
2558,freegame,0.0,4058.1
2559,freegame,0.0,843.6
2560,freegame,0.0,1145.6
2561,freegame,0.0,638.4
2562,freegame,0.0,250.5
2563,freegame,0.0,369.7
2564,freegame,0.9,186.3
2565,freegame,0.2,603.9
2566,freegame,0.0,46.4
2567,freegame,0.0,1376.3
2568,freegame,0.0,2020.5
2569,freegame,0.2,962.1
2570,freegame,0.5,700.2
2571,freegame,0.7,1834.2
2572,freegame,0.0,2430.5
2573,freegame,0.1,75.8
2574,freegame,0.0,180.8
2575,freegame,0.0,862.1
2576,freegame,0.9,2497.5
2577,freegame,0.0,828.6
2578,freegame,0.0,810.9
2579,freegame,0.0,1154.1
2580,freegame,0.0,267.4
2581,freegame,0.0,5000
2582,freegame,0.0,908.1
2583,freegame,0.0,463.7
2584,freegame,0.0,801.2
2585,freegame,1.0,869.4
2586,freegame,0.0,432.9
2587,freegame,0.0,1822.9
2588,freegame,0.0,154.3
2589,freegame,0.0,1473.6
2590,freegame,1.1,468.4
2591,freegame,0.0,3421.8
2592,freegame,0.0,2385.2
2593,freegame,0.0,265.9
2594,freegame,0.1,651.7
2595,freegame,0.2,1766.4
2596,freegame,0.0,821.4
2597,freegame,0.0,759.7
2598,freegame,6.2,105.3
2599,freegame,0.0,1263.5
2600,freegame,0.0,1070.1
2601,freegame,0.0,1847.9
2602,freegame,0.0,52.8
2603,freegame,0.0,267.8
2604,freegame,0.0,838.1
2605,freegame,0.6,263.9
2606,freegame,0.0,628.8
2607,freegame,0.1,1460.6
2608,freegame,0.0,1769.0
2609,freegame,0.0,711.1
2610,freegame,0.7,912.7
2611,freegame,9.0,1455.4
2612,freegame,0.0,1723.3
2613,freegame,0.0,2751.6
2614,freegame,0.0,264.7
2615,freegame,0.1,365.7
2616,freegame,0.0,1289.1
2617,freegame,0.0,695.9
2618,freegame,0.0,1403.1
2619,freegame,0.0,1983.5
2620,freegame,0.0,6.2
2621,freegame,0.0,113.1
2622,freegame,0.0,982.3
2623,freegame,0.0,5000
2624,freegame,0.1,1797.6
2625,freegame,0.2,2943.9
2626,freegame,0.1,1768.3
2627,freegame,2.7,277.2
2628,freegame,0.0,60.5
2629,freegame,0.0,5000
2630,freegame,0.0,3276.2
2631,freegame,0.0,1630.5
2632,freegame,1.0,17.1
2633,freegame,0.0,2160.0
2634,freegame,0.0,214.5
2635,freegame,0.5,533.3
2636,freegame,0.0,268.3
2637,freegame,0.0,2582.7
2638,freegame,1.8,5000
2639,freegame,0.1,5000
2640,freegame,0.0,1892.5
2641,freegame,0.0,242.0
2642,freegame,0.3,829.9
2643,freegame,0.1,1021.2
2644,freegame,0.0,2019.3
2645,freegame,0.0,1036.6
2646,freegame,0.0,766.4
2647,freegame,0.0,1001.4
2648,freegame,0.0,3025.2
2649,freegame,0.0,2405.1
2650,freegame,0.9,2008.3
2651,freegame,0.0,1202.9
2652,freegame,0.3,1866.8
2653,freegame,0.5,103.3
2654,freegame,0.0,61.3
2655,freegame,2.3,533.2
2656,freegame,0.0,1398.6
2657,freegame,0.0,117.4
2658,freegame,0.0,32.5
2659,freegame,0.0,71.6
2660,freegame,0.0,1637.1
2661,freegame,0.0,1235.7
2662,freegame,0.4,119.2
2663,freegame,0.0,1451.8
2664,freegame,0.0,843.6
2665,freegame,0.6,684.0
2666,freegame,0.0,264.4
2667,freegame,0.0,307.5
2668,freegame,0.3,135.3
2669,freegame,0.0,1850.8
2670,freegame,0.0,703.7
2671,freegame,0.0,964.6
2672,freegame,0.0,306.4
2673,freegame,0.0,531.1
2674,freegame,0.0,356.0
2675,freegame,0.0,1228.8
2676,freegame,0.0,544.9
2677,wincap,0.9,5000
2678,freegame,0.8,5000
2679,freegame,3.0,568.7
2680,freegame,0.0,145.8
2681,freegame,0.0,1233.9
2682,freegame,0.6,4031.2
2683,freegame,0.2,96.1
2684,freegame,0.1,5000
2685,freegame,0.0,1974.2
2686,freegame,0.0,590.0
2687,freegame,0.0,196.7
2688,freegame,0.0,1020.1
2689,freegame,0.0,29.2
2690,freegame,0.0,514.1
2691,freegame,0.0,1654.1
2692,freegame,0.0,1689.5
2693,freegame,3.3,864.1
2694,freegame,0.0,389.1
2695,freegame,0.0,2061.9
2696,freegame,0.0,1616.2
2697,freegame,0.0,130.6
2698,freegame,0.0,2682.0
2699,freegame,0.2,1978.5
2700,freegame,0.3,811.6
2701,freegame,0.0,391.7
2702,freegame,0.6,1508.3
2703,freegame,0.0,683.2
2704,freegame,0.0,138.1
2705,freegame,0.0,863.0
2706,freegame,15.5,953.9
2707,freegame,0.0,739.6
2708,freegame,1.1,2717.6
2709,freegame,0.0,1002.4
2710,freegame,0.0,1046.2
2711,freegame,0.0,3737.0
2712,freegame,0.7,920.4
2713,freegame,0.5,25.6
2714,freegame,0.0,2271.7
2715,freegame,0.0,72.8
2716,freegame,0.6,2493.1
2717,freegame,0.0,1495.0
2718,freegame,0.1,475.7
2719,freegame,0.0,386.3
2720,freegame,0.0,697.9
2721,freegame,0.0,92.4
2722,freegame,0.1,312.1
2723,freegame,0.0,2020.3
2724,freegame,0.0,520.4
2725,freegame,0.2,173.4
2726,freegame,0.0,21.6
2727,freegame,0.0,5000
2728,freegame,0.2,769.1
2729,freegame,3.4,195.2
2730,freegame,0.0,308.3
2731,freegame,0.6,513.6
2732,freegame,0.0,262.7
2733,freegame,0.0,1491.0
2734,freegame,0.0,124.9
2735,freegame,0.9,3316.9
2736,freegame,0.0,73.8
2737,freegame,0.6,861.5
2738,freegame,0.0,2110.6
2739,freegame,0.0,442.5
2740,freegame,0.0,5000
2741,freegame,0.2,1599.5
2742,freegame,0.0,362.6
2743,freegame,0.0,4600.2
2744,wincap,1.3,5000
2745,freegame,0.0,42.8
2746,freegame,0.0,137.9
2747,freegame,0.6,4313.0
2748,freegame,0.7,969.7
2749,freegame,0.0,2232.8
2750,freegame,0.0,915.4
2751,freegame,0.0,1316.3
2752,freegame,0.0,281.5
2753,freegame,0.0,266.2
2754,freegame,0.0,439.3
2755,freegame,0.0,379.7
2756,freegame,0.0,1021.8
2757,freegame,0.0,520.2
2758,freegame,0.0,90.8
2759,freegame,0.0,926.8
2760,freegame,0.0,478.8
2761,freegame,4.0,2898.1
2762,freegame,0.0,2531.6
2763,freegame,0.0,1686.0
2764,freegame,0.0,3047.6
2765,wincap,0.2,5000
2766,freegame,0.8,340.9
2767,freegame,0.0,2915.0
2768,freegame,0.0,505.1
2769,freegame,0.0,466.1
2770,freegame,0.3,656.4
2771,freegame,0.0,1063.1
2772,freegame,0.0,3234.8
2773,freegame,0.0,1538.5
2774,freegame,0.0,135.9
2775,freegame,0.0,143.9
2776,freegame,0.0,529.7
2777,freegame,0.0,3505.4
2778,freegame,0.0,216.1
2779,freegame,0.0,23.3
2780,freegame,0.0,409.3
2781,freegame,0.0,1313.6
2782,freegame,0.2,227.8
2783,freegame,0.2,18.5
2784,freegame,0.0,265.1
2785,freegame,0.0,1939.5
2786,freegame,1.4,345.8
2787,freegame,0.6,637.3
2788,freegame,0.1,1782.6
2789,freegame,0.0,982.5
2790,freegame,0.0,388.6
2791,freegame,0.0,373.5
2792,freegame,0.1,1480.2
2793,freegame,0.0,995.7
2794,freegame,0.0,224.9
2795,wincap,0.1,5000
2796,freegame,0.4,8.2
2797,freegame,0.7,2087.0
2798,freegame,0.0,556.4
2799,freegame,0.3,1743.1
2800,freegame,0.0,841.6
2801,freegame,0.0,1437.5
2802,freegame,0.1,5000
2803,freegame,0.0,343.0
2804,freegame,0.6,385.3
2805,freegame,1.0,362.0
2806,freegame,0.0,283.8
2807,freegame,0.0,508.6
2808,freegame,0.0,897.7
2809,freegame,0.2,5000
2810,freegame,2.8,1157.5
2811,freegame,0.0,114.4
2812,freegame,1.0,1972.0
2813,freegame,0.0,987.3
2814,freegame,0.0,5000
2815,freegame,0.0,66.2
2816,freegame,0.0,875.0
2817,freegame,0.0,402.8
2818,freegame,0.0,703.0
2819,freegame,0.0,628.7
2820,freegame,0.1,484.6
2821,freegame,13.0,3757.5
2822,freegame,0.0,1811.5
2823,freegame,0.0,1450.7
2824,freegame,0.0,539.2
2825,freegame,0.0,347.0
2826,freegame,0.0,255.5
2827,freegame,0.1,174.3
2828,freegame,0.0,554.5
2829,freegame,0.3,241.4
2830,freegame,0.4,325.2
2831,freegame,0.0,3844.4
2832,freegame,0.0,587.6
2833,freegame,3.0,1126.4
2834,freegame,0.0,561.2
2835,freegame,0.0,86.7
2836,freegame,0.1,2432.4
2837,freegame,0.0,2103.1
2838,freegame,0.3,153.7
2839,freegame,0.0,875.3
2840,freegame,0.0,1122.8
2841,freegame,0.1,181.1
2842,freegame,0.0,333.3
2843,freegame,0.0,1808.8
2844,freegame,0.0,109.4
2845,freegame,0.1,508.3
2846,freegame,0.0,277.5
2847,freegame,0.4,806.1
2848,freegame,0.0,113.0
2849,freegame,0.0,187.8
2850,freegame,0.0,163.9
2851,freegame,0.2,388.4
2852,freegame,0.0,328.5
2853,freegame,0.0,2036.2
2854,freegame,0.0,162.4
2855,freegame,0.0,1666.3
2856,freegame,0.0,781.3
2857,freegame,0.0,683.0
2858,freegame,0.0,150.9
2859,freegame,0.2,1227.2
2860,freegame,0.0,76.6
2861,freegame,0.6,2052.4
2862,freegame,0.0,991.2
2863,freegame,0.0,75.8
2864,freegame,0.0,1117.3
2865,freegame,0.0,85.7
2866,freegame,0.0,334.7
2867,freegame,0.0,104.3
2868,freegame,0.0,291.9
2869,freegame,0.0,176.9
2870,freegame,0.1,468.3
2871,freegame,0.0,1650.7
2872,freegame,0.0,1144.0
2873,freegame,0.0,3692.2
2874,freegame,0.2,494.4
2875,freegame,0.0,119.8
2876,wincap,0.0,5000
2877,freegame,1.0,435.4
2878,freegame,0.4,1008.1
2879,freegame,0.0,135.4
2880,freegame,0.0,929.7
2881,freegame,0.0,2305.2
2882,freegame,0.0,2869.2
2883,freegame,0.1,710.8
2884,freegame,0.7,370.4
2885,freegame,0.7,3903.0
2886,freegame,0.0,714.0
2887,freegame,0.0,1419.6
2888,freegame,0.2,2564.9
2889,freegame,0.0,430.9
2890,freegame,0.0,668.3
2891,freegame,0.0,447.6
2892,freegame,0.3,1153.8
2893,freegame,0.0,926.1
2894,freegame,1.5,86.1
2895,freegame,0.3,328.2
2896,freegame,0.0,651.8
2897,freegame,0.0,770.2
2898,freegame,0.0,944.0
2899,freegame,1.3,682.9
2900,freegame,0.9,585.5
2901,freegame,0.0,3593.2
2902,freegame,0.0,463.7
2903,freegame,0.0,601.5
2904,freegame,0.1,3334.5
2905,freegame,0.0,1136.7
2906,freegame,0.0,1381.8
2907,freegame,0.0,511.1
2908,freegame,0.0,2601.1
2909,freegame,0.0,2416.4
2910,freegame,0.1,378.1
2911,freegame,0.0,1061.3
2912,freegame,1.6,804.3
2913,freegame,0.0,1219.4
2914,freegame,10.0,1648.1
2915,freegame,0.0,497.5
2916,freegame,0.5,788.3
2917,freegame,0.0,593.1
2918,freegame,0.4,63.3
2919,freegame,0.0,1431.7
2920,freegame,0.1,1825.5
2921,freegame,0.5,119.0
2922,freegame,0.0,947.6
2923,freegame,0.0,332.3
2924,freegame,0.0,434.7
2925,freegame,0.0,1677.3
2926,freegame,1.2,45.4
2927,freegame,0.0,529.8
2928,freegame,0.2,848.4
2929,freegame,0.0,514.1
2930,freegame,0.0,1666.1
2931,freegame,0.0,1095.5
2932,freegame,0.0,679.3
2933,freegame,0.0,1505.8
2934,freegame,0.0,60.6
2935,freegame,0.0,753.6
2936,freegame,0.0,490.8
2937,freegame,0.0,625.9
2938,freegame,0.0,246.5
2939,freegame,0.3,1202.7
2940,freegame,0.0,620.8
2941,freegame,0.0,699.4
2942,freegame,0.8,1569.1
2943,freegame,0.0,1005.2
2944,wincap,0.4,5000
2945,freegame,0.3,269.1
2946,freegame,6.0,44.3
2947,freegame,0.0,427.7
2948,freegame,0.0,691.4
2949,freegame,0.0,5000
2950,freegame,0.0,1301.6
2951,freegame,0.1,201.9
2952,freegame,0.6,63.4
2953,freegame,0.0,530.1
2954,freegame,0.5,609.8
2955,freegame,0.0,1081.5
2956,freegame,0.0,819.0
2957,freegame,0.0,2338.7
2958,freegame,0.0,305.7
2959,freegame,0.0,52.4
2960,freegame,0.0,1013.1
2961,freegame,0.6,174.2
2962,freegame,0.0,2146.4
2963,freegame,0.2,5000
2964,freegame,2.2,419.4
2965,freegame,0.0,976.9
2966,freegame,0.0,97.3
2967,freegame,0.0,768.1
2968,freegame,0.0,350.7
2969,freegame,0.0,2863.9
2970,freegame,0.0,1751.4
2971,freegame,0.0,911.1
2972,freegame,0.0,1446.0
2973,freegame,0.0,3368.2
2974,freegame,0.0,2030.0
2975,freegame,0.0,1318.5
2976,freegame,0.0,1681.1
2977,freegame,0.0,84.8
2978,freegame,0.0,212.3
2979,freegame,0.0,169.1
2980,freegame,0.0,3274.1
2981,freegame,0.0,958.9
2982,freegame,0.0,2004.5
2983,freegame,0.0,1340.0
2984,freegame,0.0,792.2
2985,freegame,0.2,651.6
2986,freegame,0.0,5000
2987,freegame,2.0,5000
2988,freegame,0.0,335.4
2989,freegame,0.0,2919.7
2990,freegame,0.0,58.9
2991,freegame,0.0,2409.8
2992,freegame,0.0,1608.9
2993,wincap,0.0,5000
2994,freegame,0.0,378.3
2995,freegame,0.0,4994.5
2996,wincap,0.0,5000
2997,freegame,0.0,477.2
2998,freegame,0.6,298.4
2999,freegame,0.0,395.9
3000,freegame,0.0,30.0
3001,freegame,0.2,765.0
3002,freegame,0.0,1394.0
3003,freegame,0.0,3553.4
3004,freegame,0.0,3184.4
3005,freegame,0.2,1731.4
3006,freegame,0.0,1024.9
3007,freegame,0.2,151.2
3008,freegame,0.0,529.9
3009,freegame,0.0,308.0
3010,freegame,0.3,257.2
3011,freegame,0.5,9.9
3012,freegame,0.3,1530.4
3013,freegame,0.0,932.4
3014,freegame,0.0,2694.9
3015,freegame,0.0,4380.4
3016,freegame,0.0,504.0
3017,freegame,0.0,3517.8
3018,freegame,1.6,17.9
3019,freegame,0.0,4930.0
3020,freegame,0.0,1563.5
3021,freegame,0.0,613.6
3022,freegame,0.6,279.2
3023,freegame,0.0,996.4
3024,freegame,0.0,136.1
3025,freegame,0.0,1226.0
3026,freegame,0.4,29.5
3027,freegame,1.0,703.5
3028,freegame,0.0,34.5
3029,freegame,0.0,1015.0
3030,freegame,0.0,582.2
3031,freegame,0.0,649.5
3032,freegame,0.0,464.4
3033,freegame,0.3,725.1
3034,freegame,0.0,140.0
3035,freegame,0.0,807.9
3036,freegame,0.0,1427.4
3037,freegame,1.0,229.7
3038,freegame,0.0,233.5
3039,freegame,0.1,5000
3040,freegame,0.2,3318.3
3041,freegame,0.0,516.5
3042,freegame,0.3,1466.4
3043,freegame,0.0,1015.1
3044,freegame,0.0,457.4
3045,freegame,0.5,650.8
3046,freegame,0.4,574.9
3047,freegame,0.1,596.0
3048,freegame,0.5,111.1
3049,freegame,0.0,3127.5
3050,freegame,0.0,1710.5
3051,freegame,0.5,110.8
3052,freegame,0.0,897.3
3053,freegame,0.0,3.4
3054,freegame,0.0,658.2
3055,freegame,0.0,186.1
3056,freegame,0.0,721.6
3057,freegame,0.0,1599.1
3058,freegame,1.6,268.7
3059,freegame,0.0,806.1
3060,freegame,0.0,59.8
3061,freegame,0.0,4238.3
3062,freegame,2.2,1246.5
3063,freegame,0.6,48.7
3064,freegame,0.0,101.2
3065,freegame,0.0,58.4
3066,freegame,0.0,505.1
3067,freegame,0.0,197.5
3068,freegame,0.0,1833.5
3069,freegame,1.2,2628.5
3070,freegame,0.0,459.8
3071,freegame,0.0,266.4
3072,freegame,6.0,335.4
3073,freegame,0.0,95.5
3074,freegame,0.2,591.8
3075,freegame,0.0,547.5
3076,freegame,0.0,79.8
3077,freegame,0.0,1772.1
3078,freegame,0.0,303.9
3079,freegame,0.3,553.0
3080,freegame,0.0,137.7
3081,freegame,0.2,1519.5
3082,freegame,0.0,1500.2
3083,freegame,0.0,1017.7
3084,freegame,0.0,127.9
3085,wincap,0.0,5000
3086,freegame,0.0,1523.9
3087,freegame,0.7,1420.0
3088,freegame,0.2,593.6
3089,freegame,0.0,146.2
3090,freegame,0.6,711.5
3091,freegame,0.0,981.7
3092,freegame,0.0,38.0
3093,freegame,30.3,24.5
3094,freegame,9.1,462.0
3095,freegame,0.0,474.4
3096,freegame,0.2,1164.3
3097,freegame,0.0,5000
3098,freegame,0.4,3203.2
3099,freegame,0.0,1816.0
3100,freegame,0.0,134.0
3101,freegame,0.0,186.4
3102,freegame,0.0,197.0
3103,freegame,0.0,610.9
3104,freegame,0.6,923.7
3105,freegame,0.0,5000
3106,freegame,0.0,3706.9
3107,freegame,0.3,400.2
3108,freegame,0.0,437.1
3109,freegame,0.0,1500.2
3110,freegame,0.0,594.6
3111,freegame,0.0,2939.0
3112,freegame,0.0,475.9
3113,freegame,0.2,47.1
3114,freegame,0.0,3820.1
3115,freegame,2.0,3188.1
3116,freegame,0.0,339.2
3117,freegame,0.1,5000
3118,freegame,1.7,509.7
3119,freegame,2.7,497.0
3120,freegame,0.3,425.6
3121,freegame,0.0,1667.5
3122,freegame,0.0,1624.8
3123,freegame,3.3,908.6
3124,freegame,0.0,459.7
3125,freegame,0.2,445.9
3126,freegame,0.0,3652.5
3127,freegame,0.5,72.1
3128,freegame,0.7,2929.6
3129,freegame,0.0,3166.5
3130,freegame,0.0,1557.7
3131,freegame,0.0,156.7
3132,freegame,0.6,262.2
3133,freegame,0.0,728.8
3134,freegame,0.0,5000
3135,freegame,0.0,43.0
3136,freegame,0.0,1527.7
3137,freegame,0.0,1175.4
3138,freegame,0.0,292.5
3139,freegame,0.0,1855.6
3140,freegame,0.0,163.8
3141,freegame,0.0,1004.0
3142,freegame,1.0,308.7
3143,freegame,0.0,86.2
3144,freegame,0.0,1672.0
3145,freegame,0.3,637.0
3146,freegame,0.0,645.3
3147,freegame,0.0,3323.7
3148,freegame,0.7,429.9
3149,freegame,0.1,3567.0
3150,freegame,0.0,1441.8
3151,freegame,0.0,1578.3
3152,freegame,0.0,226.7
3153,freegame,0.0,1064.4
3154,freegame,0.0,1452.3
3155,freegame,0.0,1466.3
3156,freegame,0.0,828.1
3157,freegame,0.0,721.6
3158,freegame,3.7,846.8
3159,freegame,0.0,1578.3
3160,freegame,0.9,72.0
3161,freegame,0.8,2376.6
3162,freegame,0.0,312.3
3163,freegame,0.0,3906.5
3164,wincap,0.1,5000
3165,freegame,0.0,773.4
3166,freegame,0.0,514.7
3167,freegame,0.0,403.3
3168,freegame,0.0,3250.0
3169,freegame,0.0,610.9
3170,freegame,6.2,389.8
3171,freegame,10.2,1784.1
3172,freegame,0.0,4058.3
3173,freegame,0.0,580.5
3174,freegame,0.0,1602.2
3175,freegame,0.0,2752.0
3176,freegame,0.0,590.5
3177,freegame,0.0,37.7
3178,freegame,0.0,846.3
3179,freegame,0.0,2236.7
3180,freegame,0.0,301.1
3181,freegame,0.0,17.6
3182,freegame,0.0,2827.0
3183,freegame,0.0,624.9
3184,freegame,0.0,2419.2
3185,freegame,0.0,778.3
3186,freegame,0.0,145.6
3187,freegame,0.0,1632.7
3188,freegame,0.0,5000
3189,freegame,0.6,851.7
3190,freegame,0.0,88.4
3191,freegame,0.0,13.7
3192,freegame,0.0,120.2
3193,freegame,0.0,699.6
3194,freegame,0.0,5000
3195,freegame,0.0,5000
3196,freegame,0.0,2958.7
3197,freegame,0.0,1694.1
3198,freegame,0.0,1763.9
3199,freegame,0.0,422.3
3200,freegame,0.2,441.6
3201,freegame,0.4,483.2
3202,freegame,0.0,5000
3203,freegame,0.9,449.2
3204,freegame,0.0,1750.1
3205,freegame,0.0,235.9
3206,freegame,0.0,1302.1
3207,freegame,0.0,572.8
3208,freegame,0.3,297.8
3209,freegame,0.0,267.8
3210,freegame,0.5,1099.1
3211,freegame,0.0,621.5
3212,freegame,0.0,270.1
3213,freegame,0.0,187.9
3214,freegame,0.0,1542.0
3215,freegame,0.7,349.9
3216,freegame,0.1,180.3
3217,freegame,0.0,593.4
3218,freegame,0.2,3542.8
3219,freegame,8.8,412.1
3220,freegame,0.0,3556.1
3221,freegame,0.0,1000.1
3222,freegame,0.0,38.3
3223,freegame,0.0,5000
3224,freegame,0.0,1210.5
3225,freegame,0.0,588.1
3226,freegame,0.3,1154.8
3227,freegame,0.0,2053.0
3228,freegame,0.2,1428.1
3229,freegame,0.0,1554.4
3230,freegame,0.2,133.4
3231,freegame,0.0,24.4
3232,freegame,0.0,5000
3233,freegame,0.0,25.8
3234,freegame,0.0,287.4
3235,freegame,0.0,2618.1
3236,freegame,1.0,993.3
3237,freegame,0.0,4.9
3238,freegame,0.0,1088.5
3239,freegame,2.6,405.3
3240,freegame,0.0,1043.2
3241,freegame,0.0,53.5
3242,freegame,0.0,43.3
3243,freegame,0.3,297.5
3244,freegame,0.0,28.7
3245,freegame,0.1,4478.8
3246,freegame,0.6,2061.3
3247,freegame,0.8,353.4
3248,freegame,0.0,1559.2
3249,freegame,0.0,112.7
3250,freegame,0.6,2128.5
3251,freegame,0.2,63.6
3252,freegame,1.2,469.1
3253,freegame,0.0,5000
3254,freegame,0.0,471.1
3255,freegame,0.0,24.1
3256,freegame,0.0,1287.0
3257,freegame,0.0,32.5
3258,freegame,0.0,2892.8
3259,freegame,1.0,67.2
3260,freegame,0.0,265.1
3261,freegame,0.0,446.2
3262,freegame,0.0,2777.6
3263,freegame,0.0,321.0
3264,freegame,0.0,420.2
3265,freegame,0.4,1246.1
3266,freegame,0.0,268.7
3267,freegame,0.0,312.1
3268,freegame,0.0,3237.5
3269,freegame,0.2,548.4
3270,freegame,0.0,327.0
3271,freegame,0.3,3220.4
3272,freegame,0.0,5000
3273,freegame,1.3,3414.9
3274,freegame,0.5,38.2
3275,freegame,0.0,4048.3
3276,freegame,0.0,37.6
3277,freegame,0.0,275.1
3278,freegame,0.0,2941.8
3279,freegame,0.6,133.0
3280,freegame,0.0,118.3
3281,freegame,0.0,1033.7
3282,freegame,0.8,775.9
3283,freegame,0.0,47.7
3284,freegame,0.0,702.3
3285,freegame,0.2,2211.6
3286,freegame,1.7,1839.3
3287,freegame,0.0,101.1
3288,freegame,43.1,953.8
3289,freegame,0.2,351.3
3290,freegame,0.0,4315.9
3291,freegame,0.4,4693.5
3292,freegame,0.0,4931.5
3293,freegame,0.0,653.7
3294,freegame,0.0,709.3
3295,freegame,0.7,237.4
3296,freegame,0.0,115.4
3297,freegame,0.0,113.1
3298,freegame,2.0,769.4
3299,freegame,1.7,1667.9
3300,freegame,0.0,1147.6
3301,freegame,0.0,1431.1
3302,freegame,0.0,76.7
3303,freegame,0.0,2104.5
3304,freegame,0.0,707.8
3305,freegame,0.0,2490.6
3306,freegame,0.2,853.9
3307,freegame,70.3,325.7
3308,freegame,0.4,420.4
3309,freegame,0.7,333.1
3310,freegame,0.0,1261.6
3311,freegame,0.6,1025.3
3312,freegame,1.0,929.6
3313,freegame,0.3,1399.3
3314,freegame,0.0,1884.5
3315,freegame,0.0,1015.9
3316,freegame,0.3,444.0
3317,freegame,0.0,2303.0
3318,freegame,0.0,125.1
3319,freegame,0.6,1222.7
3320,wincap,0.3,5000
3321,freegame,1.0,182.1
3322,freegame,0.0,3715.9
3323,freegame,0.0,1766.4
3324,freegame,0.0,1143.6
3325,freegame,0.5,91.1
3326,freegame,0.0,319.6
3327,freegame,0.0,3490.5
3328,freegame,0.7,1066.6
3329,freegame,6.2,277.9
3330,freegame,0.0,925.3
3331,freegame,0.0,251.6
3332,freegame,0.0,402.8
3333,freegame,0.9,1062.7
3334,freegame,0.2,3708.1
3335,freegame,0.3,1585.1
3336,freegame,1.2,944.7
3337,freegame,0.6,97.2
3338,freegame,0.0,15.9
3339,freegame,0.0,1304.8
3340,freegame,1.0,180.8
3341,freegame,0.7,1852.0
3342,freegame,0.0,3626.5
3343,freegame,0.0,1366.7
3344,freegame,0.0,1302.5
3345,freegame,0.0,181.7
3346,freegame,0.2,326.0
3347,freegame,0.3,1377.0
3348,freegame,0.5,210.2
3349,freegame,0.0,2482.7
3350,freegame,0.9,264.2
3351,freegame,0.0,425.5
3352,freegame,0.0,159.7
3353,freegame,0.2,1152.0
3354,freegame,0.0,242.3
3355,freegame,3.0,176.7
3356,freegame,0.0,53.0
3357,freegame,0.4,398.7
3358,freegame,5.0,1047.0
3359,wincap,0.0,5000
3360,freegame,0.3,138.6
3361,freegame,0.1,2195.2
3362,freegame,0.0,2355.3
3363,freegame,0.0,1604.4
3364,freegame,0.0,790.4
3365,freegame,0.0,297.8
3366,freegame,1.0,115.0
3367,freegame,0.7,2043.4
3368,freegame,0.5,837.5
3369,freegame,0.0,724.0
3370,freegame,0.0,352.4
3371,freegame,0.0,553.4
3372,freegame,0.0,1944.8
3373,freegame,0.2,260.5
3374,freegame,1.2,3175.3
3375,freegame,1.6,3714.1
3376,freegame,0.0,1067.9
3377,freegame,0.0,616.4
3378,freegame,0.0,691.8
3379,freegame,0.0,670.7
3380,freegame,0.0,283.8
3381,freegame,0.0,106.2
3382,freegame,0.0,799.2
3383,freegame,0.0,22.4
3384,freegame,6.0,1048.5
3385,freegame,0.0,1024.1
3386,freegame,0.0,766.5
3387,freegame,0.0,412.8
3388,freegame,2.5,349.7
3389,freegame,1.0,282.9
3390,freegame,0.0,128.7
3391,wincap,1.2,5000
3392,freegame,0.0,68.3
3393,freegame,0.0,803.5
3394,freegame,0.1,660.6
3395,freegame,0.0,488.3
3396,freegame,0.0,436.7
3397,freegame,0.1,1917.7
3398,freegame,0.4,159.6
3399,freegame,0.0,1147.7
3400,freegame,0.2,463.0
3401,freegame,0.0,1491.3
3402,freegame,0.0,1775.9
3403,freegame,0.0,72.5
3404,freegame,3.7,841.8
3405,freegame,30.3,4586.2
3406,freegame,0.0,271.8
3407,freegame,0.0,1564.3
3408,freegame,0.0,563.8
3409,freegame,0.0,2877.1
3410,freegame,0.1,5000
3411,freegame,0.1,1810.4
3412,freegame,0.0,2256.5
3413,freegame,0.3,89.9
3414,freegame,0.0,408.9
3415,freegame,0.0,308.8
3416,freegame,0.3,177.6
3417,freegame,0.0,370.6
3418,freegame,1.3,2940.6
3419,freegame,0.0,5000
3420,freegame,0.0,179.0
3421,freegame,0.0,1146.4
3422,freegame,0.0,1428.9
3423,freegame,0.0,394.6
3424,freegame,0.0,202.1
3425,freegame,0.0,230.8
3426,freegame,0.0,631.5
3427,freegame,0.0,994.9
3428,freegame,0.2,1327.1
3429,freegame,0.0,55.6
3430,freegame,0.0,787.8
3431,freegame,0.0,4.4
3432,freegame,0.1,12.6
3433,freegame,0.3,77.6
3434,freegame,0.0,782.2
3435,freegame,0.0,315.7
3436,freegame,6.1,761.3
3437,freegame,0.0,2837.3
3438,freegame,0.0,2083.6
3439,freegame,0.0,1727.7
3440,freegame,0.0,376.2
3441,freegame,0.6,702.9
3442,freegame,1.2,801.2
3443,freegame,0.0,696.7
3444,freegame,0.0,68.5
3445,freegame,0.0,2412.6
3446,freegame,0.0,648.5
3447,freegame,0.0,547.0
3448,freegame,0.5,697.3
3449,freegame,0.7,710.3
3450,freegame,0.3,93.1
3451,freegame,0.0,572.5
3452,freegame,0.2,842.2
3453,freegame,0.3,614.8
3454,freegame,0.0,194.2
3455,freegame,0.0,2362.5
3456,freegame,20.0,44.2
3457,freegame,0.0,3254.5
3458,freegame,0.0,1074.7
3459,freegame,0.0,288.4
3460,freegame,0.0,5000
3461,freegame,0.0,845.6
3462,freegame,0.0,802.7
3463,freegame,0.3,1324.7
3464,freegame,0.7,1307.9
3465,freegame,0.0,1692.4
3466,freegame,0.0,1577.9
3467,freegame,3.3,140.5
3468,freegame,0.0,1960.8
3469,freegame,3.0,181.2
3470,freegame,0.0,373.3
3471,freegame,0.0,311.5
3472,freegame,2.0,533.0
3473,freegame,0.0,150.6
3474,freegame,0.0,341.8
3475,freegame,0.4,337.5
3476,freegame,0.2,5000
3477,freegame,73.0,447.1
3478,freegame,0.0,569.0
3479,freegame,0.0,497.1
3480,freegame,0.0,106.4
3481,freegame,0.0,40.5
3482,freegame,0.0,1363.8
3483,freegame,0.0,771.1
3484,freegame,0.1,158.3
3485,freegame,0.0,1005.2
3486,freegame,6.4,307.5
3487,freegame,0.0,1236.8
3488,freegame,0.4,1034.6
3489,freegame,0.0,162.1
3490,freegame,0.2,45.0
3491,freegame,0.0,162.3
3492,freegame,0.0,60.2
3493,freegame,0.0,459.8
3494,freegame,0.3,266.4
3495,freegame,0.5,403.2
3496,freegame,0.0,443.7
3497,freegame,0.0,941.3
3498,freegame,0.0,4400.6
3499,freegame,0.3,1710.0
3500,freegame,0.0,1648.4
3501,freegame,0.0,246.1
3502,freegame,0.0,884.3
3503,freegame,0.0,1890.0
3504,freegame,0.6,821.5
3505,freegame,0.1,482.1
3506,freegame,10.0,2491.5
3507,freegame,0.4,778.2
3508,freegame,3.0,293.5
3509,freegame,0.0,652.7
3510,freegame,0.0,358.6
3511,freegame,0.0,537.2
3512,freegame,0.0,773.8
3513,freegame,0.0,395.8
3514,freegame,0.2,114.4
3515,freegame,3.0,657.5
3516,freegame,0.0,708.7
3517,freegame,0.0,649.4
3518,freegame,0.0,1590.0
3519,freegame,0.0,374.6
3520,freegame,0.0,570.0
3521,freegame,0.0,1732.9
3522,wincap,0.2,5000
3523,freegame,0.0,55.8
3524,freegame,0.0,5000
3525,freegame,0.0,317.6
3526,freegame,0.0,952.8
3527,freegame,0.1,3474.5
3528,freegame,0.0,1762.6
3529,freegame,0.4,3032.7
3530,freegame,0.0,44.9
3531,freegame,0.1,2455.0
3532,freegame,0.4,357.6
3533,wincap,0.0,5000
3534,freegame,0.0,5000
3535,freegame,0.0,424.4
3536,freegame,0.0,1262.2
3537,freegame,0.0,712.9
3538,freegame,0.0,362.4
3539,freegame,0.0,257.7
3540,freegame,0.4,1067.3
3541,freegame,0.0,74.6
3542,freegame,0.1,4591.5
3543,freegame,0.0,902.6
3544,freegame,0.7,122.7
3545,freegame,0.6,1367.6
3546,freegame,0.2,203.6
3547,freegame,0.4,10.1
3548,freegame,0.0,1456.4
3549,freegame,0.0,261.6
3550,freegame,0.0,1201.5
3551,freegame,0.0,1020.8
3552,freegame,0.0,3852.8
3553,freegame,1.0,2940.5
3554,freegame,0.0,1195.1
3555,freegame,0.5,758.2
3556,freegame,0.0,765.0
3557,freegame,0.0,1759.1
3558,freegame,0.0,7.3
3559,freegame,0.5,114.6
3560,freegame,0.0,290.1
3561,freegame,0.0,103.7
3562,freegame,0.0,92.8
3563,freegame,0.0,360.2
3564,freegame,0.0,538.1
3565,freegame,0.0,553.7
3566,freegame,0.0,177.6
3567,freegame,0.0,36.4
3568,freegame,0.6,163.2
3569,freegame,0.0,902.4
3570,freegame,0.0,2489.2
3571,freegame,0.0,748.1
3572,freegame,1.8,1126.9
3573,freegame,0.0,720.2
3574,freegame,0.0,547.1
3575,freegame,0.0,704.8
3576,freegame,1.1,665.0
3577,freegame,0.0,203.8
3578,freegame,0.0,927.3
3579,freegame,0.2,320.8
3580,freegame,0.0,221.7
3581,freegame,0.0,4032.0
3582,freegame,2.3,746.9
3583,freegame,0.0,727.1
3584,freegame,0.0,194.8
3585,freegame,0.0,2469.1
3586,freegame,0.0,123.8
3587,freegame,0.0,40.9
3588,freegame,0.0,239.1
3589,freegame,0.0,1167.4
3590,freegame,0.0,1819.2
3591,freegame,0.0,3499.1
3592,freegame,0.0,100.9
3593,freegame,0.2,2144.8
3594,freegame,0.0,4356.5
3595,freegame,0.6,556.3
3596,freegame,0.0,1651.0
3597,freegame,20.5,175.3
3598,freegame,0.0,2057.3
3599,freegame,0.4,919.0
3600,freegame,0.0,1779.2
3601,freegame,0.0,455.5
3602,freegame,0.0,69.1
3603,freegame,0.0,3452.3
3604,freegame,0.1,18.1
3605,freegame,0.0,505.1
3606,freegame,0.0,17.5
3607,freegame,0.0,322.6
3608,freegame,0.2,2123.2
3609,freegame,0.0,90.5
3610,freegame,0.0,741.6
3611,freegame,1.0,314.9
3612,freegame,3.8,81.2
3613,freegame,1.5,898.3
3614,freegame,0.0,11.8
3615,freegame,0.0,3279.5
3616,freegame,0.5,1471.1
3617,freegame,0.0,459.6
3618,freegame,1.2,897.3
3619,freegame,0.0,193.1
3620,freegame,0.0,534.3
3621,freegame,0.6,858.7
3622,freegame,1.0,1442.2
3623,freegame,0.2,1196.6
3624,freegame,0.0,1841.7
3625,freegame,0.0,19.1
3626,freegame,0.5,569.3
3627,freegame,0.1,1295.7
3628,freegame,0.4,3193.5
3629,freegame,0.4,1835.5
3630,freegame,0.0,2352.2
3631,freegame,0.2,466.2
3632,freegame,3.0,109.4
3633,freegame,0.0,62.3
3634,wincap,0.0,5000
3635,freegame,0.0,182.7
3636,freegame,0.0,644.4
3637,freegame,0.3,2485.0
3638,freegame,0.0,479.1
3639,freegame,0.5,12.7
3640,freegame,0.0,52.3
3641,freegame,0.0,372.3
3642,freegame,0.0,224.8
3643,freegame,0.2,462.0
3644,freegame,0.0,523.8
3645,freegame,0.0,5000
3646,freegame,0.0,103.8
3647,freegame,0.0,113.2
3648,wincap,0.0,5000
3649,freegame,0.6,294.5
3650,freegame,0.0,3005.7
3651,freegame,0.0,609.6
3652,freegame,0.0,457.9
3653,freegame,0.0,240.2
3654,freegame,0.0,780.6
3655,freegame,0.0,4.2
3656,freegame,2.4,217.9
3657,freegame,0.0,679.3
3658,freegame,0.3,221.4
3659,freegame,0.0,3149.3
3660,freegame,1.7,1783.0
3661,freegame,0.0,669.4
3662,freegame,0.0,35.6
3663,freegame,0.4,3519.7
3664,freegame,0.2,1238.8
3665,freegame,0.0,1128.8
3666,freegame,0.0,2913.6
3667,freegame,0.0,528.3
3668,freegame,0.6,516.5
3669,freegame,0.0,869.4
3670,freegame,0.1,1087.5
3671,freegame,0.6,170.7
3672,freegame,0.0,73.3
3673,freegame,0.1,296.1
3674,freegame,0.0,1340.6
3675,freegame,0.0,627.8
3676,freegame,0.2,539.1
3677,freegame,0.0,2299.2
3678,freegame,0.0,35.1
3679,freegame,0.0,357.2
3680,freegame,0.2,5.6
3681,freegame,1.4,1798.7
3682,freegame,0.0,434.1
3683,freegame,0.0,1617.2
3684,freegame,0.0,819.3
3685,freegame,0.0,37.3
3686,freegame,0.5,951.3
3687,freegame,0.0,988.5
3688,freegame,0.0,157.7
3689,freegame,4.6,0.0
3690,freegame,0.0,418.6
3691,freegame,0.0,513.6
3692,freegame,1.0,289.8
3693,freegame,0.0,5000
3694,freegame,0.0,1136.2
3695,freegame,0.0,2773.4
3696,freegame,0.0,23.0
3697,freegame,0.0,5000
3698,freegame,0.0,7.7
3699,freegame,0.0,379.5
3700,freegame,0.0,419.7
3701,freegame,0.0,2038.4
3702,freegame,0.0,211.7
3703,freegame,1.3,1580.2
3704,freegame,0.0,346.1
3705,freegame,1.0,283.4
3706,freegame,0.0,919.7
3707,freegame,0.0,535.7
3708,freegame,0.0,376.2
3709,wincap,0.2,5000
3710,freegame,0.4,1666.0
3711,freegame,0.0,390.8
3712,freegame,0.2,815.0
3713,freegame,0.2,5000
3714,freegame,0.0,2879.6
3715,freegame,0.9,1059.8
3716,freegame,0.0,323.9
3717,freegame,0.6,558.7
3718,freegame,0.0,241.5
3719,freegame,4.2,519.0
3720,freegame,0.0,687.2
3721,freegame,0.0,308.7
3722,freegame,0.0,2788.3
3723,freegame,1.1,4015.4
3724,freegame,0.0,239.0
3725,freegame,0.0,261.9
3726,freegame,0.0,2869.4
3727,freegame,0.0,864.1
3728,freegame,0.0,3142.5
3729,freegame,1.9,32.1
3730,freegame,0.3,255.8
3731,freegame,0.0,676.9
3732,freegame,0.0,5000
3733,freegame,0.0,353.3
3734,freegame,0.0,1013.6
3735,freegame,0.0,157.4
3736,freegame,0.0,366.7
3737,freegame,0.0,1426.9
3738,freegame,0.0,900.6
3739,freegame,0.0,743.2
3740,freegame,0.0,973.5
3741,freegame,0.2,1178.2
3742,freegame,0.0,87.3
3743,freegame,0.0,1049.3
3744,wincap,0.2,5000
3745,freegame,0.7,942.6
3746,freegame,0.0,498.3
3747,freegame,0.0,973.9
3748,freegame,0.7,1787.6
3749,freegame,0.0,335.9
3750,freegame,0.0,1693.3
3751,freegame,0.0,321.1
3752,freegame,0.0,2046.8
3753,freegame,0.0,2834.6
3754,freegame,0.0,194.8
3755,freegame,0.0,47.2
3756,freegame,1.0,1452.1
3757,freegame,0.0,2048.4
3758,freegame,0.0,200.8
3759,freegame,0.0,69.8
3760,freegame,0.5,588.3
3761,freegame,0.0,1807.3
3762,freegame,0.0,1297.7
3763,freegame,0.0,5000
3764,freegame,0.0,589.8
3765,freegame,0.4,868.9
3766,freegame,0.0,1054.8
3767,freegame,0.0,1551.6
3768,freegame,0.0,2933.4
3769,freegame,0.0,233.7
3770,freegame,0.0,65.6
3771,freegame,0.0,826.2
3772,freegame,0.0,554.8
3773,freegame,0.0,598.3
3774,wincap,1.0,5000
3775,freegame,14.0,426.4
3776,freegame,0.0,280.2
3777,freegame,0.0,3158.3
3778,freegame,3.0,616.5
3779,freegame,0.0,2309.0
3780,freegame,0.0,263.7
3781,freegame,0.3,1766.4
3782,freegame,0.0,1254.5
3783,freegame,0.0,686.8
3784,freegame,0.3,1259.9
3785,freegame,0.0,4633.8
3786,freegame,0.3,4241.7
3787,freegame,0.1,5000
3788,freegame,0.3,769.9
3789,freegame,0.0,434.8
3790,freegame,0.0,2267.7
3791,freegame,0.3,107.5
3792,freegame,0.0,869.6
3793,freegame,0.6,4437.3
3794,freegame,0.0,1400.2
3795,freegame,0.1,4329.9
3796,freegame,0.2,2578.5
3797,freegame,0.0,1689.2
3798,freegame,0.0,1493.8
3799,freegame,0.0,163.4
3800,freegame,0.0,2230.6
3801,freegame,0.0,1503.8
3802,freegame,0.0,224.3
3803,freegame,0.0,2077.8
3804,freegame,0.0,1560.4
3805,freegame,0.6,176.8
3806,freegame,0.0,2264.7
3807,freegame,0.0,2476.6
3808,freegame,0.0,205.4
3809,freegame,0.0,99.2
3810,freegame,0.3,1404.3
3811,freegame,0.0,287.8
3812,freegame,0.6,1047.6
3813,freegame,0.0,598.2
3814,freegame,0.7,1145.5
3815,freegame,2.9,499.5
3816,freegame,0.0,298.0
3817,freegame,0.0,1580.9
3818,wincap,0.0,5000
3819,freegame,0.1,812.5
3820,freegame,0.0,2246.7
3821,freegame,0.0,96.0
3822,freegame,0.0,593.3
3823,freegame,0.4,474.9
3824,freegame,0.0,4903.4
3825,freegame,0.0,283.0
3826,freegame,0.0,243.9
3827,freegame,1.4,272.7
3828,freegame,0.3,349.5
3829,freegame,0.0,749.2
3830,freegame,0.0,565.1
3831,freegame,0.0,38.2
3832,freegame,0.5,4902.8
3833,freegame,0.9,436.6
3834,freegame,0.0,2006.8
3835,freegame,0.0,2014.8
3836,freegame,0.0,1859.7
3837,freegame,1.0,133.2
3838,freegame,0.0,595.3
3839,freegame,0.0,613.4
3840,freegame,0.0,497.5
3841,freegame,0.3,634.4
3842,freegame,0.1,1382.2
3843,freegame,0.0,1031.1
3844,freegame,0.0,2441.9
3845,freegame,0.4,2658.2
3846,freegame,0.0,320.6
3847,freegame,0.0,2699.4
3848,freegame,0.0,1166.9
3849,freegame,0.0,658.1
3850,freegame,0.0,608.3
3851,freegame,0.0,5000
3852,freegame,0.4,1057.6
3853,freegame,0.0,3053.9
3854,freegame,0.3,388.2
3855,freegame,0.0,181.6
3856,freegame,0.0,44.3
3857,freegame,0.0,881.6
3858,freegame,0.0,94.7
3859,freegame,0.0,847.3
3860,freegame,0.5,318.5
3861,freegame,0.0,145.9
3862,freegame,0.0,1190.0
3863,freegame,0.0,388.8
3864,freegame,0.0,47.5
3865,freegame,0.0,504.6
3866,freegame,0.0,471.9
3867,freegame,0.0,1566.2
3868,freegame,0.0,868.0
3869,freegame,0.0,104.6
3870,freegame,0.0,1638.7
3871,freegame,0.0,389.3
3872,freegame,0.0,21.1
3873,freegame,0.4,2063.9
3874,freegame,0.0,103.5
3875,freegame,0.0,283.8
3876,freegame,0.0,816.3
3877,freegame,0.0,680.3
3878,freegame,0.0,1264.7
3879,freegame,0.2,279.2
3880,freegame,0.0,292.0
3881,freegame,0.0,52.5
3882,freegame,0.0,101.2
3883,freegame,0.0,1342.0
3884,freegame,0.4,1232.1
3885,freegame,0.6,491.3
3886,freegame,0.0,185.2
3887,freegame,0.0,1480.1
3888,freegame,0.4,408.5
3889,freegame,0.0,420.4
3890,freegame,0.0,121.8
3891,freegame,0.0,418.2
3892,freegame,0.0,3892.5
3893,freegame,0.0,2040.7
3894,freegame,0.0,359.3
3895,freegame,0.0,836.8
3896,freegame,0.0,1105.0
3897,wincap,0.0,5000
3898,freegame,0.0,2480.4
3899,freegame,0.0,348.0
3900,freegame,1.1,654.2
3901,freegame,0.0,124.3
3902,freegame,0.0,347.9
3903,wincap,0.0,5000
3904,freegame,0.0,202.4
3905,freegame,0.1,3753.6
3906,freegame,0.0,894.4
3907,freegame,0.2,550.3
3908,freegame,0.0,154.6
3909,freegame,2.1,3321.3
3910,freegame,0.0,274.2
3911,freegame,0.2,225.0
3912,freegame,0.0,99.5
3913,freegame,0.3,377.4
3914,freegame,0.0,1201.9
3915,freegame,1.0,227.2
3916,freegame,0.0,1210.7
3917,freegame,0.0,42.8
3918,freegame,4.2,1342.8
3919,freegame,0.0,4118.5
3920,freegame,0.2,142.3
3921,freegame,0.1,1297.3
3922,freegame,0.0,958.1
3923,wincap,1.0,5000
3924,freegame,0.0,126.2
3925,freegame,0.0,872.7
3926,freegame,0.0,808.8
3927,freegame,1.0,806.7
3928,freegame,0.0,5000
3929,freegame,0.3,768.6
3930,freegame,0.0,1288.0
3931,freegame,0.0,194.9
3932,freegame,0.3,1936.4
3933,freegame,0.5,5000
3934,freegame,0.0,2315.0
3935,freegame,0.0,3178.4
3936,freegame,0.0,1401.5
3937,freegame,0.6,43.3
3938,freegame,0.6,226.8
3939,freegame,1.6,756.3
3940,freegame,0.2,465.8
3941,freegame,0.6,312.2
3942,freegame,0.1,928.4
3943,freegame,0.0,689.2
3944,freegame,0.0,1609.1
3945,freegame,0.1,2606.7
3946,freegame,0.0,5000
3947,freegame,0.1,1449.5
3948,freegame,0.0,4622.6
3949,freegame,0.0,295.7
3950,freegame,0.0,2331.4
3951,freegame,0.0,910.1
3952,freegame,13.0,172.3
3953,freegame,0.0,1179.9
3954,freegame,0.0,181.1
3955,freegame,0.0,2209.3
3956,freegame,0.0,292.3
3957,freegame,10.0,973.2
3958,freegame,0.0,1931.4
3959,freegame,0.0,163.4
3960,freegame,0.0,5000
3961,freegame,0.2,487.6
3962,freegame,0.7,5000
3963,freegame,0.1,2599.8
3964,freegame,0.0,2143.6
3965,freegame,0.0,987.2
3966,freegame,0.0,493.0
3967,freegame,0.1,2101.0
3968,freegame,0.0,953.9
3969,freegame,0.0,202.0
3970,freegame,0.0,411.6
3971,freegame,0.0,750.3
3972,freegame,0.6,586.4
3973,freegame,0.0,492.0
3974,freegame,0.2,2343.1
3975,freegame,0.0,1645.5
3976,freegame,0.9,89.4
3977,freegame,0.0,883.0
3978,freegame,0.0,1982.2
3979,freegame,0.0,302.5
3980,freegame,0.0,1052.1
3981,freegame,0.0,1692.5
3982,freegame,0.0,984.0
3983,freegame,0.0,141.5
3984,freegame,0.0,329.0
3985,freegame,0.0,155.6
3986,freegame,0.0,748.5
3987,freegame,0.0,270.7
3988,freegame,0.0,971.6
3989,freegame,0.0,10.7
3990,freegame,0.0,3587.0
3991,freegame,2.2,1307.4
3992,freegame,0.0,215.1
3993,freegame,0.0,2303.1
3994,freegame,0.0,139.7
3995,freegame,0.0,64.6
3996,freegame,0.8,1067.8
3997,freegame,0.0,1357.7
3998,freegame,0.0,25.1
3999,freegame,0.0,1777.9
4000,freegame,0.0,1314.8
4001,freegame,0.0,959.6
4002,freegame,0.1,1317.9
4003,freegame,0.0,1452.3
4004,freegame,0.6,263.9
4005,freegame,2.0,2433.4
4006,freegame,0.1,195.0
4007,freegame,0.0,483.3
4008,freegame,0.0,430.0
4009,freegame,0.0,582.7
4010,freegame,0.0,2561.5
4011,freegame,0.0,1070.2
4012,freegame,0.0,445.8
4013,freegame,0.3,5000
4014,freegame,0.1,308.0
4015,freegame,0.0,1229.8
4016,freegame,0.1,3219.0
4017,freegame,0.5,721.2
4018,freegame,1.0,81.6
4019,freegame,0.0,591.0
4020,freegame,0.1,2629.4
4021,freegame,0.0,442.1
4022,freegame,0.0,3.8
4023,freegame,0.0,708.5
4024,freegame,0.1,358.5
4025,freegame,0.9,314.1
4026,freegame,0.1,534.7
4027,freegame,0.0,123.9
4028,freegame,0.0,975.1
4029,freegame,0.0,580.6
4030,freegame,0.0,769.8
4031,freegame,0.0,2212.8
4032,freegame,0.0,833.6
4033,freegame,0.0,5000
4034,freegame,0.0,1148.2
4035,freegame,0.0,286.2
4036,freegame,0.3,273.4
4037,freegame,1.0,714.4
4038,wincap,0.5,5000
4039,freegame,0.0,542.2
4040,freegame,9.4,57.9
4041,freegame,0.0,58.7
4042,freegame,0.0,561.7
4043,freegame,2.1,265.1
4044,freegame,0.5,970.7
4045,freegame,0.7,528.1
4046,freegame,0.7,161.2
4047,freegame,0.0,1302.5
4048,freegame,0.6,857.3
4049,freegame,0.0,546.8
4050,wincap,0.0,5000
4051,freegame,0.0,1195.7
4052,freegame,0.4,126.7
4053,freegame,0.0,739.4
4054,freegame,0.0,2276.3
4055,freegame,0.0,485.6
4056,freegame,0.0,309.2
4057,freegame,0.0,4935.9
4058,freegame,0.0,1020.7
4059,freegame,0.0,324.7
4060,freegame,0.0,2026.8
4061,freegame,0.0,635.6
4062,freegame,2.0,2076.2
4063,freegame,0.0,2742.3
4064,freegame,0.3,967.4
4065,freegame,0.0,1571.3
4066,freegame,0.5,4575.7
4067,freegame,10.0,1158.5
4068,freegame,0.0,2429.0
4069,freegame,0.0,1329.7
4070,freegame,0.0,342.7
4071,freegame,0.0,119.6
4072,freegame,0.0,1014.3
4073,freegame,0.0,602.1
4074,freegame,0.0,477.7
4075,freegame,10.0,656.1
4076,freegame,0.0,1632.7
4077,freegame,0.0,926.6
4078,freegame,0.4,560.8
4079,freegame,0.0,1552.2
4080,freegame,0.0,409.8
4081,freegame,0.0,985.1
4082,freegame,0.5,1068.0
4083,freegame,2.1,1580.7
4084,freegame,0.0,328.7
4085,freegame,1.4,102.1
4086,freegame,0.0,20.0
4087,freegame,0.0,343.6
4088,freegame,0.0,5000
4089,freegame,0.0,50.3
4090,freegame,0.0,405.7
4091,freegame,0.0,2121.2
4092,freegame,0.0,4623.9
4093,freegame,0.0,571.8
4094,freegame,0.0,808.2
4095,freegame,0.0,2675.7
4096,freegame,0.0,465.8
4097,freegame,0.0,2943.3
4098,freegame,1.1,1202.4
4099,freegame,0.0,258.9
4100,freegame,0.0,697.3
4101,freegame,0.0,360.6
4102,freegame,0.0,2266.0
4103,freegame,0.0,651.6
4104,freegame,0.0,1365.3
4105,freegame,0.3,500.7
4106,freegame,0.0,358.2
4107,freegame,0.0,104.3
4108,freegame,0.0,786.4
4109,freegame,0.0,881.2
4110,freegame,0.0,2605.8
4111,freegame,0.0,1059.0
4112,freegame,0.1,218.8
4113,freegame,0.0,2163.0
4114,freegame,9.6,1140.0
4115,freegame,0.6,62.0
4116,freegame,0.0,2884.6
4117,freegame,0.5,664.4
4118,freegame,0.0,189.0
4119,freegame,0.0,475.4
4120,freegame,0.0,878.0
4121,freegame,0.0,187.3
4122,freegame,0.0,3991.1
4123,freegame,0.0,123.9
4124,freegame,3.5,1285.2
4125,freegame,0.0,2690.8
4126,freegame,0.6,2020.3
4127,freegame,0.0,141.3
4128,freegame,0.0,224.3
4129,freegame,0.0,238.5
4130,freegame,0.0,705.7
4131,freegame,0.1,468.8
4132,freegame,0.0,624.6
4133,freegame,0.0,672.4
4134,freegame,0.0,2255.5
4135,freegame,0.0,1026.6
4136,freegame,0.0,450.0
4137,freegame,0.0,797.1
4138,freegame,0.0,289.8
4139,freegame,0.0,24.7
4140,freegame,0.2,874.3
4141,freegame,2.3,795.2
4142,freegame,0.0,610.5
4143,freegame,0.0,1111.9
4144,freegame,0.0,1148.6
4145,freegame,0.0,1509.0
4146,freegame,0.0,5000
4147,freegame,0.9,30.6
4148,freegame,0.4,724.0
4149,freegame,23.5,357.8
4150,freegame,0.0,1030.9
4151,freegame,0.0,81.0
4152,freegame,2.0,27.0
4153,freegame,0.0,117.1
4154,freegame,0.0,520.0
4155,freegame,0.0,931.3
4156,freegame,0.0,1771.8
4157,freegame,0.4,292.3
4158,freegame,0.5,144.8
4159,freegame,0.7,177.5
4160,freegame,0.3,578.8
4161,freegame,0.3,496.1
4162,freegame,0.0,796.0
4163,freegame,6.7,757.7
4164,freegame,0.0,884.2
4165,freegame,0.0,1310.9
4166,freegame,0.3,151.5
4167,freegame,0.0,310.7
4168,freegame,0.0,47.1
4169,freegame,0.0,97.1
4170,freegame,0.0,526.9
4171,freegame,0.0,925.7
4172,freegame,3.2,8.2
4173,freegame,0.0,3310.6
4174,freegame,0.0,1420.9
4175,freegame,0.4,5000
4176,freegame,0.3,293.4
4177,freegame,0.0,483.7
4178,freegame,0.0,372.5
4179,freegame,0.0,1925.2
4180,freegame,0.1,3678.3
4181,freegame,0.0,229.4
4182,freegame,0.0,342.1
4183,freegame,0.0,668.6
4184,freegame,0.0,4.2
4185,freegame,6.0,1005.2
4186,freegame,0.3,487.2
4187,freegame,0.0,928.5
4188,freegame,0.0,2074.2
4189,freegame,0.2,3812.1
4190,freegame,0.0,1015.8
4191,freegame,0.2,783.2
4192,freegame,0.0,529.9
4193,freegame,0.0,949.7
4194,freegame,0.0,586.2
4195,freegame,0.0,471.3
4196,freegame,0.0,1106.5
4197,freegame,0.0,26.9
4198,freegame,3.0,426.2
4199,freegame,0.0,1020.7
4200,freegame,0.0,1471.8
4201,freegame,0.0,408.9
4202,freegame,0.2,360.0
4203,freegame,0.4,339.5
4204,freegame,0.0,502.5
4205,freegame,0.0,5000
4206,freegame,0.0,4497.5
4207,freegame,0.4,1254.6
4208,freegame,0.0,582.8
4209,freegame,0.0,67.7
4210,freegame,0.7,98.5
4211,freegame,0.0,1907.1
4212,freegame,0.0,50.1
4213,freegame,0.0,1491.9
4214,freegame,0.0,622.4
4215,freegame,0.0,5000
4216,freegame,0.0,92.6
4217,freegame,0.9,85.6
4218,freegame,0.0,3918.8
4219,freegame,0.3,3880.7
4220,freegame,0.2,1181.9
4221,freegame,3.0,760.2
4222,freegame,0.0,321.9
4223,freegame,0.0,228.3
4224,freegame,0.0,1041.8
4225,freegame,0.0,8.3
4226,freegame,0.0,106.1
4227,freegame,0.0,223.8
4228,freegame,0.0,948.8
4229,freegame,0.0,214.8
4230,freegame,0.0,2358.2
4231,freegame,0.6,2635.2
4232,freegame,0.0,67.3
4233,freegame,0.0,2668.3
4234,freegame,0.2,1819.9
4235,freegame,0.1,724.7
4236,freegame,0.0,150.8
4237,freegame,0.6,730.2
4238,freegame,0.0,788.6
4239,freegame,0.0,1501.7
4240,freegame,0.0,135.5
4241,freegame,0.0,289.4
4242,freegame,0.0,156.9
4243,freegame,0.0,358.4
4244,freegame,0.0,1495.8
4245,freegame,0.0,381.9
4246,freegame,0.0,805.1
4247,freegame,0.6,1788.5
4248,freegame,1.0,630.0
4249,freegame,0.0,251.2
4250,freegame,0.3,330.0
4251,freegame,0.3,2211.3
4252,freegame,0.0,2318.4
4253,freegame,0.5,141.0
4254,freegame,0.0,1189.5
4255,freegame,0.3,1621.2
4256,freegame,0.0,875.8
4257,freegame,0.0,221.0
4258,freegame,0.0,671.8
4259,freegame,3.0,1131.0
4260,freegame,0.0,505.7
4261,freegame,0.0,385.7
4262,freegame,0.0,113.7
4263,freegame,0.0,1122.3
4264,freegame,0.2,1253.9
4265,freegame,0.1,4741.6
4266,freegame,0.0,513.9
4267,wincap,0.0,5000
4268,freegame,0.0,212.7
4269,freegame,0.2,235.8
4270,freegame,2.3,1362.2
4271,freegame,0.0,637.3
4272,freegame,0.0,152.0
4273,freegame,0.0,980.4
4274,freegame,0.2,3496.8
4275,freegame,0.0,1483.9
4276,freegame,0.0,1642.8
4277,freegame,0.0,2701.1
4278,freegame,0.0,436.5
4279,freegame,0.3,1650.7
4280,freegame,0.0,909.5
4281,freegame,0.6,3342.6
4282,freegame,0.0,1727.8
4283,freegame,4.8,181.8
4284,freegame,7.5,1675.4
4285,freegame,0.6,1552.9
4286,freegame,0.0,386.3
4287,freegame,0.0,1377.1
4288,freegame,0.7,637.6
4289,freegame,0.0,55.3
4290,freegame,0.1,208.0
4291,freegame,0.0,561.0
4292,freegame,0.9,261.8
4293,freegame,0.0,407.0
4294,freegame,0.0,827.5
4295,freegame,0.0,988.0
4296,freegame,0.0,2364.0
4297,freegame,0.0,1785.9
4298,freegame,0.0,726.7
4299,freegame,0.0,577.3
4300,freegame,0.0,445.3
4301,freegame,0.0,852.9
4302,freegame,0.6,870.3
4303,freegame,0.3,313.4
4304,freegame,0.0,1908.1
4305,freegame,0.0,790.6
4306,freegame,0.0,319.9
4307,freegame,0.0,5000
4308,freegame,0.0,176.0
4309,freegame,0.6,220.8
4310,freegame,0.2,331.0
4311,freegame,0.2,1562.9
4312,freegame,0.0,416.5
4313,freegame,0.0,705.4
4314,freegame,0.1,2157.6
4315,freegame,0.0,118.6
4316,freegame,0.0,1099.0
4317,freegame,0.0,114.5
4318,freegame,0.0,1270.5
4319,wincap,0.0,5000
4320,freegame,3.3,382.4
4321,freegame,0.0,908.3
4322,freegame,0.0,753.8
4323,freegame,0.6,2051.2
4324,freegame,0.0,102.2
4325,freegame,0.0,475.2
4326,freegame,0.1,337.6
4327,freegame,0.0,939.8
4328,freegame,0.0,128.2
4329,freegame,0.0,539.4
4330,freegame,0.3,1088.4
4331,freegame,0.0,2951.4
4332,freegame,0.0,2322.9
4333,freegame,0.0,429.2
4334,freegame,9.0,35.4
4335,freegame,0.1,253.3
4336,freegame,0.0,125.0
4337,freegame,0.6,247.9
4338,freegame,0.2,543.2
4339,freegame,0.4,613.2
4340,freegame,0.0,712.7
4341,freegame,0.0,1413.3
4342,freegame,0.0,144.5
4343,freegame,0.0,469.6
4344,freegame,0.0,22.9
4345,freegame,0.0,62.3
4346,freegame,0.0,2319.7
4347,freegame,0.1,293.1
4348,freegame,0.0,950.5
4349,freegame,0.0,1006.7
4350,freegame,0.0,4086.3
4351,freegame,0.0,1066.4
4352,freegame,0.3,1173.8
4353,freegame,0.0,390.6
4354,freegame,0.0,3118.3
4355,freegame,15.0,396.6
4356,freegame,0.0,119.2
4357,freegame,0.0,961.7
4358,freegame,2.4,1359.1
4359,freegame,1.1,810.5
4360,freegame,0.0,283.1
4361,freegame,1.0,664.8
4362,freegame,0.0,2598.9
4363,freegame,0.5,27.4
4364,freegame,0.0,1390.0
4365,freegame,0.0,385.0
4366,freegame,0.0,186.4
4367,freegame,0.0,1462.0
4368,freegame,0.0,1310.3
4369,freegame,0.0,1173.6
4370,freegame,0.0,1169.4
4371,freegame,0.0,3177.2
4372,freegame,0.0,63.0
4373,freegame,0.0,158.2
4374,freegame,1.0,703.2
4375,freegame,0.0,5000
4376,freegame,0.0,279.2
4377,freegame,0.0,922.4
4378,freegame,0.0,53.4
4379,freegame,0.0,1119.4
4380,freegame,0.0,923.6
4381,freegame,0.9,751.9
4382,freegame,0.4,1592.9
4383,freegame,0.2,2455.1
4384,freegame,0.2,1768.4
4385,freegame,0.4,435.1
4386,freegame,0.0,307.8
4387,freegame,1.2,594.0
4388,freegame,0.0,148.6
4389,freegame,0.0,1688.7
4390,freegame,0.0,1407.1
4391,freegame,0.2,2099.3
4392,freegame,0.0,515.3
4393,freegame,0.1,5000
4394,freegame,0.6,48.6
4395,freegame,0.2,943.3
4396,freegame,0.0,2852.7
4397,freegame,0.0,837.2
4398,freegame,0.0,50.9
4399,freegame,0.1,90.0
4400,freegame,0.6,103.3
4401,freegame,0.0,997.4
4402,freegame,0.0,579.3
4403,freegame,0.2,862.4
4404,freegame,0.0,2225.3
4405,freegame,0.0,369.7
4406,freegame,0.0,776.8
4407,freegame,0.0,934.9
4408,freegame,0.0,1152.4
4409,freegame,0.0,38.7
4410,freegame,0.0,589.2
4411,freegame,0.3,1289.0
4412,freegame,0.0,468.6
4413,freegame,0.0,4059.6
4414,freegame,0.2,382.3
4415,freegame,0.0,1313.5
4416,freegame,0.0,2744.5
4417,freegame,0.0,813.0
4418,freegame,0.0,353.2
4419,freegame,0.0,1601.2
4420,freegame,0.2,312.8
4421,freegame,0.0,2434.9
4422,freegame,0.0,584.9
4423,freegame,0.0,40.9
4424,freegame,0.3,1505.8
4425,freegame,0.0,399.8
4426,freegame,0.2,248.7
4427,freegame,0.0,396.6
4428,freegame,0.1,2594.7
4429,freegame,0.0,750.7
4430,freegame,0.0,8.9
4431,freegame,0.2,64.4
4432,freegame,0.0,431.0
4433,freegame,0.0,520.8
4434,freegame,0.0,935.9
4435,freegame,0.2,1436.9
4436,freegame,0.0,638.3
4437,freegame,0.0,2441.8
4438,freegame,0.0,21.0
4439,freegame,0.0,1511.9
4440,freegame,0.2,673.8
4441,freegame,1.0,1023.6
4442,freegame,0.0,4703.4
4443,freegame,0.2,733.5
4444,freegame,0.0,2540.0
4445,freegame,0.4,1798.7
4446,freegame,0.0,887.5
4447,freegame,0.0,764.9
4448,freegame,0.2,275.1
4449,freegame,0.0,1277.8
4450,freegame,0.0,1340.8
4451,freegame,0.0,716.3
4452,freegame,0.0,433.5
4453,freegame,0.2,195.1
4454,freegame,0.1,816.2
4455,freegame,0.0,1288.3
4456,freegame,0.0,3185.8
4457,freegame,0.0,1777.9
4458,freegame,0.0,1168.5
4459,freegame,0.0,321.2
4460,freegame,0.0,959.9
4461,freegame,0.0,3707.2
4462,freegame,0.0,1169.4
4463,freegame,0.0,488.0
4464,freegame,0.0,96.9
4465,freegame,0.0,3060.6
4466,freegame,0.0,297.2
4467,freegame,0.0,1453.8
4468,freegame,0.3,1421.0
4469,freegame,0.0,133.7
4470,freegame,0.0,1555.7
4471,freegame,0.0,127.3
4472,freegame,0.2,617.2
4473,freegame,0.0,248.8
4474,freegame,0.0,399.0
4475,freegame,0.0,19.0
4476,freegame,0.0,6.8
4477,freegame,0.0,818.6
4478,freegame,0.3,2409.0
4479,freegame,0.2,885.4
4480,freegame,0.0,5000
4481,freegame,0.0,175.8
4482,freegame,0.0,122.2
4483,freegame,0.0,64.0
4484,freegame,0.0,2161.6
4485,freegame,0.0,65.9
4486,freegame,0.0,1691.2
4487,freegame,0.0,190.1
4488,freegame,0.0,2103.9
4489,freegame,0.3,184.3
4490,freegame,0.0,263.1
4491,freegame,0.0,91.5
4492,freegame,0.4,1204.6
4493,freegame,0.0,130.7
4494,freegame,0.0,400.6
4495,freegame,0.3,89.3
4496,freegame,0.0,185.1
4497,freegame,0.4,572.3
4498,freegame,0.0,4791.3
4499,freegame,0.0,45.6
4500,freegame,0.0,545.8
4501,freegame,0.3,252.3
4502,freegame,0.3,5000
4503,freegame,0.0,1172.5
4504,freegame,0.0,616.8
4505,freegame,0.0,409.8
4506,freegame,0.0,968.2
4507,freegame,0.0,56.7
4508,freegame,2.4,2009.6
4509,freegame,0.0,2729.8
4510,freegame,0.0,626.5
4511,freegame,0.0,971.8
4512,freegame,5.0,424.4
4513,freegame,0.3,798.0
4514,freegame,0.0,856.4
4515,freegame,0.0,3782.1
4516,freegame,0.4,1434.6
4517,freegame,0.0,1204.3
4518,freegame,0.0,1457.7
4519,freegame,0.0,528.1
4520,freegame,1.0,482.7
4521,freegame,0.0,897.2
4522,freegame,0.7,323.5
4523,freegame,0.0,266.3
4524,freegame,0.0,120.0
4525,freegame,0.0,261.3
4526,freegame,0.3,305.6
4527,freegame,0.0,463.2
4528,freegame,0.0,505.4
4529,freegame,0.0,977.5
4530,freegame,0.1,1814.2
4531,freegame,0.0,5000
4532,freegame,0.1,339.5
4533,freegame,0.0,57.0
4534,freegame,0.2,3074.5
4535,freegame,0.0,36.1
4536,freegame,1.0,1073.7
4537,freegame,0.4,3086.3
4538,freegame,0.0,143.3
4539,freegame,0.0,609.3
4540,freegame,0.0,316.7
4541,freegame,0.9,3171.5
4542,freegame,1.0,679.9
4543,freegame,0.0,80.0
4544,freegame,0.3,2039.4
4545,freegame,0.0,1011.2
4546,freegame,0.0,3060.5
4547,freegame,0.6,1145.5
4548,freegame,0.0,348.8
4549,freegame,0.0,21.7
4550,freegame,0.0,127.6
4551,freegame,0.0,663.5
4552,freegame,0.0,928.6
4553,freegame,0.0,144.4
4554,freegame,0.1,2086.9
4555,freegame,0.0,1142.6
4556,freegame,0.9,616.6
4557,freegame,0.1,61.5
4558,freegame,2.0,182.0
4559,freegame,0.0,887.0
4560,freegame,0.0,1423.6
4561,freegame,0.0,271.1
4562,freegame,0.0,462.8
4563,freegame,0.0,525.0
4564,freegame,0.0,293.6
4565,freegame,0.0,493.9
4566,freegame,2.4,4036.4
4567,freegame,0.0,1204.6
4568,freegame,0.6,1126.2
4569,freegame,0.0,85.8
4570,freegame,0.0,214.3
4571,freegame,0.0,826.2
4572,freegame,0.1,3045.7
4573,freegame,0.0,2289.6
4574,freegame,0.7,513.7
4575,freegame,0.0,674.3
4576,freegame,0.0,211.6
4577,freegame,0.0,3021.7
4578,freegame,0.0,188.3
4579,freegame,0.5,584.1
4580,freegame,0.0,569.4
4581,freegame,0.0,312.8
4582,freegame,0.0,246.1
4583,freegame,0.3,1548.8
4584,freegame,0.6,687.6
4585,freegame,0.0,112.4
4586,freegame,0.0,504.7
4587,freegame,0.0,235.2
4588,freegame,0.0,583.5
4589,freegame,0.0,682.1
4590,freegame,0.0,816.1
4591,freegame,0.0,359.1
4592,freegame,0.0,146.8
4593,freegame,0.0,1110.7
4594,freegame,3.0,639.8
4595,freegame,0.0,266.7
4596,freegame,0.0,574.5
4597,freegame,0.0,5000
4598,freegame,0.1,2558.2
4599,freegame,0.0,190.9
4600,freegame,0.0,514.9
4601,freegame,0.0,1350.8
4602,freegame,0.1,662.3
4603,freegame,0.0,225.8
4604,freegame,2.2,159.4
4605,freegame,0.0,179.2
4606,freegame,0.0,399.7
4607,freegame,0.0,452.5
4608,freegame,0.0,532.3
4609,freegame,8.0,1606.7
4610,freegame,0.0,46.9
4611,freegame,0.0,270.1
4612,freegame,0.0,316.0
4613,freegame,0.0,654.0
4614,freegame,0.0,2751.3
4615,freegame,0.0,1678.1
4616,freegame,0.0,35.5
4617,freegame,0.2,685.5
4618,freegame,0.0,2198.5
4619,freegame,0.3,2025.0
4620,freegame,0.0,1579.8
4621,freegame,0.0,257.0
4622,freegame,0.2,523.9
4623,freegame,0.0,699.7
4624,freegame,0.0,40.9
4625,freegame,0.0,1203.3
4626,freegame,0.2,129.9
4627,freegame,0.6,43.8
4628,wincap,0.0,5000
4629,freegame,0.0,2999.1
4630,freegame,0.0,509.5
4631,freegame,0.0,1738.8
4632,freegame,0.0,85.0
4633,freegame,0.0,1144.6
4634,freegame,1.0,916.4
4635,freegame,0.0,3148.5
4636,freegame,0.0,3306.2
4637,freegame,0.1,4450.0
4638,freegame,0.0,517.3
4639,freegame,0.0,1060.6
4640,freegame,0.3,269.2
4641,freegame,0.3,741.8
4642,freegame,0.0,487.9
4643,freegame,0.0,444.8
4644,freegame,0.0,1421.4
4645,freegame,0.0,1491.4
4646,freegame,0.0,1819.8
4647,freegame,0.0,109.5
4648,freegame,0.5,16.1
4649,freegame,0.0,623.1
4650,freegame,0.0,1173.6
4651,freegame,0.0,1556.9
4652,freegame,0.0,193.3
4653,freegame,0.0,166.7
4654,freegame,0.4,1229.3
4655,freegame,0.0,3729.5
4656,freegame,0.0,1209.3
4657,freegame,0.0,325.1
4658,freegame,0.2,889.3
4659,freegame,1.3,834.0
4660,freegame,0.6,5000
4661,freegame,0.5,1138.1
4662,freegame,0.4,367.2
4663,freegame,0.0,1160.5
4664,freegame,0.0,822.7
4665,freegame,0.0,667.2
4666,freegame,0.3,307.7
4667,freegame,0.0,289.1
4668,freegame,0.3,158.1
4669,freegame,0.0,1484.8
4670,freegame,0.0,434.4
4671,freegame,0.0,360.9
4672,freegame,0.5,106.0
4673,freegame,1.2,2009.3
4674,freegame,3.0,241.9
4675,freegame,0.8,1581.5
4676,freegame,0.0,716.9
4677,freegame,0.0,971.1
4678,freegame,0.0,2302.1
4679,freegame,0.1,1238.9
4680,freegame,0.0,2615.6
4681,freegame,6.0,479.2
4682,freegame,0.1,1364.2
4683,freegame,0.0,419.8
4684,freegame,0.5,135.4
4685,freegame,0.7,2130.2
4686,freegame,0.0,703.4
4687,freegame,0.0,3886.4
4688,freegame,0.0,333.2
4689,freegame,0.2,71.1
4690,freegame,0.0,170.0
4691,freegame,0.1,52.5
4692,freegame,0.2,773.5
4693,freegame,0.0,416.5
4694,freegame,0.6,3066.7
4695,freegame,3.3,266.8
4696,freegame,0.5,615.4
4697,freegame,6.0,1358.1
4698,freegame,0.0,342.9
4699,freegame,0.0,188.0
4700,freegame,0.0,449.7
4701,freegame,0.0,1723.0
4702,freegame,0.0,154.5
4703,freegame,0.0,963.7
4704,freegame,0.6,69.8
4705,freegame,0.0,3500.7
4706,freegame,0.0,1678.6
4707,freegame,0.0,465.2
4708,freegame,0.0,576.3
4709,freegame,0.0,1683.0
4710,freegame,0.0,218.7
4711,freegame,0.0,736.3
4712,freegame,0.0,335.1
4713,freegame,0.0,2979.1
4714,freegame,0.0,202.0
4715,freegame,0.0,1104.1
4716,freegame,0.0,678.2
4717,freegame,0.0,84.1
4718,freegame,0.2,785.8
4719,freegame,0.0,1260.4
4720,freegame,0.0,221.2
4721,freegame,0.7,243.3
4722,freegame,0.4,223.5
4723,freegame,0.0,416.4
4724,freegame,1.0,5000
4725,freegame,0.0,528.1
4726,freegame,0.4,576.1
4727,freegame,0.8,261.3
4728,freegame,0.0,75.5
4729,freegame,0.0,1389.3
4730,freegame,0.0,888.1
4731,freegame,0.0,210.5
4732,freegame,0.0,3729.2
4733,freegame,0.0,3828.9
4734,freegame,0.0,806.8
4735,freegame,0.0,383.9
4736,freegame,0.0,41.8
4737,freegame,0.0,10.0
4738,freegame,0.0,113.5
4739,freegame,0.0,1395.7
4740,freegame,0.0,417.2
4741,freegame,0.6,162.5
4742,freegame,0.0,1460.0
4743,freegame,0.0,570.3
4744,freegame,0.2,3134.8
4745,freegame,1.4,2906.4
4746,freegame,0.4,1407.5
4747,freegame,0.0,192.6
4748,freegame,0.0,787.1
4749,freegame,0.0,110.3
4750,freegame,0.0,286.6
4751,freegame,0.0,2118.6
4752,freegame,0.0,1388.9
4753,freegame,0.5,644.2
4754,freegame,0.0,1601.0
4755,freegame,0.0,3447.1
4756,freegame,0.0,328.0
4757,freegame,2.0,617.0
4758,freegame,0.3,1072.6
4759,freegame,0.2,638.6
4760,freegame,0.0,941.0
4761,freegame,0.2,380.2
4762,freegame,0.1,492.1
4763,freegame,0.0,5000
4764,freegame,0.0,91.0
4765,freegame,0.1,1142.6
4766,freegame,0.3,1133.2
4767,freegame,0.0,3185.0
4768,freegame,0.0,196.4
4769,freegame,0.0,1683.2
4770,freegame,0.0,881.9
4771,freegame,0.2,5000
4772,freegame,0.6,742.1
4773,freegame,1.0,2263.1
4774,freegame,0.0,38.1
4775,freegame,0.0,802.2
4776,wincap,0.0,5000
4777,freegame,1.1,1502.5
4778,freegame,0.0,5000
4779,freegame,0.0,28.8
4780,freegame,0.0,230.3
4781,freegame,1.7,58.8
4782,freegame,0.0,2411.4
4783,freegame,1.1,36.3
4784,freegame,0.0,688.6
4785,freegame,0.0,962.2
4786,freegame,0.6,887.4
4787,freegame,0.0,1091.0
4788,freegame,0.0,2417.9
4789,freegame,0.0,2612.7
4790,freegame,0.0,151.9
4791,freegame,0.0,548.7
4792,freegame,0.0,197.6
4793,freegame,0.0,5000
4794,freegame,0.0,33.8
4795,freegame,0.0,117.7
4796,freegame,0.0,30.3
4797,freegame,0.0,241.9
4798,freegame,0.0,786.4
4799,freegame,0.1,1229.1
4800,freegame,0.0,75.6
4801,freegame,0.0,1888.7
4802,freegame,0.0,895.5
4803,freegame,0.4,1695.3
4804,freegame,0.6,573.2
4805,freegame,0.7,352.3
4806,freegame,0.0,5000
4807,freegame,1.0,1995.5
4808,freegame,0.0,5000
4809,freegame,0.0,419.9
4810,freegame,0.3,1741.1
4811,freegame,0.0,578.2
4812,freegame,0.0,1422.5
4813,freegame,0.0,2681.5
4814,freegame,0.0,707.3
4815,freegame,0.0,1228.5
4816,freegame,0.0,64.0
4817,freegame,0.0,326.1
4818,freegame,0.2,538.8
4819,freegame,0.0,350.3
4820,freegame,0.0,28.0
4821,freegame,0.0,156.5
4822,freegame,0.0,2012.2
4823,freegame,0.0,316.3
4824,freegame,0.0,289.8
4825,freegame,0.0,4189.0
4826,freegame,0.0,1304.4
4827,freegame,0.2,3593.1
4828,wincap,0.0,5000
4829,freegame,1.4,496.0
4830,freegame,0.6,1025.5
4831,freegame,0.0,308.2
4832,freegame,0.0,3090.5
4833,freegame,9.0,1540.2
4834,freegame,0.2,788.6
4835,freegame,1.8,2262.7
4836,freegame,0.0,245.3
4837,freegame,0.1,79.2
4838,freegame,0.0,34.6
4839,freegame,0.0,934.1
4840,freegame,0.0,184.2
4841,freegame,3.2,280.7
4842,freegame,3.0,1094.9
4843,freegame,0.0,613.5
4844,freegame,0.0,1022.7
4845,freegame,0.0,1877.9
4846,freegame,0.0,1278.3
4847,freegame,0.0,83.6
4848,freegame,0.5,224.4
4849,freegame,0.0,5000
4850,freegame,0.0,1297.3
4851,freegame,0.0,61.7
4852,freegame,5.2,99.8
4853,freegame,0.0,1592.3
4854,freegame,0.0,773.2
4855,freegame,0.0,1118.9
4856,freegame,1.0,5000
4857,freegame,0.0,1125.7
4858,freegame,0.4,1314.9
4859,freegame,0.0,613.9
4860,freegame,0.0,3621.3
4861,freegame,3.0,1382.1
4862,freegame,0.0,272.8
4863,freegame,0.0,392.2
4864,freegame,0.2,56.4
4865,freegame,0.0,1214.3
4866,freegame,0.0,707.3
4867,freegame,0.7,659.9
4868,freegame,0.0,2307.0
4869,freegame,0.0,174.2
4870,freegame,0.0,5000
4871,freegame,0.0,323.6
4872,freegame,0.8,1625.7
4873,freegame,0.0,951.2
4874,wincap,0.0,5000
4875,freegame,0.0,880.2
4876,freegame,0.3,2804.6
4877,freegame,0.0,582.9
4878,freegame,0.2,1552.6
4879,freegame,0.0,989.0
4880,freegame,0.1,409.5
4881,freegame,0.0,699.1
4882,freegame,0.0,861.6
4883,freegame,0.4,178.4
4884,freegame,0.0,256.3
4885,freegame,0.0,329.3
4886,freegame,0.0,683.7
4887,freegame,0.0,60.4
4888,freegame,0.0,499.2
4889,freegame,0.3,1003.7
4890,freegame,0.0,217.5
4891,freegame,0.0,1103.4
4892,freegame,0.0,137.2
4893,freegame,0.0,1264.6
4894,freegame,0.0,1076.0
4895,freegame,0.0,2106.1
4896,freegame,0.0,2655.2
4897,freegame,0.0,1604.8
4898,freegame,0.0,77.2
4899,freegame,3.8,1587.2
4900,freegame,0.0,215.2
4901,freegame,0.0,682.9
4902,freegame,1.4,2782.5
4903,freegame,0.0,531.4
4904,freegame,0.0,1098.0
4905,freegame,0.0,4477.2
4906,freegame,0.3,1455.3
4907,freegame,0.4,1322.0
4908,freegame,0.0,1595.6
4909,freegame,0.2,781.0
4910,freegame,0.0,2261.4
4911,freegame,0.3,126.4
4912,freegame,0.0,532.9
4913,freegame,0.0,1592.8
4914,freegame,0.0,920.2
4915,freegame,0.0,5000
4916,freegame,0.0,176.7
4917,freegame,0.0,277.8
4918,freegame,0.0,816.8
4919,freegame,3.0,1929.9
4920,freegame,0.0,646.8
4921,freegame,0.0,929.8
4922,freegame,0.0,774.2
4923,freegame,0.0,870.5
4924,freegame,0.6,2324.8
4925,freegame,0.0,123.6
4926,freegame,0.0,395.2
4927,freegame,0.2,385.7
4928,freegame,0.0,428.7
4929,freegame,2.3,663.3
4930,freegame,0.0,666.3
4931,freegame,0.0,534.2
4932,freegame,0.0,240.7
4933,freegame,3.4,1604.5
4934,freegame,0.6,536.0
4935,freegame,0.0,412.4
4936,freegame,0.0,3332.1
4937,freegame,0.0,879.3
4938,freegame,0.4,5000
4939,freegame,0.0,1451.0
4940,freegame,0.0,564.4
4941,freegame,0.0,231.5
4942,freegame,0.0,816.6
4943,freegame,0.1,5000
4944,freegame,10.5,562.7
4945,freegame,0.1,567.4
4946,freegame,0.1,66.5
4947,freegame,0.0,286.3
4948,freegame,0.0,810.7
4949,freegame,0.0,868.8
4950,freegame,0.0,2019.8
4951,freegame,0.0,94.1
4952,freegame,0.0,88.1
4953,freegame,0.0,1808.7
4954,freegame,0.0,262.1
4955,freegame,0.0,208.6
4956,freegame,0.0,1774.8
4957,freegame,0.0,517.3
4958,freegame,0.0,2023.8
4959,freegame,0.0,356.4
4960,freegame,0.4,2532.2
4961,freegame,0.5,11.6
4962,freegame,0.0,960.4
4963,freegame,0.0,787.5
4964,freegame,0.0,1108.6
4965,freegame,0.0,2570.8
4966,freegame,0.0,156.1
4967,freegame,0.0,269.9
4968,freegame,0.3,2633.1
4969,freegame,0.0,148.1
4970,freegame,0.0,413.3
4971,freegame,0.8,403.1
4972,freegame,0.3,934.9
4973,freegame,0.0,1070.4
4974,freegame,0.0,1113.4
4975,freegame,0.0,1767.5
4976,freegame,0.0,794.2
4977,freegame,0.0,1076.4
4978,freegame,0.0,1886.4
4979,freegame,0.0,1359.9
4980,freegame,0.0,3621.5
4981,freegame,0.2,1091.4
4982,freegame,0.0,1459.3
4983,freegame,0.8,1477.7
4984,freegame,1.5,57.0
4985,freegame,0.0,2269.9
4986,freegame,3.0,393.0
4987,freegame,0.0,751.2
4988,freegame,0.5,2462.9
4989,freegame,0.0,14.0
4990,freegame,0.0,131.2
4991,freegame,3.0,698.7
4992,freegame,0.0,664.5
4993,freegame,0.0,348.8
4994,freegame,0.0,2671.0
4995,freegame,0.0,207.5
4996,freegame,0.2,929.7
4997,freegame,0.0,333.9
4998,freegame,0.0,610.6
4999,freegame,0.0,322.5
5000,freegame,0.0,143.0
5001,freegame,0.0,1206.2
5002,freegame,0.0,149.2
5003,freegame,0.0,2892.5
5004,freegame,0.0,1282.1
5005,freegame,0.0,943.9
5006,freegame,0.0,242.1
5007,freegame,0.0,400.1
5008,freegame,0.6,2701.3
5009,freegame,0.3,2455.8
5010,freegame,0.1,5000
5011,freegame,0.4,583.9
5012,freegame,1.3,211.2
5013,freegame,1.0,499.8
5014,freegame,0.2,317.0
5015,freegame,0.0,1012.2
5016,freegame,0.0,406.2
5017,freegame,1.7,396.6
5018,freegame,0.0,164.7
5019,freegame,0.0,395.8
5020,freegame,0.3,257.8
5021,freegame,0.0,1654.1
5022,freegame,0.0,793.1
5023,freegame,0.0,23.4
5024,freegame,0.0,420.7
5025,freegame,0.2,3573.5
5026,freegame,0.0,1187.8
5027,freegame,0.0,3148.7
5028,freegame,0.0,458.6
5029,freegame,0.0,149.8
5030,freegame,0.0,1994.0
5031,freegame,0.0,136.3
5032,freegame,0.0,1742.3
5033,freegame,0.0,881.3
5034,freegame,20.0,621.9
5035,freegame,0.6,60.7
5036,freegame,0.0,71.8
5037,freegame,0.0,1052.7
5038,freegame,0.3,1787.9
5039,freegame,0.0,1023.9
5040,freegame,0.0,3272.3
5041,freegame,0.4,5000
5042,freegame,0.6,254.6
5043,freegame,0.0,622.1
5044,freegame,0.6,2519.2
5045,freegame,0.0,2867.3
5046,freegame,0.1,1106.1
5047,freegame,0.0,553.5
5048,freegame,0.0,288.5
5049,freegame,0.0,4012.8
5050,freegame,0.0,3458.4
5051,freegame,0.2,310.9
5052,freegame,0.2,3214.8
5053,freegame,0.0,595.2
5054,freegame,0.0,1139.0
5055,freegame,0.0,645.4
5056,freegame,0.0,31.2
5057,freegame,0.6,1155.2
5058,freegame,0.0,165.4
5059,freegame,0.0,826.9
5060,freegame,6.0,1222.3
5061,freegame,0.2,1192.9
5062,freegame,0.2,1739.9
5063,freegame,0.0,204.7
5064,freegame,0.0,1135.7
5065,freegame,0.0,1185.4
5066,freegame,0.0,2446.1
5067,freegame,0.0,5000
5068,freegame,0.1,752.2
5069,freegame,0.0,16.8
5070,freegame,0.0,573.1
5071,freegame,0.4,1331.1
5072,freegame,3.2,666.6
5073,wincap,0.0,5000
5074,freegame,0.0,1427.7
5075,freegame,0.0,1717.3
5076,freegame,0.0,1123.8
5077,freegame,0.3,359.3
5078,freegame,0.0,266.7
5079,freegame,0.0,48.4
5080,freegame,0.0,2381.0
5081,freegame,0.0,316.3
5082,freegame,0.0,117.2
5083,freegame,0.0,51.9
5084,freegame,0.1,249.5
5085,freegame,0.0,1721.5
5086,freegame,0.0,870.1
5087,freegame,0.4,377.8
5088,freegame,0.0,154.4
5089,freegame,4.1,3753.3
5090,freegame,1.3,2192.3
5091,freegame,0.0,747.9
5092,freegame,0.0,3238.7
5093,freegame,0.3,1177.0
5094,freegame,0.0,79.1
5095,freegame,0.6,685.0
5096,freegame,0.0,1117.9
5097,freegame,0.4,2722.6
5098,freegame,1.3,380.9
5099,freegame,0.0,222.6
5100,freegame,0.3,24.8
5101,freegame,0.3,204.7
5102,freegame,0.2,554.3
5103,freegame,0.0,1129.1
5104,freegame,0.0,1567.2
5105,freegame,0.0,1579.6
5106,freegame,0.6,35.6
5107,freegame,0.0,3510.3
5108,freegame,0.0,1882.5
5109,freegame,0.0,410.1
5110,freegame,0.0,979.3
5111,freegame,0.0,865.1
5112,freegame,0.0,1001.4
5113,freegame,1.3,2071.2
5114,freegame,0.0,251.3
5115,freegame,0.0,2777.1
5116,freegame,0.0,837.6
5117,freegame,0.9,585.9
5118,freegame,0.6,1051.0
5119,freegame,0.0,300.2
5120,wincap,0.0,5000
5121,freegame,0.3,2171.8
5122,freegame,0.2,1549.0
5123,freegame,0.2,1111.4
5124,freegame,0.0,1512.6
5125,freegame,0.0,841.3
5126,freegame,0.0,523.9
5127,freegame,0.0,1048.9
5128,freegame,0.0,1492.9
5129,freegame,0.0,659.2
5130,freegame,0.0,1665.0
5131,freegame,0.0,25.0
5132,freegame,0.0,792.8
5133,freegame,0.0,691.6
5134,freegame,0.0,35.2
5135,freegame,0.0,513.9
5136,freegame,1.4,3095.4
5137,freegame,0.0,1232.2
5138,freegame,0.2,368.5
5139,freegame,0.0,1905.5
5140,freegame,3.7,903.0
5141,freegame,0.0,605.3
5142,freegame,0.0,2009.1
5143,freegame,0.0,1361.2
5144,freegame,0.0,199.5
5145,freegame,0.6,2154.0
5146,freegame,0.2,198.0
5147,freegame,0.0,811.6
5148,freegame,0.0,701.0
5149,freegame,0.0,776.3
5150,freegame,0.0,5000
5151,freegame,0.0,3566.2
5152,freegame,0.0,226.0
5153,freegame,0.6,91.8
5154,freegame,0.0,463.8
5155,freegame,0.7,954.4
5156,freegame,0.3,364.1
5157,freegame,0.0,577.0
5158,freegame,0.0,595.2
5159,freegame,0.2,250.6
5160,freegame,0.0,322.8
5161,freegame,1.3,1141.2
5162,freegame,0.0,5000
5163,freegame,0.0,178.3
5164,freegame,0.0,229.6
5165,freegame,0.2,1116.1
5166,freegame,0.0,1056.7
5167,freegame,0.0,483.8
5168,freegame,0.0,1110.4
5169,freegame,0.0,112.8
5170,freegame,0.0,444.3
5171,freegame,0.1,1049.9
5172,freegame,0.2,1238.4
5173,freegame,0.0,2694.7
5174,freegame,0.6,2500.6
5175,freegame,0.6,477.7
5176,freegame,0.2,2613.8
5177,freegame,0.1,1277.0
5178,freegame,0.0,694.1
5179,freegame,0.0,147.0
5180,freegame,0.0,3929.7
5181,freegame,0.0,163.0
5182,freegame,0.0,59.4
5183,freegame,0.0,673.4
5184,freegame,0.0,385.8
5185,freegame,0.0,774.4
5186,freegame,0.0,785.2
5187,freegame,0.0,221.2
5188,freegame,0.0,28.6
5189,freegame,0.0,1150.4
5190,freegame,1.5,3435.6
5191,freegame,0.0,5000
5192,freegame,0.0,644.9
5193,freegame,0.0,274.4
5194,freegame,0.0,1636.1
5195,freegame,0.0,329.7
5196,freegame,0.1,4614.6
5197,freegame,0.0,447.5
5198,freegame,0.0,423.1
5199,freegame,0.0,308.4
5200,freegame,0.1,1112.7
5201,freegame,0.1,2291.4
5202,freegame,2.0,995.9
5203,freegame,0.0,3401.8
5204,freegame,0.0,560.8
5205,freegame,0.0,1333.3
5206,freegame,3.7,3732.5
5207,freegame,0.0,1558.2
5208,freegame,0.0,1234.1
5209,freegame,0.0,1228.1
5210,freegame,0.2,1600.1
5211,freegame,23.2,298.1
5212,freegame,0.0,2116.0
5213,freegame,0.0,648.8
5214,freegame,0.2,24.2
5215,freegame,0.0,19.3
5216,freegame,0.0,625.1
5217,freegame,0.3,1694.2
5218,wincap,0.0,5000
5219,freegame,0.4,1332.5
5220,freegame,0.0,225.2
5221,freegame,0.1,1070.1
5222,freegame,0.0,3577.9
5223,freegame,0.0,121.7
5224,freegame,0.0,40.2
5225,freegame,0.0,1059.6
5226,freegame,0.0,235.8
5227,freegame,0.7,554.6
5228,freegame,0.0,1260.2
5229,freegame,0.0,267.0
5230,freegame,0.0,3014.0
5231,freegame,0.3,2149.3
5232,freegame,0.9,489.7
5233,freegame,0.0,1975.4
5234,freegame,0.0,75.7
5235,freegame,0.6,312.9
5236,freegame,1.8,390.2
5237,freegame,12.0,2008.8
5238,freegame,0.0,571.7
5239,freegame,0.6,1718.7
5240,freegame,0.3,2260.1
5241,freegame,0.0,111.9
5242,freegame,0.0,1239.2
5243,freegame,0.4,5000
5244,freegame,0.0,341.9
5245,freegame,0.6,276.6
5246,freegame,0.0,1130.6
5247,freegame,0.0,400.6
5248,freegame,2.2,756.5
5249,freegame,0.0,1073.8
5250,freegame,0.0,5000
5251,freegame,0.1,637.0
5252,freegame,0.0,1573.8
5253,freegame,0.0,68.5
5254,freegame,0.0,158.1
5255,freegame,0.0,15.1
5256,freegame,0.0,1204.2
5257,freegame,0.0,4871.0
5258,freegame,0.0,1243.1
5259,freegame,3.9,1541.0
5260,freegame,0.0,743.9
5261,freegame,0.0,1437.5
5262,freegame,0.2,4928.8
5263,freegame,0.8,621.9
5264,freegame,0.0,443.2
5265,freegame,0.1,1026.2
5266,freegame,0.8,582.2
5267,freegame,0.4,929.4
5268,freegame,0.2,135.3
5269,freegame,0.3,2688.5
5270,freegame,0.0,967.4
5271,freegame,0.0,1661.3
5272,freegame,0.0,40.6
5273,freegame,0.0,810.3
5274,freegame,0.0,2245.2
5275,freegame,0.5,5000
5276,freegame,0.0,817.5
5277,freegame,2.7,900.7
5278,freegame,0.2,689.5
5279,freegame,0.0,736.5
5280,freegame,0.0,2029.0
5281,freegame,0.0,103.8
5282,freegame,0.0,210.1
5283,freegame,0.0,817.1
5284,freegame,0.0,187.6
5285,freegame,0.0,72.0
5286,freegame,0.0,1065.0
5287,freegame,0.0,3848.9
5288,freegame,0.0,196.7
5289,freegame,0.0,3115.2
5290,freegame,0.1,4607.9
5291,freegame,0.6,574.3
5292,freegame,0.0,1378.4
5293,freegame,1.1,163.4
5294,freegame,1.3,233.2
5295,freegame,0.0,222.3
5296,freegame,0.0,5000
5297,freegame,0.0,3510.7
5298,freegame,12.8,2561.6
5299,freegame,0.0,50.4
5300,freegame,0.0,1302.2
5301,freegame,0.0,221.9
5302,freegame,0.6,873.6
5303,freegame,0.1,1312.5
5304,freegame,0.0,585.6
5305,freegame,0.0,339.7
5306,freegame,0.5,496.1
5307,freegame,0.1,2201.1
5308,freegame,0.0,3506.4
5309,freegame,0.0,68.0
5310,freegame,0.0,323.1
5311,freegame,0.0,3188.5
5312,freegame,0.6,1665.1
5313,freegame,1.0,5000
5314,freegame,0.0,210.2
5315,freegame,0.0,627.1
5316,freegame,0.3,769.5
5317,freegame,0.0,366.0
5318,freegame,0.0,939.3
5319,freegame,0.0,3362.1
5320,freegame,0.0,186.2
5321,freegame,0.0,2617.7
5322,freegame,0.4,2019.4
5323,freegame,0.0,1507.0
5324,freegame,0.0,5000
5325,freegame,0.0,106.0
5326,wincap,0.7,5000
5327,freegame,0.2,1328.9
5328,freegame,0.3,4354.1
5329,freegame,0.2,190.5
5330,freegame,0.0,275.8
5331,freegame,0.0,694.5
5332,freegame,0.0,84.3
5333,freegame,0.1,581.3
5334,freegame,0.2,338.1
5335,freegame,0.0,1464.6
5336,freegame,0.0,577.2
5337,freegame,0.0,307.3
5338,freegame,0.7,358.1
5339,freegame,0.0,186.6
5340,freegame,0.0,247.1
5341,freegame,0.2,626.6
5342,freegame,3.0,280.4
5343,freegame,0.6,803.8
5344,freegame,0.1,2994.6
5345,freegame,0.0,737.6
5346,freegame,0.0,482.5
5347,freegame,0.0,516.5
5348,freegame,0.0,1.7
5349,freegame,0.0,2086.4
5350,freegame,0.0,381.0
5351,freegame,0.0,1883.1
5352,freegame,0.0,630.2
5353,freegame,0.0,2252.7
5354,freegame,0.2,3630.8
5355,freegame,0.0,2134.7
5356,freegame,0.0,1788.2
5357,freegame,0.2,1135.9
5358,freegame,0.0,824.3
5359,freegame,0.6,212.0
5360,wincap,0.6,5000
5361,freegame,1.0,600.9
5362,freegame,0.0,1577.3
5363,freegame,0.0,158.5
5364,freegame,0.0,449.6
5365,freegame,1.0,493.2
5366,freegame,0.0,2286.6
5367,freegame,0.0,3591.1
5368,freegame,0.8,686.9
5369,freegame,0.0,412.1
5370,freegame,0.0,632.4
5371,freegame,0.0,1306.2
5372,freegame,0.0,20.1
5373,freegame,0.0,312.2
5374,freegame,0.0,1247.9
5375,freegame,3.7,3198.1
5376,freegame,6.0,215.0
5377,freegame,0.0,1569.1
5378,freegame,10.2,1611.9
5379,freegame,0.0,1408.0
5380,freegame,0.1,1327.5
5381,freegame,0.0,641.6
5382,freegame,0.0,327.9
5383,freegame,0.0,869.7
5384,freegame,0.0,2316.1
5385,freegame,0.0,1618.0
5386,freegame,0.1,707.5
5387,freegame,0.0,1175.0
5388,freegame,0.5,795.5
5389,freegame,0.0,39.8
5390,freegame,0.0,488.3
5391,freegame,1.4,286.7
5392,freegame,0.1,587.5
5393,freegame,0.0,1528.9
5394,freegame,0.3,1152.0
5395,freegame,0.2,319.2
5396,freegame,0.6,566.2
5397,freegame,0.0,591.0
5398,freegame,0.0,2935.1
5399,freegame,0.2,73.6
5400,freegame,0.0,2133.6
5401,freegame,0.7,3852.0
5402,freegame,2.0,1655.7
5403,freegame,0.0,31.0
5404,freegame,0.1,1709.2
5405,freegame,1.7,459.3
5406,freegame,0.0,1943.5
5407,freegame,0.7,185.6
5408,freegame,0.0,51.7
5409,freegame,0.4,128.4
5410,freegame,0.0,144.9
5411,freegame,0.0,36.0
5412,freegame,6.2,260.2
5413,freegame,0.0,1613.0
5414,freegame,0.0,141.5
5415,freegame,0.0,444.0
5416,freegame,0.2,1342.7
5417,freegame,0.0,239.9
5418,freegame,0.0,84.0
5419,freegame,2.8,191.9
5420,freegame,0.0,1742.2
5421,freegame,0.9,547.1
5422,freegame,0.0,1765.7
5423,freegame,0.0,125.7
5424,freegame,6.0,328.8
5425,freegame,0.2,301.1
5426,freegame,0.0,368.7
5427,freegame,0.0,588.3
5428,freegame,0.0,2680.6
5429,freegame,0.0,1858.2
5430,freegame,0.0,175.2
5431,freegame,0.0,42.4
5432,freegame,0.0,663.4
5433,freegame,0.0,22.6
5434,freegame,0.0,421.5
5435,freegame,0.1,1041.4
5436,freegame,0.0,1872.1
5437,freegame,0.0,758.0
5438,freegame,0.0,1434.2
5439,freegame,0.0,741.1
5440,freegame,0.0,3645.3
5441,freegame,3.2,193.9
5442,freegame,0.0,499.7
5443,freegame,0.0,384.2
5444,freegame,0.0,440.8
5445,freegame,0.0,314.7
5446,freegame,0.0,925.8
5447,freegame,0.0,5000
5448,freegame,0.2,171.9
5449,freegame,0.0,454.8
5450,freegame,0.0,1774.2
5451,freegame,0.0,43.5
5452,freegame,0.0,453.4
5453,freegame,0.7,183.1
5454,freegame,0.0,761.0
5455,freegame,0.0,240.6
5456,freegame,0.0,147.4
5457,freegame,0.0,1968.5
5458,freegame,0.1,852.7
5459,freegame,0.0,4954.3
5460,freegame,0.0,622.5
5461,freegame,6.1,1990.9
5462,freegame,0.0,1458.1
5463,freegame,0.0,545.7
5464,freegame,0.0,2180.9
5465,freegame,0.0,152.2
5466,freegame,0.0,1180.7
5467,freegame,0.0,1281.0
5468,freegame,6.0,466.8
5469,freegame,0.0,684.6
5470,freegame,0.0,433.3
5471,freegame,0.0,344.5
5472,freegame,0.0,1843.3
5473,freegame,0.3,1300.3
5474,freegame,0.0,750.1
5475,freegame,0.0,1252.1
5476,freegame,0.0,2583.4
5477,freegame,0.0,3234.5
5478,freegame,0.0,370.8
5479,freegame,0.1,826.5
5480,freegame,0.0,1027.4
5481,freegame,0.0,192.5
5482,freegame,0.0,526.1
5483,wincap,0.0,5000
5484,freegame,0.0,107.7
5485,freegame,0.0,554.4
5486,freegame,0.0,2620.0
5487,freegame,0.0,82.6
5488,freegame,0.0,1366.0
5489,freegame,0.0,865.6
5490,freegame,1.6,112.0
5491,freegame,0.3,519.4
5492,freegame,0.0,4070.0
5493,freegame,0.0,720.1
5494,freegame,0.0,319.7
5495,freegame,0.0,3628.6
5496,freegame,0.0,1201.7
5497,freegame,0.2,85.3
5498,freegame,0.2,243.0
5499,freegame,0.0,2745.6
5500,freegame,0.0,119.5
5501,freegame,20.0,613.1
5502,freegame,0.0,77.8
5503,freegame,1.7,10.9
5504,freegame,2.2,38.7
5505,freegame,0.6,647.6
5506,freegame,0.1,2041.9
5507,freegame,0.0,2756.6
5508,freegame,0.8,178.5
5509,freegame,0.0,1339.5
5510,freegame,0.5,942.9
5511,freegame,0.0,61.4
5512,freegame,0.0,68.3
5513,freegame,0.0,921.4
5514,freegame,0.2,124.4
5515,freegame,0.0,652.8
5516,freegame,0.0,72.9
5517,freegame,0.0,1192.8
5518,freegame,0.0,980.4
5519,freegame,0.0,684.4
5520,freegame,0.0,3298.1
5521,freegame,0.6,254.8
5522,freegame,0.0,2409.4
5523,freegame,0.2,1602.1
5524,freegame,0.0,1171.3
5525,freegame,0.0,81.2
5526,wincap,0.0,5000
5527,freegame,0.0,546.0
5528,freegame,0.0,650.4
5529,freegame,0.6,3133.2
5530,wincap,0.6,5000
5531,freegame,0.0,1422.4
5532,freegame,0.6,788.5
5533,freegame,0.0,920.4
5534,freegame,0.0,2383.7
5535,freegame,1.4,1144.1
5536,freegame,3.2,202.5
5537,freegame,0.2,200.0
5538,freegame,0.0,4287.2
5539,freegame,0.0,359.2
5540,freegame,0.0,1113.0
5541,freegame,0.2,148.8
5542,freegame,0.2,1012.0
5543,freegame,0.0,628.7
5544,freegame,0.0,1758.9
5545,freegame,0.0,144.8
5546,freegame,0.0,2971.0
5547,freegame,0.0,626.8
5548,freegame,0.0,2080.1
5549,freegame,0.0,4734.0
5550,freegame,0.0,1477.1
5551,freegame,0.0,2060.4
5552,freegame,0.0,1547.5
5553,freegame,0.3,953.5
5554,freegame,0.4,1210.5
5555,freegame,0.0,256.1
5556,freegame,0.0,834.7
5557,freegame,0.0,561.7
5558,freegame,0.0,100.2
5559,freegame,0.0,1077.4
5560,freegame,0.0,10.3
5561,freegame,0.0,5000
5562,freegame,0.0,2479.9
5563,freegame,0.9,3628.6
5564,freegame,0.2,1386.4
5565,freegame,0.0,88.0
5566,freegame,0.0,55.0
5567,freegame,0.2,73.1
5568,freegame,0.0,1891.8
5569,freegame,0.0,1132.6
5570,freegame,0.1,529.2
5571,freegame,0.3,3769.3
5572,freegame,0.4,515.6
5573,freegame,0.0,1773.9
5574,freegame,0.0,348.9
5575,freegame,0.0,317.9
5576,freegame,1.2,537.1
5577,freegame,0.0,773.1
5578,freegame,0.0,245.6
5579,freegame,1.5,299.5
5580,freegame,0.0,325.7
5581,freegame,0.0,3662.0
5582,freegame,0.0,1644.3
5583,freegame,0.0,5000
5584,freegame,0.2,2337.9
5585,freegame,0.3,1561.7
5586,freegame,0.0,330.1
5587,freegame,0.0,103.9
5588,freegame,0.4,2146.0
5589,freegame,1.1,4931.5
5590,freegame,0.0,1506.8
5591,freegame,0.1,262.1
5592,freegame,0.0,81.4
5593,freegame,0.0,589.6
5594,freegame,0.0,387.1
5595,freegame,8.5,3145.1
5596,freegame,0.0,453.6
5597,freegame,0.2,627.2
5598,freegame,0.0,63.6
5599,freegame,0.0,1722.4
5600,freegame,0.0,127.8
5601,freegame,0.0,1701.1
5602,freegame,0.0,770.3
5603,freegame,0.0,984.7
5604,freegame,0.3,751.2
5605,freegame,0.0,539.0
5606,freegame,0.0,971.4
5607,freegame,0.0,642.1
5608,freegame,0.0,1777.0
5609,freegame,0.0,3211.2
5610,freegame,0.0,4334.4
5611,freegame,0.0,1498.9
5612,freegame,0.3,854.8
5613,freegame,4.2,838.2
5614,freegame,0.0,525.8
5615,freegame,0.0,132.1
5616,freegame,0.2,5000
5617,freegame,0.0,825.0
5618,freegame,0.0,1399.6
5619,freegame,0.2,282.3
5620,freegame,0.1,858.2
5621,freegame,0.0,100.9
5622,freegame,0.0,2633.0
5623,freegame,0.0,1415.5
5624,freegame,0.0,742.5
5625,freegame,0.1,568.9
5626,freegame,1.9,2903.2
5627,freegame,0.6,1066.9
5628,freegame,0.1,1923.9
5629,freegame,0.0,642.7
5630,freegame,0.0,27.8
5631,freegame,0.0,1675.7
5632,freegame,50.0,191.0
5633,freegame,0.4,1896.8
5634,freegame,0.0,437.6
5635,freegame,0.0,793.9
5636,freegame,0.0,5000
5637,freegame,0.0,395.1
5638,freegame,0.1,2152.1
5639,freegame,0.0,39.5
5640,freegame,0.2,898.4
5641,freegame,0.0,2141.3
5642,freegame,0.0,622.1
5643,freegame,0.0,5000
5644,freegame,0.3,3812.8
5645,freegame,0.4,4447.8
5646,freegame,0.0,116.6
5647,freegame,0.0,922.4
5648,freegame,0.0,328.6
5649,freegame,0.0,206.7
5650,freegame,0.0,34.2
5651,freegame,0.0,2622.0
5652,freegame,8.0,1009.3
5653,freegame,0.0,2324.7
5654,freegame,1.0,1427.5
5655,freegame,0.0,553.2
5656,freegame,0.7,8.8
5657,freegame,0.1,4154.8
5658,freegame,9.0,558.1
5659,freegame,0.0,1218.9
5660,freegame,0.1,409.1
5661,freegame,0.0,2266.6
5662,freegame,0.0,1005.7
5663,freegame,3.3,572.7
5664,freegame,0.0,671.9
5665,freegame,0.1,5000
5666,freegame,0.0,331.6
5667,freegame,0.0,564.0
5668,freegame,0.0,919.5
5669,freegame,0.0,169.1
5670,freegame,1.7,2103.0
5671,freegame,6.0,5000
5672,freegame,0.1,328.4
5673,freegame,0.0,314.1
5674,freegame,0.3,47.4
5675,freegame,0.0,134.3
5676,freegame,0.0,829.5
5677,freegame,0.3,2482.1
5678,freegame,0.7,4488.5
5679,freegame,0.0,2182.8
5680,freegame,5.0,1737.0
5681,freegame,0.0,483.0
5682,freegame,1.0,1060.8
5683,freegame,0.3,946.8
5684,freegame,0.0,2.4
5685,freegame,0.0,2706.0
5686,freegame,0.0,74.5
5687,freegame,0.0,442.6
5688,freegame,0.2,514.1
5689,freegame,0.1,3284.6
5690,freegame,0.0,1249.1
5691,freegame,0.6,4020.9
5692,freegame,0.6,533.1
5693,freegame,0.0,604.2
5694,freegame,0.0,673.9
5695,freegame,0.0,166.2
5696,freegame,0.0,1391.3
5697,freegame,0.0,454.3
5698,freegame,0.0,1133.6
5699,wincap,0.5,5000
5700,freegame,0.2,103.3
5701,freegame,0.0,396.9
5702,freegame,0.0,575.7
5703,freegame,0.1,1927.0
5704,freegame,0.2,698.7
5705,freegame,0.2,1917.8
5706,freegame,0.0,1397.9
5707,freegame,0.0,315.7
5708,freegame,0.0,205.1
5709,freegame,0.0,3387.6
5710,freegame,0.0,1818.4
5711,freegame,0.0,444.8
5712,freegame,0.0,492.2
5713,freegame,0.0,1850.0
5714,freegame,0.0,354.3
5715,freegame,0.0,4569.5
5716,freegame,0.2,408.5
5717,freegame,0.0,988.6
5718,freegame,0.0,483.2
5719,freegame,0.9,5000
5720,freegame,0.0,345.3
5721,freegame,0.0,2721.3
5722,freegame,0.0,74.7
5723,freegame,0.0,3234.1
5724,freegame,6.0,282.3
5725,freegame,0.0,962.2
5726,freegame,0.0,3001.3
5727,freegame,0.4,2269.1
5728,freegame,1.1,690.1
5729,freegame,0.0,132.4
5730,freegame,0.0,1726.2
5731,freegame,0.0,820.8
5732,freegame,0.0,174.0
5733,freegame,1.3,274.2
5734,freegame,0.0,615.9
5735,freegame,0.3,271.6
5736,freegame,0.0,1565.4
5737,freegame,0.0,963.4
5738,freegame,0.4,348.3
5739,freegame,0.0,1442.6
5740,freegame,0.0,50.9
5741,freegame,0.4,1160.3
5742,freegame,0.0,2901.5
5743,freegame,0.4,913.1
5744,freegame,0.0,108.8
5745,freegame,0.0,413.9
5746,freegame,0.0,2028.1
5747,freegame,0.2,4040.9
5748,freegame,16.0,1428.3
5749,freegame,0.0,1385.3
5750,freegame,0.0,64.9
5751,freegame,0.2,157.1
5752,freegame,0.0,5000
5753,freegame,0.0,32.1
5754,freegame,0.0,212.8
5755,freegame,1.0,654.2
5756,freegame,0.0,939.3
5757,freegame,0.0,3643.5
5758,freegame,0.3,315.2
5759,freegame,0.0,199.8
5760,freegame,0.0,1134.2
5761,freegame,2.1,171.8
5762,freegame,0.2,690.7
5763,freegame,0.0,57.6
5764,freegame,0.0,152.9
5765,freegame,0.0,935.4
5766,freegame,0.0,1200.1
5767,freegame,0.0,909.4
5768,freegame,2.1,208.2
5769,freegame,0.2,878.2
5770,freegame,0.0,1642.1
5771,freegame,0.0,784.0
5772,freegame,0.0,902.0
5773,freegame,0.0,327.1
5774,freegame,0.0,4797.6
5775,freegame,0.0,1475.4
5776,freegame,0.0,530.7
5777,freegame,0.0,994.5
5778,freegame,1.3,1077.2
5779,freegame,0.5,1019.1
5780,freegame,0.0,1291.0
5781,freegame,0.0,5000
5782,freegame,0.0,458.9
5783,freegame,0.6,663.5
5784,freegame,0.0,247.6
5785,freegame,0.0,435.3
5786,freegame,0.0,649.0
5787,freegame,0.1,54.6
5788,freegame,0.2,4525.0
5789,freegame,0.0,4572.6
5790,freegame,0.0,687.7
5791,freegame,0.0,202.0
5792,freegame,0.0,83.4
5793,freegame,0.3,305.9
5794,freegame,0.0,182.3
5795,freegame,0.2,2211.6
5796,freegame,0.0,1294.1
5797,wincap,0.1,5000
5798,freegame,0.0,3342.3
5799,freegame,0.0,50.2
5800,freegame,0.0,737.8
5801,freegame,0.0,148.7
5802,freegame,6.0,209.2
5803,freegame,3.3,803.4
5804,freegame,0.0,273.7
5805,freegame,0.2,668.5
5806,freegame,2.7,653.5
5807,freegame,0.0,4217.3
5808,freegame,0.0,2785.5
5809,freegame,0.0,802.7
5810,freegame,0.6,1788.0
5811,freegame,6.0,632.7
5812,freegame,0.9,2969.2
5813,freegame,0.1,67.8
5814,freegame,0.0,1107.3
5815,freegame,0.5,4085.9
5816,freegame,0.0,1114.1
5817,freegame,0.3,98.6
5818,freegame,0.0,370.7
5819,freegame,0.2,21.0
5820,freegame,0.0,997.7
5821,freegame,1.0,392.8
5822,freegame,0.0,198.2
5823,freegame,0.0,18.2
5824,freegame,0.0,1795.0
5825,freegame,0.3,686.4
5826,freegame,0.2,1051.1
5827,freegame,0.0,1338.7
5828,freegame,0.1,1529.3
5829,freegame,0.0,639.4
5830,freegame,0.0,677.3
5831,freegame,0.0,697.7
5832,freegame,0.3,631.6
5833,freegame,0.0,2432.1
5834,freegame,0.0,811.6
5835,freegame,1.4,675.4
5836,freegame,0.0,484.6
5837,freegame,0.7,1896.6
5838,freegame,0.0,333.3
5839,freegame,0.0,175.9
5840,freegame,0.0,362.9
5841,freegame,0.0,5000
5842,freegame,12.6,62.8
5843,freegame,0.2,17.0
5844,freegame,0.0,1398.0
5845,freegame,0.0,497.8
5846,freegame,12.0,5000
5847,freegame,0.0,290.7
5848,freegame,0.0,886.2
5849,freegame,0.0,421.6
5850,freegame,0.0,1917.2
5851,freegame,0.8,1107.3
5852,freegame,0.0,1190.3
5853,freegame,0.0,24.1
5854,freegame,0.0,210.5
5855,freegame,0.0,1229.8
5856,freegame,0.0,177.3
5857,freegame,0.6,2009.6
5858,freegame,0.0,311.1
5859,freegame,0.0,331.4
5860,freegame,0.4,64.6
5861,freegame,0.5,704.8
5862,freegame,0.0,1680.3
5863,freegame,0.0,1249.2
5864,freegame,1.2,1126.9
5865,freegame,0.8,135.2
5866,freegame,0.6,328.3
5867,freegame,0.0,784.9
5868,freegame,0.4,1945.4
5869,freegame,0.1,1357.5
5870,freegame,0.0,1293.7
5871,freegame,2.4,471.0
5872,freegame,0.0,709.4
5873,freegame,0.0,721.6
5874,freegame,0.0,1133.1
5875,freegame,0.0,496.4
5876,freegame,0.2,1281.8
5877,freegame,0.0,248.3
5878,freegame,1.0,824.7
5879,freegame,0.4,1658.6
5880,freegame,7.4,676.3
5881,freegame,0.0,3205.2
5882,freegame,0.0,1594.0
5883,wincap,1.0,5000
5884,freegame,0.2,591.4
5885,freegame,0.0,839.5
5886,freegame,0.0,1231.8
5887,freegame,0.0,204.6
5888,freegame,0.5,348.6
5889,freegame,0.5,154.6
5890,freegame,0.0,1358.7
5891,freegame,0.7,883.7
5892,freegame,0.0,169.8
5893,freegame,0.0,286.1
5894,freegame,0.0,1283.6
5895,freegame,0.7,1244.7
5896,freegame,0.0,1245.4
5897,freegame,0.0,663.9
5898,freegame,0.4,5000
5899,freegame,0.2,437.0
5900,freegame,0.0,5000
5901,freegame,0.0,375.4
5902,freegame,0.0,681.8
5903,freegame,0.0,1239.0
5904,freegame,0.0,1472.2
5905,freegame,0.0,1704.8
5906,freegame,0.0,225.1
5907,freegame,0.0,417.5
5908,freegame,0.0,677.6
5909,freegame,0.0,170.2
5910,freegame,0.0,649.8
5911,freegame,0.0,521.8
5912,freegame,0.0,172.3
5913,freegame,0.0,4578.4
5914,freegame,0.2,546.9
5915,freegame,0.5,27.6
5916,freegame,0.0,350.6
5917,freegame,0.3,209.7
5918,freegame,0.0,299.7
5919,freegame,0.0,1618.9
5920,freegame,0.0,355.1
5921,freegame,0.0,414.8
5922,freegame,2.6,316.0
5923,freegame,0.0,167.2
5924,freegame,0.0,91.1
5925,freegame,0.5,5000
5926,freegame,0.0,578.4
5927,freegame,0.0,432.3
5928,freegame,0.0,397.1
5929,freegame,0.0,317.9
5930,freegame,0.0,971.4
5931,freegame,0.0,1547.9
5932,freegame,3.0,2963.0
5933,freegame,1.1,890.3
5934,freegame,0.3,511.0
5935,freegame,0.0,150.2
5936,freegame,0.0,165.3
5937,freegame,0.6,393.7
5938,wincap,0.0,5000
5939,freegame,0.0,306.6
5940,freegame,0.0,4055.1
5941,freegame,0.0,1681.1
5942,freegame,0.0,230.0
5943,freegame,0.0,209.3
5944,freegame,0.2,677.1
5945,freegame,0.0,999.0
5946,freegame,0.3,532.6
5947,freegame,0.0,492.7
5948,freegame,0.1,88.8
5949,freegame,1.0,2429.9
5950,freegame,0.5,342.8
5951,freegame,3.0,331.4
5952,freegame,0.4,200.3
5953,freegame,0.4,290.8
5954,freegame,0.1,439.9
5955,freegame,0.0,241.5
5956,freegame,1.4,518.8
5957,freegame,0.0,1522.6
5958,freegame,0.0,1342.7
5959,freegame,0.2,383.9
5960,freegame,0.0,657.3
5961,freegame,0.4,1754.3
5962,wincap,0.0,5000
5963,freegame,1.7,185.7
5964,freegame,0.4,385.6
5965,freegame,0.0,178.5
5966,freegame,0.1,419.7
5967,freegame,0.3,1843.8
5968,freegame,3.0,78.4
5969,freegame,0.0,348.2
5970,freegame,0.0,507.1
5971,freegame,0.0,522.0
5972,freegame,0.0,5000
5973,freegame,0.0,383.5
5974,freegame,0.0,220.3
5975,freegame,0.0,158.3
5976,freegame,0.0,293.2
5977,freegame,0.6,1006.3
5978,freegame,0.0,353.0
5979,freegame,0.0,1726.5
5980,freegame,0.0,1904.8
5981,freegame,0.0,3721.2
5982,freegame,0.0,1600.1
5983,freegame,0.0,8.0
5984,freegame,0.0,296.5
5985,freegame,0.0,1270.3
5986,freegame,0.5,933.6
5987,freegame,0.0,1447.4
5988,freegame,0.0,647.4
5989,freegame,0.0,1429.7
5990,freegame,0.0,356.6
5991,freegame,0.0,580.4
5992,freegame,0.0,242.7
5993,freegame,0.0,2182.6
5994,freegame,0.0,430.8
5995,freegame,0.2,2592.8
5996,freegame,0.9,709.6
5997,freegame,0.0,323.7
5998,freegame,0.0,423.7
5999,freegame,0.0,742.4
6000,freegame,0.0,1105.1
6001,freegame,1.2,1090.2
6002,freegame,4.8,341.0
6003,freegame,0.0,169.6
6004,freegame,0.0,19.6
6005,freegame,0.0,5000
6006,freegame,0.7,911.0
6007,freegame,0.0,308.5
6008,freegame,0.0,693.0
6009,freegame,0.0,840.4
6010,freegame,0.0,112.0
6011,freegame,0.0,784.1
6012,freegame,13.0,477.1
6013,freegame,0.0,498.3
6014,freegame,0.0,810.7
6015,freegame,0.7,1960.9
6016,freegame,0.0,2890.1
6017,freegame,0.2,1236.5
6018,freegame,0.0,692.0
6019,freegame,0.0,1042.5
6020,freegame,0.3,5000
6021,freegame,0.0,1933.1
6022,freegame,0.0,851.4
6023,freegame,0.0,611.5
6024,freegame,0.0,255.0
6025,freegame,0.4,492.1
6026,freegame,0.0,840.4
6027,freegame,1.1,3230.4
6028,freegame,0.6,3878.2
6029,freegame,0.0,537.7
6030,freegame,1.1,17.9
6031,freegame,0.7,2861.8
6032,freegame,0.0,1351.1
6033,freegame,0.0,14.9
6034,freegame,0.0,634.7
6035,freegame,0.0,103.4
6036,freegame,0.0,1478.9
6037,freegame,0.0,288.6
6038,freegame,0.0,30.8
6039,freegame,0.0,631.0
6040,freegame,0.0,2566.4
6041,freegame,0.0,731.6
6042,freegame,0.0,835.6
6043,freegame,0.6,463.1
6044,freegame,0.2,536.5
6045,freegame,0.7,1061.2
6046,freegame,0.0,2308.4
6047,freegame,0.1,1468.3
6048,freegame,0.0,184.7
6049,freegame,0.0,62.8
6050,freegame,0.3,1578.2
6051,freegame,0.1,4854.4
6052,freegame,3.4,1190.7
6053,freegame,0.3,236.3
6054,freegame,0.3,131.1
6055,freegame,0.1,585.6
6056,freegame,3.0,186.0
6057,freegame,0.2,1124.2
6058,freegame,0.0,208.0
6059,freegame,0.0,1906.8
6060,freegame,0.0,1146.2
6061,freegame,0.6,110.8
6062,freegame,0.0,360.8
6063,freegame,0.0,573.1
6064,freegame,0.0,371.4
6065,freegame,0.0,3851.7
6066,freegame,0.0,1772.6
6067,freegame,0.0,640.1
6068,freegame,0.2,337.0
6069,freegame,0.0,24.7
6070,freegame,2.0,1802.6
6071,freegame,0.0,77.8
6072,freegame,0.0,464.1
6073,freegame,0.0,523.5
6074,freegame,0.3,316.8
6075,freegame,0.0,212.1
6076,freegame,0.0,1712.2
6077,freegame,0.0,819.4
6078,freegame,0.0,269.5
6079,freegame,0.0,1301.5
6080,freegame,0.0,628.7
6081,freegame,0.0,1227.2
6082,freegame,0.0,583.6
6083,freegame,0.6,584.1
6084,freegame,0.4,3951.4
6085,freegame,0.4,1209.4
6086,freegame,6.4,884.4
6087,freegame,0.0,327.6
6088,freegame,0.0,1350.4
6089,freegame,0.7,5000
6090,freegame,0.0,296.0
6091,freegame,0.0,767.0
6092,freegame,0.0,779.4
6093,freegame,0.0,889.2
6094,freegame,0.0,735.2
6095,freegame,0.6,723.3
6096,freegame,0.0,936.6
6097,freegame,1.1,842.4
6098,freegame,0.0,547.8
6099,freegame,0.0,2836.3
6100,freegame,0.2,650.1
6101,freegame,0.0,194.5
6102,freegame,0.0,3602.5
6103,freegame,0.9,2988.4
6104,freegame,0.0,398.6
6105,freegame,0.1,2216.9
6106,freegame,0.0,2718.5
6107,freegame,0.0,529.1
6108,freegame,0.0,781.7
6109,freegame,0.0,3130.7
6110,freegame,0.0,530.5
6111,freegame,0.2,397.0
6112,freegame,0.0,1405.4
6113,freegame,0.0,692.8
6114,freegame,0.0,203.5
6115,freegame,0.0,1541.4
6116,freegame,0.0,957.3
6117,freegame,0.0,452.4
6118,freegame,0.0,692.4
6119,freegame,5.0,1780.0
6120,freegame,0.0,813.5
6121,freegame,0.0,740.6
6122,freegame,0.4,1124.9
6123,freegame,0.0,285.9
6124,freegame,1.1,1403.3
6125,freegame,0.0,617.4
6126,freegame,0.0,369.3
6127,freegame,0.0,4337.1
6128,freegame,0.0,20.7
6129,freegame,0.0,2979.8
6130,freegame,0.8,681.1
6131,freegame,0.4,662.5
6132,freegame,0.3,656.5
6133,freegame,0.4,1786.9
6134,freegame,0.0,111.5
6135,freegame,0.0,5000
6136,freegame,0.0,458.5
6137,freegame,0.0,4151.0
6138,freegame,0.0,522.4
6139,freegame,0.5,5000
6140,freegame,0.0,234.5
6141,freegame,0.0,1040.1
6142,freegame,0.0,881.7
6143,freegame,0.0,590.4
6144,freegame,0.1,324.4
6145,freegame,0.0,56.6
6146,freegame,0.0,1331.5
6147,freegame,6.2,428.7
6148,freegame,0.2,1139.5
6149,freegame,0.0,67.5
6150,freegame,0.0,433.4
6151,freegame,0.0,481.2
6152,freegame,0.0,893.8
6153,freegame,0.0,3841.0
6154,freegame,0.0,215.3
6155,freegame,0.0,448.1
6156,freegame,0.2,711.4
6157,freegame,0.2,838.3
6158,wincap,0.0,5000
6159,freegame,0.0,516.5
6160,freegame,0.0,198.8
6161,freegame,0.0,3553.1
6162,freegame,0.0,422.9
6163,freegame,0.0,469.0
6164,freegame,0.0,602.6
6165,freegame,0.0,277.1
6166,freegame,0.0,1571.8
6167,freegame,0.0,1064.4
6168,freegame,0.0,585.0
6169,freegame,0.6,1858.2
6170,wincap,3.4,5000
6171,freegame,0.0,2416.5
6172,freegame,0.0,1184.1
6173,freegame,0.2,342.7
6174,freegame,0.0,2091.7
6175,freegame,0.0,548.1
6176,freegame,0.0,1631.2
6177,freegame,0.9,1994.5
6178,freegame,0.2,2119.9
6179,freegame,1.6,961.2
6180,freegame,0.0,2095.4
6181,freegame,0.0,108.8
6182,freegame,0.0,448.9
6183,freegame,0.0,1327.0
6184,freegame,0.0,118.6
6185,freegame,0.2,937.0
6186,freegame,0.0,1639.4
6187,freegame,0.0,430.0
6188,freegame,0.0,33.3
6189,freegame,0.0,2892.2
6190,freegame,0.0,288.3
6191,freegame,0.0,251.3
6192,freegame,0.0,133.1
6193,freegame,0.0,850.2
6194,freegame,0.5,2152.4
6195,freegame,0.0,3285.2
6196,freegame,1.2,642.7
6197,freegame,3.0,280.4
6198,freegame,0.0,447.9
6199,freegame,0.2,1184.5
6200,freegame,0.2,854.8
6201,freegame,0.2,1940.1
6202,freegame,1.0,158.7
6203,freegame,0.0,1542.4
6204,freegame,0.0,159.5
6205,freegame,0.0,1546.7
6206,freegame,0.0,589.4
6207,freegame,0.0,4901.1
6208,freegame,0.0,995.0
6209,freegame,1.0,132.9
6210,freegame,0.3,411.0
6211,freegame,0.0,684.1
6212,freegame,0.0,267.2
6213,freegame,0.1,106.4
6214,freegame,0.0,269.7
6215,freegame,0.8,302.7
6216,freegame,0.0,3090.2
6217,freegame,0.0,212.7
6218,freegame,1.2,2794.2
6219,freegame,0.0,117.1
6220,freegame,0.2,1956.3
6221,freegame,0.6,296.0
6222,freegame,0.4,995.4
6223,freegame,0.1,1321.8
6224,freegame,0.0,1740.6
6225,freegame,0.8,346.9
6226,freegame,0.3,24.3
6227,freegame,0.0,568.5
6228,freegame,0.0,213.9
6229,freegame,0.0,38.2
6230,freegame,0.0,1154.0
6231,freegame,1.5,546.6
6232,freegame,0.0,1384.9
6233,freegame,0.0,225.9
6234,freegame,0.5,791.4
6235,freegame,0.0,2065.1
6236,freegame,0.0,201.7
6237,freegame,0.0,2808.0
6238,freegame,0.5,239.9
6239,freegame,0.0,317.9
6240,freegame,0.0,1315.8
6241,freegame,0.2,5000
6242,freegame,0.0,856.5
6243,freegame,0.0,5000
6244,freegame,0.0,567.2
6245,freegame,0.0,84.8
6246,freegame,0.2,311.3
6247,freegame,0.0,389.1
6248,freegame,0.0,1582.4
6249,freegame,0.0,183.3
6250,freegame,0.0,3452.4
6251,freegame,0.2,1577.8
6252,freegame,0.0,501.4
6253,freegame,0.6,2699.8
6254,freegame,0.0,167.4
6255,wincap,0.0,5000
6256,freegame,0.0,393.9
6257,freegame,0.0,987.2
6258,freegame,0.6,277.0
6259,freegame,0.0,466.7
6260,freegame,0.0,1191.4
6261,freegame,0.2,823.9
6262,freegame,0.0,213.5
6263,freegame,0.0,622.0
6264,freegame,0.0,125.5
6265,freegame,0.0,535.2
6266,freegame,0.0,47.9
6267,freegame,0.0,1009.3
6268,wincap,0.0,5000
6269,freegame,0.0,1005.9
6270,freegame,0.0,970.1
6271,freegame,0.1,942.5
6272,freegame,0.0,2120.4
6273,freegame,0.0,71.5
6274,freegame,1.2,641.1
6275,freegame,0.0,2612.6
6276,freegame,0.1,283.9
6277,freegame,0.0,156.0
6278,freegame,0.0,397.9
6279,freegame,0.0,25.9
6280,freegame,1.7,1805.2
6281,freegame,0.0,296.6
6282,freegame,0.0,686.8
6283,freegame,0.0,48.8
6284,freegame,0.0,58.8
6285,freegame,0.0,143.0
6286,freegame,0.0,465.8
6287,freegame,0.5,1407.5
6288,freegame,0.0,416.1
6289,freegame,0.4,251.6
6290,freegame,0.5,1844.9
6291,freegame,0.0,31.7
6292,freegame,0.0,124.7
6293,freegame,0.0,1021.9
6294,freegame,0.0,999.5
6295,freegame,0.0,3582.8
6296,freegame,0.0,5000
6297,freegame,0.0,219.7
6298,freegame,0.0,272.9
6299,freegame,0.9,389.8
6300,freegame,0.7,1779.9
6301,freegame,0.6,260.6
6302,freegame,0.0,341.6
6303,freegame,0.4,1431.2
6304,freegame,0.9,1268.5
6305,freegame,0.3,837.1
6306,freegame,0.4,4463.4
6307,freegame,0.0,1389.6
6308,freegame,0.9,533.3
6309,freegame,0.0,357.8
6310,freegame,6.8,1795.3
6311,freegame,0.0,453.5
6312,freegame,0.0,582.1
6313,freegame,0.0,22.3
6314,freegame,0.0,497.7
6315,freegame,0.0,14.9
6316,freegame,0.0,2036.2
6317,wincap,0.0,5000
6318,wincap,0.0,5000
6319,freegame,0.7,335.4
6320,freegame,0.0,1032.4
6321,freegame,5.0,236.7
6322,freegame,0.0,743.2
6323,freegame,0.0,1413.4
6324,freegame,0.0,218.9
6325,freegame,0.3,2782.6
6326,freegame,0.0,1641.7
6327,freegame,2.3,3080.5
6328,freegame,0.6,686.7
6329,freegame,0.5,501.3
6330,freegame,0.0,92.5
6331,freegame,0.0,166.8
6332,freegame,0.0,2106.2
6333,freegame,0.0,833.0
6334,freegame,2.3,276.3
6335,freegame,0.0,589.6
6336,freegame,0.0,212.4
6337,freegame,0.0,584.7
6338,freegame,0.0,1541.6
6339,freegame,0.5,457.4
6340,freegame,0.2,1555.6
6341,freegame,0.2,108.5
6342,freegame,0.0,2013.8
6343,freegame,0.0,12.4
6344,freegame,0.0,125.2
6345,freegame,0.0,149.1
6346,freegame,0.0,288.3
6347,freegame,0.0,5000
6348,freegame,5.0,1260.4
6349,freegame,0.0,4444.0
6350,freegame,0.2,5000
6351,freegame,4.0,418.5
6352,freegame,0.0,507.0
6353,freegame,0.4,4083.1
6354,freegame,0.6,1342.2
6355,freegame,0.0,526.2
6356,freegame,0.0,1692.9
6357,freegame,0.0,5000
6358,freegame,0.0,2007.8
6359,freegame,0.0,251.0
6360,freegame,0.0,3657.8
6361,freegame,0.2,2815.5
6362,freegame,0.0,162.2
6363,freegame,0.0,126.8
6364,freegame,0.0,191.0
6365,freegame,0.9,702.7
6366,freegame,0.1,1178.5
6367,freegame,0.4,609.1
6368,freegame,0.2,1882.3
6369,freegame,0.0,1600.6
6370,freegame,0.0,3012.4
6371,freegame,0.0,619.6
6372,freegame,3.0,96.3
6373,freegame,0.0,647.4
6374,freegame,0.0,375.5
6375,freegame,0.0,203.7
6376,freegame,0.3,2416.1
6377,freegame,0.0,712.3
6378,freegame,0.0,500.6
6379,freegame,0.0,614.4
6380,freegame,0.6,532.8
6381,freegame,0.0,499.6
6382,freegame,0.6,1329.5
6383,freegame,0.0,434.4
6384,freegame,0.3,167.8
6385,freegame,0.3,1227.1
6386,freegame,1.2,1414.5
6387,freegame,0.0,1842.0
6388,freegame,0.0,2.5
6389,freegame,0.0,558.3
6390,freegame,0.0,443.7
6391,freegame,0.0,194.0
6392,freegame,0.0,1727.9
6393,freegame,0.0,2155.4
6394,freegame,0.0,347.6
6395,freegame,1.0,465.5
6396,freegame,0.0,308.0
6397,freegame,0.2,1060.2
6398,freegame,1.0,854.0
6399,freegame,0.9,830.1
6400,freegame,0.0,54.4
6401,freegame,0.0,496.5
6402,freegame,0.0,4411.3
6403,freegame,0.0,2196.7
6404,freegame,0.0,581.7
6405,freegame,0.0,995.7
6406,freegame,1.7,885.9
6407,freegame,0.0,17.6
6408,freegame,0.0,98.5
6409,freegame,0.3,2944.7
6410,freegame,0.0,1142.9
6411,freegame,0.0,186.5
6412,freegame,19.0,1851.6
6413,freegame,0.6,372.6
6414,freegame,0.0,1588.9
6415,freegame,0.0,1092.2
6416,freegame,0.0,656.2
6417,freegame,0.6,2356.4
6418,freegame,0.0,1284.1
6419,freegame,1.3,2883.8
6420,freegame,0.0,1618.0
6421,freegame,0.0,23.7
6422,freegame,1.3,680.0
6423,freegame,0.0,292.8
6424,freegame,1.0,3779.4
6425,freegame,0.0,1228.5
6426,freegame,1.0,503.6
6427,freegame,0.0,557.0
6428,freegame,0.6,1555.6
6429,freegame,0.6,1764.3
6430,freegame,0.0,2443.4
6431,freegame,0.0,898.7
6432,freegame,0.0,83.0
6433,freegame,0.0,381.3
6434,freegame,0.5,5000
6435,freegame,0.0,127.1
6436,freegame,0.0,953.9
6437,freegame,0.0,3862.0
6438,freegame,0.0,255.2
6439,freegame,1.2,1460.1
6440,freegame,12.0,365.9
6441,freegame,0.0,2256.5
6442,freegame,0.0,701.8
6443,freegame,0.3,484.0
6444,freegame,0.2,1633.5
6445,freegame,0.0,167.8
6446,freegame,0.0,2039.7
6447,freegame,0.0,1568.0
6448,freegame,0.0,90.3
6449,freegame,0.0,1998.6
6450,freegame,0.0,467.2
6451,freegame,0.0,91.6
6452,freegame,0.5,16.6
6453,wincap,0.4,5000
6454,freegame,0.0,19.3
6455,freegame,0.2,5000
6456,freegame,0.1,659.5
6457,freegame,0.0,243.0
6458,freegame,0.0,1242.4
6459,freegame,0.0,860.7
6460,freegame,0.0,143.0
6461,freegame,0.0,1992.4
6462,freegame,1.0,56.7
6463,freegame,0.2,592.5
6464,freegame,0.0,482.1
6465,freegame,1.0,5000
6466,freegame,2.0,849.4
6467,freegame,0.0,1739.2
6468,freegame,0.1,3001.6
6469,freegame,0.0,2843.1
6470,freegame,0.0,1034.2
6471,freegame,0.4,77.9
6472,freegame,0.0,193.7
6473,freegame,0.1,1879.3
6474,freegame,0.0,3224.5
6475,freegame,0.0,280.8
6476,freegame,0.0,1501.3
6477,freegame,0.0,2556.5
6478,freegame,0.0,524.8
6479,freegame,0.0,1889.8
6480,freegame,0.0,796.4
6481,freegame,0.0,432.0
6482,freegame,0.5,2482.8
6483,freegame,0.0,122.0
6484,freegame,2.0,1096.1
6485,freegame,0.3,1001.1
6486,freegame,0.0,227.6
6487,freegame,0.2,159.3
6488,freegame,0.0,2923.3
6489,freegame,0.0,36.0
6490,freegame,0.0,198.8
6491,freegame,0.0,367.2
6492,freegame,6.4,758.1
6493,freegame,0.0,242.2
6494,freegame,0.3,1705.6
6495,freegame,5.0,36.3
6496,freegame,0.0,7.6
6497,freegame,0.3,331.8
6498,freegame,0.0,313.3
6499,freegame,1.0,627.2
6500,freegame,0.2,5000
6501,freegame,0.5,1133.2
6502,freegame,0.0,873.2
6503,freegame,0.0,279.4
6504,freegame,0.0,481.0
6505,freegame,1.0,1095.3
6506,freegame,0.1,1253.4
6507,freegame,0.0,114.1
6508,freegame,0.0,49.0
6509,freegame,0.0,484.2
6510,freegame,0.0,334.1
6511,freegame,0.0,1076.2
6512,freegame,0.0,754.2
6513,freegame,0.0,1340.3
6514,freegame,0.4,1238.9
6515,freegame,0.0,546.2
6516,freegame,0.0,217.2
6517,freegame,0.0,96.3
6518,freegame,3.7,67.3
6519,freegame,0.0,375.4
6520,freegame,0.1,106.3
6521,freegame,0.3,165.7
6522,freegame,0.0,321.2
6523,freegame,0.0,1718.9
6524,freegame,0.6,1481.8
6525,freegame,0.0,201.4
6526,freegame,0.0,1892.9
6527,freegame,0.4,3389.6
6528,freegame,0.0,853.1
6529,freegame,0.0,533.0
6530,freegame,0.0,142.2
6531,freegame,0.0,1426.8
6532,freegame,0.0,5000
6533,freegame,0.2,1912.2
6534,freegame,0.0,4442.6
6535,freegame,0.5,1482.7
6536,freegame,0.0,33.4
6537,freegame,0.0,604.4
6538,freegame,0.0,1510.6
6539,wincap,0.0,5000
6540,freegame,0.0,1512.8
6541,freegame,0.0,1026.0
6542,freegame,0.0,2145.9
6543,freegame,3.8,359.9
6544,freegame,0.5,105.7
6545,freegame,0.2,189.6
6546,freegame,0.0,3744.6
6547,freegame,0.0,2199.1
6548,freegame,0.0,2045.6
6549,freegame,2.0,871.2
6550,freegame,0.0,439.1
6551,freegame,0.0,241.1
6552,freegame,0.2,3587.1
6553,freegame,0.0,536.1
6554,freegame,0.0,2.3
6555,freegame,2.2,948.4
6556,freegame,1.0,126.2
6557,freegame,0.4,2194.6
6558,freegame,1.0,349.0
6559,freegame,0.0,587.3
6560,freegame,0.0,2879.1
6561,freegame,0.4,2249.5
6562,freegame,0.0,706.9
6563,freegame,0.7,50.2
6564,freegame,2.4,2814.8
6565,freegame,0.0,1043.3
6566,freegame,0.0,1702.7
6567,freegame,1.4,1103.5
6568,freegame,1.4,548.1
6569,wincap,0.0,5000
6570,freegame,0.0,495.6
6571,freegame,0.0,1200.7
6572,freegame,0.2,5000
6573,freegame,0.6,746.4
6574,freegame,0.0,2553.7
6575,freegame,0.0,1072.0
6576,freegame,0.0,53.0
6577,freegame,0.4,782.7
6578,freegame,0.0,560.9
6579,freegame,0.0,616.1
6580,freegame,1.3,398.9
6581,freegame,0.0,917.7
6582,freegame,0.0,123.4
6583,freegame,0.0,384.6
6584,freegame,0.0,758.8
6585,freegame,0.0,329.7
6586,freegame,0.0,28.1
6587,freegame,0.0,1170.0
6588,freegame,0.0,5000
6589,freegame,0.0,720.0
6590,freegame,0.0,24.2
6591,freegame,0.0,2723.3
6592,freegame,0.0,1301.7
6593,freegame,0.0,702.6
6594,freegame,0.0,1609.5
6595,freegame,0.0,394.0
6596,freegame,0.0,14.8
6597,freegame,0.4,99.0
6598,freegame,0.9,11.5
6599,freegame,0.0,1199.1
6600,freegame,0.0,747.1
6601,freegame,0.0,167.3
6602,freegame,0.1,1322.0
6603,freegame,0.0,291.7
6604,freegame,0.0,381.7
6605,freegame,0.0,1458.8
6606,freegame,0.6,748.4
6607,wincap,0.0,5000
6608,freegame,0.0,912.3
6609,freegame,0.0,4929.8
6610,freegame,1.1,1782.6
6611,freegame,0.0,42.5
6612,freegame,1.1,5000
6613,freegame,0.5,144.5
6614,freegame,0.0,573.3
6615,freegame,0.0,989.9
6616,freegame,0.0,23.0
6617,freegame,0.0,3493.1
6618,freegame,0.0,1931.7
6619,freegame,0.0,2204.3
6620,freegame,0.0,1153.0
6621,freegame,0.0,3775.3
6622,freegame,0.0,1264.2
6623,freegame,0.0,368.8
6624,freegame,0.1,39.2
6625,freegame,0.0,1628.6
6626,freegame,0.0,1001.5
6627,freegame,0.2,496.8
6628,freegame,1.0,636.2
6629,freegame,50.0,138.1
6630,freegame,0.0,826.6
6631,freegame,0.7,1163.5
6632,freegame,1.2,1082.1
6633,freegame,0.0,2938.0
6634,freegame,0.0,92.3
6635,freegame,0.0,674.9
6636,freegame,0.2,1028.2
6637,freegame,0.0,2119.4
6638,freegame,0.6,69.3
6639,freegame,0.0,1127.0
6640,freegame,0.0,789.1
6641,freegame,0.9,432.0
6642,freegame,0.0,1234.4
6643,freegame,0.0,67.6
6644,freegame,0.0,1764.1
6645,freegame,0.0,1702.0
6646,freegame,0.0,1443.5
6647,freegame,0.0,2085.0
6648,freegame,0.0,1239.8
6649,freegame,0.4,763.2
6650,freegame,0.0,2719.1
6651,freegame,0.2,3147.2
6652,freegame,1.4,88.5
6653,freegame,0.0,1001.5
6654,freegame,0.0,213.8
6655,freegame,0.0,336.0
6656,freegame,0.0,256.7
6657,freegame,0.0,274.0
6658,freegame,0.0,3386.4
6659,freegame,0.3,2430.1
6660,freegame,0.0,153.8
6661,freegame,0.0,362.4
6662,freegame,0.1,1038.0
6663,freegame,0.0,66.4
6664,freegame,0.0,740.3
6665,freegame,0.3,492.9
6666,freegame,0.0,2099.5
6667,freegame,0.0,2052.5
6668,freegame,0.0,2323.0
6669,freegame,0.5,934.3
6670,freegame,0.0,1010.8
6671,freegame,0.0,494.8
6672,freegame,0.0,235.3
6673,freegame,0.6,3485.4
6674,freegame,0.0,2162.3
6675,freegame,0.0,906.9
6676,freegame,0.0,1302.5
6677,freegame,0.0,2925.8
6678,freegame,0.0,635.8
6679,freegame,0.0,217.7
6680,freegame,40.0,734.3
6681,freegame,0.0,176.6
6682,freegame,0.0,1635.3
6683,freegame,0.0,589.8
6684,freegame,20.0,823.4
6685,freegame,0.4,1676.4
6686,freegame,0.0,286.6
6687,freegame,0.0,579.1
6688,freegame,0.0,668.5
6689,freegame,0.0,353.0
6690,freegame,0.0,126.0
6691,freegame,0.0,2125.0
6692,freegame,0.0,303.1
6693,freegame,0.0,102.7
6694,freegame,0.0,919.4
6695,freegame,0.0,241.0
6696,freegame,0.0,636.5
6697,freegame,1.6,588.7
6698,freegame,0.3,298.8
6699,freegame,0.0,165.7
6700,freegame,0.0,811.5
6701,freegame,0.0,3457.7
6702,freegame,0.0,1678.0
6703,freegame,0.0,200.8
6704,freegame,0.0,3123.8
6705,freegame,0.0,2113.2
6706,freegame,0.3,5000
6707,freegame,0.0,786.1
6708,freegame,0.2,1418.8
6709,freegame,0.5,103.2
6710,freegame,0.0,159.3
6711,freegame,0.0,47.1
6712,freegame,0.5,1045.4
6713,freegame,1.4,1329.2
6714,freegame,4.2,933.7
6715,freegame,0.0,1495.9
6716,freegame,0.0,208.1
6717,freegame,0.0,1822.9
6718,freegame,0.0,3714.2
6719,freegame,0.9,2883.1
6720,freegame,0.0,65.3
6721,freegame,0.0,1839.1
6722,freegame,0.0,407.5
6723,wincap,0.0,5000
6724,freegame,0.0,5000
6725,freegame,0.2,303.1
6726,freegame,0.0,117.1
6727,freegame,0.0,708.6
6728,freegame,0.0,27.0
6729,freegame,0.1,1806.2
6730,freegame,0.0,725.2
6731,freegame,1.1,1582.4
6732,freegame,0.0,97.4
6733,freegame,0.0,293.1
6734,freegame,0.5,753.7
6735,freegame,0.0,5000
6736,freegame,0.3,2702.3
6737,freegame,0.0,259.5
6738,freegame,0.0,279.0
6739,freegame,0.0,1231.3
6740,freegame,0.5,454.4
6741,freegame,0.0,1852.7
6742,freegame,0.0,1056.2
6743,freegame,0.0,102.7
6744,freegame,0.0,638.3
6745,freegame,0.1,1629.1
6746,freegame,0.0,858.1
6747,freegame,0.8,733.2
6748,freegame,0.0,4104.3
6749,freegame,1.3,1296.0
6750,freegame,0.0,5000
6751,freegame,0.0,692.3
6752,freegame,0.1,347.3
6753,freegame,0.0,518.3
6754,freegame,0.0,679.3
6755,freegame,0.0,154.1
6756,freegame,0.9,270.9
6757,freegame,0.0,739.0
6758,freegame,0.0,436.7
6759,freegame,0.0,292.6
6760,freegame,0.1,1005.4
6761,freegame,0.0,1608.5
6762,freegame,0.0,1471.9
6763,freegame,0.0,174.8
6764,freegame,0.0,3696.8
6765,freegame,0.4,925.4
6766,freegame,0.0,748.4
6767,freegame,0.3,310.1
6768,freegame,0.0,1821.9
6769,freegame,0.0,5000
6770,freegame,0.6,417.9
6771,freegame,0.0,561.6
6772,freegame,0.6,841.1
6773,freegame,6.0,276.1
6774,freegame,0.0,301.6
6775,freegame,0.0,4410.3
6776,freegame,0.3,152.4
6777,freegame,0.9,1153.7
6778,freegame,0.0,419.3
6779,freegame,1.0,578.9
6780,freegame,0.4,297.7
6781,freegame,0.0,1667.7
6782,freegame,0.0,853.8
6783,freegame,0.0,348.7
6784,freegame,0.0,405.1
6785,freegame,0.0,295.0
6786,freegame,0.0,164.4
6787,freegame,0.0,1448.7
6788,freegame,0.0,246.8
6789,freegame,0.0,909.6
6790,freegame,0.0,3473.5
6791,freegame,0.3,858.1
6792,freegame,0.0,687.7
6793,freegame,0.0,748.4
6794,freegame,0.0,1053.3
6795,freegame,15.1,217.9
6796,freegame,0.0,788.3
6797,freegame,0.0,1450.4
6798,freegame,0.0,381.0
6799,freegame,0.0,326.4
6800,freegame,0.0,281.1
6801,freegame,0.0,704.1
6802,freegame,1.1,492.2
6803,freegame,0.4,230.6
6804,freegame,0.0,5000
6805,freegame,0.0,5000
6806,freegame,0.0,1245.6
6807,freegame,0.0,223.2
6808,freegame,0.3,1509.0
6809,freegame,0.1,569.0
6810,freegame,0.7,1196.9
6811,freegame,0.4,1468.0
6812,freegame,0.0,663.7
6813,freegame,0.0,576.2
6814,freegame,0.0,1583.4
6815,freegame,0.0,1713.0
6816,freegame,0.0,1874.3
6817,freegame,0.9,770.3
6818,freegame,0.0,677.5
6819,freegame,0.0,73.2
6820,freegame,0.1,912.2
6821,freegame,0.0,762.7
6822,freegame,1.3,506.8
6823,freegame,0.0,1176.1
6824,freegame,0.4,5000
6825,freegame,0.0,165.5
6826,freegame,0.0,15.2
6827,freegame,0.7,216.7
6828,wincap,0.0,5000
6829,freegame,0.0,81.6
6830,freegame,0.0,105.9
6831,freegame,0.0,2325.7
6832,freegame,0.0,1425.9
6833,freegame,1.4,5000
6834,freegame,1.2,1167.0
6835,freegame,0.0,252.6
6836,freegame,0.0,34.2
6837,freegame,0.0,688.1
6838,freegame,0.0,2183.1
6839,freegame,0.1,238.2
6840,freegame,0.0,5000
6841,freegame,0.3,270.3
6842,freegame,0.5,1143.5
6843,freegame,0.0,435.0
6844,freegame,0.0,676.3
6845,freegame,0.0,2047.6
6846,freegame,1.8,121.0
6847,freegame,0.4,1407.5
6848,freegame,0.0,396.6
6849,freegame,0.0,1726.3
6850,freegame,0.1,2485.7
6851,freegame,0.0,898.6
6852,freegame,0.0,484.0
6853,freegame,0.0,1244.9
6854,freegame,0.0,156.5
6855,freegame,0.0,848.3
6856,freegame,0.0,2607.8
6857,freegame,0.0,993.0
6858,freegame,0.0,744.2
6859,freegame,0.0,103.7
6860,freegame,0.0,886.8
6861,freegame,0.0,295.3
6862,freegame,0.0,1700.0
6863,freegame,0.0,11.4
6864,freegame,0.0,261.2
6865,freegame,0.0,13.7
6866,freegame,0.0,778.5
6867,freegame,0.0,824.3
6868,freegame,0.0,932.6
6869,freegame,0.0,3641.8
6870,freegame,10.0,369.7
6871,freegame,0.0,140.7
6872,freegame,0.0,1386.6
6873,freegame,0.0,269.1
6874,freegame,0.0,1911.3
6875,freegame,0.0,981.9
6876,freegame,0.0,427.1
6877,freegame,0.0,938.2
6878,freegame,6.0,807.8
6879,freegame,7.8,1293.8
6880,freegame,0.0,190.0
6881,freegame,2.5,980.3
6882,freegame,0.3,410.4
6883,freegame,1.3,739.4
6884,freegame,0.8,1215.7
6885,freegame,0.0,1452.3
6886,freegame,0.0,1081.6
6887,freegame,2.0,487.8
6888,freegame,0.0,16.3
6889,freegame,0.0,1950.6
6890,freegame,0.0,219.3
6891,freegame,0.4,1241.7
6892,freegame,0.0,653.6
6893,freegame,0.2,842.7
6894,freegame,0.0,1621.1
6895,freegame,0.6,127.8
6896,freegame,0.0,9.2
6897,freegame,0.0,117.6
6898,freegame,0.0,1717.8
6899,freegame,0.0,1139.5
6900,freegame,0.0,141.1
6901,freegame,0.0,462.7
6902,freegame,0.0,1596.2
6903,freegame,0.1,2140.1
6904,freegame,0.1,1401.4
6905,freegame,0.0,5000
6906,freegame,0.0,72.2
6907,freegame,0.0,1148.2
6908,freegame,0.4,645.7
6909,freegame,0.0,311.6
6910,freegame,0.0,2.2
6911,freegame,0.0,1195.7
6912,freegame,0.0,1901.1
6913,freegame,0.0,274.0
6914,freegame,0.2,1565.1
6915,freegame,0.0,2392.6
6916,freegame,0.0,137.6
6917,freegame,0.3,1244.9
6918,freegame,0.7,294.0
6919,freegame,0.0,5000
6920,freegame,0.0,16.7
6921,freegame,0.4,5000
6922,freegame,0.0,622.2
6923,freegame,0.0,2940.8
6924,freegame,0.0,4828.2
6925,freegame,0.0,51.6
6926,freegame,0.0,665.4
6927,freegame,0.6,986.0
6928,freegame,0.0,343.6
6929,freegame,0.1,1048.7
6930,freegame,0.0,124.6
6931,freegame,0.2,537.6
6932,freegame,0.5,747.7
6933,freegame,0.0,421.4
6934,wincap,0.0,5000
6935,freegame,0.0,592.8
6936,freegame,0.0,951.6
6937,freegame,0.0,317.4
6938,freegame,0.0,1152.0
6939,freegame,0.0,450.3
6940,freegame,0.0,130.0
6941,freegame,0.0,1108.6
6942,freegame,5.1,511.5
6943,freegame,0.0,436.1
6944,freegame,0.0,505.1
6945,freegame,0.0,1041.0
6946,freegame,0.0,944.4
6947,freegame,0.4,145.5
6948,freegame,0.0,539.1
6949,freegame,0.3,603.5
6950,freegame,0.0,1346.4
6951,freegame,0.0,102.4
6952,freegame,0.3,362.5
6953,freegame,0.0,206.9
6954,freegame,0.0,1591.1
6955,freegame,1.1,688.9
6956,freegame,1.4,3323.1
6957,freegame,0.0,183.1
6958,freegame,0.0,341.0
6959,freegame,0.7,5000
6960,freegame,0.0,294.3
6961,freegame,1.0,1385.2
6962,freegame,0.0,1337.7
6963,freegame,0.0,1619.6
6964,freegame,0.2,1415.0
6965,freegame,0.0,625.0
6966,freegame,0.0,3234.3
6967,freegame,0.0,1355.5
6968,freegame,0.0,211.1
6969,freegame,0.0,74.9
6970,freegame,0.0,42.2
6971,freegame,0.0,60.3
6972,freegame,0.5,646.4
6973,freegame,0.0,428.4
6974,freegame,1.7,479.4
6975,freegame,6.3,1775.4
6976,freegame,0.4,845.1
6977,freegame,1.8,30.2
6978,freegame,0.3,340.0
6979,freegame,0.0,159.3
6980,freegame,0.0,359.7
6981,freegame,0.3,838.6
6982,freegame,0.0,2218.8
6983,freegame,0.2,318.0
6984,freegame,0.0,778.8
6985,freegame,0.0,990.3
6986,freegame,0.0,612.8
6987,freegame,0.0,1907.3
6988,freegame,1.0,224.9
6989,freegame,1.0,1259.0
6990,freegame,0.0,766.7
6991,freegame,0.0,2800.7
6992,freegame,0.6,794.8
6993,freegame,0.0,550.6
6994,freegame,0.1,400.7
6995,freegame,0.0,795.6
6996,freegame,0.8,1366.8
6997,freegame,0.0,2477.9
6998,freegame,0.0,763.6
6999,freegame,0.0,794.7
7000,freegame,0.3,2569.1
7001,freegame,0.0,484.2
7002,freegame,0.0,774.8
7003,freegame,0.0,462.8
7004,freegame,1.1,204.0
7005,freegame,0.0,194.9
7006,freegame,0.0,337.8
7007,freegame,0.0,2665.7
7008,freegame,0.6,377.5
7009,freegame,0.1,3248.4
7010,freegame,0.0,5000
7011,freegame,0.0,745.3
7012,freegame,0.0,1953.3
7013,freegame,0.0,94.6
7014,freegame,0.0,119.9
7015,freegame,0.0,280.0
7016,freegame,0.0,1042.0
7017,freegame,0.8,1351.3
7018,freegame,0.0,434.1
7019,freegame,19.0,32.2
7020,freegame,0.0,1020.9
7021,freegame,0.2,2428.8
7022,freegame,0.0,39.8
7023,freegame,0.0,1758.4
7024,freegame,0.0,1615.3
7025,freegame,0.0,411.7
7026,freegame,0.0,414.3
7027,freegame,0.0,834.9
7028,freegame,0.0,184.6
7029,freegame,0.0,4005.4
7030,freegame,0.0,825.3
7031,freegame,0.0,988.8
7032,freegame,0.0,1615.9
7033,freegame,0.1,4028.5
7034,freegame,0.5,331.7
7035,freegame,1.0,1759.0
7036,freegame,0.0,294.1
7037,freegame,0.0,1086.9
7038,freegame,0.0,145.7
7039,freegame,0.0,502.6
7040,freegame,0.1,4200.0
7041,freegame,0.6,3533.7
7042,freegame,0.1,28.0
7043,freegame,0.0,1727.5
7044,freegame,0.0,1129.0
7045,freegame,0.0,739.1
7046,freegame,0.0,677.3
7047,freegame,0.0,1858.0
7048,freegame,0.4,1813.6
7049,freegame,0.0,77.5
7050,freegame,0.8,484.3
7051,freegame,0.6,223.1
7052,freegame,0.0,5000
7053,freegame,0.7,1511.5
7054,freegame,0.0,463.0
7055,freegame,0.5,454.0
7056,freegame,0.4,891.4
7057,freegame,0.0,393.1
7058,freegame,0.1,821.9
7059,freegame,0.6,858.5
7060,freegame,0.0,46.3
7061,freegame,2.2,1171.6
7062,freegame,0.2,1801.3
7063,freegame,0.0,46.0
7064,freegame,0.9,335.1
7065,freegame,0.0,238.0
7066,freegame,0.0,847.4
7067,freegame,0.5,663.4
7068,freegame,0.0,2284.2
7069,freegame,3.2,38.0
7070,freegame,0.4,503.6
7071,freegame,0.0,593.0
7072,freegame,0.0,333.8
7073,freegame,0.0,117.1
7074,freegame,0.6,605.0
7075,freegame,0.5,1023.8
7076,freegame,0.4,305.7
7077,freegame,0.0,1581.1
7078,freegame,0.0,588.6
7079,freegame,0.0,5000
7080,freegame,0.3,1200.2
7081,freegame,0.0,5000
7082,freegame,0.2,216.7
7083,freegame,0.0,267.4
7084,freegame,0.0,395.3
7085,freegame,0.0,1455.8
7086,freegame,0.0,3311.6
7087,freegame,0.0,958.0
7088,freegame,0.0,103.1
7089,freegame,0.0,5000
7090,freegame,0.0,4240.8
7091,freegame,0.0,305.4
7092,freegame,0.0,1500.6
7093,freegame,0.0,695.2
7094,freegame,0.0,432.4
7095,freegame,0.0,68.5
7096,freegame,0.0,25.7
7097,freegame,0.0,2838.8
7098,freegame,0.3,3038.5
7099,freegame,0.5,77.6
7100,freegame,0.0,765.8
7101,freegame,0.0,289.4
7102,freegame,0.0,213.2
7103,freegame,0.3,772.7
7104,freegame,0.0,1450.8
7105,freegame,0.3,5000
7106,freegame,0.2,58.7
7107,freegame,0.0,964.7
7108,freegame,0.0,1037.6
7109,freegame,0.0,3989.9
7110,freegame,0.2,499.6
7111,freegame,0.0,2208.8
7112,freegame,0.2,199.7
7113,freegame,0.0,27.9
7114,freegame,0.0,846.4
7115,freegame,0.0,856.4
7116,freegame,0.0,1607.2
7117,freegame,0.4,1082.0
7118,freegame,0.6,882.9
7119,wincap,0.0,5000
7120,freegame,0.0,1321.3
7121,freegame,0.0,887.6
7122,freegame,0.0,261.2
7123,freegame,0.0,1217.9
7124,freegame,0.0,484.1
7125,freegame,0.7,1265.5
7126,freegame,0.8,1215.3
7127,freegame,0.0,4775.9
7128,freegame,0.0,690.2
7129,freegame,0.0,633.6
7130,freegame,0.0,1154.8
7131,freegame,0.0,1260.2
7132,freegame,1.1,1308.5
7133,freegame,0.0,96.4
7134,freegame,0.0,1602.3
7135,freegame,0.0,5000
7136,freegame,0.2,2133.9
7137,freegame,0.0,1194.1
7138,freegame,0.4,1369.1
7139,freegame,6.3,1426.1
7140,freegame,0.0,457.7
7141,freegame,0.0,190.3
7142,freegame,0.0,445.7
7143,freegame,0.0,45.0
7144,freegame,0.0,950.4
7145,freegame,0.0,273.6
7146,freegame,0.0,3030.7
7147,freegame,0.0,946.8
7148,freegame,0.0,582.4
7149,freegame,0.0,1876.2
7150,freegame,0.0,5000
7151,freegame,0.0,686.4
7152,freegame,0.2,564.7
7153,freegame,0.5,113.4
7154,freegame,0.0,4742.6
7155,freegame,0.9,625.9
7156,freegame,0.0,1321.1
7157,freegame,0.4,1273.3
7158,freegame,0.0,256.7
7159,freegame,0.2,5000
7160,freegame,0.6,4233.4
7161,freegame,0.0,402.7
7162,freegame,0.0,375.1
7163,freegame,0.5,691.5
7164,freegame,0.0,56.8
7165,freegame,0.1,1697.0
7166,freegame,0.0,3.8
7167,freegame,0.0,583.9
7168,freegame,0.0,124.0
7169,freegame,0.0,1560.7
7170,freegame,0.0,48.2
7171,freegame,0.0,3338.1
7172,freegame,0.0,2708.4
7173,freegame,0.1,3722.4
7174,freegame,0.3,2199.5
7175,freegame,0.0,2173.2
7176,freegame,0.0,377.8
7177,freegame,0.0,482.2
7178,freegame,0.0,1695.7
7179,freegame,0.0,1292.7
7180,freegame,0.6,868.1
7181,freegame,0.3,5000
7182,freegame,0.0,918.7
7183,freegame,0.0,82.8
7184,freegame,0.0,1499.8
7185,freegame,0.0,193.5
7186,freegame,0.0,331.2
7187,freegame,0.0,68.9
7188,freegame,0.0,948.5
7189,wincap,0.0,5000
7190,freegame,0.0,632.9
7191,freegame,0.0,2752.4
7192,freegame,0.0,787.0
7193,freegame,0.0,1126.8
7194,freegame,0.0,233.1
7195,freegame,0.0,1210.2
7196,wincap,0.0,5000
7197,freegame,3.0,193.1
7198,freegame,0.0,290.5
7199,freegame,0.8,689.3
7200,freegame,0.0,2302.0
7201,freegame,0.0,91.3
7202,freegame,0.0,980.0
7203,freegame,0.1,707.2
7204,freegame,0.3,824.8
7205,freegame,0.0,3681.1
7206,freegame,0.0,23.4
7207,freegame,0.0,1769.3
7208,freegame,0.9,594.7
7209,freegame,0.0,1590.5
7210,freegame,0.0,684.5
7211,freegame,0.0,637.4
7212,freegame,0.0,246.3
7213,freegame,0.0,2676.1
7214,freegame,0.0,274.1
7215,freegame,0.0,1618.0
7216,freegame,0.0,106.4
7217,freegame,0.0,689.6
7218,freegame,0.0,655.7
7219,freegame,0.0,808.8
7220,freegame,0.0,2586.0
7221,freegame,0.0,140.2
7222,freegame,0.0,1182.6
7223,freegame,0.0,3339.4
7224,freegame,0.0,855.8
7225,freegame,0.0,546.2
7226,freegame,0.0,467.1
7227,freegame,0.6,99.2
7228,freegame,0.0,3361.1
7229,freegame,0.1,1391.6
7230,freegame,0.0,13.6
7231,freegame,0.0,1267.8
7232,freegame,0.1,1999.2
7233,freegame,0.0,1264.8
7234,freegame,0.0,28.5
7235,freegame,0.0,1085.9
7236,freegame,0.0,2187.8
7237,freegame,0.0,214.6
7238,freegame,0.3,251.6
7239,freegame,0.0,1188.3
7240,freegame,0.0,1123.0
7241,freegame,0.0,342.8
7242,freegame,0.0,358.9
7243,freegame,0.0,530.2
7244,freegame,0.0,1123.1
7245,freegame,0.0,688.6
7246,freegame,0.0,690.0
7247,freegame,0.0,5000
7248,freegame,0.0,201.2
7249,freegame,0.0,18.1
7250,wincap,0.0,5000
7251,freegame,0.0,523.6
7252,freegame,0.0,5000
7253,freegame,0.0,164.8
7254,freegame,0.1,5000
7255,wincap,0.0,5000
7256,freegame,0.0,10.4
7257,freegame,0.0,1405.6
7258,freegame,0.0,165.8
7259,freegame,0.0,769.8
7260,freegame,0.0,3717.2
7261,freegame,0.0,1393.9
7262,freegame,0.6,409.8
7263,freegame,0.0,708.7
7264,freegame,0.0,1411.0
7265,freegame,0.8,1297.6
7266,freegame,0.0,434.8
7267,freegame,0.3,2182.5
7268,freegame,0.5,1553.8
7269,freegame,0.0,552.6
7270,freegame,0.0,42.1
7271,freegame,0.0,775.8
7272,freegame,0.7,1928.1
7273,freegame,0.4,469.3
7274,freegame,0.0,2089.5
7275,freegame,0.0,442.6
7276,freegame,0.3,120.8
7277,freegame,0.0,711.6
7278,freegame,0.0,1740.3
7279,freegame,0.0,12.0
7280,freegame,0.2,720.7
7281,freegame,0.0,403.6
7282,freegame,0.0,1987.8
7283,freegame,0.0,271.5
7284,freegame,0.0,974.2
7285,freegame,4.3,176.8
7286,freegame,0.0,5000
7287,freegame,0.0,325.3
7288,freegame,0.0,48.5
7289,freegame,3.0,483.1
7290,freegame,0.2,62.2
7291,freegame,0.1,1273.9
7292,freegame,0.0,1429.6
7293,freegame,0.0,3098.5
7294,freegame,0.0,614.2
7295,freegame,0.0,486.9
7296,freegame,1.6,100.6
7297,freegame,2.0,697.8
7298,freegame,1.0,1702.3
7299,freegame,1.0,2076.3
7300,freegame,0.4,2136.4
7301,freegame,0.0,389.3
7302,freegame,1.6,202.7
7303,freegame,0.0,1892.9
7304,freegame,0.0,2248.1
7305,freegame,0.2,163.5
7306,freegame,0.0,272.7
7307,freegame,0.1,502.0
7308,freegame,0.3,957.9
7309,freegame,0.0,62.1
7310,freegame,0.0,1706.1
7311,freegame,0.0,40.9
7312,freegame,0.0,1513.0
7313,freegame,0.5,794.4
7314,freegame,0.6,750.5
7315,freegame,0.0,2414.5
7316,freegame,0.0,188.3
7317,freegame,0.0,451.4
7318,freegame,0.0,1207.3
7319,freegame,0.0,1108.1
7320,freegame,0.0,811.8
7321,freegame,0.4,362.2
7322,freegame,0.0,443.9
7323,freegame,0.0,1512.5
7324,freegame,0.2,1313.5
7325,wincap,0.0,5000
7326,freegame,0.0,575.0
7327,freegame,0.0,579.8
7328,freegame,0.0,666.9
7329,freegame,0.0,481.0
7330,freegame,0.0,304.3
7331,freegame,6.4,0.3
7332,freegame,12.2,2925.2
7333,freegame,2.1,693.6
7334,freegame,0.0,809.0
7335,freegame,0.4,351.3
7336,freegame,0.0,3367.5
7337,freegame,0.0,145.8
7338,freegame,0.0,568.9
7339,freegame,0.0,330.9
7340,freegame,0.6,294.4
7341,freegame,0.0,2549.5
7342,freegame,0.6,3157.3
7343,freegame,0.0,1029.4
7344,freegame,0.0,476.9
7345,freegame,0.0,395.4
7346,freegame,0.2,344.8
7347,freegame,0.2,1363.3
7348,freegame,0.0,944.0
7349,freegame,0.0,123.8
7350,freegame,0.0,87.0
7351,freegame,0.6,3527.2
7352,freegame,0.0,1337.9
7353,freegame,0.0,803.7
7354,freegame,0.0,1150.9
7355,freegame,0.5,907.5
7356,freegame,1.6,730.6
7357,freegame,0.3,2854.7
7358,freegame,1.4,2176.1
7359,freegame,0.4,252.5
7360,freegame,0.0,869.9
7361,freegame,0.0,1015.9
7362,freegame,0.0,1235.4
7363,freegame,0.0,2768.9
7364,freegame,6.0,328.1
7365,freegame,0.6,625.6
7366,freegame,0.6,4634.4
7367,freegame,0.0,2897.9
7368,freegame,0.0,1128.1
7369,freegame,0.0,754.1
7370,freegame,0.0,764.8
7371,freegame,0.0,179.6
7372,freegame,0.0,99.1
7373,freegame,0.0,3780.7
7374,freegame,0.0,1192.9
7375,freegame,0.1,2996.5
7376,freegame,0.1,1834.7
7377,freegame,0.0,3480.7
7378,freegame,0.0,5000
7379,freegame,0.5,165.0
7380,freegame,0.0,2322.4
7381,freegame,0.2,95.4
7382,freegame,0.0,706.3
7383,freegame,1.0,896.9
7384,freegame,0.0,1737.5
7385,freegame,0.0,1298.1
7386,freegame,0.0,4343.9
7387,freegame,0.0,114.1
7388,freegame,0.0,838.0
7389,freegame,0.0,59.8
7390,freegame,0.0,621.4
7391,freegame,0.0,75.0
7392,freegame,0.0,846.4
7393,freegame,0.0,1957.9
7394,freegame,0.0,450.1
7395,freegame,0.0,1688.9
7396,freegame,0.0,287.6
7397,freegame,0.0,740.0
7398,freegame,0.0,553.8
7399,freegame,0.0,434.4
7400,freegame,0.0,212.3
7401,freegame,0.2,3371.9
7402,freegame,3.0,731.7
7403,freegame,0.0,40.7
7404,freegame,0.0,847.1
7405,freegame,0.0,794.9
7406,freegame,0.0,669.4
7407,freegame,0.0,152.9
7408,freegame,0.7,447.2
7409,freegame,0.0,1187.5
7410,freegame,0.7,1638.5
7411,freegame,0.0,694.1
7412,freegame,0.0,975.9
7413,freegame,0.0,1721.1
7414,freegame,0.0,390.1
7415,freegame,0.0,1671.7
7416,freegame,0.1,3906.6
7417,freegame,6.3,1976.2
7418,freegame,0.0,818.2
7419,freegame,0.3,302.9
7420,freegame,0.0,377.7
7421,freegame,0.0,5000
7422,freegame,3.2,159.4
7423,freegame,0.1,1238.3
7424,freegame,0.2,2669.2
7425,freegame,0.0,190.0
7426,freegame,0.0,2713.6
7427,freegame,0.0,464.3
7428,freegame,0.0,199.8
7429,freegame,0.0,3128.3
7430,freegame,1.3,1908.0
7431,freegame,0.0,969.1
7432,freegame,0.2,2230.6
7433,freegame,0.0,111.8
7434,freegame,0.0,457.3
7435,freegame,0.0,5000
7436,freegame,0.3,40.3
7437,freegame,0.0,775.1
7438,freegame,0.0,1113.2
7439,freegame,0.0,509.8
7440,freegame,0.0,401.8
7441,freegame,0.0,682.9
7442,freegame,0.0,9.6
7443,freegame,0.0,1026.8
7444,freegame,0.0,602.9
7445,freegame,0.0,3800.1
7446,freegame,0.0,890.6
7447,freegame,0.1,2406.7
7448,freegame,1.0,382.3
7449,freegame,0.0,1381.4
7450,freegame,0.3,1686.4
7451,freegame,1.4,262.7
7452,freegame,0.3,985.4
7453,freegame,0.0,53.0
7454,freegame,0.6,658.3
7455,freegame,0.0,991.8
7456,freegame,0.0,2.9
7457,freegame,0.0,3499.0
7458,freegame,0.0,212.2
7459,freegame,0.6,1645.3
7460,freegame,0.2,1935.6
7461,freegame,0.0,607.6
7462,freegame,0.0,5000
7463,freegame,0.2,409.9
7464,freegame,0.1,5000
7465,freegame,1.5,199.7
7466,freegame,1.1,2477.2
7467,freegame,0.3,136.4
7468,freegame,0.0,214.1
7469,freegame,0.0,446.5
7470,freegame,0.9,166.3
7471,freegame,0.0,349.4
7472,freegame,0.0,1043.2
7473,freegame,0.0,146.1
7474,freegame,0.6,920.1
7475,freegame,0.0,1003.6
7476,freegame,0.0,85.6
7477,freegame,0.0,77.6
7478,wincap,0.0,5000
7479,freegame,0.0,1580.2
7480,freegame,0.1,485.0
7481,freegame,3.1,5000
7482,freegame,2.5,266.5
7483,freegame,0.0,786.5
7484,freegame,0.0,2097.9
7485,freegame,0.0,703.0
7486,freegame,0.1,1856.9
7487,freegame,0.0,854.5
7488,freegame,0.0,5000
7489,freegame,0.0,84.0
7490,freegame,0.0,2172.7
7491,freegame,0.0,196.8
7492,freegame,1.0,57.8
7493,freegame,0.0,486.2
7494,freegame,0.0,160.6
7495,freegame,0.4,277.1
7496,freegame,0.0,1416.9
7497,freegame,0.0,336.3
7498,freegame,0.0,813.2
7499,freegame,0.0,11.3
7500,freegame,0.4,207.3
7501,freegame,0.0,989.8
7502,freegame,0.4,352.0
7503,freegame,3.9,341.9
7504,freegame,0.2,1821.0
7505,freegame,0.9,278.9
7506,freegame,0.0,3053.9
7507,freegame,0.2,268.7
7508,freegame,0.0,162.6
7509,freegame,0.0,471.9
7510,freegame,0.0,1117.2
7511,freegame,0.0,1208.1
7512,freegame,0.0,1652.4
7513,freegame,0.0,277.5
7514,freegame,0.0,859.0
7515,freegame,0.0,784.5
7516,freegame,0.0,66.4
7517,freegame,0.0,1918.5
7518,freegame,0.0,61.8
7519,freegame,0.0,3198.8
7520,freegame,0.0,208.7
7521,freegame,0.0,1090.2
7522,freegame,0.0,848.5
7523,freegame,3.0,187.1
7524,freegame,0.0,811.7
7525,freegame,0.0,2328.3
7526,freegame,0.0,2430.7
7527,freegame,0.0,2284.1
7528,freegame,0.0,1631.8
7529,freegame,0.4,371.8
7530,freegame,0.0,555.3
7531,freegame,0.0,419.9
7532,freegame,0.0,1056.1
7533,freegame,0.3,39.1
7534,freegame,0.0,2001.4
7535,freegame,0.0,1028.2
7536,freegame,0.0,3367.1
7537,freegame,0.2,2621.9
7538,freegame,0.0,105.5
7539,freegame,0.0,191.5
7540,freegame,0.0,474.6
7541,freegame,0.0,605.1
7542,freegame,0.0,855.3
7543,freegame,0.0,1714.8
7544,freegame,0.2,3679.6
7545,freegame,1.2,476.4
7546,freegame,0.0,736.6
7547,freegame,0.0,642.6
7548,freegame,0.0,557.0
7549,freegame,0.8,478.8
7550,freegame,1.4,1421.2
7551,freegame,2.0,1392.0
7552,freegame,0.0,30.7
7553,freegame,0.0,1318.7
7554,freegame,0.0,94.7
7555,freegame,0.0,587.6
7556,freegame,0.0,88.1
7557,freegame,0.0,314.4
7558,freegame,0.6,711.2
7559,freegame,0.0,236.1
7560,freegame,2.0,291.9
7561,freegame,0.0,459.3
7562,freegame,0.0,75.3
7563,freegame,0.0,1206.7
7564,freegame,0.0,70.9
7565,freegame,0.0,1474.0
7566,freegame,0.6,4625.6
7567,freegame,0.0,790.8
7568,freegame,0.5,5000
7569,freegame,0.0,665.9
7570,freegame,0.8,902.6
7571,freegame,0.0,909.3
7572,freegame,0.0,1076.1
7573,freegame,2.6,658.7
7574,freegame,0.0,40.1
7575,freegame,0.0,441.2
7576,freegame,0.2,1727.3
7577,freegame,0.0,1284.9
7578,freegame,0.0,2014.9
7579,freegame,0.7,4919.9
7580,freegame,0.6,2176.6
7581,freegame,0.0,559.7
7582,freegame,0.0,239.7
7583,freegame,0.0,227.1
7584,freegame,0.0,2145.1
7585,freegame,0.0,731.8
7586,freegame,0.0,145.1
7587,freegame,0.6,105.3
7588,freegame,0.0,338.7
7589,freegame,0.0,1352.0
7590,freegame,0.0,1310.8
7591,freegame,0.0,357.0
7592,freegame,0.0,792.9
7593,freegame,0.9,2883.3
7594,freegame,0.0,819.4
7595,freegame,0.0,661.5
7596,freegame,0.3,3277.9
7597,freegame,0.0,747.0
7598,freegame,0.0,650.9
7599,freegame,0.1,177.8
7600,freegame,0.0,216.8
7601,freegame,0.0,179.5
7602,freegame,0.0,632.5
7603,freegame,0.0,340.3
7604,freegame,0.0,3369.0
7605,freegame,0.0,3169.6
7606,freegame,0.0,268.0
7607,freegame,0.7,120.5
7608,freegame,0.0,106.6
7609,freegame,1.0,1357.7
7610,freegame,0.0,894.7
7611,freegame,0.0,1485.4
7612,freegame,0.1,5000
7613,freegame,0.0,69.7
7614,freegame,0.1,983.4
7615,freegame,0.0,166.0
7616,freegame,0.0,417.7
7617,freegame,1.2,5000
7618,freegame,0.0,1473.6
7619,freegame,0.0,255.0
7620,freegame,0.0,986.3
7621,freegame,0.0,2848.3
7622,freegame,0.0,3729.1
7623,freegame,0.3,2349.7
7624,freegame,0.0,1337.4
7625,freegame,15.0,2468.4
7626,freegame,3.3,1019.0
7627,freegame,1.0,1090.9
7628,freegame,0.0,404.1
7629,freegame,0.0,843.8
7630,freegame,2.9,121.7
7631,freegame,0.0,494.7
7632,freegame,0.0,912.3
7633,freegame,0.0,4241.0
7634,freegame,0.0,10.2
7635,freegame,0.0,493.8
7636,freegame,0.0,89.6
7637,freegame,0.0,1657.8
7638,freegame,0.0,584.2
7639,freegame,1.2,3586.7
7640,freegame,0.0,800.0
7641,freegame,0.0,394.7
7642,freegame,0.0,1463.4
7643,freegame,0.0,578.9
7644,freegame,0.3,2943.0
7645,freegame,0.0,175.9
7646,freegame,0.0,369.2
7647,freegame,0.0,33.4
7648,freegame,0.0,730.0
7649,freegame,0.1,3022.6
7650,freegame,0.4,3113.6
7651,freegame,0.0,3097.2
7652,freegame,0.0,506.6
7653,freegame,0.0,1471.2
7654,freegame,0.0,415.2
7655,freegame,5.0,484.5
7656,freegame,0.0,281.7
7657,freegame,0.0,600.9
7658,freegame,0.0,1524.1
7659,freegame,0.0,722.2
7660,freegame,0.0,3613.5
7661,freegame,0.0,617.7
7662,freegame,0.0,129.0
7663,freegame,0.0,465.9
7664,freegame,0.0,39.8
7665,freegame,0.0,85.7
7666,freegame,0.0,1392.5
7667,freegame,0.0,1421.8
7668,freegame,0.0,606.3
7669,freegame,0.0,2021.9
7670,freegame,2.0,210.1
7671,freegame,0.0,294.6
7672,freegame,0.0,610.5
7673,freegame,0.0,122.6
7674,freegame,0.0,324.6
7675,freegame,0.0,3635.5
7676,freegame,0.0,191.4
7677,freegame,0.0,3620.2
7678,freegame,0.2,1574.6
7679,freegame,0.2,622.7
7680,freegame,0.0,894.4
7681,freegame,0.0,2330.2
7682,freegame,0.0,1854.2
7683,freegame,0.0,3123.3
7684,freegame,6.2,677.7
7685,freegame,0.0,466.9
7686,freegame,0.2,317.0
7687,freegame,0.0,5000
7688,freegame,0.0,348.5
7689,freegame,0.0,1409.4
7690,freegame,0.0,1415.2
7691,freegame,1.0,1124.3
7692,freegame,0.0,2853.3
7693,freegame,0.0,145.7
7694,freegame,0.0,204.0
7695,freegame,0.0,437.3
7696,freegame,0.0,1280.8
7697,freegame,5.1,735.1
7698,freegame,0.0,632.1
7699,wincap,0.2,5000
7700,freegame,0.0,36.2
7701,freegame,0.0,40.5
7702,freegame,0.0,2980.7
7703,freegame,0.0,19.6
7704,freegame,0.3,573.8
7705,freegame,0.0,3838.2
7706,freegame,0.0,619.5
7707,freegame,1.7,1440.3
7708,freegame,0.0,1647.5
7709,freegame,0.0,362.0
7710,freegame,0.0,163.1
7711,freegame,0.2,1940.3
7712,freegame,0.0,79.8
7713,freegame,0.0,253.9
7714,freegame,0.0,5000
7715,freegame,0.0,640.1
7716,freegame,0.0,2170.5
7717,freegame,0.0,3554.3
7718,freegame,0.3,419.2
7719,freegame,0.0,1861.1
7720,freegame,0.3,4388.2
7721,freegame,0.6,1322.5
7722,freegame,0.0,2015.0
7723,freegame,0.0,1051.1
7724,freegame,0.0,195.3
7725,freegame,0.0,690.0
7726,freegame,0.0,5.2
7727,freegame,0.2,678.1
7728,freegame,0.0,284.4
7729,freegame,0.0,883.7
7730,freegame,0.0,621.7
7731,freegame,0.0,29.0
7732,freegame,0.0,355.1
7733,freegame,0.0,907.1
7734,freegame,0.0,1576.5
7735,freegame,20.0,1008.1
7736,freegame,0.0,285.7
7737,freegame,1.0,43.9
7738,freegame,0.0,1850.8
7739,freegame,0.2,1882.7
7740,freegame,0.1,275.5
7741,freegame,0.0,1932.1
7742,freegame,10.0,391.7
7743,freegame,0.0,358.2
7744,freegame,0.2,1122.4
7745,freegame,0.0,248.3
7746,freegame,0.0,851.2
7747,freegame,0.0,3901.5
7748,freegame,0.0,249.2
7749,freegame,0.0,174.2
7750,freegame,0.0,1381.0
7751,freegame,0.3,796.2
7752,freegame,0.1,1143.8
7753,freegame,1.0,2092.5
7754,freegame,0.0,144.9
7755,freegame,0.1,920.1
7756,freegame,0.0,2706.1
7757,freegame,0.2,1957.7
7758,freegame,0.0,4505.3
7759,freegame,0.0,490.6
7760,freegame,0.0,698.6
7761,freegame,0.0,545.2
7762,freegame,0.0,513.5
7763,freegame,0.0,826.4
7764,freegame,0.0,128.9
7765,freegame,0.0,551.4
7766,freegame,0.6,644.5
7767,freegame,0.0,1203.9
7768,freegame,0.0,663.8
7769,freegame,0.0,1768.8
7770,freegame,0.1,1843.4
7771,freegame,0.0,103.8
7772,freegame,0.0,1648.7
7773,freegame,0.0,1786.9
7774,freegame,0.0,236.6
7775,freegame,0.0,5000
7776,freegame,0.0,5000
7777,freegame,0.0,43.0
7778,freegame,0.0,1085.0
7779,freegame,0.0,1033.7
7780,freegame,0.0,240.3
7781,freegame,0.0,1356.9
7782,freegame,0.6,109.2
7783,freegame,0.0,47.4
7784,freegame,0.1,2606.4
7785,freegame,0.5,461.0
7786,freegame,0.0,1664.5
7787,freegame,0.0,644.7
7788,freegame,0.0,1910.0
7789,freegame,0.0,870.1
7790,freegame,0.0,257.2
7791,freegame,0.0,94.8
7792,freegame,0.0,714.4
7793,freegame,0.1,748.4
7794,freegame,0.1,492.4
7795,freegame,0.6,2602.0
7796,freegame,0.0,4181.1
7797,freegame,0.0,733.7
7798,freegame,0.0,122.8
7799,freegame,0.0,654.4
7800,freegame,0.0,1781.8
7801,freegame,0.3,458.3
7802,freegame,0.1,2696.3
7803,freegame,0.0,108.3
7804,freegame,0.5,1634.7
7805,freegame,0.1,1743.0
7806,freegame,0.2,256.6
7807,freegame,0.0,141.5
7808,freegame,1.0,3144.7
7809,freegame,1.5,33.3
7810,freegame,0.1,5000
7811,freegame,0.3,2042.2
7812,freegame,0.0,227.0
7813,freegame,0.0,807.2
7814,freegame,0.0,274.5
7815,freegame,0.7,278.6
7816,freegame,0.0,159.6
7817,freegame,0.0,1645.5
7818,freegame,0.0,705.6
7819,freegame,0.0,379.6
7820,freegame,0.0,278.9
7821,freegame,0.0,5000
7822,freegame,0.0,1769.4
7823,freegame,0.0,86.0
7824,freegame,0.0,1414.1
7825,freegame,0.4,2998.3
7826,freegame,0.2,1896.3
7827,freegame,0.0,788.5
7828,freegame,8.3,558.9
7829,freegame,0.4,187.3
7830,freegame,0.0,521.5
7831,freegame,0.0,1023.3
7832,freegame,0.0,312.1
7833,freegame,0.0,1404.2
7834,freegame,0.1,2876.5
7835,freegame,0.0,251.2
7836,freegame,0.1,2873.4
7837,freegame,1.2,807.0
7838,freegame,0.3,124.3
7839,freegame,0.1,1282.1
7840,freegame,0.1,14.3
7841,freegame,23.3,521.8
7842,freegame,0.0,391.8
7843,freegame,0.4,2296.7
7844,freegame,30.0,569.4
7845,freegame,0.4,2300.6
7846,freegame,1.1,3559.8
7847,freegame,0.5,748.1
7848,freegame,0.0,390.3
7849,freegame,0.0,107.5
7850,freegame,0.0,711.0
7851,freegame,0.0,591.1
7852,freegame,0.0,642.8
7853,freegame,0.2,605.4
7854,freegame,1.0,229.2
7855,freegame,0.7,886.8
7856,freegame,30.3,63.6
7857,freegame,0.0,367.0
7858,freegame,0.5,704.4
7859,freegame,0.9,539.6
7860,freegame,1.7,824.3
7861,freegame,0.0,272.9
7862,freegame,0.7,360.8
7863,freegame,0.0,683.2
7864,freegame,0.0,5000
7865,freegame,2.1,841.8
7866,freegame,0.0,1602.1
7867,freegame,0.0,2276.6
7868,freegame,0.0,1632.5
7869,freegame,0.0,978.1
7870,freegame,0.0,702.1
7871,freegame,0.0,235.5
7872,freegame,0.1,38.1
7873,freegame,0.6,540.8
7874,freegame,0.2,706.5
7875,freegame,0.3,5000
7876,freegame,0.0,570.2
7877,freegame,0.0,5000
7878,freegame,0.0,1086.5
7879,freegame,0.4,196.4
7880,freegame,0.0,1653.5
7881,freegame,0.0,1344.1
7882,freegame,0.3,5000
7883,freegame,0.3,1472.5
7884,freegame,0.0,1701.6
7885,freegame,0.0,1128.9
7886,freegame,0.0,206.6
7887,freegame,0.0,1527.4
7888,freegame,0.4,744.7
7889,freegame,0.0,269.8
7890,freegame,0.0,5000
7891,freegame,0.0,653.2
7892,freegame,0.0,1571.7
7893,freegame,2.2,120.6
7894,freegame,0.0,2018.3
7895,freegame,0.0,113.7
7896,freegame,0.3,197.2
7897,freegame,0.3,174.4
7898,freegame,0.6,1014.2
7899,freegame,0.0,64.8
7900,freegame,0.0,556.7
7901,freegame,0.0,1334.2
7902,freegame,0.0,1501.8
7903,freegame,0.0,55.8
7904,freegame,70.0,71.9
7905,freegame,0.0,296.5
7906,freegame,0.0,415.1
7907,freegame,0.0,133.4
7908,freegame,0.0,113.1
7909,freegame,0.0,166.5
7910,freegame,0.0,1084.8
7911,freegame,0.3,421.4
7912,freegame,3.0,1657.5
7913,freegame,0.0,1037.0
7914,freegame,0.0,586.5
7915,freegame,2.0,1453.8
7916,freegame,0.0,933.2
7917,freegame,0.6,3711.8
7918,freegame,0.0,13.4
7919,freegame,0.0,1128.9
7920,freegame,0.2,142.8
7921,freegame,0.0,238.5
7922,freegame,0.0,196.0
7923,freegame,1.0,112.7
7924,freegame,0.2,2731.4
7925,freegame,0.0,484.9
7926,freegame,6.2,862.0
7927,freegame,1.2,578.8
7928,freegame,0.0,356.9
7929,freegame,0.4,5000
7930,freegame,0.0,176.5
7931,freegame,0.0,260.0
7932,freegame,0.2,369.3
7933,freegame,0.0,124.5
7934,freegame,0.0,1028.2
7935,freegame,0.3,547.4
7936,freegame,0.2,1494.6
7937,freegame,0.0,2686.8
7938,freegame,0.0,1016.3
7939,freegame,1.0,1295.0
7940,freegame,0.0,3102.6
7941,freegame,0.0,151.9
7942,freegame,0.1,462.6
7943,freegame,0.5,112.7
7944,freegame,0.2,529.5
7945,freegame,0.0,535.2
7946,freegame,0.0,329.6
7947,freegame,0.0,1043.9
7948,freegame,0.0,115.2
7949,freegame,0.0,15.3
7950,freegame,0.0,297.2
7951,freegame,0.6,233.4
7952,freegame,0.0,2569.0
7953,freegame,0.0,249.7
7954,freegame,0.0,570.1
7955,freegame,0.0,92.2
7956,freegame,0.0,527.7
7957,freegame,0.0,58.7
7958,freegame,0.0,658.0
7959,freegame,0.0,291.8
7960,freegame,0.0,120.2
7961,freegame,0.0,2875.2
7962,freegame,0.0,719.8
7963,freegame,0.5,3576.5
7964,freegame,0.0,4011.0
7965,freegame,0.0,752.6
7966,freegame,0.0,176.9
7967,freegame,0.4,248.5
7968,freegame,0.7,2025.1
7969,freegame,0.0,909.9
7970,freegame,0.0,979.0
7971,freegame,0.0,472.5
7972,freegame,0.0,1803.6
7973,freegame,0.0,658.4
7974,freegame,0.2,375.7
7975,freegame,0.0,1330.1
7976,freegame,0.1,80.7
7977,freegame,0.0,81.7
7978,freegame,0.0,480.0
7979,freegame,0.0,1221.6
7980,freegame,9.0,1285.0
7981,freegame,0.0,810.5
7982,freegame,0.0,5000
7983,freegame,0.0,71.7
7984,freegame,0.9,296.8
7985,freegame,0.0,455.2
7986,freegame,0.0,120.2
7987,freegame,0.3,37.9
7988,freegame,0.0,2902.0
7989,freegame,0.6,2334.0
7990,freegame,0.0,1032.5
7991,freegame,0.0,401.4
7992,freegame,0.3,5000
7993,freegame,0.0,1899.3
7994,freegame,0.0,4595.8
7995,freegame,0.0,172.1
7996,freegame,0.0,846.2
7997,freegame,0.0,2589.7
7998,freegame,0.0,402.9
7999,freegame,0.0,650.6
8000,freegame,0.0,1113.7
8001,freegame,0.0,116.4
8002,freegame,0.0,1113.9
8003,freegame,0.0,337.7
8004,freegame,0.0,573.4
8005,freegame,0.0,57.7
8006,freegame,0.0,485.8
8007,freegame,0.0,701.1
8008,freegame,1.1,4165.4
8009,freegame,0.0,98.8
8010,freegame,0.1,3155.4
8011,freegame,0.0,304.9
8012,freegame,0.0,260.9
8013,freegame,0.0,691.9
8014,freegame,0.2,2909.5
8015,freegame,0.0,457.0
8016,freegame,0.0,4106.3
8017,freegame,0.0,2551.7
8018,freegame,0.0,2549.9
8019,freegame,1.4,1565.4
8020,freegame,0.0,320.4
8021,freegame,0.0,141.9
8022,freegame,0.0,439.7
8023,freegame,0.0,1340.5
8024,freegame,0.6,466.4
8025,freegame,0.7,1140.3
8026,freegame,0.0,719.6
8027,freegame,0.0,1189.5
8028,freegame,0.0,3076.5
8029,freegame,0.6,599.9
8030,freegame,0.4,165.2
8031,freegame,0.0,1913.6
8032,freegame,0.0,2401.3
8033,freegame,0.0,2880.6
8034,freegame,0.0,700.1
8035,freegame,0.0,753.0
8036,freegame,0.0,1523.3
8037,freegame,0.0,280.2
8038,freegame,0.0,1040.9
8039,freegame,0.0,792.4
8040,freegame,0.0,1190.1
8041,freegame,0.1,544.9
8042,freegame,0.0,865.6
8043,freegame,1.7,505.1
8044,freegame,0.2,860.8
8045,freegame,0.0,1114.2
8046,freegame,0.0,186.2
8047,freegame,1.0,3337.0
8048,freegame,0.0,3855.4
8049,freegame,0.0,3194.3
8050,freegame,0.0,430.5
8051,freegame,0.0,979.9
8052,freegame,0.6,3715.9
8053,freegame,0.0,97.2
8054,freegame,0.0,25.9
8055,freegame,0.0,196.5
8056,freegame,0.0,189.6
8057,freegame,0.1,1342.5
8058,freegame,0.2,757.2
8059,freegame,0.0,2184.9
8060,freegame,0.0,999.3
8061,freegame,0.5,4824.0
8062,freegame,0.0,1094.8
8063,freegame,0.6,2813.0
8064,freegame,0.5,219.1
8065,freegame,1.1,1651.8
8066,freegame,0.5,1202.1
8067,freegame,1.7,193.4
8068,freegame,0.0,1050.2
8069,freegame,0.2,1091.7
8070,freegame,0.0,89.5
8071,freegame,0.0,473.8
8072,freegame,0.1,1133.3
8073,freegame,0.2,5000
8074,freegame,0.0,164.3
8075,freegame,0.0,1573.5
8076,freegame,0.1,2758.6
8077,freegame,27.4,954.1
8078,freegame,0.0,1468.0
8079,freegame,0.0,517.7
8080,freegame,0.0,1199.7
8081,freegame,0.0,1409.3
8082,freegame,0.0,1323.9
8083,freegame,3.8,5000
8084,freegame,0.0,176.7
8085,freegame,0.0,675.9
8086,wincap,0.0,5000
8087,freegame,0.5,349.7
8088,freegame,0.0,297.8
8089,freegame,0.3,1007.4
8090,freegame,1.1,1850.2
8091,freegame,0.0,257.1
8092,freegame,0.3,266.0
8093,freegame,0.0,174.0
8094,freegame,0.0,1212.0
8095,freegame,0.2,678.8
8096,freegame,20.6,124.3
8097,freegame,0.0,792.3
8098,freegame,0.0,348.7
8099,freegame,0.0,1082.2
8100,freegame,0.0,2706.5
8101,freegame,0.0,1163.6
8102,freegame,0.0,2460.6
8103,freegame,7.0,389.8
8104,freegame,0.0,2103.4
8105,freegame,0.0,1648.3
8106,freegame,0.3,908.5
8107,freegame,0.0,556.9
8108,freegame,0.0,4538.3
8109,freegame,0.0,416.0
8110,freegame,0.1,1833.4
8111,freegame,0.3,1508.0
8112,freegame,0.0,336.5
8113,freegame,0.2,918.9
8114,freegame,0.4,261.4
8115,freegame,0.0,2352.1
8116,freegame,0.0,272.6
8117,freegame,0.0,3019.1
8118,freegame,0.0,316.5
8119,freegame,0.0,871.7
8120,freegame,0.0,5000
8121,freegame,0.0,477.9
8122,freegame,4.0,941.8
8123,freegame,0.0,951.8
8124,freegame,0.0,190.9
8125,freegame,0.0,598.5
8126,freegame,0.0,1676.7
8127,freegame,0.0,615.3
8128,freegame,0.4,592.4
8129,freegame,0.0,2640.7
8130,freegame,0.6,990.2
8131,freegame,0.0,440.7
8132,freegame,0.0,4119.6
8133,freegame,0.0,2224.5
8134,freegame,0.0,239.7
8135,freegame,0.0,476.6
8136,freegame,0.0,354.1
8137,freegame,0.0,1573.5
8138,freegame,0.0,2259.6
8139,freegame,0.0,342.4
8140,freegame,0.0,3896.4
8141,freegame,0.6,1508.6
8142,freegame,0.0,407.5
8143,freegame,0.0,3.7
8144,freegame,0.1,161.5
8145,freegame,0.0,947.7
8146,freegame,0.0,2114.3
8147,freegame,0.2,3468.7
8148,freegame,0.0,40.9
8149,freegame,0.2,1531.5
8150,freegame,0.0,612.2
8151,freegame,0.0,259.7
8152,freegame,0.8,521.2
8153,freegame,0.3,1980.5
8154,freegame,0.0,118.6
8155,freegame,0.0,906.3
8156,freegame,0.3,737.8
8157,freegame,0.0,2886.2
8158,freegame,0.6,2083.5
8159,freegame,0.0,3191.5
8160,freegame,0.0,215.8
8161,freegame,0.0,275.7
8162,freegame,0.0,1021.6
8163,freegame,0.0,678.7
8164,freegame,0.0,46.7
8165,freegame,0.0,87.4
8166,freegame,0.6,404.7
8167,freegame,0.0,359.1
8168,freegame,0.2,113.8
8169,freegame,0.6,2213.1
8170,freegame,0.1,3054.6
8171,freegame,0.0,1103.6
8172,freegame,0.0,149.7
8173,freegame,0.0,1466.2
8174,freegame,0.0,292.2
8175,freegame,0.6,522.7
8176,freegame,0.3,2551.5
8177,freegame,0.0,2958.8
8178,freegame,0.0,1199.4
8179,freegame,0.0,482.7
8180,freegame,0.0,199.3
8181,freegame,0.0,1670.4
8182,freegame,0.0,406.7
8183,freegame,0.0,113.1
8184,freegame,0.4,708.8
8185,freegame,0.0,451.8
8186,freegame,0.0,33.7
8187,freegame,0.0,1708.2
8188,freegame,0.0,1175.1
8189,freegame,0.0,408.6
8190,freegame,0.0,531.4
8191,freegame,0.0,455.9
8192,freegame,0.2,1142.3
8193,freegame,0.0,1689.3
8194,freegame,1.4,3911.8
8195,freegame,11.0,171.5
8196,freegame,0.0,2052.4
8197,freegame,0.0,1398.4
8198,freegame,0.4,7.0
8199,freegame,0.0,168.2
8200,freegame,0.0,1401.5
8201,freegame,0.0,1344.5
8202,freegame,1.1,383.6
8203,freegame,0.0,674.1
8204,freegame,0.0,676.5
8205,freegame,0.0,914.5
8206,freegame,0.0,452.6
8207,freegame,0.2,77.4
8208,freegame,0.0,270.8
8209,freegame,0.0,178.7
8210,freegame,0.0,292.0
8211,freegame,2.0,266.0
8212,wincap,0.0,5000
8213,freegame,1.2,385.4
8214,freegame,0.0,456.7
8215,freegame,0.4,355.1
8216,freegame,0.0,2917.0
8217,freegame,0.0,3137.3
8218,freegame,0.0,762.3
8219,freegame,0.0,179.1
8220,freegame,0.0,38.1
8221,freegame,0.0,5000
8222,freegame,0.0,3455.9
8223,freegame,0.0,116.9
8224,freegame,0.0,1031.2
8225,freegame,1.4,150.1
8226,freegame,0.1,1313.4
8227,freegame,0.1,867.5
8228,freegame,0.3,4985.0
8229,freegame,0.0,5000
8230,freegame,0.0,3379.2
8231,freegame,0.1,1182.2
8232,freegame,0.1,954.8
8233,freegame,1.3,2140.1
8234,freegame,0.0,113.1
8235,freegame,0.1,1791.0
8236,freegame,0.1,19.0
8237,freegame,1.8,401.8
8238,freegame,0.0,1123.1
8239,freegame,0.0,1502.6
8240,freegame,0.4,2095.5
8241,freegame,0.0,587.6
8242,freegame,0.3,1371.2
8243,freegame,0.0,226.9
8244,freegame,0.0,433.6
8245,freegame,20.0,271.9
8246,freegame,0.0,358.8
8247,freegame,0.3,4285.7
8248,freegame,0.3,481.2
8249,freegame,0.0,477.5
8250,freegame,0.2,5000
8251,freegame,0.2,614.6
8252,freegame,0.2,124.4
8253,freegame,0.0,522.1
8254,freegame,0.0,3376.0
8255,freegame,0.0,134.7
8256,freegame,0.0,1503.4
8257,freegame,0.0,2053.8
8258,freegame,0.0,399.4
8259,freegame,0.0,570.1
8260,freegame,0.0,335.7
8261,freegame,0.0,1701.2
8262,freegame,0.0,970.1
8263,freegame,0.2,1284.4
8264,freegame,0.1,5000
8265,freegame,20.0,214.3
8266,freegame,0.0,3075.1
8267,freegame,0.0,282.1
8268,freegame,0.0,3090.3
8269,freegame,0.0,444.7
8270,freegame,0.0,185.4
8271,freegame,1.1,1022.8
8272,freegame,1.6,1558.1
8273,freegame,0.0,1064.5
8274,freegame,0.6,236.6
8275,freegame,0.0,93.1
8276,freegame,0.9,5000
8277,freegame,0.0,76.4
8278,freegame,0.0,757.8
8279,freegame,0.0,741.6
8280,freegame,0.0,139.3
8281,freegame,0.0,5000
8282,freegame,0.0,997.1
8283,freegame,0.2,1639.8
8284,freegame,0.0,389.5
8285,freegame,0.0,47.7
8286,freegame,0.0,186.0
8287,freegame,0.0,3.0
8288,freegame,0.2,874.7
8289,freegame,0.0,1894.5
8290,freegame,0.0,5000
8291,freegame,0.0,405.9
8292,freegame,0.0,1792.0
8293,freegame,0.3,1286.0
8294,freegame,0.0,2436.8
8295,freegame,0.3,420.9
8296,freegame,0.0,839.1
8297,freegame,0.5,2127.4
8298,freegame,0.0,884.2
8299,freegame,0.1,522.3
8300,freegame,0.6,2218.5
8301,wincap,0.0,5000
8302,freegame,0.0,495.3
8303,freegame,0.0,1863.0
8304,freegame,0.0,202.5
8305,freegame,0.0,1969.0
8306,freegame,0.3,407.7
8307,freegame,0.0,854.1
8308,freegame,0.0,139.1
8309,freegame,0.0,1540.9
8310,freegame,0.0,365.9
8311,freegame,1.2,93.4
8312,freegame,0.0,921.5
8313,freegame,0.8,1578.2
8314,freegame,0.0,256.3
8315,freegame,0.0,1909.1
8316,freegame,0.0,965.3
8317,freegame,0.2,146.6
8318,freegame,3.5,386.8
8319,freegame,0.0,307.3
8320,freegame,0.0,1816.2
8321,freegame,0.0,1612.6
8322,freegame,0.0,5000
8323,freegame,0.0,731.6
8324,freegame,0.0,4634.0
8325,freegame,0.0,1333.5
8326,freegame,0.5,638.7
8327,freegame,0.1,298.6
8328,freegame,0.7,737.0
8329,freegame,1.1,5000
8330,freegame,0.3,1221.8
8331,freegame,0.4,40.0
8332,freegame,0.0,324.6
8333,freegame,0.0,646.8
8334,freegame,0.9,271.8
8335,freegame,0.0,350.2
8336,freegame,0.0,275.8
8337,freegame,0.0,66.1
8338,freegame,0.0,136.9
8339,freegame,0.0,1271.5
8340,freegame,0.0,207.9
8341,freegame,0.1,1313.4
8342,freegame,0.0,1079.2
8343,freegame,0.0,898.1
8344,freegame,0.0,2301.4
8345,freegame,0.0,183.6
8346,freegame,0.0,641.9
8347,freegame,0.0,51.7
8348,freegame,1.0,115.4
8349,freegame,0.2,2063.5
8350,freegame,0.0,2279.3
8351,freegame,0.0,771.9
8352,freegame,0.0,254.6
8353,freegame,0.0,138.6
8354,freegame,0.0,599.0
8355,freegame,0.0,692.9
8356,freegame,0.0,662.3
8357,freegame,0.0,255.2
8358,freegame,0.0,221.4
8359,freegame,0.0,2792.2
8360,freegame,0.0,678.4
8361,freegame,0.6,1498.8
8362,freegame,0.8,138.9
8363,freegame,0.1,187.1
8364,freegame,0.0,836.1
8365,freegame,0.4,228.1
8366,freegame,8.0,115.7
8367,freegame,0.0,1805.3
8368,freegame,0.0,649.2
8369,freegame,0.0,1689.3
8370,freegame,0.0,3423.8
8371,freegame,0.0,118.4
8372,freegame,0.0,719.1
8373,freegame,0.0,390.0
8374,freegame,0.0,1244.4
8375,freegame,3.2,829.2
8376,freegame,0.1,517.8
8377,freegame,1.7,313.8
8378,freegame,0.0,1097.0
8379,freegame,0.1,1297.6
8380,freegame,0.0,3679.8
8381,freegame,0.0,568.5
8382,freegame,0.0,484.4
8383,freegame,0.6,1170.9
8384,freegame,0.0,452.1
8385,freegame,0.0,218.2
8386,freegame,0.0,239.7
8387,freegame,0.8,11.0
8388,freegame,0.0,791.4
8389,wincap,0.0,5000
8390,freegame,0.0,1093.6
8391,freegame,0.1,1575.5
8392,freegame,0.0,2044.2
8393,freegame,1.9,2202.8
8394,freegame,4.7,971.1
8395,freegame,0.0,1404.3
8396,freegame,0.0,800.0
8397,freegame,0.0,1007.2
8398,freegame,0.0,141.8
8399,freegame,0.0,930.2
8400,freegame,0.0,4040.0
8401,freegame,0.0,42.8
8402,freegame,0.0,1218.3
8403,freegame,0.1,2822.1
8404,freegame,0.0,1968.2
8405,freegame,0.0,212.7
8406,freegame,0.0,2236.0
8407,freegame,0.0,923.1
8408,freegame,0.0,521.4
8409,freegame,0.0,1082.9
8410,freegame,0.2,214.8
8411,freegame,0.3,303.8
8412,freegame,0.2,1466.4
8413,freegame,0.0,1877.1
8414,freegame,0.0,1068.3
8415,freegame,0.0,590.8
8416,freegame,0.0,72.1
8417,freegame,0.3,1023.3
8418,freegame,0.0,477.4
8419,freegame,0.2,265.3
8420,freegame,2.3,1357.9
8421,freegame,0.0,239.1
8422,freegame,0.0,31.2
8423,freegame,0.0,896.4
8424,freegame,0.0,864.1
8425,freegame,0.0,1173.5
8426,freegame,0.0,162.2
8427,freegame,0.0,878.8
8428,freegame,0.0,914.1
8429,freegame,0.0,491.6
8430,freegame,0.7,41.2
8431,freegame,3.0,479.3
8432,freegame,0.6,2067.4
8433,freegame,0.4,1917.0
8434,freegame,1.0,233.9
8435,freegame,0.0,3496.4
8436,freegame,0.0,1072.1
8437,freegame,0.0,547.0
8438,freegame,0.0,829.4
8439,freegame,0.3,1471.3
8440,freegame,1.2,336.2
8441,freegame,0.2,347.6
8442,freegame,0.0,330.9
8443,freegame,0.1,1575.6
8444,freegame,0.1,276.8
8445,freegame,0.6,1693.7
8446,freegame,0.0,710.9
8447,freegame,0.0,632.1
8448,freegame,0.0,149.6
8449,freegame,0.0,1387.5
8450,freegame,0.0,323.9
8451,freegame,0.2,733.3
8452,freegame,0.0,14.2
8453,freegame,0.0,333.6
8454,freegame,0.4,52.6
8455,freegame,0.7,1134.9
8456,freegame,0.0,654.0
8457,freegame,0.0,178.9
8458,freegame,0.0,4484.9
8459,freegame,0.0,296.5
8460,freegame,0.0,3883.2
8461,freegame,0.0,1360.4
8462,freegame,0.0,904.3
8463,freegame,0.0,889.4
8464,wincap,0.0,5000
8465,freegame,0.0,1789.8
8466,freegame,0.3,1162.5
8467,freegame,0.0,2497.0
8468,freegame,0.0,1447.9
8469,freegame,0.0,41.1
8470,freegame,0.7,553.7
8471,freegame,0.0,1037.2
8472,freegame,0.0,5000
8473,freegame,0.0,329.5
8474,freegame,0.6,633.6
8475,freegame,0.0,1527.1
8476,freegame,0.0,868.4
8477,freegame,0.8,805.0
8478,freegame,0.2,3191.2
8479,freegame,0.0,38.9
8480,freegame,0.0,53.5
8481,freegame,3.3,449.2
8482,freegame,0.7,1350.9
8483,freegame,0.0,58.0
8484,freegame,0.2,2824.1
8485,freegame,0.0,959.8
8486,freegame,0.0,265.5
8487,freegame,0.2,30.1
8488,freegame,0.0,1765.2
8489,freegame,0.0,1801.7
8490,freegame,0.0,691.6
8491,freegame,0.0,2003.5
8492,freegame,0.0,534.5
8493,freegame,0.0,119.3
8494,freegame,0.0,311.4
8495,freegame,0.0,467.0
8496,freegame,0.8,677.3
8497,freegame,0.0,225.4
8498,freegame,0.6,501.2
8499,freegame,0.6,294.5
8500,freegame,0.0,291.9
8501,freegame,0.0,1331.6
8502,freegame,0.3,47.8
8503,freegame,0.2,2637.1
8504,freegame,0.0,712.5
8505,freegame,0.0,1156.6
8506,freegame,0.6,765.8
8507,freegame,0.0,247.4
8508,freegame,0.0,1414.4
8509,freegame,5.3,721.7
8510,freegame,0.0,384.0
8511,freegame,0.0,1909.4
8512,freegame,0.0,1195.1
8513,freegame,0.0,2645.2
8514,freegame,0.0,2489.9
8515,freegame,0.0,274.5
8516,freegame,0.0,298.9
8517,freegame,0.0,437.5
8518,freegame,0.0,3504.7
8519,freegame,0.0,1418.7
8520,freegame,0.0,82.1
8521,freegame,0.0,1232.2
8522,freegame,0.0,1497.3
8523,freegame,0.0,1381.3
8524,freegame,0.0,4787.7
8525,freegame,0.0,811.9
8526,freegame,0.0,338.0
8527,freegame,0.0,1123.8
8528,freegame,0.3,1226.0
8529,freegame,0.0,124.1
8530,freegame,0.0,239.1
8531,freegame,0.0,1334.9
8532,freegame,0.3,1289.1
8533,freegame,0.0,33.0
8534,freegame,0.0,830.3
8535,freegame,0.0,684.3
8536,freegame,0.0,799.6
8537,freegame,0.2,3872.2
8538,freegame,0.0,1264.2
8539,freegame,0.0,1119.2
8540,freegame,0.0,76.9
8541,freegame,0.0,757.0
8542,freegame,0.0,2937.9
8543,freegame,0.7,171.0
8544,freegame,0.0,168.3
8545,freegame,0.0,94.2
8546,freegame,0.0,715.2
8547,freegame,0.0,2201.9
8548,freegame,0.0,5000
8549,freegame,0.0,78.3
8550,freegame,0.0,89.2
8551,freegame,0.0,3602.5
8552,freegame,0.0,538.2
8553,freegame,0.0,1740.8
8554,freegame,0.0,3267.7
8555,freegame,0.0,116.0
8556,freegame,0.0,1119.5
8557,freegame,4.0,1432.6
8558,freegame,0.0,457.0
8559,freegame,0.0,2020.7
8560,freegame,0.0,865.8
8561,freegame,0.0,479.1
8562,freegame,0.0,4209.6
8563,freegame,0.0,183.0
8564,freegame,0.6,171.5
8565,freegame,0.2,633.1
8566,freegame,0.1,1812.4
8567,freegame,0.0,404.4
8568,freegame,0.0,162.2
8569,freegame,0.0,1588.3
8570,freegame,0.0,257.7
8571,freegame,1.5,1943.5
8572,freegame,0.8,1180.5
8573,freegame,0.0,199.6
8574,freegame,0.0,1821.7
8575,freegame,0.0,765.4
8576,freegame,0.0,1310.5
8577,freegame,0.0,906.2
8578,freegame,0.0,47.6
8579,freegame,0.0,3320.4
8580,freegame,0.3,4865.1
8581,freegame,0.0,1003.0
8582,freegame,0.0,2400.0
8583,freegame,0.0,348.7
8584,freegame,0.0,43.2
8585,freegame,0.3,93.7
8586,freegame,0.0,1138.1
8587,freegame,0.0,813.0
8588,freegame,0.7,3943.1
8589,freegame,0.0,860.7
8590,freegame,1.2,2612.1
8591,wincap,1.5,5000
8592,freegame,0.0,1171.4
8593,freegame,0.0,374.5
8594,freegame,0.0,934.9
8595,freegame,0.3,260.4
8596,freegame,0.0,1686.9
8597,freegame,0.0,1645.3
8598,freegame,0.0,343.8
8599,freegame,0.0,47.3
8600,freegame,0.0,493.3
8601,freegame,0.0,663.7
8602,freegame,0.4,330.6
8603,freegame,0.1,661.9
8604,freegame,0.0,17.3
8605,freegame,0.0,105.9
8606,freegame,0.2,68.4
8607,freegame,0.0,1658.0
8608,freegame,0.0,1172.9
8609,freegame,0.0,1170.2
8610,freegame,0.0,1268.4
8611,freegame,0.6,647.8
8612,freegame,1.4,2260.3
8613,freegame,0.6,789.4
8614,freegame,0.0,1151.6
8615,freegame,0.3,1678.9
8616,freegame,0.0,1016.7
8617,freegame,0.6,643.3
8618,freegame,2.0,1216.4
8619,wincap,0.0,5000
8620,freegame,0.0,1897.4
8621,freegame,0.0,651.8
8622,freegame,0.0,1118.7
8623,freegame,0.0,1552.5
8624,freegame,0.8,53.2
8625,freegame,0.9,427.1
8626,freegame,0.6,1909.3
8627,freegame,0.0,52.0
8628,freegame,0.4,1031.7
8629,freegame,0.0,351.3
8630,freegame,0.0,3056.5
8631,freegame,1.2,2075.7
8632,freegame,0.0,776.6
8633,freegame,0.1,557.0
8634,freegame,0.0,139.6
8635,freegame,0.0,84.2
8636,freegame,0.0,1442.9
8637,freegame,0.0,1858.9
8638,freegame,0.0,400.6
8639,freegame,0.0,692.1
8640,freegame,0.7,1533.1
8641,freegame,0.0,231.9
8642,freegame,0.6,2724.3
8643,freegame,0.0,361.6
8644,freegame,0.0,31.1
8645,freegame,0.2,408.6
8646,freegame,0.0,1054.1
8647,freegame,0.0,2327.6
8648,freegame,0.0,132.2
8649,freegame,0.0,93.9
8650,freegame,0.0,2798.4
8651,freegame,0.6,1937.1
8652,freegame,0.4,595.9
8653,freegame,0.0,819.5
8654,freegame,0.0,515.0
8655,freegame,0.0,205.5
8656,freegame,0.0,258.7
8657,freegame,0.1,507.4
8658,freegame,0.0,4752.5
8659,freegame,0.5,309.7
8660,freegame,0.0,208.7
8661,freegame,0.0,533.9
8662,freegame,0.0,95.2
8663,freegame,0.0,2337.1
8664,freegame,0.0,155.5
8665,freegame,0.0,278.0
8666,freegame,0.0,350.5
8667,freegame,0.0,216.0
8668,freegame,0.0,779.9
8669,freegame,0.0,2417.4
8670,freegame,0.0,291.9
8671,wincap,0.6,5000
8672,freegame,0.0,321.6
8673,freegame,0.4,2234.4
8674,freegame,0.0,2327.4
8675,freegame,0.7,210.8
8676,freegame,0.3,500.0
8677,freegame,0.3,2474.2
8678,freegame,0.0,1830.4
8679,freegame,0.0,798.8
8680,freegame,0.0,442.2
8681,freegame,0.0,700.1
8682,freegame,0.0,221.6
8683,freegame,0.0,593.2
8684,freegame,0.0,637.5
8685,freegame,0.0,940.8
8686,freegame,0.0,632.5
8687,freegame,0.0,2374.5
8688,freegame,1.5,1482.1
8689,freegame,0.0,540.5
8690,freegame,0.0,5000
8691,freegame,90.0,241.1
8692,freegame,0.0,1072.0
8693,freegame,0.0,562.4
8694,freegame,0.0,48.1
8695,freegame,0.0,224.6
8696,freegame,0.0,90.7
8697,freegame,0.0,402.9
8698,freegame,0.2,1853.3
8699,freegame,0.0,1826.7
8700,freegame,0.1,424.0
8701,freegame,0.0,785.2
8702,freegame,0.0,548.3
8703,freegame,0.0,244.7
8704,freegame,0.0,195.6
8705,freegame,0.0,3826.5
8706,freegame,0.0,355.3
8707,freegame,0.0,34.8
8708,freegame,0.1,785.6
8709,freegame,0.0,1727.5
8710,freegame,0.0,409.5
8711,freegame,0.0,1130.1
8712,freegame,0.3,1466.7
8713,freegame,0.3,769.7
8714,freegame,0.0,241.0
8715,freegame,0.4,2512.4
8716,freegame,0.5,199.0
8717,freegame,0.2,1129.9
8718,freegame,0.0,1303.7
8719,freegame,0.0,142.4
8720,freegame,0.2,5000
8721,freegame,0.0,156.6
8722,freegame,0.0,2007.9
8723,freegame,0.2,37.2
8724,freegame,0.0,816.8
8725,freegame,0.2,537.9
8726,freegame,0.0,226.2
8727,freegame,0.0,2270.5
8728,freegame,0.0,1469.2
8729,freegame,0.0,719.4
8730,freegame,0.0,189.8
8731,wincap,0.1,5000
8732,freegame,0.0,5000
8733,freegame,0.0,1417.8
8734,freegame,0.0,186.0
8735,freegame,0.0,673.2
8736,freegame,0.0,179.2
8737,freegame,0.1,1248.3
8738,freegame,0.0,85.0
8739,freegame,1.9,643.5
8740,freegame,0.0,570.2
8741,freegame,0.0,3533.3
8742,freegame,0.0,204.0
8743,freegame,0.9,446.3
8744,freegame,0.0,2283.4
8745,freegame,0.0,243.4
8746,freegame,0.0,384.1
8747,freegame,0.4,5000
8748,wincap,2.0,5000
8749,freegame,0.0,633.4
8750,freegame,0.0,65.8
8751,freegame,0.3,3183.7
8752,freegame,0.0,1808.2
8753,freegame,0.0,965.5
8754,freegame,0.0,3325.4
8755,freegame,0.0,1713.7
8756,freegame,0.0,2918.9
8757,freegame,0.0,728.5
8758,freegame,0.0,748.0
8759,freegame,0.0,191.3
8760,freegame,0.0,1289.2
8761,freegame,0.0,311.2
8762,freegame,0.0,1115.5
8763,freegame,0.0,90.6
8764,freegame,0.0,10.6
8765,freegame,0.0,1492.7
8766,freegame,0.0,152.4
8767,freegame,0.0,1637.0
8768,freegame,0.0,1076.0
8769,freegame,4.0,214.0
8770,freegame,0.1,1736.8
8771,freegame,0.0,455.9
8772,freegame,0.1,4037.7
8773,freegame,0.0,2112.1
8774,freegame,0.0,289.2
8775,freegame,0.0,1227.4
8776,freegame,0.0,464.4
8777,freegame,0.0,1827.1
8778,freegame,0.0,126.1
8779,freegame,0.0,128.9
8780,freegame,0.0,1218.4
8781,freegame,0.1,720.4
8782,freegame,0.3,778.1
8783,freegame,0.6,210.9
8784,freegame,0.0,478.6
8785,freegame,0.2,605.9
8786,freegame,0.0,66.0
8787,freegame,0.0,983.4
8788,freegame,0.0,815.7
8789,freegame,0.2,712.6
8790,freegame,0.0,518.0
8791,freegame,0.0,3944.6
8792,freegame,0.0,598.3
8793,freegame,0.0,323.1
8794,freegame,0.0,197.4
8795,freegame,0.0,1524.3
8796,freegame,0.0,1404.8
8797,freegame,0.2,1795.9
8798,freegame,0.0,1271.3
8799,freegame,0.0,1160.7
8800,freegame,1.3,3249.2
8801,freegame,0.1,3159.1
8802,freegame,0.0,698.3
8803,freegame,0.0,559.3
8804,freegame,4.0,223.4
8805,freegame,0.0,309.9
8806,freegame,0.0,55.1
8807,freegame,0.0,46.9
8808,freegame,0.0,3856.8
8809,freegame,0.1,647.3
8810,freegame,0.0,779.1
8811,freegame,0.0,65.1
8812,freegame,0.0,2379.2
8813,freegame,0.0,335.8
8814,freegame,0.2,112.1
8815,freegame,0.0,3788.7
8816,freegame,0.4,49.7
8817,freegame,0.0,395.1
8818,wincap,0.6,5000
8819,freegame,0.0,1990.4
8820,freegame,0.5,2067.3
8821,freegame,0.0,528.6
8822,freegame,0.0,3765.9
8823,freegame,0.0,1370.9
8824,freegame,0.0,244.3
8825,freegame,0.0,1281.2
8826,freegame,0.3,2823.1
8827,freegame,0.0,2539.5
8828,freegame,0.0,2207.0
8829,freegame,2.9,12.9
8830,freegame,0.0,740.8
8831,freegame,0.0,4238.4
8832,freegame,0.0,636.1
8833,freegame,0.0,408.8
8834,freegame,0.0,1809.2
8835,freegame,0.0,670.3
8836,freegame,0.4,686.0
8837,freegame,0.0,723.7
8838,freegame,0.0,1661.2
8839,freegame,0.6,260.1
8840,freegame,1.1,2080.8
8841,freegame,0.0,2914.3
8842,freegame,0.0,242.7
8843,freegame,0.0,994.8
8844,freegame,0.0,4735.5
8845,freegame,0.0,118.4
8846,freegame,0.5,18.6
8847,freegame,0.0,1368.1
8848,freegame,0.3,220.4
8849,freegame,0.0,198.4
8850,freegame,0.7,65.1
8851,freegame,0.1,390.9
8852,freegame,0.3,443.0
8853,freegame,0.0,951.6
8854,freegame,0.0,8.5
8855,freegame,0.0,290.5
8856,freegame,0.0,1323.4
8857,freegame,0.0,1017.1
8858,freegame,6.4,305.3
8859,freegame,0.0,337.4
8860,freegame,0.0,2622.7
8861,freegame,2.4,154.3
8862,freegame,0.0,1627.9
8863,freegame,0.1,460.5
8864,freegame,1.0,3918.6
8865,freegame,0.0,190.9
8866,freegame,0.0,1116.2
8867,freegame,1.0,112.4
8868,freegame,0.2,2848.7
8869,freegame,0.0,788.3
8870,freegame,0.0,1824.2
8871,freegame,0.0,503.5
8872,freegame,0.6,766.9
8873,freegame,0.0,1105.6
8874,freegame,0.0,5000
8875,freegame,0.0,1999.2
8876,freegame,0.0,694.2
8877,freegame,0.0,56.7
8878,freegame,0.4,1019.0
8879,freegame,1.7,16.3
8880,freegame,0.0,740.5
8881,freegame,4.0,2495.8
8882,freegame,0.0,28.2
8883,freegame,0.0,762.7
8884,freegame,0.0,166.4
8885,freegame,0.0,809.8
8886,freegame,0.6,707.0
8887,freegame,2.6,2393.4
8888,freegame,0.0,1342.0
8889,freegame,0.2,2865.1
8890,freegame,0.0,51.7
8891,freegame,0.0,1451.7
8892,freegame,0.0,269.1
8893,freegame,0.6,1489.4
8894,freegame,0.0,916.6
8895,freegame,0.0,162.5
8896,freegame,1.0,303.3
8897,freegame,0.2,3233.7
8898,freegame,0.0,702.7
8899,freegame,0.0,161.7
8900,freegame,0.0,449.3
8901,freegame,0.0,825.8
8902,freegame,0.0,42.3
8903,freegame,0.0,828.5
8904,freegame,0.0,432.1
8905,freegame,0.0,193.6
8906,freegame,0.0,58.8
8907,freegame,0.0,5000
8908,freegame,0.0,1253.5
8909,freegame,0.0,126.6
8910,freegame,0.0,588.9
8911,freegame,0.0,2175.3
8912,freegame,0.0,498.8
8913,freegame,0.0,813.6
8914,freegame,0.0,1909.7
8915,freegame,0.0,940.9
8916,freegame,0.0,406.1
8917,freegame,0.0,155.1
8918,freegame,0.3,1335.1
8919,freegame,0.0,395.6
8920,freegame,0.0,278.0
8921,freegame,0.0,1379.3
8922,freegame,0.6,284.2
8923,freegame,0.0,73.5
8924,freegame,0.6,243.4
8925,freegame,0.6,658.7
8926,freegame,0.0,577.0
8927,freegame,0.0,1766.1
8928,freegame,1.0,1706.3
8929,freegame,0.0,337.6
8930,freegame,0.0,781.7
8931,freegame,0.4,940.4
8932,freegame,0.0,967.5
8933,freegame,0.0,657.5
8934,freegame,0.0,742.1
8935,freegame,0.0,1261.1
8936,freegame,0.0,407.6
8937,freegame,0.8,110.5
8938,freegame,1.1,2849.8
8939,freegame,0.0,1126.4
8940,freegame,0.0,1179.7
8941,freegame,0.1,1587.7
8942,freegame,1.0,2526.8
8943,freegame,0.0,3256.8
8944,freegame,0.0,2369.3
8945,freegame,1.7,1308.6
8946,freegame,1.0,13.5
8947,freegame,0.0,1884.5
8948,freegame,1.0,1520.1
8949,wincap,0.0,5000
8950,freegame,0.1,91.6
8951,freegame,0.0,1201.1
8952,freegame,0.0,195.6
8953,freegame,0.0,2197.1
8954,freegame,0.1,3148.1
8955,freegame,1.0,311.1
8956,freegame,1.4,50.8
8957,freegame,0.8,400.3
8958,freegame,0.2,12.9
8959,freegame,0.2,1275.1
8960,freegame,0.0,1254.5
8961,freegame,0.3,236.8
8962,freegame,0.7,2411.0
8963,freegame,0.0,205.4
8964,freegame,0.2,388.6
8965,freegame,0.0,1016.7
8966,freegame,1.3,81.1
8967,freegame,0.0,385.4
8968,freegame,0.0,369.7
8969,freegame,0.0,1704.1
8970,freegame,0.0,15.7
8971,freegame,0.0,512.0
8972,freegame,1.0,1204.4
8973,freegame,0.0,124.8
8974,freegame,0.9,1565.4
8975,freegame,0.0,1941.3
8976,freegame,0.0,71.4
8977,wincap,0.0,5000
8978,freegame,0.0,763.4
8979,freegame,0.0,207.7
8980,freegame,0.0,329.2
8981,freegame,0.0,2413.8
8982,freegame,0.0,2107.4
8983,freegame,1.3,3503.4
8984,freegame,0.0,951.3
8985,freegame,0.0,1538.5
8986,freegame,0.0,62.1
8987,freegame,0.0,644.4
8988,freegame,0.0,4474.9
8989,freegame,0.0,2237.9
8990,freegame,0.0,324.0
8991,freegame,0.0,1497.5
8992,freegame,0.0,362.4
8993,freegame,0.0,530.9
8994,freegame,0.0,1405.7
8995,freegame,0.0,81.2
8996,freegame,0.0,383.3
8997,freegame,0.0,2801.8
8998,freegame,0.0,233.3
8999,freegame,0.9,1263.8
9000,freegame,0.0,178.2
9001,freegame,1.2,288.1
9002,freegame,0.0,2749.4
9003,freegame,0.0,4150.7
9004,freegame,0.0,2625.1
9005,freegame,0.0,3251.4
9006,freegame,0.9,5000
9007,freegame,0.3,3563.7
9008,freegame,0.0,15.6
9009,freegame,0.0,251.3
9010,freegame,0.0,98.5
9011,freegame,0.0,1601.6
9012,freegame,0.0,607.5
9013,freegame,0.0,497.9
9014,freegame,0.1,513.8
9015,freegame,0.6,1739.6
9016,freegame,0.5,1327.5
9017,freegame,0.0,62.5
9018,freegame,0.0,548.1
9019,freegame,0.0,664.3
9020,freegame,1.3,448.8
9021,freegame,0.3,1142.3
9022,freegame,0.0,2080.1
9023,freegame,0.0,392.7
9024,freegame,0.0,19.3
9025,freegame,0.0,809.9
9026,freegame,0.0,936.1
9027,freegame,0.0,1498.6
9028,freegame,0.0,238.0
9029,freegame,0.0,255.0
9030,freegame,0.0,565.8
9031,freegame,0.0,3580.2
9032,freegame,0.0,1377.9
9033,freegame,0.0,377.2
9034,freegame,0.0,5000
9035,freegame,0.2,5000
9036,freegame,0.0,92.1
9037,freegame,0.0,5000
9038,freegame,3.4,576.4
9039,freegame,0.0,1177.3
9040,freegame,0.0,872.7
9041,freegame,0.0,3136.5
9042,freegame,0.0,2047.6
9043,freegame,0.2,864.8
9044,freegame,0.0,1272.8
9045,freegame,0.0,202.6
9046,freegame,0.0,3942.3
9047,freegame,0.0,331.5
9048,freegame,0.0,390.0
9049,freegame,0.0,179.5
9050,wincap,0.0,5000
9051,freegame,0.0,55.6
9052,freegame,0.8,667.2
9053,freegame,0.0,1396.3
9054,freegame,0.0,928.5
9055,freegame,1.7,324.5
9056,freegame,0.0,369.4
9057,freegame,0.0,290.7
9058,freegame,0.0,292.5
9059,freegame,0.0,189.5
9060,freegame,0.1,816.2
9061,freegame,0.0,4741.4
9062,freegame,0.1,211.9
9063,freegame,0.0,530.9
9064,freegame,0.0,538.7
9065,freegame,0.0,81.9
9066,freegame,0.0,460.8
9067,freegame,0.0,843.1
9068,freegame,0.0,1513.3
9069,freegame,0.0,154.9
9070,freegame,2.4,2058.1
9071,freegame,0.0,1688.4
9072,freegame,0.0,1353.9
9073,freegame,0.0,2698.6
9074,freegame,0.0,321.9
9075,freegame,0.0,978.1
9076,freegame,0.0,396.3
9077,freegame,0.0,5000
9078,freegame,0.3,456.6
9079,freegame,0.3,2008.9
9080,freegame,0.4,128.2
9081,freegame,0.0,1374.6
9082,freegame,0.0,87.3
9083,freegame,0.0,3228.8
9084,freegame,0.7,18.7
9085,freegame,6.0,205.3
9086,freegame,0.1,692.0
9087,freegame,0.0,216.3
9088,freegame,0.0,4055.7
9089,freegame,2.0,791.9
9090,freegame,0.0,669.2
9091,freegame,0.4,234.1
9092,freegame,3.2,119.6
9093,freegame,0.2,251.7
9094,freegame,0.0,116.7
9095,freegame,0.4,494.0
9096,freegame,0.0,794.9
9097,freegame,0.0,300.4
9098,freegame,0.4,211.6
9099,freegame,0.0,47.9
9100,freegame,0.2,1331.3
9101,freegame,0.2,4563.1
9102,freegame,0.0,2546.5
9103,freegame,0.2,275.0
9104,freegame,0.0,1615.8
9105,freegame,0.3,3652.9
9106,freegame,0.0,710.1
9107,freegame,0.7,893.5
9108,freegame,0.0,1558.6
9109,freegame,0.0,5000
9110,freegame,0.0,645.7
9111,freegame,1.7,43.1
9112,freegame,0.0,495.5
9113,freegame,0.0,1532.4
9114,freegame,0.0,59.2
9115,freegame,0.2,823.4
9116,freegame,0.0,1835.3
9117,freegame,0.6,43.0
9118,freegame,0.9,534.2
9119,freegame,0.0,1356.7
9120,freegame,0.5,1000.7
9121,freegame,0.0,307.5
9122,freegame,0.0,1138.3
9123,freegame,1.0,495.0
9124,freegame,0.0,2088.5
9125,freegame,0.0,426.4
9126,freegame,0.0,951.6
9127,freegame,0.0,248.5
9128,freegame,0.1,1345.9
9129,freegame,0.0,558.1
9130,freegame,0.0,1464.9
9131,freegame,0.0,482.5
9132,freegame,0.0,747.8
9133,freegame,0.0,303.6
9134,freegame,0.0,26.0
9135,freegame,0.0,92.8
9136,freegame,0.0,2285.0
9137,freegame,0.4,67.1
9138,freegame,0.0,1067.6
9139,freegame,0.0,5000
9140,freegame,0.0,435.8
9141,freegame,0.3,3822.0
9142,freegame,0.0,841.4
9143,freegame,1.2,1256.6
9144,freegame,1.2,478.5
9145,freegame,0.0,1233.3
9146,freegame,0.0,241.1
9147,freegame,0.9,2799.3
9148,freegame,1.0,381.4
9149,freegame,0.0,1261.7
9150,freegame,0.3,145.3
9151,freegame,0.0,12.2
9152,freegame,0.0,1737.0
9153,freegame,0.0,228.1
9154,freegame,0.0,496.5
9155,freegame,0.0,1040.1
9156,freegame,0.0,1221.5
9157,freegame,0.0,1103.9
9158,freegame,0.3,1374.5
9159,freegame,0.0,1464.5
9160,freegame,0.0,834.5
9161,freegame,0.0,353.6
9162,freegame,0.0,1306.4
9163,freegame,0.1,370.2
9164,freegame,0.0,2209.8
9165,freegame,0.3,581.3
9166,freegame,0.0,1186.8
9167,freegame,0.0,4279.8
9168,freegame,2.7,334.9
9169,freegame,0.0,2822.9
9170,freegame,0.0,426.1
9171,freegame,0.0,816.8
9172,freegame,0.0,3627.0
9173,freegame,0.0,274.9
9174,freegame,0.0,105.0
9175,freegame,0.0,4822.1
9176,freegame,0.0,120.4
9177,freegame,3.0,395.9
9178,freegame,0.6,1000.9
9179,freegame,0.2,994.4
9180,freegame,0.0,1425.3
9181,freegame,0.0,622.4
9182,freegame,0.0,1191.4
9183,freegame,0.0,1464.8
9184,freegame,0.0,1444.9
9185,freegame,0.0,2092.6
9186,freegame,0.0,1513.0
9187,freegame,0.0,163.7
9188,freegame,0.7,849.5
9189,freegame,0.4,157.6
9190,freegame,0.0,416.4
9191,freegame,0.0,1344.0
9192,freegame,0.0,274.9
9193,freegame,0.0,1243.9
9194,freegame,0.2,195.0
9195,freegame,0.1,2402.8
9196,freegame,0.9,2234.7
9197,freegame,0.0,68.6
9198,freegame,0.0,905.7
9199,freegame,0.0,278.9
9200,freegame,0.0,1849.1
9201,freegame,0.0,2318.3
9202,freegame,0.0,176.2
9203,freegame,0.3,392.1
9204,freegame,0.0,387.0
9205,freegame,0.0,42.7
9206,freegame,0.1,247.0
9207,freegame,0.0,4033.6
9208,freegame,0.0,5000
9209,freegame,0.0,2210.0
9210,freegame,0.0,3637.3
9211,freegame,0.0,5000
9212,freegame,0.0,656.8
9213,freegame,0.0,335.5
9214,freegame,0.4,936.3
9215,freegame,0.0,1732.0
9216,freegame,0.0,2649.9
9217,freegame,4.1,1592.0
9218,freegame,0.0,5000
9219,freegame,12.0,421.6
9220,freegame,0.0,1812.0
9221,freegame,0.0,3206.2
9222,freegame,0.0,501.2
9223,freegame,0.0,496.7
9224,freegame,0.0,176.8
9225,freegame,0.2,1533.4
9226,freegame,0.0,169.9
9227,freegame,0.2,1822.2
9228,freegame,0.0,403.3
9229,freegame,0.6,1267.4
9230,freegame,0.0,110.3
9231,freegame,0.0,184.4
9232,freegame,0.4,601.0
9233,freegame,0.0,452.1
9234,freegame,0.0,1629.5
9235,freegame,0.0,325.8
9236,freegame,0.0,60.6
9237,freegame,0.0,546.0
9238,freegame,0.4,2261.9
9239,freegame,2.4,2895.7
9240,freegame,0.0,655.0
9241,freegame,0.3,5000
9242,freegame,0.3,621.2
9243,freegame,0.0,94.8
9244,freegame,0.0,192.1
9245,freegame,2.2,544.8
9246,freegame,0.3,853.7
9247,freegame,0.0,482.6
9248,freegame,0.2,5000
9249,freegame,0.0,5000
9250,freegame,0.0,2245.1
9251,freegame,0.0,1914.8
9252,freegame,0.0,135.9
9253,freegame,0.0,240.4
9254,freegame,0.2,1073.0
9255,freegame,0.0,1196.4
9256,freegame,0.0,636.8
9257,freegame,0.0,1116.8
9258,freegame,0.0,540.9
9259,freegame,0.2,1714.2
9260,freegame,0.0,2382.8
9261,freegame,0.1,208.8
9262,freegame,0.0,266.2
9263,freegame,0.0,1106.3
9264,freegame,0.4,558.7
9265,freegame,0.7,21.4
9266,freegame,0.7,747.0
9267,freegame,0.0,78.5
9268,wincap,0.1,5000
9269,freegame,0.2,1278.0
9270,freegame,0.0,648.8
9271,freegame,0.3,228.7
9272,freegame,3.0,1744.7
9273,freegame,0.0,4551.1
9274,freegame,0.0,1643.8
9275,freegame,0.0,609.1
9276,freegame,0.0,3230.8
9277,freegame,0.0,1785.8
9278,freegame,1.2,228.5
9279,freegame,0.1,366.3
9280,freegame,0.0,2645.0
9281,freegame,0.0,753.4
9282,freegame,2.1,690.6
9283,freegame,0.0,61.9
9284,freegame,0.1,305.6
9285,freegame,0.2,5000
9286,freegame,0.0,195.6
9287,freegame,0.0,563.4
9288,freegame,0.0,511.2
9289,freegame,0.0,1732.5
9290,freegame,0.0,1736.3
9291,freegame,0.0,941.2
9292,freegame,0.5,798.2
9293,freegame,0.7,2270.3
9294,freegame,0.2,369.8
9295,freegame,0.0,2204.5
9296,freegame,0.3,22.3
9297,freegame,0.0,233.3
9298,freegame,7.2,534.3
9299,freegame,0.3,4902.8
9300,freegame,0.0,253.1
9301,freegame,0.0,226.2
9302,freegame,0.0,2160.1
9303,freegame,0.0,1510.0
9304,freegame,0.0,36.2
9305,freegame,0.0,133.7
9306,freegame,0.0,253.9
9307,freegame,0.0,441.2
9308,freegame,0.0,3221.6
9309,freegame,0.0,588.6
9310,freegame,0.2,67.1
9311,freegame,0.0,172.4
9312,freegame,0.0,1419.3
9313,freegame,0.0,3165.3
9314,freegame,0.0,2089.8
9315,freegame,0.0,27.3
9316,freegame,0.2,217.8
9317,freegame,0.0,4846.8
9318,freegame,0.0,30.0
9319,freegame,2.0,134.6
9320,freegame,0.0,463.6
9321,freegame,0.2,1393.9
9322,freegame,1.0,2905.7
9323,freegame,0.6,77.0
9324,freegame,0.0,152.3
9325,freegame,0.7,1815.6
9326,freegame,0.0,789.4
9327,freegame,0.0,3449.9
9328,freegame,0.0,421.8
9329,freegame,0.0,845.4
9330,freegame,0.0,342.2
9331,freegame,0.0,44.4
9332,freegame,0.0,1579.0
9333,freegame,0.0,240.4
9334,freegame,0.0,1398.1
9335,freegame,0.0,463.6
9336,freegame,0.0,442.3
9337,freegame,1.3,1493.0
9338,freegame,0.0,1684.9
9339,freegame,0.0,262.6
9340,freegame,0.0,1080.7
9341,freegame,0.0,1140.8
9342,freegame,0.2,2515.2
9343,freegame,0.0,728.1
9344,freegame,0.0,13.5
9345,freegame,0.0,1438.6
9346,freegame,0.3,344.3
9347,freegame,0.0,5.1
9348,freegame,0.0,286.7
9349,freegame,0.0,462.0
9350,freegame,0.0,2332.4
9351,freegame,0.0,155.1
9352,freegame,0.0,61.7
9353,freegame,0.0,423.9
9354,freegame,0.0,1009.1
9355,freegame,0.0,338.6
9356,freegame,0.7,751.0
9357,freegame,0.0,3.6
9358,freegame,0.3,1594.9
9359,freegame,0.0,140.1
9360,freegame,0.0,508.6
9361,freegame,0.0,194.1
9362,freegame,0.0,598.8
9363,freegame,0.0,968.0
9364,freegame,0.0,4575.1
9365,freegame,0.0,84.8
9366,freegame,0.0,797.8
9367,freegame,0.0,1043.6
9368,freegame,0.2,924.2
9369,freegame,0.0,343.3
9370,freegame,0.2,5000
9371,freegame,0.0,168.8
9372,freegame,0.0,416.0
9373,freegame,0.0,110.8
9374,freegame,0.0,122.3
9375,freegame,0.0,583.3
9376,freegame,0.5,94.1
9377,freegame,0.0,448.5
9378,freegame,0.0,2330.5
9379,freegame,0.0,4100.3
9380,freegame,0.0,100.1
9381,freegame,0.0,739.6
9382,freegame,0.0,428.0
9383,freegame,0.0,787.6
9384,freegame,0.0,474.7
9385,freegame,0.2,2033.7
9386,freegame,0.4,1875.8
9387,freegame,0.0,374.5
9388,freegame,3.0,32.9
9389,freegame,0.0,364.3
9390,wincap,1.2,5000
9391,freegame,0.0,2023.3
9392,freegame,0.0,2520.3
9393,freegame,0.7,1070.4
9394,freegame,0.0,196.3
9395,freegame,0.0,1980.4
9396,freegame,0.0,823.0
9397,freegame,0.0,2535.5
9398,freegame,0.0,329.3
9399,freegame,0.0,526.8
9400,freegame,0.0,1593.0
9401,freegame,0.0,1384.8
9402,freegame,0.0,234.7
9403,freegame,0.0,703.0
9404,freegame,0.0,2621.3
9405,freegame,6.8,509.6
9406,freegame,0.0,652.3
9407,freegame,0.0,5000
9408,freegame,2.8,238.2
9409,freegame,0.0,43.6
9410,freegame,0.0,1147.5
9411,freegame,0.0,2223.2
9412,freegame,3.0,657.4
9413,freegame,0.0,2077.7
9414,freegame,0.0,2980.1
9415,freegame,0.6,993.4
9416,freegame,0.0,2579.9
9417,freegame,0.7,1197.9
9418,freegame,0.0,3218.7
9419,freegame,0.6,2679.5
9420,freegame,11.0,186.8
9421,freegame,0.0,274.6
9422,freegame,0.5,969.6
9423,freegame,0.0,1607.9
9424,freegame,0.7,544.8
9425,freegame,0.0,2563.9
9426,freegame,1.5,1282.0
9427,freegame,0.0,1295.9
9428,freegame,0.2,851.4
9429,freegame,0.0,86.9
9430,freegame,0.0,1195.0
9431,freegame,0.0,1014.3
9432,freegame,0.0,338.2
9433,freegame,0.0,297.5
9434,freegame,0.0,380.5
9435,freegame,0.0,492.9
9436,freegame,0.2,1419.3
9437,freegame,0.2,429.1
9438,freegame,0.0,1735.9
9439,freegame,0.0,808.9
9440,freegame,0.1,416.9
9441,freegame,30.0,1097.5
9442,freegame,0.0,27.0
9443,freegame,0.0,221.7
9444,freegame,0.1,4211.2
9445,freegame,0.0,1927.5
9446,freegame,0.0,1539.1
9447,wincap,0.3,5000
9448,freegame,3.0,1889.6
9449,freegame,0.0,5000
9450,freegame,0.1,5000
9451,freegame,0.1,308.7
9452,freegame,0.0,432.8
9453,freegame,0.2,484.6
9454,freegame,0.0,1082.5
9455,freegame,0.0,484.6
9456,freegame,0.0,1294.1
9457,freegame,0.0,1474.3
9458,freegame,0.6,19.8
9459,freegame,0.0,4774.8
9460,freegame,0.0,213.8
9461,freegame,0.0,420.9
9462,freegame,1.0,896.8
9463,freegame,0.0,620.5
9464,freegame,0.9,877.4
9465,freegame,0.3,606.6
9466,freegame,0.0,249.2
9467,freegame,0.2,484.6
9468,freegame,0.0,699.1
9469,freegame,2.0,431.8
9470,freegame,0.0,383.3
9471,freegame,0.0,347.5
9472,freegame,0.0,309.9
9473,freegame,3.5,84.1
9474,freegame,0.5,1648.9
9475,freegame,0.0,370.1
9476,freegame,0.0,3703.0
9477,freegame,0.0,876.1
9478,freegame,0.0,2134.7
9479,freegame,0.0,680.0
9480,freegame,0.0,26.0
9481,freegame,6.4,42.0
9482,freegame,0.7,702.0
9483,freegame,0.0,3970.4
9484,freegame,2.8,1497.1
9485,freegame,0.0,860.7
9486,freegame,0.3,73.4
9487,freegame,0.0,251.0
9488,freegame,0.6,1487.8
9489,freegame,0.0,859.5
9490,freegame,0.0,6.2
9491,freegame,0.0,2647.0
9492,freegame,0.4,564.4
9493,freegame,0.0,348.9
9494,freegame,0.0,3787.9
9495,freegame,0.0,4130.8
9496,freegame,2.0,372.4
9497,freegame,0.0,1217.1
9498,freegame,0.0,568.1
9499,freegame,0.5,2155.2
9500,freegame,0.0,686.3
9501,freegame,1.0,1389.6
9502,freegame,0.0,3991.2
9503,freegame,0.4,1083.6
9504,freegame,3.0,2008.5
9505,wincap,0.0,5000
9506,freegame,0.1,1094.6
9507,freegame,0.2,2434.6
9508,freegame,0.0,251.7
9509,freegame,0.0,1009.8
9510,freegame,0.0,1638.3
9511,freegame,0.0,189.0
9512,freegame,0.0,1410.2
9513,freegame,0.6,315.2
9514,freegame,0.3,636.2
9515,freegame,0.0,2458.2
9516,freegame,0.0,808.4
9517,freegame,0.0,388.9
9518,freegame,0.0,383.1
9519,freegame,0.0,637.0
9520,freegame,0.0,1431.6
9521,freegame,0.0,57.3
9522,freegame,0.0,134.6
9523,freegame,0.0,196.1
9524,freegame,0.0,2111.0
9525,freegame,0.0,38.8
9526,freegame,0.0,100.8
9527,freegame,0.0,546.6
9528,freegame,1.0,152.2
9529,freegame,0.2,96.1
9530,freegame,0.0,639.5
9531,freegame,0.0,222.5
9532,freegame,0.0,425.8
9533,freegame,0.0,822.9
9534,freegame,0.0,900.6
9535,freegame,0.0,455.1
9536,freegame,0.1,2303.9
9537,freegame,0.0,880.2
9538,freegame,6.0,146.1
9539,freegame,0.0,491.8
9540,freegame,0.6,192.4
9541,freegame,1.1,932.1
9542,freegame,0.0,1878.9
9543,freegame,0.2,3242.5
9544,freegame,0.0,236.6
9545,freegame,0.0,1047.7
9546,freegame,0.8,5000
9547,freegame,0.0,1374.1
9548,freegame,0.0,2139.8
9549,freegame,0.6,208.7
9550,freegame,0.0,989.0
9551,freegame,0.0,216.8
9552,freegame,0.0,1924.1
9553,freegame,0.0,931.3
9554,freegame,0.0,340.6
9555,freegame,0.0,259.0
9556,freegame,0.0,1688.9
9557,freegame,0.0,1461.2
9558,freegame,0.2,3029.1
9559,freegame,0.0,138.3
9560,freegame,3.0,160.4
9561,freegame,0.2,1545.8
9562,wincap,0.0,5000
9563,freegame,0.0,887.8
9564,freegame,0.0,5000
9565,freegame,0.0,1630.9
9566,freegame,0.0,94.3
9567,freegame,0.0,416.7
9568,freegame,0.0,376.5
9569,freegame,0.0,1024.8
9570,freegame,0.0,9.1
9571,freegame,0.0,723.6
9572,freegame,0.0,220.3
9573,freegame,0.0,608.5
9574,freegame,0.0,1079.4
9575,freegame,2.1,245.9
9576,freegame,0.5,247.8
9577,freegame,0.0,1362.9
9578,freegame,0.0,163.4
9579,freegame,0.0,1818.1
9580,freegame,0.0,550.1
9581,freegame,0.2,932.9
9582,freegame,0.0,794.3
9583,freegame,0.0,50.7
9584,freegame,0.0,409.4
9585,freegame,0.0,1304.7
9586,freegame,0.4,1553.6
9587,freegame,0.0,983.6
9588,freegame,0.0,1330.3
9589,freegame,0.0,1773.6
9590,freegame,0.2,14.5
9591,freegame,0.0,117.6
9592,freegame,0.0,1714.9
9593,freegame,0.0,358.7
9594,freegame,0.0,4552.7
9595,freegame,0.0,4610.0
9596,freegame,0.0,654.1
9597,freegame,0.0,41.3
9598,freegame,0.0,71.0
9599,freegame,0.0,3212.8
9600,freegame,0.0,513.3
9601,freegame,0.0,99.0
9602,freegame,0.1,1375.6
9603,freegame,0.0,1550.2
9604,freegame,0.0,5000
9605,freegame,0.0,214.2
9606,freegame,0.0,584.0
9607,freegame,0.0,1967.0
9608,freegame,0.0,1426.6
9609,freegame,0.0,324.4
9610,freegame,0.0,761.4
9611,freegame,0.0,1591.8
9612,freegame,0.0,1069.8
9613,freegame,3.4,306.6
9614,freegame,0.0,1237.7
9615,freegame,0.0,234.2
9616,freegame,0.0,1209.2
9617,freegame,0.1,4192.4
9618,freegame,0.0,1377.2
9619,freegame,0.0,2026.4
9620,freegame,0.0,283.9
9621,freegame,0.0,150.0
9622,freegame,0.0,3691.2
9623,freegame,0.3,231.6
9624,freegame,6.4,15.7
9625,freegame,0.0,655.3
9626,wincap,0.0,5000
9627,freegame,0.0,638.3
9628,freegame,1.1,274.5
9629,freegame,0.0,3780.6
9630,freegame,0.2,61.5
9631,freegame,0.0,42.0
9632,freegame,0.0,475.1
9633,freegame,0.3,613.5
9634,freegame,0.0,1008.0
9635,freegame,1.5,1592.7
9636,freegame,0.0,80.8
9637,freegame,0.0,405.5
9638,freegame,0.1,543.6
9639,freegame,0.1,143.7
9640,freegame,0.1,53.4
9641,wincap,0.0,5000
9642,freegame,0.0,1548.9
9643,freegame,0.0,1342.6
9644,freegame,0.9,1854.6
9645,wincap,1.0,5000
9646,freegame,0.0,275.0
9647,freegame,0.0,244.5
9648,freegame,0.0,256.7
9649,freegame,0.0,458.5
9650,freegame,0.0,237.8
9651,freegame,0.1,864.7
9652,freegame,0.0,174.6
9653,freegame,0.0,1245.9
9654,freegame,0.0,450.4
9655,freegame,0.0,796.7
9656,freegame,0.0,671.3
9657,freegame,0.0,1504.3
9658,freegame,0.0,486.8
9659,freegame,0.0,83.0
9660,freegame,0.0,4236.6
9661,freegame,0.0,286.2
9662,freegame,0.0,4916.5
9663,freegame,0.6,1450.0
9664,freegame,0.0,783.2
9665,freegame,0.3,215.2
9666,freegame,0.0,502.6
9667,freegame,0.0,941.7
9668,freegame,0.0,2631.7
9669,freegame,0.0,453.3
9670,freegame,0.0,1457.1
9671,freegame,0.1,96.9
9672,freegame,0.2,1383.7
9673,freegame,0.0,1736.7
9674,freegame,0.0,484.5
9675,freegame,0.0,454.9
9676,freegame,0.1,68.9
9677,freegame,0.0,87.1
9678,freegame,1.5,535.6
9679,freegame,1.0,1572.5
9680,freegame,0.0,1289.3
9681,freegame,0.0,1109.3
9682,freegame,0.0,666.5
9683,freegame,0.0,267.4
9684,freegame,0.2,619.9
9685,freegame,0.7,2079.3
9686,freegame,0.0,3.2
9687,freegame,0.0,1485.6
9688,freegame,0.0,228.6
9689,freegame,0.0,508.4
9690,freegame,0.0,5000
9691,freegame,1.0,215.1
9692,freegame,0.3,1361.0
9693,freegame,0.0,502.7
9694,freegame,0.0,498.5
9695,freegame,1.2,1538.2
9696,freegame,0.3,2110.3
9697,freegame,0.0,2018.6
9698,freegame,0.0,5000
9699,freegame,0.0,462.7
9700,freegame,0.0,3306.8
9701,freegame,0.2,109.1
9702,freegame,3.0,110.5
9703,freegame,0.1,1288.8
9704,freegame,0.0,1354.7
9705,freegame,0.3,2170.8
9706,freegame,0.0,638.6
9707,freegame,0.6,1293.8
9708,freegame,0.0,264.2
9709,freegame,0.0,1086.9
9710,freegame,0.0,976.4
9711,freegame,0.0,587.7
9712,freegame,0.0,381.1
9713,freegame,0.0,1488.3
9714,freegame,0.0,1322.5
9715,freegame,0.0,1085.2
9716,freegame,0.2,1272.8
9717,freegame,0.0,423.5
9718,freegame,0.0,1292.7
9719,freegame,0.0,820.4
9720,freegame,10.0,17.4
9721,freegame,0.1,1842.3
9722,freegame,0.2,1479.3
9723,freegame,0.4,747.0
9724,freegame,0.0,3065.2
9725,freegame,0.0,1255.6
9726,freegame,0.0,3350.3
9727,freegame,0.0,1120.3
9728,freegame,0.2,2652.7
9729,freegame,0.0,2709.2
9730,freegame,0.0,53.1
9731,freegame,0.0,246.8
9732,freegame,0.0,897.3
9733,freegame,0.0,98.0
9734,freegame,0.3,132.3
9735,freegame,1.6,2979.0
9736,freegame,0.0,111.6
9737,freegame,0.0,783.0
9738,freegame,0.0,1211.9
9739,freegame,0.4,1541.9
9740,freegame,0.0,433.5
9741,freegame,0.0,18.6
9742,freegame,2.1,252.9
9743,freegame,0.3,1911.6
9744,freegame,0.2,2474.1
9745,freegame,1.2,113.8
9746,freegame,0.0,1008.0
9747,freegame,0.2,204.6
9748,freegame,0.0,1597.1
9749,freegame,0.0,168.6
9750,freegame,0.0,1029.1
9751,freegame,0.0,2874.2
9752,freegame,0.2,353.4
9753,freegame,0.0,415.4
9754,freegame,0.4,123.1
9755,freegame,0.0,764.2
9756,freegame,0.0,1158.9
9757,freegame,0.0,557.1
9758,freegame,1.0,801.5
9759,freegame,1.2,3225.5
9760,freegame,1.3,995.6
9761,freegame,0.8,336.0
9762,freegame,0.0,2253.4
9763,freegame,1.3,1861.8
9764,freegame,0.4,2308.5
9765,freegame,0.0,2681.0
9766,freegame,0.4,394.9
9767,freegame,0.0,1405.4
9768,freegame,2.2,993.2
9769,freegame,0.1,607.9
9770,freegame,0.0,981.8
9771,freegame,0.0,123.3
9772,freegame,0.0,430.4
9773,freegame,0.0,3212.7
9774,freegame,0.0,146.5
9775,freegame,1.3,856.8
9776,freegame,0.0,1692.7
9777,freegame,0.1,766.0
9778,freegame,0.0,135.6
9779,freegame,0.0,400.1
9780,freegame,0.0,2533.3
9781,freegame,0.0,3886.6
9782,freegame,0.0,821.5
9783,freegame,0.0,1530.2
9784,freegame,0.0,372.2
9785,freegame,0.0,808.4
9786,freegame,1.9,418.2
9787,freegame,1.1,84.0
9788,freegame,0.0,362.6
9789,freegame,0.0,679.8
9790,freegame,0.0,981.9
9791,freegame,0.0,1035.5
9792,freegame,0.0,604.7
9793,freegame,1.0,871.9
9794,freegame,2.3,2828.1
9795,freegame,0.5,84.5
9796,freegame,0.2,856.0
9797,freegame,0.0,2461.7
9798,freegame,0.0,5000
9799,freegame,0.6,624.9
9800,freegame,0.0,362.6
9801,freegame,0.0,520.7
9802,freegame,0.0,1178.6
9803,freegame,0.0,263.7
9804,freegame,0.6,1905.4
9805,freegame,0.0,2162.3
9806,freegame,0.4,637.4
9807,freegame,0.0,1049.4
9808,freegame,1.2,1037.1
9809,freegame,0.5,204.5
9810,freegame,0.0,449.5
9811,freegame,0.8,320.8
9812,freegame,0.6,2044.5
9813,freegame,0.0,791.4
9814,freegame,0.0,3801.9
9815,freegame,0.0,631.4
9816,freegame,0.1,235.5
9817,freegame,0.8,1676.8
9818,freegame,0.0,1334.8
9819,freegame,0.0,746.3
9820,freegame,0.0,771.8
9821,freegame,0.0,683.4
9822,freegame,0.0,270.8
9823,freegame,0.0,391.0
9824,freegame,0.7,156.3
9825,freegame,0.0,1569.5
9826,freegame,0.0,403.1
9827,freegame,0.0,660.2
9828,freegame,0.0,1290.4
9829,freegame,0.0,709.7
9830,freegame,0.0,400.1
9831,freegame,3.0,1469.1
9832,freegame,0.1,321.0
9833,freegame,0.0,1018.4
9834,freegame,0.0,762.8
9835,freegame,0.0,334.4
9836,freegame,0.0,662.0
9837,freegame,1.0,567.6
9838,freegame,0.0,831.3
9839,freegame,0.2,2384.7
9840,freegame,0.1,5000
9841,freegame,0.0,260.6
9842,freegame,0.4,500.6
9843,freegame,1.6,4968.4
9844,freegame,0.6,5000
9845,freegame,0.9,4158.8
9846,freegame,0.0,3451.0
9847,freegame,0.0,2523.7
9848,freegame,0.2,280.7
9849,freegame,1.3,554.6
9850,freegame,0.0,807.7
9851,freegame,0.0,506.2
9852,freegame,0.0,1825.1
9853,freegame,0.0,1483.4
9854,freegame,0.0,376.2
9855,freegame,0.0,2465.2
9856,freegame,0.0,315.4
9857,freegame,0.0,607.9
9858,freegame,0.0,329.2
9859,freegame,0.9,117.0
9860,freegame,1.5,3269.6
9861,freegame,0.0,1653.1
9862,freegame,0.0,688.6
9863,freegame,0.0,4956.3
9864,freegame,0.0,846.5
9865,freegame,0.0,450.9
9866,freegame,0.0,828.8
9867,freegame,0.0,452.6
9868,freegame,0.0,77.9
9869,freegame,0.2,313.2
9870,freegame,0.0,188.6
9871,freegame,0.0,439.3
9872,freegame,0.0,1453.6
9873,freegame,0.0,3108.8
9874,freegame,1.5,5000
9875,freegame,0.0,75.0
9876,freegame,0.0,359.8
9877,freegame,0.0,316.5
9878,freegame,1.1,530.8
9879,freegame,0.0,688.9
9880,freegame,0.0,277.8
9881,freegame,0.0,1325.2
9882,freegame,0.0,420.7
9883,freegame,0.2,1433.3
9884,freegame,0.3,27.7
9885,freegame,0.0,529.3
9886,freegame,0.0,230.8
9887,freegame,0.0,4120.4
9888,freegame,0.0,2246.7
9889,freegame,0.0,260.7
9890,freegame,0.2,1491.9
9891,freegame,0.9,5000
9892,freegame,0.0,55.6
9893,freegame,0.6,724.6
9894,freegame,3.0,715.1
9895,freegame,0.0,190.5
9896,freegame,0.0,291.8
9897,freegame,0.0,2412.6
9898,freegame,0.0,1731.0
9899,freegame,0.0,3450.0
9900,freegame,0.0,6.1
9901,freegame,0.2,503.0
9902,freegame,0.0,306.4
9903,freegame,0.0,332.4
9904,freegame,0.1,67.0
9905,freegame,0.6,560.7
9906,freegame,0.0,724.5
9907,freegame,0.0,1842.4
9908,freegame,0.0,1763.8
9909,freegame,0.0,1475.1
9910,freegame,0.0,185.4
9911,freegame,0.0,180.0
9912,freegame,0.0,5000
9913,freegame,0.0,323.4
9914,freegame,0.0,5000
9915,freegame,0.6,1110.2
9916,freegame,0.0,2576.0
9917,freegame,0.0,895.9
9918,freegame,0.0,1079.3
9919,freegame,0.0,1039.5
9920,freegame,0.0,2533.1
9921,freegame,0.0,124.5
9922,freegame,0.0,1097.8
9923,freegame,0.0,2222.1
9924,freegame,0.0,446.3
9925,freegame,0.0,349.0
9926,freegame,3.2,3.7
9927,freegame,0.0,320.5
9928,freegame,0.0,399.1
9929,freegame,0.6,2585.4
9930,freegame,0.7,27.7
9931,freegame,0.0,326.9
9932,freegame,0.0,41.2
9933,freegame,0.0,4377.9
9934,freegame,0.0,342.9
9935,freegame,0.0,2070.6
9936,freegame,0.9,800.3
9937,freegame,0.0,176.3
9938,freegame,0.0,2423.9
9939,freegame,0.0,199.0
9940,freegame,0.5,40.8
9941,freegame,0.0,1361.6
9942,freegame,1.5,4289.8
9943,freegame,0.0,3587.4
9944,freegame,0.0,297.4
9945,freegame,0.0,1036.6
9946,freegame,0.0,276.5
9947,freegame,0.0,441.0
9948,freegame,0.0,1005.0
9949,freegame,0.3,4931.0
9950,freegame,0.0,928.8
9951,freegame,0.3,100.8
9952,freegame,0.3,5000
9953,freegame,0.0,332.8
9954,freegame,3.2,592.9
9955,freegame,0.7,1464.7
9956,freegame,0.1,1569.7
9957,freegame,0.0,1081.5
9958,freegame,0.6,81.2
9959,freegame,0.0,588.7
9960,freegame,1.5,392.4
9961,freegame,0.0,414.5
9962,freegame,0.6,2347.6
9963,freegame,0.0,737.5
9964,freegame,0.0,667.5
9965,freegame,0.0,57.0
9966,freegame,0.0,333.6
9967,freegame,0.2,1073.2
9968,freegame,0.0,84.3
9969,freegame,0.0,826.4
9970,freegame,0.0,693.1
9971,freegame,0.0,477.6
9972,freegame,0.0,1713.6
9973,freegame,0.0,291.3
9974,freegame,1.0,268.1
9975,freegame,0.0,3100.0
9976,freegame,0.0,497.5
9977,freegame,1.0,243.7
9978,freegame,1.5,218.8
9979,freegame,0.0,1505.1
9980,freegame,2.1,732.5
9981,freegame,0.1,586.5
9982,freegame,0.0,1545.1
9983,freegame,0.0,731.0
9984,freegame,0.6,862.1
9985,freegame,0.0,117.2
9986,freegame,0.0,575.5
9987,freegame,0.0,573.6
9988,freegame,0.0,644.7
9989,freegame,0.2,879.1
9990,freegame,0.1,1386.2
9991,freegame,0.0,981.0
9992,freegame,0.0,2221.9
9993,freegame,0.0,233.7
9994,freegame,0.0,54.4
9995,freegame,0.8,189.2
9996,freegame,0.4,986.8
9997,freegame,0.0,506.6
9998,freegame,0.2,1690.7
9999,freegame,0.0,732.0
