Name,Pig2
Score,0.36988
LockedUpRTP,
Rtp,0.9699999993968981
Win Ranges
0,0.1,1 in 1.410
0.1,1,1 in 4.391
1,2,1 in 30.321
2,3,1 in 904.829
3,5,1 in 487.866
5,10,1 in 200.936
10,20,1 in 110.344
20,50,1 in 114.437
50,100,1 in 320.509
100,200,1 in 1109.058
200,500,1 in 27958.400
500,1000,1 in 109913.510
1000,2000,1 in 136193.306
2000,3000,1 in 278801.617
3000,5001,1 in 203546.050
Distribution
0,199895486317,0.00
1,69710051248,0.60
2,50039995,5000.00
3,3702511204,2.40
4,11748649485,3.90
5,201809769462,0.90
6,3702511204,2.40
7,145365100988,1.00
8,199895486317,0.00
9,61328055216,0.20
10,69710051248,0.60
11,3446582951,3.20
12,199895486317,0.00
13,61328055216,0.20
14,199895486317,0.00
15,125416058347,0.40
16,199895486317,0.00
17,199895486317,0.00
18,69710051248,0.60
19,1387804724,4.00
20,61328055216,0.20
21,199895486317,0.00
22,69710051248,0.60
23,199895486317,0.00
24,1028468722,1.30
25,145365100988,1.00
26,12948858777,6.30
27,145365100988,1.00
28,199895486317,0.00
29,199895486317,0.00
30,1013213972,1.20
31,199895486317,0.00
32,77985876195,0.30
33,613653834,3.00
34,1142989829,1.50
35,125416058347,0.40
36,199895486317,0.00
37,44437408272,8.20
38,44668452,2302.30
39,199895486317,0.00
40,199895486317,0.00
41,199895486317,0.00
42,61328055216,0.20
43,199895486317,0.00
44,39930664939,22.30
45,77985876195,0.30
46,142183109073,0.50
47,607623093,2.00
48,145365100988,1.00
49,201809769462,0.90
50,77985876195,0.30
51,199895486317,0.00
52,199895486317,0.00
53,77985876195,0.30
54,44264426,372.50
55,199895486317,0.00
56,1142989829,1.50
57,199895486317,0.00
58,15919153609,130.40
59,61328055216,0.20
60,7636006180,4.60
61,199895486317,0.00
62,199895486317,0.00
63,3868913531,1.90
64,199895486317,0.00
65,201809769462,0.90
66,199895486317,0.00
67,27573103862,14.00
68,3935347230,3.70
69,290039092040,0.80
70,199895486317,0.00
71,8985220085,151.50
72,12764397385,7.00
73,199895486317,0.00
74,82277231083,0.10
75,199895486317,0.00
76,77985876195,0.30
77,38954726000,18.00
78,199895486317,0.00
79,199895486317,0.00
80,199895486317,0.00
81,62543213,3773.50
82,61328055216,0.20
83,56673475,3631.80
84,199895486317,0.00
85,45350978,4166.20
86,47796693,551.90
87,1649850112,1.10
88,3680775865,2.30
89,69710051248,0.60
90,199895486317,0.00
91,51209331,2569.00
92,201809769462,0.90
93,199895486317,0.00
94,199895486317,0.00
95,236069070886,0.70
96,613653834,3.00
97,199895486317,0.00
98,77985876195,0.30
99,61328055216,0.20
100,201809769462,0.90
101,125416058347,0.40
102,290039092040,0.80
103,94198558887,26.50
104,1013213972,1.20
105,50185619,513.10
106,69710051248,0.60
107,1010303329,6.00
108,1010303329,6.00
109,1013213972,1.20
110,77985876195,0.30
111,199895486317,0.00
112,607623093,2.00
113,199895486317,0.00
114,199895486317,0.00
115,1013213972,1.20
116,199895486317,0.00
117,199895486317,0.00
118,199895486317,0.00
119,69710051248,0.60
120,199895486317,0.00
121,199895486317,0.00
122,199895486317,0.00
123,199895486317,0.00
124,10029097603,4.40
125,77985876195,0.30
126,607623093,2.00
127,199895486317,0.00
128,77985876195,0.30
129,53371708,407.70
130,51453714177,12.80
131,1142989829,1.50
132,77985876195,0.30
133,23575997208,116.90
134,199895486317,0.00
135,199895486317,0.00
136,199895486317,0.00
137,1013213972,1.20
138,199895486317,0.00
139,44554671,891.50
140,19978147592,123.60
141,125416058347,0.40
142,199895486317,0.00
143,3446582951,3.20
144,42833019,1588.30
145,61328055216,0.20
146,48649840,844.70
147,1941375851,1.40
148,61328055216,0.20
149,236069070886,0.70
150,607623093,2.00
151,51895786,3182.90
152,199895486317,0.00
153,199895486317,0.00
154,607623093,2.00
155,61328055216,0.20
156,82277231083,0.10
157,199895486317,0.00
158,145365100988,1.00
159,199895486317,0.00
160,4123564983,2.60
161,199895486317,0.00
162,22846112,898.70
163,45919740,872.00
164,61328055216,0.20
165,77985876195,0.30
166,77985876195,0.30
167,199895486317,0.00
168,199895486317,0.00
169,199895486317,0.00
170,1387804724,4.00
171,1387804724,4.00
172,199895486317,0.00
173,145365100988,1.00
174,62133750509,30.80
175,3936171009,3.10
176,199895486317,0.00
177,199895486317,0.00
178,199895486317,0.00
179,290039092040,0.80
180,142183109073,0.50
181,199895486317,0.00
182,199895486317,0.00
183,77985876195,0.30
184,199895486317,0.00
185,199895486317,0.00
186,20456340633,6.90
187,199895486317,0.00
188,199895486317,0.00
189,199895486317,0.00
190,199895486317,0.00
191,199895486317,0.00
192,199895486317,0.00
193,199895486317,0.00
194,145365100988,1.00
195,77985876195,0.30
196,199895486317,0.00
197,199895486317,0.00
198,199895486317,0.00
199,199895486317,0.00
200,199895486317,0.00
201,199895486317,0.00
202,199895486317,0.00
203,199895486317,0.00
204,199895486317,0.00
205,5105446122,2.90
206,199895486317,0.00
207,43938811228,72.60
208,4167436112,9.00
209,127934324211,9.70
210,61328055216,0.20
211,199895486317,0.00
212,199895486317,0.00
213,1387804724,4.00
214,82277231083,0.10
215,199895486317,0.00
216,15857750773,4.50
217,82277231083,0.10
218,290039092040,0.80
219,44270308,605.00
220,77985876195,0.30
221,61328055216,0.20
222,199895486317,0.00
223,3249115344,5.00
224,46829773,4069.40
225,53806898,3727.40
226,77985876195,0.30
227,49756727,418.30
228,199895486317,0.00
229,290039092040,0.80
230,199895486317,0.00
231,37863364530,8.40
232,199895486317,0.00
233,199895486317,0.00
234,199895486317,0.00
235,201809769462,0.90
236,125416058347,0.40
237,199895486317,0.00
238,199895486317,0.00
239,51436838,2420.50
240,199895486317,0.00
241,199895486317,0.00
242,61328055216,0.20
243,199895486317,0.00
244,82277231083,0.10
245,199895486317,0.00
246,199895486317,0.00
247,236069070886,0.70
248,607623093,2.00
249,199895486317,0.00
250,48658947,397.20
251,199895486317,0.00
252,29938248288,10.10
253,199895486317,0.00
254,236069070886,0.70
255,1013213972,1.20
256,125416058347,0.40
257,49104877,553.00
258,199895486317,0.00
259,1573302157,1.60
260,77985876195,0.30
261,45294096,753.80
262,199895486317,0.00
263,3680775865,2.30
264,101490058082,39.10
265,1010303329,6.00
266,199895486317,0.00
267,199895486317,0.00
268,14495505379,11.00
269,199895486317,0.00
270,1010303329,6.00
271,61328055216,0.20
272,82277231083,0.10
273,61328055216,0.20
274,199895486317,0.00
275,199895486317,0.00
276,199895486317,0.00
277,4211082918,3.60
278,199895486317,0.00
279,77086916863,23.70
280,199895486317,0.00
281,50039995,5000.00
282,53370671,819.70
283,77985876195,0.30
284,65844806896,52.50
285,145365100988,1.00
286,199895486317,0.00
287,51038692,641.70
288,607623093,2.00
289,61328055216,0.20
290,3249115344,5.00
291,199895486317,0.00
292,125416058347,0.40
293,199895486317,0.00
294,199895486317,0.00
295,613653834,3.00
296,193428988,273.00
297,145365100988,1.00
298,82277231083,0.10
299,1028468722,1.30
300,45919732,664.00
301,199895486317,0.00
302,199895486317,0.00
303,613653834,3.00
304,199895486317,0.00
305,199895486317,0.00
306,22192025,677.60
307,1013213972,1.20
308,46204115,721.90
309,199895486317,0.00
310,199895486317,0.00
311,1013213972,1.20
312,19983120485,4.90
313,199895486317,0.00
314,69710051248,0.60
315,199895486317,0.00
316,13629593464,4.80
317,290039092040,0.80
318,199895486317,0.00
319,69710051248,0.60
320,199895486317,0.00
321,145365100988,1.00
322,36235275,1303.80
323,199895486317,0.00
324,14495505379,11.00
325,69710051248,0.60
326,44087362144,60.00
327,61328055216,0.20
328,199895486317,0.00
329,199895486317,0.00
330,199895486317,0.00
331,69710051248,0.60
332,199895486317,0.00
333,199895486317,0.00
334,199895486317,0.00
335,69710051248,0.60
336,42696526,1441.10
337,142183109073,0.50
338,142183109073,0.50
339,607623093,2.00
340,199895486317,0.00
341,50039995,5000.00
342,125416058347,0.40
343,4167436112,9.00
344,49844251,4158.50
345,1013213972,1.20
346,3446582951,3.20
347,199895486317,0.00
348,61328055216,0.20
349,31308228616,20.50
350,199895486317,0.00
351,142183109073,0.50
352,199895486317,0.00
353,3680775865,2.30
354,4952592720,2.20
355,98365011668,35.30
356,199895486317,0.00
357,199895486317,0.00
358,199895486317,0.00
359,3702511204,2.40
360,199895486317,0.00
361,199895486317,0.00
362,199895486317,0.00
363,77985876195,0.30
364,82277231083,0.10
365,199895486317,0.00
366,142183109073,0.50
367,199895486317,0.00
368,199895486317,0.00
369,145365100988,1.00
370,1013213972,1.20
371,77985876195,0.30
372,199895486317,0.00
373,1941375851,1.40
374,770951452,231.50
375,199895486317,0.00
376,199895486317,0.00
377,40876447,1473.20
378,1142989829,1.50
379,199895486317,0.00
380,199895486317,0.00
381,199895486317,0.00
382,1013213972,1.20
383,199895486317,0.00
384,5105446122,2.90
385,10390231533,30.00
386,45113537,355.70
387,77985876195,0.30
388,3071747168,1.80
389,54726688945,13.90
390,199895486317,0.00
391,607623093,2.00
392,48928378,360.10
393,607623093,2.00
394,2249196949,10.00
395,69710051248,0.60
396,4591534315,169.30
397,199895486317,0.00
398,199895486317,0.00
399,41786485,1275.30
400,199895486317,0.00
401,125416058347,0.40
402,125416058347,0.40
403,61328055216,0.20
404,43825272720,98.40
405,199895486317,0.00
406,201809769462,0.90
407,199895486317,0.00
408,199895486317,0.00
409,201809769462,0.90
410,61328055216,0.20
411,613653834,3.00
412,433223811,247.00
413,69710051248,0.60
414,199895486317,0.00
415,43929043,597.90
416,199895486317,0.00
417,26539264380,46.30
418,2249196949,10.00
419,613653834,3.00
420,77985876195,0.30
421,199895486317,0.00
422,199895486317,0.00
423,199895486317,0.00
424,199895486317,0.00
425,199895486317,0.00
426,27573103862,14.00
427,607623093,2.00
428,1013213972,1.20
429,69710051248,0.60
430,1142989829,1.50
431,1573302157,1.60
432,145365100988,1.00
433,199895486317,0.00
434,199895486317,0.00
435,613653834,3.00
436,3071747168,1.80
437,77985876195,0.30
438,1649850112,1.10
439,69710051248,0.60
440,77985876195,0.30
441,199895486317,0.00
442,82277231083,0.10
443,2891955598,163.70
444,199895486317,0.00
445,199895486317,0.00
446,199895486317,0.00
447,199895486317,0.00
448,12764397385,7.00
449,199895486317,0.00
450,199895486317,0.00
451,199895486317,0.00
452,145365100988,1.00
453,52274105,403.90
454,199895486317,0.00
455,1028468722,1.30
456,36280761,1899.00
457,69710051248,0.60
458,1180015887,213.00
459,1028468722,1.30
460,199895486317,0.00
461,52235226364,43.00
462,199895486317,0.00
463,607623093,2.00
464,199895486317,0.00
465,199895486317,0.00
466,199895486317,0.00
467,9463637534,5.10
468,42423501,1082.00
469,142183109073,0.50
470,199895486317,0.00
471,613653834,3.00
472,199895486317,0.00
473,199895486317,0.00
474,199895486317,0.00
475,43417126,938.80
476,142183109073,0.50
477,199895486317,0.00
478,13274400589,40.00
479,199895486317,0.00
480,46327139,450.60
481,199895486317,0.00
482,142183109073,0.50
483,199895486317,0.00
484,42975146197,72.00
485,5105446122,2.90
486,199895486317,0.00
487,11127552312,7.40
488,199895486317,0.00
489,199895486317,0.00
490,199895486317,0.00
491,199895486317,0.00
492,199895486317,0.00
493,199895486317,0.00
494,77985876195,0.30
495,199895486317,0.00
496,53192613,3659.80
497,199895486317,0.00
498,47398551,998.80
499,199895486317,0.00
500,8190277133,3.40
501,145365100988,1.00
502,142183109073,0.50
503,3702511204,2.40
504,199895486317,0.00
505,199895486317,0.00
506,236069070886,0.70
507,199895486317,0.00
508,82277231083,0.10
509,199895486317,0.00
510,38282851,1368.30
511,1142989829,1.50
512,524736287,241.50
513,11168912027,10.20
514,199895486317,0.00
515,71895084169,23.90
516,199895486317,0.00
517,4146951214,2.50
518,1142989829,1.50
519,199895486317,0.00
520,145365100988,1.00
521,142183109073,0.50
522,53689451,334.50
523,145365100988,1.00
524,4952592720,2.20
525,199895486317,0.00
526,199895486317,0.00
527,199895486317,0.00
528,613653834,3.00
529,199895486317,0.00
530,2382571516,1.70
531,69710051248,0.60
532,77985876195,0.30
533,36461330323,4.70
534,1387804724,4.00
535,199895486317,0.00
536,61328055216,0.20
537,199895486317,0.00
538,236069070886,0.70
539,199895486317,0.00
540,199895486317,0.00
541,77985876195,0.30
542,199895486317,0.00
543,607623093,2.00
544,199895486317,0.00
545,10189280056,143.70
546,82277231083,0.10
547,199895486317,0.00
548,199895486317,0.00
549,199895486317,0.00
550,199895486317,0.00
551,82277231083,0.10
552,77985876195,0.30
553,69710051248,0.60
554,613653834,3.00
555,1387804724,4.00
556,77985876195,0.30
557,2010550974,2.10
558,1142989829,1.50
559,26568486,427.10
560,69710051248,0.60
561,3702511204,2.40
562,12655113999,8.30
563,3071747168,1.80
564,199895486317,0.00
565,2249196949,10.00
566,61328055216,0.20
567,48251694,649.90
568,65042518786,21.40
569,199895486317,0.00
570,3446582951,3.20
571,199895486317,0.00
572,199895486317,0.00
573,4952592720,2.20
574,125416058347,0.40
575,77985876195,0.30
576,199895486317,0.00
577,199895486317,0.00
578,199895486317,0.00
579,11127552312,7.40
580,199895486317,0.00
581,199895486317,0.00
582,199895486317,0.00
583,125416058347,0.40
584,44437408272,8.20
585,199895486317,0.00
586,77985876195,0.30
587,613653834,3.00
588,75758982933,58.50
589,5094763865,4.20
590,69710051248,0.60
591,61328055216,0.20
592,199895486317,0.00
593,5740272443,4.30
594,77985876195,0.30
595,77985876195,0.30
596,61328055216,0.20
597,199895486317,0.00
598,199895486317,0.00
599,82277231083,0.10
600,5094763865,4.20
601,142183109073,0.50
602,77985876195,0.30
603,61328055216,0.20
604,199895486317,0.00
605,199895486317,0.00
606,199895486317,0.00
607,44725232334,21.60
608,145365100988,1.00
609,77985876195,0.30
610,61328055216,0.20
611,236069070886,0.70
612,199895486317,0.00
613,199895486317,0.00
614,145365100988,1.00
615,61328055216,0.20
616,199895486317,0.00
617,5105446122,2.90
618,199895486317,0.00
619,125416058347,0.40
620,290039092040,0.80
621,9293317046,3.50
622,199895486317,0.00
623,77985876195,0.30
624,3936171009,3.10
625,199895486317,0.00
626,61792433,3950.50
627,11903153847,6.50
628,1142989829,1.50
629,199895486317,0.00
630,199895486317,0.00
631,199895486317,0.00
632,42150515,1396.50
633,99308272352,60.10
634,199895486317,0.00
635,199895486317,0.00
636,125416058347,0.40
637,236069070886,0.70
638,199895486317,0.00
639,199895486317,0.00
640,199895486317,0.00
641,199895486317,0.00
642,199895486317,0.00
643,69710051248,0.60
644,3071747168,1.80
645,613653834,3.00
646,199895486317,0.00
647,77985876195,0.30
648,199895486317,0.00
649,2249196949,10.00
650,199895486317,0.00
651,199895486317,0.00
652,5105446122,2.90
653,199895486317,0.00
654,613653834,3.00
655,81379378117,34.70
656,82277231083,0.10
657,199895486317,0.00
658,199895486317,0.00
659,199895486317,0.00
660,61328055216,0.20
661,199895486317,0.00
662,199895486317,0.00
663,199895486317,0.00
664,61328055216,0.20
665,199895486317,0.00
666,199895486317,0.00
667,142183109073,0.50
668,199895486317,0.00
669,77985876195,0.30
670,199895486317,0.00
671,199895486317,0.00
672,199895486317,0.00
673,199895486317,0.00
674,199895486317,0.00
675,199895486317,0.00
676,4167436112,9.00
677,69710051248,0.60
678,3702511204,2.40
679,613653834,3.00
680,69710051248,0.60
681,9400696905,8.00
682,199895486317,0.00
683,7636006180,4.60
684,46605727,366.70
685,1013213972,1.20
686,52635131,464.90
687,199895486317,0.00
688,8190277133,3.40
689,1387804724,4.00
690,199895486317,0.00
691,76168933419,47.20
692,2010550974,2.10
693,61328055216,0.20
694,199895486317,0.00
695,125416058347,0.40
696,290039092040,0.80
697,199895486317,0.00
698,613653834,3.00
699,142183109073,0.50
700,11748649485,3.90
701,201809769462,0.90
702,82277231083,0.10
703,1573302157,1.60
704,82277231083,0.10
705,199895486317,0.00
706,199895486317,0.00
707,199895486317,0.00
708,199895486317,0.00
709,199895486317,0.00
710,199895486317,0.00
711,166931650,275.00
712,7636006180,4.60
713,45520799732,23.00
714,199895486317,0.00
715,199895486317,0.00
716,199895486317,0.00
717,109410086083,14.20
718,51036981706,51.90
719,199895486317,0.00
720,5094763865,4.20
721,1010303329,6.00
722,69710051248,0.60
723,199895486317,0.00
724,613653834,3.00
725,199895486317,0.00
726,236069070886,0.70
727,77985876195,0.30
728,199895486317,0.00
729,199895486317,0.00
730,4765291838,2.70
731,61328055216,0.20
732,199895486317,0.00
733,4167436112,9.00
734,613653834,3.00
735,290039092040,0.80
736,236069070886,0.70
737,199895486317,0.00
738,199895486317,0.00
739,125416058347,0.40
740,199895486317,0.00
741,3868913531,1.90
742,199895486317,0.00
743,1387804724,4.00
744,613653834,3.00
745,199895486317,0.00
746,50446946167,50.20
747,613653834,3.00
748,199895486317,0.00
749,3868913531,1.90
750,199895486317,0.00
751,61328055216,0.20
752,199895486317,0.00
753,77985876195,0.30
754,39920905,1983.10
755,199895486317,0.00
756,36599275,1076.30
757,199895486317,0.00
758,199895486317,0.00
759,199895486317,0.00
760,199895486317,0.00
761,1941375851,1.40
762,199895486317,0.00
763,199895486317,0.00
764,145365100988,1.00
765,77985876195,0.30
766,199895486317,0.00
767,199895486317,0.00
768,199895486317,0.00
769,90773109204,9.20
770,199895486317,0.00
771,199895486317,0.00
772,199895486317,0.00
773,4167436112,9.00
774,199895486317,0.00
775,125416058347,0.40
776,69896235439,12.10
777,69710051248,0.60
778,236069070886,0.70
779,82277231083,0.10
780,36461330323,4.70
781,7740131935,10.30
782,9121653333,20.00
783,36599281,1004.30
784,199895486317,0.00
785,82277231083,0.10
786,613653834,3.00
787,61328055216,0.20
788,4366741889,3.30
789,46204131,2410.20
790,199895486317,0.00
791,47455410,552.60
792,49172069957,64.30
793,199895486317,0.00
794,199895486317,0.00
795,57257248110,33.60
796,77985876195,0.30
797,61328055216,0.20
798,61328055216,0.20
799,3680775865,2.30
800,36554426846,13.00
801,199895486317,0.00
802,199895486317,0.00
803,125416058347,0.40
804,145365100988,1.00
805,1013213972,1.20
806,199895486317,0.00
807,199895486317,0.00
808,1013213972,1.20
809,145365100988,1.00
810,199895486317,0.00
811,199895486317,0.00
812,607623093,2.00
813,199895486317,0.00
814,142183109073,0.50
815,199895486317,0.00
816,145365100988,1.00
817,290039092040,0.80
818,142183109073,0.50
819,199895486317,0.00
820,199895486317,0.00
821,77985876195,0.30
822,8190277133,3.40
823,613653834,3.00
824,199895486317,0.00
825,77985876195,0.30
826,199895486317,0.00
827,613653834,3.00
828,613106245,233.30
829,77985876195,0.30
830,199895486317,0.00
831,77985876195,0.30
832,38954726000,18.00
833,3680775865,2.30
834,1649850112,1.10
835,4952592720,2.20
836,3680775865,2.30
837,77985876195,0.30
838,1013213972,1.20
839,14495505379,11.00
840,199895486317,0.00
841,50039995,5000.00
842,21587197040,5.70
843,199895486317,0.00
844,199895486317,0.00
845,199895486317,0.00
846,8567132283,2.80
847,13274400589,40.00
848,42597309,414.50
849,607623093,2.00
850,40330434,1092.50
851,82277231083,0.10
852,82277231083,0.10
853,13274400589,40.00
854,3249115344,5.00
855,884829113,224.00
856,145365100988,1.00
857,40960584509,4.90
858,199895486317,0.00
859,2382571516,1.70
860,199895486317,0.00
861,145365100988,1.00
862,46606537,461.80
863,199895486317,0.00
864,1013213972,1.20
865,199895486317,0.00
866,199895486317,0.00
867,11168912027,10.20
868,45578483,701.50
869,77985876195,0.30
870,3446582951,3.20
871,1013213972,1.20
872,199895486317,0.00
873,199895486317,0.00
874,199895486317,0.00
875,199895486317,0.00
876,82277231083,0.10
877,82277231083,0.10
878,4366741889,3.30
879,199895486317,0.00
880,2010550974,2.10
881,199895486317,0.00
882,69710051248,0.60
883,199895486317,0.00
884,199895486317,0.00
885,1649850112,1.10
886,199895486317,0.00
887,199895486317,0.00
888,199895486317,0.00
889,607623093,2.00
890,3702511204,2.40
891,201809769462,0.90
892,3702511204,2.40
893,39920903,1062.40
894,199895486317,0.00
895,199895486317,0.00
896,61328055216,0.20
897,142183109073,0.50
898,199895486317,0.00
899,199895486317,0.00
900,50640541,712.80
901,42105012,1418.10
902,607623093,2.00
903,61328055216,0.20
904,199895486317,0.00
905,69710051248,0.60
906,82277231083,0.10
907,42150495,1005.50
908,199895486317,0.00
909,290039092040,0.80
910,199895486317,0.00
911,69710051248,0.60
912,199895486317,0.00
913,199895486317,0.00
914,199895486317,0.00
915,39056368,1138.50
916,199895486317,0.00
917,199895486317,0.00
918,199895486317,0.00
919,11250685307,7.20
920,199895486317,0.00
921,199895486317,0.00
922,199895486317,0.00
923,82277231083,0.10
924,77985876195,0.30
925,199895486317,0.00
926,199895486317,0.00
927,77985876195,0.30
928,77985876195,0.30
929,66230332294,46.00
930,1142989829,1.50
931,199895486317,0.00
932,199895486317,0.00
933,199895486317,0.00
934,199895486317,0.00
935,199895486317,0.00
936,48081072,553.80
937,5740272443,4.30
938,199895486317,0.00
939,199895486317,0.00
940,69710051248,0.60
941,1010303329,6.00
942,4146951214,2.50
943,613653834,3.00
944,199895486317,0.00
945,61328055216,0.20
946,199895486317,0.00
947,199895486317,0.00
948,12655113999,8.30
949,4765291838,2.70
950,69710051248,0.60
951,82277231083,0.10
952,199895486317,0.00
953,199895486317,0.00
954,5543205248,6.20
955,77985876195,0.30
956,199895486317,0.00
957,145365100988,1.00
958,199895486317,0.00
959,236069070886,0.70
960,3868913531,1.90
961,199895486317,0.00
962,199895486317,0.00
963,199895486317,0.00
964,199895486317,0.00
965,199895486317,0.00
966,1387804724,4.00
967,69710051248,0.60
968,77985876195,0.30
969,199895486317,0.00
970,26539264380,46.30
971,199895486317,0.00
972,199895486317,0.00
973,199895486317,0.00
974,199895486317,0.00
975,46716033,4038.30
976,199895486317,0.00
977,82277231083,0.10
978,4366741889,3.30
979,199895486317,0.00
980,61328055216,0.20
981,77985876195,0.30
982,199895486317,0.00
983,77985876195,0.30
984,201809769462,0.90
985,199895486317,0.00
986,1142989829,1.50
987,5094763865,4.20
988,77985876195,0.30
989,199895486317,0.00
990,20456340633,6.90
991,290039092040,0.80
992,199895486317,0.00
993,199895486317,0.00
994,199895486317,0.00
995,1010303329,6.00
996,61328055216,0.20
997,199895486317,0.00
998,17338291221,15.00
999,98729111777,22.80
1000,125416058347,0.40
1001,199895486317,0.00
1002,199895486317,0.00
1003,29938248288,10.10
1004,199895486317,0.00
1005,201809769462,0.90
1006,201809769462,0.90
1007,199895486317,0.00
1008,1010303329,6.00
1009,61328055216,0.20
1010,199895486317,0.00
1011,69710051248,0.60
1012,77985876195,0.30
1013,45359239069,85.90
1014,199895486317,0.00
1015,199895486317,0.00
1016,1010303329,6.00
1017,199895486317,0.00
1018,199895486317,0.00
1019,125416058347,0.40
1020,1010303329,6.00
1021,199895486317,0.00
1022,32600261712,8.90
1023,1941375851,1.40
1024,199895486317,0.00
1025,61328055216,0.20
1026,199895486317,0.00
1027,42514523,1020.80
1028,199895486317,0.00
1029,199895486317,0.00
1030,290039092040,0.80
1031,5094763865,4.20
1032,199895486317,0.00
1033,1649850112,1.10
1034,607623093,2.00
1035,199895486317,0.00
1036,199895486317,0.00
1037,4952592720,2.20
1038,199895486317,0.00
1039,145365100988,1.00
1040,125416058347,0.40
1041,145365100988,1.00
1042,199895486317,0.00
1043,61328055216,0.20
1044,199895486317,0.00
1045,1013213972,1.20
1046,201809769462,0.90
1047,82277231083,0.10
1048,199895486317,0.00
1049,201809769462,0.90
1050,47395244,401.30
1051,3446582951,3.20
1052,47284776,774.00
1053,46659144,860.00
1054,199895486317,0.00
1055,199895486317,0.00
1056,2249196949,10.00
1057,199895486317,0.00
1058,3702511204,2.40
1059,82277231083,0.10
1060,69710051248,0.60
1061,290039092040,0.80
1062,199895486317,0.00
1063,5908896406,160.10
1064,613653834,3.00
1065,8518296005,147.50
1066,199895486317,0.00
1067,199895486317,0.00
1068,50754301,2297.90
1069,9463637534,5.10
1070,199895486317,0.00
1071,199895486317,0.00
1072,199895486317,0.00
1073,199895486317,0.00
1074,199895486317,0.00
1075,199895486317,0.00
1076,8088943450,3.80
1077,199895486317,0.00
1078,199895486317,0.00
1079,199895486317,0.00
1080,47967312,692.90
1081,199895486317,0.00
1082,199895486317,0.00
1083,199895486317,0.00
1084,199895486317,0.00
1085,2010550974,2.10
1086,199895486317,0.00
1087,26612083814,9.10
1088,199895486317,0.00
1089,613653834,3.00
1090,1028468722,1.30
1091,108615480,293.30
1092,199895486317,0.00
1093,199895486317,0.00
1094,13767875730,7.50
1095,43075881,721.30
1096,125416058347,0.40
1097,40921955,1129.90
1098,69710051248,0.60
1099,51095578,4002.60
1100,199895486317,0.00
1101,199895486317,0.00
1102,613653834,3.00
1103,613653834,3.00
1104,199895486317,0.00
1105,199895486317,0.00
1106,613653834,3.00
1107,77985876195,0.30
1108,1941375851,1.40
1109,199895486317,0.00
1110,77985876195,0.30
1111,201809769462,0.90
1112,199895486317,0.00
1113,607623093,2.00
1114,199895486317,0.00
1115,125416058347,0.40
1116,199895486317,0.00
1117,199895486317,0.00
1118,199895486317,0.00
1119,199895486317,0.00
1120,199895486317,0.00
1121,1013213972,1.20
1122,199895486317,0.00
1123,51453714177,12.80
1124,199895486317,0.00
1125,34915728,1281.00
1126,199895486317,0.00
1127,77985876195,0.30
1128,69710051248,0.60
1129,731518810,230.80
1130,46772902,4625.90
1131,63292084,324.20
1132,199895486317,0.00
1133,199895486317,0.00
1134,199895486317,0.00
1135,125416058347,0.40
1136,199895486317,0.00
1137,199895486317,0.00
1138,199895486317,0.00
1139,199895486317,0.00
1140,53655278,502.50
1141,1941375851,1.40
1142,199895486317,0.00
1143,236069070886,0.70
1144,69710051248,0.60
1145,199895486317,0.00
1146,142183109073,0.50
1147,199895486317,0.00
1148,199895486317,0.00
1149,199895486317,0.00
1150,199895486317,0.00
1151,199895486317,0.00
1152,77985876195,0.30
1153,5649136660,6.10
1154,199895486317,0.00
1155,199895486317,0.00
1156,199895486317,0.00
1157,199895486317,0.00
1158,199895486317,0.00
1159,53843168,343.30
1160,4366741889,3.30
1161,199895486317,0.00
1162,1010303329,6.00
1163,199895486317,0.00
1164,199895486317,0.00
1165,13274400589,40.00
1166,3680775865,2.30
1167,607623093,2.00
1168,199895486317,0.00
1169,199895486317,0.00
1170,201809769462,0.90
1171,199895486317,0.00
1172,39556901,1328.20
1173,69710051248,0.60
1174,37099814,1993.30
1175,1142989829,1.50
1176,69710051248,0.60
1177,69710051248,0.60
1178,199895486317,0.00
1179,1010303329,6.00
1180,2382571516,1.70
1181,199895486317,0.00
1182,199895486317,0.00
1183,199895486317,0.00
1184,199895486317,0.00
1185,199895486317,0.00
1186,199895486317,0.00
1187,2382571516,1.70
1188,145365100988,1.00
1189,142183109073,0.50
1190,199895486317,0.00
1191,4366741889,3.30
1192,38692362,1219.80
1193,77985876195,0.30
1194,199895486317,0.00
1195,199895486317,0.00
1196,145365100988,1.00
1197,61328055216,0.20
1198,142183109073,0.50
1199,72717526513,17.50
1200,613653834,3.00
1201,2010550974,2.10
1202,3071747168,1.80
1203,199895486317,0.00
1204,290039092040,0.80
1205,199895486317,0.00
1206,45009698,4980.90
1207,19118677,1371.50
1208,34227570860,35.50
1209,44419866,384.80
1210,69710051248,0.60
1211,199895486317,0.00
1212,199895486317,0.00
1213,125416058347,0.40
1214,199895486317,0.00
1215,199895486317,0.00
1216,142183109073,0.50
1217,5649136660,6.10
1218,199895486317,0.00
1219,4366741889,3.30
1220,199895486317,0.00
1221,82277231083,0.10
1222,613653834,3.00
1223,74690969,281.70
1224,199895486317,0.00
1225,69710051248,0.60
1226,199895486317,0.00
1227,607623093,2.00
1228,199895486317,0.00
1229,199895486317,0.00
1230,82277231083,0.10
1231,4232780510,172.60
1232,77985876195,0.30
1233,14495505379,11.00
1234,47569177,628.50
1235,50437445791,7.80
1236,1387804724,4.00
1237,199895486317,0.00
1238,613653834,3.00
1239,125416058347,0.40
1240,61328055216,0.20
1241,1028468722,1.30
1242,199895486317,0.00
1243,61328055216,0.20
1244,96102741332,44.00
1245,1013213972,1.20
1246,125416058347,0.40
1247,199895486317,0.00
1248,199895486317,0.00
1249,199895486317,0.00
1250,69710051248,0.60
1251,290039092040,0.80
1252,607623093,2.00
1253,607623093,2.00
1254,142183109073,0.50
1255,69710051248,0.60
1256,68155429,321.20
1257,199895486317,0.00
1258,613653834,3.00
1259,199895486317,0.00
1260,40603455,1069.20
1261,125416058347,0.40
1262,145365100988,1.00
1263,199895486317,0.00
1264,8567132283,2.80
1265,199895486317,0.00
1266,3071747168,1.80
1267,1941375851,1.40
1268,199895486317,0.00
1269,61328055216,0.20
1270,199895486317,0.00
1271,607623093,2.00
1272,69710051248,0.60
1273,199895486317,0.00
1274,199895486317,0.00
1275,61328055216,0.20
1276,61328055216,0.20
1277,77985876195,0.30
1278,38828883,1233.10
1279,201809769462,0.90
1280,199895486317,0.00
1281,199895486317,0.00
1282,9400696905,8.00
1283,3071747168,1.80
1284,607623093,2.00
1285,125416058347,0.40
1286,199895486317,0.00
1287,3868913531,1.90
1288,199895486317,0.00
1289,199895486317,0.00
1290,607623093,2.00
1291,290039092040,0.80
1292,8269449311,4.10
1293,44895953,4052.30
1294,199895486317,0.00
1295,39511411,1979.60
1296,236069070886,0.70
1297,1013213972,1.20
1298,7740131935,10.30
1299,199895486317,0.00
1300,69710051248,0.60
1301,199895486317,0.00
1302,199895486317,0.00
1303,1010303329,6.00
1304,47853559,569.00
1305,69710051248,0.60
1306,199895486317,0.00
1307,607623093,2.00
1308,145365100988,1.00
1309,145365100988,1.00
1310,69710051248,0.60
1311,199895486317,0.00
1312,3249115344,5.00
1313,77985876195,0.30
1314,199895486317,0.00
1315,199895486317,0.00
1316,199895486317,0.00
1317,199895486317,0.00
1318,21303454267,21.00
1319,199895486317,0.00
1320,199895486317,0.00
1321,44270306,794.20
1322,201809769462,0.90
1323,199895486317,0.00
1324,3868913531,1.90
1325,199895486317,0.00
1326,61328055216,0.20
1327,4146951214,2.50
1328,1649850112,1.10
1329,199895486317,0.00
1330,199895486317,0.00
1331,199895486317,0.00
1332,3680775865,2.30
1333,199895486317,0.00
1334,199895486317,0.00
1335,108382519716,16.20
1336,201809769462,0.90
1337,62679737,3194.20
1338,5740272443,4.30
1339,3936171009,3.10
1340,199895486317,0.00
1341,199895486317,0.00
1342,199895486317,0.00
1343,199895486317,0.00
1344,199895486317,0.00
1345,199895486317,0.00
1346,199895486317,0.00
1347,199895486317,0.00
1348,199895486317,0.00
1349,199895486317,0.00
1350,1010303329,6.00
1351,199895486317,0.00
1352,290039092040,0.80
1353,199895486317,0.00
1354,48308568,2135.40
1355,45694311104,12.70
1356,199895486317,0.00
1357,36554426846,13.00
1358,10862339679,5.40
1359,199895486317,0.00
1360,7592965902,154.60
1361,11168912027,10.20
1362,29938248288,10.10
1363,69710051248,0.60
1364,90393335942,26.30
1365,125416058347,0.40
1366,10862339679,5.40
1367,607623093,2.00
1368,125416058347,0.40
1369,199895486317,0.00
1370,199895486317,0.00
1371,199895486317,0.00
1372,199895486317,0.00
1373,20456340633,6.90
1374,125416058347,0.40
1375,199895486317,0.00
1376,7168681026,159.00
1377,61328055216,0.20
1378,61328055216,0.20
1379,9400696905,8.00
1380,145365100988,1.00
1381,34870214,1792.80
1382,69710051248,0.60
1383,1013213972,1.20
1384,50322648407,21.70
1385,199895486317,0.00
1386,51095563,2672.00
1387,2959745511,189.10
1388,1028468722,1.30
1389,201809769462,0.90
1390,69710051248,0.60
1391,1573302157,1.60
1392,82277231083,0.10
1393,201809769462,0.90
1394,199895486317,0.00
1395,199895486317,0.00
1396,199895486317,0.00
1397,151784150291,10.40
1398,236069070886,0.70
1399,199895486317,0.00
1400,1649850112,1.10
1401,125416058347,0.40
1402,77985876195,0.30
1403,199895486317,0.00
1404,199895486317,0.00
1405,199895486317,0.00
1406,199895486317,0.00
1407,199895486317,0.00
1408,82277231083,0.10
1409,3071747168,1.80
1410,125416058347,0.40
1411,26439073608,11.80
1412,199895486317,0.00
1413,125416058347,0.40
1414,199895486317,0.00
1415,70558368418,24.30
1416,236069070886,0.70
1417,69710051248,0.60
1418,607623093,2.00
1419,199895486317,0.00
1420,199895486317,0.00
1421,69710051248,0.60
1422,116783042,287.80
1423,17338291221,15.00
1424,125416058347,0.40
1425,2382571516,1.70
1426,166051683797,18.40
1427,199895486317,0.00
1428,199895486317,0.00
1429,199895486317,0.00
1430,142183109073,0.50
1431,61328055216,0.20
1432,199895486317,0.00
1433,134498730234,42.10
1434,77985876195,0.30
1435,37099804,1274.40
1436,1142989829,1.50
1437,3446582951,3.20
1438,199895486317,0.00
1439,142183109073,0.50
1440,2249196949,10.00
1441,4211082918,3.60
1442,199895486317,0.00
1443,145365100988,1.00
1444,77985876195,0.30
1445,199895486317,0.00
1446,1010303329,6.00
1447,199895486317,0.00
1448,199895486317,0.00
1449,199895486317,0.00
1450,199895486317,0.00
1451,125416058347,0.40
1452,236069070886,0.70
1453,199895486317,0.00
1454,145365100988,1.00
1455,199895486317,0.00
1456,199895486317,0.00
1457,47967330,774.50
1458,145365100988,1.00
1459,49787392,2517.00
1460,125416058347,0.40
1461,14714664321,130.10
1462,7636006180,4.60
1463,199895486317,0.00
1464,77985876195,0.30
1465,1010303329,6.00
1466,199895486317,0.00
1467,114142237113,14.60
1468,199895486317,0.00
1469,199895486317,0.00
1470,32600261712,8.90
1471,199895486317,0.00
1472,2249196949,10.00
1473,4146951214,2.50
1474,613653834,3.00
1475,4366741889,3.30
1476,201809769462,0.90
1477,199895486317,0.00
1478,7740131935,10.30
1479,9293317046,3.50
1480,82277231083,0.10
1481,199895486317,0.00
1482,199895486317,0.00
1483,199895486317,0.00
1484,21424177,659.30
1485,199895486317,0.00
1486,4123564983,2.60
1487,26539264380,46.30
1488,201809769462,0.90
1489,125416058347,0.40
1490,199895486317,0.00
1491,199895486317,0.00
1492,199895486317,0.00
1493,199895486317,0.00
1494,199895486317,0.00
1495,199895486317,0.00
1496,199895486317,0.00
1497,199895486317,0.00
1498,1010303329,6.00
1499,199895486317,0.00
1500,199895486317,0.00
1501,199895486317,0.00
1502,52574385,888.90
1503,48934214,2733.80
1504,199895486317,0.00
1505,48422326,952.30
1506,199895486317,0.00
1507,199895486317,0.00
1508,43246510,681.60
1509,4366741889,3.30
1510,199895486317,0.00
1511,199895486317,0.00
1512,199895486317,0.00
1513,199895486317,0.00
1514,199895486317,0.00
1515,199895486317,0.00
1516,68660147788,30.60
1517,2249196949,10.00
1518,41877499,1543.10
1519,236069070886,0.70
1520,2382571516,1.70
1521,199895486317,0.00
1522,199895486317,0.00
1523,199895486317,0.00
1524,650965339,236.30
1525,69710051248,0.60
1526,607623093,2.00
1527,199895486317,0.00
1528,1573302157,1.60
1529,77985876195,0.30
1530,199895486317,0.00
1531,77985876195,0.30
1532,199895486317,0.00
1533,199895486317,0.00
1534,9463637534,5.10
1535,48422327,800.20
1536,1010303329,6.00
1537,12614096245,5.80
1538,199895486317,0.00
1539,199895486317,0.00
1540,21303454267,21.00
1541,8088943450,3.80
1542,199895486317,0.00
1543,199895486317,0.00
1544,199895486317,0.00
1545,2010550974,2.10
1546,4123564983,2.60
1547,59935419,322.70
1548,1387804724,4.00
1549,290039092040,0.80
1550,4123564983,2.60
1551,8269449311,4.10
1552,69710051248,0.60
1553,199895486317,0.00
1554,199895486317,0.00
1555,25493826151,61.30
1556,199895486317,0.00
1557,199895486317,0.00
1558,199895486317,0.00
1559,38146339,1501.00
1560,199895486317,0.00
1561,607623093,2.00
1562,1028468722,1.30
1563,199895486317,0.00
1564,1028468722,1.30
1565,9121653333,20.00
1566,145365100988,1.00
1567,77985876195,0.30
1568,613653834,3.00
1569,199895486317,0.00
1570,69710051248,0.60
1571,69710051248,0.60
1572,199895486317,0.00
1573,69710051248,0.60
1574,1010303329,6.00
1575,61328055216,0.20
1576,199895486317,0.00
1577,61328055216,0.20
1578,199895486317,0.00
1579,199895486317,0.00
1580,37145300,1049.80
1581,43417121,571.90
1582,69710051248,0.60
1583,199895486317,0.00
1584,108962018490,12.50
1585,1941375851,1.40
1586,82277231083,0.10
1587,199895486317,0.00
1588,1010303329,6.00
1589,125416058347,0.40
1590,199895486317,0.00
1591,199895486317,0.00
1592,201809769462,0.90
1593,82277231083,0.10
1594,199895486317,0.00
1595,61328055216,0.20
1596,145365100988,1.00
1597,145365100988,1.00
1598,199895486317,0.00
1599,199895486317,0.00
1600,199895486317,0.00
1601,125416058347,0.40
1602,61328055216,0.20
1603,2249196949,10.00
1604,26428012604,20.10
1605,199895486317,0.00
1606,199895486317,0.00
1607,77985876195,0.30
1608,145365100988,1.00
1609,5649136660,6.10
1610,199895486317,0.00
1611,66547885,314.10
1612,145365100988,1.00
1613,42563992,2170.20
1614,1010303329,6.00
1615,199895486317,0.00
1616,199895486317,0.00
1617,199895486317,0.00
1618,1010303329,6.00
1619,4765291838,2.70
1620,69710051248,0.60
1621,199895486317,0.00
1622,199895486317,0.00
1623,199895486317,0.00
1624,613653834,3.00
1625,199895486317,0.00
1626,142183109073,0.50
1627,4211082918,3.60
1628,69710051248,0.60
1629,61328055216,0.20
1630,1010303329,6.00
1631,199895486317,0.00
1632,4123564983,2.60
1633,444481758,246.20
1634,199895486317,0.00
1635,61328055216,0.20
1636,199895486317,0.00
1637,38419355,1399.10
1638,50039995,5000.00
1639,8190277133,3.40
1640,61328055216,0.20
1641,48081062,2990.90
1642,82277231083,0.10
1643,82277231083,0.10
1644,5105446122,2.90
1645,199895486317,0.00
1646,145365100988,1.00
1647,199895486317,0.00
1648,199895486317,0.00
1649,199895486317,0.00
1650,199895486317,0.00
1651,21587197040,5.70
1652,53086287,970.50
1653,61328055216,0.20
1654,61328055216,0.20
1655,613653834,3.00
1656,613653834,3.00
1657,77985876195,0.30
1658,4366741889,3.30
1659,69710051248,0.60
1660,125416058347,0.40
1661,199895486317,0.00
1662,125416058347,0.40
1663,44604694441,7.30
1664,61328055216,0.20
1665,46659151,716.10
1666,61328055216,0.20
1667,199895486317,0.00
1668,199895486317,0.00
1669,1649850112,1.10
1670,4743284256,171.30
1671,101826275703,32.60
1672,11748649485,3.90
1673,199895486317,0.00
1674,142183109073,0.50
1675,199895486317,0.00
1676,5094763865,4.20
1677,41604486,1038.70
1678,20446449060,10.60
1679,4123564983,2.60
1680,199895486317,0.00
1681,199895486317,0.00
1682,199895486317,0.00
1683,199895486317,0.00
1684,145365100988,1.00
1685,199895486317,0.00
1686,69710051248,0.60
1687,199895486317,0.00
1688,613653834,3.00
1689,125416058347,0.40
1690,199895486317,0.00
1691,10104498071,5.60
1692,8567132283,2.80
1693,125416058347,0.40
1694,61328055216,0.20
1695,199895486317,0.00
1696,4952592720,2.20
1697,61328055216,0.20
1698,69710051248,0.60
1699,125416058347,0.40
1700,199895486317,0.00
1701,199895486317,0.00
1702,37398794809,103.30
1703,201809769462,0.90
1704,199895486317,0.00
1705,199895486317,0.00
1706,3936171009,3.10
1707,37418302,1296.10
1708,199895486317,0.00
1709,199895486317,0.00
1710,199895486317,0.00
1711,199895486317,0.00
1712,39556893,1583.10
1713,199895486317,0.00
1714,199895486317,0.00
1715,49503012,2532.60
1716,84152724939,22.40
1717,199895486317,0.00
1718,87556050601,22.70
1719,199895486317,0.00
1720,61328055216,0.20
1721,3936171009,3.10
1722,61328055216,0.20
1723,199895486317,0.00
1724,199895486317,0.00
1725,43015031,1903.10
1726,125416058347,0.40
1727,199895486317,0.00
1728,61328055216,0.20
1729,199895486317,0.00
1730,4952592720,2.20
1731,50701340,398.20
1732,81520895,300.90
1733,199895486317,0.00
1734,199895486317,0.00
1735,607623093,2.00
1736,199895486317,0.00
1737,199895486317,0.00
1738,69710051248,0.60
1739,199895486317,0.00
1740,199895486317,0.00
1741,42514511,1786.50
1742,199895486317,0.00
1743,2249196949,10.00
1744,1142989829,1.50
1745,199895486317,0.00
1746,145365100988,1.00
1747,61328055216,0.20
1748,199895486317,0.00
1749,61328055216,0.20
1750,1387804724,4.00
1751,61328055216,0.20
1752,199895486317,0.00
1753,51941505857,74.60
1754,199895486317,0.00
1755,199895486317,0.00
1756,199895486317,0.00
1757,607623093,2.00
1758,77985876195,0.30
1759,201809769462,0.90
1760,23931756,400.50
1761,69710051248,0.60
1762,199895486317,0.00
1763,607623093,2.00
1764,35387773241,99.90
1765,199895486317,0.00
1766,199895486317,0.00
1767,37509321,1016.40
1768,201809769462,0.90
1769,61328055216,0.20
1770,47114143,2367.70
1771,38607212296,5.10
1772,2382571516,1.70
1773,70458440534,40.30
1774,145365100988,1.00
1775,199895486317,0.00
1776,607623093,2.00
1777,199895486317,0.00
1778,199895486317,0.00
1779,3249115344,5.00
1780,77985876195,0.30
1781,199895486317,0.00
1782,18195516953,127.00
1783,236069070886,0.70
1784,607623093,2.00
1785,145365100988,1.00
1786,1010303329,6.00
1787,49787391,829.80
1788,199895486317,0.00
1789,607623093,2.00
1790,125416058347,0.40
1791,46716031,574.30
1792,199895486317,0.00
1793,199895486317,0.00
1794,48251719,608.70
1795,3702511204,2.40
1796,61328055216,0.20
1797,199895486317,0.00
1798,61328055216,0.20
1799,69710051248,0.60
1800,199895486317,0.00
1801,3868913531,1.90
1802,125416058347,0.40
1803,199895486317,0.00
1804,125416058347,0.40
1805,12764397385,7.00
1806,199895486317,0.00
1807,290039092040,0.80
1808,199895486317,0.00
1809,199895486317,0.00
1810,71023100009,37.60
1811,199895486317,0.00
1812,61328055216,0.20
1813,607623093,2.00
1814,368132588,248.20
1815,201809769462,0.90
1816,199895486317,0.00
1817,122227270220,30.50
1818,3680775865,2.30
1819,199895486317,0.00
1820,199895486317,0.00
1821,199895486317,0.00
1822,47957593707,75.40
1823,199895486317,0.00
1824,125416058347,0.40
1825,82277231083,0.10
1826,199895486317,0.00
1827,201809769462,0.90
1828,199895486317,0.00
1829,1010303329,6.00
1830,199895486317,0.00
1831,199895486317,0.00
1832,199895486317,0.00
1833,199895486317,0.00
1834,199895486317,0.00
1835,199895486317,0.00
1836,74690969,281.70
1837,613653834,3.00
1838,199895486317,0.00
1839,1013213972,1.20
1840,145365100988,1.00
1841,3935347230,3.70
1842,52646602,3124.10
1843,53947807805,25.20
1844,607623093,2.00
1845,199895486317,0.00
1846,82277231083,0.10
1847,199895486317,0.00
1848,1387804724,4.00
1849,9463637534,5.10
1850,199895486317,0.00
1851,236069070886,0.70
1852,58243305,3326.20
1853,199895486317,0.00
1854,50039995,5000.00
1855,201809769462,0.90
1856,38828859,1804.70
1857,290039092040,0.80
1858,199895486317,0.00
1859,290039092040,0.80
1860,42563963,815.20
1861,199895486317,0.00
1862,69710051248,0.60
1863,199895486317,0.00
1864,199895486317,0.00
1865,47572007,467.90
1866,199895486317,0.00
1867,125416058347,0.40
1868,145365100988,1.00
1869,77985876195,0.30
1870,199895486317,0.00
1871,82277231083,0.10
1872,607623093,2.00
1873,199895486317,0.00
1874,613653834,3.00
1875,3249115344,5.00
1876,4167436112,9.00
1877,69710051248,0.60
1878,61328055216,0.20
1879,199895486317,0.00
1880,607623093,2.00
1881,199895486317,0.00
1882,199895486317,0.00
1883,1649850112,1.10
1884,199895486317,0.00
1885,199895486317,0.00
1886,199895486317,0.00
1887,199895486317,0.00
1888,3935347230,3.70
1889,199895486317,0.00
1890,199895486317,0.00
1891,69710051248,0.60
1892,69710051248,0.60
1893,199895486317,0.00
1894,116010438680,31.60
1895,199895486317,0.00
1896,199895486317,0.00
1897,236069070886,0.70
1898,69710051248,0.60
1899,61328055216,0.20
1900,236069070886,0.70
1901,68124993183,17.80
1902,199895486317,0.00
1903,82277231083,0.10
1904,199895486317,0.00
1905,1573302157,1.60
1906,199895486317,0.00
1907,69710051248,0.60
1908,21367302,848.30
1909,607623093,2.00
1910,1013213972,1.20
1911,199895486317,0.00
1912,3935347230,3.70
1913,12948858777,6.30
1914,199895486317,0.00
1915,58584575,3162.30
1916,199895486317,0.00
1917,613653834,3.00
1918,82277231083,0.10
1919,199895486317,0.00
1920,607623093,2.00
1921,43658181434,14.30
1922,1387804724,4.00
1923,145365100988,1.00
1924,145365100988,1.00
1925,199895486317,0.00
1926,56068858010,19.90
1927,613653834,3.00
1928,69710051248,0.60
1929,38510353,1851.80
1930,199895486317,0.00
1931,199895486317,0.00
1932,613653834,3.00
1933,199895486317,0.00
1934,69710051248,0.60
1935,3249115344,5.00
1936,199895486317,0.00
1937,3680775865,2.30
1938,9293317046,3.50
1939,1573302157,1.60
1940,199895486317,0.00
1941,199895486317,0.00
1942,199895486317,0.00
1943,201809769462,0.90
1944,61328055216,0.20
1945,52574386,559.40
1946,42962105,2262.30
1947,47000412,826.60
1948,77985876195,0.30
1949,199895486317,0.00
1950,125416058347,0.40
1951,1649850112,1.10
1952,35643753,1095.30
1953,199895486317,0.00
1954,125416058347,0.40
1955,199895486317,0.00
1956,199895486317,0.00
1957,145365100988,1.00
1958,77985876195,0.30
1959,199895486317,0.00
1960,199895486317,0.00
1961,199895486317,0.00
1962,199895486317,0.00
1963,4366741889,3.30
1964,41513489,1359.50
1965,199895486317,0.00
1966,125416058347,0.40
1967,236069070886,0.70
1968,199895486317,0.00
1969,1387804724,4.00
1970,199895486317,0.00
1971,82277231083,0.10
1972,125416058347,0.40
1973,145365100988,1.00
1974,199895486317,0.00
1975,199895486317,0.00
1976,199895486317,0.00
1977,77985876195,0.30
1978,613653834,3.00
1979,61328055216,0.20
1980,199895486317,0.00
1981,199895486317,0.00
1982,199895486317,0.00
1983,23301133,553.70
1984,11903153847,6.50
1985,199895486317,0.00
1986,613653834,3.00
1987,40921968,1663.80
1988,199895486317,0.00
1989,125416058347,0.40
1990,61328055216,0.20
1991,82277231083,0.10
1992,82277231083,0.10
1993,61451191,3256.90
1994,199895486317,0.00
1995,77985876195,0.30
1996,125416058347,0.40
1997,607623093,2.00
1998,1142989829,1.50
1999,61328055216,0.20
2000,1941375851,1.40
2001,199895486317,0.00
2002,44042801,2249.90
2003,77985876195,0.30
2004,142183109073,0.50
2005,199895486317,0.00
2006,199895486317,0.00
2007,25064333,715.20
2008,13767875730,7.50
2009,33960165,1225.10
2010,199895486317,0.00
2011,199895486317,0.00
2012,199895486317,0.00
2013,77985876195,0.30
2014,199895486317,0.00
2015,201809769462,0.90
2016,199895486317,0.00
2017,199895486317,0.00
2018,3936171009,3.10
2019,199895486317,0.00
2020,199895486317,0.00
2021,199895486317,0.00
2022,70966059228,9.80
2023,199895486317,0.00
2024,145365100988,1.00
2025,1649850112,1.10
2026,199895486317,0.00
2027,199895486317,0.00
2028,114142237113,14.60
2029,199895486317,0.00
2030,201809769462,0.90
2031,4366741889,3.30
2032,199895486317,0.00
2033,199895486317,0.00
2034,61328055216,0.20
2035,7636006180,4.60
2036,142183109073,0.50
2037,613653834,3.00
2038,199895486317,0.00
2039,77985876195,0.30
2040,199895486317,0.00
2041,45578471,2260.60
2042,9400696905,8.00
2043,199895486317,0.00
2044,607623093,2.00
2045,201809769462,0.90
2046,199895486317,0.00
2047,145365100988,1.00
2048,7740131935,10.30
2049,199895486317,0.00
2050,290039092040,0.80
2051,61328055216,0.20
2052,199895486317,0.00
2053,125416058347,0.40
2054,199895486317,0.00
2055,69710051248,0.60
2056,199895486317,0.00
2057,199895486317,0.00
2058,613653834,3.00
2059,51427653630,70.80
2060,199895486317,0.00
2061,40193938,1022.90
2062,199895486317,0.00
2063,3071747168,1.80
2064,3071747168,1.80
2065,16795297664,5.30
2066,199895486317,0.00
2067,44440934,884.40
2068,199895486317,0.00
2069,199895486317,0.00
2070,3702511204,2.40
2071,199895486317,0.00
2072,69710051248,0.60
2073,9463637534,5.10
2074,199895486317,0.00
2075,64121809079,51.00
2076,199895486317,0.00
2077,61741019070,30.60
2078,607623093,2.00
2079,199895486317,0.00
2080,3935347230,3.70
2081,199895486317,0.00
2082,199895486317,0.00
2083,199895486317,0.00
2084,199895486317,0.00
2085,199895486317,0.00
2086,61328055216,0.20
2087,77985876195,0.30
2088,199895486317,0.00
2089,607623093,2.00
2090,199895486317,0.00
2091,58192476,339.50
2092,125416058347,0.40
2093,199895486317,0.00
2094,199895486317,0.00
2095,199895486317,0.00
2096,199895486317,0.00
2097,199895486317,0.00
2098,199895486317,0.00
2099,199895486317,0.00
2100,199895486317,0.00
2101,142183109073,0.50
2102,1941375851,1.40
2103,199895486317,0.00
2104,199895486317,0.00
2105,199895486317,0.00
2106,199895486317,0.00
2107,199895486317,0.00
2108,199895486317,0.00
2109,199895486317,0.00
2110,61328055216,0.20
2111,199895486317,0.00
2112,199895486317,0.00
2113,61328055216,0.20
2114,199895486317,0.00
2115,201809769462,0.90
2116,61328055216,0.20
2117,199895486317,0.00
2118,125416058347,0.40
2119,39192879,1085.30
2120,199895486317,0.00
2121,201809769462,0.90
2122,199895486317,0.00
2123,199895486317,0.00
2124,199895486317,0.00
2125,145365100988,1.00
2126,199895486317,0.00
2127,199895486317,0.00
2128,8544654092,152.30
2129,61328055216,0.20
2130,199895486317,0.00
2131,82277231083,0.10
2132,69710051248,0.60
2133,199895486317,0.00
2134,77985876195,0.30
2135,613653834,3.00
2136,199895486317,0.00
2137,199895486317,0.00
2138,69710051248,0.60
2139,48479216,928.30
2140,199895486317,0.00
2141,199895486317,0.00
2142,145365100988,1.00
2143,69710051248,0.60
2144,50754317,857.20
2145,613653834,3.00
2146,4123564983,2.60
2147,199895486317,0.00
2148,61328055216,0.20
2149,199895486317,0.00
2150,77985876195,0.30
2151,4146951214,2.50
2152,40148433,1376.70
2153,50640562,581.00
2154,199895486317,0.00
2155,3868913531,1.90
2156,199895486317,0.00
2157,199895486317,0.00
2158,199895486317,0.00
2159,199895486317,0.00
2160,142183109073,0.50
2161,11748649485,3.90
2162,145365100988,1.00
2163,1010303329,6.00
2164,145365100988,1.00
2165,24527325024,115.40
2166,613653834,3.00
2167,10673558142,5.50
2168,61328055216,0.20
2169,3680775865,2.30
2170,199895486317,0.00
2171,199895486317,0.00
2172,199895486317,0.00
2173,61328055216,0.20
2174,236069070886,0.70
2175,199895486317,0.00
2176,199895486317,0.00
2177,199895486317,0.00
2178,199895486317,0.00
2179,199895486317,0.00
2180,82277231083,0.10
2181,199895486317,0.00
2182,199895486317,0.00
2183,199895486317,0.00
2184,125416058347,0.40
2185,61328055216,0.20
2186,145365100988,1.00
2187,199895486317,0.00
2188,13529583927,20.20
2189,199895486317,0.00
2190,145365100988,1.00
2191,199895486317,0.00
2192,69896235439,12.10
2193,199895486317,0.00
2194,199895486317,0.00
2195,199895486317,0.00
2196,201809769462,0.90
2197,69710051248,0.60
2198,48479217,2600.70
2199,125416058347,0.40
2200,199895486317,0.00
2201,199895486317,0.00
2202,199895486317,0.00
2203,61328055216,0.20
2204,199895486317,0.00
2205,13529583927,20.20
2206,1013213972,1.20
2207,22782671051,41.00
2208,199895486317,0.00
2209,3868913531,1.90
2210,50039995,5000.00
2211,199895486317,0.00
2212,9121653333,20.00
2213,199895486317,0.00
2214,61328055216,0.20
2215,199895486317,0.00
2216,607623093,2.00
2217,19995030720,10.50
2218,13274400589,40.00
2219,199895486317,0.00
2220,1013213972,1.20
2221,199895486317,0.00
2222,42802284,447.20
2223,201809769462,0.90
2224,61328055216,0.20
2225,51345274929,55.10
2226,199895486317,0.00
2227,77985876195,0.30
2228,199895486317,0.00
2229,21618500656,75.90
2230,42013994,1077.30
2231,2814640604,185.40
2232,199895486317,0.00
2233,142183109073,0.50
2234,199895486317,0.00
2235,125416058347,0.40
2236,69710051248,0.60
2237,3249115344,5.00
2238,125416058347,0.40
2239,4123564983,2.60
2240,199895486317,0.00
2241,125416058347,0.40
2242,2010550974,2.10
2243,1941375851,1.40
2244,21691198350,6.40
2245,290039092040,0.80
2246,4366741889,3.30
2247,142183109073,0.50
2248,199895486317,0.00
2249,22192025,677.60
2250,145365100988,1.00
2251,199895486317,0.00
2252,5105446122,2.90
2253,145365100988,1.00
2254,69710051248,0.60
2255,199895486317,0.00
2256,3071747168,1.80
2257,1387804724,4.00
2258,69710051248,0.60
2259,50640532,908.40
2260,67662387,312.50
2261,42696532,1334.70
2262,61328055216,0.20
2263,199895486317,0.00
2264,199895486317,0.00
2265,43430293,444.50
2266,199895486317,0.00
2267,6732581607,156.10
2268,10104498071,5.60
2269,199895486317,0.00
2270,199895486317,0.00
2271,199895486317,0.00
2272,46204108,2994.00
2273,1649850112,1.10
2274,199895486317,0.00
2275,199895486317,0.00
2276,199895486317,0.00
2277,199895486317,0.00
2278,201778796991,18.50
2279,199895486317,0.00
2280,236069070886,0.70
2281,1028468722,1.30
2282,613653834,3.00
2283,199895486317,0.00
2284,199895486317,0.00
2285,199895486317,0.00
2286,66083960253,25.80
2287,1142989829,1.50
2288,290039092040,0.80
2289,69710051248,0.60
2290,82277231083,0.10
2291,29938248288,10.10
2292,199895486317,0.00
2293,199895486317,0.00
2294,199895486317,0.00
2295,199895486317,0.00
2296,199895486317,0.00
2297,199895486317,0.00
2298,607623093,2.00
2299,607623093,2.00
2300,77985876195,0.30
2301,199895486317,0.00
2302,199895486317,0.00
2303,199895486317,0.00
2304,1387804724,4.00
2305,199895486317,0.00
2306,3071747168,1.80
2307,199895486317,0.00
2308,199895486317,0.00
2309,291332969,255.60
2310,5649136660,6.10
2311,61328055216,0.20
2312,220058012710,13.50
2313,199895486317,0.00
2314,199895486317,0.00
2315,61328055216,0.20
2316,2382571516,1.70
2317,199895486317,0.00
2318,38419351,1114.70
2319,199895486317,0.00
2320,199895486317,0.00
2321,45350946,4875.00
2322,3071747168,1.80
2323,199895486317,0.00
2324,145365100988,1.00
2325,1013213972,1.20
2326,199895486317,0.00
2327,199895486317,0.00
2328,199895486317,0.00
2329,45949825431,68.00
2330,1941375851,1.40
2331,199895486317,0.00
2332,1028468722,1.30
2333,1941375851,1.40
2334,69710051248,0.60
2335,125416058347,0.40
2336,199895486317,0.00
2337,125416058347,0.40
2338,199895486317,0.00
2339,61328055216,0.20
2340,199895486317,0.00
2341,199895486317,0.00
2342,125416058347,0.40
2343,69710051248,0.60
2344,199895486317,0.00
2345,77985876195,0.30
2346,77985876195,0.30
2347,56468726,3523.50
2348,36326280,1679.80
2349,199895486317,0.00
2350,4146951214,2.50
2351,199895486317,0.00
2352,13274400589,40.00
2353,125416058347,0.40
2354,100456105079,10.90
2355,199895486317,0.00
2356,77985876195,0.30
2357,1010303329,6.00
2358,199895486317,0.00
2359,199895486317,0.00
2360,61328055216,0.20
2361,199895486317,0.00
2362,199895486317,0.00
2363,199895486317,0.00
2364,199895486317,0.00
2365,199895486317,0.00
2366,82277231083,0.10
2367,42742019,1266.00
2368,8190277133,3.40
2369,199895486317,0.00
2370,199895486317,0.00
2371,199895486317,0.00
2372,199895486317,0.00
2373,6987951367,135.60
2374,1010303329,6.00
2375,100321161139,12.40
2376,77985876195,0.30
2377,199895486317,0.00
2378,199895486317,0.00
2379,199895486317,0.00
2380,36735796,1420.50
2381,77985876195,0.30
2382,40830951,1015.10
2383,69710051248,0.60
2384,61328055216,0.20
2385,199895486317,0.00
2386,4765291838,2.70
2387,199895486317,0.00
2388,145365100988,1.00
2389,69710051248,0.60
2390,61328055216,0.20
2391,61328055216,0.20
2392,199895486317,0.00
2393,199895486317,0.00
2394,2249196949,10.00
2395,199895486317,0.00
2396,199895486317,0.00
2397,199895486317,0.00
2398,100065675367,24.90
2399,199895486317,0.00
2400,199895486317,0.00
2401,199895486317,0.00
2402,290039092040,0.80
2403,199895486317,0.00
2404,201809769462,0.90
2405,4615280946,175.20
2406,2249196949,10.00
2407,199895486317,0.00
2408,1013213972,1.20
2409,199895486317,0.00
2410,61328055216,0.20
2411,142183109073,0.50
2412,38237340,1634.50
2413,199895486317,0.00
2414,199895486317,0.00
2415,21691198350,6.40
2416,38055336,1436.40
2417,2382571516,1.70
2418,106797309,289.60
2419,607623093,2.00
2420,613653834,3.00
2421,125416058347,0.40
2422,199895486317,0.00
2423,199895486317,0.00
2424,10539262715,6.60
2425,9293317046,3.50
2426,1649850112,1.10
2427,236069070886,0.70
2428,1142989829,1.50
2429,106085948744,16.30
2430,199895486317,0.00
2431,52062465,789.50
2432,199895486317,0.00
2433,199895486317,0.00
2434,1387804724,4.00
2435,145365100988,1.00
2436,37754706308,16.00
2437,3868913531,1.90
2438,199895486317,0.00
2439,77985876195,0.30
2440,199895486317,0.00
2441,77985876195,0.30
2442,8567132283,2.80
2443,11903153847,6.50
2444,9293317046,3.50
2445,77985876195,0.30
2446,145365100988,1.00
2447,199895486317,0.00
2448,77985876195,0.30
2449,199895486317,0.00
2450,199895486317,0.00
2451,47309757713,78.00
2452,82277231083,0.10
2453,199895486317,0.00
2454,199895486317,0.00
2455,1010303329,6.00
2456,607623093,2.00
2457,613653834,3.00
2458,199895486317,0.00
2459,4211082918,3.60
2460,613653834,3.00
2461,77559145465,23.80
2462,199895486317,0.00
2463,199895486317,0.00
2464,199895486317,0.00
2465,12614096245,5.80
2466,61328055216,0.20
2467,50039995,5000.00
2468,77985876195,0.30
2469,607623093,2.00
2470,82277231083,0.10
2471,199895486317,0.00
2472,61328055216,0.20
2473,2382571516,1.70
2474,199895486317,0.00
2475,61328055216,0.20
2476,77985876195,0.30
2477,20446449060,10.60
2478,77985876195,0.30
2479,199895486317,0.00
2480,10029097603,4.40
2481,47455429,2656.00
2482,607623093,2.00
2483,7636006180,4.60
2484,3249115344,5.00
2485,199895486317,0.00
2486,199895486317,0.00
2487,1028468722,1.30
2488,82277231083,0.10
2489,199895486317,0.00
2490,145365100988,1.00
2491,2249196949,10.00
2492,199895486317,0.00
2493,34961228,1156.80
2494,77985876195,0.30
2495,29434854370,10.70
2496,199895486317,0.00
2497,4167436112,9.00
2498,8190277133,3.40
2499,1013213972,1.20
2500,43872138,708.80
2501,199895486317,0.00
2502,199895486317,0.00
2503,199895486317,0.00
2504,69710051248,0.60
2505,201809769462,0.90
2506,199895486317,0.00
2507,82277231083,0.10
2508,125416058347,0.40
2509,19983120485,4.90
2510,201809769462,0.90
2511,199895486317,0.00
2512,82277231083,0.10
2513,199895486317,0.00
2514,199895486317,0.00
2515,1013213972,1.20
2516,199895486317,0.00
2517,199895486317,0.00
2518,57485740,353.40
2519,199895486317,0.00
2520,9121653333,20.00
2521,199895486317,0.00
2522,77985876195,0.30
2523,199895486317,0.00
2524,199895486317,0.00
2525,125416058347,0.40
2526,199895486317,0.00
2527,199895486317,0.00
2528,199895486317,0.00
2529,199895486317,0.00
2530,145365100988,1.00
2531,5094763865,4.20
2532,613653834,3.00
2533,199895486317,0.00
2534,607623093,2.00
2535,27161658304,111.70
2536,199895486317,0.00
2537,125416058347,0.40
2538,199895486317,0.00
2539,62133750509,30.80
2540,1142989829,1.50
2541,199895486317,0.00
2542,199895486317,0.00
2543,41103965,1957.00
2544,199895486317,0.00
2545,59813125,3220.80
2546,199895486317,0.00
2547,69710051248,0.60
2548,613653834,3.00
2549,35052233,1886.90
2550,11168912027,10.20
2551,199895486317,0.00
2552,199895486317,0.00
2553,1332411128,215.70
2554,199895486317,0.00
2555,199895486317,0.00
2556,201809769462,0.90
2557,199895486317,0.00
2558,61328055216,0.20
2559,199895486317,0.00
2560,113685690228,56.90
2561,1387804724,4.00
2562,199895486317,0.00
2563,199895486317,0.00
2564,201809769462,0.90
2565,26428012604,20.10
2566,125416058347,0.40
2567,38828864,1376.30
2568,199895486317,0.00
2569,290039092040,0.80
2570,199895486317,0.00
2571,199895486317,0.00
2572,47512300,2430.50
2573,21618500656,75.90
2574,236069070886,0.70
2575,50924942,862.10
2576,199895486317,0.00
2577,61328055216,0.20
2578,199895486317,0.00
2579,34187696,1154.10
2580,77985876195,0.30
2581,61328055216,0.20
2582,125416058347,0.40
2583,82277231083,0.10
2584,199895486317,0.00
2585,61328055216,0.20
2586,199895486317,0.00
2587,199895486317,0.00
2588,199895486317,0.00
2589,199895486317,0.00
2590,1028468722,1.30
2591,199895486317,0.00
2592,199895486317,0.00
2593,8190277133,3.40
2594,199895486317,0.00
2595,199895486317,0.00
2596,199895486317,0.00
2597,9463637534,5.10
2598,77985876195,0.30
2599,199895486317,0.00
2600,199895486317,0.00
2601,199895486317,0.00
2602,1142989829,1.50
2603,199895486317,0.00
2604,199895486317,0.00
2605,199895486317,0.00
2606,199895486317,0.00
2607,26959362805,9.30
2608,142183109073,0.50
2609,7636006180,4.60
2610,52403733,913.40
2611,1387804724,4.00
2612,125416058347,0.40
2613,199895486317,0.00
2614,199895486317,0.00
2615,77985876195,0.30
2616,145365100988,1.00
2617,199895486317,0.00
2618,40057419,1403.10
2619,199895486317,0.00
2620,77985876195,0.30
2621,199895486317,0.00
2622,199895486317,0.00
2623,12948858777,6.30
2624,199895486317,0.00
2625,290039092040,0.80
2626,199895486317,0.00
2627,290039092040,0.80
2628,199895486317,0.00
2629,82277231083,0.10
2630,199895486317,0.00
2631,199895486317,0.00
2632,69710051248,0.60
2633,4211082918,3.60
2634,61328055216,0.20
2635,607623093,2.00
2636,142183109073,0.50
2637,77985876195,0.30
2638,10539262715,6.60
2639,4146951214,2.50
2640,69710051248,0.60
2641,199895486317,0.00
2642,199895486317,0.00
2643,13274400589,40.00
2644,145365100988,1.00
2645,145365100988,1.00
2646,199895486317,0.00
2647,199895486317,0.00
2648,199895486317,0.00
2649,199895486317,0.00
2650,10390231533,30.00
2651,199895486317,0.00
2652,125416058347,0.40
2653,199895486317,0.00
2654,5094763865,4.20
2655,199895486317,0.00
2656,1028468722,1.30
2657,199895486317,0.00
2658,199895486317,0.00
2659,2010550974,2.10
2660,2249196949,10.00
2661,125416058347,0.40
2662,61328055216,0.20
2663,61328055216,0.20
2664,15857750773,4.50
2665,199895486317,0.00
2666,199895486317,0.00
2667,125416058347,0.40
2668,6987951367,135.60
2669,607623093,2.00
2670,77985876195,0.30
2671,1028468722,1.30
2672,3249115344,5.00
2673,199895486317,0.00
2674,69710051248,0.60
2675,199895486317,0.00
2676,199895486317,0.00
2677,82277231083,0.10
2678,236069070886,0.70
2679,45123439,571.70
2680,10104498071,5.60
2681,35507240,1233.90
2682,61328055216,0.20
2683,69710051248,0.60
2684,199895486317,0.00
2685,3446582951,3.20
2686,61328055216,0.20
2687,2273550271,196.70
2688,613653834,3.00
2689,125416058347,0.40
2690,96507093320,11.10
2691,199895486317,0.00
2692,37554827,1689.50
2693,607623093,2.00
2694,199895486317,0.00
2695,199895486317,0.00
2696,61328055216,0.20
2697,15754016134,130.60
2698,125416058347,0.40
2699,1649850112,1.10
2700,607623093,2.00
2701,199895486317,0.00
2702,607623093,2.00
2703,199895486317,0.00
2704,1013213972,1.20
2705,199895486317,0.00
2706,199895486317,0.00
2707,145365100988,1.00
2708,199895486317,0.00
2709,199895486317,0.00
2710,199895486317,0.00
2711,54216392,3737.00
2712,199895486317,0.00
2713,199895486317,0.00
2714,199895486317,0.00
2715,199895486317,0.00
2716,11748649485,3.90
2717,199895486317,0.00
2718,145365100988,1.00
2719,236069070886,0.70
2720,50242416,697.90
2721,38650090432,92.40
2722,236069070886,0.70
2723,53143135,2020.30
2724,43214373346,8.60
2725,199895486317,0.00
2726,142183109073,0.50
2727,50039995,5000.00
2728,69710051248,0.60
2729,199895486317,0.00
2730,290039092040,0.80
2731,1010303329,6.00
2732,199895486317,0.00
2733,199895486317,0.00
2734,199895486317,0.00
2735,607623093,2.00
2736,199895486317,0.00
2737,199895486317,0.00
2738,199895486317,0.00
2739,46846008,442.50
2740,77985876195,0.30
2741,3935347230,3.70
2742,8190277133,3.40
2743,199895486317,0.00
2744,50299278,925.80
2745,613653834,3.00
2746,1013213972,1.20
2747,61328055216,0.20
2748,199895486317,0.00
2749,5740272443,4.30
2750,199895486317,0.00
2751,1573302157,1.60
2752,152751536,281.50
2753,82277231083,0.10
2754,199895486317,0.00
2755,4952592720,2.20
2756,15857750773,4.50
2757,1010303329,6.00
2758,4952592720,2.20
2759,199895486317,0.00
2760,61328055216,0.20
2761,142183109073,0.50
2762,613653834,3.00
2763,69710051248,0.60
2764,199895486317,0.00
2765,8567132283,2.80
2766,613653834,3.00
2767,125416058347,0.40
2768,199895486317,0.00
2769,51610945,466.10
2770,125416058347,0.40
2771,199895486317,0.00
2772,3680775865,2.30
2773,199895486317,0.00
2774,199895486317,0.00
2775,199895486317,0.00
2776,2382571516,1.70
2777,62133719,3505.40
2778,1649850112,1.10
2779,9121653333,20.00
2780,2010550974,2.10
2781,82277231083,0.10
2782,77985876195,0.30
2783,4765291838,2.70
2784,199895486317,0.00
2785,1387804724,4.00
2786,125416058347,0.40
2787,32600261712,8.90
2788,199895486317,0.00
2789,201809769462,0.90
2790,142183109073,0.50
2791,199895486317,0.00
2792,199895486317,0.00
2793,125416058347,0.40
2794,199895486317,0.00
2795,199895486317,0.00
2796,3249115344,5.00
2797,1941375851,1.40
2798,607623093,2.00
2799,87566937924,12.30
2800,1013213972,1.20
2801,1573302157,1.60
2802,50039995,5000.00
2803,1573302157,1.60
2804,125416058347,0.40
2805,69710051248,0.60
2806,199895486317,0.00
2807,25547847,508.60
2808,44384038,897.70
2809,50039995,5000.00
2810,3936171009,3.10
2811,125416058347,0.40
2812,199895486317,0.00
2813,1941375851,1.40
2814,1028468722,1.30
2815,145365100988,1.00
2816,7740131935,10.30
2817,1142989829,1.50
2818,69710051248,0.60
2819,69710051248,0.60
2820,607623093,2.00
2821,2249196949,10.00
2822,199895486317,0.00
2823,69710051248,0.60
2824,199895486317,0.00
2825,199895486317,0.00
2826,287769266,255.50
2827,69710051248,0.60
2828,82277231083,0.10
2829,199895486317,0.00
2830,60040782,325.60
2831,199895486317,0.00
2832,4952592720,2.20
2833,607623093,2.00
2834,199895486317,0.00
2835,290039092040,0.80
2836,125416058347,0.40
2837,5105446122,2.90
2838,199895486317,0.00
2839,199895486317,0.00
2840,69710051248,0.60
2841,1013213972,1.20
2842,60276265,333.30
2843,199895486317,0.00
2844,199895486317,0.00
2845,1028468722,1.30
2846,69710051248,0.60
2847,199895486317,0.00
2848,1028468722,1.30
2849,4765291838,2.70
2850,6243791393,163.90
2851,145365100988,1.00
2852,5649136660,6.10
2853,51664348,2036.20
2854,3680775865,2.30
2855,5740272443,4.30
2856,199895486317,0.00
2857,199895486317,0.00
2858,613653834,3.00
2859,142183109073,0.50
2860,61328055216,0.20
2861,199895486317,0.00
2862,69710051248,0.60
2863,199895486317,0.00
2864,1013213972,1.20
2865,199895486317,0.00
2866,125416058347,0.40
2867,199895486317,0.00
2868,3680775865,2.30
2869,1013213972,1.20
2870,50586569,468.40
2871,4366741889,3.30
2872,69710051248,0.60
2873,87566937924,12.30
2874,201809769462,0.90
2875,25087929411,119.80
2876,37054289,1046.90
2877,1010303329,6.00
2878,37873337,1008.50
2879,199895486317,0.00
2880,199895486317,0.00
2881,125416058347,0.40
2882,125416058347,0.40
2883,199895486317,0.00
2884,199895486317,0.00
2885,199895486317,0.00
2886,199895486317,0.00
2887,1028468722,1.30
2888,199895486317,0.00
2889,199895486317,0.00
2890,61328055216,0.20
2891,199895486317,0.00
2892,145365100988,1.00
2893,199895486317,0.00
2894,82277231083,0.10
2895,2382571516,1.70
2896,77985876195,0.30
2897,3935347230,3.70
2898,8088943450,3.80
2899,607623093,2.00
2900,82277231083,0.10
2901,199895486317,0.00
2902,2382571516,1.70
2903,199895486317,0.00
2904,199895486317,0.00
2905,145365100988,1.00
2906,77985876195,0.30
2907,49730629,511.10
2908,199895486317,0.00
2909,47512311,2416.40
2910,3702511204,2.40
2911,38737878,1061.30
2912,1013213972,1.20
2913,199895486317,0.00
2914,613653834,3.00
2915,199895486317,0.00
2916,77985876195,0.30
2917,199895486317,0.00
2918,199895486317,0.00
2919,11168912027,10.20
2920,199895486317,0.00
2921,1941375851,1.40
2922,61328055216,0.20
2923,1941375851,1.40
2924,4167436112,9.00
2925,199895486317,0.00
2926,1010303329,6.00
2927,69710051248,0.60
2928,61328055216,0.20
2929,199895486317,0.00
2930,236069070886,0.70
2931,199895486317,0.00
2932,199895486317,0.00
2933,199895486317,0.00
2934,43952778439,60.60
2935,613653834,3.00
2936,199895486317,0.00
2937,201809769462,0.90
2938,10862339679,5.40
2939,38055352,1203.00
2940,69710051248,0.60
2941,77985876195,0.30
2942,77985876195,0.30
2943,290039092040,0.80
2944,290039092040,0.80
2945,199895486317,0.00
2946,82277231083,0.10
2947,613653834,3.00
2948,1010303329,6.00
2949,613653834,3.00
2950,41968496,1301.60
2951,1649850112,1.10
2952,82277231083,0.10
2953,24447347727,10.80
2954,125416058347,0.40
2955,1142989829,1.50
2956,5543205248,6.20
2957,77985876195,0.30
2958,61328055216,0.20
2959,49073405941,52.40
2960,201809769462,0.90
2961,125416058347,0.40
2962,19995030720,10.50
2963,290039092040,0.80
2964,69710051248,0.60
2965,50128660,976.90
2966,199895486317,0.00
2967,52801894,768.10
2968,199895486317,0.00
2969,9293317046,3.50
2970,1142989829,1.50
2971,43417138,911.10
2972,27573103862,14.00
2973,145365100988,1.00
2974,199895486317,0.00
2975,199895486317,0.00
2976,3249115344,5.00
2977,290039092040,0.80
2978,27573103862,14.00
2979,61328055216,0.20
2980,199895486317,0.00
2981,8567132283,2.80
2982,48706708,2004.50
2983,40967454,1340.00
2984,69710051248,0.60
2985,199895486317,0.00
2986,77985876195,0.30
2987,77985876195,0.30
2988,199895486317,0.00
2989,142183109073,0.50
2990,199895486317,0.00
2991,199895486317,0.00
2992,34870224,1608.90
2993,199895486317,0.00
2994,199895486317,0.00
2995,125416058347,0.40
2996,3071747168,1.80
2997,1013213972,1.20
2998,199895486317,0.00
2999,8567132283,2.80
3000,1142989829,1.50
3001,61328055216,0.20
3002,4146951214,2.50
3003,57560773,3553.40
3004,199895486317,0.00
3005,236069070886,0.70
3006,125416058347,0.40
3007,199895486317,0.00
3008,145365100988,1.00
3009,1649850112,1.10
3010,61328055216,0.20
3011,49048173065,10.40
3012,199895486317,0.00
3013,199895486317,0.00
3014,61328055216,0.20
3015,199895486317,0.00
3016,1013213972,1.20
3017,61328055216,0.20
3018,199895486317,0.00
3019,69710051248,0.60
3020,199895486317,0.00
3021,199895486317,0.00
3022,69710051248,0.60
3023,199895486317,0.00
3024,5543205248,6.20
3025,199895486317,0.00
3026,199895486317,0.00
3027,103872719767,22.90
3028,199895486317,0.00
3029,607623093,2.00
3030,199895486317,0.00
3031,3936171009,3.10
3032,125416058347,0.40
3033,199895486317,0.00
3034,3680775865,2.30
3035,61328055216,0.20
3036,4146951214,2.50
3037,199895486317,0.00
3038,681443265,233.50
3039,69710051248,0.60
3040,199895486317,0.00
3041,16795297664,5.30
3042,199895486317,0.00
3043,201809769462,0.90
3044,5105446122,2.90
3045,3936171009,3.10
3046,45237209,575.30
3047,11250685307,7.20
3048,199895486317,0.00
3049,8190277133,3.40
3050,199895486317,0.00
3051,77985876195,0.30
3052,142183109073,0.50
3053,199895486317,0.00
3054,52688115,658.20
3055,61328055216,0.20
3056,201809769462,0.90
3057,41058461,1599.10
3058,199895486317,0.00
3059,199895486317,0.00
3060,69710051248,0.60
3061,125416058347,0.40
3062,199895486317,0.00
3063,201809769462,0.90
3064,199895486317,0.00
3065,199895486317,0.00
3066,199895486317,0.00
3067,236069070886,0.70
3068,199895486317,0.00
3069,49218630,2629.70
3070,199895486317,0.00
3071,199895486317,0.00
3072,199895486317,0.00
3073,69710051248,0.60
3074,61328055216,0.20
3075,61328055216,0.20
3076,69710051248,0.60
3077,69710051248,0.60
3078,199895486317,0.00
3079,199895486317,0.00
3080,199895486317,0.00
3081,199895486317,0.00
3082,145365100988,1.00
3083,3702511204,2.40
3084,123493894645,43.00
3085,82277231083,0.10
3086,199895486317,0.00
3087,69710051248,0.60
3088,3680775865,2.30
3089,236069070886,0.70
3090,69710051248,0.60
3091,77985876195,0.30
3092,199895486317,0.00
3093,199895486317,0.00
3094,69710051248,0.60
3095,4366741889,3.30
3096,38692371,1164.50
3097,29938248288,10.10
3098,199895486317,0.00
3099,69710051248,0.60
3100,199895486317,0.00
3101,236069070886,0.70
3102,199895486317,0.00
3103,199895486317,0.00
3104,69710051248,0.60
3105,199895486317,0.00
3106,3936171009,3.10
3107,23931756,400.50
3108,52714308,437.10
3109,199895486317,0.00
3110,199895486317,0.00
3111,199895486317,0.00
3112,199895486317,0.00
3113,82277231083,0.10
3114,613653834,3.00
3115,199895486317,0.00
3116,59014721,339.20
3117,199895486317,0.00
3118,199895486317,0.00
3119,199895486317,0.00
3120,69710051248,0.60
3121,199895486317,0.00
3122,201809769462,0.90
3123,199895486317,0.00
3124,199895486317,0.00
3125,125416058347,0.40
3126,10390231533,30.00
3127,199895486317,0.00
3128,50299270,2930.30
3129,201809769462,0.90
3130,607623093,2.00
3131,7060991104,156.70
3132,199895486317,0.00
3133,52176237,728.80
3134,199895486317,0.00
3135,19983120485,4.90
3136,607623093,2.00
3137,199895486317,0.00
3138,613653834,3.00
3139,199895486317,0.00
3140,199895486317,0.00
3141,199895486317,0.00
3142,199895486317,0.00
3143,125416058347,0.40
3144,10029097603,4.40
3145,199895486317,0.00
3146,142183109073,0.50
3147,199895486317,0.00
3148,607623093,2.00
3149,199895486317,0.00
3150,2010550974,2.10
3151,2382571516,1.70
3152,199895486317,0.00
3153,1028468722,1.30
3154,199895486317,0.00
3155,36562338052,11.70
3156,199895486317,0.00
3157,61328055216,0.20
3158,77985876195,0.30
3159,82277231083,0.10
3160,199895486317,0.00
3161,142183109073,0.50
3162,607623093,2.00
3163,199895486317,0.00
3164,69710051248,0.60
3165,199895486317,0.00
3166,199895486317,0.00
3167,26439073608,11.80
3168,4952592720,2.20
3169,45180333,610.90
3170,199895486317,0.00
3171,199895486317,0.00
3172,613653834,3.00
3173,69710051248,0.60
3174,199895486317,0.00
3175,145365100988,1.00
3176,199895486317,0.00
3177,69710051248,0.60
3178,61328055216,0.20
3179,199895486317,0.00
3180,290039092040,0.80
3181,199895486317,0.00
3182,50981826,2827.00
3183,1028468722,1.30
3184,199895486317,0.00
3185,1013213972,1.20
3186,236069070886,0.70
3187,15857750773,4.50
3188,77985876195,0.30
3189,61328055216,0.20
3190,45540490509,88.40
3191,199895486317,0.00
3192,82277231083,0.10
3193,17338291221,15.00
3194,50039995,5000.00
3195,199895486317,0.00
3196,142183109073,0.50
3197,199895486317,0.00
3198,199895486317,0.00
3199,125416058347,0.40
3200,1010303329,6.00
3201,199895486317,0.00
3202,50039995,5000.00
3203,50139024,450.10
3204,18192989079,5.20
3205,199895486317,0.00
3206,199895486317,0.00
3207,199895486317,0.00
3208,613653834,3.00
3209,199895486317,0.00
3210,199895486317,0.00
3211,607623093,2.00
3212,69710051248,0.60
3213,199895486317,0.00
3214,199895486317,0.00
3215,199895486317,0.00
3216,61328055216,0.20
3217,236069070886,0.70
3218,2382571516,1.70
3219,199895486317,0.00
3220,199895486317,0.00
3221,199895486317,0.00
3222,61328055216,0.20
3223,3868913531,1.90
3224,1013213972,1.20
3225,145365100988,1.00
3226,199895486317,0.00
3227,48934230,2053.00
3228,199895486317,0.00
3229,142183109073,0.50
3230,24447347727,10.80
3231,74136103990,24.40
3232,125416058347,0.40
3233,199895486317,0.00
3234,145365100988,1.00
3235,201809769462,0.90
3236,48081086,994.30
3237,82277231083,0.10
3238,34779199,1088.50
3239,1387804724,4.00
3240,199895486317,0.00
3241,61328055216,0.20
3242,199895486317,0.00
3243,13767875730,7.50
3244,69710051248,0.60
3245,69710051248,0.60
3246,199895486317,0.00
3247,20446449060,10.60
3248,199895486317,0.00
3249,77985876195,0.30
3250,61328055216,0.20
3251,199895486317,0.00
3252,4952592720,2.20
3253,1010303329,6.00
3254,142183109073,0.50
3255,61328055216,0.20
3256,69710051248,0.60
3257,8088943450,3.80
3258,607623093,2.00
3259,5094763865,4.20
3260,613653834,3.00
3261,35214856812,6.80
3262,236069070886,0.70
3263,199895486317,0.00
3264,199895486317,0.00
3265,199895486317,0.00
3266,82277231083,0.10
3267,145365100988,1.00
3268,199895486317,0.00
3269,199895486317,0.00
3270,199895486317,0.00
3271,4123564983,2.60
3272,199895486317,0.00
3273,69710051248,0.60
3274,199895486317,0.00
3275,69710051248,0.60
3276,613653834,3.00
3277,199895486317,0.00
3278,199895486317,0.00
3279,199895486317,0.00
3280,613653834,3.00
3281,77985876195,0.30
3282,199895486317,0.00
3283,199895486317,0.00
3284,199895486317,0.00
3285,607623093,2.00
3286,1013213972,1.20
3287,61328055216,0.20
3288,199895486317,0.00
3289,145365100988,1.00
3290,61328055216,0.20
3291,199895486317,0.00
3292,199895486317,0.00
3293,82277231083,0.10
3294,4123564983,2.60
3295,60832847298,22.20
3296,199895486317,0.00
3297,199895486317,0.00
3298,5094763865,4.20
3299,69710051248,0.60
3300,199895486317,0.00
3301,77985876195,0.30
3302,199895486317,0.00
3303,199895486317,0.00
3304,236069070886,0.70
3305,145365100988,1.00
3306,125416058347,0.40
3307,199895486317,0.00
3308,199895486317,0.00
3309,199895486317,0.00
3310,199895486317,0.00
3311,37302484615,8.80
3312,125416058347,0.40
3313,142183109073,0.50
3314,199895486317,0.00
3315,4123564983,2.60
3316,3935347230,3.70
3317,613653834,3.00
3318,199895486317,0.00
3319,199895486317,0.00
3320,4211082918,3.60
3321,2010550974,2.10
3322,61328055216,0.20
3323,145365100988,1.00
3324,34369706,1143.60
3325,199895486317,0.00
3326,199895486317,0.00
3327,10104498071,5.60
3328,236069070886,0.70
3329,199895486317,0.00
3330,77985876195,0.30
3331,607623093,2.00
3332,199895486317,0.00
3333,199895486317,0.00
3334,62065466,3708.30
3335,199895486317,0.00
3336,77985876195,0.30
3337,199895486317,0.00
3338,2249196949,10.00
3339,125416058347,0.40
3340,3312301793,181.80
3341,607623093,2.00
3342,199895486317,0.00
3343,3249115344,5.00
3344,82277231083,0.10
3345,125416058347,0.40
3346,69710051248,0.60
3347,199895486317,0.00
3348,199895486317,0.00
3349,199895486317,0.00
3350,199895486317,0.00
3351,48416666,425.50
3352,290039092040,0.80
3353,2382571516,1.70
3354,199895486317,0.00
3355,1387804724,4.00
3356,142183109073,0.50
3357,199895486317,0.00
3358,199895486317,0.00
3359,77985876195,0.30
3360,199895486317,0.00
3361,77985876195,0.30
3362,199895486317,0.00
3363,4167436112,9.00
3364,199895486317,0.00
3365,61328055216,0.20
3366,199895486317,0.00
3367,290039092040,0.80
3368,199895486317,0.00
3369,199895486317,0.00
3370,199895486317,0.00
3371,77985876195,0.30
3372,199895486317,0.00
3373,145365100988,1.00
3374,199895486317,0.00
3375,199895486317,0.00
3376,35507249,1067.90
3377,199895486317,0.00
3378,50583684,691.80
3379,77985876195,0.30
3380,125416058347,0.40
3381,125416058347,0.40
3382,201809769462,0.90
3383,199895486317,0.00
3384,7740131935,10.30
3385,199895486317,0.00
3386,199895486317,0.00
3387,199895486317,0.00
3388,9121653333,20.00
3389,199895486317,0.00
3390,199895486317,0.00
3391,199895486317,0.00
3392,199895486317,0.00
3393,77985876195,0.30
3394,199895486317,0.00
3395,199895486317,0.00
3396,199895486317,0.00
3397,236069070886,0.70
3398,199895486317,0.00
3399,145365100988,1.00
3400,199895486317,0.00
3401,125416058347,0.40
3402,199895486317,0.00
3403,199895486317,0.00
3404,199895486317,0.00
3405,236069070886,0.70
3406,199895486317,0.00
3407,199895486317,0.00
3408,199895486317,0.00
3409,2010550974,2.10
3410,125416058347,0.40
3411,1387804724,4.00
3412,199895486317,0.00
3413,199895486317,0.00
3414,199895486317,0.00
3415,613653834,3.00
3416,199895486317,0.00
3417,1387804724,4.00
3418,1013213972,1.20
3419,199895486317,0.00
3420,613653834,3.00
3421,69710051248,0.60
3422,199895486317,0.00
3423,199895486317,0.00
3424,1823535304,202.10
3425,3249115344,5.00
3426,47114145,631.50
3427,1028468722,1.30
3428,199895486317,0.00
3429,1028468722,1.30
3430,52517501,787.80
3431,236069070886,0.70
3432,199895486317,0.00
3433,199895486317,0.00
3434,3446582951,3.20
3435,49251591562,11.20
3436,45976621,767.40
3437,10862339679,5.40
3438,1013213972,1.20
3439,199895486317,0.00
3440,199895486317,0.00
3441,145365100988,1.00
3442,613653834,3.00
3443,199895486317,0.00
3444,290039092040,0.80
3445,82277231083,0.10
3446,52801895,648.50
3447,8190277133,3.40
3448,199895486317,0.00
3449,199895486317,0.00
3450,1142989829,1.50
3451,21587197040,5.70
3452,77985876195,0.30
3453,199895486317,0.00
3454,199895486317,0.00
3455,77985876195,0.30
3456,5105446122,2.90
3457,199895486317,0.00
3458,82277231083,0.10
3459,199895486317,0.00
3460,199895486317,0.00
3461,17338291221,15.00
3462,199895486317,0.00
3463,236069070886,0.70
3464,199895486317,0.00
3465,199895486317,0.00
3466,4952592720,2.20
3467,199895486317,0.00
3468,607623093,2.00
3469,8190277133,3.40
3470,613653834,3.00
3471,199895486317,0.00
3472,13767875730,7.50
3473,199895486317,0.00
3474,77985876195,0.30
3475,77985876195,0.30
3476,199895486317,0.00
3477,51380014,520.10
3478,199895486317,0.00
3479,199895486317,0.00
3480,35932424770,106.40
3481,4146951214,2.50
3482,125416058347,0.40
3483,201809769462,0.90
3484,69710051248,0.60
3485,2249196949,10.00
3486,199895486317,0.00
3487,199895486317,0.00
3488,98697960962,31.50
3489,199895486317,0.00
3490,47690196630,45.20
3491,1142989829,1.50
3492,3446582951,3.20
3493,1941375851,1.40
3494,10673558142,5.50
3495,60832847298,22.20
3496,199895486317,0.00
3497,199895486317,0.00
3498,199895486317,0.00
3499,199895486317,0.00
3500,42605509,1648.40
3501,199895486317,0.00
3502,49332362,884.30
3503,199895486317,0.00
3504,82277231083,0.10
3505,236069070886,0.70
3506,77985876195,0.30
3507,199895486317,0.00
3508,199895486317,0.00
3509,51607470,652.70
3510,199895486317,0.00
3511,3936171009,3.10
3512,199895486317,0.00
3513,1649850112,1.10
3514,145365100988,1.00
3515,199895486317,0.00
3516,199895486317,0.00
3517,290039092040,0.80
3518,199895486317,0.00
3519,49251591562,11.20
3520,77985876195,0.30
3521,103445406445,9.50
3522,199895486317,0.00
3523,199895486317,0.00
3524,36461330323,4.70
3525,61328055216,0.20
3526,1010303329,6.00
3527,199895486317,0.00
3528,3680775865,2.30
3529,61328055216,0.20
3530,48061092476,44.90
3531,199895486317,0.00
3532,87628724267,34.00
3533,199895486317,0.00
3534,199895486317,0.00
3535,29434854370,10.70
3536,82277231083,0.10
3537,1142989829,1.50
3538,77985876195,0.30
3539,199895486317,0.00
3540,199895486317,0.00
3541,290039092040,0.80
3542,199895486317,0.00
3543,125416058347,0.40
3544,199895486317,0.00
3545,199895486317,0.00
3546,933957937,203.80
3547,77985876195,0.30
3548,199895486317,0.00
3549,199895486317,0.00
3550,34005672,1201.50
3551,1013213972,1.20
3552,52510061,3852.80
3553,52801894,2941.50
3554,40148422,1195.10
3555,199895486317,0.00
3556,199895486317,0.00
3557,145365100988,1.00
3558,201809769462,0.90
3559,199895486317,0.00
3560,4366741889,3.30
3561,145365100988,1.00
3562,199895486317,0.00
3563,199895486317,0.00
3564,607623093,2.00
3565,23301133,553.70
3566,3680775865,2.30
3567,199895486317,0.00
3568,199895486317,0.00
3569,3446582951,3.20
3570,607623093,2.00
3571,199895486317,0.00
3572,199895486317,0.00
3573,201809769462,0.90
3574,199895486317,0.00
3575,199895486317,0.00
3576,77985876195,0.30
3577,933957937,203.80
3578,199895486317,0.00
3579,290039092040,0.80
3580,61328055216,0.20
3581,607623093,2.00
3582,199895486317,0.00
3583,199895486317,0.00
3584,142183109073,0.50
3585,125416058347,0.40
3586,77985876195,0.30
3587,77985876195,0.30
3588,1649850112,1.10
3589,38646862,1167.40
3590,4123564983,2.60
3591,199895486317,0.00
3592,34046434863,100.90
3593,199895486317,0.00
3594,199895486317,0.00
3595,199895486317,0.00
3596,199895486317,0.00
3597,607623093,2.00
3598,199895486317,0.00
3599,199895486317,0.00
3600,199895486317,0.00
3601,69710051248,0.60
3602,16795297664,5.30
3603,57629030,3452.30
3604,61328055216,0.20
3605,142183109073,0.50
3606,145365100988,1.00
3607,199895486317,0.00
3608,199895486317,0.00
3609,199895486317,0.00
3610,61328055216,0.20
3611,65496957,315.90
3612,26222872586,13.70
3613,613653834,3.00
3614,199895486317,0.00
3615,199895486317,0.00
3616,199895486317,0.00
3617,11168912027,10.20
3618,4366741889,3.30
3619,2422087919,193.10
3620,607623093,2.00
3621,199895486317,0.00
3622,199895486317,0.00
3623,199895486317,0.00
3624,15963211823,12.00
3625,199895486317,0.00
3626,53200030,569.80
3627,38737860,1295.80
3628,613653834,3.00
3629,4123564983,2.60
3630,15963211823,12.00
3631,199895486317,0.00
3632,1013213972,1.20
3633,199895486317,0.00
3634,199895486317,0.00
3635,199895486317,0.00
3636,613653834,3.00
3637,82277231083,0.10
3638,199895486317,0.00
3639,199895486317,0.00
3640,199895486317,0.00
3641,199895486317,0.00
3642,145365100988,1.00
3643,199895486317,0.00
3644,199895486317,0.00
3645,9293317046,3.50
3646,142183109073,0.50
3647,145365100988,1.00
3648,77985876195,0.30
3649,1649850112,1.10
3650,199895486317,0.00
3651,142183109073,0.50
3652,1028468722,1.30
3653,61328055216,0.20
3654,199895486317,0.00
3655,1387804724,4.00
3656,497199241,220.30
3657,142183109073,0.50
3658,145365100988,1.00
3659,125416058347,0.40
3660,199895486317,0.00
3661,1010303329,6.00
3662,1013213972,1.20
3663,199895486317,0.00
3664,82277231083,0.10
3665,199895486317,0.00
3666,199895486317,0.00
3667,199895486317,0.00
3668,199895486317,0.00
3669,45976610,869.40
3670,199895486317,0.00
3671,199895486317,0.00
3672,290039092040,0.80
3673,77985876195,0.30
3674,199895486317,0.00
3675,53711923,627.80
3676,199895486317,0.00
3677,199895486317,0.00
3678,77985876195,0.30
3679,55073447,357.20
3680,199895486317,0.00
3681,77985876195,0.30
3682,47541074,434.10
3683,125416058347,0.40
3684,199895486317,0.00
3685,1649850112,1.10
3686,236069070886,0.70
3687,69710051248,0.60
3688,61328055216,0.20
3689,77985876195,0.30
3690,199895486317,0.00
3691,77985876195,0.30
3692,77985876195,0.30
3693,199895486317,0.00
3694,19995030720,10.50
3695,44611551,2773.40
3696,199895486317,0.00
3697,50039995,5000.00
3698,199895486317,0.00
3699,199895486317,0.00
3700,125416058347,0.40
3701,199895486317,0.00
3702,227320513264,13.20
3703,201809769462,0.90
3704,53355245,346.10
3705,82277231083,0.10
3706,199895486317,0.00
3707,43474034,535.70
3708,51609320,376.20
3709,199895486317,0.00
3710,199895486317,0.00
3711,2010550974,2.10
3712,77985876195,0.30
3713,125416058347,0.40
3714,199895486317,0.00
3715,199895486317,0.00
3716,77985876195,0.30
3717,2010550974,2.10
3718,199895486317,0.00
3719,3071747168,1.80
3720,199895486317,0.00
3721,199895486317,0.00
3722,1010303329,6.00
3723,61328055216,0.20
3724,1573302157,1.60
3725,4366741889,3.30
3726,199895486317,0.00
3727,44497796,864.10
3728,199895486317,0.00
3729,199895486317,0.00
3730,199895486317,0.00
3731,199895486317,0.00
3732,123840890779,22.10
3733,3936171009,3.10
3734,199895486317,0.00
3735,69710051248,0.60
3736,199895486317,0.00
3737,36826790,1426.90
3738,199895486317,0.00
3739,1013213972,1.20
3740,1010303329,6.00
3741,11127552312,7.40
3742,199895486317,0.00
3743,199895486317,0.00
3744,199895486317,0.00
3745,44782194,943.30
3746,125416058347,0.40
3747,199895486317,0.00
3748,199895486317,0.00
3749,290039092040,0.80
3750,199895486317,0.00
3751,64269440,321.10
3752,1010303329,6.00
3753,199895486317,0.00
3754,199895486317,0.00
3755,3868913531,1.90
3756,199895486317,0.00
3757,125416058347,0.40
3758,2010550974,2.10
3759,1013213972,1.20
3760,82277231083,0.10
3761,40603453,1807.30
3762,199895486317,0.00
3763,199895486317,0.00
3764,3702511204,2.40
3765,199895486317,0.00
3766,132509235920,12.60
3767,199895486317,0.00
3768,607623093,2.00
3769,199895486317,0.00
3770,77985876195,0.30
3771,199895486317,0.00
3772,53598184,554.80
3773,69710051248,0.60
3774,201809769462,0.90
3775,199895486317,0.00
3776,82277231083,0.10
3777,613653834,3.00
3778,199895486317,0.00
3779,1013213972,1.20
3780,230971395,263.70
3781,38009849,1766.70
3782,199895486317,0.00
3783,61328055216,0.20
3784,607623093,2.00
3785,5094763865,4.20
3786,199895486317,0.00
3787,4765291838,2.70
3788,199895486317,0.00
3789,61328055216,0.20
3790,47569174,2267.70
3791,199895486317,0.00
3792,607623093,2.00
3793,51834964,4437.90
3794,82277231083,0.10
3795,1941375851,1.40
3796,199895486317,0.00
3797,199895486317,0.00
3798,145365100988,1.00
3799,69710051248,0.60
3800,199895486317,0.00
3801,1387804724,4.00
3802,69710051248,0.60
3803,199895486317,0.00
3804,613653834,3.00
3805,77985876195,0.30
3806,82277231083,0.10
3807,199895486317,0.00
3808,24447347727,10.80
3809,82277231083,0.10
3810,1649850112,1.10
3811,199895486317,0.00
3812,77985876195,0.30
3813,77985876195,0.30
3814,199895486317,0.00
3815,201809769462,0.90
3816,91145306,298.00
3817,42332523,1580.90
3818,77985876195,0.30
3819,199895486317,0.00
3820,199895486317,0.00
3821,236069070886,0.70
3822,9293317046,3.50
3823,43930547,475.30
3824,125416058347,0.40
3825,199895486317,0.00
3826,613653834,3.00
3827,82277231083,0.10
3828,199895486317,0.00
3829,199895486317,0.00
3830,199895486317,0.00
3831,199895486317,0.00
3832,199895486317,0.00
3833,199895486317,0.00
3834,613653834,3.00
3835,199895486317,0.00
3836,1387804724,4.00
3837,199895486317,0.00
3838,1387804724,4.00
3839,47171038,613.40
3840,77471053897,32.00
3841,46716010,634.70
3842,199895486317,0.00
3843,77985876195,0.30
3844,199895486317,0.00
3845,199895486317,0.00
3846,68266157,320.60
3847,2382571516,1.70
3848,607623093,2.00
3849,1013213972,1.20
3850,607623093,2.00
3851,61328055216,0.20
3852,1142989829,1.50
3853,56400465,3053.90
3854,199895486317,0.00
3855,1941375851,1.40
3856,607623093,2.00
3857,53711924,881.60
3858,199895486317,0.00
3859,199895486317,0.00
3860,199895486317,0.00
3861,199895486317,0.00
3862,40330436,1190.00
3863,49936664,388.80
3864,44017562851,47.50
3865,199895486317,0.00
3866,199895486317,0.00
3867,41331470,1566.20
3868,48479221,868.00
3869,199895486317,0.00
3870,199895486317,0.00
3871,47568252,389.30
3872,56418822253,21.10
3873,199895486317,0.00
3874,77985876195,0.30
3875,199895486317,0.00
3876,44099647,816.30
3877,47967319,680.30
3878,77985876195,0.30
3879,199895486317,0.00
3880,12614096245,5.80
3881,613653834,3.00
3882,33861063273,101.20
3883,17571610,1342.00
3884,1010303329,6.00
3885,69710051248,0.60
3886,2999222430,185.20
3887,199895486317,0.00
3888,4366741889,3.30
3889,199895486317,0.00
3890,69710051248,0.60
3891,2010550974,2.10
3892,199895486317,0.00
3893,199895486317,0.00
3894,199895486317,0.00
3895,613653834,3.00
3896,77985876195,0.30
3897,199895486317,0.00
3898,199895486317,0.00
3899,199895486317,0.00
3900,199895486317,0.00
3901,199895486317,0.00
3902,199895486317,0.00
3903,199895486317,0.00
3904,199895486317,0.00
3905,199895486317,0.00
3906,199895486317,0.00
3907,5543205248,6.20
3908,199895486317,0.00
3909,199895486317,0.00
3910,199895486317,0.00
3911,607623093,2.00
3912,613653834,3.00
3913,199895486317,0.00
3914,35370724,1201.90
3915,5094763865,4.20
3916,199895486317,0.00
3917,199895486317,0.00
3918,199895486317,0.00
3919,199895486317,0.00
3920,5543205248,6.20
3921,199895486317,0.00
3922,145365100988,1.00
3923,1649850112,1.10
3924,290039092040,0.80
3925,199895486317,0.00
3926,44839076,808.80
3927,199895486317,0.00
3928,4765291838,2.70
3929,199895486317,0.00
3930,199895486317,0.00
3931,199895486317,0.00
3932,42560028,1936.70
3933,199895486317,0.00
3934,1010303329,6.00
3935,199895486317,0.00
3936,77985876195,0.30
3937,199895486317,0.00
3938,199895486317,0.00
3939,199895486317,0.00
3940,44330191,466.00
3941,199895486317,0.00
3942,199895486317,0.00
3943,199895486317,0.00
3944,3071747168,1.80
3945,199895486317,0.00
3946,77985876195,0.30
3947,142183109073,0.50
3948,199895486317,0.00
3949,199895486317,0.00
3950,199895486317,0.00
3951,199895486317,0.00
3952,37302484615,8.80
3953,199895486317,0.00
3954,125416058347,0.40
3955,5740272443,4.30
3956,1573302157,1.60
3957,50039995,5000.00
3958,13629593464,4.80
3959,199895486317,0.00
3960,199895486317,0.00
3961,3446582951,3.20
3962,199895486317,0.00
3963,61328055216,0.20
3964,1013213972,1.20
3965,199895486317,0.00
3966,199895486317,0.00
3967,199895486317,0.00
3968,201809769462,0.90
3969,77985876195,0.30
3970,607623093,2.00
3971,199895486317,0.00
3972,236069070886,0.70
3973,199895486317,0.00
3974,82277231083,0.10
3975,1387804724,4.00
3976,145365100988,1.00
3977,145365100988,1.00
3978,199895486317,0.00
3979,199895486317,0.00
3980,21691198350,6.40
3981,69710051248,0.60
3982,2382571516,1.70
3983,11462706519,141.50
3984,57807169,329.00
3985,199895486317,0.00
3986,199895486317,0.00
3987,199895486317,0.00
3988,145365100988,1.00
3989,77985876195,0.30
3990,199895486317,0.00
3991,199895486317,0.00
3992,145365100988,1.00
3993,199895486317,0.00
3994,77985876195,0.30
3995,199895486317,0.00
3996,37554825,1068.60
3997,61328055216,0.20
3998,69744304225,25.10
3999,3702511204,2.40
4000,142183109073,0.50
4001,20446449060,10.60
4002,199895486317,0.00
4003,35214856812,6.80
4004,199895486317,0.00
4005,4146951214,2.50
4006,69710051248,0.60
4007,199895486317,0.00
4008,69710051248,0.60
4009,199895486317,0.00
4010,77985876195,0.30
4011,199895486317,0.00
4012,199895486317,0.00
4013,77985876195,0.30
4014,199895486317,0.00
4015,61328055216,0.20
4016,199895486317,0.00
4017,199895486317,0.00
4018,199895486317,0.00
4019,53484414,591.00
4020,77985876195,0.30
4021,4146951214,2.50
4022,1573302157,1.60
4023,61328055216,0.20
4024,199895486317,0.00
4025,607623093,2.00
4026,201809769462,0.90
4027,199895486317,0.00
4028,26439073608,11.80
4029,199895486317,0.00
4030,607623093,2.00
4031,199895486317,0.00
4032,199895486317,0.00
4033,50039995,5000.00
4034,199895486317,0.00
4035,199895486317,0.00
4036,199895486317,0.00
4037,51891842,715.40
4038,142183109073,0.50
4039,199895486317,0.00
4040,199895486317,0.00
4041,199895486317,0.00
4042,199895486317,0.00
4043,102235275,267.20
4044,199895486317,0.00
4045,11748649485,3.90
4046,199895486317,0.00
4047,77985876195,0.30
4048,4952592720,2.20
4049,45862849,546.80
4050,199895486317,0.00
4051,3702511204,2.40
4052,8269449311,4.10
4053,199895486317,0.00
4054,3249115344,5.00
4055,69710051248,0.60
4056,199895486317,0.00
4057,125416058347,0.40
4058,20051460,1020.70
4059,3446582951,3.20
4060,125416058347,0.40
4061,1387804724,4.00
4062,3680775865,2.30
4063,613653834,3.00
4064,199895486317,0.00
4065,42742018,1571.30
4066,61328055216,0.20
4067,61328055216,0.20
4068,199895486317,0.00
4069,34506198,1329.70
4070,199895486317,0.00
4071,2382571516,1.70
4072,199895486317,0.00
4073,199895486317,0.00
4074,199895486317,0.00
4075,10539262715,6.60
4076,8567132283,2.80
4077,1010303329,6.00
4078,125416058347,0.40
4079,199895486317,0.00
4080,199895486317,0.00
4081,199895486317,0.00
4082,35916745,1068.50
4083,3249115344,5.00
4084,1013213972,1.20
4085,199895486317,0.00
4086,1649850112,1.10
4087,199895486317,0.00
4088,69710051248,0.60
4089,61328055216,0.20
4090,199895486317,0.00
4091,1010303329,6.00
4092,125416058347,0.40
4093,199895486317,0.00
4094,125416058347,0.40
4095,45862851,2675.70
4096,199895486317,0.00
4097,1013213972,1.20
4098,290039092040,0.80
4099,199895486317,0.00
4100,201809769462,0.90
4101,11168912027,10.20
4102,199895486317,0.00
4103,125416058347,0.40
4104,199895486317,0.00
4105,199895486317,0.00
4106,61328055216,0.20
4107,199895486317,0.00
4108,199895486317,0.00
4109,92174654502,32.40
4110,2010550974,2.10
4111,199895486317,0.00
4112,1056895387,218.90
4113,142183109073,0.50
4114,199895486317,0.00
4115,199895486317,0.00
4116,3071747168,1.80
4117,199895486317,0.00
4118,61328055216,0.20
4119,49732214,475.40
4120,199895486317,0.00
4121,36260270525,9.40
4122,199895486317,0.00
4123,1941375851,1.40
4124,38692369,1288.70
4125,4146951214,2.50
4126,199895486317,0.00
4127,201809769462,0.90
4128,125416058347,0.40
4129,567206468,238.50
4130,613653834,3.00
4131,199895486317,0.00
4132,69710051248,0.60
4133,61328055216,0.20
4134,47398532,2255.50
4135,236069070886,0.70
4136,199895486317,0.00
4137,199895486317,0.00
4138,142183109073,0.50
4139,142183109073,0.50
4140,199895486317,0.00
4141,236069070886,0.70
4142,613653834,3.00
4143,199895486317,0.00
4144,12764397385,7.00
4145,199895486317,0.00
4146,77985876195,0.30
4147,199895486317,0.00
4148,199895486317,0.00
4149,4952592720,2.20
4150,4211082918,3.60
4151,1941375851,1.40
4152,199895486317,0.00
4153,69710051248,0.60
4154,1941375851,1.40
4155,199895486317,0.00
4156,61328055216,0.20
4157,1573302157,1.60
4158,199895486317,0.00
4159,145365100988,1.00
4160,1649850112,1.10
4161,199895486317,0.00
4162,199895486317,0.00
4163,82277231083,0.10
4164,145365100988,1.00
4165,199895486317,0.00
4166,82277231083,0.10
4167,125416058347,0.40
4168,199895486317,0.00
4169,42629222724,97.10
4170,82277231083,0.10
4171,142183109073,0.50
4172,199895486317,0.00
4173,82277231083,0.10
4174,199895486317,0.00
4175,290039092040,0.80
4176,90843363350,7.90
4177,77985876195,0.30
4178,69710051248,0.60
4179,199895486317,0.00
4180,98763109745,11.60
4181,61328055216,0.20
4182,57831875,342.10
4183,199895486317,0.00
4184,199895486317,0.00
4185,613653834,3.00
4186,199895486317,0.00
4187,199895486317,0.00
4188,24147180564,20.60
4189,82277231083,0.10
4190,142183109073,0.50
4191,199895486317,0.00
4192,82277231083,0.10
4193,82277231083,0.10
4194,199895486317,0.00
4195,1142989829,1.50
4196,199895486317,0.00
4197,1649850112,1.10
4198,3446582951,3.20
4199,20051460,1020.70
4200,199895486317,0.00
4201,3936171009,3.10
4202,100321161139,12.40
4203,199895486317,0.00
4204,3702511204,2.40
4205,199895486317,0.00
4206,199895486317,0.00
4207,199895486317,0.00
4208,199895486317,0.00
4209,69710051248,0.60
4210,236069070886,0.70
4211,290039092040,0.80
4212,199895486317,0.00
4213,199895486317,0.00
4214,77985876195,0.30
4215,50039995,5000.00
4216,201809769462,0.90
4217,199895486317,0.00
4218,199895486317,0.00
4219,236069070886,0.70
4220,1013213972,1.20
4221,201809769462,0.90
4222,1387804724,4.00
4223,700790620,228.30
4224,613653834,3.00
4225,199895486317,0.00
4226,3446582951,3.20
4227,199895486317,0.00
4228,49161742,948.80
4229,613653834,3.00
4230,11748649485,3.90
4231,201809769462,0.90
4232,43288581219,67.30
4233,82277231083,0.10
4234,607623093,2.00
4235,199895486317,0.00
4236,9506143384,150.80
4237,10862339679,5.40
4238,236069070886,0.70
4239,82277231083,0.10
4240,199895486317,0.00
4241,199895486317,0.00
4242,1028468722,1.30
4243,51118639,358.40
4244,10539262715,6.60
4245,199895486317,0.00
4246,61328055216,0.20
4247,9400696905,8.00
4248,201809769462,0.90
4249,199895486317,0.00
4250,1013213972,1.20
4251,82119861961,24.50
4252,1573302157,1.60
4253,199895486317,0.00
4254,77985876195,0.30
4255,145365100988,1.00
4256,290039092040,0.80
4257,27573103862,14.00
4258,199895486317,0.00
4259,36053269,1134.00
4260,199895486317,0.00
4261,4366741889,3.30
4262,3249115344,5.00
4263,199895486317,0.00
4264,613653834,3.00
4265,48194830,4741.70
4266,77985876195,0.30
4267,3249115344,5.00
4268,1387804724,4.00
4269,61328055216,0.20
4270,199895486317,0.00
4271,46317872,637.30
4272,199895486317,0.00
4273,43658181434,14.30
4274,55990962,3497.00
4275,199895486317,0.00
4276,199895486317,0.00
4277,3680775865,2.30
4278,199895486317,0.00
4279,40512432,1651.00
4280,142183109073,0.50
4281,199895486317,0.00
4282,199895486317,0.00
4283,61328055216,0.20
4284,199895486317,0.00
4285,142183109073,0.50
4286,125416058347,0.40
4287,199895486317,0.00
4288,199895486317,0.00
4289,199895486317,0.00
4290,199895486317,0.00
4291,1573302157,1.60
4292,2382571516,1.70
4293,61328055216,0.20
4294,199895486317,0.00
4295,82277231083,0.10
4296,82277231083,0.10
4297,69710051248,0.60
4298,199895486317,0.00
4299,9121653333,20.00
4300,199895486317,0.00
4301,199895486317,0.00
4302,199895486317,0.00
4303,199895486317,0.00
4304,77985876195,0.30
4305,199895486317,0.00
4306,125416058347,0.40
4307,201809769462,0.90
4308,199895486317,0.00
4309,82277231083,0.10
4310,82277231083,0.10
4311,179227249252,17.70
4312,199895486317,0.00
4313,50021757717,6.70
4314,607623093,2.00
4315,199895486317,0.00
4316,16795297664,5.30
4317,61328055216,0.20
4318,4146951214,2.50
4319,199895486317,0.00
4320,36562338052,11.70
4321,61328055216,0.20
4322,61328055216,0.20
4323,24147180564,20.60
4324,37691416752,102.20
4325,199895486317,0.00
4326,199895486317,0.00
4327,199895486317,0.00
4328,199895486317,0.00
4329,199895486317,0.00
4330,199895486317,0.00
4331,199895486317,0.00
4332,1387804724,4.00
4333,199895486317,0.00
4334,199895486317,0.00
4335,9121653333,20.00
4336,125416058347,0.40
4337,145365100988,1.00
4338,199895486317,0.00
4339,77985876195,0.30
4340,199895486317,0.00
4341,1387804724,4.00
4342,12764397385,7.00
4343,199895486317,0.00
4344,199895486317,0.00
4345,199895486317,0.00
4346,77985876195,0.30
4347,5740272443,4.30
4348,2382571516,1.70
4349,199895486317,0.00
4350,61328055216,0.20
4351,199895486317,0.00
4352,145365100988,1.00
4353,45354597,390.60
4354,199895486317,0.00
4355,199895486317,0.00
4356,2382571516,1.70
4357,43132741,961.70
4358,199895486317,0.00
4359,199895486317,0.00
4360,16795297664,5.30
4361,53427549,665.80
4362,1028468722,1.30
4363,3936171009,3.10
4364,82277231083,0.10
4365,199895486317,0.00
4366,11168912027,10.20
4367,199895486317,0.00
4368,199895486317,0.00
4369,39693412,1173.60
4370,199895486317,0.00
4371,14495505379,11.00
4372,3680775865,2.30
4373,199895486317,0.00
4374,199895486317,0.00
4375,199895486317,0.00
4376,145365100988,1.00
4377,201809769462,0.90
4378,20456340633,6.90
4379,43658181434,14.30
4380,201809769462,0.90
4381,43587768,752.80
4382,199895486317,0.00
4383,46943530,2455.30
4384,199895486317,0.00
4385,199895486317,0.00
4386,4952592720,2.20
4387,77985876195,0.30
4388,199895486317,0.00
4389,199895486317,0.00
4390,61328055216,0.20
4391,142183109073,0.50
4392,69710051248,0.60
4393,115936843920,18.70
4394,1387804724,4.00
4395,43929038,943.50
4396,82277231083,0.10
4397,199895486317,0.00
4398,199895486317,0.00
4399,199895486317,0.00
4400,18192989079,5.20
4401,82277231083,0.10
4402,607623093,2.00
4403,199895486317,0.00
4404,607623093,2.00
4405,1142989829,1.50
4406,125416058347,0.40
4407,199895486317,0.00
4408,199895486317,0.00
4409,21691198350,6.40
4410,199895486317,0.00
4411,1649850112,1.10
4412,199895486317,0.00
4413,199895486317,0.00
4414,46400153,382.50
4415,236069070886,0.70
4416,77985876195,0.30
4417,125416058347,0.40
4418,199895486317,0.00
4419,199895486317,0.00
4420,199895486317,0.00
4421,199895486317,0.00
4422,199895486317,0.00
4423,199895486317,0.00
4424,199895486317,0.00
4425,61328055216,0.20
4426,1573302157,1.60
4427,199895486317,0.00
4428,199895486317,0.00
4429,199895486317,0.00
4430,142183109073,0.50
4431,1649850112,1.10
4432,199895486317,0.00
4433,2249196949,10.00
4434,199895486317,0.00
4435,34779217,1437.10
4436,10029097603,4.40
4437,199895486317,0.00
4438,1028468722,1.30
4439,34506211,1511.90
4440,2010550974,2.10
4441,69710051248,0.60
4442,61328055216,0.20
4443,125416058347,0.40
4444,82277231083,0.10
4445,40785458,1799.10
4446,52176236,887.50
4447,199895486317,0.00
4448,199895486317,0.00
4449,37463804,1277.80
4450,201809769462,0.90
4451,62398980212,11.30
4452,199895486317,0.00
4453,82277231083,0.10
4454,4146951214,2.50
4455,125416058347,0.40
4456,199895486317,0.00
4457,199895486317,0.00
4458,34369695,1168.50
4459,199895486317,0.00
4460,199895486317,0.00
4461,199895486317,0.00
4462,146762798083,13.60
4463,3446582951,3.20
4464,38841855812,96.90
4465,199895486317,0.00
4466,199895486317,0.00
4467,24447347727,10.80
4468,199895486317,0.00
4469,199895486317,0.00
4470,142183109073,0.50
4471,199895486317,0.00
4472,607623093,2.00
4473,69710051248,0.60
4474,61328055216,0.20
4475,1387804724,4.00
4476,199895486317,0.00
4477,199895486317,0.00
4478,199895486317,0.00
4479,125416058347,0.40
4480,77985876195,0.30
4481,1013213972,1.20
4482,199895486317,0.00
4483,24943196279,64.00
4484,77985876195,0.30
4485,69710051248,0.60
4486,199895486317,0.00
4487,77985876195,0.30
4488,4123564983,2.60
4489,199895486317,0.00
4490,1649850112,1.10
4491,3680775865,2.30
4492,38237360,1205.00
4493,199895486317,0.00
4494,69710051248,0.60
4495,12764397385,7.00
4496,4167436112,9.00
4497,1649850112,1.10
4498,61741019070,30.60
4499,199895486317,0.00
4500,199895486317,0.00
4501,199895486317,0.00
4502,50039995,5000.00
4503,39829899,1172.50
4504,199895486317,0.00
4505,61328055216,0.20
4506,199895486317,0.00
4507,3680775865,2.30
4508,69710051248,0.60
4509,82277231083,0.10
4510,199895486317,0.00
4511,53768791,971.80
4512,1010303329,6.00
4513,1013213972,1.20
4514,201809769462,0.90
4515,1013213972,1.20
4516,199895486317,0.00
4517,42787524,1204.30
4518,15963211823,12.00
4519,1142989829,1.50
4520,199895486317,0.00
4521,199895486317,0.00
4522,199895486317,0.00
4523,199895486317,0.00
4524,199895486317,0.00
4525,236069070886,0.70
4526,290039092040,0.80
4527,613653834,3.00
4528,69710051248,0.60
4529,199895486317,0.00
4530,15963211823,12.00
4531,142183109073,0.50
4532,145365100988,1.00
4533,69710051248,0.60
4534,290039092040,0.80
4535,61328055216,0.20
4536,69710051248,0.60
4537,199895486317,0.00
4538,199895486317,0.00
4539,199895486317,0.00
4540,145365100988,1.00
4541,199895486317,0.00
4542,77985876195,0.30
4543,67129109463,62.30
4544,3680775865,2.30
4545,199895486317,0.00
4546,199895486317,0.00
4547,39966424,1146.10
4548,1013213972,1.20
4549,607623093,2.00
4550,77985876195,0.30
4551,77985876195,0.30
4552,290039092040,0.80
4553,10242154262,144.40
4554,199895486317,0.00
4555,201809769462,0.90
4556,199895486317,0.00
4557,3935347230,3.70
4558,199895486317,0.00
4559,145365100988,1.00
4560,199895486317,0.00
4561,26959362805,9.30
4562,199895486317,0.00
4563,199895486317,0.00
4564,199895486317,0.00
4565,61328055216,0.20
4566,199895486317,0.00
4567,199895486317,0.00
4568,199895486317,0.00
4569,142183109073,0.50
4570,199895486317,0.00
4571,7740131935,10.30
4572,199895486317,0.00
4573,199895486317,0.00
4574,199895486317,0.00
4575,199895486317,0.00
4576,199895486317,0.00
4577,82277231083,0.10
4578,1028468722,1.30
4579,82277231083,0.10
4580,199895486317,0.00
4581,2382571516,1.70
4582,478958403,246.10
4583,199895486317,0.00
4584,1010303329,6.00
4585,4167436112,9.00
4586,3935347230,3.70
4587,142183109073,0.50
4588,199895486317,0.00
4589,145365100988,1.00
4590,142183109073,0.50
4591,199895486317,0.00
4592,1142989829,1.50
4593,61328055216,0.20
4594,4366741889,3.30
4595,199895486317,0.00
4596,199895486317,0.00
4597,1013213972,1.20
4598,199895486317,0.00
4599,199895486317,0.00
4600,2249196949,10.00
4601,199895486317,0.00
4602,69710051248,0.60
4603,199895486317,0.00
4604,61328055216,0.20
4605,199895486317,0.00
4606,125416058347,0.40
4607,82277231083,0.10
4608,3446582951,3.20
4609,61328055216,0.20
4610,2382571516,1.70
4611,69710051248,0.60
4612,199895486317,0.00
4613,52233124,654.00
4614,607623093,2.00
4615,1649850112,1.10
4616,199895486317,0.00
4617,199895486317,0.00
4618,290039092040,0.80
4619,199895486317,0.00
4620,199895486317,0.00
4621,310186144,257.00
4622,61328055216,0.20
4623,69710051248,0.60
4624,199895486317,0.00
4625,199895486317,0.00
4626,77985876195,0.30
4627,42377640033,44.40
4628,69710051248,0.60
4629,199895486317,0.00
4630,47967427,509.50
4631,199895486317,0.00
4632,199895486317,0.00
4633,5094763865,4.20
4634,199895486317,0.00
4635,607623093,2.00
4636,199895486317,0.00
4637,199895486317,0.00
4638,21587197040,5.70
4639,36260270525,9.40
4640,61328055216,0.20
4641,199895486317,0.00
4642,199895486317,0.00
4643,607623093,2.00
4644,1941375851,1.40
4645,199895486317,0.00
4646,77985876195,0.30
4647,199895486317,0.00
4648,199895486317,0.00
4649,199895486317,0.00
4650,199895486317,0.00
4651,199895486317,0.00
4652,199895486317,0.00
4653,10029097603,4.40
4654,145365100988,1.00
4655,290039092040,0.80
4656,145365100988,1.00
4657,199895486317,0.00
4658,199895486317,0.00
4659,290039092040,0.80
4660,61328055216,0.20
4661,199895486317,0.00
4662,199895486317,0.00
4663,199895486317,0.00
4664,77985876195,0.30
4665,69710051248,0.60
4666,199895486317,0.00
4667,103577290,289.10
4668,120056301406,32.30
4669,125416058347,0.40
4670,199895486317,0.00
4671,61328055216,0.20
4672,199895486317,0.00
4673,77985876195,0.30
4674,199895486317,0.00
4675,199895486317,0.00
4676,2249196949,10.00
4677,199895486317,0.00
4678,53484421,2302.10
4679,201809769462,0.90
4680,77985876195,0.30
4681,4765291838,2.70
4682,199895486317,0.00
4683,199895486317,0.00
4684,199895486317,0.00
4685,2249196949,10.00
4686,77985876195,0.30
4687,54489403,3886.40
4688,125416058347,0.40
4689,77985876195,0.30
4690,199895486317,0.00
4691,199895486317,0.00
4692,607623093,2.00
4693,69710051248,0.60
4694,199895486317,0.00
4695,199895486317,0.00
4696,77985876195,0.30
4697,199895486317,0.00
4698,199895486317,0.00
4699,2660047958,188.00
4700,69710051248,0.60
4701,2010550974,2.10
4702,199895486317,0.00
4703,236069070886,0.70
4704,49922089458,70.40
4705,199895486317,0.00
4706,199895486317,0.00
4707,199895486317,0.00
4708,199895486317,0.00
4709,37236302,1683.00
4710,1194246755,218.70
4711,49958032,736.30
4712,113846491905,45.00
4713,199895486317,0.00
4714,199895486317,0.00
4715,613653834,3.00
4716,10673558142,5.50
4717,1573302157,1.60
4718,69710051248,0.60
4719,11127552312,7.40
4720,199895486317,0.00
4721,11168912027,10.20
4722,125416058347,0.40
4723,69710051248,0.60
4724,199895486317,0.00
4725,4123564983,2.60
4726,3446582951,3.20
4727,199895486317,0.00
4728,607623093,2.00
4729,199895486317,0.00
4730,199895486317,0.00
4731,199895486317,0.00
4732,607623093,2.00
4733,199895486317,0.00
4734,613653834,3.00
4735,53841554,383.90
4736,77985876195,0.30
4737,61328055216,0.20
4738,82277231083,0.10
4739,199895486317,0.00
4740,9400696905,8.00
4741,199895486317,0.00
4742,199895486317,0.00
4743,199895486317,0.00
4744,199895486317,0.00
4745,199895486317,0.00
4746,33914674,1407.90
4747,10390231533,30.00
4748,142183109073,0.50
4749,4765291838,2.70
4750,61328055216,0.20
4751,199895486317,0.00
4752,199895486317,0.00
4753,607623093,2.00
4754,82277231083,0.10
4755,199895486317,0.00
4756,199895486317,0.00
4757,199895486317,0.00
4758,38783361,1072.90
4759,142183109073,0.50
4760,199895486317,0.00
4761,45326471,380.40
4762,142183109073,0.50
4763,50039995,5000.00
4764,201809769462,0.90
4765,199895486317,0.00
4766,39966419,1133.50
4767,5649136660,6.10
4768,199895486317,0.00
4769,199895486317,0.00
4770,199895486317,0.00
4771,1573302157,1.60
4772,53427530,742.70
4773,2382571516,1.70
4774,199895486317,0.00
4775,77985876195,0.30
4776,77985876195,0.30
4777,1649850112,1.10
4778,199895486317,0.00
4779,77985876195,0.30
4780,9293317046,3.50
4781,199895486317,0.00
4782,199895486317,0.00
4783,199895486317,0.00
4784,236069070886,0.70
4785,199895486317,0.00
4786,44725322,888.00
4787,613653834,3.00
4788,61328055216,0.20
4789,290039092040,0.80
4790,199895486317,0.00
4791,1142989829,1.50
4792,142183109073,0.50
4793,50039995,5000.00
4794,11903153847,6.50
4795,4146951214,2.50
4796,199895486317,0.00
4797,77985876195,0.30
4798,290039092040,0.80
4799,69710051248,0.60
4800,29434854370,10.70
4801,125416058347,0.40
4802,50583663,895.50
4803,199895486317,0.00
4804,3249115344,5.00
4805,69710051248,0.60
4806,199895486317,0.00
4807,77985876195,0.30
4808,236069070886,0.70
4809,199895486317,0.00
4810,199895486317,0.00
4811,199895486317,0.00
4812,199895486317,0.00
4813,77985876195,0.30
4814,1573302157,1.60
4815,199895486317,0.00
4816,24943196279,64.00
4817,77985876195,0.30
4818,199895486317,0.00
4819,199895486317,0.00
4820,125416058347,0.40
4821,77985876195,0.30
4822,236069070886,0.70
4823,61328055216,0.20
4824,199895486317,0.00
4825,199895486317,0.00
4826,199895486317,0.00
4827,1941375851,1.40
4828,199895486317,0.00
4829,8567132283,2.80
4830,199895486317,0.00
4831,72873598,308.20
4832,61328055216,0.20
4833,34642710,1549.20
4834,199895486317,0.00
4835,199895486317,0.00
4836,401990499,245.30
4837,199895486317,0.00
4838,3249115344,5.00
4839,199895486317,0.00
4840,61328055216,0.20
4841,199895486317,0.00
4842,201809769462,0.90
4843,77985876195,0.30
4844,1387804724,4.00
4845,199895486317,0.00
4846,1010303329,6.00
4847,4123564983,2.60
4848,199895486317,0.00
4849,82277231083,0.10
4850,199895486317,0.00
4851,69710051248,0.60
4852,199895486317,0.00
4853,61328055216,0.20
4854,69710051248,0.60
4855,125416058347,0.40
4856,50039995,5000.00
4857,199895486317,0.00
4858,21303454267,21.00
4859,61328055216,0.20
4860,62611471,3621.30
4861,2382571516,1.70
4862,201809769462,0.90
4863,48644596,392.20
4864,145365100988,1.00
4865,77985876195,0.30
4866,199895486317,0.00
4867,5649136660,6.10
4868,199895486317,0.00
4869,199895486317,0.00
4870,3680775865,2.30
4871,7636006180,4.60
4872,199895486317,0.00
4873,199895486317,0.00
4874,2010550974,2.10
4875,145365100988,1.00
4876,11250685307,7.20
4877,199895486317,0.00
4878,199895486317,0.00
4879,8190277133,3.40
4880,201809769462,0.90
4881,125416058347,0.40
4882,1028468722,1.30
4883,199895486317,0.00
4884,199895486317,0.00
4885,69710051248,0.60
4886,199895486317,0.00
4887,199895486317,0.00
4888,50982115,499.20
4889,22782671051,41.00
4890,199895486317,0.00
4891,199895486317,0.00
4892,236069070886,0.70
4893,61328055216,0.20
4894,199895486317,0.00
4895,77985876195,0.30
4896,199895486317,0.00
4897,199895486317,0.00
4898,236069070886,0.70
4899,199895486317,0.00
4900,4123564983,2.60
4901,77985876195,0.30
4902,61328055216,0.20
4903,201809769462,0.90
4904,199895486317,0.00
4905,50330645347,11.50
4906,11127552312,7.40
4907,199895486317,0.00
4908,41285980,1595.60
4909,145365100988,1.00
4910,125416058347,0.40
4911,18338303920,126.70
4912,1013213972,1.20
4913,106036283660,30.90
4914,2010550974,2.10
4915,69710051248,0.60
4916,3817673308,176.70
4917,199895486317,0.00
4918,77985876195,0.30
4919,199895486317,0.00
4920,607623093,2.00
4921,199895486317,0.00
4922,108589805165,15.60
4923,69710051248,0.60
4924,199895486317,0.00
4925,3249115344,5.00
4926,236069070886,0.70
4927,199895486317,0.00
4928,51481148,428.70
4929,199895486317,0.00
4930,48706729,666.30
4931,47682934,534.20
4932,4366741889,3.30
4933,199895486317,0.00
4934,48365470,536.60
4935,69710051248,0.60
4936,52237080,3332.10
4937,201809769462,0.90
4938,3935347230,3.70
4939,236069070886,0.70
4940,69710051248,0.60
4941,199895486317,0.00
4942,77985876195,0.30
4943,50039995,5000.00
4944,2010550974,2.10
4945,77985876195,0.30
4946,142183109073,0.50
4947,199895486317,0.00
4948,613653834,3.00
4949,145365100988,1.00
4950,4211082918,3.60
4951,199895486317,0.00
4952,199895486317,0.00
4953,613653834,3.00
4954,199895486317,0.00
4955,199895486317,0.00
4956,9121653333,20.00
4957,199895486317,0.00
4958,48251707,2023.80
4959,201809769462,0.90
4960,77985876195,0.30
4961,69710051248,0.60
4962,199895486317,0.00
4963,1387804724,4.00
4964,142183109073,0.50
4965,49503007,2570.80
4966,1941375851,1.40
4967,3249115344,5.00
4968,199895486317,0.00
4969,199895486317,0.00
4970,199895486317,0.00
4971,613653834,3.00
4972,48649850,935.20
4973,61328055216,0.20
4974,1013213972,1.20
4975,199895486317,0.00
4976,69710051248,0.60
4977,61328055216,0.20
4978,199895486317,0.00
4979,61328055216,0.20
4980,199895486317,0.00
4981,290039092040,0.80
4982,1387804724,4.00
4983,2249196949,10.00
4984,125416058347,0.40
4985,145365100988,1.00
4986,199895486317,0.00
4987,613653834,3.00
4988,61328055216,0.20
4989,199895486317,0.00
4990,142183109073,0.50
4991,82277231083,0.10
4992,613653834,3.00
4993,199895486317,0.00
4994,26222872586,13.70
4995,1142989829,1.50
4996,607623093,2.00
4997,51453714177,12.80
4998,1142989829,1.50
4999,9121653333,20.00
5000,77985876195,0.30
5001,199895486317,0.00
5002,9286556601,149.20
5003,199895486317,0.00
5004,1013213972,1.20
5005,3446582951,3.20
5006,199895486317,0.00
5007,142183109073,0.50
5008,53427522,2701.90
5009,613653834,3.00
5010,50039995,5000.00
5011,82277231083,0.10
5012,98763109745,11.60
5013,82277231083,0.10
5014,199895486317,0.00
5015,38146345,1012.20
5016,199895486317,0.00
5017,77985876195,0.30
5018,5308410826,164.70
5019,77985876195,0.30
5020,199895486317,0.00
5021,4167436112,9.00
5022,613653834,3.00
5023,199895486317,0.00
5024,3446582951,3.20
5025,199895486317,0.00
5026,199895486317,0.00
5027,145365100988,1.00
5028,199895486317,0.00
5029,9400696905,8.00
5030,77985876195,0.30
5031,607623093,2.00
5032,1010303329,6.00
5033,236069070886,0.70
5034,125416058347,0.40
5035,25493826151,61.30
5036,201809769462,0.90
5037,199895486317,0.00
5038,199895486317,0.00
5039,290039092040,0.80
5040,201809769462,0.90
5041,61328055216,0.20
5042,145365100988,1.00
5043,46147257,622.10
5044,61328055216,0.20
5045,82277231083,0.10
5046,199895486317,0.00
5047,77985876195,0.30
5048,20446449060,10.60
5049,199895486317,0.00
5050,52851361,3458.40
5051,199895486317,0.00
5052,199895486317,0.00
5053,93797330499,24.00
5054,37327309,1139.00
5055,38954726000,18.00
5056,199895486317,0.00
5057,77985876195,0.30
5058,1573302157,1.60
5059,46033497,826.90
5060,199895486317,0.00
5061,61328055216,0.20
5062,1010303329,6.00
5063,236069070886,0.70
5064,199895486317,0.00
5065,21587197040,5.70
5066,199895486317,0.00
5067,199895486317,0.00
5068,607623093,2.00
5069,199895486317,0.00
5070,1387804724,4.00
5071,613653834,3.00
5072,77985876195,0.30
5073,199895486317,0.00
5074,1010303329,6.00
5075,61328055216,0.20
5076,142183109073,0.50
5077,48630986,359.60
5078,145365100988,1.00
5079,199895486317,0.00
5080,199895486317,0.00
5081,199895486317,0.00
5082,199895486317,0.00
5083,199895486317,0.00
5084,290039092040,0.80
5085,199895486317,0.00
5086,61328055216,0.20
5087,199895486317,0.00
5088,199895486317,0.00
5089,199895486317,0.00
5090,77985876195,0.30
5091,5094763865,4.20
5092,199895486317,0.00
5093,199895486317,0.00
5094,42853767546,79.10
5095,199895486317,0.00
5096,142183109073,0.50
5097,199895486317,0.00
5098,199895486317,0.00
5099,1649850112,1.10
5100,199895486317,0.00
5101,1622494262,205.00
5102,43303383,554.50
5103,34227570860,35.50
5104,199895486317,0.00
5105,1573302157,1.60
5106,613653834,3.00
5107,54694156,3510.30
5108,199895486317,0.00
5109,199895486317,0.00
5110,4123564983,2.60
5111,199895486317,0.00
5112,61328055216,0.20
5113,199895486317,0.00
5114,9121653333,20.00
5115,199895486317,0.00
5116,199895486317,0.00
5117,199895486317,0.00
5118,59690213156,12.20
5119,2382571516,1.70
5120,26959362805,9.30
5121,145365100988,1.00
5122,199895486317,0.00
5123,61328055216,0.20
5124,199895486317,0.00
5125,199895486317,0.00
5126,199895486317,0.00
5127,236069070886,0.70
5128,5094763865,4.20
5129,2249196949,10.00
5130,42605514,1665.00
5131,145365100988,1.00
5132,199895486317,0.00
5133,199895486317,0.00
5134,61328055216,0.20
5135,51038792,513.90
5136,290039092040,0.80
5137,199895486317,0.00
5138,199895486317,0.00
5139,13529583927,20.20
5140,11168912027,10.20
5141,53086276,605.30
5142,199895486317,0.00
5143,199895486317,0.00
5144,1142989829,1.50
5145,12764397385,7.00
5146,69710051248,0.60
5147,199895486317,0.00
5148,45635350,701.00
5149,199895486317,0.00
5150,199895486317,0.00
5151,54011635,3566.20
5152,77985876195,0.30
5153,199895486317,0.00
5154,199895486317,0.00
5155,199895486317,0.00
5156,77985876195,0.30
5157,125416058347,0.40
5158,69710051248,0.60
5159,199895486317,0.00
5160,69710051248,0.60
5161,82277231083,0.10
5162,125416058347,0.40
5163,199895486317,0.00
5164,199895486317,0.00
5165,199895486317,0.00
5166,3702511204,2.40
5167,199895486317,0.00
5168,3935347230,3.70
5169,199895486317,0.00
5170,145365100988,1.00
5171,3702511204,2.40
5172,145365100988,1.00
5173,7636006180,4.60
5174,77985876195,0.30
5175,199895486317,0.00
5176,201809769462,0.90
5177,61328055216,0.20
5178,24239612,694.10
5179,199895486317,0.00
5180,613653834,3.00
5181,77985876195,0.30
5182,77985876195,0.30
5183,1649850112,1.10
5184,142183109073,0.50
5185,199895486317,0.00
5186,199895486317,0.00
5187,2249196949,10.00
5188,11748649485,3.90
5189,57544749774,15.70
5190,199895486317,0.00
5191,61328055216,0.20
5192,50299287,644.90
5193,199895486317,0.00
5194,4123564983,2.60
5195,5094763865,4.20
5196,199895486317,0.00
5197,199895486317,0.00
5198,69710051248,0.60
5199,199895486317,0.00
5200,199895486317,0.00
5201,290039092040,0.80
5202,145365100988,1.00
5203,613653834,3.00
5204,47569185,560.80
5205,1941375851,1.40
5206,52100575,3736.20
5207,69710051248,0.60
5208,199895486317,0.00
5209,15963211823,12.00
5210,199895486317,0.00
5211,199895486317,0.00
5212,199895486317,0.00
5213,199895486317,0.00
5214,138654107164,7.10
5215,2382571516,1.70
5216,199895486317,0.00
5217,199895486317,0.00
5218,199895486317,0.00
5219,3071747168,1.80
5220,290039092040,0.80
5221,199895486317,0.00
5222,145365100988,1.00
5223,69710051248,0.60
5224,199895486317,0.00
5225,607623093,2.00
5226,199895486317,0.00
5227,69710051248,0.60
5228,1028468722,1.30
5229,145365100988,1.00
5230,12655113999,8.30
5231,61328055216,0.20
5232,199895486317,0.00
5233,199895486317,0.00
5234,199895486317,0.00
5235,201809769462,0.90
5236,47846367,392.00
5237,48649851,2020.80
5238,199895486317,0.00
5239,1010303329,6.00
5240,125416058347,0.40
5241,199895486317,0.00
5242,1013213972,1.20
5243,199895486317,0.00
5244,12948858777,6.30
5245,145365100988,1.00
5246,36872291,1130.60
5247,45575757,400.60
5248,125416058347,0.40
5249,199895486317,0.00
5250,77985876195,0.30
5251,290039092040,0.80
5252,199895486317,0.00
5253,53063645991,68.50
5254,77985876195,0.30
5255,607623093,2.00
5256,199895486317,0.00
5257,199895486317,0.00
5258,199895486317,0.00
5259,125416058347,0.40
5260,43815276,743.90
5261,199895486317,0.00
5262,199895486317,0.00
5263,201809769462,0.90
5264,48495231,443.20
5265,61328055216,0.20
5266,199895486317,0.00
5267,199895486317,0.00
5268,199895486317,0.00
5269,199895486317,0.00
5270,50021757717,6.70
5271,199895486317,0.00
5272,199895486317,0.00
5273,199895486317,0.00
5274,61328055216,0.20
5275,77985876195,0.30
5276,199895486317,0.00
5277,199895486317,0.00
5278,46431631,689.70
5279,199895486317,0.00
5280,199895486317,0.00
5281,61328055216,0.20
5282,4765291838,2.70
5283,613653834,3.00
5284,1013213972,1.20
5285,4952592720,2.20
5286,3702511204,2.40
5287,199895486317,0.00
5288,199895486317,0.00
5289,199895486317,0.00
5290,3935347230,3.70
5291,69710051248,0.60
5292,199895486317,0.00
5293,142183109073,0.50
5294,73016336585,8.10
5295,77985876195,0.30
5296,199895486317,0.00
5297,199895486317,0.00
5298,1028468722,1.30
5299,199895486317,0.00
5300,10673558142,5.50
5301,998747146,221.90
5302,48536095,874.20
5303,1013213972,1.20
5304,43246511,585.60
5305,5740272443,4.30
5306,199895486317,0.00
5307,199895486317,0.00
5308,199895486317,0.00
5309,110086404140,8.50
5310,199895486317,0.00
5311,199895486317,0.00
5312,125416058347,0.40
5313,12948858777,6.30
5314,607623093,2.00
5315,42791496,627.10
5316,199895486317,0.00
5317,61328055216,0.20
5318,199895486317,0.00
5319,199895486317,0.00
5320,199895486317,0.00
5321,52972524,2617.70
5322,82277231083,0.10
5323,77985876195,0.30
5324,199895486317,0.00
5325,77985876195,0.30
5326,142183109073,0.50
5327,199895486317,0.00
5328,61328055216,0.20
5329,199895486317,0.00
5330,155670474,275.80
5331,1013213972,1.20
5332,199895486317,0.00
5333,199895486317,0.00
5334,1013213972,1.20
5335,199895486317,0.00
5336,1941375851,1.40
5337,69710051248,0.60
5338,1028468722,1.30
5339,199895486317,0.00
5340,465665476,247.10
5341,145365100988,1.00
5342,199895486317,0.00
5343,199895486317,0.00
5344,607623093,2.00
5345,199895486317,0.00
5346,199895486317,0.00
5347,199895486317,0.00
5348,199895486317,0.00
5349,199895486317,0.00
5350,199895486317,0.00
5351,199895486317,0.00
5352,82277231083,0.10
5353,5543205248,6.20
5354,199895486317,0.00
5355,199895486317,0.00
5356,199895486317,0.00
5357,125416058347,0.40
5358,199895486317,0.00
5359,61328055216,0.20
5360,607623093,2.00
5361,199895486317,0.00
5362,199895486317,0.00
5363,199895486317,0.00
5364,199895486317,0.00
5365,11250685307,7.20
5366,199895486317,0.00
5367,145365100988,1.00
5368,61328055216,0.20
5369,5105446122,2.90
5370,607623093,2.00
5371,199895486317,0.00
5372,199895486317,0.00
5373,69710051248,0.60
5374,199895486317,0.00
5375,59471846,3201.80
5376,69710051248,0.60
5377,199895486317,0.00
5378,199895486317,0.00
5379,199895486317,0.00
5380,199895486317,0.00
5381,199895486317,0.00
5382,199895486317,0.00
5383,199895486317,0.00
5384,199895486317,0.00
5385,10104498071,5.60
5386,77985876195,0.30
5387,3868913531,1.90
5388,1387804724,4.00
5389,77985876195,0.30
5390,5094763865,4.20
5391,199895486317,0.00
5392,199895486317,0.00
5393,199895486317,0.00
5394,1387804724,4.00
5395,64147300,319.40
5396,69710051248,0.60
5397,199895486317,0.00
5398,145365100988,1.00
5399,199895486317,0.00
5400,77985876195,0.30
5401,199895486317,0.00
5402,199895486317,0.00
5403,199895486317,0.00
5404,199895486317,0.00
5405,1028468722,1.30
5406,199895486317,0.00
5407,199895486317,0.00
5408,199895486317,0.00
5409,1387804724,4.00
5410,199895486317,0.00
5411,57749865228,36.00
5412,11168912027,10.20
5413,40375944,1613.00
5414,37863364530,8.40
5415,5094763865,4.20
5416,1013213972,1.20
5417,199895486317,0.00
5418,61328055216,0.20
5419,199895486317,0.00
5420,125416058347,0.40
5421,199895486317,0.00
5422,5094763865,4.20
5423,199895486317,0.00
5424,61328055216,0.20
5425,82277231083,0.10
5426,61328055216,0.20
5427,142183109073,0.50
5428,199895486317,0.00
5429,4167436112,9.00
5430,199895486317,0.00
5431,51418782964,42.40
5432,199895486317,0.00
5433,142183109073,0.50
5434,199895486317,0.00
5435,82277231083,0.10
5436,199895486317,0.00
5437,199895486317,0.00
5438,199895486317,0.00
5439,2382571516,1.70
5440,19983120485,4.90
5441,4146951214,2.50
5442,23430241304,7.60
5443,199895486317,0.00
5444,4146951214,2.50
5445,199895486317,0.00
5446,199895486317,0.00
5447,77985876195,0.30
5448,199895486317,0.00
5449,18082925432,20.40
5450,1142989829,1.50
5451,199895486317,0.00
5452,1387804724,4.00
5453,3341607185,183.80
5454,77985876195,0.30
5455,463374461,240.60
5456,61328055216,0.20
5457,199895486317,0.00
5458,9121653333,20.00
5459,1142989829,1.50
5460,139988403537,24.70
5461,1013213972,1.20
5462,3071747168,1.80
5463,199895486317,0.00
5464,199895486317,0.00
5465,199895486317,0.00
5466,199895486317,0.00
5467,13274400589,40.00
5468,199895486317,0.00
5469,607623093,2.00
5470,50331389,433.30
5471,199895486317,0.00
5472,4123564983,2.60
5473,199895486317,0.00
5474,199895486317,0.00
5475,199258446030,18.20
5476,77985876195,0.30
5477,199895486317,0.00
5478,199895486317,0.00
5479,199895486317,0.00
5480,199895486317,0.00
5481,199895486317,0.00
5482,201809769462,0.90
5483,199895486317,0.00
5484,199895486317,0.00
5485,142183109073,0.50
5486,45009697,2620.00
5487,199895486317,0.00
5488,199895486317,0.00
5489,236069070886,0.70
5490,1013213972,1.20
5491,199895486317,0.00
5492,199895486317,0.00
5493,199895486317,0.00
5494,199895486317,0.00
5495,1142989829,1.50
5496,142183109073,0.50
5497,69710051248,0.60
5498,199895486317,0.00
5499,51038689,2745.60
5500,26225591309,119.50
5501,61328055216,0.20
5502,2382571516,1.70
5503,607623093,2.00
5504,69710051248,0.60
5505,49730503,648.20
5506,4146951214,2.50
5507,3702511204,2.40
5508,28114884594,5.90
5509,199895486317,0.00
5510,8269449311,4.10
5511,607623093,2.00
5512,199895486317,0.00
5513,142183109073,0.50
5514,236069070886,0.70
5515,199895486317,0.00
5516,77985876195,0.30
5517,199895486317,0.00
5518,199895486317,0.00
5519,125416058347,0.40
5520,199895486317,0.00
5521,199895486317,0.00
5522,199895486317,0.00
5523,11168912027,10.20
5524,199895486317,0.00
5525,1010303329,6.00
5526,4146951214,2.50
5527,607623093,2.00
5528,199895486317,0.00
5529,69710051248,0.60
5530,199895486317,0.00
5531,7740131935,10.30
5532,1941375851,1.40
5533,199895486317,0.00
5534,199895486317,0.00
5535,145365100988,1.00
5536,199895486317,0.00
5537,1142989829,1.50
5538,607623093,2.00
5539,613653834,3.00
5540,199895486317,0.00
5541,69710051248,0.60
5542,3249115344,5.00
5543,1387804724,4.00
5544,607623093,2.00
5545,199895486317,0.00
5546,199895486317,0.00
5547,1142989829,1.50
5548,199895486317,0.00
5549,77985876195,0.30
5550,199895486317,0.00
5551,44440919,2060.40
5552,199895486317,0.00
5553,199895486317,0.00
5554,5105446122,2.90
5555,319479787,256.10
5556,199895486317,0.00
5557,20446449060,10.60
5558,201809769462,0.90
5559,199895486317,0.00
5560,199895486317,0.00
5561,50039995,5000.00
5562,9121653333,20.00
5563,199895486317,0.00
5564,607623093,2.00
5565,1941375851,1.40
5566,142183109073,0.50
5567,77985876195,0.30
5568,125416058347,0.40
5569,165599211873,14.40
5570,199895486317,0.00
5571,199895486317,0.00
5572,145365100988,1.00
5573,613653834,3.00
5574,55736222,348.90
5575,77985876195,0.30
5576,47000400,538.30
5577,199895486317,0.00
5578,201809769462,0.90
5579,69710051248,0.60
5580,20446449060,10.60
5581,52373558,3662.00
5582,35507243,1644.30
5583,199895486317,0.00
5584,45919729,2338.10
5585,199895486317,0.00
5586,1013213972,1.20
5587,61328055216,0.20
5588,199895486317,0.00
5589,199895486317,0.00
5590,42013999,1506.80
5591,199895486317,0.00
5592,199895486317,0.00
5593,77985876195,0.30
5594,201809769462,0.90
5595,236069070886,0.70
5596,199895486317,0.00
5597,199895486317,0.00
5598,199895486317,0.00
5599,82277231083,0.10
5600,199895486317,0.00
5601,2010550974,2.10
5602,61328055216,0.20
5603,199895486317,0.00
5604,1573302157,1.60
5605,199895486317,0.00
5606,199895486317,0.00
5607,199895486317,0.00
5608,199895486317,0.00
5609,55786224,3211.20
5610,43929036,4334.40
5611,199895486317,0.00
5612,199895486317,0.00
5613,98273511123,27.50
5614,38954726000,18.00
5615,199895486317,0.00
5616,199895486317,0.00
5617,199895486317,0.00
5618,199895486317,0.00
5619,199895486317,0.00
5620,201809769462,0.90
5621,14495505379,11.00
5622,236069070886,0.70
5623,1013213972,1.20
5624,5543205248,6.20
5625,199895486317,0.00
5626,7636006180,4.60
5627,199895486317,0.00
5628,199895486317,0.00
5629,4146951214,2.50
5630,199895486317,0.00
5631,199895486317,0.00
5632,199895486317,0.00
5633,61328055216,0.20
5634,199895486317,0.00
5635,199895486317,0.00
5636,125416058347,0.40
5637,77985876195,0.30
5638,607623093,2.00
5639,199895486317,0.00
5640,199895486317,0.00
5641,49673621,2141.30
5642,199895486317,0.00
5643,77985876195,0.30
5644,201809769462,0.90
5645,9293317046,3.50
5646,199895486317,0.00
5647,199895486317,0.00
5648,65631373,328.60
5649,199895486317,0.00
5650,199895486317,0.00
5651,1013213972,1.20
5652,199895486317,0.00
5653,77985876195,0.30
5654,201809769462,0.90
5655,49047998,553.20
5656,236069070886,0.70
5657,199895486317,0.00
5658,1013213972,1.20
5659,3868913531,1.90
5660,77985876195,0.30
5661,44611568,2266.60
5662,77985876195,0.30
5663,199895486317,0.00
5664,201809769462,0.90
5665,199895486317,0.00
5666,613653834,3.00
5667,1941375851,1.40
5668,82277231083,0.10
5669,15857750773,4.50
5670,142183109073,0.50
5671,607623093,2.00
5672,199895486317,0.00
5673,199895486317,0.00
5674,92393946739,52.10
5675,199895486317,0.00
5676,14495505379,11.00
5677,85260908890,23.60
5678,2010550974,2.10
5679,199895486317,0.00
5680,29434854370,10.70
5681,199895486317,0.00
5682,199895486317,0.00
5683,199895486317,0.00
5684,199895486317,0.00
5685,3702511204,2.40
5686,145365100988,1.00
5687,199895486317,0.00
5688,50868132,514.30
5689,125416058347,0.40
5690,42423507,1249.10
5691,21691198350,6.40
5692,3935347230,3.70
5693,1573302157,1.60
5694,69710051248,0.60
5695,145365100988,1.00
5696,40193920,1391.30
5697,2382571516,1.70
5698,607623093,2.00
5699,3680775865,2.30
5700,103344211233,41.50
5701,201809769462,0.90
5702,199895486317,0.00
5703,199895486317,0.00
5704,1387804724,4.00
5705,145365100988,1.00
5706,41558974,1397.90
5707,61834144,315.70
5708,1649850112,1.10
5709,199895486317,0.00
5710,38191840,1818.40
5711,199895486317,0.00
5712,145365100988,1.00
5713,77985876195,0.30
5714,12614096245,5.80
5715,199895486317,0.00
5716,236069070886,0.70
5717,290039092040,0.80
5718,3071747168,1.80
5719,201809769462,0.90
5720,290039092040,0.80
5721,199895486317,0.00
5722,3935347230,3.70
5723,199895486317,0.00
5724,199895486317,0.00
5725,4366741889,3.30
5726,125416058347,0.40
5727,1387804724,4.00
5728,52119351,691.20
5729,10029097603,4.40
5730,142183109073,0.50
5731,199895486317,0.00
5732,1013213972,1.20
5733,88191401012,31.20
5734,61328055216,0.20
5735,1387804724,4.00
5736,42423507,1565.40
5737,69710051248,0.60
5738,1028468722,1.30
5739,1941375851,1.40
5740,199895486317,0.00
5741,77985876195,0.30
5742,199895486317,0.00
5743,607623093,2.00
5744,69710051248,0.60
5745,199895486317,0.00
5746,199895486317,0.00
5747,145365100988,1.00
5748,61328055216,0.20
5749,199895486317,0.00
5750,199895486317,0.00
5751,199895486317,0.00
5752,199895486317,0.00
5753,82277231083,0.10
5754,82277231083,0.10
5755,199895486317,0.00
5756,199895486317,0.00
5757,199895486317,0.00
5758,77985876195,0.30
5759,1832638588,199.80
5760,145365100988,1.00
5761,61328055216,0.20
5762,15857750773,4.50
5763,199895486317,0.00
5764,199895486317,0.00
5765,199895486317,0.00
5766,607623093,2.00
5767,1028468722,1.30
5768,613653834,3.00
5769,201809769462,0.90
5770,1142989829,1.50
5771,199895486317,0.00
5772,1013213972,1.20
5773,77985876195,0.30
5774,201809769462,0.90
5775,199895486317,0.00
5776,61328055216,0.20
5777,201809769462,0.90
5778,69710051248,0.60
5779,199895486317,0.00
5780,201809769462,0.90
5781,50039995,5000.00
5782,199895486317,0.00
5783,199895486317,0.00
5784,199895486317,0.00
5785,77985876195,0.30
5786,2382571516,1.70
5787,199895486317,0.00
5788,53370652,4525.20
5789,69710051248,0.60
5790,1028468722,1.30
5791,1940143777,202.00
5792,201809769462,0.90
5793,199895486317,0.00
5794,201809769462,0.90
5795,199895486317,0.00
5796,199895486317,0.00
5797,199895486317,0.00
5798,199895486317,0.00
5799,77985876195,0.30
5800,142183109073,0.50
5801,69710051248,0.60
5802,1142989829,1.50
5803,199895486317,0.00
5804,1028468722,1.30
5805,199895486317,0.00
5806,77985876195,0.30
5807,1573302157,1.60
5808,142183109073,0.50
5809,45694311104,12.70
5810,61328055216,0.20
5811,77985876195,0.30
5812,1028468722,1.30
5813,69710051248,0.60
5814,1649850112,1.10
5815,52517500,4086.40
5816,199895486317,0.00
5817,199895486317,0.00
5818,46713678,370.70
5819,77985876195,0.30
5820,199895486317,0.00
5821,199895486317,0.00
5822,199895486317,0.00
5823,290039092040,0.80
5824,34642695,1795.00
5825,199895486317,0.00
5826,1028468722,1.30
5827,199895486317,0.00
5828,199895486317,0.00
5829,24147180564,20.60
5830,199895486317,0.00
5831,61328055216,0.20
5832,51038685,631.90
5833,199895486317,0.00
5834,77985876195,0.30
5835,607623093,2.00
5836,199895486317,0.00
5837,10390231533,30.00
5838,199895486317,0.00
5839,199895486317,0.00
5840,2382571516,1.70
5841,77985876195,0.30
5842,125416058347,0.40
5843,199895486317,0.00
5844,1573302157,1.60
5845,69710051248,0.60
5846,8088943450,3.80
5847,199895486317,0.00
5848,199895486317,0.00
5849,199895486317,0.00
5850,42969528,1917.20
5851,199895486317,0.00
5852,39374905,1190.30
5853,199895486317,0.00
5854,199895486317,0.00
5855,5543205248,6.20
5856,1649850112,1.10
5857,607623093,2.00
5858,67679530,311.10
5859,613653834,3.00
5860,3249115344,5.00
5861,1941375851,1.40
5862,199895486317,0.00
5863,77985876195,0.30
5864,3680775865,2.30
5865,199895486317,0.00
5866,199895486317,0.00
5867,199895486317,0.00
5868,199895486317,0.00
5869,142183109073,0.50
5870,199895486317,0.00
5871,145365100988,1.00
5872,3446582951,3.20
5873,199895486317,0.00
5874,37236309,1133.10
5875,44896279,496.40
5876,1028468722,1.30
5877,199895486317,0.00
5878,45692211,825.70
5879,199895486317,0.00
5880,69710051248,0.60
5881,60836913,3205.20
5882,34870215,1594.00
5883,5740272443,4.30
5884,3446582951,3.20
5885,142183109073,0.50
5886,199895486317,0.00
5887,290039092040,0.80
5888,18082925432,20.40
5889,61328055216,0.20
5890,82277231083,0.10
5891,199895486317,0.00
5892,1010303329,6.00
5893,1010303329,6.00
5894,125416058347,0.40
5895,199895486317,0.00
5896,199895486317,0.00
5897,199895486317,0.00
5898,1142989829,1.50
5899,199895486317,0.00
5900,82277231083,0.10
5901,145365100988,1.00
5902,42507107,681.80
5903,199895486317,0.00
5904,199895486317,0.00
5905,199895486317,0.00
5906,77985876195,0.30
5907,199895486317,0.00
5908,82277231083,0.10
5909,142183109073,0.50
5910,199895486317,0.00
5911,61328055216,0.20
5912,199895486317,0.00
5913,199895486317,0.00
5914,199895486317,0.00
5915,19995030720,10.50
5916,51431409,350.60
5917,199895486317,0.00
5918,1573302157,1.60
5919,145365100988,1.00
5920,199895486317,0.00
5921,199895486317,0.00
5922,5740272443,4.30
5923,5225061529,167.20
5924,236069070886,0.70
5925,199895486317,0.00
5926,1013213972,1.20
5927,77985876195,0.30
5928,199895486317,0.00
5929,199895486317,0.00
5930,199895486317,0.00
5931,61328055216,0.20
5932,199895486317,0.00
5933,199895486317,0.00
5934,199895486317,0.00
5935,199895486317,0.00
5936,61328055216,0.20
5937,1387804724,4.00
5938,199895486317,0.00
5939,5105446122,2.90
5940,61328055216,0.20
5941,199895486317,0.00
5942,201809769462,0.90
5943,1649850112,1.10
5944,1941375851,1.40
5945,1142989829,1.50
5946,3249115344,5.00
5947,607623093,2.00
5948,199895486317,0.00
5949,142183109073,0.50
5950,199895486317,0.00
5951,199895486317,0.00
5952,1013213972,1.20
5953,122238884,291.20
5954,50661296,440.00
5955,50330645347,11.50
5956,77985876195,0.30
5957,199895486317,0.00
5958,125416058347,0.40
5959,199895486317,0.00
5960,199895486317,0.00
5961,56394499748,13.30
5962,199895486317,0.00
5963,1387804724,4.00
5964,5543205248,6.20
5965,199895486317,0.00
5966,61328055216,0.20
5967,34415188,1844.10
5968,199895486317,0.00
5969,199895486317,0.00
5970,199895486317,0.00
5971,199895486317,0.00
5972,199895486317,0.00
5973,1013213972,1.20
5974,199895486317,0.00
5975,199895486317,0.00
5976,199895486317,0.00
5977,28114884594,5.90
5978,55919643,353.00
5979,82277231083,0.10
5980,1013213972,1.20
5981,9293317046,3.50
5982,1387804724,4.00
5983,199895486317,0.00
5984,61328055216,0.20
5985,33914681,1270.30
5986,607623093,2.00
5987,199895486317,0.00
5988,199895486317,0.00
5989,199895486317,0.00
5990,59690213156,12.20
5991,199895486317,0.00
5992,142183109073,0.50
5993,77985876195,0.30
5994,199895486317,0.00
5995,199895486317,0.00
5996,199895486317,0.00
5997,1573302157,1.60
5998,145365100988,1.00
5999,1387804724,4.00
6000,9400696905,8.00
6001,199895486317,0.00
6002,61328055216,0.20
6003,2382571516,1.70
6004,199895486317,0.00
6005,122349819820,50.10
6006,199895486317,0.00
6007,81201158,308.50
6008,77985876195,0.30
6009,125416058347,0.40
6010,26131197072,112.00
6011,199895486317,0.00
6012,125416058347,0.40
6013,199895486317,0.00
6014,199895486317,0.00
6015,199895486317,0.00
6016,48365467,2890.10
6017,82277231083,0.10
6018,199895486317,0.00
6019,199895486317,0.00
6020,201809769462,0.90
6021,142183109073,0.50
6022,199895486317,0.00
6023,69710051248,0.60
6024,1013213972,1.20
6025,201809769462,0.90
6026,1013213972,1.20
6027,1010303329,6.00
6028,290039092040,0.80
6029,1013213972,1.20
6030,3680775865,2.30
6031,1013213972,1.20
6032,28114884594,5.90
6033,61328055216,0.20
6034,1010303329,6.00
6035,125416058347,0.40
6036,199895486317,0.00
6037,199895486317,0.00
6038,145365100988,1.00
6039,199895486317,0.00
6040,199895486317,0.00
6041,199895486317,0.00
6042,48365472,835.60
6043,1649850112,1.10
6044,199895486317,0.00
6045,77985876195,0.30
6046,77985876195,0.30
6047,125416058347,0.40
6048,69710051248,0.60
6049,46919859355,62.80
6050,199895486317,0.00
6051,199895486317,0.00
6052,61328055216,0.20
6053,61328055216,0.20
6054,125416058347,0.40
6055,199895486317,0.00
6056,69710051248,0.60
6057,199895486317,0.00
6058,4765291838,2.70
6059,199895486317,0.00
6060,77985876195,0.30
6061,236069070886,0.70
6062,10862339679,5.40
6063,36260270525,9.40
6064,61328055216,0.20
6065,14495505379,11.00
6066,61328055216,0.20
6067,236069070886,0.70
6068,49711497,337.20
6069,2382571516,1.70
6070,607623093,2.00
6071,125416058347,0.40
6072,69710051248,0.60
6073,199895486317,0.00
6074,61328055216,0.20
6075,199895486317,0.00
6076,199895486317,0.00
6077,3446582951,3.20
6078,199895486317,0.00
6079,4146951214,2.50
6080,82277231083,0.10
6081,199895486317,0.00
6082,199895486317,0.00
6083,199895486317,0.00
6084,1142989829,1.50
6085,199895486317,0.00
6086,199895486317,0.00
6087,45520799732,23.00
6088,77985876195,0.30
6089,77985876195,0.30
6090,199895486317,0.00
6091,199895486317,0.00
6092,199895486317,0.00
6093,69710051248,0.60
6094,44384049,735.20
6095,199895486317,0.00
6096,199895486317,0.00
6097,1028468722,1.30
6098,61328055216,0.20
6099,199895486317,0.00
6100,61328055216,0.20
6101,2515758418,194.50
6102,199895486317,0.00
6103,77985876195,0.30
6104,199895486317,0.00
6105,77985876195,0.30
6106,199895486317,0.00
6107,199895486317,0.00
6108,77985876195,0.30
6109,199895486317,0.00
6110,77985876195,0.30
6111,1142989829,1.50
6112,142183109073,0.50
6113,1013213972,1.20
6114,38904353757,17.90
6115,1013213972,1.20
6116,48194842,957.30
6117,42912813,452.40
6118,199895486317,0.00
6119,199895486317,0.00
6120,49047970,813.50
6121,199895486317,0.00
6122,125416058347,0.40
6123,4765291838,2.70
6124,1387804724,4.00
6125,51834969,617.40
6126,106085948744,16.30
6127,69710051248,0.60
6128,55582846538,20.70
6129,199895486317,0.00
6130,236069070886,0.70
6131,145365100988,1.00
6132,61328055216,0.20
6133,199895486317,0.00
6134,236069070886,0.70
6135,82277231083,0.10
6136,38904353757,17.90
6137,199895486317,0.00
6138,9121653333,20.00
6139,236069070886,0.70
6140,1649850112,1.10
6141,40466945,1040.10
6142,236069070886,0.70
6143,1013213972,1.20
6144,50039995,5000.00
6145,51600862748,56.60
6146,199895486317,0.00
6147,199895486317,0.00
6148,77985876195,0.30
6149,199895486317,0.00
6150,5543205248,6.20
6151,613653834,3.00
6152,607623093,2.00
6153,125416058347,0.40
6154,2249196949,10.00
6155,199895486317,0.00
6156,69710051248,0.60
6157,199895486317,0.00
6158,199895486317,0.00
6159,82277231083,0.10
6160,145365100988,1.00
6161,1010303329,6.00
6162,61328055216,0.20
6163,18192989079,5.20
6164,61328055216,0.20
6165,157928855,277.10
6166,35325242,1571.80
6167,199895486317,0.00
6168,69710051248,0.60
6169,199895486317,0.00
6170,3702511204,2.40
6171,125416058347,0.40
6172,199895486317,0.00
6173,199895486317,0.00
6174,199895486317,0.00
6175,31308228616,20.50
6176,236069070886,0.70
6177,69710051248,0.60
6178,1010303329,6.00
6179,201809769462,0.90
6180,290039092040,0.80
6181,32988604418,108.80
6182,199895486317,0.00
6183,142183109073,0.50
6184,199895486317,0.00
6185,49958009,937.20
6186,199895486317,0.00
6187,199895486317,0.00
6188,4952592720,2.20
6189,290039092040,0.80
6190,199895486317,0.00
6191,104172716099,21.20
6192,2010550974,2.10
6193,1010303329,6.00
6194,199895486317,0.00
6195,3249115344,5.00
6196,69710051248,0.60
6197,77985876195,0.30
6198,46101463,447.90
6199,199895486317,0.00
6200,3071747168,1.80
6201,199895486317,0.00
6202,6666058881,159.70
6203,77985876195,0.30
6204,77985876195,0.30
6205,61328055216,0.20
6206,44440928,589.40
6207,199895486317,0.00
6208,236069070886,0.70
6209,1013213972,1.20
6210,4146951214,2.50
6211,142183109073,0.50
6212,102235275,267.20
6213,199895486317,0.00
6214,1028468722,1.30
6215,61328055216,0.20
6216,607623093,2.00
6217,125416058347,0.40
6218,53029380,2795.40
6219,69710051248,0.60
6220,607623093,2.00
6221,199895486317,0.00
6222,199895486317,0.00
6223,39238400,1321.90
6224,199895486317,0.00
6225,199895486317,0.00
6226,61328055216,0.20
6227,199895486317,0.00
6228,199895486317,0.00
6229,199895486317,0.00
6230,199895486317,0.00
6231,15857750773,4.50
6232,199895486317,0.00
6233,199895486317,0.00
6234,199895486317,0.00
6235,142183109073,0.50
6236,69710051248,0.60
6237,1013213972,1.20
6238,199895486317,0.00
6239,607623093,2.00
6240,61328055216,0.20
6241,199895486317,0.00
6242,199895486317,0.00
6243,145365100988,1.00
6244,142183109073,0.50
6245,199895486317,0.00
6246,61328055216,0.20
6247,199895486317,0.00
6248,69710051248,0.60
6249,50039995,5000.00
6250,199895486317,0.00
6251,125416058347,0.40
6252,199895486317,0.00
6253,199895486317,0.00
6254,145365100988,1.00
6255,82277231083,0.10
6256,61328055216,0.20
6257,613653834,3.00
6258,4167436112,9.00
6259,77985876195,0.30
6260,199895486317,0.00
6261,290039092040,0.80
6262,199895486317,0.00
6263,199895486317,0.00
6264,69710051248,0.60
6265,45407848,535.20
6266,45917264425,47.90
6267,199895486317,0.00
6268,1387804724,4.00
6269,199895486317,0.00
6270,116786668381,20.70
6271,199895486317,0.00
6272,199895486317,0.00
6273,1010303329,6.00
6274,199895486317,0.00
6275,142183109073,0.50
6276,4167436112,9.00
6277,7797030925,156.00
6278,9400696905,8.00
6279,7636006180,4.60
6280,77985876195,0.30
6281,613653834,3.00
6282,77985876195,0.30
6283,199895486317,0.00
6284,52877498758,58.80
6285,199895486317,0.00
6286,61328055216,0.20
6287,199895486317,0.00
6288,199895486317,0.00
6289,1142989829,1.50
6290,199895486317,0.00
6291,2249196949,10.00
6292,145365100988,1.00
6293,1010303329,6.00
6294,199895486317,0.00
6295,4366741889,3.30
6296,36260270525,9.40
6297,236069070886,0.70
6298,199895486317,0.00
6299,199895486317,0.00
6300,42969537,1780.60
6301,1013213972,1.20
6302,82277231083,0.10
6303,1573302157,1.60
6304,236069070886,0.70
6305,61328055216,0.20
6306,613653834,3.00
6307,199895486317,0.00
6308,199895486317,0.00
6309,199895486317,0.00
6310,18192989079,5.20
6311,77985876195,0.30
6312,607623093,2.00
6313,77985876195,0.30
6314,199895486317,0.00
6315,1142989829,1.50
6316,199895486317,0.00
6317,199895486317,0.00
6318,199895486317,0.00
6319,236069070886,0.70
6320,236069070886,0.70
6321,61328055216,0.20
6322,46090371,743.20
6323,145365100988,1.00
6324,199895486317,0.00
6325,70458440534,40.30
6326,199895486317,0.00
6327,4211082918,3.60
6328,613653834,3.00
6329,199895486317,0.00
6330,199895486317,0.00
6331,201809769462,0.90
6332,607623093,2.00
6333,199895486317,0.00
6334,199895486317,0.00
6335,199895486317,0.00
6336,199895486317,0.00
6337,199895486317,0.00
6338,199895486317,0.00
6339,199895486317,0.00
6340,199895486317,0.00
6341,82277231083,0.10
6342,69710051248,0.60
6343,199895486317,0.00
6344,69710051248,0.60
6345,4211082918,3.60
6346,201809769462,0.90
6347,199895486317,0.00
6348,125416058347,0.40
6349,3249115344,5.00
6350,199895486317,0.00
6351,199895486317,0.00
6352,199895486317,0.00
6353,199895486317,0.00
6354,199895486317,0.00
6355,199895486317,0.00
6356,35416229,1692.90
6357,82277231083,0.10
6358,10029097603,4.40
6359,3446582951,3.20
6360,82277231083,0.10
6361,199895486317,0.00
6362,69710051248,0.60
6363,77985876195,0.30
6364,77985876195,0.30
6365,199895486317,0.00
6366,199895486317,0.00
6367,607623093,2.00
6368,2382571516,1.70
6369,199895486317,0.00
6370,199895486317,0.00
6371,199895486317,0.00
6372,1573302157,1.60
6373,77985876195,0.30
6374,53043877,375.50
6375,199895486317,0.00
6376,290039092040,0.80
6377,61328055216,0.20
6378,42791705,500.60
6379,199895486317,0.00
6380,199895486317,0.00
6381,69710051248,0.60
6382,69710051248,0.60
6383,77985876195,0.30
6384,199895486317,0.00
6385,31308228616,20.50
6386,1387804724,4.00
6387,1142989829,1.50
6388,13529583927,20.20
6389,199895486317,0.00
6390,2249196949,10.00
6391,199895486317,0.00
6392,199895486317,0.00
6393,1573302157,1.60
6394,53431993,347.60
6395,199895486317,0.00
6396,79040813,308.00
6397,82277231083,0.10
6398,199895486317,0.00
6399,3702511204,2.40
6400,2249196949,10.00
6401,613653834,3.00
6402,82277231083,0.10
6403,199895486317,0.00
6404,77985876195,0.30
6405,15857750773,4.50
6406,1941375851,1.40
6407,199895486317,0.00
6408,145365100988,1.00
6409,1010303329,6.00
6410,61328055216,0.20
6411,199895486317,0.00
6412,40102933,1870.60
6413,69710051248,0.60
6414,1387804724,4.00
6415,201809769462,0.90
6416,199895486317,0.00
6417,199895486317,0.00
6418,61328055216,0.20
6419,199895486317,0.00
6420,199895486317,0.00
6421,199895486317,0.00
6422,199895486317,0.00
6423,61328055216,0.20
6424,145365100988,1.00
6425,607623093,2.00
6426,1573302157,1.60
6427,199895486317,0.00
6428,77985876195,0.30
6429,77985876195,0.30
6430,199895486317,0.00
6431,22846112,898.70
6432,50937907725,83.00
6433,199895486317,0.00
6434,82277231083,0.10
6435,199895486317,0.00
6436,3446582951,3.20
6437,1013213972,1.20
6438,199895486317,0.00
6439,1028468722,1.30
6440,199895486317,0.00
6441,236069070886,0.70
6442,199895486317,0.00
6443,236069070886,0.70
6444,1010303329,6.00
6445,125416058347,0.40
6446,26612083814,9.10
6447,39329387,1568.00
6448,199895486317,0.00
6449,39920907,1998.60
6450,201809769462,0.90
6451,201809769462,0.90
6452,199895486317,0.00
6453,1387804724,4.00
6454,145365100988,1.00
6455,1387804724,4.00
6456,82277231083,0.10
6457,77985876195,0.30
6458,10029097603,4.40
6459,77985876195,0.30
6460,6032980789,143.00
6461,199895486317,0.00
6462,145365100988,1.00
6463,199895486317,0.00
6464,142183109073,0.50
6465,50039995,5000.00
6466,199895486317,0.00
6467,199895486317,0.00
6468,199895486317,0.00
6469,199895486317,0.00
6470,199895486317,0.00
6471,199895486317,0.00
6472,61328055216,0.20
6473,199895486317,0.00
6474,613653834,3.00
6475,36562338052,11.70
6476,77985876195,0.30
6477,236069070886,0.70
6478,199895486317,0.00
6479,199895486317,0.00
6480,199895486317,0.00
6481,1573302157,1.60
6482,199895486317,0.00
6483,82277231083,0.10
6484,199895486317,0.00
6485,199895486317,0.00
6486,2249196949,10.00
6487,69710051248,0.60
6488,61328055216,0.20
6489,199895486317,0.00
6490,199895486317,0.00
6491,69710051248,0.60
6492,53143138,764.50
6493,102607594719,20.30
6494,40921966,1705.90
6495,236069070886,0.70
6496,607623093,2.00
6497,77985876195,0.30
6498,69710051248,0.60
6499,199895486317,0.00
6500,77985876195,0.30
6501,201809769462,0.90
6502,199895486317,0.00
6503,199895486317,0.00
6504,199895486317,0.00
6505,199895486317,0.00
6506,125416058347,0.40
6507,199895486317,0.00
6508,15963211823,12.00
6509,11748649485,3.90
6510,199895486317,0.00
6511,199895486317,0.00
6512,1028468722,1.30
6513,199895486317,0.00
6514,1941375851,1.40
6515,199895486317,0.00
6516,1158496007,217.20
6517,2249196949,10.00
6518,236069070886,0.70
6519,77985876195,0.30
6520,199895486317,0.00
6521,199895486317,0.00
6522,4211082918,3.60
6523,82277231083,0.10
6524,82277231083,0.10
6525,199895486317,0.00
6526,5094763865,4.20
6527,201809769462,0.90
6528,145365100988,1.00
6529,199895486317,0.00
6530,1028468722,1.30
6531,3446582951,3.20
6532,77985876195,0.30
6533,77985876195,0.30
6534,46716021,4442.60
6535,199895486317,0.00
6536,142183109073,0.50
6537,199895486317,0.00
6538,38874372,1510.60
6539,199895486317,0.00
6540,199895486317,0.00
6541,2010550974,2.10
6542,1649850112,1.10
6543,15963211823,12.00
6544,61328055216,0.20
6545,199895486317,0.00
6546,1013213972,1.20
6547,199895486317,0.00
6548,69710051248,0.60
6549,69710051248,0.60
6550,4123564983,2.60
6551,199895486317,0.00
6552,1573302157,1.60
6553,199895486317,0.00
6554,77985876195,0.30
6555,199895486317,0.00
6556,1649850112,1.10
6557,607623093,2.00
6558,199895486317,0.00
6559,3071747168,1.80
6560,125416058347,0.40
6561,7740131935,10.30
6562,199895486317,0.00
6563,199895486317,0.00
6564,125416058347,0.40
6565,199895486317,0.00
6566,199895486317,0.00
6567,82277231083,0.10
6568,3680775865,2.30
6569,46943516,787.10
6570,199895486317,0.00
6571,199895486317,0.00
6572,199895486317,0.00
6573,199895486317,0.00
6574,82277231083,0.10
6575,142183109073,0.50
6576,607623093,2.00
6577,199895486317,0.00
6578,44213420,560.90
6579,1142989829,1.50
6580,199895486317,0.00
6581,199895486317,0.00
6582,5105446122,2.90
6583,199895486317,0.00
6584,52005598,758.80
6585,199895486317,0.00
6586,199895486317,0.00
6587,1028468722,1.30
6588,199895486317,0.00
6589,199895486317,0.00
6590,199895486317,0.00
6591,44952816,2723.30
6592,199895486317,0.00
6593,199895486317,0.00
6594,290039092040,0.80
6595,613653834,3.00
6596,35945930144,14.80
6597,199895486317,0.00
6598,77985876195,0.30
6599,199895486317,0.00
6600,82277231083,0.10
6601,199895486317,0.00
6602,199895486317,0.00
6603,236069070886,0.70
6604,1387804724,4.00
6605,3702511204,2.40
6606,61328055216,0.20
6607,55760675,363.10
6608,25661536,912.30
6609,199895486317,0.00
6610,3249115344,5.00
6611,199895486317,0.00
6612,77985876195,0.30
6613,199895486317,0.00
6614,3702511204,2.40
6615,613653834,3.00
6616,1013213972,1.20
6617,61328055216,0.20
6618,199895486317,0.00
6619,12764397385,7.00
6620,199895486317,0.00
6621,199895486317,0.00
6622,19528195,1264.20
6623,199895486317,0.00
6624,145365100988,1.00
6625,142183109073,0.50
6626,199895486317,0.00
6627,199895486317,0.00
6628,199895486317,0.00
6629,613653834,3.00
6630,145365100988,1.00
6631,199895486317,0.00
6632,125416058347,0.40
6633,49446117,2938.00
6634,9121653333,20.00
6635,199895486317,0.00
6636,199895486317,0.00
6637,199895486317,0.00
6638,142183109073,0.50
6639,199895486317,0.00
6640,10029097603,4.40
6641,199895486317,0.00
6642,199895486317,0.00
6643,3249115344,5.00
6644,199895486317,0.00
6645,199895486317,0.00
6646,145365100988,1.00
6647,199895486317,0.00
6648,82277231083,0.10
6649,77985876195,0.30
6650,61328055216,0.20
6651,61246432,3147.40
6652,45117639699,89.90
6653,199895486317,0.00
6654,199895486317,0.00
6655,199895486317,0.00
6656,273022833,256.70
6657,156623506,274.00
6658,613653834,3.00
6659,199895486317,0.00
6660,77985876195,0.30
6661,4952592720,2.20
6662,199895486317,0.00
6663,199895486317,0.00
6664,77985876195,0.30
6665,613653834,3.00
6666,236069070886,0.70
6667,199895486317,0.00
6668,199895486317,0.00
6669,13529583927,20.20
6670,199895486317,0.00
6671,10539262715,6.60
6672,77985876195,0.30
6673,59540120,3486.00
6674,1387804724,4.00
6675,607623093,2.00
6676,199895486317,0.00
6677,199895486317,0.00
6678,199895486317,0.00
6679,199895486317,0.00
6680,199895486317,0.00
6681,199895486317,0.00
6682,199895486317,0.00
6683,199895486317,0.00
6684,61328055216,0.20
6685,199895486317,0.00
6686,12948858777,6.30
6687,2382571516,1.70
6688,236069070886,0.70
6689,77985876195,0.30
6690,1573302157,1.60
6691,45009713,2125.00
6692,199895486317,0.00
6693,199895486317,0.00
6694,51948711,919.40
6695,199895486317,0.00
6696,199895486317,0.00
6697,77985876195,0.30
6698,69710051248,0.60
6699,5740272443,4.30
6700,199895486317,0.00
6701,1142989829,1.50
6702,199895486317,0.00
6703,3249115344,5.00
6704,199895486317,0.00
6705,199895486317,0.00
6706,125416058347,0.40
6707,199895486317,0.00
6708,3702511204,2.40
6709,607623093,2.00
6710,1387804724,4.00
6711,199895486317,0.00
6712,199895486317,0.00
6713,82277231083,0.10
6714,44554673,937.90
6715,199895486317,0.00
6716,145365100988,1.00
6717,82277231083,0.10
6718,199895486317,0.00
6719,69710051248,0.60
6720,199895486317,0.00
6721,10539262715,6.60
6722,199895486317,0.00
6723,61328055216,0.20
6724,73718095332,20.80
6725,3868913531,1.90
6726,199895486317,0.00
6727,199895486317,0.00
6728,77985876195,0.30
6729,15963211823,12.00
6730,77985876195,0.30
6731,9400696905,8.00
6732,69710051248,0.60
6733,199895486317,0.00
6734,199895486317,0.00
6735,199895486317,0.00
6736,607623093,2.00
6737,1387804724,4.00
6738,82277231083,0.10
6739,199895486317,0.00
6740,3446582951,3.20
6741,77985876195,0.30
6742,61328055216,0.20
6743,125416058347,0.40
6744,199895486317,0.00
6745,199895486317,0.00
6746,199895486317,0.00
6747,11250685307,7.20
6748,199895486317,0.00
6749,199895486317,0.00
6750,61328055216,0.20
6751,199895486317,0.00
6752,199895486317,0.00
6753,199895486317,0.00
6754,3936171009,3.10
6755,7271372633,154.10
6756,199895486317,0.00
6757,1387804724,4.00
6758,199895486317,0.00
6759,199895486317,0.00
6760,69710051248,0.60
6761,2249196949,10.00
6762,82277231083,0.10
6763,77985876195,0.30
6764,1142989829,1.50
6765,199895486317,0.00
6766,7636006180,4.60
6767,1387804724,4.00
6768,199895486317,0.00
6769,199895486317,0.00
6770,48046572,418.50
6771,82277231083,0.10
6772,61328055216,0.20
6773,125416058347,0.40
6774,4952592720,2.20
6775,199895486317,0.00
6776,9463637534,5.10
6777,11250685307,7.20
6778,199895486317,0.00
6779,10390231533,30.00
6780,199895486317,0.00
6781,199895486317,0.00
6782,199895486317,0.00
6783,4952592720,2.20
6784,145365100988,1.00
6785,2249196949,10.00
6786,199895486317,0.00
6787,199895486317,0.00
6788,199895486317,0.00
6789,1649850112,1.10
6790,199895486317,0.00
6791,199895486317,0.00
6792,82277231083,0.10
6793,8269449311,4.10
6794,35234222,1053.30
6795,199895486317,0.00
6796,199895486317,0.00
6797,199895486317,0.00
6798,199895486317,0.00
6799,199895486317,0.00
6800,1013213972,1.20
6801,26612083814,9.10
6802,47683347,493.30
6803,1013213972,1.20
6804,199895486317,0.00
6805,69710051248,0.60
6806,5649136660,6.10
6807,82277231083,0.10
6808,61328055216,0.20
6809,199895486317,0.00
6810,39010872,1197.60
6811,199895486317,0.00
6812,3702511204,2.40
6813,125416058347,0.40
6814,199895486317,0.00
6815,142183109073,0.50
6816,77985876195,0.30
6817,49218614,771.20
6818,69710051248,0.60
6819,199895486317,0.00
6820,25661536,912.30
6821,45237224,762.70
6822,2249196949,10.00
6823,199895486317,0.00
6824,199895486317,0.00
6825,199895486317,0.00
6826,199895486317,0.00
6827,199895486317,0.00
6828,145365100988,1.00
6829,199895486317,0.00
6830,199895486317,0.00
6831,11168912027,10.20
6832,199895486317,0.00
6833,50039995,5000.00
6834,69710051248,0.60
6835,199895486317,0.00
6836,199895486317,0.00
6837,199895486317,0.00
6838,1941375851,1.40
6839,142183109073,0.50
6840,1387804724,4.00
6841,1573302157,1.60
6842,199895486317,0.00
6843,1142989829,1.50
6844,61328055216,0.20
6845,1013213972,1.20
6846,199895486317,0.00
6847,1142989829,1.50
6848,125416058347,0.40
6849,41740990,1726.30
6850,199895486317,0.00
6851,199895486317,0.00
6852,145365100988,1.00
6853,199895486317,0.00
6854,3446582951,3.20
6855,21367302,848.30
6856,61328055216,0.20
6857,199895486317,0.00
6858,236069070886,0.70
6859,61328055216,0.20
6860,199895486317,0.00
6861,199895486317,0.00
6862,142183109073,0.50
6863,199895486317,0.00
6864,199895486317,0.00
6865,199895486317,0.00
6866,4952592720,2.20
6867,145365100988,1.00
6868,8567132283,2.80
6869,199895486317,0.00
6870,48073004,379.70
6871,142183109073,0.50
6872,199895486317,0.00
6873,216882621,269.10
6874,1013213972,1.20
6875,199895486317,0.00
6876,26568486,427.10
6877,199895486317,0.00
6878,199895486317,0.00
6879,199895486317,0.00
6880,199895486317,0.00
6881,199895486317,0.00
6882,199895486317,0.00
6883,613653834,3.00
6884,290039092040,0.80
6885,199895486317,0.00
6886,199895486317,0.00
6887,199895486317,0.00
6888,55966602576,16.30
6889,69710051248,0.60
6890,1142989829,1.50
6891,142183109073,0.50
6892,13529583927,20.20
6893,3446582951,3.20
6894,1573302157,1.60
6895,1028468722,1.30
6896,199895486317,0.00
6897,199895486317,0.00
6898,125416058347,0.40
6899,125416058347,0.40
6900,77985876195,0.30
6901,199895486317,0.00
6902,82277231083,0.10
6903,199895486317,0.00
6904,236069070886,0.70
6905,199895486317,0.00
6906,4146951214,2.50
6907,199895486317,0.00
6908,199895486317,0.00
6909,145365100988,1.00
6910,8190277133,3.40
6911,199895486317,0.00
6912,39966409,1901.10
6913,23430241304,7.60
6914,199895486317,0.00
6915,1649850112,1.10
6916,151937385483,21.80
6917,37863364530,8.40
6918,199895486317,0.00
6919,77985876195,0.30
6920,199895486317,0.00
6921,3680775865,2.30
6922,199895486317,0.00
6923,21691198350,6.40
6924,199895486317,0.00
6925,2382571516,1.70
6926,2249196949,10.00
6927,125416058347,0.40
6928,201809769462,0.90
6929,35325223,1048.80
6930,199895486317,0.00
6931,17338291221,15.00
6932,145365100988,1.00
6933,142183109073,0.50
6934,199895486317,0.00
6935,82277231083,0.10
6936,3868913531,1.90
6937,1387804724,4.00
6938,199895486317,0.00
6939,199895486317,0.00
6940,15352640613,130.00
6941,607623093,2.00
6942,199895486317,0.00
6943,199895486317,0.00
6944,199895486317,0.00
6945,77985876195,0.30
6946,57090638627,11.40
6947,199895486317,0.00
6948,47967313,539.10
6949,199895486317,0.00
6950,199895486317,0.00
6951,61328055216,0.20
6952,3868913531,1.90
6953,145365100988,1.00
6954,199895486317,0.00
6955,77985876195,0.30
6956,199895486317,0.00
6957,82277231083,0.10
6958,7636006180,4.60
6959,199895486317,0.00
6960,199895486317,0.00
6961,199895486317,0.00
6962,199895486317,0.00
6963,199895486317,0.00
6964,199895486317,0.00
6965,199895486317,0.00
6966,199895486317,0.00
6967,69710051248,0.60
6968,1142989829,1.50
6969,61328055216,0.20
6970,77985876195,0.30
6971,3249115344,5.00
6972,199895486317,0.00
6973,236069070886,0.70
6974,613653834,3.00
6975,199895486317,0.00
6976,201809769462,0.90
6977,84550308601,32.00
6978,73928147459,21.50
6979,20446449060,10.60
6980,145365100988,1.00
6981,43758391,838.90
6982,9121653333,20.00
6983,72266737,318.20
6984,2249196949,10.00
6985,199895486317,0.00
6986,145365100988,1.00
6987,39465894,1907.30
6988,199895486317,0.00
6989,1649850112,1.10
6990,1010303329,6.00
6991,199895486317,0.00
6992,145365100988,1.00
6993,199895486317,0.00
6994,82277231083,0.10
6995,45805974,795.60
6996,199895486317,0.00
6997,45180339,2477.90
6998,142183109073,0.50
6999,77985876195,0.30
7000,97521350898,70.00
7001,3702511204,2.40
7002,42393341,774.80
7003,72717526513,17.50
7004,199895486317,0.00
7005,199895486317,0.00
7006,199895486317,0.00
7007,82277231083,0.10
7008,199895486317,0.00
7009,199895486317,0.00
7010,201809769462,0.90
7011,607623093,2.00
7012,199895486317,0.00
7013,82277231083,0.10
7014,125416058347,0.40
7015,199895486317,0.00
7016,3680775865,2.30
7017,199895486317,0.00
7018,199895486317,0.00
7019,1028468722,1.30
7020,37736818,1020.90
7021,61328055216,0.20
7022,69710051248,0.60
7023,77985876195,0.30
7024,70966059228,9.80
7025,23430241304,7.60
7026,4366741889,3.30
7027,1573302157,1.60
7028,9121653333,20.00
7029,5649136660,6.10
7030,199895486317,0.00
7031,199895486317,0.00
7032,201809769462,0.90
7033,145365100988,1.00
7034,96507093320,11.10
7035,236069070886,0.70
7036,109666006,294.10
7037,199895486317,0.00
7038,8269449311,4.10
7039,1649850112,1.10
7040,199895486317,0.00
7041,201809769462,0.90
7042,3249115344,5.00
7043,61328055216,0.20
7044,607623093,2.00
7045,11168912027,10.20
7046,236069070886,0.70
7047,290039092040,0.80
7048,1013213972,1.20
7049,125416058347,0.40
7050,3446582951,3.20
7051,4167436112,9.00
7052,199895486317,0.00
7053,199895486317,0.00
7054,199895486317,0.00
7055,199895486317,0.00
7056,61328055216,0.20
7057,199895486317,0.00
7058,199895486317,0.00
7059,69710051248,0.60
7060,52263878309,46.30
7061,4366741889,3.30
7062,77985876195,0.30
7063,102568592333,16.70
7064,82277231083,0.10
7065,125416058347,0.40
7066,199895486317,0.00
7067,199895486317,0.00
7068,106167412487,24.40
7069,199895486317,0.00
7070,199895486317,0.00
7071,199895486317,0.00
7072,50437445791,7.80
7073,199895486317,0.00
7074,11168912027,10.20
7075,142183109073,0.50
7076,199895486317,0.00
7077,61328055216,0.20
7078,199895486317,0.00
7079,199895486317,0.00
7080,145365100988,1.00
7081,82277231083,0.10
7082,607623093,2.00
7083,3249115344,5.00
7084,199895486317,0.00
7085,82277231083,0.10
7086,142183109073,0.50
7087,69710051248,0.60
7088,1142989829,1.50
7089,199895486317,0.00
7090,199895486317,0.00
7091,199895486317,0.00
7092,199895486317,0.00
7093,1387804724,4.00
7094,199895486317,0.00
7095,199895486317,0.00
7096,199895486317,0.00
7097,199895486317,0.00
7098,199895486317,0.00
7099,69710051248,0.60
7100,199895486317,0.00
7101,125416058347,0.40
7102,199895486317,0.00
7103,199895486317,0.00
7104,50322648407,21.70
7105,199895486317,0.00
7106,290039092040,0.80
7107,199895486317,0.00
7108,3936171009,3.10
7109,8567132283,2.80
7110,2010550974,2.10
7111,61328055216,0.20
7112,199895486317,0.00
7113,199895486317,0.00
7114,199895486317,0.00
7115,199895486317,0.00
7116,199895486317,0.00
7117,69710051248,0.60
7118,45520799732,23.00
7119,199895486317,0.00
7120,69710051248,0.60
7121,142183109073,0.50
7122,613653834,3.00
7123,77985876195,0.30
7124,199895486317,0.00
7125,82277231083,0.10
7126,82277231083,0.10
7127,199895486317,0.00
7128,199895486317,0.00
7129,199895486317,0.00
7130,125416058347,0.40
7131,613653834,3.00
7132,125416058347,0.40
7133,199895486317,0.00
7134,82277231083,0.10
7135,125416058347,0.40
7136,290039092040,0.80
7137,199895486317,0.00
7138,15963211823,12.00
7139,69710051248,0.60
7140,1013213972,1.20
7141,61328055216,0.20
7142,199895486317,0.00
7143,82277231083,0.10
7144,145365100988,1.00
7145,607623093,2.00
7146,5105446122,2.90
7147,1142989829,1.50
7148,100456105079,10.90
7149,199895486317,0.00
7150,125416058347,0.40
7151,44087362144,60.00
7152,203076021944,13.40
7153,69710051248,0.60
7154,3702511204,2.40
7155,77985876195,0.30
7156,82277231083,0.10
7157,69710051248,0.60
7158,125416058347,0.40
7159,50039995,5000.00
7160,613653834,3.00
7161,142183109073,0.50
7162,199895486317,0.00
7163,4123564983,2.60
7164,69710051248,0.60
7165,199895486317,0.00
7166,199895486317,0.00
7167,199895486317,0.00
7168,21104504642,124.00
7169,199895486317,0.00
7170,77985876195,0.30
7171,57902028,3338.10
7172,50754301,2708.40
7173,77985876195,0.30
7174,199895486317,0.00
7175,607623093,2.00
7176,607623093,2.00
7177,199895486317,0.00
7178,69710051248,0.60
7179,3935347230,3.70
7180,199895486317,0.00
7181,199895486317,0.00
7182,48536074,918.70
7183,199895486317,0.00
7184,41604484,1499.80
7185,199895486317,0.00
7186,199895486317,0.00
7187,49100243154,68.90
7188,199895486317,0.00
7189,82277231083,0.10
7190,199895486317,0.00
7191,199895486317,0.00
7192,61328055216,0.20
7193,39930664939,22.30
7194,4366741889,3.30
7195,42014008,1210.20
7196,199895486317,0.00
7197,5094763865,4.20
7198,199895486317,0.00
7199,36554426846,13.00
7200,1013213972,1.20
7201,199895486317,0.00
7202,77985876195,0.30
7203,236069070886,0.70
7204,3680775865,2.30
7205,199895486317,0.00
7206,69710051248,0.60
7207,199895486317,0.00
7208,199895486317,0.00
7209,199895486317,0.00
7210,290039092040,0.80
7211,1142989829,1.50
7212,125416058347,0.40
7213,199895486317,0.00
7214,2382571516,1.70
7215,61328055216,0.20
7216,1387804724,4.00
7217,199895486317,0.00
7218,43360242,655.70
7219,3680775865,2.30
7220,51038699,2586.00
7221,199895486317,0.00
7222,142183109073,0.50
7223,13629593464,4.80
7224,46943535,855.80
7225,199895486317,0.00
7226,199895486317,0.00
7227,41953454076,99.80
7228,142183109073,0.50
7229,199895486317,0.00
7230,199895486317,0.00
7231,199895486317,0.00
7232,3071747168,1.80
7233,290039092040,0.80
7234,199895486317,0.00
7235,125416058347,0.40
7236,199895486317,0.00
7237,199895486317,0.00
7238,401430595,251.90
7239,199895486317,0.00
7240,199895486317,0.00
7241,199895486317,0.00
7242,199895486317,0.00
7243,199895486317,0.00
7244,1142989829,1.50
7245,61328055216,0.20
7246,1649850112,1.10
7247,199895486317,0.00
7248,61328055216,0.20
7249,7636006180,4.60
7250,1028468722,1.30
7251,199895486317,0.00
7252,199895486317,0.00
7253,199895486317,0.00
7254,3071747168,1.80
7255,82277231083,0.10
7256,82277231083,0.10
7257,199895486317,0.00
7258,199895486317,0.00
7259,199895486317,0.00
7260,199895486317,0.00
7261,36917791,1393.90
7262,44049186,410.40
7263,145365100988,1.00
7264,199895486317,0.00
7265,199895486317,0.00
7266,82277231083,0.10
7267,4952592720,2.20
7268,2382571516,1.70
7269,61328055216,0.20
7270,69710051248,0.60
7271,13529583927,20.20
7272,199895486317,0.00
7273,45239583,469.70
7274,199895486317,0.00
7275,199895486317,0.00
7276,613653834,3.00
7277,12948858777,6.30
7278,199895486317,0.00
7279,125416058347,0.40
7280,199895486317,0.00
7281,8269449311,4.10
7282,125416058347,0.40
7283,16795297664,5.30
7284,236069070886,0.70
7285,3205185807,181.10
7286,5105446122,2.90
7287,10539262715,6.60
7288,73718095332,20.80
7289,69710051248,0.60
7290,77985876195,0.30
7291,69710051248,0.60
7292,11903153847,6.50
7293,1010303329,6.00
7294,2010550974,2.10
7295,199895486317,0.00
7296,199895486317,0.00
7297,199895486317,0.00
7298,10673558142,5.50
7299,199895486317,0.00
7300,199895486317,0.00
7301,199895486317,0.00
7302,69710051248,0.60
7303,3071747168,1.80
7304,199895486317,0.00
7305,199895486317,0.00
7306,3249115344,5.00
7307,77985876195,0.30
7308,199895486317,0.00
7309,199895486317,0.00
7310,199895486317,0.00
7311,199895486317,0.00
7312,3868913531,1.90
7313,199895486317,0.00
7314,142183109073,0.50
7315,69710051248,0.60
7316,3093697402,188.30
7317,199895486317,0.00
7318,4366741889,3.30
7319,607623093,2.00
7320,199895486317,0.00
7321,199895486317,0.00
7322,199895486317,0.00
7323,1941375851,1.40
7324,607623093,2.00
7325,199895486317,0.00
7326,199895486317,0.00
7327,199895486317,0.00
7328,74681747625,44.50
7329,199895486317,0.00
7330,82277231083,0.10
7331,42919996043,6.70
7332,145365100988,1.00
7333,1573302157,1.60
7334,49047975,809.00
7335,199895486317,0.00
7336,77985876195,0.30
7337,199895486317,0.00
7338,77985876195,0.30
7339,82277231083,0.10
7340,607623093,2.00
7341,52858771,2549.50
7342,201809769462,0.90
7343,1387804724,4.00
7344,82277231083,0.10
7345,199895486317,0.00
7346,48537928,345.00
7347,1013213972,1.20
7348,199895486317,0.00
7349,77985876195,0.30
7350,199895486317,0.00
7351,199895486317,0.00
7352,69710051248,0.60
7353,5543205248,6.20
7354,199895486317,0.00
7355,69710051248,0.60
7356,43075877,732.20
7357,199895486317,0.00
7358,125416058347,0.40
7359,386278496,252.90
7360,45635359,869.90
7361,69710051248,0.60
7362,199895486317,0.00
7363,61328055216,0.20
7364,199895486317,0.00
7365,199895486317,0.00
7366,145365100988,1.00
7367,45294097,2897.90
7368,1028468722,1.30
7369,199895486317,0.00
7370,199895486317,0.00
7371,199895486317,0.00
7372,236069070886,0.70
7373,54077897300,42.00
7374,40057433,1192.90
7375,3680775865,2.30
7376,5105446122,2.90
7377,199895486317,0.00
7378,61328055216,0.20
7379,108382519716,16.20
7380,199895486317,0.00
7381,236069070886,0.70
7382,45976602,706.30
7383,61328055216,0.20
7384,236069070886,0.70
7385,42241498,1298.10
7386,125416058347,0.40
7387,12764397385,7.00
7388,2010550974,2.10
7389,77985876195,0.30
7390,9121653333,20.00
7391,199895486317,0.00
7392,18192989079,5.20
7393,613653834,3.00
7394,199895486317,0.00
7395,199895486317,0.00
7396,1013213972,1.20
7397,199895486317,0.00
7398,199895486317,0.00
7399,199895486317,0.00
7400,199895486317,0.00
7401,82277231083,0.10
7402,199895486317,0.00
7403,82277231083,0.10
7404,199895486317,0.00
7405,42677743,794.90
7406,36554426846,13.00
7407,199895486317,0.00
7408,12948858777,6.30
7409,125416058347,0.40
7410,199895486317,0.00
7411,24239612,694.10
7412,142183109073,0.50
7413,3935347230,3.70
7414,199895486317,0.00
7415,199895486317,0.00
7416,199895486317,0.00
7417,199895486317,0.00
7418,125290651439,21.40
7419,199895486317,0.00
7420,4765291838,2.70
7421,1573302157,1.60
7422,199895486317,0.00
7423,2010550974,2.10
7424,236069070886,0.70
7425,77985876195,0.30
7426,236069070886,0.70
7427,199895486317,0.00
7428,4123564983,2.60
7429,82277231083,0.10
7430,2249196949,10.00
7431,77985876195,0.30
7432,199895486317,0.00
7433,4952592720,2.20
7434,2382571516,1.70
7435,50039995,5000.00
7436,613653834,3.00
7437,199895486317,0.00
7438,613653834,3.00
7439,61328055216,0.20
7440,142183109073,0.50
7441,77985876195,0.30
7442,199895486317,0.00
7443,145365100988,1.00
7444,77985876195,0.30
7445,53397356,3800.10
7446,52517487,890.60
7447,69710051248,0.60
7448,199895486317,0.00
7449,61328055216,0.20
7450,142183109073,0.50
7451,82277231083,0.10
7452,199895486317,0.00
7453,199895486317,0.00
7454,199895486317,0.00
7455,82277231083,0.10
7456,142183109073,0.50
7457,3680775865,2.30
7458,199895486317,0.00
7459,199895486317,0.00
7460,1142989829,1.50
7461,112515117891,15.50
7462,199895486317,0.00
7463,199895486317,0.00
7464,199895486317,0.00
7465,1013213972,1.20
7466,199895486317,0.00
7467,82277231083,0.10
7468,199895486317,0.00
7469,199895486317,0.00
7470,142183109073,0.50
7471,199895486317,0.00
7472,4167436112,9.00
7473,199895486317,0.00
7474,2010550974,2.10
7475,36144276,1003.60
7476,201809769462,0.90
7477,47153914681,77.60
7478,50437445791,7.80
7479,2010550974,2.10
7480,77985876195,0.30
7481,50039995,5000.00
7482,199895486317,0.00
7483,43214373346,8.60
7484,199895486317,0.00
7485,121416831079,30.40
7486,77985876195,0.30
7487,1013213972,1.20
7488,199895486317,0.00
7489,199895486317,0.00
7490,2010550974,2.10
7491,607623093,2.00
7492,77985876195,0.30
7493,61328055216,0.20
7494,2010550974,2.10
7495,199895486317,0.00
7496,42332499,1416.90
7497,53726297,336.30
7498,201809769462,0.90
7499,77985876195,0.30
7500,82277231083,0.10
7501,199895486317,0.00
7502,2249196949,10.00
7503,199895486317,0.00
7504,613653834,3.00
7505,82277231083,0.10
7506,1010303329,6.00
7507,1013213972,1.20
7508,236069070886,0.70
7509,199895486317,0.00
7510,613653834,3.00
7511,199895486317,0.00
7512,1010303329,6.00
7513,2382571516,1.70
7514,50039995,5000.00
7515,3446582951,3.20
7516,199895486317,0.00
7517,77985876195,0.30
7518,46838545894,61.80
7519,199895486317,0.00
7520,5543205248,6.20
7521,34051189,1090.20
7522,48991112,848.50
7523,125416058347,0.40
7524,199895486317,0.00
7525,199895486317,0.00
7526,199895486317,0.00
7527,77985876195,0.30
7528,1142989829,1.50
7529,26281619,372.20
7530,199895486317,0.00
7531,4765291838,2.70
7532,1142989829,1.50
7533,199895486317,0.00
7534,199895486317,0.00
7535,199895486317,0.00
7536,199895486317,0.00
7537,199895486317,0.00
7538,61328055216,0.20
7539,199895486317,0.00
7540,77985876195,0.30
7541,77985876195,0.30
7542,145365100988,1.00
7543,199895486317,0.00
7544,145365100988,1.00
7545,61328055216,0.20
7546,199895486317,0.00
7547,145365100988,1.00
7548,290039092040,0.80
7549,199895486317,0.00
7550,199895486317,0.00
7551,77985876195,0.30
7552,199895486317,0.00
7553,1649850112,1.10
7554,199895486317,0.00
7555,199895486317,0.00
7556,199895486317,0.00
7557,199895486317,0.00
7558,199895486317,0.00
7559,199895486317,0.00
7560,199895486317,0.00
7561,3071747168,1.80
7562,199895486317,0.00
7563,607623093,2.00
7564,77985876195,0.30
7565,1573302157,1.60
7566,199895486317,0.00
7567,199895486317,0.00
7568,69710051248,0.60
7569,61328055216,0.20
7570,199895486317,0.00
7571,199895486317,0.00
7572,201809769462,0.90
7573,199895486317,0.00
7574,199895486317,0.00
7575,61328055216,0.20
7576,3446582951,3.20
7577,199895486317,0.00
7578,199895486317,0.00
7579,61328055216,0.20
7580,1010303329,6.00
7581,613653834,3.00
7582,199895486317,0.00
7583,607623093,2.00
7584,199895486317,0.00
7585,199895486317,0.00
7586,1010303329,6.00
7587,199895486317,0.00
7588,199895486317,0.00
7589,199895486317,0.00
7590,199895486317,0.00
7591,199895486317,0.00
7592,199895486317,0.00
7593,82277231083,0.10
7594,142183109073,0.50
7595,69710051248,0.60
7596,37754706308,16.00
7597,4123564983,2.60
7598,43758402,650.90
7599,77985876195,0.30
7600,61328055216,0.20
7601,5649136660,6.10
7602,82277231083,0.10
7603,199895486317,0.00
7604,199895486317,0.00
7605,145365100988,1.00
7606,199895486317,0.00
7607,199895486317,0.00
7608,142183109073,0.50
7609,199895486317,0.00
7610,199895486317,0.00
7611,199895486317,0.00
7612,50039995,5000.00
7613,11168912027,10.20
7614,199895486317,0.00
7615,69710051248,0.60
7616,1941375851,1.40
7617,142183109073,0.50
7618,199895486317,0.00
7619,26959362805,9.30
7620,82277231083,0.10
7621,1941375851,1.40
7622,77985876195,0.30
7623,77985876195,0.30
7624,199895486317,0.00
7625,199895486317,0.00
7626,82277231083,0.10
7627,214049591833,16.60
7628,52956806,404.10
7629,145365100988,1.00
7630,199895486317,0.00
7631,613653834,3.00
7632,82277231083,0.10
7633,236069070886,0.70
7634,47437893635,10.20
7635,1013213972,1.20
7636,199895486317,0.00
7637,5740272443,4.30
7638,199895486317,0.00
7639,199895486317,0.00
7640,199895486317,0.00
7641,61328055216,0.20
7642,82277231083,0.10
7643,7636006180,4.60
7644,69710051248,0.60
7645,199895486317,0.00
7646,199895486317,0.00
7647,607623093,2.00
7648,199895486317,0.00
7649,199895486317,0.00
7650,199895486317,0.00
7651,77985876195,0.30
7652,199895486317,0.00
7653,199895486317,0.00
7654,77985876195,0.30
7655,77985876195,0.30
7656,201809769462,0.90
7657,51891853,600.90
7658,37054287,1524.10
7659,142183109073,0.50
7660,201809769462,0.90
7661,4765291838,2.70
7662,18377136867,129.00
7663,12948858777,6.30
7664,43215347121,39.80
7665,613653834,3.00
7666,199895486317,0.00
7667,36917806,1421.80
7668,199895486317,0.00
7669,199895486317,0.00
7670,199895486317,0.00
7671,199895486317,0.00
7672,199895486317,0.00
7673,199895486317,0.00
7674,199895486317,0.00
7675,613653834,3.00
7676,199895486317,0.00
7677,199895486317,0.00
7678,69710051248,0.60
7679,199895486317,0.00
7680,1649850112,1.10
7681,9463637534,5.10
7682,82277231083,0.10
7683,199895486317,0.00
7684,77985876195,0.30
7685,43818058,466.90
7686,613653834,3.00
7687,613653834,3.00
7688,1010303329,6.00
7689,61328055216,0.20
7690,82277231083,0.10
7691,61328055216,0.20
7692,199895486317,0.00
7693,145365100988,1.00
7694,613653834,3.00
7695,199895486317,0.00
7696,142183109073,0.50
7697,77985876195,0.30
7698,54077897300,42.00
7699,199895486317,0.00
7700,607623093,2.00
7701,607623093,2.00
7702,199895486317,0.00
7703,1573302157,1.60
7704,607623093,2.00
7705,199895486317,0.00
7706,199895486317,0.00
7707,2010550974,2.10
7708,1573302157,1.60
7709,8190277133,3.40
7710,199895486317,0.00
7711,8088943450,3.80
7712,61328055216,0.20
7713,61328055216,0.20
7714,199895486317,0.00
7715,1013213972,1.20
7716,290039092040,0.80
7717,199895486317,0.00
7718,61328055216,0.20
7719,69710051248,0.60
7720,199895486317,0.00
7721,199895486317,0.00
7722,82277231083,0.10
7723,199895486317,0.00
7724,145365100988,1.00
7725,199895486317,0.00
7726,199895486317,0.00
7727,199895486317,0.00
7728,199895486317,0.00
7729,103837612559,23.10
7730,199895486317,0.00
7731,290039092040,0.80
7732,1387804724,4.00
7733,12655113999,8.30
7734,199895486317,0.00
7735,42969542,1028.10
7736,82277231083,0.10
7737,4211082918,3.60
7738,26428012604,20.10
7739,199895486317,0.00
7740,4211082918,3.60
7741,199895486317,0.00
7742,142183109073,0.50
7743,199895486317,0.00
7744,199895486317,0.00
7745,199895486317,0.00
7746,613653834,3.00
7747,201809769462,0.90
7748,199895486317,0.00
7749,199895486317,0.00
7750,199895486317,0.00
7751,11748649485,3.90
7752,57090638627,11.40
7753,43474018,2093.50
7754,199895486317,0.00
7755,199895486317,0.00
7756,69710051248,0.60
7757,199895486317,0.00
7758,1142989829,1.50
7759,46489029,490.60
7760,199895486317,0.00
7761,236069070886,0.70
7762,199895486317,0.00
7763,69710051248,0.60
7764,199895486317,0.00
7765,199895486317,0.00
7766,236069070886,0.70
7767,61328055216,0.20
7768,199895486317,0.00
7769,39511394,1768.80
7770,1387804724,4.00
7771,199895486317,0.00
7772,199895486317,0.00
7773,199895486317,0.00
7774,582699822,236.60
7775,4765291838,2.70
7776,199895486317,0.00
7777,9121653333,20.00
7778,199895486317,0.00
7779,199895486317,0.00
7780,145365100988,1.00
7781,1010303329,6.00
7782,120140961513,8.70
7783,199895486317,0.00
7784,199895486317,0.00
7785,199895486317,0.00
7786,1028468722,1.30
7787,199895486317,0.00
7788,199895486317,0.00
7789,24147180564,20.60
7790,308874481,257.20
7791,1649850112,1.10
7792,1387804724,4.00
7793,199895486317,0.00
7794,199895486317,0.00
7795,613653834,3.00
7796,20456340633,6.90
7797,145365100988,1.00
7798,69710051248,0.60
7799,77985876195,0.30
7800,15963211823,12.00
7801,49906865,458.60
7802,199895486317,0.00
7803,145365100988,1.00
7804,199895486317,0.00
7805,199895486317,0.00
7806,199895486317,0.00
7807,85915261302,9.90
7808,82277231083,0.10
7809,93940225702,34.80
7810,199895486317,0.00
7811,82277231083,0.10
7812,3249115344,5.00
7813,43303383,807.20
7814,142183109073,0.50
7815,151140912,279.30
7816,5986321980,159.60
7817,199895486317,0.00
7818,145365100988,1.00
7819,3249115344,5.00
7820,199895486317,0.00
7821,82277231083,0.10
7822,121175893727,50.00
7823,199895486317,0.00
7824,199895486317,0.00
7825,199895486317,0.00
7826,199895486317,0.00
7827,613653834,3.00
7828,44327189,567.20
7829,3178184203,187.70
7830,199895486317,0.00
7831,61328055216,0.20
7832,199895486317,0.00
7833,199895486317,0.00
7834,199895486317,0.00
7835,37754706308,16.00
7836,199895486317,0.00
7837,21691198350,6.40
7838,199895486317,0.00
7839,199895486317,0.00
7840,199895486317,0.00
7841,77985876195,0.30
7842,199895486317,0.00
7843,82277231083,0.10
7844,199895486317,0.00
7845,42791492,2301.00
7846,1649850112,1.10
7847,199895486317,0.00
7848,61328055216,0.20
7849,3071747168,1.80
7850,48592956,711.00
7851,47114155,591.10
7852,199895486317,0.00
7853,82277231083,0.10
7854,3446582951,3.20
7855,65510341130,32.90
7856,77985876195,0.30
7857,199895486317,0.00
7858,607623093,2.00
7859,82277231083,0.10
7860,13629593464,4.80
7861,181632621,272.90
7862,69710051248,0.60
7863,61328055216,0.20
7864,125416058347,0.40
7865,4211082918,3.60
7866,199895486317,0.00
7867,199895486317,0.00
7868,199895486317,0.00
7869,142183109073,0.50
7870,613653834,3.00
7871,125416058347,0.40
7872,199895486317,0.00
7873,199895486317,0.00
7874,82277231083,0.10
7875,199895486317,0.00
7876,199895486317,0.00
7877,8088943450,3.80
7878,69710051248,0.60
7879,199895486317,0.00
7880,199895486317,0.00
7881,199895486317,0.00
7882,199895486317,0.00
7883,61328055216,0.20
7884,61328055216,0.20
7885,199895486317,0.00
7886,1941375851,1.40
7887,199895486317,0.00
7888,236069070886,0.70
7889,1028468722,1.30
7890,2010550974,2.10
7891,613653834,3.00
7892,199895486317,0.00
7893,199895486317,0.00
7894,125416058347,0.40
7895,69710051248,0.60
7896,199895486317,0.00
7897,3986814914,174.70
7898,199895486317,0.00
7899,199895486317,0.00
7900,77985876195,0.30
7901,1028468722,1.30
7902,82277231083,0.10
7903,53249382911,55.80
7904,69710051248,0.60
7905,145365100988,1.00
7906,199895486317,0.00
7907,125416058347,0.40
7908,31983184960,113.10
7909,199895486317,0.00
7910,42378006,1084.80
7911,199895486317,0.00
7912,199895486317,0.00
7913,38874380,1037.00
7914,145365100988,1.00
7915,1028468722,1.30
7916,77985876195,0.30
7917,199895486317,0.00
7918,199895486317,0.00
7919,607623093,2.00
7920,6032980789,143.00
7921,199895486317,0.00
7922,2382571516,1.70
7923,199895486317,0.00
7924,199895486317,0.00
7925,61328055216,0.20
7926,11903153847,6.50
7927,3868913531,1.90
7928,108328378821,28.30
7929,199895486317,0.00
7930,77985876195,0.30
7931,1028468722,1.30
7932,51599080,369.50
7933,199895486317,0.00
7934,199895486317,0.00
7935,607623093,2.00
7936,40284925,1494.80
7937,199895486317,0.00
7938,199895486317,0.00
7939,105775533069,30.20
7940,69710051248,0.60
7941,199895486317,0.00
7942,3680775865,2.30
7943,69710051248,0.60
7944,77985876195,0.30
7945,199895486317,0.00
7946,199895486317,0.00
7947,199895486317,0.00
7948,25377685843,115.20
7949,199895486317,0.00
7950,69710051248,0.60
7951,199895486317,0.00
7952,61328055216,0.20
7953,408627791,249.70
7954,199895486317,0.00
7955,199895486317,0.00
7956,61328055216,0.20
7957,52002528424,58.70
7958,46090382,658.00
7959,607623093,2.00
7960,1013213972,1.20
7961,125416058347,0.40
7962,125416058347,0.40
7963,69710051248,0.60
7964,1387804724,4.00
7965,5094763865,4.20
7966,199895486317,0.00
7967,199895486317,0.00
7968,51550588,2025.80
7969,53370669,909.90
7970,69710051248,0.60
7971,1010303329,6.00
7972,199895486317,0.00
7973,199895486317,0.00
7974,199895486317,0.00
7975,11903153847,6.50
7976,199895486317,0.00
7977,44725232334,21.60
7978,42849403,480.00
7979,199895486317,0.00
7980,199895486317,0.00
7981,199895486317,0.00
7982,1028468722,1.30
7983,199895486317,0.00
7984,1013213972,1.20
7985,125416058347,0.40
7986,22391509408,120.20
7987,61328055216,0.20
7988,199895486317,0.00
7989,199895486317,0.00
7990,236069070886,0.70
7991,199895486317,0.00
7992,199895486317,0.00
7993,145365100988,1.00
7994,199895486317,0.00
7995,77985876195,0.30
7996,199895486317,0.00
7997,199895486317,0.00
7998,199895486317,0.00
7999,125416058347,0.40
8000,3702511204,2.40
8001,61328055216,0.20
8002,199895486317,0.00
8003,199895486317,0.00
8004,52005590,573.40
8005,199895486317,0.00
8006,290039092040,0.80
8007,199895486317,0.00
8008,199895486317,0.00
8009,199895486317,0.00
8010,1028468722,1.30
8011,1010303329,6.00
8012,199895486317,0.00
8013,47682926,691.90
8014,290039092040,0.80
8015,145365100988,1.00
8016,145365100988,1.00
8017,199895486317,0.00
8018,201809769462,0.90
8019,145365100988,1.00
8020,63123595,320.40
8021,69710051248,0.60
8022,50946232,439.70
8023,199895486317,0.00
8024,199895486317,0.00
8025,1013213972,1.20
8026,607623093,2.00
8027,199895486317,0.00
8028,199895486317,0.00
8029,48308576,600.50
8030,125416058347,0.40
8031,199895486317,0.00
8032,3071747168,1.80
8033,125416058347,0.40
8034,145365100988,1.00
8035,42450226,753.00
8036,61328055216,0.20
8037,199895486317,0.00
8038,199895486317,0.00
8039,199895486317,0.00
8040,199895486317,0.00
8041,199895486317,0.00
8042,125416058347,0.40
8043,44087362144,60.00
8044,199895486317,0.00
8045,199895486317,0.00
8046,10390231533,30.00
8047,201809769462,0.90
8048,57083029,3855.40
8049,69710051248,0.60
8050,199895486317,0.00
8051,199895486317,0.00
8052,142183109073,0.50
8053,69710051248,0.60
8054,613653834,3.00
8055,199895486317,0.00
8056,1387804724,4.00
8057,199895486317,0.00
8058,607623093,2.00
8059,1028468722,1.30
8060,607623093,2.00
8061,199895486317,0.00
8062,39602401,1094.80
8063,42677737,2813.60
8064,1010303329,6.00
8065,49251591562,11.20
8066,1573302157,1.60
8067,199895486317,0.00
8068,199895486317,0.00
8069,1010303329,6.00
8070,199895486317,0.00
8071,4366741889,3.30
8072,199895486317,0.00
8073,77985876195,0.30
8074,61328055216,0.20
8075,77985876195,0.30
8076,290039092040,0.80
8077,49446138,981.50
8078,13274400589,40.00
8079,199895486317,0.00
8080,199895486317,0.00
8081,42787533,1409.30
8082,82277231083,0.10
8083,82277231083,0.10
8084,199895486317,0.00
8085,3680775865,2.30
8086,199895486317,0.00
8087,199895486317,0.00
8088,199895486317,0.00
8089,142183109073,0.50
8090,199895486317,0.00
8091,1387804724,4.00
8092,199895486317,0.00
8093,199895486317,0.00
8094,607623093,2.00
8095,199895486317,0.00
8096,3868913531,1.90
8097,77985876195,0.30
8098,199895486317,0.00
8099,83711601968,22.50
8100,77985876195,0.30
8101,199895486317,0.00
8102,11168912027,10.20
8103,145365100988,1.00
8104,201809769462,0.90
8105,145365100988,1.00
8106,199895486317,0.00
8107,199895486317,0.00
8108,145365100988,1.00
8109,24147180564,20.60
8110,69710051248,0.60
8111,35552745,1508.30
8112,82277231083,0.10
8113,3249115344,5.00
8114,199895486317,0.00
8115,199895486317,0.00
8116,2010550974,2.10
8117,1013213972,1.20
8118,69710051248,0.60
8119,199895486317,0.00
8120,199895486317,0.00
8121,47115505,477.90
8122,43985902,945.80
8123,77985876195,0.30
8124,199895486317,0.00
8125,145365100988,1.00
8126,199895486317,0.00
8127,199895486317,0.00
8128,1387804724,4.00
8129,199895486317,0.00
8130,3936171009,3.10
8131,199895486317,0.00
8132,199895486317,0.00
8133,49844252,2224.50
8134,145365100988,1.00
8135,199895486317,0.00
8136,2382571516,1.70
8137,61328055216,0.20
8138,199895486317,0.00
8139,1142989829,1.50
8140,142183109073,0.50
8141,199895486317,0.00
8142,77985876195,0.30
8143,38954726000,18.00
8144,201809769462,0.90
8145,199895486317,0.00
8146,199895486317,0.00
8147,607623093,2.00
8148,199895486317,0.00
8149,4765291838,2.70
8150,125416058347,0.40
8151,145365100988,1.00
8152,125416058347,0.40
8153,199895486317,0.00
8154,199895486317,0.00
8155,199895486317,0.00
8156,10029097603,4.40
8157,1941375851,1.40
8158,145365100988,1.00
8159,142183109073,0.50
8160,1387804724,4.00
8161,61328055216,0.20
8162,1013213972,1.20
8163,199895486317,0.00
8164,4146951214,2.50
8165,13767875730,7.50
8166,4123564983,2.60
8167,10029097603,4.40
8168,57090638627,11.40
8169,50811167,2213.70
8170,199895486317,0.00
8171,199895486317,0.00
8172,199895486317,0.00
8173,236069070886,0.70
8174,77985876195,0.30
8175,199895486317,0.00
8176,201809769462,0.90
8177,199895486317,0.00
8178,613653834,3.00
8179,1028468722,1.30
8180,1142989829,1.50
8181,199895486317,0.00
8182,18192989079,5.20
8183,61328055216,0.20
8184,61328055216,0.20
8185,199895486317,0.00
8186,69409027669,33.70
8187,199895486317,0.00
8188,199895486317,0.00
8189,52792009,408.60
8190,69710051248,0.60
8191,199895486317,0.00
8192,199895486317,0.00
8193,199895486317,0.00
8194,199895486317,0.00
8195,1013213972,1.20
8196,145365100988,1.00
8197,1028468722,1.30
8198,199895486317,0.00
8199,4211082918,3.60
8200,4366741889,3.30
8201,199895486317,0.00
8202,61328055216,0.20
8203,56394499748,13.30
8204,199895486317,0.00
8205,199895486317,0.00
8206,145365100988,1.00
8207,199895486317,0.00
8208,61328055216,0.20
8209,9463637534,5.10
8210,108165434,292.00
8211,3446582951,3.20
8212,36826791,1020.40
8213,201809769462,0.90
8214,607623093,2.00
8215,9121653333,20.00
8216,199895486317,0.00
8217,77985876195,0.30
8218,69710051248,0.60
8219,4952592720,2.20
8220,607623093,2.00
8221,2249196949,10.00
8222,199895486317,0.00
8223,1941375851,1.40
8224,199895486317,0.00
8225,201809769462,0.90
8226,613653834,3.00
8227,199895486317,0.00
8228,69710051248,0.60
8229,61328055216,0.20
8230,199895486317,0.00
8231,125416058347,0.40
8232,199895486317,0.00
8233,199895486317,0.00
8234,236069070886,0.70
8235,8269449311,4.10
8236,145365100988,1.00
8237,145365100988,1.00
8238,199895486317,0.00
8239,125416058347,0.40
8240,199895486317,0.00
8241,69710051248,0.60
8242,19118677,1371.50
8243,199895486317,0.00
8244,199895486317,0.00
8245,199895486317,0.00
8246,199895486317,0.00
8247,199895486317,0.00
8248,199895486317,0.00
8249,1941375851,1.40
8250,607623093,2.00
8251,7636006180,4.60
8252,3680775865,2.30
8253,50583727,522.10
8254,199895486317,0.00
8255,201809769462,0.90
8256,82277231083,0.10
8257,199895486317,0.00
8258,1013213972,1.20
8259,50039995,5000.00
8260,142183109073,0.50
8261,145365100988,1.00
8262,61328055216,0.20
8263,199895486317,0.00
8264,199895486317,0.00
8265,199895486317,0.00
8266,199895486317,0.00
8267,142183109073,0.50
8268,1387804724,4.00
8269,199895486317,0.00
8270,607623093,2.00
8271,199895486317,0.00
8272,4123564983,2.60
8273,199895486317,0.00
8274,61328055216,0.20
8275,1387804724,4.00
8276,15963211823,12.00
8277,52553220488,76.40
8278,42905233,757.80
8279,199895486317,0.00
8280,12593862746,139.30
8281,10390231533,30.00
8282,199895486317,0.00
8283,199895486317,0.00
8284,199895486317,0.00
8285,2010550974,2.10
8286,199895486317,0.00
8287,199895486317,0.00
8288,145365100988,1.00
8289,1941375851,1.40
8290,50039995,5000.00
8291,53106169,405.90
8292,61328055216,0.20
8293,199895486317,0.00
8294,125416058347,0.40
8295,145365100988,1.00
8296,77985876195,0.30
8297,199895486317,0.00
8298,52915641,884.20
8299,290039092040,0.80
8300,199895486317,0.00
8301,142183109073,0.50
8302,201809769462,0.90
8303,17338291221,15.00
8304,290039092040,0.80
8305,199895486317,0.00
8306,4211082918,3.60
8307,145365100988,1.00
8308,3936171009,3.10
8309,607623093,2.00
8310,199895486317,0.00
8311,1142989829,1.50
8312,1013213972,1.20
8313,1573302157,1.60
8314,199895486317,0.00
8315,199895486317,0.00
8316,613653834,3.00
8317,69710051248,0.60
8318,3935347230,3.70
8319,199895486317,0.00
8320,199895486317,0.00
8321,607623093,2.00
8322,4123564983,2.60
8323,199895486317,0.00
8324,61328055216,0.20
8325,2382571516,1.70
8326,199895486317,0.00
8327,607623093,2.00
8328,1142989829,1.50
8329,3249115344,5.00
8330,199895486317,0.00
8331,125416058347,0.40
8332,145365100988,1.00
8333,125416058347,0.40
8334,4146951214,2.50
8335,199895486317,0.00
8336,199895486317,0.00
8337,201809769462,0.90
8338,199895486317,0.00
8339,3446582951,3.20
8340,61328055216,0.20
8341,199895486317,0.00
8342,607623093,2.00
8343,199895486317,0.00
8344,199895486317,0.00
8345,8269449311,4.10
8346,3936171009,3.10
8347,199895486317,0.00
8348,12614096245,5.80
8349,199895486317,0.00
8350,199895486317,0.00
8351,607623093,2.00
8352,2010550974,2.10
8353,607623093,2.00
8354,8190277133,3.40
8355,613653834,3.00
8356,45976613,662.30
8357,199895486317,0.00
8358,18082925432,20.40
8359,613653834,3.00
8360,7740131935,10.30
8361,199895486317,0.00
8362,199895486317,0.00
8363,2998816443,187.20
8364,199895486317,0.00
8365,69710051248,0.60
8366,54726688945,13.90
8367,27573103862,14.00
8368,199895486317,0.00
8369,5649136660,6.10
8370,5740272443,4.30
8371,12948858777,6.30
8372,49446124,719.10
8373,290039092040,0.80
8374,199895486317,0.00
8375,50640535,832.40
8376,199895486317,0.00
8377,199895486317,0.00
8378,1028468722,1.30
8379,199895486317,0.00
8380,199895486317,0.00
8381,199895486317,0.00
8382,145365100988,1.00
8383,13767875730,7.50
8384,199895486317,0.00
8385,199895486317,0.00
8386,145365100988,1.00
8387,1013213972,1.20
8388,7740131935,10.30
8389,199895486317,0.00
8390,199895486317,0.00
8391,607623093,2.00
8392,199895486317,0.00
8393,57544749774,15.70
8394,199895486317,0.00
8395,19995030720,10.50
8396,199895486317,0.00
8397,199895486317,0.00
8398,199895486317,0.00
8399,10104498071,5.60
8400,607623093,2.00
8401,201809769462,0.90
8402,24147180564,20.60
8403,199895486317,0.00
8404,199895486317,0.00
8405,3071747168,1.80
8406,42563964,2236.00
8407,61328055216,0.20
8408,77985876195,0.30
8409,199895486317,0.00
8410,290039092040,0.80
8411,4211082918,3.60
8412,199895486317,0.00
8413,1013213972,1.20
8414,35871264,1068.30
8415,61328055216,0.20
8416,4146951214,2.50
8417,50021757717,6.70
8418,199895486317,0.00
8419,238617415,265.50
8420,77985876195,0.30
8421,21587197040,5.70
8422,82277231083,0.10
8423,69710051248,0.60
8424,142183109073,0.50
8425,199895486317,0.00
8426,6205424782,162.20
8427,199895486317,0.00
8428,77985876195,0.30
8429,613653834,3.00
8430,3868913531,1.90
8431,199895486317,0.00
8432,69710051248,0.60
8433,4146951214,2.50
8434,290039092040,0.80
8435,5740272443,4.30
8436,199895486317,0.00
8437,61328055216,0.20
8438,607623093,2.00
8439,142183109073,0.50
8440,199895486317,0.00
8441,50155300,347.80
8442,51458880,330.90
8443,199895486317,0.00
8444,142183109073,0.50
8445,199895486317,0.00
8446,199895486317,0.00
8447,199895486317,0.00
8448,1013213972,1.20
8449,199895486317,0.00
8450,199895486317,0.00
8451,43303397,733.50
8452,82277231083,0.10
8453,199895486317,0.00
8454,199895486317,0.00
8455,10104498071,5.60
8456,125416058347,0.40
8457,8190277133,3.40
8458,1142989829,1.50
8459,1142989829,1.50
8460,148028435248,25.10
8461,12655113999,8.30
8462,77985876195,0.30
8463,199895486317,0.00
8464,199895486317,0.00
8465,13529583927,20.20
8466,199895486317,0.00
8467,125416058347,0.40
8468,125416058347,0.40
8469,61328055216,0.20
8470,199895486317,0.00
8471,199895486317,0.00
8472,607623093,2.00
8473,199895486317,0.00
8474,145365100988,1.00
8475,199895486317,0.00
8476,69710051248,0.60
8477,142183109073,0.50
8478,199895486317,0.00
8479,44938976649,38.90
8480,199895486317,0.00
8481,61328055216,0.20
8482,199895486317,0.00
8483,199895486317,0.00
8484,199895486317,0.00
8485,199895486317,0.00
8486,61328055216,0.20
8487,199895486317,0.00
8488,199895486317,0.00
8489,236069070886,0.70
8490,61328055216,0.20
8491,201809769462,0.90
8492,49616779,534.50
8493,199895486317,0.00
8494,142183109073,0.50
8495,199895486317,0.00
8496,199895486317,0.00
8497,199895486317,0.00
8498,77985876195,0.30
8499,199895486317,0.00
8500,236069070886,0.70
8501,199895486317,0.00
8502,142183109073,0.50
8503,48991122,2637.30
8504,290039092040,0.80
8505,61328055216,0.20
8506,53370666,766.40
8507,613653834,3.00
8508,199895486317,0.00
8509,13274400589,40.00
8510,9293317046,3.50
8511,199895486317,0.00
8512,199895486317,0.00
8513,607623093,2.00
8514,2382571516,1.70
8515,145365100988,1.00
8516,69710051248,0.60
8517,199895486317,0.00
8518,142183109073,0.50
8519,82277231083,0.10
8520,199895486317,0.00
8521,82277231083,0.10
8522,199895486317,0.00
8523,199895486317,0.00
8524,82277231083,0.10
8525,236069070886,0.70
8526,607623093,2.00
8527,199895486317,0.00
8528,199895486317,0.00
8529,607623093,2.00
8530,607623093,2.00
8531,199895486317,0.00
8532,201809769462,0.90
8533,3935347230,3.70
8534,236069070886,0.70
8535,50811182,684.30
8536,4366741889,3.30
8537,199895486317,0.00
8538,19528195,1264.20
8539,199895486317,0.00
8540,1142989829,1.50
8541,290039092040,0.80
8542,50014884,2937.90
8543,199895486317,0.00
8544,199895486317,0.00
8545,69710051248,0.60
8546,25064333,715.20
8547,201809769462,0.90
8548,199895486317,0.00
8549,199895486317,0.00
8550,199895486317,0.00
8551,607623093,2.00
8552,2249196949,10.00
8553,199895486317,0.00
8554,8567132283,2.80
8555,199895486317,0.00
8556,142183109073,0.50
8557,9463637534,5.10
8558,199895486317,0.00
8559,120166353665,41.80
8560,1010303329,6.00
8561,199895486317,0.00
8562,69710051248,0.60
8563,125416058347,0.40
8564,199895486317,0.00
8565,199895486317,0.00
8566,1013213972,1.20
8567,199895486317,0.00
8568,4167436112,9.00
8569,23430241304,7.60
8570,199895486317,0.00
8571,77985876195,0.30
8572,142183109073,0.50
8573,82277231083,0.10
8574,69710051248,0.60
8575,45180347,765.40
8576,77985876195,0.30
8577,199895486317,0.00
8578,199895486317,0.00
8579,199895486317,0.00
8580,53313778,4865.40
8581,142183109073,0.50
8582,47796671,2400.00
8583,82277231083,0.10
8584,607623093,2.00
8585,44374060150,94.00
8586,34915705,1138.10
8587,199895486317,0.00
8588,199895486317,0.00
8589,51453714177,12.80
8590,49616764,2613.30
8591,199895486317,0.00
8592,42150499,1171.40
8593,61328055216,0.20
8594,199895486317,0.00
8595,69710051248,0.60
8596,607623093,2.00
8597,1142989829,1.50
8598,199895486317,0.00
8599,199895486317,0.00
8600,10539262715,6.60
8601,199895486317,0.00
8602,121396298739,35.00
8603,607623093,2.00
8604,199895486317,0.00
8605,199895486317,0.00
8606,199895486317,0.00
8607,69710051248,0.60
8608,1028468722,1.30
8609,105492571005,38.10
8610,39693401,1268.40
8611,607623093,2.00
8612,199895486317,0.00
8613,199895486317,0.00
8614,199895486317,0.00
8615,199895486317,0.00
8616,199895486317,0.00
8617,199895486317,0.00
8618,1142989829,1.50
8619,61328055216,0.20
8620,40967454,1897.40
8621,44497811,651.80
8622,9463637534,5.10
8623,290039092040,0.80
8624,199895486317,0.00
8625,43000851,428.00
8626,77985876195,0.30
8627,199895486317,0.00
8628,145365100988,1.00
8629,3936171009,3.10
8630,82277231083,0.10
8631,199895486317,0.00
8632,18082925432,20.40
8633,44384041,557.10
8634,199895486317,0.00
8635,69710051248,0.60
8636,40284942,1442.90
8637,3249115344,5.00
8638,10104498071,5.60
8639,145365100988,1.00
8640,77985876195,0.30
8641,69710051248,0.60
8642,5105446122,2.90
8643,1013213972,1.20
8644,199895486317,0.00
8645,53816939,408.80
8646,8088943450,3.80
8647,47057274,2327.60
8648,199895486317,0.00
8649,199895486317,0.00
8650,82277231083,0.10
8651,199895486317,0.00
8652,82277231083,0.10
8653,199895486317,0.00
8654,199895486317,0.00
8655,236069070886,0.70
8656,306333436,258.70
8657,199895486317,0.00
8658,4765291838,2.70
8659,77985876195,0.30
8660,145365100988,1.00
8661,199895486317,0.00
8662,607623093,2.00
8663,1142989829,1.50
8664,8025202034,155.50
8665,3702511204,2.40
8666,199895486317,0.00
8667,3936171009,3.10
8668,199895486317,0.00
8669,53200015,2417.40
8670,125416058347,0.40
8671,61328055216,0.20
8672,199895486317,0.00
8673,9400696905,8.00
8674,51266199,2327.40
8675,199895486317,0.00
8676,145365100988,1.00
8677,43644637,2474.50
8678,199895486317,0.00
8679,199895486317,0.00
8680,48723949,442.20
8681,1387804724,4.00
8682,199895486317,0.00
8683,199895486317,0.00
8684,61328055216,0.20
8685,82277231083,0.10
8686,1010303329,6.00
8687,607623093,2.00
8688,92350625640,33.50
8689,77985876195,0.30
8690,7636006180,4.60
8691,199895486317,0.00
8692,199895486317,0.00
8693,46602277,562.40
8694,1142989829,1.50
8695,2382571516,1.70
8696,199895486317,0.00
8697,48917015,402.90
8698,142183109073,0.50
8699,4366741889,3.30
8700,167680988287,17.00
8701,199895486317,0.00
8702,61328055216,0.20
8703,3071747168,1.80
8704,199895486317,0.00
8705,145365100988,1.00
8706,199895486317,0.00
8707,199895486317,0.00
8708,17338291221,15.00
8709,34779211,1727.50
8710,69710051248,0.60
8711,199895486317,0.00
8712,39101875,1467.00
8713,199895486317,0.00
8714,236069070886,0.70
8715,199895486317,0.00
8716,3868913531,1.90
8717,1028468722,1.30
8718,61328055216,0.20
8719,199895486317,0.00
8720,69710051248,0.60
8721,199895486317,0.00
8722,3071747168,1.80
8723,199895486317,0.00
8724,199895486317,0.00
8725,82277231083,0.10
8726,199895486317,0.00
8727,2010550974,2.10
8728,199895486317,0.00
8729,1013213972,1.20
8730,2838928463,189.80
8731,77985876195,0.30
8732,50039995,5000.00
8733,1573302157,1.60
8734,199895486317,0.00
8735,199895486317,0.00
8736,199895486317,0.00
8737,35461743,1248.40
8738,11748649485,3.90
8739,607623093,2.00
8740,77985876195,0.30
8741,69710051248,0.60
8742,199895486317,0.00
8743,3868913531,1.90
8744,199895486317,0.00
8745,199895486317,0.00
8746,77985876195,0.30
8747,1028468722,1.30
8748,38555857,1880.80
8749,61328055216,0.20
8750,24711330214,65.80
8751,69710051248,0.60
8752,199895486317,0.00
8753,199895486317,0.00
8754,199895486317,0.00
8755,36326282,1713.70
8756,142183109073,0.50
8757,82277231083,0.10
8758,199895486317,0.00
8759,2699197572,191.30
8760,199895486317,0.00
8761,14495505379,11.00
8762,61328055216,0.20
8763,8269449311,4.10
8764,43176482265,10.60
8765,1573302157,1.60
8766,199895486317,0.00
8767,199895486317,0.00
8768,1028468722,1.30
8769,145365100988,1.00
8770,34142176,1736.90
8771,77985876195,0.30
8772,145365100988,1.00
8773,77985876195,0.30
8774,61328055216,0.20
8775,199895486317,0.00
8776,199895486317,0.00
8777,41558979,1827.10
8778,1573302157,1.60
8779,125416058347,0.40
8780,607623093,2.00
8781,199895486317,0.00
8782,69710051248,0.60
8783,61328055216,0.20
8784,3446582951,3.20
8785,199895486317,0.00
8786,199895486317,0.00
8787,4146951214,2.50
8788,61328055216,0.20
8789,199895486317,0.00
8790,61328055216,0.20
8791,199895486317,0.00
8792,199895486317,0.00
8793,199895486317,0.00
8794,69710051248,0.60
8795,77985876195,0.30
8796,199895486317,0.00
8797,4146951214,2.50
8798,145365100988,1.00
8799,2010550974,2.10
8800,199895486317,0.00
8801,199895486317,0.00
8802,81088042124,33.00
8803,199895486317,0.00
8804,887479901,227.40
8805,613653834,3.00
8806,61328055216,0.20
8807,199895486317,0.00
8808,199895486317,0.00
8809,142183109073,0.50
8810,69710051248,0.60
8811,49993393675,65.10
8812,199895486317,0.00
8813,1028468722,1.30
8814,1010303329,6.00
8815,1387804724,4.00
8816,77985876195,0.30
8817,10029097603,4.40
8818,199895486317,0.00
8819,61328055216,0.20
8820,42450212,2067.80
8821,199895486317,0.00
8822,1387804724,4.00
8823,199895486317,0.00
8824,201809769462,0.90
8825,201809769462,0.90
8826,61328055216,0.20
8827,236069070886,0.70
8828,77985876195,0.30
8829,199895486317,0.00
8830,3249115344,5.00
8831,48536103,4238.40
8832,199895486317,0.00
8833,13629593464,4.80
8834,199895486317,0.00
8835,77985876195,0.30
8836,290039092040,0.80
8837,2010550974,2.10
8838,199895486317,0.00
8839,199895486317,0.00
8840,199895486317,0.00
8841,199895486317,0.00
8842,29938248288,10.10
8843,199895486317,0.00
8844,199895486317,0.00
8845,2249196949,10.00
8846,199895486317,0.00
8847,199895486317,0.00
8848,199895486317,0.00
8849,4366741889,3.30
8850,24711330214,65.80
8851,125416058347,0.40
8852,199895486317,0.00
8853,607623093,2.00
8854,50770825219,8.50
8855,199895486317,0.00
8856,38919887,1323.40
8857,199895486317,0.00
8858,2249196949,10.00
8859,82277231083,0.10
8860,613653834,3.00
8861,68124993183,17.80
8862,4952592720,2.20
8863,199895486317,0.00
8864,1013213972,1.20
8865,99936373912,9.60
8866,69710051248,0.60
8867,26761913390,113.40
8868,47114162,2848.90
8869,236069070886,0.70
8870,199895486317,0.00
8871,199895486317,0.00
8872,77985876195,0.30
8873,201809769462,0.90
8874,199895486317,0.00
8875,1010303329,6.00
8876,37754706308,16.00
8877,199895486317,0.00
8878,199895486317,0.00
8879,61328055216,0.20
8880,125416058347,0.40
8881,125416058347,0.40
8882,12614096245,5.80
8883,199895486317,0.00
8884,199895486317,0.00
8885,199895486317,0.00
8886,45976615,707.60
8887,199895486317,0.00
8888,17571610,1342.00
8889,47853577,2865.30
8890,69710051248,0.60
8891,69710051248,0.60
8892,607623093,2.00
8893,199895486317,0.00
8894,61328055216,0.20
8895,69710051248,0.60
8896,201809769462,0.90
8897,199895486317,0.00
8898,1028468722,1.30
8899,6464967170,161.70
8900,3071747168,1.80
8901,199895486317,0.00
8902,69710051248,0.60
8903,82277231083,0.10
8904,49138757,432.10
8905,77985876195,0.30
8906,82277231083,0.10
8907,199895486317,0.00
8908,1010303329,6.00
8909,1649850112,1.10
8910,199895486317,0.00
8911,201809769462,0.90
8912,69710051248,0.60
8913,199895486317,0.00
8914,201809769462,0.90
8915,199895486317,0.00
8916,199895486317,0.00
8917,607623093,2.00
8918,199895486317,0.00
8919,1010303329,6.00
8920,154808623,278.00
8921,36917798,1379.30
8922,1013213972,1.20
8923,61328055216,0.20
8924,199895486317,0.00
8925,21424177,659.30
8926,199895486317,0.00
8927,8567132283,2.80
8928,199895486317,0.00
8929,125416058347,0.40
8930,199895486317,0.00
8931,199895486317,0.00
8932,199895486317,0.00
8933,125416058347,0.40
8934,199895486317,0.00
8935,199895486317,0.00
8936,199895486317,0.00
8937,290039092040,0.80
8938,199895486317,0.00
8939,199895486317,0.00
8940,1028468722,1.30
8941,199895486317,0.00
8942,27573103862,14.00
8943,54967189,3256.80
8944,199895486317,0.00
8945,125416058347,0.40
8946,77985876195,0.30
8947,199895486317,0.00
8948,34642714,1521.10
8949,4952592720,2.20
8950,82277231083,0.10
8951,77985876195,0.30
8952,199895486317,0.00
8953,77985876195,0.30
8954,62816225,3148.20
8955,1028468722,1.30
8956,77985876195,0.30
8957,3071747168,1.80
8958,199895486317,0.00
8959,201809769462,0.90
8960,77985876195,0.30
8961,199895486317,0.00
8962,2382571516,1.70
8963,1013213972,1.20
8964,199895486317,0.00
8965,199895486317,0.00
8966,77985876195,0.30
8967,69710051248,0.60
8968,199895486317,0.00
8969,199895486317,0.00
8970,145365100988,1.00
8971,199895486317,0.00
8972,145365100988,1.00
8973,20635508636,124.80
8974,199895486317,0.00
8975,39784410,1941.30
8976,43439824656,71.40
8977,1387804724,4.00
8978,44952827,763.40
8979,82277231083,0.10
8980,199895486317,0.00
8981,45749094,2413.80
8982,4123564983,2.60
8983,607623093,2.00
8984,46716014,951.30
8985,199895486317,0.00
8986,199895486317,0.00
8987,1028468722,1.30
8988,199895486317,0.00
8989,199895486317,0.00
8990,3446582951,3.20
8991,10390231533,30.00
8992,199895486317,0.00
8993,125416058347,0.40
8994,36462780,1405.70
8995,199895486317,0.00
8996,44180489,383.30
8997,61328055216,0.20
8998,199895486317,0.00
8999,35214856812,6.80
9000,1941375851,1.40
9001,3935347230,3.70
9002,199895486317,0.00
9003,199895486317,0.00
9004,199895486317,0.00
9005,61328055216,0.20
9006,613653834,3.00
9007,145365100988,1.00
9008,7636006180,4.60
9009,199895486317,0.00
9010,61328055216,0.20
9011,35416240,1601.60
9012,201809769462,0.90
9013,9400696905,8.00
9014,613653834,3.00
9015,12655113999,8.30
9016,69710051248,0.60
9017,44894434369,62.50
9018,199895486317,0.00
9019,19995030720,10.50
9020,199895486317,0.00
9021,77985876195,0.30
9022,61328055216,0.20
9023,199895486317,0.00
9024,199895486317,0.00
9025,199895486317,0.00
9026,2382571516,1.70
9027,2010550974,2.10
9028,199895486317,0.00
9029,199895486317,0.00
9030,199895486317,0.00
9031,27573103862,14.00
9032,199895486317,0.00
9033,199895486317,0.00
9034,82277231083,0.10
9035,199895486317,0.00
9036,38466510995,92.10
9037,145365100988,1.00
9038,82277231083,0.10
9039,69710051248,0.60
9040,52574378,872.70
9041,199895486317,0.00
9042,199895486317,0.00
9043,199895486317,0.00
9044,77985876195,0.30
9045,77985876195,0.30
9046,199895486317,0.00
9047,82277231083,0.10
9048,4146951214,2.50
9049,3071747168,1.80
9050,199895486317,0.00
9051,13767875730,7.50
9052,199895486317,0.00
9053,199895486317,0.00
9054,4952592720,2.20
9055,199895486317,0.00
9056,61328055216,0.20
9057,199895486317,0.00
9058,199895486317,0.00
9059,1013213972,1.20
9060,199895486317,0.00
9061,77985876195,0.30
9062,613653834,3.00
9063,69710051248,0.60
9064,125416058347,0.40
9065,77985876195,0.30
9066,199895486317,0.00
9067,199895486317,0.00
9068,199895486317,0.00
9069,1573302157,1.60
9070,199895486317,0.00
9071,199895486317,0.00
9072,199895486317,0.00
9073,45180340,2698.60
9074,199895486317,0.00
9075,199895486317,0.00
9076,199895486317,0.00
9077,82277231083,0.10
9078,57090638627,11.40
9079,4167436112,9.00
9080,607623093,2.00
9081,199895486317,0.00
9082,199895486317,0.00
9083,61328055216,0.20
9084,199895486317,0.00
9085,199895486317,0.00
9086,3071747168,1.80
9087,69710051248,0.60
9088,82277231083,0.10
9089,199895486317,0.00
9090,199895486317,0.00
9091,199895486317,0.00
9092,61328055216,0.20
9093,199895486317,0.00
9094,199895486317,0.00
9095,47683328,494.40
9096,125416058347,0.40
9097,1573302157,1.60
9098,199895486317,0.00
9099,77985876195,0.30
9100,199895486317,0.00
9101,2382571516,1.70
9102,199895486317,0.00
9103,199895486317,0.00
9104,199895486317,0.00
9105,199895486317,0.00
9106,125416058347,0.40
9107,199895486317,0.00
9108,2010550974,2.10
9109,290039092040,0.80
9110,613653834,3.00
9111,77985876195,0.30
9112,49446512,495.50
9113,12614096245,5.80
9114,61328055216,0.20
9115,145365100988,1.00
9116,36735775,1835.30
9117,199895486317,0.00
9118,607623093,2.00
9119,61328055216,0.20
9120,34733713,1001.20
9121,199895486317,0.00
9122,2010550974,2.10
9123,16795297664,5.30
9124,199895486317,0.00
9125,2382571516,1.70
9126,82277231083,0.10
9127,1387804724,4.00
9128,199895486317,0.00
9129,199895486317,0.00
9130,199895486317,0.00
9131,199895486317,0.00
9132,26222872586,13.70
9133,613653834,3.00
9134,199895486317,0.00
9135,199895486317,0.00
9136,61328055216,0.20
9137,199895486317,0.00
9138,38055344,1067.60
9139,77985876195,0.30
9140,44294263,435.80
9141,199895486317,0.00
9142,44604694441,7.30
9143,77985876195,0.30
9144,125416058347,0.40
9145,77985876195,0.30
9146,125416058347,0.40
9147,199895486317,0.00
9148,199895486317,0.00
9149,7740131935,10.30
9150,199895486317,0.00
9151,47472763999,21.90
9152,199895486317,0.00
9153,3249115344,5.00
9154,61328055216,0.20
9155,199895486317,0.00
9156,607623093,2.00
9157,199895486317,0.00
9158,199895486317,0.00
9159,37509329,1464.50
9160,10539262715,6.60
9161,22889878,353.60
9162,69710051248,0.60
9163,199895486317,0.00
9164,51152453,2209.80
9165,51891861,581.60
9166,35689259,1186.80
9167,199895486317,0.00
9168,142183109073,0.50
9169,199895486317,0.00
9170,142183109073,0.50
9171,199895486317,0.00
9172,5105446122,2.90
9173,1010303329,6.00
9174,2010550974,2.10
9175,15963211823,12.00
9176,15857750773,4.50
9177,46857899,398.90
9178,5094763865,4.20
9179,1013213972,1.20
9180,61328055216,0.20
9181,199895486317,0.00
9182,77985876195,0.30
9183,199895486317,0.00
9184,199895486317,0.00
9185,199895486317,0.00
9186,199895486317,0.00
9187,2891955598,163.70
9188,125416058347,0.40
9189,1649850112,1.10
9190,82277231083,0.10
9191,199895486317,0.00
9192,182975124,274.90
9193,142183109073,0.50
9194,2170941384,195.20
9195,199895486317,0.00
9196,77985876195,0.30
9197,199895486317,0.00
9198,199895486317,0.00
9199,26439073608,11.80
9200,69710051248,0.60
9201,47472763999,21.90
9202,1142989829,1.50
9203,145365100988,1.00
9204,35214856812,6.80
9205,199895486317,0.00
9206,199895486317,0.00
9207,199895486317,0.00
9208,1573302157,1.60
9209,69710051248,0.60
9210,199895486317,0.00
9211,9121653333,20.00
9212,199895486317,0.00
9213,613653834,3.00
9214,613653834,3.00
9215,613653834,3.00
9216,199895486317,0.00
9217,1028468722,1.30
9218,82277231083,0.10
9219,61328055216,0.20
9220,1142989829,1.50
9221,199895486317,0.00
9222,199895486317,0.00
9223,199895486317,0.00
9224,199895486317,0.00
9225,199895486317,0.00
9226,199895486317,0.00
9227,199895486317,0.00
9228,47883896,403.30
9229,199895486317,0.00
9230,30778173754,110.30
9231,201809769462,0.90
9232,49446128,601.40
9233,10673558142,5.50
9234,199895486317,0.00
9235,199895486317,0.00
9236,77985876195,0.30
9237,47739826,546.00
9238,77985876195,0.30
9239,145365100988,1.00
9240,4123564983,2.60
9241,50039995,5000.00
9242,199895486317,0.00
9243,45478074309,94.80
9244,69710051248,0.60
9245,199895486317,0.00
9246,199895486317,0.00
9247,1013213972,1.20
9248,50039995,5000.00
9249,12764397385,7.00
9250,290039092040,0.80
9251,69710051248,0.60
9252,1387804724,4.00
9253,11250685307,7.20
9254,199895486317,0.00
9255,125416058347,0.40
9256,125416058347,0.40
9257,2249196949,10.00
9258,199895486317,0.00
9259,77985876195,0.30
9260,199895486317,0.00
9261,236069070886,0.70
9262,61328055216,0.20
9263,77985876195,0.30
9264,199895486317,0.00
9265,199895486317,0.00
9266,199895486317,0.00
9267,199895486317,0.00
9268,61328055216,0.20
9269,142183109073,0.50
9270,199895486317,0.00
9271,199895486317,0.00
9272,1028468722,1.30
9273,142183109073,0.50
9274,1387804724,4.00
9275,61328055216,0.20
9276,8269449311,4.10
9277,199895486317,0.00
9278,77985876195,0.30
9279,199895486317,0.00
9280,77985876195,0.30
9281,199895486317,0.00
9282,199895486317,0.00
9283,1028468722,1.30
9284,199895486317,0.00
9285,199895486317,0.00
9286,199895486317,0.00
9287,1010303329,6.00
9288,199895486317,0.00
9289,61328055216,0.20
9290,2382571516,1.70
9291,69710051248,0.60
9292,199895486317,0.00
9293,199895486317,0.00
9294,51149979,370.00
9295,199895486317,0.00
9296,199895486317,0.00
9297,199895486317,0.00
9298,37754706308,16.00
9299,201809769462,0.90
9300,199895486317,0.00
9301,1010303329,6.00
9302,1941375851,1.40
9303,607623093,2.00
9304,142183109073,0.50
9305,199895486317,0.00
9306,50039995,5000.00
9307,49635510,441.20
9308,199895486317,0.00
9309,199895486317,0.00
9310,77985876195,0.30
9311,199895486317,0.00
9312,201809769462,0.90
9313,73016336585,8.10
9314,199895486317,0.00
9315,145365100988,1.00
9316,199895486317,0.00
9317,61328055216,0.20
9318,77985876195,0.30
9319,199895486317,0.00
9320,4146951214,2.50
9321,199895486317,0.00
9322,199895486317,0.00
9323,199895486317,0.00
9324,199895486317,0.00
9325,38737859,1816.30
9326,142183109073,0.50
9327,3702511204,2.40
9328,47974681,421.80
9329,199895486317,0.00
9330,199895486317,0.00
9331,125416058347,0.40
9332,199895486317,0.00
9333,69710051248,0.60
9334,1010303329,6.00
9335,199895486317,0.00
9336,1028468722,1.30
9337,61328055216,0.20
9338,77985876195,0.30
9339,199895486317,0.00
9340,199895486317,0.00
9341,201809769462,0.90
9342,5105446122,2.90
9343,199895486317,0.00
9344,145365100988,1.00
9345,2249196949,10.00
9346,199895486317,0.00
9347,69710051248,0.60
9348,199895486317,0.00
9349,199895486317,0.00
9350,199895486317,0.00
9351,199895486317,0.00
9352,199895486317,0.00
9353,3071747168,1.80
9354,199895486317,0.00
9355,4366741889,3.30
9356,199895486317,0.00
9357,9400696905,8.00
9358,201809769462,0.90
9359,3249115344,5.00
9360,25547847,508.60
9361,61328055216,0.20
9362,1028468722,1.30
9363,47114143,968.00
9364,607623093,2.00
9365,3071747168,1.80
9366,50330645347,11.50
9367,199895486317,0.00
9368,199895486317,0.00
9369,145365100988,1.00
9370,199895486317,0.00
9371,197274574047,12.90
9372,199895486317,0.00
9373,61328055216,0.20
9374,607623093,2.00
9375,199895486317,0.00
9376,82277231083,0.10
9377,199895486317,0.00
9378,199895486317,0.00
9379,199895486317,0.00
9380,82277231083,0.10
9381,51436844,739.60
9382,199895486317,0.00
9383,48592966,787.60
9384,26222872586,13.70
9385,3702511204,2.40
9386,125416058347,0.40
9387,199895486317,0.00
9388,199895486317,0.00
9389,199895486317,0.00
9390,77985876195,0.30
9391,77985876195,0.30
9392,199895486317,0.00
9393,199895486317,0.00
9394,145365100988,1.00
9395,2382571516,1.70
9396,199895486317,0.00
9397,1387804724,4.00
9398,142183109073,0.50
9399,199895486317,0.00
9400,199895486317,0.00
9401,199895486317,0.00
9402,201809769462,0.90
9403,607623093,2.00
9404,77985876195,0.30
9405,199895486317,0.00
9406,1142989829,1.50
9407,77985876195,0.30
9408,613653834,3.00
9409,199895486317,0.00
9410,36462775,1147.50
9411,199895486317,0.00
9412,199895486317,0.00
9413,201809769462,0.90
9414,1010303329,6.00
9415,199895486317,0.00
9416,1941375851,1.40
9417,199895486317,0.00
9418,199895486317,0.00
9419,199895486317,0.00
9420,2141095743,197.80
9421,61328055216,0.20
9422,199895486317,0.00
9423,41513488,1607.90
9424,199895486317,0.00
9425,199895486317,0.00
9426,36326269,1283.50
9427,199895486317,0.00
9428,199895486317,0.00
9429,199895486317,0.00
9430,38904353757,17.90
9431,199895486317,0.00
9432,57819721,338.20
9433,199895486317,0.00
9434,77985876195,0.30
9435,61328055216,0.20
9436,40011905,1419.50
9437,1013213972,1.20
9438,199895486317,0.00
9439,199895486317,0.00
9440,1013213972,1.20
9441,199895486317,0.00
9442,199895486317,0.00
9443,82277231083,0.10
9444,77985876195,0.30
9445,42196004,1927.50
9446,1387804724,4.00
9447,1649850112,1.10
9448,19983120485,4.90
9449,50039995,5000.00
9450,199895486317,0.00
9451,1142989829,1.50
9452,199895486317,0.00
9453,199895486317,0.00
9454,19983120485,4.90
9455,3936171009,3.10
9456,199895486317,0.00
9457,201809769462,0.90
9458,7740131935,10.30
9459,145365100988,1.00
9460,199895486317,0.00
9461,199895486317,0.00
9462,199895486317,0.00
9463,2249196949,10.00
9464,14495505379,11.00
9465,1387804724,4.00
9466,290039092040,0.80
9467,199895486317,0.00
9468,199895486317,0.00
9469,199895486317,0.00
9470,69704312116,30.30
9471,607623093,2.00
9472,11748649485,3.90
9473,50365073435,87.60
9474,199895486317,0.00
9475,3680775865,2.30
9476,54489396,3703.00
9477,44497803,876.10
9478,199895486317,0.00
9479,607623093,2.00
9480,61328055216,0.20
9481,69710051248,0.60
9482,3071747168,1.80
9483,1142989829,1.50
9484,5094763865,4.20
9485,47398558,860.70
9486,199895486317,0.00
9487,1573302157,1.60
9488,199895486317,0.00
9489,199895486317,0.00
9490,3071747168,1.80
9491,199895486317,0.00
9492,199895486317,0.00
9493,4211082918,3.60
9494,77985876195,0.30
9495,142183109073,0.50
9496,48751387,374.40
9497,199895486317,0.00
9498,201809769462,0.90
9499,61328055216,0.20
9500,199895486317,0.00
9501,3868913531,1.90
9502,1013213972,1.20
9503,199895486317,0.00
9504,142183109073,0.50
9505,199895486317,0.00
9506,39192883,1094.70
9507,49389241,2434.80
9508,3446582951,3.20
9509,1028468722,1.30
9510,11250685307,7.20
9511,3011926593,189.00
9512,3249115344,5.00
9513,145365100988,1.00
9514,145365100988,1.00
9515,43985895,2458.20
9516,142183109073,0.50
9517,607623093,2.00
9518,199895486317,0.00
9519,199895486317,0.00
9520,10104498071,5.60
9521,199895486317,0.00
9522,24447347727,10.80
9523,45694311104,12.70
9524,49047989,2111.00
9525,46460995280,38.80
9526,18192989079,5.20
9527,199895486317,0.00
9528,199895486317,0.00
9529,199895486317,0.00
9530,199895486317,0.00
9531,77985876195,0.30
9532,23430241304,7.60
9533,613653834,3.00
9534,142183109073,0.50
9535,199895486317,0.00
9536,199895486317,0.00
9537,201809769462,0.90
9538,199895486317,0.00
9539,201809769462,0.90
9540,199895486317,0.00
9541,61328055216,0.20
9542,142183109073,0.50
9543,199895486317,0.00
9544,199895486317,0.00
9545,50039995,5000.00
9546,50039995,5000.00
9547,199895486317,0.00
9548,1013213972,1.20
9549,125416058347,0.40
9550,5649136660,6.10
9551,2249196949,10.00
9552,199895486317,0.00
9553,199895486317,0.00
9554,82277231083,0.10
9555,199895486317,0.00
9556,69710051248,0.60
9557,199895486317,0.00
9558,607623093,2.00
9559,11979064711,138.30
9560,10862339679,5.40
9561,1010303329,6.00
9562,142183109073,0.50
9563,5649136660,6.10
9564,613653834,3.00
9565,22782671051,41.00
9566,199895486317,0.00
9567,199895486317,0.00
9568,4211082918,3.60
9569,290039092040,0.80
9570,31605917683,9.10
9571,199895486317,0.00
9572,497199241,220.30
9573,607623093,2.00
9574,199895486317,0.00
9575,44604694441,7.30
9576,3446582951,3.20
9577,69710051248,0.60
9578,199895486317,0.00
9579,199895486317,0.00
9580,8088943450,3.80
9581,199895486317,0.00
9582,607623093,2.00
9583,201809769462,0.90
9584,199895486317,0.00
9585,199895486317,0.00
9586,199895486317,0.00
9587,1941375851,1.40
9588,34915712,1330.30
9589,142183109073,0.50
9590,236069070886,0.70
9591,14495505379,11.00
9592,42742028,1714.90
9593,8088943450,3.80
9594,142183109073,0.50
9595,199895486317,0.00
9596,44437408272,8.20
9597,61328055216,0.20
9598,236069070886,0.70
9599,5543205248,6.20
9600,2382571516,1.70
9601,125416058347,0.40
9602,201809769462,0.90
9603,1010303329,6.00
9604,199895486317,0.00
9605,125416058347,0.40
9606,199895486317,0.00
9607,199895486317,0.00
9608,125416058347,0.40
9609,77985876195,0.30
9610,2249196949,10.00
9611,607623093,2.00
9612,199895486317,0.00
9613,199895486317,0.00
9614,61328055216,0.20
9615,199895486317,0.00
9616,38328339,1209.20
9617,199895486317,0.00
9618,82277231083,0.10
9619,61328055216,0.20
9620,11127552312,7.40
9621,62398980212,11.30
9622,199895486317,0.00
9623,613653834,3.00
9624,613653834,3.00
9625,47171035,655.30
9626,17338291221,15.00
9627,199895486317,0.00
9628,290039092040,0.80
9629,199895486317,0.00
9630,59690213156,12.20
9631,199895486317,0.00
9632,69710051248,0.60
9633,199895486317,0.00
9634,199895486317,0.00
9635,5740272443,4.30
9636,199895486317,0.00
9637,236069070886,0.70
9638,199895486317,0.00
9639,1013213972,1.20
9640,1013213972,1.20
9641,145365100988,1.00
9642,199895486317,0.00
9643,9293317046,3.50
9644,77985876195,0.30
9645,607623093,2.00
9646,199895486317,0.00
9647,472208730,244.50
9648,4123564983,2.60
9649,46323214,458.50
9650,199895486317,0.00
9651,199895486317,0.00
9652,199895486317,0.00
9653,199895486317,0.00
9654,199895486317,0.00
9655,201809769462,0.90
9656,5649136660,6.10
9657,199895486317,0.00
9658,199895486317,0.00
9659,61328055216,0.20
9660,199895486317,0.00
9661,118150176,286.20
9662,613653834,3.00
9663,145365100988,1.00
9664,199895486317,0.00
9665,11903153847,6.50
9666,199895486317,0.00
9667,82277231083,0.10
9668,125416058347,0.40
9669,3249115344,5.00
9670,69710051248,0.60
9671,3249115344,5.00
9672,199895486317,0.00
9673,199895486317,0.00
9674,82277231083,0.10
9675,199895486317,0.00
9676,77985876195,0.30
9677,1387804724,4.00
9678,199895486317,0.00
9679,199895486317,0.00
9680,61328055216,0.20
9681,199895486317,0.00
9682,69710051248,0.60
9683,235076322,267.40
9684,199895486317,0.00
9685,3680775865,2.30
9686,199895486317,0.00
9687,199895486317,0.00
9688,199895486317,0.00
9689,67416005793,31.40
9690,2249196949,10.00
9691,82277231083,0.10
9692,199895486317,0.00
9693,1941375851,1.40
9694,199895486317,0.00
9695,199895486317,0.00
9696,199895486317,0.00
9697,47284792,2018.60
9698,50039995,5000.00
9699,69710051248,0.60
9700,199895486317,0.00
9701,4952592720,2.20
9702,5105446122,2.90
9703,1387804724,4.00
9704,199895486317,0.00
9705,199895486317,0.00
9706,199895486317,0.00
9707,37190802,1294.40
9708,199895486317,0.00
9709,29434854370,10.70
9710,77985876195,0.30
9711,199895486317,0.00
9712,199895486317,0.00
9713,14495505379,11.00
9714,14495505379,11.00
9715,1013213972,1.20
9716,2249196949,10.00
9717,12764397385,7.00
9718,36098752,1292.70
9719,613653834,3.00
9720,142183109073,0.50
9721,82277231083,0.10
9722,125416058347,0.40
9723,199895486317,0.00
9724,199895486317,0.00
9725,34187677,1255.60
9726,60222636,3350.30
9727,41558989,1120.30
9728,199895486317,0.00
9729,199895486317,0.00
9730,199895486317,0.00
9731,142183109073,0.50
9732,8190277133,3.40
9733,199895486317,0.00
9734,199895486317,0.00
9735,199895486317,0.00
9736,69710051248,0.60
9737,199895486317,0.00
9738,34642697,1211.90
9739,199895486317,0.00
9740,201809769462,0.90
9741,77985876195,0.30
9742,199895486317,0.00
9743,199895486317,0.00
9744,199895486317,0.00
9745,199895486317,0.00
9746,199895486317,0.00
9747,199895486317,0.00
9748,199895486317,0.00
9749,199895486317,0.00
9750,105794943926,16.90
9751,46317878,2874.20
9752,22889878,353.60
9753,199895486317,0.00
9754,20754045685,123.50
9755,5094763865,4.20
9756,82277231083,0.10
9757,1013213972,1.20
9758,45862863,802.50
9759,199895486317,0.00
9760,199895486317,0.00
9761,61328055216,0.20
9762,199895486317,0.00
9763,201809769462,0.90
9764,53598166,2308.90
9765,142183109073,0.50
9766,77985876195,0.30
9767,69710051248,0.60
9768,4366741889,3.30
9769,46431640,608.00
9770,50039995,5000.00
9771,69710051248,0.60
9772,607623093,2.00
9773,1142989829,1.50
9774,9121653333,20.00
9775,199895486317,0.00
9776,199895486317,0.00
9777,199895486317,0.00
9778,1028468722,1.30
9779,199895486317,0.00
9780,43474019,2533.30
9781,290039092040,0.80
9782,1387804724,4.00
9783,145365100988,1.00
9784,26281619,372.20
9785,19995030720,10.50
9786,125416058347,0.40
9787,4123564983,2.60
9788,1573302157,1.60
9789,199895486317,0.00
9790,199895486317,0.00
9791,199895486317,0.00
9792,13767875730,7.50
9793,199895486317,0.00
9794,290039092040,0.80
9795,51059064442,85.00
9796,199895486317,0.00
9797,11903153847,6.50
9798,145365100988,1.00
9799,125416058347,0.40
9800,199895486317,0.00
9801,61328055216,0.20
9802,1649850112,1.10
9803,199895486317,0.00
9804,29938248288,10.10
9805,4167436112,9.00
9806,199895486317,0.00
9807,199895486317,0.00
9808,199895486317,0.00
9809,77985876195,0.30
9810,44564281,449.50
9811,2010550974,2.10
9812,199895486317,0.00
9813,201809769462,0.90
9814,61109941,3801.90
9815,607623093,2.00
9816,199895486317,0.00
9817,199895486317,0.00
9818,69710051248,0.60
9819,10673558142,5.50
9820,61328055216,0.20
9821,77985876195,0.30
9822,77985876195,0.30
9823,61328055216,0.20
9824,201809769462,0.90
9825,41968503,1569.50
9826,199895486317,0.00
9827,607623093,2.00
9828,201809769462,0.90
9829,199895486317,0.00
9830,199895486317,0.00
9831,125416058347,0.40
9832,16795297664,5.30
9833,199895486317,0.00
9834,199895486317,0.00
9835,55407891,334.40
9836,199895486317,0.00
9837,199895486317,0.00
9838,77985876195,0.30
9839,142183109073,0.50
9840,5740272443,4.30
9841,199895486317,0.00
9842,199895486317,0.00
9843,77985876195,0.30
9844,199895486317,0.00
9845,77985876195,0.30
9846,56810018,3451.00
9847,77985876195,0.30
9848,82277231083,0.10
9849,613653834,3.00
9850,199895486317,0.00
9851,77985876195,0.30
9852,4146951214,2.50
9853,199895486317,0.00
9854,199895486317,0.00
9855,199895486317,0.00
9856,199895486317,0.00
9857,199895486317,0.00
9858,199895486317,0.00
9859,2249196949,10.00
9860,77985876195,0.30
9861,35780257,1653.10
9862,50981822,688.60
9863,199895486317,0.00
9864,69710051248,0.60
9865,199895486317,0.00
9866,199895486317,0.00
9867,199895486317,0.00
9868,51489898048,77.90
9869,79098989,313.40
9870,199895486317,0.00
9871,82277231083,0.10
9872,199895486317,0.00
9873,9400696905,8.00
9874,199895486317,0.00
9875,3680775865,2.30
9876,199895486317,0.00
9877,199895486317,0.00
9878,46090395,531.90
9879,199895486317,0.00
9880,3680775865,2.30
9881,69710051248,0.60
9882,69710051248,0.60
9883,39556888,1433.50
9884,199895486317,0.00
9885,199895486317,0.00
9886,199895486317,0.00
9887,199895486317,0.00
9888,201809769462,0.90
9889,1142989829,1.50
9890,199895486317,0.00
9891,3935347230,3.70
9892,199895486317,0.00
9893,199895486317,0.00
9894,199895486317,0.00
9895,2892997029,190.50
9896,199895486317,0.00
9897,199895486317,0.00
9898,142183109073,0.50
9899,142183109073,0.50
9900,1013213972,1.20
9901,199895486317,0.00
9902,4366741889,3.30
9903,199895486317,0.00
9904,3071747168,1.80
9905,145365100988,1.00
9906,77985876195,0.30
9907,199895486317,0.00
9908,21303454267,21.00
9909,82277231083,0.10
9910,1013213972,1.20
9911,199895486317,0.00
9912,199895486317,0.00
9913,607623093,2.00
9914,199895486317,0.00
9915,82277231083,0.10
9916,61328055216,0.20
9917,47472763999,21.90
9918,199895486317,0.00
9919,36098769,1039.50
9920,199895486317,0.00
9921,199895486317,0.00
9922,199895486317,0.00
9923,199895486317,0.00
9924,290039092040,0.80
9925,199895486317,0.00
9926,51467944556,6.90
9927,199895486317,0.00
9928,199895486317,0.00
9929,199895486317,0.00
9930,199895486317,0.00
9931,199895486317,0.00
9932,145365100988,1.00
9933,1010303329,6.00
9934,69710051248,0.60
9935,1013213972,1.20
9936,199895486317,0.00
9937,82277231083,0.10
9938,199895486317,0.00
9939,77985876195,0.30
9940,607623093,2.00
9941,82277231083,0.10
9942,199895486317,0.00
9943,613653834,3.00
9944,613653834,3.00
9945,236069070886,0.70
9946,199895486317,0.00
9947,199895486317,0.00
9948,4146951214,2.50
9949,199895486317,0.00
9950,199895486317,0.00
9951,613653834,3.00
9952,3702511204,2.40
9953,145365100988,1.00
9954,199895486317,0.00
9955,199895486317,0.00
9956,109956324974,61.10
9957,82277231083,0.10
9958,199895486317,0.00
9959,199895486317,0.00
9960,199895486317,0.00
9961,82277231083,0.10
9962,199895486317,0.00
9963,199895486317,0.00
9964,9400696905,8.00
9965,199895486317,0.00
9966,290039092040,0.80
9967,236069070886,0.70
9968,42051230468,84.30
9969,125416058347,0.40
9970,199895486317,0.00
9971,48821923,477.60
9972,145365100988,1.00
9973,199895486317,0.00
9974,199895486317,0.00
9975,1142989829,1.50
9976,607623093,2.00
9977,9400696905,8.00
9978,125416058347,0.40
9979,199895486317,0.00
9980,77985876195,0.30
9981,1142989829,1.50
9982,1573302157,1.60
9983,199895486317,0.00
9984,1028468722,1.30
9985,8567132283,2.80
9986,2249196949,10.00
9987,199895486317,0.00
9988,199895486317,0.00
9989,1387804724,4.00
9990,199895486317,0.00
9991,145365100988,1.00
9992,82277231083,0.10
9993,199895486317,0.00
9994,199895486317,0.00
9995,199895486317,0.00
9996,199895486317,0.00
9997,199895486317,0.00
9998,145365100988,1.00
9999,199895486317,0.00
