Name,Pig5
Score,0.36810000000000004
LockedUpRTP,
Rtp,0.9699999993943673
Win Ranges
0,0.1,1 in 1.410
0.1,1,1 in 4.202
1,2,1 in 47.308
2,3,1 in 939.550
3,5,1 in 446.374
5,10,1 in 183.227
10,20,1 in 103.894
20,50,1 in 107.410
50,100,1 in 341.943
100,200,1 in 1083.255
200,500,1 in 32712.978
500,1000,1 in 96161.007
1000,2000,1 in 119129.723
2000,3000,1 in 259895.611
3000,5001,1 in 195350.193
Distribution
0,199895486317,0.00
1,66718491703,0.60
2,50039995,5000.00
3,2607874967,2.40
4,8860371984,3.90
5,95842608240,0.90
6,2607874967,2.40
7,90767078605,1.00
8,199895486317,0.00
9,84977195738,0.20
10,66718491703,0.60
11,3815437271,3.20
12,199895486317,0.00
13,84977195738,0.20
14,199895486317,0.00
15,145528619682,0.40
16,199895486317,0.00
17,199895486317,0.00
18,66718491703,0.60
19,1512315801,4.00
20,84977195738,0.20
21,199895486317,0.00
22,66718491703,0.60
23,199895486317,0.00
24,1817702540,1.30
25,90767078605,1.00
26,14099369270,6.30
27,90767078605,1.00
28,199895486317,0.00
29,199895486317,0.00
30,656309672,1.20
31,199895486317,0.00
32,52730281188,0.30
33,826096941,3.00
34,2105680101,1.50
35,145528619682,0.40
36,199895486317,0.00
37,51750536521,8.20
38,56648274,2302.30
39,199895486317,0.00
40,199895486317,0.00
41,199895486317,0.00
42,84977195738,0.20
43,199895486317,0.00
44,75668201927,22.30
45,52730281188,0.30
46,223069986634,0.50
47,843989023,2.00
48,90767078605,1.00
49,95842608240,0.90
50,52730281188,0.30
51,199895486317,0.00
52,199895486317,0.00
53,52730281188,0.30
54,21675241,372.50
55,199895486317,0.00
56,2105680101,1.50
57,199895486317,0.00
58,4547203486,130.40
59,84977195738,0.20
60,8602372137,4.60
61,199895486317,0.00
62,199895486317,0.00
63,5129352926,1.90
64,199895486317,0.00
65,95842608240,0.90
66,199895486317,0.00
67,14149278180,14.00
68,4659119522,3.70
69,195204096360,0.80
70,199895486317,0.00
71,5777464603,151.50
72,8873340287,7.00
73,199895486317,0.00
74,140389632261,0.10
75,199895486317,0.00
76,52730281188,0.30
77,25829884946,18.00
78,199895486317,0.00
79,199895486317,0.00
80,199895486317,0.00
81,98402164,3773.50
82,84977195738,0.20
83,65169478,3631.80
84,199895486317,0.00
85,19983113,4166.20
86,59768674,551.90
87,2052747194,1.10
88,3431112372,2.30
89,66718491703,0.60
90,199895486317,0.00
91,18813004,2569.00
92,95842608240,0.90
93,199895486317,0.00
94,199895486317,0.00
95,298047470036,0.70
96,826096941,3.00
97,199895486317,0.00
98,52730281188,0.30
99,84977195738,0.20
100,95842608240,0.90
101,145528619682,0.40
102,195204096360,0.80
103,95909708065,26.50
104,656309672,1.20
105,43386401,513.10
106,66718491703,0.60
107,892058999,6.00
108,892058999,6.00
109,656309672,1.20
110,52730281188,0.30
111,199895486317,0.00
112,843989023,2.00
113,199895486317,0.00
114,199895486317,0.00
115,656309672,1.20
116,199895486317,0.00
117,199895486317,0.00
118,199895486317,0.00
119,66718491703,0.60
120,199895486317,0.00
121,199895486317,0.00
122,199895486317,0.00
123,199895486317,0.00
124,9526944669,4.40
125,52730281188,0.30
126,843989023,2.00
127,199895486317,0.00
128,52730281188,0.30
129,76582224,407.70
130,60875755069,12.80
131,2105680101,1.50
132,52730281188,0.30
133,34103673754,116.90
134,199895486317,0.00
135,199895486317,0.00
136,199895486317,0.00
137,656309672,1.20
138,199895486317,0.00
139,50407396,891.50
140,13863510234,123.60
141,145528619682,0.40
142,199895486317,0.00
143,3815437271,3.20
144,54679884,1588.30
145,84977195738,0.20
146,84732135,844.70
147,3809471664,1.40
148,84977195738,0.20
149,298047470036,0.70
150,843989023,2.00
151,79211429,3182.90
152,199895486317,0.00
153,199895486317,0.00
154,843989023,2.00
155,84977195738,0.20
156,140389632261,0.10
157,199895486317,0.00
158,90767078605,1.00
159,199895486317,0.00
160,2472441982,2.60
161,199895486317,0.00
162,24618600,898.70
163,81221676,872.00
164,84977195738,0.20
165,52730281188,0.30
166,52730281188,0.30
167,199895486317,0.00
168,199895486317,0.00
169,199895486317,0.00
170,1512315801,4.00
171,1512315801,4.00
172,199895486317,0.00
173,90767078605,1.00
174,72472208929,30.80
175,7235722582,3.10
176,199895486317,0.00
177,199895486317,0.00
178,199895486317,0.00
179,195204096360,0.80
180,223069986634,0.50
181,199895486317,0.00
182,199895486317,0.00
183,52730281188,0.30
184,199895486317,0.00
185,199895486317,0.00
186,28276490227,6.90
187,199895486317,0.00
188,199895486317,0.00
189,199895486317,0.00
190,199895486317,0.00
191,199895486317,0.00
192,199895486317,0.00
193,199895486317,0.00
194,90767078605,1.00
195,52730281188,0.30
196,199895486317,0.00
197,199895486317,0.00
198,199895486317,0.00
199,199895486317,0.00
200,199895486317,0.00
201,199895486317,0.00
202,199895486317,0.00
203,199895486317,0.00
204,199895486317,0.00
205,7131644060,2.90
206,199895486317,0.00
207,59013777221,72.60
208,7401494521,9.00
209,87396976145,9.70
210,84977195738,0.20
211,199895486317,0.00
212,199895486317,0.00
213,1512315801,4.00
214,140389632261,0.10
215,199895486317,0.00
216,15634731765,4.50
217,140389632261,0.10
218,195204096360,0.80
219,72640480,605.00
220,52730281188,0.30
221,84977195738,0.20
222,199895486317,0.00
223,3325055929,5.00
224,29734477,4069.40
225,31468776,3727.40
226,52730281188,0.30
227,33253250,418.30
228,199895486317,0.00
229,195204096360,0.80
230,199895486317,0.00
231,38114178661,8.40
232,199895486317,0.00
233,199895486317,0.00
234,199895486317,0.00
235,95842608240,0.90
236,145528619682,0.40
237,199895486317,0.00
238,199895486317,0.00
239,69910099,2420.50
240,199895486317,0.00
241,199895486317,0.00
242,84977195738,0.20
243,199895486317,0.00
244,140389632261,0.10
245,199895486317,0.00
246,199895486317,0.00
247,298047470036,0.70
248,843989023,2.00
249,199895486317,0.00
250,20786802,397.20
251,199895486317,0.00
252,28252533400,10.10
253,199895486317,0.00
254,298047470036,0.70
255,656309672,1.20
256,145528619682,0.40
257,29734502,553.00
258,199895486317,0.00
259,1807919470,1.60
260,52730281188,0.30
261,20763270,753.80
262,199895486317,0.00
263,3431112372,2.30
264,121423016318,39.10
265,892058999,6.00
266,199895486317,0.00
267,199895486317,0.00
268,14539909501,11.00
269,199895486317,0.00
270,892058999,6.00
271,84977195738,0.20
272,140389632261,0.10
273,84977195738,0.20
274,199895486317,0.00
275,199895486317,0.00
276,199895486317,0.00
277,6565292110,3.60
278,199895486317,0.00
279,97423958489,23.70
280,199895486317,0.00
281,50039995,5000.00
282,68739932,819.70
283,52730281188,0.30
284,99117604732,52.50
285,90767078605,1.00
286,199895486317,0.00
287,42996364,641.70
288,843989023,2.00
289,84977195738,0.20
290,3325055929,5.00
291,199895486317,0.00
292,145528619682,0.40
293,199895486317,0.00
294,199895486317,0.00
295,826096941,3.00
296,48366160,273.00
297,90767078605,1.00
298,140389632261,0.10
299,1817702540,1.30
300,60548786,664.00
301,199895486317,0.00
302,199895486317,0.00
303,826096941,3.00
304,199895486317,0.00
305,199895486317,0.00
306,35930179,677.60
307,656309672,1.20
308,17252759,721.90
309,199895486317,0.00
310,199895486317,0.00
311,656309672,1.20
312,22661723584,4.90
313,199895486317,0.00
314,66718491703,0.60
315,199895486317,0.00
316,16352214188,4.80
317,195204096360,0.80
318,199895486317,0.00
319,66718491703,0.60
320,199895486317,0.00
321,90767078605,1.00
322,64353254,1303.80
323,199895486317,0.00
324,14539909501,11.00
325,66718491703,0.60
326,22490994293,60.00
327,84977195738,0.20
328,199895486317,0.00
329,199895486317,0.00
330,199895486317,0.00
331,66718491703,0.60
332,199895486317,0.00
333,199895486317,0.00
334,199895486317,0.00
335,66718491703,0.60
336,69657998,1441.10
337,223069986634,0.50
338,223069986634,0.50
339,843989023,2.00
340,199895486317,0.00
341,50039995,5000.00
342,145528619682,0.40
343,7401494521,9.00
344,89022777,4158.50
345,656309672,1.20
346,3815437271,3.20
347,199895486317,0.00
348,84977195738,0.20
349,43944054413,20.50
350,199895486317,0.00
351,223069986634,0.50
352,199895486317,0.00
353,3431112372,2.30
354,4204626905,2.20
355,110445137493,35.30
356,199895486317,0.00
357,199895486317,0.00
358,199895486317,0.00
359,2607874967,2.40
360,199895486317,0.00
361,199895486317,0.00
362,199895486317,0.00
363,52730281188,0.30
364,140389632261,0.10
365,199895486317,0.00
366,223069986634,0.50
367,199895486317,0.00
368,199895486317,0.00
369,90767078605,1.00
370,656309672,1.20
371,52730281188,0.30
372,199895486317,0.00
373,3809471664,1.40
374,674775082,231.50
375,199895486317,0.00
376,199895486317,0.00
377,14114254,1473.20
378,2105680101,1.50
379,199895486317,0.00
380,199895486317,0.00
381,199895486317,0.00
382,656309672,1.20
383,199895486317,0.00
384,7131644060,2.90
385,11675366602,30.00
386,89051401,355.70
387,52730281188,0.30
388,2568009930,1.80
389,64977196559,13.90
390,199895486317,0.00
391,843989023,2.00
392,21048315,360.10
393,843989023,2.00
394,3014260410,10.00
395,66718491703,0.60
396,1846214782,169.30
397,199895486317,0.00
398,199895486317,0.00
399,52183561,1275.30
400,199895486317,0.00
401,145528619682,0.40
402,145528619682,0.40
403,84977195738,0.20
404,57461478457,98.40
405,199895486317,0.00
406,95842608240,0.90
407,199895486317,0.00
408,199895486317,0.00
409,95842608240,0.90
410,84977195738,0.20
411,826096941,3.00
412,140443938,247.00
413,66718491703,0.60
414,199895486317,0.00
415,23493615,597.90
416,199895486317,0.00
417,45932159904,46.30
418,3014260410,10.00
419,826096941,3.00
420,52730281188,0.30
421,199895486317,0.00
422,199895486317,0.00
423,199895486317,0.00
424,199895486317,0.00
425,199895486317,0.00
426,14149278180,14.00
427,843989023,2.00
428,656309672,1.20
429,66718491703,0.60
430,2105680101,1.50
431,1807919470,1.60
432,90767078605,1.00
433,199895486317,0.00
434,199895486317,0.00
435,826096941,3.00
436,2568009930,1.80
437,52730281188,0.30
438,2052747194,1.10
439,66718491703,0.60
440,52730281188,0.30
441,199895486317,0.00
442,140389632261,0.10
443,3313052405,163.70
444,199895486317,0.00
445,199895486317,0.00
446,199895486317,0.00
447,199895486317,0.00
448,8873340287,7.00
449,199895486317,0.00
450,199895486317,0.00
451,199895486317,0.00
452,90767078605,1.00
453,75033755,403.90
454,199895486317,0.00
455,1817702540,1.30
456,24723739,1899.00
457,66718491703,0.60
458,504851586,213.00
459,1817702540,1.30
460,199895486317,0.00
461,34767968018,43.00
462,199895486317,0.00
463,843989023,2.00
464,199895486317,0.00
465,199895486317,0.00
466,199895486317,0.00
467,13386592079,5.10
468,30964598,1082.00
469,223069986634,0.50
470,199895486317,0.00
471,826096941,3.00
472,199895486317,0.00
473,199895486317,0.00
474,199895486317,0.00
475,71860338,938.80
476,223069986634,0.50
477,199895486317,0.00
478,14369873098,40.00
479,199895486317,0.00
480,49238246,450.60
481,199895486317,0.00
482,223069986634,0.50
483,199895486317,0.00
484,58798542335,72.00
485,7131644060,2.90
486,199895486317,0.00
487,19396069421,7.40
488,199895486317,0.00
489,199895486317,0.00
490,199895486317,0.00
491,199895486317,0.00
492,199895486317,0.00
493,199895486317,0.00
494,52730281188,0.30
495,199895486317,0.00
496,65637544,3659.80
497,199895486317,0.00
498,40265968,998.80
499,199895486317,0.00
500,6644097078,3.40
501,90767078605,1.00
502,223069986634,0.50
503,2607874967,2.40
504,199895486317,0.00
505,199895486317,0.00
506,298047470036,0.70
507,199895486317,0.00
508,140389632261,0.10
509,199895486317,0.00
510,33148888,1368.30
511,2105680101,1.50
512,709421069,241.50
513,11878375537,10.20
514,199895486317,0.00
515,95111517740,23.90
516,199895486317,0.00
517,2198903108,2.50
518,2105680101,1.50
519,199895486317,0.00
520,90767078605,1.00
521,223069986634,0.50
522,52518571,334.50
523,90767078605,1.00
524,4204626905,2.20
525,199895486317,0.00
526,199895486317,0.00
527,199895486317,0.00
528,826096941,3.00
529,199895486317,0.00
530,2971846324,1.70
531,66718491703,0.60
532,52730281188,0.30
533,38728217945,4.70
534,1512315801,4.00
535,199895486317,0.00
536,84977195738,0.20
537,199895486317,0.00
538,298047470036,0.70
539,199895486317,0.00
540,199895486317,0.00
541,52730281188,0.30
542,199895486317,0.00
543,843989023,2.00
544,199895486317,0.00
545,8718384710,143.70
546,140389632261,0.10
547,199895486317,0.00
548,199895486317,0.00
549,199895486317,0.00
550,199895486317,0.00
551,140389632261,0.10
552,52730281188,0.30
553,66718491703,0.60
554,826096941,3.00
555,1512315801,4.00
556,52730281188,0.30
557,1691027259,2.10
558,2105680101,1.50
559,16624646,427.10
560,66718491703,0.60
561,2607874967,2.40
562,16948315236,8.30
563,2568009930,1.80
564,199895486317,0.00
565,3014260410,10.00
566,84977195738,0.20
567,88242648,649.90
568,94500794017,21.40
569,199895486317,0.00
570,3815437271,3.20
571,199895486317,0.00
572,199895486317,0.00
573,4204626905,2.20
574,145528619682,0.40
575,52730281188,0.30
576,199895486317,0.00
577,199895486317,0.00
578,199895486317,0.00
579,19396069421,7.40
580,199895486317,0.00
581,199895486317,0.00
582,199895486317,0.00
583,145528619682,0.40
584,51750536521,8.20
585,199895486317,0.00
586,52730281188,0.30
587,826096941,3.00
588,94615573337,58.50
589,4498064718,4.20
590,66718491703,0.60
591,84977195738,0.20
592,199895486317,0.00
593,8500524043,4.30
594,52730281188,0.30
595,52730281188,0.30
596,84977195738,0.20
597,199895486317,0.00
598,199895486317,0.00
599,140389632261,0.10
600,4498064718,4.20
601,223069986634,0.50
602,52730281188,0.30
603,84977195738,0.20
604,199895486317,0.00
605,199895486317,0.00
606,199895486317,0.00
607,59987489339,21.60
608,90767078605,1.00
609,52730281188,0.30
610,84977195738,0.20
611,298047470036,0.70
612,199895486317,0.00
613,199895486317,0.00
614,90767078605,1.00
615,84977195738,0.20
616,199895486317,0.00
617,7131644060,2.90
618,199895486317,0.00
619,145528619682,0.40
620,195204096360,0.80
621,10321453043,3.50
622,199895486317,0.00
623,52730281188,0.30
624,7235722582,3.10
625,199895486317,0.00
626,85296305,3950.50
627,11113545031,6.50
628,2105680101,1.50
629,199895486317,0.00
630,199895486317,0.00
631,199895486317,0.00
632,49063113,1396.50
633,117013148047,60.10
634,199895486317,0.00
635,199895486317,0.00
636,145528619682,0.40
637,298047470036,0.70
638,199895486317,0.00
639,199895486317,0.00
640,199895486317,0.00
641,199895486317,0.00
642,199895486317,0.00
643,66718491703,0.60
644,2568009930,1.80
645,826096941,3.00
646,199895486317,0.00
647,52730281188,0.30
648,199895486317,0.00
649,3014260410,10.00
650,199895486317,0.00
651,199895486317,0.00
652,7131644060,2.90
653,199895486317,0.00
654,826096941,3.00
655,116601328415,34.70
656,140389632261,0.10
657,199895486317,0.00
658,199895486317,0.00
659,199895486317,0.00
660,84977195738,0.20
661,199895486317,0.00
662,199895486317,0.00
663,199895486317,0.00
664,84977195738,0.20
665,199895486317,0.00
666,199895486317,0.00
667,223069986634,0.50
668,199895486317,0.00
669,52730281188,0.30
670,199895486317,0.00
671,199895486317,0.00
672,199895486317,0.00
673,199895486317,0.00
674,199895486317,0.00
675,199895486317,0.00
676,7401494521,9.00
677,66718491703,0.60
678,2607874967,2.40
679,826096941,3.00
680,66718491703,0.60
681,10116869172,8.00
682,199895486317,0.00
683,8602372137,4.60
684,55581761,366.70
685,656309672,1.20
686,60159144,464.90
687,199895486317,0.00
688,6644097078,3.40
689,1512315801,4.00
690,199895486317,0.00
691,116063475686,47.20
692,1691027259,2.10
693,84977195738,0.20
694,199895486317,0.00
695,145528619682,0.40
696,195204096360,0.80
697,199895486317,0.00
698,826096941,3.00
699,223069986634,0.50
700,8860371984,3.90
701,95842608240,0.90
702,140389632261,0.10
703,1807919470,1.60
704,140389632261,0.10
705,199895486317,0.00
706,199895486317,0.00
707,199895486317,0.00
708,199895486317,0.00
709,199895486317,0.00
710,199895486317,0.00
711,132377374,275.00
712,8602372137,4.60
713,38884783428,23.00
714,199895486317,0.00
715,199895486317,0.00
716,199895486317,0.00
717,170237049813,14.20
718,48178597710,51.90
719,199895486317,0.00
720,4498064718,4.20
721,892058999,6.00
722,66718491703,0.60
723,199895486317,0.00
724,826096941,3.00
725,199895486317,0.00
726,298047470036,0.70
727,52730281188,0.30
728,199895486317,0.00
729,199895486317,0.00
730,6020260826,2.70
731,84977195738,0.20
732,199895486317,0.00
733,7401494521,9.00
734,826096941,3.00
735,195204096360,0.80
736,298047470036,0.70
737,199895486317,0.00
738,199895486317,0.00
739,145528619682,0.40
740,199895486317,0.00
741,5129352926,1.90
742,199895486317,0.00
743,1512315801,4.00
744,826096941,3.00
745,199895486317,0.00
746,17414915563,50.20
747,826096941,3.00
748,199895486317,0.00
749,5129352926,1.90
750,199895486317,0.00
751,84977195738,0.20
752,199895486317,0.00
753,52730281188,0.30
754,55616053,1983.10
755,199895486317,0.00
756,13802200,1076.30
757,199895486317,0.00
758,199895486317,0.00
759,199895486317,0.00
760,199895486317,0.00
761,3809471664,1.40
762,199895486317,0.00
763,199895486317,0.00
764,90767078605,1.00
765,52730281188,0.30
766,199895486317,0.00
767,199895486317,0.00
768,199895486317,0.00
769,132976076221,9.20
770,199895486317,0.00
771,199895486317,0.00
772,199895486317,0.00
773,7401494521,9.00
774,199895486317,0.00
775,145528619682,0.40
776,74001250173,12.10
777,66718491703,0.60
778,298047470036,0.70
779,140389632261,0.10
780,38728217945,4.70
781,9750258421,10.30
782,6826057414,20.00
783,13802189,1004.30
784,199895486317,0.00
785,140389632261,0.10
786,826096941,3.00
787,84977195738,0.20
788,2863397348,3.30
789,88242662,2410.20
790,199895486317,0.00
791,55088012,552.60
792,38082183868,64.30
793,199895486317,0.00
794,199895486317,0.00
795,109382564859,33.60
796,52730281188,0.30
797,84977195738,0.20
798,84977195738,0.20
799,3431112372,2.30
800,46003924715,13.00
801,199895486317,0.00
802,199895486317,0.00
803,145528619682,0.40
804,90767078605,1.00
805,656309672,1.20
806,199895486317,0.00
807,199895486317,0.00
808,656309672,1.20
809,90767078605,1.00
810,199895486317,0.00
811,199895486317,0.00
812,843989023,2.00
813,199895486317,0.00
814,223069986634,0.50
815,199895486317,0.00
816,90767078605,1.00
817,195204096360,0.80
818,223069986634,0.50
819,199895486317,0.00
820,199895486317,0.00
821,52730281188,0.30
822,6644097078,3.40
823,826096941,3.00
824,199895486317,0.00
825,52730281188,0.30
826,199895486317,0.00
827,826096941,3.00
828,315978017,233.30
829,52730281188,0.30
830,199895486317,0.00
831,52730281188,0.30
832,25829884946,18.00
833,3431112372,2.30
834,2052747194,1.10
835,4204626905,2.20
836,3431112372,2.30
837,52730281188,0.30
838,656309672,1.20
839,14539909501,11.00
840,199895486317,0.00
841,50039995,5000.00
842,13934417200,5.70
843,199895486317,0.00
844,199895486317,0.00
845,199895486317,0.00
846,11269800800,2.80
847,14369873098,40.00
848,52374850,414.50
849,843989023,2.00
850,59984638,1092.50
851,140389632261,0.10
852,140389632261,0.10
853,14369873098,40.00
854,3325055929,5.00
855,1230382009,224.00
856,90767078605,1.00
857,40785294634,4.90
858,199895486317,0.00
859,2971846324,1.70
860,199895486317,0.00
861,90767078605,1.00
862,28174499,461.80
863,199895486317,0.00
864,656309672,1.20
865,199895486317,0.00
866,199895486317,0.00
867,11878375537,10.20
868,63279152,701.50
869,52730281188,0.30
870,3815437271,3.20
871,656309672,1.20
872,199895486317,0.00
873,199895486317,0.00
874,199895486317,0.00
875,199895486317,0.00
876,140389632261,0.10
877,140389632261,0.10
878,2863397348,3.30
879,199895486317,0.00
880,1691027259,2.10
881,199895486317,0.00
882,66718491703,0.60
883,199895486317,0.00
884,199895486317,0.00
885,2052747194,1.10
886,199895486317,0.00
887,199895486317,0.00
888,199895486317,0.00
889,843989023,2.00
890,2607874967,2.40
891,95842608240,0.90
892,2607874967,2.40
893,53743780,1062.40
894,199895486317,0.00
895,199895486317,0.00
896,84977195738,0.20
897,223069986634,0.50
898,199895486317,0.00
899,199895486317,0.00
900,73030501,712.80
901,23163504,1418.10
902,843989023,2.00
903,84977195738,0.20
904,199895486317,0.00
905,66718491703,0.60
906,140389632261,0.10
907,13802226,1005.50
908,199895486317,0.00
909,195204096360,0.80
910,199895486317,0.00
911,66718491703,0.60
912,199895486317,0.00
913,199895486317,0.00
914,199895486317,0.00
915,51247418,1138.50
916,199895486317,0.00
917,199895486317,0.00
918,199895486317,0.00
919,15433607056,7.20
920,199895486317,0.00
921,199895486317,0.00
922,199895486317,0.00
923,140389632261,0.10
924,52730281188,0.30
925,199895486317,0.00
926,199895486317,0.00
927,52730281188,0.30
928,52730281188,0.30
929,75452104780,46.00
930,2105680101,1.50
931,199895486317,0.00
932,199895486317,0.00
933,199895486317,0.00
934,199895486317,0.00
935,199895486317,0.00
936,17642792,553.80
937,8500524043,4.30
938,199895486317,0.00
939,199895486317,0.00
940,66718491703,0.60
941,892058999,6.00
942,2198903108,2.50
943,826096941,3.00
944,199895486317,0.00
945,84977195738,0.20
946,199895486317,0.00
947,199895486317,0.00
948,16948315236,8.30
949,6020260826,2.70
950,66718491703,0.60
951,140389632261,0.10
952,199895486317,0.00
953,199895486317,0.00
954,6283485960,6.20
955,52730281188,0.30
956,199895486317,0.00
957,90767078605,1.00
958,199895486317,0.00
959,298047470036,0.70
960,5129352926,1.90
961,199895486317,0.00
962,199895486317,0.00
963,199895486317,0.00
964,199895486317,0.00
965,199895486317,0.00
966,1512315801,4.00
967,66718491703,0.60
968,52730281188,0.30
969,199895486317,0.00
970,45932159904,46.30
971,199895486317,0.00
972,199895486317,0.00
973,199895486317,0.00
974,199895486317,0.00
975,32074829,4038.30
976,199895486317,0.00
977,140389632261,0.10
978,2863397348,3.30
979,199895486317,0.00
980,84977195738,0.20
981,52730281188,0.30
982,199895486317,0.00
983,52730281188,0.30
984,95842608240,0.90
985,199895486317,0.00
986,2105680101,1.50
987,4498064718,4.20
988,52730281188,0.30
989,199895486317,0.00
990,28276490227,6.90
991,195204096360,0.80
992,199895486317,0.00
993,199895486317,0.00
994,199895486317,0.00
995,892058999,6.00
996,84977195738,0.20
997,199895486317,0.00
998,24278117880,15.00
999,139763084889,22.80
1000,145528619682,0.40
1001,199895486317,0.00
1002,199895486317,0.00
1003,28252533400,10.10
1004,199895486317,0.00
1005,95842608240,0.90
1006,95842608240,0.90
1007,199895486317,0.00
1008,892058999,6.00
1009,84977195738,0.20
1010,199895486317,0.00
1011,66718491703,0.60
1012,52730281188,0.30
1013,39838350596,85.90
1014,199895486317,0.00
1015,199895486317,0.00
1016,892058999,6.00
1017,199895486317,0.00
1018,199895486317,0.00
1019,145528619682,0.40
1020,892058999,6.00
1021,199895486317,0.00
1022,38712903609,8.90
1023,3809471664,1.40
1024,199895486317,0.00
1025,84977195738,0.20
1026,199895486317,0.00
1027,42510197,1020.80
1028,199895486317,0.00
1029,199895486317,0.00
1030,195204096360,0.80
1031,4498064718,4.20
1032,199895486317,0.00
1033,2052747194,1.10
1034,843989023,2.00
1035,199895486317,0.00
1036,199895486317,0.00
1037,4204626905,2.20
1038,199895486317,0.00
1039,90767078605,1.00
1040,145528619682,0.40
1041,90767078605,1.00
1042,199895486317,0.00
1043,84977195738,0.20
1044,199895486317,0.00
1045,656309672,1.20
1046,95842608240,0.90
1047,140389632261,0.10
1048,199895486317,0.00
1049,95842608240,0.90
1050,27027066,401.30
1051,3815437271,3.20
1052,44166525,774.00
1053,44946640,860.00
1054,199895486317,0.00
1055,199895486317,0.00
1056,3014260410,10.00
1057,199895486317,0.00
1058,2607874967,2.40
1059,140389632261,0.10
1060,66718491703,0.60
1061,195204096360,0.80
1062,199895486317,0.00
1063,2790164560,160.10
1064,826096941,3.00
1065,6550637188,147.50
1066,199895486317,0.00
1067,199895486317,0.00
1068,19593092,2297.90
1069,13386592079,5.10
1070,199895486317,0.00
1071,199895486317,0.00
1072,199895486317,0.00
1073,199895486317,0.00
1074,199895486317,0.00
1075,199895486317,0.00
1076,7568365925,3.80
1077,199895486317,0.00
1078,199895486317,0.00
1079,199895486317,0.00
1080,45336652,692.90
1081,199895486317,0.00
1082,199895486317,0.00
1083,199895486317,0.00
1084,199895486317,0.00
1085,1691027259,2.10
1086,199895486317,0.00
1087,51998483556,9.10
1088,199895486317,0.00
1089,826096941,3.00
1090,1817702540,1.30
1091,48354582,293.30
1092,199895486317,0.00
1093,199895486317,0.00
1094,12134622890,7.50
1095,33635041,721.30
1096,145528619682,0.40
1097,51559467,1129.90
1098,66718491703,0.60
1099,57428366,4002.60
1100,199895486317,0.00
1101,199895486317,0.00
1102,826096941,3.00
1103,826096941,3.00
1104,199895486317,0.00
1105,199895486317,0.00
1106,826096941,3.00
1107,52730281188,0.30
1108,3809471664,1.40
1109,199895486317,0.00
1110,52730281188,0.30
1111,95842608240,0.90
1112,199895486317,0.00
1113,843989023,2.00
1114,199895486317,0.00
1115,145528619682,0.40
1116,199895486317,0.00
1117,199895486317,0.00
1118,199895486317,0.00
1119,199895486317,0.00
1120,199895486317,0.00
1121,656309672,1.20
1122,199895486317,0.00
1123,60875755069,12.80
1124,199895486317,0.00
1125,60296688,1281.00
1126,199895486317,0.00
1127,52730281188,0.30
1128,66718491703,0.60
1129,226614584,230.80
1130,42216226,4625.90
1131,24598792,324.20
1132,199895486317,0.00
1133,199895486317,0.00
1134,199895486317,0.00
1135,145528619682,0.40
1136,199895486317,0.00
1137,199895486317,0.00
1138,199895486317,0.00
1139,199895486317,0.00
1140,19593096,502.50
1141,3809471664,1.40
1142,199895486317,0.00
1143,298047470036,0.70
1144,66718491703,0.60
1145,199895486317,0.00
1146,223069986634,0.50
1147,199895486317,0.00
1148,199895486317,0.00
1149,199895486317,0.00
1150,199895486317,0.00
1151,199895486317,0.00
1152,52730281188,0.30
1153,5902052860,6.10
1154,199895486317,0.00
1155,199895486317,0.00
1156,199895486317,0.00
1157,199895486317,0.00
1158,199895486317,0.00
1159,96975900,343.30
1160,2863397348,3.30
1161,199895486317,0.00
1162,892058999,6.00
1163,199895486317,0.00
1164,199895486317,0.00
1165,14369873098,40.00
1166,3431112372,2.30
1167,843989023,2.00
1168,199895486317,0.00
1169,199895486317,0.00
1170,95842608240,0.90
1171,199895486317,0.00
1172,12866086,1328.20
1173,66718491703,0.60
1174,73090488,1993.30
1175,2105680101,1.50
1176,66718491703,0.60
1177,66718491703,0.60
1178,199895486317,0.00
1179,892058999,6.00
1180,2971846324,1.70
1181,199895486317,0.00
1182,199895486317,0.00
1183,199895486317,0.00
1184,199895486317,0.00
1185,199895486317,0.00
1186,199895486317,0.00
1187,2971846324,1.70
1188,90767078605,1.00
1189,223069986634,0.50
1190,199895486317,0.00
1191,2863397348,3.30
1192,69345937,1219.80
1193,52730281188,0.30
1194,199895486317,0.00
1195,199895486317,0.00
1196,90767078605,1.00
1197,84977195738,0.20
1198,223069986634,0.50
1199,116071468299,17.50
1200,826096941,3.00
1201,1691027259,2.10
1202,2568009930,1.80
1203,199895486317,0.00
1204,195204096360,0.80
1205,199895486317,0.00
1206,36755453,4980.90
1207,22035217,1371.50
1208,71476153054,35.50
1209,23556536,384.80
1210,66718491703,0.60
1211,199895486317,0.00
1212,199895486317,0.00
1213,145528619682,0.40
1214,199895486317,0.00
1215,199895486317,0.00
1216,223069986634,0.50
1217,5902052860,6.10
1218,199895486317,0.00
1219,2863397348,3.30
1220,199895486317,0.00
1221,140389632261,0.10
1222,826096941,3.00
1223,90775057,281.70
1224,199895486317,0.00
1225,66718491703,0.60
1226,199895486317,0.00
1227,843989023,2.00
1228,199895486317,0.00
1229,199895486317,0.00
1230,140389632261,0.10
1231,4760904405,172.60
1232,52730281188,0.30
1233,14539909501,11.00
1234,32464859,628.50
1235,30624941755,7.80
1236,1512315801,4.00
1237,199895486317,0.00
1238,826096941,3.00
1239,145528619682,0.40
1240,84977195738,0.20
1241,1817702540,1.30
1242,199895486317,0.00
1243,84977195738,0.20
1244,92576541895,44.00
1245,656309672,1.20
1246,145528619682,0.40
1247,199895486317,0.00
1248,199895486317,0.00
1249,199895486317,0.00
1250,66718491703,0.60
1251,195204096360,0.80
1252,843989023,2.00
1253,843989023,2.00
1254,223069986634,0.50
1255,66718491703,0.60
1256,65709103,321.20
1257,199895486317,0.00
1258,826096941,3.00
1259,199895486317,0.00
1260,22539439,1069.20
1261,145528619682,0.40
1262,90767078605,1.00
1263,199895486317,0.00
1264,11269800800,2.80
1265,199895486317,0.00
1266,2568009930,1.80
1267,3809471664,1.40
1268,199895486317,0.00
1269,84977195738,0.20
1270,199895486317,0.00
1271,843989023,2.00
1272,66718491703,0.60
1273,199895486317,0.00
1274,199895486317,0.00
1275,84977195738,0.20
1276,84977195738,0.20
1277,52730281188,0.30
1278,68409811,1233.10
1279,95842608240,0.90
1280,199895486317,0.00
1281,199895486317,0.00
1282,10116869172,8.00
1283,2568009930,1.80
1284,843989023,2.00
1285,145528619682,0.40
1286,199895486317,0.00
1287,5129352926,1.90
1288,199895486317,0.00
1289,199895486317,0.00
1290,843989023,2.00
1291,195204096360,0.80
1292,12666411253,4.10
1293,84342114,4052.30
1294,199895486317,0.00
1295,58112376,1979.60
1296,298047470036,0.70
1297,656309672,1.20
1298,9750258421,10.30
1299,199895486317,0.00
1300,66718491703,0.60
1301,199895486317,0.00
1302,199895486317,0.00
1303,892058999,6.00
1304,16082593,569.00
1305,66718491703,0.60
1306,199895486317,0.00
1307,843989023,2.00
1308,90767078605,1.00
1309,90767078605,1.00
1310,66718491703,0.60
1311,199895486317,0.00
1312,3325055929,5.00
1313,52730281188,0.30
1314,199895486317,0.00
1315,199895486317,0.00
1316,199895486317,0.00
1317,199895486317,0.00
1318,19374312155,21.00
1319,199895486317,0.00
1320,199895486317,0.00
1321,84342078,794.20
1322,95842608240,0.90
1323,199895486317,0.00
1324,5129352926,1.90
1325,199895486317,0.00
1326,84977195738,0.20
1327,2198903108,2.50
1328,2052747194,1.10
1329,199895486317,0.00
1330,199895486317,0.00
1331,199895486317,0.00
1332,3431112372,2.30
1333,199895486317,0.00
1334,199895486317,0.00
1335,77391968802,16.20
1336,95842608240,0.90
1337,26788135,3194.20
1338,8500524043,4.30
1339,7235722582,3.10
1340,199895486317,0.00
1341,199895486317,0.00
1342,199895486317,0.00
1343,199895486317,0.00
1344,199895486317,0.00
1345,199895486317,0.00
1346,199895486317,0.00
1347,199895486317,0.00
1348,199895486317,0.00
1349,199895486317,0.00
1350,892058999,6.00
1351,199895486317,0.00
1352,195204096360,0.80
1353,199895486317,0.00
1354,56648225,2135.40
1355,46701650605,12.70
1356,199895486317,0.00
1357,46003924715,13.00
1358,10666247130,5.40
1359,199895486317,0.00
1360,7279936613,154.60
1361,11878375537,10.20
1362,28252533400,10.10
1363,66718491703,0.60
1364,85299228446,26.30
1365,145528619682,0.40
1366,10666247130,5.40
1367,843989023,2.00
1368,145528619682,0.40
1369,199895486317,0.00
1370,199895486317,0.00
1371,199895486317,0.00
1372,199895486317,0.00
1373,28276490227,6.90
1374,145528619682,0.40
1375,199895486317,0.00
1376,6585028823,159.00
1377,84977195738,0.20
1378,84977195738,0.20
1379,10116869172,8.00
1380,90767078605,1.00
1381,27844184,1792.80
1382,66718491703,0.60
1383,656309672,1.20
1384,54296945715,21.70
1385,199895486317,0.00
1386,78101260,2672.00
1387,2106169021,189.10
1388,1817702540,1.30
1389,95842608240,0.90
1390,66718491703,0.60
1391,1807919470,1.60
1392,140389632261,0.10
1393,95842608240,0.90
1394,199895486317,0.00
1395,199895486317,0.00
1396,199895486317,0.00
1397,218008346808,10.40
1398,298047470036,0.70
1399,199895486317,0.00
1400,2052747194,1.10
1401,145528619682,0.40
1402,52730281188,0.30
1403,199895486317,0.00
1404,199895486317,0.00
1405,199895486317,0.00
1406,199895486317,0.00
1407,199895486317,0.00
1408,140389632261,0.10
1409,2568009930,1.80
1410,145528619682,0.40
1411,49277415468,11.80
1412,199895486317,0.00
1413,145528619682,0.40
1414,199895486317,0.00
1415,73876883182,24.30
1416,298047470036,0.70
1417,66718491703,0.60
1418,843989023,2.00
1419,199895486317,0.00
1420,199895486317,0.00
1421,66718491703,0.60
1422,154958941,287.80
1423,24278117880,15.00
1424,145528619682,0.40
1425,2971846324,1.70
1426,232857421169,18.40
1427,199895486317,0.00
1428,199895486317,0.00
1429,199895486317,0.00
1430,223069986634,0.50
1431,84977195738,0.20
1432,199895486317,0.00
1433,137488080615,42.10
1434,52730281188,0.30
1435,47190849,1274.40
1436,2105680101,1.50
1437,3815437271,3.20
1438,199895486317,0.00
1439,223069986634,0.50
1440,3014260410,10.00
1441,6565292110,3.60
1442,199895486317,0.00
1443,90767078605,1.00
1444,52730281188,0.30
1445,199895486317,0.00
1446,892058999,6.00
1447,199895486317,0.00
1448,199895486317,0.00
1449,199895486317,0.00
1450,199895486317,0.00
1451,145528619682,0.40
1452,298047470036,0.70
1453,199895486317,0.00
1454,90767078605,1.00
1455,199895486317,0.00
1456,199895486317,0.00
1457,91753118,774.50
1458,90767078605,1.00
1459,55478067,2517.00
1460,145528619682,0.40
1461,8514791541,130.10
1462,8602372137,4.60
1463,199895486317,0.00
1464,52730281188,0.30
1465,892058999,6.00
1466,199895486317,0.00
1467,56861003524,14.60
1468,199895486317,0.00
1469,199895486317,0.00
1470,38712903609,8.90
1471,199895486317,0.00
1472,3014260410,10.00
1473,2198903108,2.50
1474,826096941,3.00
1475,2863397348,3.30
1476,95842608240,0.90
1477,199895486317,0.00
1478,9750258421,10.30
1479,10321453043,3.50
1480,140389632261,0.10
1481,199895486317,0.00
1482,199895486317,0.00
1483,199895486317,0.00
1484,10186598,659.30
1485,199895486317,0.00
1486,2472441982,2.60
1487,45932159904,46.30
1488,95842608240,0.90
1489,145528619682,0.40
1490,199895486317,0.00
1491,199895486317,0.00
1492,199895486317,0.00
1493,199895486317,0.00
1494,199895486317,0.00
1495,199895486317,0.00
1496,199895486317,0.00
1497,199895486317,0.00
1498,892058999,6.00
1499,199895486317,0.00
1500,199895486317,0.00
1501,199895486317,0.00
1502,29344436,888.90
1503,19983134,2733.80
1504,199895486317,0.00
1505,32464902,952.30
1506,199895486317,0.00
1507,199895486317,0.00
1508,39095806,681.60
1509,2863397348,3.30
1510,199895486317,0.00
1511,199895486317,0.00
1512,199895486317,0.00
1513,199895486317,0.00
1514,199895486317,0.00
1515,199895486317,0.00
1516,99020752186,30.60
1517,3014260410,10.00
1518,70594113,1543.10
1519,298047470036,0.70
1520,2971846324,1.70
1521,199895486317,0.00
1522,199895486317,0.00
1523,199895486317,0.00
1524,631201671,236.30
1525,66718491703,0.60
1526,843989023,2.00
1527,199895486317,0.00
1528,1807919470,1.60
1529,52730281188,0.30
1530,199895486317,0.00
1531,52730281188,0.30
1532,199895486317,0.00
1533,199895486317,0.00
1534,13386592079,5.10
1535,66009572,800.20
1536,892058999,6.00
1537,13220597826,5.80
1538,199895486317,0.00
1539,199895486317,0.00
1540,19374312155,21.00
1541,7568365925,3.80
1542,199895486317,0.00
1543,199895486317,0.00
1544,199895486317,0.00
1545,1691027259,2.10
1546,2472441982,2.60
1547,86233591,322.70
1548,1512315801,4.00
1549,195204096360,0.80
1550,2472441982,2.60
1551,12666411253,4.10
1552,66718491703,0.60
1553,199895486317,0.00
1554,199895486317,0.00
1555,32808083150,61.30
1556,199895486317,0.00
1557,199895486317,0.00
1558,199895486317,0.00
1559,65289384,1501.00
1560,199895486317,0.00
1561,843989023,2.00
1562,1817702540,1.30
1563,199895486317,0.00
1564,1817702540,1.30
1565,6826057414,20.00
1566,90767078605,1.00
1567,52730281188,0.30
1568,826096941,3.00
1569,199895486317,0.00
1570,66718491703,0.60
1571,66718491703,0.60
1572,199895486317,0.00
1573,66718491703,0.60
1574,892058999,6.00
1575,84977195738,0.20
1576,199895486317,0.00
1577,84977195738,0.20
1578,199895486317,0.00
1579,199895486317,0.00
1580,35021154,1049.80
1581,58598527,571.90
1582,66718491703,0.60
1583,199895486317,0.00
1584,135277330954,12.50
1585,3809471664,1.40
1586,140389632261,0.10
1587,199895486317,0.00
1588,892058999,6.00
1589,145528619682,0.40
1590,199895486317,0.00
1591,199895486317,0.00
1592,95842608240,0.90
1593,140389632261,0.10
1594,199895486317,0.00
1595,84977195738,0.20
1596,90767078605,1.00
1597,90767078605,1.00
1598,199895486317,0.00
1599,199895486317,0.00
1600,199895486317,0.00
1601,145528619682,0.40
1602,84977195738,0.20
1603,3014260410,10.00
1604,49323562321,20.10
1605,199895486317,0.00
1606,199895486317,0.00
1607,52730281188,0.30
1608,90767078605,1.00
1609,5902052860,6.10
1610,199895486317,0.00
1611,60277030,314.10
1612,90767078605,1.00
1613,27784232,2170.20
1614,892058999,6.00
1615,199895486317,0.00
1616,199895486317,0.00
1617,199895486317,0.00
1618,892058999,6.00
1619,6020260826,2.70
1620,66718491703,0.60
1621,199895486317,0.00
1622,199895486317,0.00
1623,199895486317,0.00
1624,826096941,3.00
1625,199895486317,0.00
1626,223069986634,0.50
1627,6565292110,3.60
1628,66718491703,0.60
1629,84977195738,0.20
1630,892058999,6.00
1631,199895486317,0.00
1632,2472441982,2.60
1633,198254718,246.20
1634,199895486317,0.00
1635,84977195738,0.20
1636,199895486317,0.00
1637,26596011,1399.10
1638,50039995,5000.00
1639,6644097078,3.40
1640,84977195738,0.20
1641,46116788,2990.90
1642,140389632261,0.10
1643,140389632261,0.10
1644,7131644060,2.90
1645,199895486317,0.00
1646,90767078605,1.00
1647,199895486317,0.00
1648,199895486317,0.00
1649,199895486317,0.00
1650,199895486317,0.00
1651,13934417200,5.70
1652,66789675,970.50
1653,84977195738,0.20
1654,84977195738,0.20
1655,826096941,3.00
1656,826096941,3.00
1657,52730281188,0.30
1658,2863397348,3.30
1659,66718491703,0.60
1660,145528619682,0.40
1661,199895486317,0.00
1662,145528619682,0.40
1663,35818966037,7.30
1664,84977195738,0.20
1665,44946607,716.10
1666,84977195738,0.20
1667,199895486317,0.00
1668,199895486317,0.00
1669,2052747194,1.10
1670,3361762584,171.30
1671,96991497624,32.60
1672,8860371984,3.90
1673,199895486317,0.00
1674,223069986634,0.50
1675,199895486317,0.00
1676,4498064718,4.20
1677,36269329,1038.70
1678,27506883043,10.60
1679,2472441982,2.60
1680,199895486317,0.00
1681,199895486317,0.00
1682,199895486317,0.00
1683,199895486317,0.00
1684,90767078605,1.00
1685,199895486317,0.00
1686,66718491703,0.60
1687,199895486317,0.00
1688,826096941,3.00
1689,145528619682,0.40
1690,199895486317,0.00
1691,12377656444,5.60
1692,11269800800,2.80
1693,145528619682,0.40
1694,84977195738,0.20
1695,199895486317,0.00
1696,4204626905,2.20
1697,84977195738,0.20
1698,66718491703,0.60
1699,145528619682,0.40
1700,199895486317,0.00
1701,199895486317,0.00
1702,58047720041,103.30
1703,95842608240,0.90
1704,199895486317,0.00
1705,199895486317,0.00
1706,7235722582,3.10
1707,43134292,1296.10
1708,199895486317,0.00
1709,199895486317,0.00
1710,199895486317,0.00
1711,199895486317,0.00
1712,57176237,1583.10
1713,199895486317,0.00
1714,199895486317,0.00
1715,47286953,2532.60
1716,127313110880,22.40
1717,199895486317,0.00
1718,119494649634,22.70
1719,199895486317,0.00
1720,84977195738,0.20
1721,7235722582,3.10
1722,84977195738,0.20
1723,199895486317,0.00
1724,199895486317,0.00
1725,57800355,1903.10
1726,145528619682,0.40
1727,199895486317,0.00
1728,84977195738,0.20
1729,199895486317,0.00
1730,4204626905,2.20
1731,42260918,398.20
1732,120658571,300.90
1733,199895486317,0.00
1734,199895486317,0.00
1735,843989023,2.00
1736,199895486317,0.00
1737,199895486317,0.00
1738,66718491703,0.60
1739,199895486317,0.00
1740,199895486317,0.00
1741,21291240,1786.50
1742,199895486317,0.00
1743,3014260410,10.00
1744,2105680101,1.50
1745,199895486317,0.00
1746,90767078605,1.00
1747,84977195738,0.20
1748,199895486317,0.00
1749,84977195738,0.20
1750,1512315801,4.00
1751,84977195738,0.20
1752,199895486317,0.00
1753,41745396686,74.60
1754,199895486317,0.00
1755,199895486317,0.00
1756,199895486317,0.00
1757,843989023,2.00
1758,52730281188,0.30
1759,95842608240,0.90
1760,31863246,400.50
1761,66718491703,0.60
1762,199895486317,0.00
1763,843989023,2.00
1764,60023016744,99.90
1765,199895486317,0.00
1766,199895486317,0.00
1767,23475545,1016.40
1768,95842608240,0.90
1769,84977195738,0.20
1770,36365450,2367.70
1771,47962926683,5.10
1772,2971846324,1.70
1773,49067921051,40.30
1774,90767078605,1.00
1775,199895486317,0.00
1776,843989023,2.00
1777,199895486317,0.00
1778,199895486317,0.00
1779,3325055929,5.00
1780,52730281188,0.30
1781,199895486317,0.00
1782,15763505261,127.00
1783,298047470036,0.70
1784,843989023,2.00
1785,90767078605,1.00
1786,892058999,6.00
1787,25443913,829.80
1788,199895486317,0.00
1789,843989023,2.00
1790,145528619682,0.40
1791,80831626,574.30
1792,199895486317,0.00
1793,199895486317,0.00
1794,32074809,608.70
1795,2607874967,2.40
1796,84977195738,0.20
1797,199895486317,0.00
1798,84977195738,0.20
1799,66718491703,0.60
1800,199895486317,0.00
1801,5129352926,1.90
1802,145528619682,0.40
1803,199895486317,0.00
1804,145528619682,0.40
1805,8873340287,7.00
1806,199895486317,0.00
1807,195204096360,0.80
1808,199895486317,0.00
1809,199895486317,0.00
1810,65213224019,37.60
1811,199895486317,0.00
1812,84977195738,0.20
1813,843989023,2.00
1814,451197647,248.20
1815,95842608240,0.90
1816,199895486317,0.00
1817,90846626005,30.50
1818,3431112372,2.30
1819,199895486317,0.00
1820,199895486317,0.00
1821,199895486317,0.00
1822,73713380654,75.40
1823,199895486317,0.00
1824,145528619682,0.40
1825,140389632261,0.10
1826,199895486317,0.00
1827,95842608240,0.90
1828,199895486317,0.00
1829,892058999,6.00
1830,199895486317,0.00
1831,199895486317,0.00
1832,199895486317,0.00
1833,199895486317,0.00
1834,199895486317,0.00
1835,199895486317,0.00
1836,90775057,281.70
1837,826096941,3.00
1838,199895486317,0.00
1839,656309672,1.20
1840,90767078605,1.00
1841,4659119522,3.70
1842,45978846,3124.10
1843,64322976387,25.20
1844,843989023,2.00
1845,199895486317,0.00
1846,140389632261,0.10
1847,199895486317,0.00
1848,1512315801,4.00
1849,13386592079,5.10
1850,199895486317,0.00
1851,298047470036,0.70
1852,105423084,3326.20
1853,199895486317,0.00
1854,50039995,5000.00
1855,95842608240,0.90
1856,35333202,1804.70
1857,195204096360,0.80
1858,199895486317,0.00
1859,195204096360,0.80
1860,55478093,815.20
1861,199895486317,0.00
1862,66718491703,0.60
1863,199895486317,0.00
1864,199895486317,0.00
1865,73030929,467.90
1866,199895486317,0.00
1867,145528619682,0.40
1868,90767078605,1.00
1869,52730281188,0.30
1870,199895486317,0.00
1871,140389632261,0.10
1872,843989023,2.00
1873,199895486317,0.00
1874,826096941,3.00
1875,3325055929,5.00
1876,7401494521,9.00
1877,66718491703,0.60
1878,84977195738,0.20
1879,199895486317,0.00
1880,843989023,2.00
1881,199895486317,0.00
1882,199895486317,0.00
1883,2052747194,1.10
1884,199895486317,0.00
1885,199895486317,0.00
1886,199895486317,0.00
1887,199895486317,0.00
1888,4659119522,3.70
1889,199895486317,0.00
1890,199895486317,0.00
1891,66718491703,0.60
1892,66718491703,0.60
1893,199895486317,0.00
1894,128770045765,31.60
1895,199895486317,0.00
1896,199895486317,0.00
1897,298047470036,0.70
1898,66718491703,0.60
1899,84977195738,0.20
1900,298047470036,0.70
1901,103560881493,17.80
1902,199895486317,0.00
1903,140389632261,0.10
1904,199895486317,0.00
1905,1807919470,1.60
1906,199895486317,0.00
1907,66718491703,0.60
1908,26568869,848.30
1909,843989023,2.00
1910,656309672,1.20
1911,199895486317,0.00
1912,4659119522,3.70
1913,14099369270,6.30
1914,199895486317,0.00
1915,43638483,3162.30
1916,199895486317,0.00
1917,826096941,3.00
1918,140389632261,0.10
1919,199895486317,0.00
1920,843989023,2.00
1921,71357749912,14.30
1922,1512315801,4.00
1923,90767078605,1.00
1924,90767078605,1.00
1925,199895486317,0.00
1926,58926717882,19.90
1927,826096941,3.00
1928,66718491703,0.60
1929,69345960,1851.80
1930,199895486317,0.00
1931,199895486317,0.00
1932,826096941,3.00
1933,199895486317,0.00
1934,66718491703,0.60
1935,3325055929,5.00
1936,199895486317,0.00
1937,3431112372,2.30
1938,10321453043,3.50
1939,1807919470,1.60
1940,199895486317,0.00
1941,199895486317,0.00
1942,199895486317,0.00
1943,95842608240,0.90
1944,84977195738,0.20
1945,39095828,559.40
1946,28954381,2262.30
1947,47677016,826.60
1948,52730281188,0.30
1949,199895486317,0.00
1950,145528619682,0.40
1951,2052747194,1.10
1952,27220053,1095.30
1953,199895486317,0.00
1954,145528619682,0.40
1955,199895486317,0.00
1956,199895486317,0.00
1957,90767078605,1.00
1958,52730281188,0.30
1959,199895486317,0.00
1960,199895486317,0.00
1961,199895486317,0.00
1962,199895486317,0.00
1963,2863397348,3.30
1964,35645246,1359.50
1965,199895486317,0.00
1966,145528619682,0.40
1967,298047470036,0.70
1968,199895486317,0.00
1969,1512315801,4.00
1970,199895486317,0.00
1971,140389632261,0.10
1972,145528619682,0.40
1973,90767078605,1.00
1974,199895486317,0.00
1975,199895486317,0.00
1976,199895486317,0.00
1977,52730281188,0.30
1978,826096941,3.00
1979,84977195738,0.20
1980,199895486317,0.00
1981,199895486317,0.00
1982,199895486317,0.00
1983,30664455,553.70
1984,11113545031,6.50
1985,199895486317,0.00
1986,826096941,3.00
1987,57176262,1663.80
1988,199895486317,0.00
1989,145528619682,0.40
1990,84977195738,0.20
1991,140389632261,0.10
1992,140389632261,0.10
1993,27256200,3256.90
1994,199895486317,0.00
1995,52730281188,0.30
1996,145528619682,0.40
1997,843989023,2.00
1998,2105680101,1.50
1999,84977195738,0.20
2000,3809471664,1.40
2001,199895486317,0.00
2002,19983137,2249.90
2003,52730281188,0.30
2004,223069986634,0.50
2005,199895486317,0.00
2006,199895486317,0.00
2007,34174937,715.20
2008,12134622890,7.50
2009,65601434,1225.10
2010,199895486317,0.00
2011,199895486317,0.00
2012,199895486317,0.00
2013,52730281188,0.30
2014,199895486317,0.00
2015,95842608240,0.90
2016,199895486317,0.00
2017,199895486317,0.00
2018,7235722582,3.10
2019,199895486317,0.00
2020,199895486317,0.00
2021,199895486317,0.00
2022,61503398695,9.80
2023,199895486317,0.00
2024,90767078605,1.00
2025,2052747194,1.10
2026,199895486317,0.00
2027,199895486317,0.00
2028,56861003524,14.60
2029,199895486317,0.00
2030,95842608240,0.90
2031,2863397348,3.30
2032,199895486317,0.00
2033,199895486317,0.00
2034,84977195738,0.20
2035,8602372137,4.60
2036,223069986634,0.50
2037,826096941,3.00
2038,199895486317,0.00
2039,52730281188,0.30
2040,199895486317,0.00
2041,38315691,2260.60
2042,10116869172,8.00
2043,199895486317,0.00
2044,843989023,2.00
2045,95842608240,0.90
2046,199895486317,0.00
2047,90767078605,1.00
2048,9750258421,10.30
2049,199895486317,0.00
2050,195204096360,0.80
2051,84977195738,0.20
2052,199895486317,0.00
2053,145528619682,0.40
2054,199895486317,0.00
2055,66718491703,0.60
2056,199895486317,0.00
2057,199895486317,0.00
2058,826096941,3.00
2059,85916999009,70.80
2060,199895486317,0.00
2061,51559481,1022.90
2062,199895486317,0.00
2063,2568009930,1.80
2064,2568009930,1.80
2065,12101596763,5.30
2066,199895486317,0.00
2067,53137774,884.40
2068,199895486317,0.00
2069,199895486317,0.00
2070,2607874967,2.40
2071,199895486317,0.00
2072,66718491703,0.60
2073,13386592079,5.10
2074,199895486317,0.00
2075,86665655658,51.00
2076,199895486317,0.00
2077,70348199340,30.60
2078,843989023,2.00
2079,199895486317,0.00
2080,4659119522,3.70
2081,199895486317,0.00
2082,199895486317,0.00
2083,199895486317,0.00
2084,199895486317,0.00
2085,199895486317,0.00
2086,84977195738,0.20
2087,52730281188,0.30
2088,199895486317,0.00
2089,843989023,2.00
2090,199895486317,0.00
2091,91375615,339.50
2092,145528619682,0.40
2093,199895486317,0.00
2094,199895486317,0.00
2095,199895486317,0.00
2096,199895486317,0.00
2097,199895486317,0.00
2098,199895486317,0.00
2099,199895486317,0.00
2100,199895486317,0.00
2101,223069986634,0.50
2102,3809471664,1.40
2103,199895486317,0.00
2104,199895486317,0.00
2105,199895486317,0.00
2106,199895486317,0.00
2107,199895486317,0.00
2108,199895486317,0.00
2109,199895486317,0.00
2110,84977195738,0.20
2111,199895486317,0.00
2112,199895486317,0.00
2113,84977195738,0.20
2114,199895486317,0.00
2115,95842608240,0.90
2116,84977195738,0.20
2117,199895486317,0.00
2118,145528619682,0.40
2119,37205453,1085.30
2120,199895486317,0.00
2121,95842608240,0.90
2122,199895486317,0.00
2123,199895486317,0.00
2124,199895486317,0.00
2125,90767078605,1.00
2126,199895486317,0.00
2127,199895486317,0.00
2128,2232966953,152.30
2129,84977195738,0.20
2130,199895486317,0.00
2131,140389632261,0.10
2132,66718491703,0.60
2133,199895486317,0.00
2134,52730281188,0.30
2135,826096941,3.00
2136,199895486317,0.00
2137,199895486317,0.00
2138,66718491703,0.60
2139,92143202,928.30
2140,199895486317,0.00
2141,199895486317,0.00
2142,90767078605,1.00
2143,66718491703,0.60
2144,23493617,857.20
2145,826096941,3.00
2146,2472441982,2.60
2147,199895486317,0.00
2148,84977195738,0.20
2149,199895486317,0.00
2150,52730281188,0.30
2151,2198903108,2.50
2152,59984629,1376.70
2153,92533232,581.00
2154,199895486317,0.00
2155,5129352926,1.90
2156,199895486317,0.00
2157,199895486317,0.00
2158,199895486317,0.00
2159,199895486317,0.00
2160,223069986634,0.50
2161,8860371984,3.90
2162,90767078605,1.00
2163,892058999,6.00
2164,90767078605,1.00
2165,12949197951,115.40
2166,826096941,3.00
2167,18069230993,5.50
2168,84977195738,0.20
2169,3431112372,2.30
2170,199895486317,0.00
2171,199895486317,0.00
2172,199895486317,0.00
2173,84977195738,0.20
2174,298047470036,0.70
2175,199895486317,0.00
2176,199895486317,0.00
2177,199895486317,0.00
2178,199895486317,0.00
2179,199895486317,0.00
2180,140389632261,0.10
2181,199895486317,0.00
2182,199895486317,0.00
2183,199895486317,0.00
2184,145528619682,0.40
2185,84977195738,0.20
2186,90767078605,1.00
2187,199895486317,0.00
2188,13647757328,20.20
2189,199895486317,0.00
2190,90767078605,1.00
2191,199895486317,0.00
2192,74001250173,12.10
2193,199895486317,0.00
2194,199895486317,0.00
2195,199895486317,0.00
2196,95842608240,0.90
2197,66718491703,0.60
2198,67179693,2600.70
2199,145528619682,0.40
2200,199895486317,0.00
2201,199895486317,0.00
2202,199895486317,0.00
2203,84977195738,0.20
2204,199895486317,0.00
2205,13647757328,20.20
2206,656309672,1.20
2207,34017335131,41.00
2208,199895486317,0.00
2209,5129352926,1.90
2210,50039995,5000.00
2211,199895486317,0.00
2212,6826057414,20.00
2213,199895486317,0.00
2214,84977195738,0.20
2215,199895486317,0.00
2216,843989023,2.00
2217,33347501379,10.50
2218,14369873098,40.00
2219,199895486317,0.00
2220,656309672,1.20
2221,199895486317,0.00
2222,48848527,447.20
2223,95842608240,0.90
2224,84977195738,0.20
2225,23776329952,55.10
2226,199895486317,0.00
2227,52730281188,0.30
2228,199895486317,0.00
2229,22946187099,75.90
2230,57800313,1077.30
2231,1776193401,185.40
2232,199895486317,0.00
2233,223069986634,0.50
2234,199895486317,0.00
2235,145528619682,0.40
2236,66718491703,0.60
2237,3325055929,5.00
2238,145528619682,0.40
2239,2472441982,2.60
2240,199895486317,0.00
2241,145528619682,0.40
2242,1691027259,2.10
2243,3809471664,1.40
2244,23099858500,6.40
2245,195204096360,0.80
2246,2863397348,3.30
2247,223069986634,0.50
2248,199895486317,0.00
2249,35930179,677.60
2250,90767078605,1.00
2251,199895486317,0.00
2252,7131644060,2.90
2253,90767078605,1.00
2254,66718491703,0.60
2255,199895486317,0.00
2256,2568009930,1.80
2257,1512315801,4.00
2258,66718491703,0.60
2259,93703416,908.40
2260,98813859,312.50
2261,57176244,1334.70
2262,84977195738,0.20
2263,199895486317,0.00
2264,199895486317,0.00
2265,66791930,444.50
2266,199895486317,0.00
2267,4209706580,156.10
2268,12377656444,5.60
2269,199895486317,0.00
2270,199895486317,0.00
2271,199895486317,0.00
2272,73420577,2994.00
2273,2052747194,1.10
2274,199895486317,0.00
2275,199895486317,0.00
2276,199895486317,0.00
2277,199895486317,0.00
2278,146804543973,18.50
2279,199895486317,0.00
2280,298047470036,0.70
2281,1817702540,1.30
2282,826096941,3.00
2283,199895486317,0.00
2284,199895486317,0.00
2285,199895486317,0.00
2286,122972570654,25.80
2287,2105680101,1.50
2288,195204096360,0.80
2289,66718491703,0.60
2290,140389632261,0.10
2291,28252533400,10.10
2292,199895486317,0.00
2293,199895486317,0.00
2294,199895486317,0.00
2295,199895486317,0.00
2296,199895486317,0.00
2297,199895486317,0.00
2298,843989023,2.00
2299,843989023,2.00
2300,52730281188,0.30
2301,199895486317,0.00
2302,199895486317,0.00
2303,199895486317,0.00
2304,1512315801,4.00
2305,199895486317,0.00
2306,2568009930,1.80
2307,199895486317,0.00
2308,199895486317,0.00
2309,186828133,255.60
2310,5902052860,6.10
2311,84977195738,0.20
2312,213104055247,13.50
2313,199895486317,0.00
2314,199895486317,0.00
2315,84977195738,0.20
2316,2971846324,1.70
2317,199895486317,0.00
2318,25347815,1114.70
2319,199895486317,0.00
2320,199895486317,0.00
2321,80051494,4875.00
2322,2568009930,1.80
2323,199895486317,0.00
2324,90767078605,1.00
2325,656309672,1.20
2326,199895486317,0.00
2327,199895486317,0.00
2328,199895486317,0.00
2329,23621198921,68.00
2330,3809471664,1.40
2331,199895486317,0.00
2332,1817702540,1.30
2333,3809471664,1.40
2334,66718491703,0.60
2335,145528619682,0.40
2336,199895486317,0.00
2337,145528619682,0.40
2338,199895486317,0.00
2339,84977195738,0.20
2340,199895486317,0.00
2341,199895486317,0.00
2342,145528619682,0.40
2343,66718491703,0.60
2344,199895486317,0.00
2345,52730281188,0.30
2346,52730281188,0.30
2347,69382091,3523.50
2348,49375180,1679.80
2349,199895486317,0.00
2350,2198903108,2.50
2351,199895486317,0.00
2352,14369873098,40.00
2353,145528619682,0.40
2354,97687543397,10.90
2355,199895486317,0.00
2356,52730281188,0.30
2357,892058999,6.00
2358,199895486317,0.00
2359,199895486317,0.00
2360,84977195738,0.20
2361,199895486317,0.00
2362,199895486317,0.00
2363,199895486317,0.00
2364,199895486317,0.00
2365,199895486317,0.00
2366,140389632261,0.10
2367,31900734,1266.00
2368,6644097078,3.40
2369,199895486317,0.00
2370,199895486317,0.00
2371,199895486317,0.00
2372,199895486317,0.00
2373,4608218774,135.60
2374,892058999,6.00
2375,66612028151,12.40
2376,52730281188,0.30
2377,199895486317,0.00
2378,199895486317,0.00
2379,199895486317,0.00
2380,42822237,1420.50
2381,52730281188,0.30
2382,30340493,1015.10
2383,66718491703,0.60
2384,84977195738,0.20
2385,199895486317,0.00
2386,6020260826,2.70
2387,199895486317,0.00
2388,90767078605,1.00
2389,66718491703,0.60
2390,84977195738,0.20
2391,84977195738,0.20
2392,199895486317,0.00
2393,199895486317,0.00
2394,3014260410,10.00
2395,199895486317,0.00
2396,199895486317,0.00
2397,199895486317,0.00
2398,110422188665,24.90
2399,199895486317,0.00
2400,199895486317,0.00
2401,199895486317,0.00
2402,195204096360,0.80
2403,199895486317,0.00
2404,95842608240,0.90
2405,1147343087,175.20
2406,3014260410,10.00
2407,199895486317,0.00
2408,656309672,1.20
2409,199895486317,0.00
2410,84977195738,0.20
2411,223069986634,0.50
2412,56240114,1634.50
2413,199895486317,0.00
2414,199895486317,0.00
2415,23099858500,6.40
2416,39077720,1436.40
2417,2971846324,1.70
2418,48788657,289.60
2419,843989023,2.00
2420,826096941,3.00
2421,145528619682,0.40
2422,199895486317,0.00
2423,199895486317,0.00
2424,16760567545,6.60
2425,10321453043,3.50
2426,2052747194,1.10
2427,298047470036,0.70
2428,2105680101,1.50
2429,81170738673,16.30
2430,199895486317,0.00
2431,92923293,789.50
2432,199895486317,0.00
2433,199895486317,0.00
2434,1512315801,4.00
2435,90767078605,1.00
2436,31525588532,16.00
2437,5129352926,1.90
2438,199895486317,0.00
2439,52730281188,0.30
2440,199895486317,0.00
2441,52730281188,0.30
2442,11269800800,2.80
2443,11113545031,6.50
2444,10321453043,3.50
2445,52730281188,0.30
2446,90767078605,1.00
2447,199895486317,0.00
2448,52730281188,0.30
2449,199895486317,0.00
2450,199895486317,0.00
2451,18977786919,78.00
2452,140389632261,0.10
2453,199895486317,0.00
2454,199895486317,0.00
2455,892058999,6.00
2456,843989023,2.00
2457,826096941,3.00
2458,199895486317,0.00
2459,6565292110,3.60
2460,826096941,3.00
2461,31046715077,23.80
2462,199895486317,0.00
2463,199895486317,0.00
2464,199895486317,0.00
2465,13220597826,5.80
2466,84977195738,0.20
2467,50039995,5000.00
2468,52730281188,0.30
2469,843989023,2.00
2470,140389632261,0.10
2471,199895486317,0.00
2472,84977195738,0.20
2473,2971846324,1.70
2474,199895486317,0.00
2475,84977195738,0.20
2476,52730281188,0.30
2477,27506883043,10.60
2478,52730281188,0.30
2479,199895486317,0.00
2480,9526944669,4.40
2481,61328926,2656.00
2482,843989023,2.00
2483,8602372137,4.60
2484,3325055929,5.00
2485,199895486317,0.00
2486,199895486317,0.00
2487,1817702540,1.30
2488,140389632261,0.10
2489,199895486317,0.00
2490,90767078605,1.00
2491,3014260410,10.00
2492,199895486317,0.00
2493,63105056,1156.80
2494,52730281188,0.30
2495,48213554345,10.70
2496,199895486317,0.00
2497,7401494521,9.00
2498,6644097078,3.40
2499,656309672,1.20
2500,19983161,708.80
2501,199895486317,0.00
2502,199895486317,0.00
2503,199895486317,0.00
2504,66718491703,0.60
2505,95842608240,0.90
2506,199895486317,0.00
2507,140389632261,0.10
2508,145528619682,0.40
2509,22661723584,4.90
2510,95842608240,0.90
2511,199895486317,0.00
2512,140389632261,0.10
2513,199895486317,0.00
2514,199895486317,0.00
2515,656309672,1.20
2516,199895486317,0.00
2517,199895486317,0.00
2518,61422141,353.40
2519,199895486317,0.00
2520,6826057414,20.00
2521,199895486317,0.00
2522,52730281188,0.30
2523,199895486317,0.00
2524,199895486317,0.00
2525,145528619682,0.40
2526,199895486317,0.00
2527,199895486317,0.00
2528,199895486317,0.00
2529,199895486317,0.00
2530,90767078605,1.00
2531,4498064718,4.20
2532,826096941,3.00
2533,199895486317,0.00
2534,843989023,2.00
2535,28374670910,111.70
2536,199895486317,0.00
2537,145528619682,0.40
2538,199895486317,0.00
2539,72472208929,30.80
2540,2105680101,1.50
2541,199895486317,0.00
2542,199895486317,0.00
2543,62480984,1957.00
2544,199895486317,0.00
2545,100742464,3220.80
2546,199895486317,0.00
2547,66718491703,0.60
2548,826096941,3.00
2549,22851446,1886.90
2550,11878375537,10.20
2551,199895486317,0.00
2552,199895486317,0.00
2553,1252833615,215.70
2554,199895486317,0.00
2555,199895486317,0.00
2556,95842608240,0.90
2557,199895486317,0.00
2558,84977195738,0.20
2559,199895486317,0.00
2560,66059244056,56.90
2561,1512315801,4.00
2562,199895486317,0.00
2563,199895486317,0.00
2564,95842608240,0.90
2565,49323562321,20.10
2566,145528619682,0.40
2567,26908021,1376.30
2568,199895486317,0.00
2569,195204096360,0.80
2570,199895486317,0.00
2571,199895486317,0.00
2572,32464878,2430.50
2573,22946187099,75.90
2574,298047470036,0.70
2575,76541010,862.10
2576,199895486317,0.00
2577,84977195738,0.20
2578,199895486317,0.00
2579,69657976,1154.10
2580,52730281188,0.30
2581,84977195738,0.20
2582,145528619682,0.40
2583,140389632261,0.10
2584,199895486317,0.00
2585,84977195738,0.20
2586,199895486317,0.00
2587,199895486317,0.00
2588,199895486317,0.00
2589,199895486317,0.00
2590,1817702540,1.30
2591,199895486317,0.00
2592,199895486317,0.00
2593,6644097078,3.40
2594,199895486317,0.00
2595,199895486317,0.00
2596,199895486317,0.00
2597,13386592079,5.10
2598,52730281188,0.30
2599,199895486317,0.00
2600,199895486317,0.00
2601,199895486317,0.00
2602,2105680101,1.50
2603,199895486317,0.00
2604,199895486317,0.00
2605,199895486317,0.00
2606,199895486317,0.00
2607,39101606745,9.30
2608,223069986634,0.50
2609,8602372137,4.60
2610,35975379,913.40
2611,1512315801,4.00
2612,145528619682,0.40
2613,199895486317,0.00
2614,199895486317,0.00
2615,52730281188,0.30
2616,90767078605,1.00
2617,199895486317,0.00
2618,21603280,1403.10
2619,199895486317,0.00
2620,52730281188,0.30
2621,199895486317,0.00
2622,199895486317,0.00
2623,14099369270,6.30
2624,199895486317,0.00
2625,195204096360,0.80
2626,199895486317,0.00
2627,195204096360,0.80
2628,199895486317,0.00
2629,140389632261,0.10
2630,199895486317,0.00
2631,199895486317,0.00
2632,66718491703,0.60
2633,6565292110,3.60
2634,84977195738,0.20
2635,843989023,2.00
2636,223069986634,0.50
2637,52730281188,0.30
2638,16760567545,6.60
2639,2198903108,2.50
2640,66718491703,0.60
2641,199895486317,0.00
2642,199895486317,0.00
2643,14369873098,40.00
2644,90767078605,1.00
2645,90767078605,1.00
2646,199895486317,0.00
2647,199895486317,0.00
2648,199895486317,0.00
2649,199895486317,0.00
2650,11675366602,30.00
2651,199895486317,0.00
2652,145528619682,0.40
2653,199895486317,0.00
2654,4498064718,4.20
2655,199895486317,0.00
2656,1817702540,1.30
2657,199895486317,0.00
2658,199895486317,0.00
2659,1691027259,2.10
2660,3014260410,10.00
2661,145528619682,0.40
2662,84977195738,0.20
2663,84977195738,0.20
2664,15634731765,4.50
2665,199895486317,0.00
2666,199895486317,0.00
2667,145528619682,0.40
2668,4608218774,135.60
2669,843989023,2.00
2670,52730281188,0.30
2671,1817702540,1.30
2672,3325055929,5.00
2673,199895486317,0.00
2674,66718491703,0.60
2675,199895486317,0.00
2676,199895486317,0.00
2677,140389632261,0.10
2678,298047470036,0.70
2679,16862720,571.70
2680,12377656444,5.60
2681,20043097,1233.90
2682,84977195738,0.20
2683,66718491703,0.60
2684,199895486317,0.00
2685,3815437271,3.20
2686,84977195738,0.20
2687,2359388805,196.70
2688,826096941,3.00
2689,145528619682,0.40
2690,55215997057,11.10
2691,199895486317,0.00
2692,49375163,1689.50
2693,843989023,2.00
2694,199895486317,0.00
2695,199895486317,0.00
2696,84977195738,0.20
2697,12376102703,130.60
2698,145528619682,0.40
2699,2052747194,1.10
2700,843989023,2.00
2701,199895486317,0.00
2702,843989023,2.00
2703,199895486317,0.00
2704,656309672,1.20
2705,199895486317,0.00
2706,199895486317,0.00
2707,90767078605,1.00
2708,199895486317,0.00
2709,199895486317,0.00
2710,199895486317,0.00
2711,49255304,3737.00
2712,199895486317,0.00
2713,199895486317,0.00
2714,199895486317,0.00
2715,199895486317,0.00
2716,8860371984,3.90
2717,199895486317,0.00
2718,90767078605,1.00
2719,298047470036,0.70
2720,31684754,697.90
2721,19763836326,92.40
2722,298047470036,0.70
2723,58208484,2020.30
2724,64437463500,8.60
2725,199895486317,0.00
2726,223069986634,0.50
2727,50039995,5000.00
2728,66718491703,0.60
2729,199895486317,0.00
2730,195204096360,0.80
2731,892058999,6.00
2732,199895486317,0.00
2733,199895486317,0.00
2734,199895486317,0.00
2735,843989023,2.00
2736,199895486317,0.00
2737,199895486317,0.00
2738,199895486317,0.00
2739,16473323,442.50
2740,52730281188,0.30
2741,4659119522,3.70
2742,6644097078,3.40
2743,199895486317,0.00
2744,89802874,925.80
2745,826096941,3.00
2746,656309672,1.20
2747,84977195738,0.20
2748,199895486317,0.00
2749,8500524043,4.30
2750,199895486317,0.00
2751,1807919470,1.60
2752,82905626,281.50
2753,140389632261,0.10
2754,199895486317,0.00
2755,4204626905,2.20
2756,15634731765,4.50
2757,892058999,6.00
2758,4204626905,2.20
2759,199895486317,0.00
2760,84977195738,0.20
2761,223069986634,0.50
2762,826096941,3.00
2763,66718491703,0.60
2764,199895486317,0.00
2765,11269800800,2.80
2766,826096941,3.00
2767,145528619682,0.40
2768,199895486317,0.00
2769,57818751,466.10
2770,145528619682,0.40
2771,199895486317,0.00
2772,3431112372,2.30
2773,199895486317,0.00
2774,199895486317,0.00
2775,199895486317,0.00
2776,2971846324,1.70
2777,39425915,3505.40
2778,2052747194,1.10
2779,6826057414,20.00
2780,1691027259,2.10
2781,140389632261,0.10
2782,52730281188,0.30
2783,6020260826,2.70
2784,199895486317,0.00
2785,1512315801,4.00
2786,145528619682,0.40
2787,38712903609,8.90
2788,199895486317,0.00
2789,95842608240,0.90
2790,223069986634,0.50
2791,199895486317,0.00
2792,199895486317,0.00
2793,145528619682,0.40
2794,199895486317,0.00
2795,199895486317,0.00
2796,3325055929,5.00
2797,3809471664,1.40
2798,843989023,2.00
2799,94949041085,12.30
2800,656309672,1.20
2801,1807919470,1.60
2802,50039995,5000.00
2803,1807919470,1.60
2804,145528619682,0.40
2805,66718491703,0.60
2806,199895486317,0.00
2807,21693199,508.60
2808,84342085,897.70
2809,50039995,5000.00
2810,7235722582,3.10
2811,145528619682,0.40
2812,199895486317,0.00
2813,3809471664,1.40
2814,1817702540,1.30
2815,90767078605,1.00
2816,9750258421,10.30
2817,2105680101,1.50
2818,66718491703,0.60
2819,66718491703,0.60
2820,843989023,2.00
2821,3014260410,10.00
2822,199895486317,0.00
2823,66718491703,0.60
2824,199895486317,0.00
2825,199895486317,0.00
2826,88334777,255.50
2827,66718491703,0.60
2828,140389632261,0.10
2829,199895486317,0.00
2830,91196693,325.60
2831,199895486317,0.00
2832,4204626905,2.20
2833,843989023,2.00
2834,199895486317,0.00
2835,195204096360,0.80
2836,145528619682,0.40
2837,7131644060,2.90
2838,199895486317,0.00
2839,199895486317,0.00
2840,66718491703,0.60
2841,656309672,1.20
2842,34787807,333.30
2843,199895486317,0.00
2844,199895486317,0.00
2845,1817702540,1.30
2846,66718491703,0.60
2847,199895486317,0.00
2848,1817702540,1.30
2849,6020260826,2.70
2850,2104204694,163.90
2851,90767078605,1.00
2852,5902052860,6.10
2853,32854929,2036.20
2854,3431112372,2.30
2855,8500524043,4.30
2856,199895486317,0.00
2857,199895486317,0.00
2858,826096941,3.00
2859,223069986634,0.50
2860,84977195738,0.20
2861,199895486317,0.00
2862,66718491703,0.60
2863,199895486317,0.00
2864,656309672,1.20
2865,199895486317,0.00
2866,145528619682,0.40
2867,199895486317,0.00
2868,3431112372,2.30
2869,656309672,1.20
2870,89413248,468.40
2871,2863397348,3.30
2872,66718491703,0.60
2873,94949041085,12.30
2874,95842608240,0.90
2875,32937260019,119.80
2876,39701810,1046.90
2877,892058999,6.00
2878,19731020,1008.50
2879,199895486317,0.00
2880,199895486317,0.00
2881,145528619682,0.40
2882,145528619682,0.40
2883,199895486317,0.00
2884,199895486317,0.00
2885,199895486317,0.00
2886,199895486317,0.00
2887,1817702540,1.30
2888,199895486317,0.00
2889,199895486317,0.00
2890,84977195738,0.20
2891,199895486317,0.00
2892,90767078605,1.00
2893,199895486317,0.00
2894,140389632261,0.10
2895,2971846324,1.70
2896,52730281188,0.30
2897,4659119522,3.70
2898,7568365925,3.80
2899,843989023,2.00
2900,140389632261,0.10
2901,199895486317,0.00
2902,2971846324,1.70
2903,199895486317,0.00
2904,199895486317,0.00
2905,90767078605,1.00
2906,52730281188,0.30
2907,57038288,511.10
2908,199895486317,0.00
2909,76931065,2416.40
2910,2607874967,2.40
2911,34085014,1061.30
2912,656309672,1.20
2913,199895486317,0.00
2914,826096941,3.00
2915,199895486317,0.00
2916,52730281188,0.30
2917,199895486317,0.00
2918,199895486317,0.00
2919,11878375537,10.20
2920,199895486317,0.00
2921,3809471664,1.40
2922,84977195738,0.20
2923,3809471664,1.40
2924,7401494521,9.00
2925,199895486317,0.00
2926,892058999,6.00
2927,66718491703,0.60
2928,84977195738,0.20
2929,199895486317,0.00
2930,298047470036,0.70
2931,199895486317,0.00
2932,199895486317,0.00
2933,199895486317,0.00
2934,12909473936,60.60
2935,826096941,3.00
2936,199895486317,0.00
2937,95842608240,0.90
2938,10666247130,5.40
2939,50311275,1203.00
2940,66718491703,0.60
2941,52730281188,0.30
2942,52730281188,0.30
2943,195204096360,0.80
2944,195204096360,0.80
2945,199895486317,0.00
2946,140389632261,0.10
2947,826096941,3.00
2948,892058999,6.00
2949,826096941,3.00
2950,12866081,1301.60
2951,2052747194,1.10
2952,140389632261,0.10
2953,23084314852,10.80
2954,145528619682,0.40
2955,2105680101,1.50
2956,6283485960,6.20
2957,52730281188,0.30
2958,84977195738,0.20
2959,59715240346,52.40
2960,95842608240,0.90
2961,145528619682,0.40
2962,33347501379,10.50
2963,195204096360,0.80
2964,66718491703,0.60
2965,69910098,976.90
2966,199895486317,0.00
2967,38315684,768.10
2968,199895486317,0.00
2969,10321453043,3.50
2970,2105680101,1.50
2971,87072493,911.10
2972,14149278180,14.00
2973,90767078605,1.00
2974,199895486317,0.00
2975,199895486317,0.00
2976,3325055929,5.00
2977,195204096360,0.80
2978,14149278180,14.00
2979,84977195738,0.20
2980,199895486317,0.00
2981,11269800800,2.80
2982,32464886,2004.50
2983,60920749,1340.00
2984,66718491703,0.60
2985,199895486317,0.00
2986,52730281188,0.30
2987,52730281188,0.30
2988,199895486317,0.00
2989,223069986634,0.50
2990,199895486317,0.00
2991,199895486317,0.00
2992,65289382,1608.90
2993,199895486317,0.00
2994,199895486317,0.00
2995,145528619682,0.40
2996,2568009930,1.80
2997,656309672,1.20
2998,199895486317,0.00
2999,11269800800,2.80
3000,2105680101,1.50
3001,84977195738,0.20
3002,2198903108,2.50
3003,21639420,3553.40
3004,199895486317,0.00
3005,298047470036,0.70
3006,145528619682,0.40
3007,199895486317,0.00
3008,90767078605,1.00
3009,2052747194,1.10
3010,84977195738,0.20
3011,38918390775,10.40
3012,199895486317,0.00
3013,199895486317,0.00
3014,84977195738,0.20
3015,199895486317,0.00
3016,656309672,1.20
3017,84977195738,0.20
3018,199895486317,0.00
3019,66718491703,0.60
3020,199895486317,0.00
3021,199895486317,0.00
3022,66718491703,0.60
3023,199895486317,0.00
3024,6283485960,6.20
3025,199895486317,0.00
3026,199895486317,0.00
3027,94108032277,22.90
3028,199895486317,0.00
3029,843989023,2.00
3030,199895486317,0.00
3031,7235722582,3.10
3032,145528619682,0.40
3033,199895486317,0.00
3034,3431112372,2.30
3035,84977195738,0.20
3036,2198903108,2.50
3037,199895486317,0.00
3038,721843737,233.50
3039,66718491703,0.60
3040,199895486317,0.00
3041,12101596763,5.30
3042,199895486317,0.00
3043,95842608240,0.90
3044,7131644060,2.90
3045,7235722582,3.10
3046,87852597,575.30
3047,15433607056,7.20
3048,199895486317,0.00
3049,6644097078,3.40
3050,199895486317,0.00
3051,52730281188,0.30
3052,223069986634,0.50
3053,199895486317,0.00
3054,78101215,658.20
3055,84977195738,0.20
3056,95842608240,0.90
3057,22539437,1599.10
3058,199895486317,0.00
3059,199895486317,0.00
3060,66718491703,0.60
3061,145528619682,0.40
3062,199895486317,0.00
3063,95842608240,0.90
3064,199895486317,0.00
3065,199895486317,0.00
3066,199895486317,0.00
3067,298047470036,0.70
3068,199895486317,0.00
3069,29344448,2629.70
3070,199895486317,0.00
3071,199895486317,0.00
3072,199895486317,0.00
3073,66718491703,0.60
3074,84977195738,0.20
3075,84977195738,0.20
3076,66718491703,0.60
3077,66718491703,0.60
3078,199895486317,0.00
3079,199895486317,0.00
3080,199895486317,0.00
3081,199895486317,0.00
3082,90767078605,1.00
3083,2607874967,2.40
3084,67981123805,43.00
3085,140389632261,0.10
3086,199895486317,0.00
3087,66718491703,0.60
3088,3431112372,2.30
3089,298047470036,0.70
3090,66718491703,0.60
3091,52730281188,0.30
3092,199895486317,0.00
3093,199895486317,0.00
3094,66718491703,0.60
3095,2863397348,3.30
3096,66225492,1164.50
3097,28252533400,10.10
3098,199895486317,0.00
3099,66718491703,0.60
3100,199895486317,0.00
3101,298047470036,0.70
3102,199895486317,0.00
3103,199895486317,0.00
3104,66718491703,0.60
3105,199895486317,0.00
3106,7235722582,3.10
3107,31863246,400.50
3108,28175981,437.10
3109,199895486317,0.00
3110,199895486317,0.00
3111,199895486317,0.00
3112,199895486317,0.00
3113,140389632261,0.10
3114,826096941,3.00
3115,199895486317,0.00
3116,70560298,339.20
3117,199895486317,0.00
3118,199895486317,0.00
3119,199895486317,0.00
3120,66718491703,0.60
3121,199895486317,0.00
3122,95842608240,0.90
3123,199895486317,0.00
3124,199895486317,0.00
3125,145528619682,0.40
3126,11675366602,30.00
3127,199895486317,0.00
3128,23493625,2930.30
3129,95842608240,0.90
3130,843989023,2.00
3131,2886131445,156.70
3132,199895486317,0.00
3133,16862726,728.80
3134,199895486317,0.00
3135,22661723584,4.90
3136,843989023,2.00
3137,199895486317,0.00
3138,826096941,3.00
3139,199895486317,0.00
3140,199895486317,0.00
3141,199895486317,0.00
3142,199895486317,0.00
3143,145528619682,0.40
3144,9526944669,4.40
3145,199895486317,0.00
3146,223069986634,0.50
3147,199895486317,0.00
3148,843989023,2.00
3149,199895486317,0.00
3150,1691027259,2.10
3151,2971846324,1.70
3152,199895486317,0.00
3153,1817702540,1.30
3154,199895486317,0.00
3155,65246759651,11.70
3156,199895486317,0.00
3157,84977195738,0.20
3158,52730281188,0.30
3159,140389632261,0.10
3160,199895486317,0.00
3161,223069986634,0.50
3162,843989023,2.00
3163,199895486317,0.00
3164,66718491703,0.60
3165,199895486317,0.00
3166,199895486317,0.00
3167,49277415468,11.80
3168,4204626905,2.20
3169,58598543,610.90
3170,199895486317,0.00
3171,199895486317,0.00
3172,826096941,3.00
3173,66718491703,0.60
3174,199895486317,0.00
3175,90767078605,1.00
3176,199895486317,0.00
3177,66718491703,0.60
3178,84977195738,0.20
3179,199895486317,0.00
3180,195204096360,0.80
3181,199895486317,0.00
3182,22713522,2827.00
3183,1817702540,1.30
3184,199895486317,0.00
3185,656309672,1.20
3186,298047470036,0.70
3187,15634731765,4.50
3188,52730281188,0.30
3189,84977195738,0.20
3190,41855281098,88.40
3191,199895486317,0.00
3192,140389632261,0.10
3193,24278117880,15.00
3194,50039995,5000.00
3195,199895486317,0.00
3196,223069986634,0.50
3197,199895486317,0.00
3198,199895486317,0.00
3199,145528619682,0.40
3200,892058999,6.00
3201,199895486317,0.00
3202,50039995,5000.00
3203,38706611,450.10
3204,22113422437,5.20
3205,199895486317,0.00
3206,199895486317,0.00
3207,199895486317,0.00
3208,826096941,3.00
3209,199895486317,0.00
3210,199895486317,0.00
3211,843989023,2.00
3212,66718491703,0.60
3213,199895486317,0.00
3214,199895486317,0.00
3215,199895486317,0.00
3216,84977195738,0.20
3217,298047470036,0.70
3218,2971846324,1.70
3219,199895486317,0.00
3220,199895486317,0.00
3221,199895486317,0.00
3222,84977195738,0.20
3223,5129352926,1.90
3224,656309672,1.20
3225,90767078605,1.00
3226,199895486317,0.00
3227,90192925,2053.00
3228,199895486317,0.00
3229,223069986634,0.50
3230,23084314852,10.80
3231,68433903129,24.40
3232,145528619682,0.40
3233,199895486317,0.00
3234,90767078605,1.00
3235,95842608240,0.90
3236,32074835,994.30
3237,140389632261,0.10
3238,32836841,1088.50
3239,1512315801,4.00
3240,199895486317,0.00
3241,84977195738,0.20
3242,199895486317,0.00
3243,12134622890,7.50
3244,66718491703,0.60
3245,66718491703,0.60
3246,199895486317,0.00
3247,27506883043,10.60
3248,199895486317,0.00
3249,52730281188,0.30
3250,84977195738,0.20
3251,199895486317,0.00
3252,4204626905,2.20
3253,892058999,6.00
3254,223069986634,0.50
3255,84977195738,0.20
3256,66718491703,0.60
3257,7568365925,3.80
3258,843989023,2.00
3259,4498064718,4.20
3260,826096941,3.00
3261,38644295471,6.80
3262,298047470036,0.70
3263,199895486317,0.00
3264,199895486317,0.00
3265,199895486317,0.00
3266,140389632261,0.10
3267,90767078605,1.00
3268,199895486317,0.00
3269,199895486317,0.00
3270,199895486317,0.00
3271,2472441982,2.60
3272,199895486317,0.00
3273,66718491703,0.60
3274,199895486317,0.00
3275,66718491703,0.60
3276,826096941,3.00
3277,199895486317,0.00
3278,199895486317,0.00
3279,199895486317,0.00
3280,826096941,3.00
3281,52730281188,0.30
3282,199895486317,0.00
3283,199895486317,0.00
3284,199895486317,0.00
3285,843989023,2.00
3286,656309672,1.20
3287,84977195738,0.20
3288,199895486317,0.00
3289,90767078605,1.00
3290,84977195738,0.20
3291,199895486317,0.00
3292,199895486317,0.00
3293,140389632261,0.10
3294,2472441982,2.60
3295,77735945380,22.20
3296,199895486317,0.00
3297,199895486317,0.00
3298,4498064718,4.20
3299,66718491703,0.60
3300,199895486317,0.00
3301,52730281188,0.30
3302,199895486317,0.00
3303,199895486317,0.00
3304,298047470036,0.70
3305,90767078605,1.00
3306,145528619682,0.40
3307,199895486317,0.00
3308,199895486317,0.00
3309,199895486317,0.00
3310,199895486317,0.00
3311,69579690018,8.80
3312,145528619682,0.40
3313,223069986634,0.50
3314,199895486317,0.00
3315,2472441982,2.60
3316,4659119522,3.70
3317,826096941,3.00
3318,199895486317,0.00
3319,199895486317,0.00
3320,6565292110,3.60
3321,1691027259,2.10
3322,84977195738,0.20
3323,90767078605,1.00
3324,55928061,1143.60
3325,199895486317,0.00
3326,199895486317,0.00
3327,12377656444,5.60
3328,298047470036,0.70
3329,199895486317,0.00
3330,52730281188,0.30
3331,843989023,2.00
3332,199895486317,0.00
3333,199895486317,0.00
3334,21639429,3708.30
3335,199895486317,0.00
3336,52730281188,0.30
3337,199895486317,0.00
3338,3014260410,10.00
3339,145528619682,0.40
3340,2198753057,181.80
3341,843989023,2.00
3342,199895486317,0.00
3343,3325055929,5.00
3344,140389632261,0.10
3345,145528619682,0.40
3346,66718491703,0.60
3347,199895486317,0.00
3348,199895486317,0.00
3349,199895486317,0.00
3350,199895486317,0.00
3351,88645645,425.50
3352,195204096360,0.80
3353,2971846324,1.70
3354,199895486317,0.00
3355,1512315801,4.00
3356,223069986634,0.50
3357,199895486317,0.00
3358,199895486317,0.00
3359,52730281188,0.30
3360,199895486317,0.00
3361,52730281188,0.30
3362,199895486317,0.00
3363,7401494521,9.00
3364,199895486317,0.00
3365,84977195738,0.20
3366,199895486317,0.00
3367,195204096360,0.80
3368,199895486317,0.00
3369,199895486317,0.00
3370,199895486317,0.00
3371,52730281188,0.30
3372,199895486317,0.00
3373,90767078605,1.00
3374,199895486317,0.00
3375,199895486317,0.00
3376,68409833,1067.90
3377,199895486317,0.00
3378,70690222,691.80
3379,52730281188,0.30
3380,145528619682,0.40
3381,145528619682,0.40
3382,95842608240,0.90
3383,199895486317,0.00
3384,9750258421,10.30
3385,199895486317,0.00
3386,199895486317,0.00
3387,199895486317,0.00
3388,6826057414,20.00
3389,199895486317,0.00
3390,199895486317,0.00
3391,199895486317,0.00
3392,199895486317,0.00
3393,52730281188,0.30
3394,199895486317,0.00
3395,199895486317,0.00
3396,199895486317,0.00
3397,298047470036,0.70
3398,199895486317,0.00
3399,90767078605,1.00
3400,199895486317,0.00
3401,145528619682,0.40
3402,199895486317,0.00
3403,199895486317,0.00
3404,199895486317,0.00
3405,298047470036,0.70
3406,199895486317,0.00
3407,199895486317,0.00
3408,199895486317,0.00
3409,1691027259,2.10
3410,145528619682,0.40
3411,1512315801,4.00
3412,199895486317,0.00
3413,199895486317,0.00
3414,199895486317,0.00
3415,826096941,3.00
3416,199895486317,0.00
3417,1512315801,4.00
3418,656309672,1.20
3419,199895486317,0.00
3420,826096941,3.00
3421,66718491703,0.60
3422,199895486317,0.00
3423,199895486317,0.00
3424,1489535051,202.10
3425,3325055929,5.00
3426,31294712,631.50
3427,1817702540,1.30
3428,199895486317,0.00
3429,1817702540,1.30
3430,63669219,787.80
3431,298047470036,0.70
3432,199895486317,0.00
3433,199895486317,0.00
3434,3815437271,3.20
3435,37976477341,11.20
3436,89412815,767.40
3437,10666247130,5.40
3438,656309672,1.20
3439,199895486317,0.00
3440,199895486317,0.00
3441,90767078605,1.00
3442,826096941,3.00
3443,199895486317,0.00
3444,195204096360,0.80
3445,140389632261,0.10
3446,35975370,648.50
3447,6644097078,3.40
3448,199895486317,0.00
3449,199895486317,0.00
3450,2105680101,1.50
3451,13934417200,5.70
3452,52730281188,0.30
3453,199895486317,0.00
3454,199895486317,0.00
3455,52730281188,0.30
3456,7131644060,2.90
3457,199895486317,0.00
3458,140389632261,0.10
3459,199895486317,0.00
3460,199895486317,0.00
3461,24278117880,15.00
3462,199895486317,0.00
3463,298047470036,0.70
3464,199895486317,0.00
3465,199895486317,0.00
3466,4204626905,2.20
3467,199895486317,0.00
3468,843989023,2.00
3469,6644097078,3.40
3470,826096941,3.00
3471,199895486317,0.00
3472,12134622890,7.50
3473,199895486317,0.00
3474,52730281188,0.30
3475,52730281188,0.30
3476,199895486317,0.00
3477,45336649,520.10
3478,199895486317,0.00
3479,199895486317,0.00
3480,20948769634,106.40
3481,2198903108,2.50
3482,145528619682,0.40
3483,95842608240,0.90
3484,66718491703,0.60
3485,3014260410,10.00
3486,199895486317,0.00
3487,199895486317,0.00
3488,90893389723,31.50
3489,199895486317,0.00
3490,36262157187,45.20
3491,2105680101,1.50
3492,3815437271,3.20
3493,3809471664,1.40
3494,18069230993,5.50
3495,77735945380,22.20
3496,199895486317,0.00
3497,199895486317,0.00
3498,199895486317,0.00
3499,199895486317,0.00
3500,39077706,1648.40
3501,199895486317,0.00
3502,87462527,884.30
3503,199895486317,0.00
3504,140389632261,0.10
3505,298047470036,0.70
3506,52730281188,0.30
3507,199895486317,0.00
3508,199895486317,0.00
3509,91363088,652.70
3510,199895486317,0.00
3511,7235722582,3.10
3512,199895486317,0.00
3513,2052747194,1.10
3514,90767078605,1.00
3515,199895486317,0.00
3516,199895486317,0.00
3517,195204096360,0.80
3518,199895486317,0.00
3519,37976477341,11.20
3520,52730281188,0.30
3521,99624533793,9.50
3522,199895486317,0.00
3523,199895486317,0.00
3524,38728217945,4.70
3525,84977195738,0.20
3526,892058999,6.00
3527,199895486317,0.00
3528,3431112372,2.30
3529,84977195738,0.20
3530,51933159334,44.90
3531,199895486317,0.00
3532,106758656594,34.00
3533,199895486317,0.00
3534,199895486317,0.00
3535,48213554345,10.70
3536,140389632261,0.10
3537,2105680101,1.50
3538,52730281188,0.30
3539,199895486317,0.00
3540,199895486317,0.00
3541,195204096360,0.80
3542,199895486317,0.00
3543,145528619682,0.40
3544,199895486317,0.00
3545,199895486317,0.00
3546,861927054,203.80
3547,52730281188,0.30
3548,199895486317,0.00
3549,199895486317,0.00
3550,68721858,1201.50
3551,656309672,1.20
3552,65169525,3852.80
3553,46116763,2941.50
3554,21291257,1195.10
3555,199895486317,0.00
3556,199895486317,0.00
3557,90767078605,1.00
3558,95842608240,0.90
3559,199895486317,0.00
3560,2863397348,3.30
3561,90767078605,1.00
3562,199895486317,0.00
3563,199895486317,0.00
3564,843989023,2.00
3565,30664455,553.70
3566,3431112372,2.30
3567,199895486317,0.00
3568,199895486317,0.00
3569,3815437271,3.20
3570,843989023,2.00
3571,199895486317,0.00
3572,199895486317,0.00
3573,95842608240,0.90
3574,199895486317,0.00
3575,199895486317,0.00
3576,52730281188,0.30
3577,861927054,203.80
3578,199895486317,0.00
3579,195204096360,0.80
3580,84977195738,0.20
3581,843989023,2.00
3582,199895486317,0.00
3583,199895486317,0.00
3584,223069986634,0.50
3585,145528619682,0.40
3586,52730281188,0.30
3587,52730281188,0.30
3588,2052747194,1.10
3589,21915340,1167.40
3590,2472441982,2.60
3591,199895486317,0.00
3592,53248240984,100.90
3593,199895486317,0.00
3594,199895486317,0.00
3595,199895486317,0.00
3596,199895486317,0.00
3597,843989023,2.00
3598,199895486317,0.00
3599,199895486317,0.00
3600,199895486317,0.00
3601,66718491703,0.60
3602,12101596763,5.30
3603,24447856,3452.30
3604,84977195738,0.20
3605,223069986634,0.50
3606,90767078605,1.00
3607,199895486317,0.00
3608,199895486317,0.00
3609,199895486317,0.00
3610,84977195738,0.20
3611,103982412,315.90
3612,58128140827,13.70
3613,826096941,3.00
3614,199895486317,0.00
3615,199895486317,0.00
3616,199895486317,0.00
3617,11878375537,10.20
3618,2863397348,3.30
3619,1649163455,193.10
3620,843989023,2.00
3621,199895486317,0.00
3622,199895486317,0.00
3623,199895486317,0.00
3624,16419630259,12.00
3625,199895486317,0.00
3626,23103552,569.80
3627,59360537,1295.80
3628,826096941,3.00
3629,2472441982,2.60
3630,16419630259,12.00
3631,199895486317,0.00
3632,656309672,1.20
3633,199895486317,0.00
3634,199895486317,0.00
3635,199895486317,0.00
3636,826096941,3.00
3637,140389632261,0.10
3638,199895486317,0.00
3639,199895486317,0.00
3640,199895486317,0.00
3641,199895486317,0.00
3642,90767078605,1.00
3643,199895486317,0.00
3644,199895486317,0.00
3645,10321453043,3.50
3646,223069986634,0.50
3647,90767078605,1.00
3648,52730281188,0.30
3649,2052747194,1.10
3650,199895486317,0.00
3651,223069986634,0.50
3652,1817702540,1.30
3653,84977195738,0.20
3654,199895486317,0.00
3655,1512315801,4.00
3656,359644129,220.30
3657,223069986634,0.50
3658,90767078605,1.00
3659,145528619682,0.40
3660,199895486317,0.00
3661,892058999,6.00
3662,656309672,1.20
3663,199895486317,0.00
3664,140389632261,0.10
3665,199895486317,0.00
3666,199895486317,0.00
3667,199895486317,0.00
3668,199895486317,0.00
3669,34025092,869.40
3670,199895486317,0.00
3671,199895486317,0.00
3672,195204096360,0.80
3673,52730281188,0.30
3674,199895486317,0.00
3675,77711159,627.80
3676,199895486317,0.00
3677,199895486317,0.00
3678,52730281188,0.30
3679,69875429,357.20
3680,199895486317,0.00
3681,52730281188,0.30
3682,16083840,434.10
3683,145528619682,0.40
3684,199895486317,0.00
3685,2052747194,1.10
3686,298047470036,0.70
3687,66718491703,0.60
3688,84977195738,0.20
3689,52730281188,0.30
3690,199895486317,0.00
3691,52730281188,0.30
3692,52730281188,0.30
3693,199895486317,0.00
3694,33347501379,10.50
3695,84732152,2773.40
3696,199895486317,0.00
3697,50039995,5000.00
3698,199895486317,0.00
3699,199895486317,0.00
3700,145528619682,0.40
3701,199895486317,0.00
3702,206960466541,13.20
3703,95842608240,0.90
3704,17823191,346.10
3705,140389632261,0.10
3706,199895486317,0.00
3707,73420601,535.70
3708,63974045,376.20
3709,199895486317,0.00
3710,199895486317,0.00
3711,1691027259,2.10
3712,52730281188,0.30
3713,145528619682,0.40
3714,199895486317,0.00
3715,199895486317,0.00
3716,52730281188,0.30
3717,1691027259,2.10
3718,199895486317,0.00
3719,2568009930,1.80
3720,199895486317,0.00
3721,199895486317,0.00
3722,892058999,6.00
3723,84977195738,0.20
3724,1807919470,1.60
3725,2863397348,3.30
3726,199895486317,0.00
3727,76931098,864.10
3728,199895486317,0.00
3729,199895486317,0.00
3730,199895486317,0.00
3731,199895486317,0.00
3732,77186172004,22.10
3733,7235722582,3.10
3734,199895486317,0.00
3735,66718491703,0.60
3736,199895486317,0.00
3737,47502886,1426.90
3738,199895486317,0.00
3739,656309672,1.20
3740,892058999,6.00
3741,19396069421,7.40
3742,199895486317,0.00
3743,199895486317,0.00
3744,199895486317,0.00
3745,70300128,943.30
3746,145528619682,0.40
3747,199895486317,0.00
3748,199895486317,0.00
3749,195204096360,0.80
3750,199895486317,0.00
3751,43425351,321.10
3752,892058999,6.00
3753,199895486317,0.00
3754,199895486317,0.00
3755,5129352926,1.90
3756,199895486317,0.00
3757,145528619682,0.40
3758,1691027259,2.10
3759,656309672,1.20
3760,140389632261,0.10
3761,34085049,1807.30
3762,199895486317,0.00
3763,199895486317,0.00
3764,2607874967,2.40
3765,199895486317,0.00
3766,244303796911,12.60
3767,199895486317,0.00
3768,843989023,2.00
3769,199895486317,0.00
3770,52730281188,0.30
3771,199895486317,0.00
3772,54697957,554.80
3773,66718491703,0.60
3774,95842608240,0.90
3775,199895486317,0.00
3776,140389632261,0.10
3777,826096941,3.00
3778,199895486317,0.00
3779,656309672,1.20
3780,172932693,263.70
3781,73402501,1766.70
3782,199895486317,0.00
3783,84977195738,0.20
3784,843989023,2.00
3785,4498064718,4.20
3786,199895486317,0.00
3787,6020260826,2.70
3788,199895486317,0.00
3789,84977195738,0.20
3790,33635059,2267.70
3791,199895486317,0.00
3792,843989023,2.00
3793,20373177,4437.90
3794,140389632261,0.10
3795,3809471664,1.40
3796,199895486317,0.00
3797,199895486317,0.00
3798,90767078605,1.00
3799,66718491703,0.60
3800,199895486317,0.00
3801,1512315801,4.00
3802,66718491703,0.60
3803,199895486317,0.00
3804,826096941,3.00
3805,52730281188,0.30
3806,140389632261,0.10
3807,199895486317,0.00
3808,23084314852,10.80
3809,140389632261,0.10
3810,2052747194,1.10
3811,199895486317,0.00
3812,52730281188,0.30
3813,52730281188,0.30
3814,199895486317,0.00
3815,95842608240,0.90
3816,36034343,298.00
3817,14738342,1580.90
3818,52730281188,0.30
3819,199895486317,0.00
3820,199895486317,0.00
3821,298047470036,0.70
3822,10321453043,3.50
3823,77711424,475.30
3824,145528619682,0.40
3825,199895486317,0.00
3826,826096941,3.00
3827,140389632261,0.10
3828,199895486317,0.00
3829,199895486317,0.00
3830,199895486317,0.00
3831,199895486317,0.00
3832,199895486317,0.00
3833,199895486317,0.00
3834,826096941,3.00
3835,199895486317,0.00
3836,1512315801,4.00
3837,199895486317,0.00
3838,1512315801,4.00
3839,15692554,613.40
3840,83303358019,32.00
3841,67959815,634.70
3842,199895486317,0.00
3843,52730281188,0.30
3844,199895486317,0.00
3845,199895486317,0.00
3846,97820556,320.60
3847,2971846324,1.70
3848,843989023,2.00
3849,656309672,1.20
3850,843989023,2.00
3851,84977195738,0.20
3852,2105680101,1.50
3853,84360209,3053.90
3854,199895486317,0.00
3855,3809471664,1.40
3856,843989023,2.00
3857,29344463,881.60
3858,199895486317,0.00
3859,199895486317,0.00
3860,199895486317,0.00
3861,199895486317,0.00
3862,28468227,1190.00
3863,46601554,388.80
3864,33006880855,47.50
3865,199895486317,0.00
3866,199895486317,0.00
3867,51871491,1566.20
3868,85902342,868.00
3869,199895486317,0.00
3870,199895486317,0.00
3871,78254861,389.30
3872,68697468259,21.10
3873,199895486317,0.00
3874,52730281188,0.30
3875,199895486317,0.00
3876,66399595,816.30
3877,48847138,680.30
3878,52730281188,0.30
3879,199895486317,0.00
3880,13220597826,5.80
3881,826096941,3.00
3882,56241671737,101.20
3883,35453083,1342.00
3884,892058999,6.00
3885,66718491703,0.60
3886,1699180320,185.20
3887,199895486317,0.00
3888,2863397348,3.30
3889,199895486317,0.00
3890,66718491703,0.60
3891,1691027259,2.10
3892,199895486317,0.00
3893,199895486317,0.00
3894,199895486317,0.00
3895,826096941,3.00
3896,52730281188,0.30
3897,199895486317,0.00
3898,199895486317,0.00
3899,199895486317,0.00
3900,199895486317,0.00
3901,199895486317,0.00
3902,199895486317,0.00
3903,199895486317,0.00
3904,199895486317,0.00
3905,199895486317,0.00
3906,199895486317,0.00
3907,6283485960,6.20
3908,199895486317,0.00
3909,199895486317,0.00
3910,199895486317,0.00
3911,843989023,2.00
3912,826096941,3.00
3913,199895486317,0.00
3914,32524795,1201.90
3915,4498064718,4.20
3916,199895486317,0.00
3917,199895486317,0.00
3918,199895486317,0.00
3919,199895486317,0.00
3920,6283485960,6.20
3921,199895486317,0.00
3922,90767078605,1.00
3923,2052747194,1.10
3924,195204096360,0.80
3925,199895486317,0.00
3926,37145538,808.80
3927,199895486317,0.00
3928,6020260826,2.70
3929,199895486317,0.00
3930,199895486317,0.00
3931,199895486317,0.00
3932,60296667,1936.70
3933,199895486317,0.00
3934,892058999,6.00
3935,199895486317,0.00
3936,52730281188,0.30
3937,199895486317,0.00
3938,199895486317,0.00
3939,199895486317,0.00
3940,40266194,466.00
3941,199895486317,0.00
3942,199895486317,0.00
3943,199895486317,0.00
3944,2568009930,1.80
3945,199895486317,0.00
3946,52730281188,0.30
3947,223069986634,0.50
3948,199895486317,0.00
3949,199895486317,0.00
3950,199895486317,0.00
3951,199895486317,0.00
3952,69579690018,8.80
3953,199895486317,0.00
3954,145528619682,0.40
3955,8500524043,4.30
3956,1807919470,1.60
3957,50039995,5000.00
3958,16352214188,4.80
3959,199895486317,0.00
3960,199895486317,0.00
3961,3815437271,3.20
3962,199895486317,0.00
3963,84977195738,0.20
3964,656309672,1.20
3965,199895486317,0.00
3966,199895486317,0.00
3967,199895486317,0.00
3968,95842608240,0.90
3969,52730281188,0.30
3970,843989023,2.00
3971,199895486317,0.00
3972,298047470036,0.70
3973,199895486317,0.00
3974,140389632261,0.10
3975,1512315801,4.00
3976,90767078605,1.00
3977,90767078605,1.00
3978,199895486317,0.00
3979,199895486317,0.00
3980,23099858500,6.40
3981,66718491703,0.60
3982,2971846324,1.70
3983,9712650192,141.50
3984,94238738,329.00
3985,199895486317,0.00
3986,199895486317,0.00
3987,199895486317,0.00
3988,90767078605,1.00
3989,52730281188,0.30
3990,199895486317,0.00
3991,199895486317,0.00
3992,90767078605,1.00
3993,199895486317,0.00
3994,52730281188,0.30
3995,199895486317,0.00
3996,35021182,1068.60
3997,84977195738,0.20
3998,48482432567,25.10
3999,2607874967,2.40
4000,223069986634,0.50
4001,27506883043,10.60
4002,199895486317,0.00
4003,38644295471,6.80
4004,199895486317,0.00
4005,2198903108,2.50
4006,66718491703,0.60
4007,199895486317,0.00
4008,66718491703,0.60
4009,199895486317,0.00
4010,52730281188,0.30
4011,199895486317,0.00
4012,199895486317,0.00
4013,52730281188,0.30
4014,199895486317,0.00
4015,84977195738,0.20
4016,199895486317,0.00
4017,199895486317,0.00
4018,199895486317,0.00
4019,74590773,591.00
4020,52730281188,0.30
4021,2198903108,2.50
4022,1807919470,1.60
4023,84977195738,0.20
4024,199895486317,0.00
4025,843989023,2.00
4026,95842608240,0.90
4027,199895486317,0.00
4028,49277415468,11.80
4029,199895486317,0.00
4030,843989023,2.00
4031,199895486317,0.00
4032,199895486317,0.00
4033,50039995,5000.00
4034,199895486317,0.00
4035,199895486317,0.00
4036,199895486317,0.00
4037,26224036,715.40
4038,223069986634,0.50
4039,199895486317,0.00
4040,199895486317,0.00
4041,199895486317,0.00
4042,199895486317,0.00
4043,95855606,267.20
4044,199895486317,0.00
4045,8860371984,3.90
4046,199895486317,0.00
4047,52730281188,0.30
4048,4204626905,2.20
4049,37145533,546.80
4050,199895486317,0.00
4051,2607874967,2.40
4052,12666411253,4.10
4053,199895486317,0.00
4054,3325055929,5.00
4055,66718491703,0.60
4056,199895486317,0.00
4057,145528619682,0.40
4058,36701261,1020.70
4059,3815437271,3.20
4060,145528619682,0.40
4061,1512315801,4.00
4062,3431112372,2.30
4063,826096941,3.00
4064,199895486317,0.00
4065,47190845,1571.30
4066,84977195738,0.20
4067,84977195738,0.20
4068,199895486317,0.00
4069,71842270,1329.70
4070,199895486317,0.00
4071,2971846324,1.70
4072,199895486317,0.00
4073,199895486317,0.00
4074,199895486317,0.00
4075,16760567545,6.60
4076,11269800800,2.80
4077,892058999,6.00
4078,145528619682,0.40
4079,199895486317,0.00
4080,199895486317,0.00
4081,199895486317,0.00
4082,43758402,1068.50
4083,3325055929,5.00
4084,656309672,1.20
4085,199895486317,0.00
4086,2052747194,1.10
4087,199895486317,0.00
4088,66718491703,0.60
4089,84977195738,0.20
4090,199895486317,0.00
4091,892058999,6.00
4092,145528619682,0.40
4093,199895486317,0.00
4094,145528619682,0.40
4095,36365427,2675.70
4096,199895486317,0.00
4097,656309672,1.20
4098,195204096360,0.80
4099,199895486317,0.00
4100,95842608240,0.90
4101,11878375537,10.20
4102,199895486317,0.00
4103,145528619682,0.40
4104,199895486317,0.00
4105,199895486317,0.00
4106,84977195738,0.20
4107,199895486317,0.00
4108,199895486317,0.00
4109,143531759713,32.40
4110,1691027259,2.10
4111,199895486317,0.00
4112,1079864725,218.90
4113,223069986634,0.50
4114,199895486317,0.00
4115,199895486317,0.00
4116,2568009930,1.80
4117,199895486317,0.00
4118,84977195738,0.20
4119,29734584,475.40
4120,199895486317,0.00
4121,31241196007,9.40
4122,199895486317,0.00
4123,3809471664,1.40
4124,40013848,1288.70
4125,2198903108,2.50
4126,199895486317,0.00
4127,95842608240,0.90
4128,145528619682,0.40
4129,385081630,238.50
4130,826096941,3.00
4131,199895486317,0.00
4132,66718491703,0.60
4133,84977195738,0.20
4134,71860360,2255.50
4135,298047470036,0.70
4136,199895486317,0.00
4137,199895486317,0.00
4138,223069986634,0.50
4139,223069986634,0.50
4140,199895486317,0.00
4141,298047470036,0.70
4142,826096941,3.00
4143,199895486317,0.00
4144,8873340287,7.00
4145,199895486317,0.00
4146,52730281188,0.30
4147,199895486317,0.00
4148,199895486317,0.00
4149,4204626905,2.20
4150,6565292110,3.60
4151,3809471664,1.40
4152,199895486317,0.00
4153,66718491703,0.60
4154,3809471664,1.40
4155,199895486317,0.00
4156,84977195738,0.20
4157,1807919470,1.60
4158,199895486317,0.00
4159,90767078605,1.00
4160,2052747194,1.10
4161,199895486317,0.00
4162,199895486317,0.00
4163,140389632261,0.10
4164,90767078605,1.00
4165,199895486317,0.00
4166,140389632261,0.10
4167,145528619682,0.40
4168,199895486317,0.00
4169,55745171243,97.10
4170,140389632261,0.10
4171,223069986634,0.50
4172,199895486317,0.00
4173,140389632261,0.10
4174,199895486317,0.00
4175,195204096360,0.80
4176,75883005421,7.90
4177,52730281188,0.30
4178,66718491703,0.60
4179,199895486317,0.00
4180,118918569911,11.60
4181,84977195738,0.20
4182,53755372,342.10
4183,199895486317,0.00
4184,199895486317,0.00
4185,826096941,3.00
4186,199895486317,0.00
4187,199895486317,0.00
4188,14527641570,20.60
4189,140389632261,0.10
4190,223069986634,0.50
4191,199895486317,0.00
4192,140389632261,0.10
4193,140389632261,0.10
4194,199895486317,0.00
4195,2105680101,1.50
4196,199895486317,0.00
4197,2052747194,1.10
4198,3815437271,3.20
4199,36701261,1020.70
4200,199895486317,0.00
4201,7235722582,3.10
4202,66612028151,12.40
4203,199895486317,0.00
4204,2607874967,2.40
4205,199895486317,0.00
4206,199895486317,0.00
4207,199895486317,0.00
4208,199895486317,0.00
4209,66718491703,0.60
4210,298047470036,0.70
4211,195204096360,0.80
4212,199895486317,0.00
4213,199895486317,0.00
4214,52730281188,0.30
4215,50039995,5000.00
4216,95842608240,0.90
4217,199895486317,0.00
4218,199895486317,0.00
4219,298047470036,0.70
4220,656309672,1.20
4221,95842608240,0.90
4222,1512315801,4.00
4223,878500493,228.30
4224,826096941,3.00
4225,199895486317,0.00
4226,3815437271,3.20
4227,199895486317,0.00
4228,49237188,948.80
4229,826096941,3.00
4230,8860371984,3.90
4231,95842608240,0.90
4232,70426881785,67.30
4233,140389632261,0.10
4234,843989023,2.00
4235,199895486317,0.00
4236,7819101925,150.80
4237,10666247130,5.40
4238,298047470036,0.70
4239,140389632261,0.10
4240,199895486317,0.00
4241,199895486317,0.00
4242,1817702540,1.30
4243,27813410,358.40
4244,16760567545,6.60
4245,199895486317,0.00
4246,84977195738,0.20
4247,10116869172,8.00
4248,95842608240,0.90
4249,199895486317,0.00
4250,656309672,1.20
4251,76042562106,24.50
4252,1807919470,1.60
4253,199895486317,0.00
4254,52730281188,0.30
4255,90767078605,1.00
4256,195204096360,0.80
4257,14149278180,14.00
4258,199895486317,0.00
4259,50623334,1134.00
4260,199895486317,0.00
4261,2863397348,3.30
4262,3325055929,5.00
4263,199895486317,0.00
4264,826096941,3.00
4265,25833926,4741.70
4266,52730281188,0.30
4267,3325055929,5.00
4268,1512315801,4.00
4269,84977195738,0.20
4270,199895486317,0.00
4271,89022750,637.30
4272,199895486317,0.00
4273,71357749912,14.30
4274,92317302,3497.00
4275,199895486317,0.00
4276,199895486317,0.00
4277,3431112372,2.30
4278,199895486317,0.00
4279,39701830,1651.00
4280,223069986634,0.50
4281,199895486317,0.00
4282,199895486317,0.00
4283,84977195738,0.20
4284,199895486317,0.00
4285,223069986634,0.50
4286,145528619682,0.40
4287,199895486317,0.00
4288,199895486317,0.00
4289,199895486317,0.00
4290,199895486317,0.00
4291,1807919470,1.60
4292,2971846324,1.70
4293,84977195738,0.20
4294,199895486317,0.00
4295,140389632261,0.10
4296,140389632261,0.10
4297,66718491703,0.60
4298,199895486317,0.00
4299,6826057414,20.00
4300,199895486317,0.00
4301,199895486317,0.00
4302,199895486317,0.00
4303,199895486317,0.00
4304,52730281188,0.30
4305,199895486317,0.00
4306,145528619682,0.40
4307,95842608240,0.90
4308,199895486317,0.00
4309,140389632261,0.10
4310,140389632261,0.10
4311,120309111957,17.70
4312,199895486317,0.00
4313,33019594719,6.70
4314,843989023,2.00
4315,199895486317,0.00
4316,12101596763,5.30
4317,84977195738,0.20
4318,2198903108,2.50
4319,199895486317,0.00
4320,65246759651,11.70
4321,84977195738,0.20
4322,84977195738,0.20
4323,14527641570,20.60
4324,60551233627,102.20
4325,199895486317,0.00
4326,199895486317,0.00
4327,199895486317,0.00
4328,199895486317,0.00
4329,199895486317,0.00
4330,199895486317,0.00
4331,199895486317,0.00
4332,1512315801,4.00
4333,199895486317,0.00
4334,199895486317,0.00
4335,6826057414,20.00
4336,145528619682,0.40
4337,90767078605,1.00
4338,199895486317,0.00
4339,52730281188,0.30
4340,199895486317,0.00
4341,1512315801,4.00
4342,8873340287,7.00
4343,199895486317,0.00
4344,199895486317,0.00
4345,199895486317,0.00
4346,52730281188,0.30
4347,8500524043,4.30
4348,2971846324,1.70
4349,199895486317,0.00
4350,84977195738,0.20
4351,199895486317,0.00
4352,90767078605,1.00
4353,24708131,390.60
4354,199895486317,0.00
4355,199895486317,0.00
4356,2971846324,1.70
4357,68739906,961.70
4358,199895486317,0.00
4359,199895486317,0.00
4360,12101596763,5.30
4361,40656037,665.80
4362,1817702540,1.30
4363,7235722582,3.10
4364,140389632261,0.10
4365,199895486317,0.00
4366,11878375537,10.20
4367,199895486317,0.00
4368,199895486317,0.00
4369,28468255,1173.60
4370,199895486317,0.00
4371,14539909501,11.00
4372,3431112372,2.30
4373,199895486317,0.00
4374,199895486317,0.00
4375,199895486317,0.00
4376,90767078605,1.00
4377,95842608240,0.90
4378,28276490227,6.90
4379,71357749912,14.30
4380,95842608240,0.90
4381,25443906,752.80
4382,199895486317,0.00
4383,92143192,2455.30
4384,199895486317,0.00
4385,199895486317,0.00
4386,4204626905,2.20
4387,52730281188,0.30
4388,199895486317,0.00
4389,199895486317,0.00
4390,84977195738,0.20
4391,223069986634,0.50
4392,66718491703,0.60
4393,196881202737,18.70
4394,1512315801,4.00
4395,24663809,943.50
4396,140389632261,0.10
4397,199895486317,0.00
4398,199895486317,0.00
4399,199895486317,0.00
4400,22113422437,5.20
4401,140389632261,0.10
4402,843989023,2.00
4403,199895486317,0.00
4404,843989023,2.00
4405,2105680101,1.50
4406,145528619682,0.40
4407,199895486317,0.00
4408,199895486317,0.00
4409,23099858500,6.40
4410,199895486317,0.00
4411,2052747194,1.10
4412,199895486317,0.00
4413,199895486317,0.00
4414,61129757,382.50
4415,298047470036,0.70
4416,52730281188,0.30
4417,145528619682,0.40
4418,199895486317,0.00
4419,199895486317,0.00
4420,199895486317,0.00
4421,199895486317,0.00
4422,199895486317,0.00
4423,199895486317,0.00
4424,199895486317,0.00
4425,84977195738,0.20
4426,1807919470,1.60
4427,199895486317,0.00
4428,199895486317,0.00
4429,199895486317,0.00
4430,223069986634,0.50
4431,2052747194,1.10
4432,199895486317,0.00
4433,3014260410,10.00
4434,199895486317,0.00
4435,58424409,1437.10
4436,9526944669,4.40
4437,199895486317,0.00
4438,1817702540,1.30
4439,45318583,1511.90
4440,1691027259,2.10
4441,66718491703,0.60
4442,84977195738,0.20
4443,145528619682,0.40
4444,140389632261,0.10
4445,74962720,1799.10
4446,79271392,887.50
4447,199895486317,0.00
4448,199895486317,0.00
4449,49999260,1277.80
4450,95842608240,0.90
4451,54140114691,11.30
4452,199895486317,0.00
4453,140389632261,0.10
4454,2198903108,2.50
4455,145528619682,0.40
4456,199895486317,0.00
4457,199895486317,0.00
4458,32836871,1168.50
4459,199895486317,0.00
4460,199895486317,0.00
4461,199895486317,0.00
4462,217931300223,13.60
4463,3815437271,3.20
4464,51684625166,96.90
4465,199895486317,0.00
4466,199895486317,0.00
4467,23084314852,10.80
4468,199895486317,0.00
4469,199895486317,0.00
4470,223069986634,0.50
4471,199895486317,0.00
4472,843989023,2.00
4473,66718491703,0.60
4474,84977195738,0.20
4475,1512315801,4.00
4476,199895486317,0.00
4477,199895486317,0.00
4478,199895486317,0.00
4479,145528619682,0.40
4480,52730281188,0.30
4481,656309672,1.20
4482,199895486317,0.00
4483,17574380342,64.00
4484,52730281188,0.30
4485,66718491703,0.60
4486,199895486317,0.00
4487,52730281188,0.30
4488,2472441982,2.60
4489,199895486317,0.00
4490,2052747194,1.10
4491,3431112372,2.30
4492,34709134,1205.00
4493,199895486317,0.00
4494,66718491703,0.60
4495,8873340287,7.00
4496,7401494521,9.00
4497,2052747194,1.10
4498,70348199340,30.60
4499,199895486317,0.00
4500,199895486317,0.00
4501,199895486317,0.00
4502,50039995,5000.00
4503,41262010,1172.50
4504,199895486317,0.00
4505,84977195738,0.20
4506,199895486317,0.00
4507,3431112372,2.30
4508,66718491703,0.60
4509,140389632261,0.10
4510,199895486317,0.00
4511,40656017,971.80
4512,892058999,6.00
4513,656309672,1.20
4514,95842608240,0.90
4515,656309672,1.20
4516,199895486317,0.00
4517,16922627,1204.30
4518,16419630259,12.00
4519,2105680101,1.50
4520,199895486317,0.00
4521,199895486317,0.00
4522,199895486317,0.00
4523,199895486317,0.00
4524,199895486317,0.00
4525,298047470036,0.70
4526,195204096360,0.80
4527,826096941,3.00
4528,66718491703,0.60
4529,199895486317,0.00
4530,16419630259,12.00
4531,223069986634,0.50
4532,90767078605,1.00
4533,66718491703,0.60
4534,195204096360,0.80
4535,84977195738,0.20
4536,66718491703,0.60
4537,199895486317,0.00
4538,199895486317,0.00
4539,199895486317,0.00
4540,90767078605,1.00
4541,199895486317,0.00
4542,52730281188,0.30
4543,70977801569,62.30
4544,3431112372,2.30
4545,199895486317,0.00
4546,199895486317,0.00
4547,20355127,1146.10
4548,656309672,1.20
4549,843989023,2.00
4550,52730281188,0.30
4551,52730281188,0.30
4552,195204096360,0.80
4553,4808134212,144.40
4554,199895486317,0.00
4555,95842608240,0.90
4556,199895486317,0.00
4557,4659119522,3.70
4558,199895486317,0.00
4559,90767078605,1.00
4560,199895486317,0.00
4561,39101606745,9.30
4562,199895486317,0.00
4563,199895486317,0.00
4564,199895486317,0.00
4565,84977195738,0.20
4566,199895486317,0.00
4567,199895486317,0.00
4568,199895486317,0.00
4569,223069986634,0.50
4570,199895486317,0.00
4571,9750258421,10.30
4572,199895486317,0.00
4573,199895486317,0.00
4574,199895486317,0.00
4575,199895486317,0.00
4576,199895486317,0.00
4577,140389632261,0.10
4578,1817702540,1.30
4579,140389632261,0.10
4580,199895486317,0.00
4581,2971846324,1.70
4582,461668993,246.10
4583,199895486317,0.00
4584,892058999,6.00
4585,7401494521,9.00
4586,4659119522,3.70
4587,223069986634,0.50
4588,199895486317,0.00
4589,90767078605,1.00
4590,223069986634,0.50
4591,199895486317,0.00
4592,2105680101,1.50
4593,84977195738,0.20
4594,2863397348,3.30
4595,199895486317,0.00
4596,199895486317,0.00
4597,656309672,1.20
4598,199895486317,0.00
4599,199895486317,0.00
4600,3014260410,10.00
4601,199895486317,0.00
4602,66718491703,0.60
4603,199895486317,0.00
4604,84977195738,0.20
4605,199895486317,0.00
4606,145528619682,0.40
4607,140389632261,0.10
4608,3815437271,3.20
4609,84977195738,0.20
4610,2971846324,1.70
4611,66718491703,0.60
4612,199895486317,0.00
4613,91753118,654.00
4614,843989023,2.00
4615,2052747194,1.10
4616,199895486317,0.00
4617,199895486317,0.00
4618,195204096360,0.80
4619,199895486317,0.00
4620,199895486317,0.00
4621,244052874,257.00
4622,84977195738,0.20
4623,66718491703,0.60
4624,199895486317,0.00
4625,199895486317,0.00
4626,52730281188,0.30
4627,60244847538,44.40
4628,66718491703,0.60
4629,199895486317,0.00
4630,60938834,509.50
4631,199895486317,0.00
4632,199895486317,0.00
4633,4498064718,4.20
4634,199895486317,0.00
4635,843989023,2.00
4636,199895486317,0.00
4637,199895486317,0.00
4638,13934417200,5.70
4639,31241196007,9.40
4640,84977195738,0.20
4641,199895486317,0.00
4642,199895486317,0.00
4643,843989023,2.00
4644,3809471664,1.40
4645,199895486317,0.00
4646,52730281188,0.30
4647,199895486317,0.00
4648,199895486317,0.00
4649,199895486317,0.00
4650,199895486317,0.00
4651,199895486317,0.00
4652,199895486317,0.00
4653,9526944669,4.40
4654,90767078605,1.00
4655,195204096360,0.80
4656,90767078605,1.00
4657,199895486317,0.00
4658,199895486317,0.00
4659,195204096360,0.80
4660,84977195738,0.20
4661,199895486317,0.00
4662,199895486317,0.00
4663,199895486317,0.00
4664,52730281188,0.30
4665,66718491703,0.60
4666,199895486317,0.00
4667,83748623,289.10
4668,122301790229,32.30
4669,145528619682,0.40
4670,199895486317,0.00
4671,84977195738,0.20
4672,199895486317,0.00
4673,52730281188,0.30
4674,199895486317,0.00
4675,199895486317,0.00
4676,3014260410,10.00
4677,199895486317,0.00
4678,55478107,2302.10
4679,95842608240,0.90
4680,52730281188,0.30
4681,6020260826,2.70
4682,199895486317,0.00
4683,199895486317,0.00
4684,199895486317,0.00
4685,3014260410,10.00
4686,52730281188,0.30
4687,89976981,3886.40
4688,145528619682,0.40
4689,52730281188,0.30
4690,199895486317,0.00
4691,199895486317,0.00
4692,843989023,2.00
4693,66718491703,0.60
4694,199895486317,0.00
4695,199895486317,0.00
4696,52730281188,0.30
4697,199895486317,0.00
4698,199895486317,0.00
4699,3662308192,188.00
4700,66718491703,0.60
4701,1691027259,2.10
4702,199895486317,0.00
4703,298047470036,0.70
4704,32859960344,70.40
4705,199895486317,0.00
4706,199895486317,0.00
4707,199895486317,0.00
4708,199895486317,0.00
4709,45006557,1683.00
4710,1015764566,218.70
4711,61718975,736.30
4712,92226113715,45.00
4713,199895486317,0.00
4714,199895486317,0.00
4715,826096941,3.00
4716,18069230993,5.50
4717,1807919470,1.60
4718,66718491703,0.60
4719,19396069421,7.40
4720,199895486317,0.00
4721,11878375537,10.20
4722,145528619682,0.40
4723,66718491703,0.60
4724,199895486317,0.00
4725,2472441982,2.60
4726,3815437271,3.20
4727,199895486317,0.00
4728,843989023,2.00
4729,199895486317,0.00
4730,199895486317,0.00
4731,199895486317,0.00
4732,843989023,2.00
4733,199895486317,0.00
4734,826096941,3.00
4735,33730835,383.90
4736,52730281188,0.30
4737,84977195738,0.20
4738,140389632261,0.10
4739,199895486317,0.00
4740,10116869172,8.00
4741,199895486317,0.00
4742,199895486317,0.00
4743,199895486317,0.00
4744,199895486317,0.00
4745,199895486317,0.00
4746,36893427,1407.90
4747,11675366602,30.00
4748,223069986634,0.50
4749,6020260826,2.70
4750,84977195738,0.20
4751,199895486317,0.00
4752,199895486317,0.00
4753,843989023,2.00
4754,140389632261,0.10
4755,199895486317,0.00
4756,199895486317,0.00
4757,199895486317,0.00
4758,64041190,1072.90
4759,223069986634,0.50
4760,199895486317,0.00
4761,75643046,380.40
4762,223069986634,0.50
4763,50039995,5000.00
4764,95842608240,0.90
4765,199895486317,0.00
4766,66225502,1133.50
4767,5902052860,6.10
4768,199895486317,0.00
4769,199895486317,0.00
4770,199895486317,0.00
4771,1807919470,1.60
4772,20373209,742.70
4773,2971846324,1.70
4774,199895486317,0.00
4775,52730281188,0.30
4776,52730281188,0.30
4777,2052747194,1.10
4778,199895486317,0.00
4779,52730281188,0.30
4780,10321453043,3.50
4781,199895486317,0.00
4782,199895486317,0.00
4783,199895486317,0.00
4784,298047470036,0.70
4785,199895486317,0.00
4786,18812984,888.00
4787,826096941,3.00
4788,84977195738,0.20
4789,195204096360,0.80
4790,199895486317,0.00
4791,2105680101,1.50
4792,223069986634,0.50
4793,50039995,5000.00
4794,11113545031,6.50
4795,2198903108,2.50
4796,199895486317,0.00
4797,52730281188,0.30
4798,195204096360,0.80
4799,66718491703,0.60
4800,48213554345,10.70
4801,145528619682,0.40
4802,70690211,895.50
4803,199895486317,0.00
4804,3325055929,5.00
4805,66718491703,0.60
4806,199895486317,0.00
4807,52730281188,0.30
4808,298047470036,0.70
4809,199895486317,0.00
4810,199895486317,0.00
4811,199895486317,0.00
4812,199895486317,0.00
4813,52730281188,0.30
4814,1807919470,1.60
4815,199895486317,0.00
4816,17574380342,64.00
4817,52730281188,0.30
4818,199895486317,0.00
4819,199895486317,0.00
4820,145528619682,0.40
4821,52730281188,0.30
4822,298047470036,0.70
4823,84977195738,0.20
4824,199895486317,0.00
4825,199895486317,0.00
4826,199895486317,0.00
4827,3809471664,1.40
4828,199895486317,0.00
4829,11269800800,2.80
4830,199895486317,0.00
4831,45117631,308.20
4832,84977195738,0.20
4833,36893427,1549.20
4834,199895486317,0.00
4835,199895486317,0.00
4836,130338891,245.30
4837,199895486317,0.00
4838,3325055929,5.00
4839,199895486317,0.00
4840,84977195738,0.20
4841,199895486317,0.00
4842,95842608240,0.90
4843,52730281188,0.30
4844,1512315801,4.00
4845,199895486317,0.00
4846,892058999,6.00
4847,2472441982,2.60
4848,199895486317,0.00
4849,140389632261,0.10
4850,199895486317,0.00
4851,66718491703,0.60
4852,199895486317,0.00
4853,84977195738,0.20
4854,66718491703,0.60
4855,145528619682,0.40
4856,50039995,5000.00
4857,199895486317,0.00
4858,19374312155,21.00
4859,84977195738,0.20
4860,71722419,3621.30
4861,2971846324,1.70
4862,95842608240,0.90
4863,16499185,392.20
4864,90767078605,1.00
4865,52730281188,0.30
4866,199895486317,0.00
4867,5902052860,6.10
4868,199895486317,0.00
4869,199895486317,0.00
4870,3431112372,2.30
4871,8602372137,4.60
4872,199895486317,0.00
4873,199895486317,0.00
4874,1691027259,2.10
4875,90767078605,1.00
4876,15433607056,7.20
4877,199895486317,0.00
4878,199895486317,0.00
4879,6644097078,3.40
4880,95842608240,0.90
4881,145528619682,0.40
4882,1817702540,1.30
4883,199895486317,0.00
4884,199895486317,0.00
4885,66718491703,0.60
4886,199895486317,0.00
4887,199895486317,0.00
4888,42996333,499.20
4889,34017335131,41.00
4890,199895486317,0.00
4891,199895486317,0.00
4892,298047470036,0.70
4893,84977195738,0.20
4894,199895486317,0.00
4895,52730281188,0.30
4896,199895486317,0.00
4897,199895486317,0.00
4898,298047470036,0.70
4899,199895486317,0.00
4900,2472441982,2.60
4901,52730281188,0.30
4902,84977195738,0.20
4903,95842608240,0.90
4904,199895486317,0.00
4905,38886414991,11.50
4906,19396069421,7.40
4907,199895486317,0.00
4908,69033906,1595.60
4909,90767078605,1.00
4910,145528619682,0.40
4911,20536995039,126.70
4912,656309672,1.20
4913,69707207828,30.90
4914,1691027259,2.10
4915,66718491703,0.60
4916,2635788297,176.70
4917,199895486317,0.00
4918,52730281188,0.30
4919,199895486317,0.00
4920,843989023,2.00
4921,199895486317,0.00
4922,150891111635,15.60
4923,66718491703,0.60
4924,199895486317,0.00
4925,3325055929,5.00
4926,298047470036,0.70
4927,199895486317,0.00
4928,66407256,428.70
4929,199895486317,0.00
4930,48067027,666.30
4931,57038300,534.20
4932,2863397348,3.30
4933,199895486317,0.00
4934,34805231,536.60
4935,66718491703,0.60
4936,21639408,3332.10
4937,95842608240,0.90
4938,4659119522,3.70
4939,298047470036,0.70
4940,66718491703,0.60
4941,199895486317,0.00
4942,52730281188,0.30
4943,50039995,5000.00
4944,1691027259,2.10
4945,52730281188,0.30
4946,223069986634,0.50
4947,199895486317,0.00
4948,826096941,3.00
4949,90767078605,1.00
4950,6565292110,3.60
4951,199895486317,0.00
4952,199895486317,0.00
4953,826096941,3.00
4954,199895486317,0.00
4955,199895486317,0.00
4956,6826057414,20.00
4957,199895486317,0.00
4958,49237211,2023.80
4959,95842608240,0.90
4960,52730281188,0.30
4961,66718491703,0.60
4962,199895486317,0.00
4963,1512315801,4.00
4964,223069986634,0.50
4965,63669199,2570.80
4966,3809471664,1.40
4967,3325055929,5.00
4968,199895486317,0.00
4969,199895486317,0.00
4970,199895486317,0.00
4971,826096941,3.00
4972,21933421,935.20
4973,84977195738,0.20
4974,656309672,1.20
4975,199895486317,0.00
4976,66718491703,0.60
4977,84977195738,0.20
4978,199895486317,0.00
4979,84977195738,0.20
4980,199895486317,0.00
4981,195204096360,0.80
4982,1512315801,4.00
4983,3014260410,10.00
4984,145528619682,0.40
4985,90767078605,1.00
4986,199895486317,0.00
4987,826096941,3.00
4988,84977195738,0.20
4989,199895486317,0.00
4990,223069986634,0.50
4991,140389632261,0.10
4992,826096941,3.00
4993,199895486317,0.00
4994,58128140827,13.70
4995,2105680101,1.50
4996,843989023,2.00
4997,60875755069,12.80
4998,2105680101,1.50
4999,6826057414,20.00
5000,52730281188,0.30
5001,199895486317,0.00
5002,5354342141,149.20
5003,199895486317,0.00
5004,656309672,1.20
5005,3815437271,3.20
5006,199895486317,0.00
5007,223069986634,0.50
5008,22323438,2701.90
5009,826096941,3.00
5010,50039995,5000.00
5011,140389632261,0.10
5012,118918569911,11.60
5013,140389632261,0.10
5014,199895486317,0.00
5015,25659878,1012.20
5016,199895486317,0.00
5017,52730281188,0.30
5018,1513524255,164.70
5019,52730281188,0.30
5020,199895486317,0.00
5021,7401494521,9.00
5022,826096941,3.00
5023,199895486317,0.00
5024,3815437271,3.20
5025,199895486317,0.00
5026,199895486317,0.00
5027,90767078605,1.00
5028,199895486317,0.00
5029,10116869172,8.00
5030,52730281188,0.30
5031,843989023,2.00
5032,892058999,6.00
5033,298047470036,0.70
5034,145528619682,0.40
5035,32808083150,61.30
5036,95842608240,0.90
5037,199895486317,0.00
5038,199895486317,0.00
5039,195204096360,0.80
5040,95842608240,0.90
5041,84977195738,0.20
5042,90767078605,1.00
5043,55088036,622.10
5044,84977195738,0.20
5045,140389632261,0.10
5046,199895486317,0.00
5047,52730281188,0.30
5048,27506883043,10.60
5049,199895486317,0.00
5050,51127544,3458.40
5051,199895486317,0.00
5052,199895486317,0.00
5053,124740361717,24.00
5054,70282085,1139.00
5055,25829884946,18.00
5056,199895486317,0.00
5057,52730281188,0.30
5058,1807919470,1.60
5059,78491309,826.90
5060,199895486317,0.00
5061,84977195738,0.20
5062,892058999,6.00
5063,298047470036,0.70
5064,199895486317,0.00
5065,13934417200,5.70
5066,199895486317,0.00
5067,199895486317,0.00
5068,843989023,2.00
5069,199895486317,0.00
5070,1512315801,4.00
5071,826096941,3.00
5072,52730281188,0.30
5073,199895486317,0.00
5074,892058999,6.00
5075,84977195738,0.20
5076,223069986634,0.50
5077,66945280,359.60
5078,90767078605,1.00
5079,199895486317,0.00
5080,199895486317,0.00
5081,199895486317,0.00
5082,199895486317,0.00
5083,199895486317,0.00
5084,195204096360,0.80
5085,199895486317,0.00
5086,84977195738,0.20
5087,199895486317,0.00
5088,199895486317,0.00
5089,199895486317,0.00
5090,52730281188,0.30
5091,4498064718,4.20
5092,199895486317,0.00
5093,199895486317,0.00
5094,32597438324,79.10
5095,199895486317,0.00
5096,223069986634,0.50
5097,199895486317,0.00
5098,199895486317,0.00
5099,2052747194,1.10
5100,199895486317,0.00
5101,1781855320,205.00
5102,81611741,554.50
5103,71476153054,35.50
5104,199895486317,0.00
5105,1807919470,1.60
5106,826096941,3.00
5107,55340152,3510.30
5108,199895486317,0.00
5109,199895486317,0.00
5110,2472441982,2.60
5111,199895486317,0.00
5112,84977195738,0.20
5113,199895486317,0.00
5114,6826057414,20.00
5115,199895486317,0.00
5116,199895486317,0.00
5117,199895486317,0.00
5118,36259904602,12.20
5119,2971846324,1.70
5120,39101606745,9.30
5121,90767078605,1.00
5122,199895486317,0.00
5123,84977195738,0.20
5124,199895486317,0.00
5125,199895486317,0.00
5126,199895486317,0.00
5127,298047470036,0.70
5128,4498064718,4.20
5129,3014260410,10.00
5130,69970011,1665.00
5131,90767078605,1.00
5132,199895486317,0.00
5133,199895486317,0.00
5134,84977195738,0.20
5135,39875907,513.90
5136,195204096360,0.80
5137,199895486317,0.00
5138,199895486317,0.00
5139,13647757328,20.20
5140,11878375537,10.20
5141,67179704,605.30
5142,199895486317,0.00
5143,199895486317,0.00
5144,2105680101,1.50
5145,8873340287,7.00
5146,66718491703,0.60
5147,199895486317,0.00
5148,31684750,701.00
5149,199895486317,0.00
5150,199895486317,0.00
5151,97465999,3566.20
5152,52730281188,0.30
5153,199895486317,0.00
5154,199895486317,0.00
5155,199895486317,0.00
5156,52730281188,0.30
5157,145528619682,0.40
5158,66718491703,0.60
5159,199895486317,0.00
5160,66718491703,0.60
5161,140389632261,0.10
5162,145528619682,0.40
5163,199895486317,0.00
5164,199895486317,0.00
5165,199895486317,0.00
5166,2607874967,2.40
5167,199895486317,0.00
5168,4659119522,3.70
5169,199895486317,0.00
5170,90767078605,1.00
5171,2607874967,2.40
5172,90767078605,1.00
5173,8602372137,4.60
5174,52730281188,0.30
5175,199895486317,0.00
5176,95842608240,0.90
5177,84977195738,0.20
5178,27153957,694.10
5179,199895486317,0.00
5180,826096941,3.00
5181,52730281188,0.30
5182,52730281188,0.30
5183,2052747194,1.10
5184,223069986634,0.50
5185,199895486317,0.00
5186,199895486317,0.00
5187,3014260410,10.00
5188,8860371984,3.90
5189,121539289576,15.70
5190,199895486317,0.00
5191,84977195738,0.20
5192,48067041,644.90
5193,199895486317,0.00
5194,2472441982,2.60
5195,4498064718,4.20
5196,199895486317,0.00
5197,199895486317,0.00
5198,66718491703,0.60
5199,199895486317,0.00
5200,199895486317,0.00
5201,195204096360,0.80
5202,90767078605,1.00
5203,826096941,3.00
5204,63669202,560.80
5205,3809471664,1.40
5206,75466961,3736.20
5207,66718491703,0.60
5208,199895486317,0.00
5209,16419630259,12.00
5210,199895486317,0.00
5211,199895486317,0.00
5212,199895486317,0.00
5213,199895486317,0.00
5214,120183611494,7.10
5215,2971846324,1.70
5216,199895486317,0.00
5217,199895486317,0.00
5218,199895486317,0.00
5219,2568009930,1.80
5220,195204096360,0.80
5221,199895486317,0.00
5222,90767078605,1.00
5223,66718491703,0.60
5224,199895486317,0.00
5225,843989023,2.00
5226,199895486317,0.00
5227,66718491703,0.60
5228,1817702540,1.30
5229,90767078605,1.00
5230,16948315236,8.30
5231,84977195738,0.20
5232,199895486317,0.00
5233,199895486317,0.00
5234,199895486317,0.00
5235,95842608240,0.90
5236,40331675,392.00
5237,52357665,2020.80
5238,199895486317,0.00
5239,892058999,6.00
5240,145528619682,0.40
5241,199895486317,0.00
5242,656309672,1.20
5243,199895486317,0.00
5244,14099369270,6.30
5245,90767078605,1.00
5246,54367875,1130.60
5247,18049002,400.60
5248,145528619682,0.40
5249,199895486317,0.00
5250,52730281188,0.30
5251,195204096360,0.80
5252,199895486317,0.00
5253,29117086508,68.50
5254,52730281188,0.30
5255,843989023,2.00
5256,199895486317,0.00
5257,199895486317,0.00
5258,199895486317,0.00
5259,145528619682,0.40
5260,89022739,743.90
5261,199895486317,0.00
5262,199895486317,0.00
5263,95842608240,0.90
5264,51969587,443.20
5265,84977195738,0.20
5266,199895486317,0.00
5267,199895486317,0.00
5268,199895486317,0.00
5269,199895486317,0.00
5270,33019594719,6.70
5271,199895486317,0.00
5272,199895486317,0.00
5273,199895486317,0.00
5274,84977195738,0.20
5275,52730281188,0.30
5276,199895486317,0.00
5277,199895486317,0.00
5278,89022751,689.70
5279,199895486317,0.00
5280,199895486317,0.00
5281,84977195738,0.20
5282,6020260826,2.70
5283,826096941,3.00
5284,656309672,1.20
5285,4204626905,2.20
5286,2607874967,2.40
5287,199895486317,0.00
5288,199895486317,0.00
5289,199895486317,0.00
5290,4659119522,3.70
5291,66718491703,0.60
5292,199895486317,0.00
5293,223069986634,0.50
5294,59078645804,8.10
5295,52730281188,0.30
5296,199895486317,0.00
5297,199895486317,0.00
5298,1817702540,1.30
5299,199895486317,0.00
5300,18069230993,5.50
5301,438237591,221.90
5302,89802854,874.20
5303,656309672,1.20
5304,63669224,585.60
5305,8500524043,4.30
5306,199895486317,0.00
5307,199895486317,0.00
5308,199895486317,0.00
5309,151904781183,8.50
5310,199895486317,0.00
5311,199895486317,0.00
5312,145528619682,0.40
5313,14099369270,6.30
5314,843989023,2.00
5315,34025087,627.10
5316,199895486317,0.00
5317,84977195738,0.20
5318,199895486317,0.00
5319,199895486317,0.00
5320,199895486317,0.00
5321,62889125,2617.70
5322,140389632261,0.10
5323,52730281188,0.30
5324,199895486317,0.00
5325,52730281188,0.30
5326,223069986634,0.50
5327,199895486317,0.00
5328,84977195738,0.20
5329,199895486317,0.00
5330,235857717,275.80
5331,656309672,1.20
5332,199895486317,0.00
5333,199895486317,0.00
5334,656309672,1.20
5335,199895486317,0.00
5336,3809471664,1.40
5337,66718491703,0.60
5338,1817702540,1.30
5339,199895486317,0.00
5340,356509655,247.10
5341,90767078605,1.00
5342,199895486317,0.00
5343,199895486317,0.00
5344,843989023,2.00
5345,199895486317,0.00
5346,199895486317,0.00
5347,199895486317,0.00
5348,199895486317,0.00
5349,199895486317,0.00
5350,199895486317,0.00
5351,199895486317,0.00
5352,140389632261,0.10
5353,6283485960,6.20
5354,199895486317,0.00
5355,199895486317,0.00
5356,199895486317,0.00
5357,145528619682,0.40
5358,199895486317,0.00
5359,84977195738,0.20
5360,843989023,2.00
5361,199895486317,0.00
5362,199895486317,0.00
5363,199895486317,0.00
5364,199895486317,0.00
5365,15433607056,7.20
5366,199895486317,0.00
5367,90767078605,1.00
5368,84977195738,0.20
5369,7131644060,2.90
5370,843989023,2.00
5371,199895486317,0.00
5372,199895486317,0.00
5373,66718491703,0.60
5374,199895486317,0.00
5375,51127534,3201.80
5376,66718491703,0.60
5377,199895486317,0.00
5378,199895486317,0.00
5379,199895486317,0.00
5380,199895486317,0.00
5381,199895486317,0.00
5382,199895486317,0.00
5383,199895486317,0.00
5384,199895486317,0.00
5385,12377656444,5.60
5386,52730281188,0.30
5387,5129352926,1.90
5388,1512315801,4.00
5389,52730281188,0.30
5390,4498064718,4.20
5391,199895486317,0.00
5392,199895486317,0.00
5393,199895486317,0.00
5394,1512315801,4.00
5395,84689019,319.40
5396,66718491703,0.60
5397,199895486317,0.00
5398,90767078605,1.00
5399,199895486317,0.00
5400,52730281188,0.30
5401,199895486317,0.00
5402,199895486317,0.00
5403,199895486317,0.00
5404,199895486317,0.00
5405,1817702540,1.30
5406,199895486317,0.00
5407,199895486317,0.00
5408,199895486317,0.00
5409,1512315801,4.00
5410,199895486317,0.00
5411,76392711525,36.00
5412,11878375537,10.20
5413,42822268,1613.00
5414,38114178661,8.40
5415,4498064718,4.20
5416,656309672,1.20
5417,199895486317,0.00
5418,84977195738,0.20
5419,199895486317,0.00
5420,145528619682,0.40
5421,199895486317,0.00
5422,4498064718,4.20
5423,199895486317,0.00
5424,84977195738,0.20
5425,140389632261,0.10
5426,84977195738,0.20
5427,223069986634,0.50
5428,199895486317,0.00
5429,7401494521,9.00
5430,199895486317,0.00
5431,48871198800,42.40
5432,199895486317,0.00
5433,223069986634,0.50
5434,199895486317,0.00
5435,140389632261,0.10
5436,199895486317,0.00
5437,199895486317,0.00
5438,199895486317,0.00
5439,2971846324,1.70
5440,22661723584,4.90
5441,2198903108,2.50
5442,31638359244,7.60
5443,199895486317,0.00
5444,2198903108,2.50
5445,199895486317,0.00
5446,199895486317,0.00
5447,52730281188,0.30
5448,199895486317,0.00
5449,31718528073,20.40
5450,2105680101,1.50
5451,199895486317,0.00
5452,1512315801,4.00
5453,3163516513,183.80
5454,52730281188,0.30
5455,576115985,240.60
5456,84977195738,0.20
5457,199895486317,0.00
5458,6826057414,20.00
5459,2105680101,1.50
5460,86287951084,24.70
5461,656309672,1.20
5462,2568009930,1.80
5463,199895486317,0.00
5464,199895486317,0.00
5465,199895486317,0.00
5466,199895486317,0.00
5467,14369873098,40.00
5468,199895486317,0.00
5469,843989023,2.00
5470,53532184,433.30
5471,199895486317,0.00
5472,2472441982,2.60
5473,199895486317,0.00
5474,199895486317,0.00
5475,106345591537,18.20
5476,52730281188,0.30
5477,199895486317,0.00
5478,199895486317,0.00
5479,199895486317,0.00
5480,199895486317,0.00
5481,199895486317,0.00
5482,95842608240,0.90
5483,199895486317,0.00
5484,199895486317,0.00
5485,223069986634,0.50
5486,37925665,2620.00
5487,199895486317,0.00
5488,199895486317,0.00
5489,298047470036,0.70
5490,656309672,1.20
5491,199895486317,0.00
5492,199895486317,0.00
5493,199895486317,0.00
5494,199895486317,0.00
5495,2105680101,1.50
5496,223069986634,0.50
5497,66718491703,0.60
5498,199895486317,0.00
5499,18812985,2745.60
5500,36648917987,119.50
5501,84977195738,0.20
5502,2971846324,1.70
5503,843989023,2.00
5504,66718491703,0.60
5505,46896881,648.20
5506,2198903108,2.50
5507,2607874967,2.40
5508,48429394392,5.90
5509,199895486317,0.00
5510,12666411253,4.10
5511,843989023,2.00
5512,199895486317,0.00
5513,223069986634,0.50
5514,298047470036,0.70
5515,199895486317,0.00
5516,52730281188,0.30
5517,199895486317,0.00
5518,199895486317,0.00
5519,145528619682,0.40
5520,199895486317,0.00
5521,199895486317,0.00
5522,199895486317,0.00
5523,11878375537,10.20
5524,199895486317,0.00
5525,892058999,6.00
5526,2198903108,2.50
5527,843989023,2.00
5528,199895486317,0.00
5529,66718491703,0.60
5530,199895486317,0.00
5531,9750258421,10.30
5532,3809471664,1.40
5533,199895486317,0.00
5534,199895486317,0.00
5535,90767078605,1.00
5536,199895486317,0.00
5537,2105680101,1.50
5538,843989023,2.00
5539,826096941,3.00
5540,199895486317,0.00
5541,66718491703,0.60
5542,3325055929,5.00
5543,1512315801,4.00
5544,843989023,2.00
5545,199895486317,0.00
5546,199895486317,0.00
5547,2105680101,1.50
5548,199895486317,0.00
5549,52730281188,0.30
5550,199895486317,0.00
5551,55088007,2060.40
5552,199895486317,0.00
5553,199895486317,0.00
5554,7131644060,2.90
5555,313848718,256.10
5556,199895486317,0.00
5557,27506883043,10.60
5558,95842608240,0.90
5559,199895486317,0.00
5560,199895486317,0.00
5561,50039995,5000.00
5562,6826057414,20.00
5563,199895486317,0.00
5564,843989023,2.00
5565,3809471664,1.40
5566,223069986634,0.50
5567,52730281188,0.30
5568,145528619682,0.40
5569,233496597211,14.40
5570,199895486317,0.00
5571,199895486317,0.00
5572,90767078605,1.00
5573,826096941,3.00
5574,58624703,348.90
5575,52730281188,0.30
5576,52357648,538.30
5577,199895486317,0.00
5578,95842608240,0.90
5579,66718491703,0.60
5580,27506883043,10.60
5581,60020789,3662.00
5582,21915331,1644.30
5583,199895486317,0.00
5584,82391828,2338.10
5585,199895486317,0.00
5586,656309672,1.20
5587,84977195738,0.20
5588,199895486317,0.00
5589,199895486317,0.00
5590,51247414,1506.80
5591,199895486317,0.00
5592,199895486317,0.00
5593,52730281188,0.30
5594,95842608240,0.90
5595,298047470036,0.70
5596,199895486317,0.00
5597,199895486317,0.00
5598,199895486317,0.00
5599,140389632261,0.10
5600,199895486317,0.00
5601,1691027259,2.10
5602,84977195738,0.20
5603,199895486317,0.00
5604,1807919470,1.60
5605,199895486317,0.00
5606,199895486317,0.00
5607,199895486317,0.00
5608,199895486317,0.00
5609,26320088,3211.20
5610,37145523,4334.40
5611,199895486317,0.00
5612,199895486317,0.00
5613,131882640162,27.50
5614,25829884946,18.00
5615,199895486317,0.00
5616,199895486317,0.00
5617,199895486317,0.00
5618,199895486317,0.00
5619,199895486317,0.00
5620,95842608240,0.90
5621,14539909501,11.00
5622,298047470036,0.70
5623,656309672,1.20
5624,6283485960,6.20
5625,199895486317,0.00
5626,8602372137,4.60
5627,199895486317,0.00
5628,199895486317,0.00
5629,2198903108,2.50
5630,199895486317,0.00
5631,199895486317,0.00
5632,199895486317,0.00
5633,84977195738,0.20
5634,199895486317,0.00
5635,199895486317,0.00
5636,145528619682,0.40
5637,52730281188,0.30
5638,843989023,2.00
5639,199895486317,0.00
5640,199895486317,0.00
5641,93703398,2141.30
5642,199895486317,0.00
5643,52730281188,0.30
5644,95842608240,0.90
5645,10321453043,3.50
5646,199895486317,0.00
5647,199895486317,0.00
5648,76926370,328.60
5649,199895486317,0.00
5650,199895486317,0.00
5651,656309672,1.20
5652,199895486317,0.00
5653,52730281188,0.30
5654,95842608240,0.90
5655,93313338,553.20
5656,298047470036,0.70
5657,199895486317,0.00
5658,656309672,1.20
5659,5129352926,1.90
5660,52730281188,0.30
5661,41046061,2266.60
5662,52730281188,0.30
5663,199895486317,0.00
5664,95842608240,0.90
5665,199895486317,0.00
5666,826096941,3.00
5667,3809471664,1.40
5668,140389632261,0.10
5669,15634731765,4.50
5670,223069986634,0.50
5671,843989023,2.00
5672,199895486317,0.00
5673,199895486317,0.00
5674,87577787303,52.10
5675,199895486317,0.00
5676,14539909501,11.00
5677,124489542690,23.60
5678,1691027259,2.10
5679,199895486317,0.00
5680,48213554345,10.70
5681,199895486317,0.00
5682,199895486317,0.00
5683,199895486317,0.00
5684,199895486317,0.00
5685,2607874967,2.40
5686,90767078605,1.00
5687,199895486317,0.00
5688,31294696,514.30
5689,145528619682,0.40
5690,33460925,1249.10
5691,23099858500,6.40
5692,4659119522,3.70
5693,1807919470,1.60
5694,66718491703,0.60
5695,90767078605,1.00
5696,46566758,1391.30
5697,2971846324,1.70
5698,843989023,2.00
5699,3431112372,2.30
5700,96408850740,41.50
5701,95842608240,0.90
5702,199895486317,0.00
5703,199895486317,0.00
5704,1512315801,4.00
5705,90767078605,1.00
5706,59360539,1397.90
5707,53773112,315.70
5708,2052747194,1.10
5709,199895486317,0.00
5710,50935402,1818.40
5711,199895486317,0.00
5712,90767078605,1.00
5713,52730281188,0.30
5714,13220597826,5.80
5715,199895486317,0.00
5716,298047470036,0.70
5717,195204096360,0.80
5718,2568009930,1.80
5719,95842608240,0.90
5720,195204096360,0.80
5721,199895486317,0.00
5722,4659119522,3.70
5723,199895486317,0.00
5724,199895486317,0.00
5725,2863397348,3.30
5726,145528619682,0.40
5727,1512315801,4.00
5728,52357665,691.20
5729,9526944669,4.40
5730,223069986634,0.50
5731,199895486317,0.00
5732,656309672,1.20
5733,101042002813,31.20
5734,84977195738,0.20
5735,1512315801,4.00
5736,20979223,1565.40
5737,66718491703,0.60
5738,1817702540,1.30
5739,3809471664,1.40
5740,199895486317,0.00
5741,52730281188,0.30
5742,199895486317,0.00
5743,843989023,2.00
5744,66718491703,0.60
5745,199895486317,0.00
5746,199895486317,0.00
5747,90767078605,1.00
5748,84977195738,0.20
5749,199895486317,0.00
5750,199895486317,0.00
5751,199895486317,0.00
5752,199895486317,0.00
5753,140389632261,0.10
5754,140389632261,0.10
5755,199895486317,0.00
5756,199895486317,0.00
5757,199895486317,0.00
5758,52730281188,0.30
5759,1973540844,199.80
5760,90767078605,1.00
5761,84977195738,0.20
5762,15634731765,4.50
5763,199895486317,0.00
5764,199895486317,0.00
5765,199895486317,0.00
5766,843989023,2.00
5767,1817702540,1.30
5768,826096941,3.00
5769,95842608240,0.90
5770,2105680101,1.50
5771,199895486317,0.00
5772,656309672,1.20
5773,52730281188,0.30
5774,95842608240,0.90
5775,199895486317,0.00
5776,84977195738,0.20
5777,95842608240,0.90
5778,66718491703,0.60
5779,199895486317,0.00
5780,95842608240,0.90
5781,50039995,5000.00
5782,199895486317,0.00
5783,199895486317,0.00
5784,199895486317,0.00
5785,52730281188,0.30
5786,2971846324,1.70
5787,199895486317,0.00
5788,24663788,4525.20
5789,66718491703,0.60
5790,1817702540,1.30
5791,478029822,202.00
5792,95842608240,0.90
5793,199895486317,0.00
5794,95842608240,0.90
5795,199895486317,0.00
5796,199895486317,0.00
5797,199895486317,0.00
5798,199895486317,0.00
5799,52730281188,0.30
5800,223069986634,0.50
5801,66718491703,0.60
5802,2105680101,1.50
5803,199895486317,0.00
5804,1817702540,1.30
5805,199895486317,0.00
5806,52730281188,0.30
5807,1807919470,1.60
5808,223069986634,0.50
5809,46701650605,12.70
5810,84977195738,0.20
5811,52730281188,0.30
5812,1817702540,1.30
5813,66718491703,0.60
5814,2052747194,1.10
5815,70690176,4086.40
5816,199895486317,0.00
5817,199895486317,0.00
5818,86494687,370.70
5819,52730281188,0.30
5820,199895486317,0.00
5821,199895486317,0.00
5822,199895486317,0.00
5823,195204096360,0.80
5824,46878803,1795.00
5825,199895486317,0.00
5826,1817702540,1.30
5827,199895486317,0.00
5828,199895486317,0.00
5829,14527641570,20.60
5830,199895486317,0.00
5831,84977195738,0.20
5832,60548788,631.90
5833,199895486317,0.00
5834,52730281188,0.30
5835,843989023,2.00
5836,199895486317,0.00
5837,11675366602,30.00
5838,199895486317,0.00
5839,199895486317,0.00
5840,2971846324,1.70
5841,52730281188,0.30
5842,145528619682,0.40
5843,199895486317,0.00
5844,1807919470,1.60
5845,66718491703,0.60
5846,7568365925,3.80
5847,199895486317,0.00
5848,199895486317,0.00
5849,199895486317,0.00
5850,64353238,1917.20
5851,199895486317,0.00
5852,71530229,1190.30
5853,199895486317,0.00
5854,199895486317,0.00
5855,6283485960,6.20
5856,2052747194,1.10
5857,843989023,2.00
5858,63164092,311.10
5859,826096941,3.00
5860,3325055929,5.00
5861,3809471664,1.40
5862,199895486317,0.00
5863,52730281188,0.30
5864,3431112372,2.30
5865,199895486317,0.00
5866,199895486317,0.00
5867,199895486317,0.00
5868,199895486317,0.00
5869,223069986634,0.50
5870,199895486317,0.00
5871,90767078605,1.00
5872,3815437271,3.20
5873,199895486317,0.00
5874,37517494,1133.10
5875,82391891,496.40
5876,1817702540,1.30
5877,199895486317,0.00
5878,91753140,825.70
5879,199895486317,0.00
5880,66718491703,0.60
5881,88104691,3205.20
5882,34709113,1594.00
5883,8500524043,4.30
5884,3815437271,3.20
5885,223069986634,0.50
5886,199895486317,0.00
5887,195204096360,0.80
5888,31718528073,20.40
5889,84977195738,0.20
5890,140389632261,0.10
5891,199895486317,0.00
5892,892058999,6.00
5893,892058999,6.00
5894,145528619682,0.40
5895,199895486317,0.00
5896,199895486317,0.00
5897,199895486317,0.00
5898,2105680101,1.50
5899,199895486317,0.00
5900,140389632261,0.10
5901,90767078605,1.00
5902,91753145,681.80
5903,199895486317,0.00
5904,199895486317,0.00
5905,199895486317,0.00
5906,52730281188,0.30
5907,199895486317,0.00
5908,140389632261,0.10
5909,223069986634,0.50
5910,199895486317,0.00
5911,84977195738,0.20
5912,199895486317,0.00
5913,199895486317,0.00
5914,199895486317,0.00
5915,33347501379,10.50
5916,39274500,350.60
5917,199895486317,0.00
5918,1807919470,1.60
5919,90767078605,1.00
5920,199895486317,0.00
5921,199895486317,0.00
5922,8500524043,4.30
5923,1861242669,167.20
5924,298047470036,0.70
5925,199895486317,0.00
5926,656309672,1.20
5927,52730281188,0.30
5928,199895486317,0.00
5929,199895486317,0.00
5930,199895486317,0.00
5931,84977195738,0.20
5932,199895486317,0.00
5933,199895486317,0.00
5934,199895486317,0.00
5935,199895486317,0.00
5936,84977195738,0.20
5937,1512315801,4.00
5938,199895486317,0.00
5939,7131644060,2.90
5940,84977195738,0.20
5941,199895486317,0.00
5942,95842608240,0.90
5943,2052747194,1.10
5944,3809471664,1.40
5945,2105680101,1.50
5946,3325055929,5.00
5947,843989023,2.00
5948,199895486317,0.00
5949,223069986634,0.50
5950,199895486317,0.00
5951,199895486317,0.00
5952,656309672,1.20
5953,133709684,291.20
5954,34416806,440.00
5955,38886414991,11.50
5956,52730281188,0.30
5957,199895486317,0.00
5958,145528619682,0.40
5959,199895486317,0.00
5960,199895486317,0.00
5961,86361546453,13.30
5962,199895486317,0.00
5963,1512315801,4.00
5964,6283485960,6.20
5965,199895486317,0.00
5966,84977195738,0.20
5967,50623336,1844.10
5968,199895486317,0.00
5969,199895486317,0.00
5970,199895486317,0.00
5971,199895486317,0.00
5972,199895486317,0.00
5973,656309672,1.20
5974,199895486317,0.00
5975,199895486317,0.00
5976,199895486317,0.00
5977,48429394392,5.90
5978,79384686,353.00
5979,140389632261,0.10
5980,656309672,1.20
5981,10321453043,3.50
5982,1512315801,4.00
5983,199895486317,0.00
5984,84977195738,0.20
5985,46878796,1270.30
5986,843989023,2.00
5987,199895486317,0.00
5988,199895486317,0.00
5989,199895486317,0.00
5990,36259904602,12.20
5991,199895486317,0.00
5992,223069986634,0.50
5993,52730281188,0.30
5994,199895486317,0.00
5995,199895486317,0.00
5996,199895486317,0.00
5997,1807919470,1.60
5998,90767078605,1.00
5999,1512315801,4.00
6000,10116869172,8.00
6001,199895486317,0.00
6002,84977195738,0.20
6003,2971846324,1.70
6004,199895486317,0.00
6005,63834183339,50.10
6006,199895486317,0.00
6007,51500530,308.50
6008,52730281188,0.30
6009,145528619682,0.40
6010,57928500740,112.00
6011,199895486317,0.00
6012,145528619682,0.40
6013,199895486317,0.00
6014,199895486317,0.00
6015,199895486317,0.00
6016,48847173,2890.10
6017,140389632261,0.10
6018,199895486317,0.00
6019,199895486317,0.00
6020,95842608240,0.90
6021,223069986634,0.50
6022,199895486317,0.00
6023,66718491703,0.60
6024,656309672,1.20
6025,95842608240,0.90
6026,656309672,1.20
6027,892058999,6.00
6028,195204096360,0.80
6029,656309672,1.20
6030,3431112372,2.30
6031,656309672,1.20
6032,48429394392,5.90
6033,84977195738,0.20
6034,892058999,6.00
6035,145528619682,0.40
6036,199895486317,0.00
6037,199895486317,0.00
6038,90767078605,1.00
6039,199895486317,0.00
6040,199895486317,0.00
6041,199895486317,0.00
6042,41826203,835.60
6043,2052747194,1.10
6044,199895486317,0.00
6045,52730281188,0.30
6046,52730281188,0.30
6047,145528619682,0.40
6048,66718491703,0.60
6049,33158923205,62.80
6050,199895486317,0.00
6051,199895486317,0.00
6052,84977195738,0.20
6053,84977195738,0.20
6054,145528619682,0.40
6055,199895486317,0.00
6056,66718491703,0.60
6057,199895486317,0.00
6058,6020260826,2.70
6059,199895486317,0.00
6060,52730281188,0.30
6061,298047470036,0.70
6062,10666247130,5.40
6063,31241196007,9.40
6064,84977195738,0.20
6065,14539909501,11.00
6066,84977195738,0.20
6067,298047470036,0.70
6068,18643921,337.20
6069,2971846324,1.70
6070,843989023,2.00
6071,145528619682,0.40
6072,66718491703,0.60
6073,199895486317,0.00
6074,84977195738,0.20
6075,199895486317,0.00
6076,199895486317,0.00
6077,3815437271,3.20
6078,199895486317,0.00
6079,2198903108,2.50
6080,140389632261,0.10
6081,199895486317,0.00
6082,199895486317,0.00
6083,199895486317,0.00
6084,2105680101,1.50
6085,199895486317,0.00
6086,199895486317,0.00
6087,38884783428,23.00
6088,52730281188,0.30
6089,52730281188,0.30
6090,199895486317,0.00
6091,199895486317,0.00
6092,199895486317,0.00
6093,66718491703,0.60
6094,65229438,735.20
6095,199895486317,0.00
6096,199895486317,0.00
6097,1817702540,1.30
6098,84977195738,0.20
6099,199895486317,0.00
6100,84977195738,0.20
6101,2980550905,194.50
6102,199895486317,0.00
6103,52730281188,0.30
6104,199895486317,0.00
6105,52730281188,0.30
6106,199895486317,0.00
6107,199895486317,0.00
6108,52730281188,0.30
6109,199895486317,0.00
6110,52730281188,0.30
6111,2105680101,1.50
6112,223069986634,0.50
6113,656309672,1.20
6114,40534842726,17.90
6115,656309672,1.20
6116,36755500,957.30
6117,44557412,452.40
6118,199895486317,0.00
6119,199895486317,0.00
6120,67959824,813.50
6121,199895486317,0.00
6122,145528619682,0.40
6123,6020260826,2.70
6124,1512315801,4.00
6125,50017303,617.40
6126,81170738673,16.30
6127,66718491703,0.60
6128,58221739158,20.70
6129,199895486317,0.00
6130,298047470036,0.70
6131,90767078605,1.00
6132,84977195738,0.20
6133,199895486317,0.00
6134,298047470036,0.70
6135,140389632261,0.10
6136,40534842726,17.90
6137,199895486317,0.00
6138,6826057414,20.00
6139,298047470036,0.70
6140,2052747194,1.10
6141,50935385,1040.10
6142,298047470036,0.70
6143,656309672,1.20
6144,50039995,5000.00
6145,29010118126,56.60
6146,199895486317,0.00
6147,199895486317,0.00
6148,52730281188,0.30
6149,199895486317,0.00
6150,6283485960,6.20
6151,826096941,3.00
6152,843989023,2.00
6153,145528619682,0.40
6154,3014260410,10.00
6155,199895486317,0.00
6156,66718491703,0.60
6157,199895486317,0.00
6158,199895486317,0.00
6159,140389632261,0.10
6160,90767078605,1.00
6161,892058999,6.00
6162,84977195738,0.20
6163,22113422437,5.20
6164,84977195738,0.20
6165,113318549,277.10
6166,38141601,1571.80
6167,199895486317,0.00
6168,66718491703,0.60
6169,199895486317,0.00
6170,2607874967,2.40
6171,145528619682,0.40
6172,199895486317,0.00
6173,199895486317,0.00
6174,199895486317,0.00
6175,43944054413,20.50
6176,298047470036,0.70
6177,66718491703,0.60
6178,892058999,6.00
6179,95842608240,0.90
6180,195204096360,0.80
6181,39986387936,108.80
6182,199895486317,0.00
6183,223069986634,0.50
6184,199895486317,0.00
6185,83952041,937.20
6186,199895486317,0.00
6187,199895486317,0.00
6188,4204626905,2.20
6189,195204096360,0.80
6190,199895486317,0.00
6191,82893527355,21.20
6192,1691027259,2.10
6193,892058999,6.00
6194,199895486317,0.00
6195,3325055929,5.00
6196,66718491703,0.60
6197,52730281188,0.30
6198,25054498,447.90
6199,199895486317,0.00
6200,2568009930,1.80
6201,199895486317,0.00
6202,1673614460,159.70
6203,52730281188,0.30
6204,52730281188,0.30
6205,84977195738,0.20
6206,38315670,589.40
6207,199895486317,0.00
6208,298047470036,0.70
6209,656309672,1.20
6210,2198903108,2.50
6211,223069986634,0.50
6212,95855606,267.20
6213,199895486317,0.00
6214,1817702540,1.30
6215,84977195738,0.20
6216,843989023,2.00
6217,145528619682,0.40
6218,20373217,2795.40
6219,66718491703,0.60
6220,843989023,2.00
6221,199895486317,0.00
6222,199895486317,0.00
6223,39077715,1321.90
6224,199895486317,0.00
6225,199895486317,0.00
6226,84977195738,0.20
6227,199895486317,0.00
6228,199895486317,0.00
6229,199895486317,0.00
6230,199895486317,0.00
6231,15634731765,4.50
6232,199895486317,0.00
6233,199895486317,0.00
6234,199895486317,0.00
6235,223069986634,0.50
6236,66718491703,0.60
6237,656309672,1.20
6238,199895486317,0.00
6239,843989023,2.00
6240,84977195738,0.20
6241,199895486317,0.00
6242,199895486317,0.00
6243,90767078605,1.00
6244,223069986634,0.50
6245,199895486317,0.00
6246,84977195738,0.20
6247,199895486317,0.00
6248,66718491703,0.60
6249,50039995,5000.00
6250,199895486317,0.00
6251,145528619682,0.40
6252,199895486317,0.00
6253,199895486317,0.00
6254,90767078605,1.00
6255,140389632261,0.10
6256,84977195738,0.20
6257,826096941,3.00
6258,7401494521,9.00
6259,52730281188,0.30
6260,199895486317,0.00
6261,195204096360,0.80
6262,199895486317,0.00
6263,199895486317,0.00
6264,66718491703,0.60
6265,55088036,535.20
6266,73879636231,47.90
6267,199895486317,0.00
6268,1512315801,4.00
6269,199895486317,0.00
6270,78940033252,20.70
6271,199895486317,0.00
6272,199895486317,0.00
6273,892058999,6.00
6274,199895486317,0.00
6275,223069986634,0.50
6276,7401494521,9.00
6277,2899242747,156.00
6278,10116869172,8.00
6279,8602372137,4.60
6280,52730281188,0.30
6281,826096941,3.00
6282,52730281188,0.30
6283,199895486317,0.00
6284,72435223723,58.80
6285,199895486317,0.00
6286,84977195738,0.20
6287,199895486317,0.00
6288,199895486317,0.00
6289,2105680101,1.50
6290,199895486317,0.00
6291,3014260410,10.00
6292,90767078605,1.00
6293,892058999,6.00
6294,199895486317,0.00
6295,2863397348,3.30
6296,31241196007,9.40
6297,298047470036,0.70
6298,199895486317,0.00
6299,199895486317,0.00
6300,71218208,1780.60
6301,656309672,1.20
6302,140389632261,0.10
6303,1807919470,1.60
6304,298047470036,0.70
6305,84977195738,0.20
6306,826096941,3.00
6307,199895486317,0.00
6308,199895486317,0.00
6309,199895486317,0.00
6310,22113422437,5.20
6311,52730281188,0.30
6312,843989023,2.00
6313,52730281188,0.30
6314,199895486317,0.00
6315,2105680101,1.50
6316,199895486317,0.00
6317,199895486317,0.00
6318,199895486317,0.00
6319,298047470036,0.70
6320,298047470036,0.70
6321,84977195738,0.20
6322,43386423,743.20
6323,90767078605,1.00
6324,199895486317,0.00
6325,49067921051,40.30
6326,199895486317,0.00
6327,6565292110,3.60
6328,826096941,3.00
6329,199895486317,0.00
6330,199895486317,0.00
6331,95842608240,0.90
6332,843989023,2.00
6333,199895486317,0.00
6334,199895486317,0.00
6335,199895486317,0.00
6336,199895486317,0.00
6337,199895486317,0.00
6338,199895486317,0.00
6339,199895486317,0.00
6340,199895486317,0.00
6341,140389632261,0.10
6342,66718491703,0.60
6343,199895486317,0.00
6344,66718491703,0.60
6345,6565292110,3.60
6346,95842608240,0.90
6347,199895486317,0.00
6348,145528619682,0.40
6349,3325055929,5.00
6350,199895486317,0.00
6351,199895486317,0.00
6352,199895486317,0.00
6353,199895486317,0.00
6354,199895486317,0.00
6355,199895486317,0.00
6356,30964586,1692.90
6357,140389632261,0.10
6358,9526944669,4.40
6359,3815437271,3.20
6360,140389632261,0.10
6361,199895486317,0.00
6362,66718491703,0.60
6363,52730281188,0.30
6364,52730281188,0.30
6365,199895486317,0.00
6366,199895486317,0.00
6367,843989023,2.00
6368,2971846324,1.70
6369,199895486317,0.00
6370,199895486317,0.00
6371,199895486317,0.00
6372,1807919470,1.60
6373,52730281188,0.30
6374,54972406,375.50
6375,199895486317,0.00
6376,195204096360,0.80
6377,84977195738,0.20
6378,44556577,500.60
6379,199895486317,0.00
6380,199895486317,0.00
6381,66718491703,0.60
6382,66718491703,0.60
6383,52730281188,0.30
6384,199895486317,0.00
6385,43944054413,20.50
6386,1512315801,4.00
6387,2105680101,1.50
6388,13647757328,20.20
6389,199895486317,0.00
6390,3014260410,10.00
6391,199895486317,0.00
6392,199895486317,0.00
6393,1807919470,1.60
6394,79651939,347.60
6395,199895486317,0.00
6396,67025528,308.00
6397,140389632261,0.10
6398,199895486317,0.00
6399,2607874967,2.40
6400,3014260410,10.00
6401,826096941,3.00
6402,140389632261,0.10
6403,199895486317,0.00
6404,52730281188,0.30
6405,15634731765,4.50
6406,3809471664,1.40
6407,199895486317,0.00
6408,90767078605,1.00
6409,892058999,6.00
6410,84977195738,0.20
6411,199895486317,0.00
6412,16298545,1870.60
6413,66718491703,0.60
6414,1512315801,4.00
6415,95842608240,0.90
6416,199895486317,0.00
6417,199895486317,0.00
6418,84977195738,0.20
6419,199895486317,0.00
6420,199895486317,0.00
6421,199895486317,0.00
6422,199895486317,0.00
6423,84977195738,0.20
6424,90767078605,1.00
6425,843989023,2.00
6426,1807919470,1.60
6427,199895486317,0.00
6428,52730281188,0.30
6429,52730281188,0.30
6430,199895486317,0.00
6431,24618600,898.70
6432,16441513055,83.00
6433,199895486317,0.00
6434,140389632261,0.10
6435,199895486317,0.00
6436,3815437271,3.20
6437,656309672,1.20
6438,199895486317,0.00
6439,1817702540,1.30
6440,199895486317,0.00
6441,298047470036,0.70
6442,199895486317,0.00
6443,298047470036,0.70
6444,892058999,6.00
6445,145528619682,0.40
6446,51998483556,9.10
6447,39389781,1568.00
6448,199895486317,0.00
6449,29404383,1998.60
6450,95842608240,0.90
6451,95842608240,0.90
6452,199895486317,0.00
6453,1512315801,4.00
6454,90767078605,1.00
6455,1512315801,4.00
6456,140389632261,0.10
6457,52730281188,0.30
6458,9526944669,4.40
6459,52730281188,0.30
6460,2814567717,143.00
6461,199895486317,0.00
6462,90767078605,1.00
6463,199895486317,0.00
6464,223069986634,0.50
6465,50039995,5000.00
6466,199895486317,0.00
6467,199895486317,0.00
6468,199895486317,0.00
6469,199895486317,0.00
6470,199895486317,0.00
6471,199895486317,0.00
6472,84977195738,0.20
6473,199895486317,0.00
6474,826096941,3.00
6475,65246759651,11.70
6476,52730281188,0.30
6477,298047470036,0.70
6478,199895486317,0.00
6479,199895486317,0.00
6480,199895486317,0.00
6481,1807919470,1.60
6482,199895486317,0.00
6483,140389632261,0.10
6484,199895486317,0.00
6485,199895486317,0.00
6486,3014260410,10.00
6487,66718491703,0.60
6488,84977195738,0.20
6489,199895486317,0.00
6490,199895486317,0.00
6491,66718491703,0.60
6492,53527816,764.50
6493,89538013739,20.30
6494,17858757,1705.90
6495,298047470036,0.70
6496,843989023,2.00
6497,52730281188,0.30
6498,66718491703,0.60
6499,199895486317,0.00
6500,52730281188,0.30
6501,95842608240,0.90
6502,199895486317,0.00
6503,199895486317,0.00
6504,199895486317,0.00
6505,199895486317,0.00
6506,145528619682,0.40
6507,199895486317,0.00
6508,16419630259,12.00
6509,8860371984,3.90
6510,199895486317,0.00
6511,199895486317,0.00
6512,1817702540,1.30
6513,199895486317,0.00
6514,3809471664,1.40
6515,199895486317,0.00
6516,943716151,217.20
6517,3014260410,10.00
6518,298047470036,0.70
6519,52730281188,0.30
6520,199895486317,0.00
6521,199895486317,0.00
6522,6565292110,3.60
6523,140389632261,0.10
6524,140389632261,0.10
6525,199895486317,0.00
6526,4498064718,4.20
6527,95842608240,0.90
6528,90767078605,1.00
6529,199895486317,0.00
6530,1817702540,1.30
6531,3815437271,3.20
6532,52730281188,0.30
6533,52730281188,0.30
6534,35585284,4442.60
6535,199895486317,0.00
6536,223069986634,0.50
6537,199895486317,0.00
6538,28468253,1510.60
6539,199895486317,0.00
6540,199895486317,0.00
6541,1691027259,2.10
6542,2052747194,1.10
6543,16419630259,12.00
6544,84977195738,0.20
6545,199895486317,0.00
6546,656309672,1.20
6547,199895486317,0.00
6548,66718491703,0.60
6549,66718491703,0.60
6550,2472441982,2.60
6551,199895486317,0.00
6552,1807919470,1.60
6553,199895486317,0.00
6554,52730281188,0.30
6555,199895486317,0.00
6556,2052747194,1.10
6557,843989023,2.00
6558,199895486317,0.00
6559,2568009930,1.80
6560,145528619682,0.40
6561,9750258421,10.30
6562,199895486317,0.00
6563,199895486317,0.00
6564,145528619682,0.40
6565,199895486317,0.00
6566,199895486317,0.00
6567,140389632261,0.10
6568,3431112372,2.30
6569,50797443,787.10
6570,199895486317,0.00
6571,199895486317,0.00
6572,199895486317,0.00
6573,199895486317,0.00
6574,140389632261,0.10
6575,223069986634,0.50
6576,843989023,2.00
6577,199895486317,0.00
6578,90582967,560.90
6579,2105680101,1.50
6580,199895486317,0.00
6581,199895486317,0.00
6582,7131644060,2.90
6583,199895486317,0.00
6584,20373184,758.80
6585,199895486317,0.00
6586,199895486317,0.00
6587,1817702540,1.30
6588,199895486317,0.00
6589,199895486317,0.00
6590,199895486317,0.00
6591,90192940,2723.30
6592,199895486317,0.00
6593,199895486317,0.00
6594,195204096360,0.80
6595,826096941,3.00
6596,23804636148,14.80
6597,199895486317,0.00
6598,52730281188,0.30
6599,199895486317,0.00
6600,140389632261,0.10
6601,199895486317,0.00
6602,199895486317,0.00
6603,298047470036,0.70
6604,1512315801,4.00
6605,2607874967,2.40
6606,84977195738,0.20
6607,55317179,363.10
6608,21498161,912.30
6609,199895486317,0.00
6610,3325055929,5.00
6611,199895486317,0.00
6612,52730281188,0.30
6613,199895486317,0.00
6614,2607874967,2.40
6615,826096941,3.00
6616,656309672,1.20
6617,84977195738,0.20
6618,199895486317,0.00
6619,8873340287,7.00
6620,199895486317,0.00
6621,199895486317,0.00
6622,26559837,1264.20
6623,199895486317,0.00
6624,90767078605,1.00
6625,223069986634,0.50
6626,199895486317,0.00
6627,199895486317,0.00
6628,199895486317,0.00
6629,826096941,3.00
6630,90767078605,1.00
6631,199895486317,0.00
6632,145528619682,0.40
6633,85902299,2938.00
6634,6826057414,20.00
6635,199895486317,0.00
6636,199895486317,0.00
6637,199895486317,0.00
6638,223069986634,0.50
6639,199895486317,0.00
6640,9526944669,4.40
6641,199895486317,0.00
6642,199895486317,0.00
6643,3325055929,5.00
6644,199895486317,0.00
6645,199895486317,0.00
6646,90767078605,1.00
6647,199895486317,0.00
6648,140389632261,0.10
6649,52730281188,0.30
6650,84977195738,0.20
6651,77339195,3147.40
6652,47613734744,89.90
6653,199895486317,0.00
6654,199895486317,0.00
6655,199895486317,0.00
6656,167477542,256.70
6657,241144356,274.00
6658,826096941,3.00
6659,199895486317,0.00
6660,52730281188,0.30
6661,4204626905,2.20
6662,199895486317,0.00
6663,199895486317,0.00
6664,52730281188,0.30
6665,826096941,3.00
6666,298047470036,0.70
6667,199895486317,0.00
6668,199895486317,0.00
6669,13647757328,20.20
6670,199895486317,0.00
6671,16760567545,6.60
6672,52730281188,0.30
6673,61424994,3486.00
6674,1512315801,4.00
6675,843989023,2.00
6676,199895486317,0.00
6677,199895486317,0.00
6678,199895486317,0.00
6679,199895486317,0.00
6680,199895486317,0.00
6681,199895486317,0.00
6682,199895486317,0.00
6683,199895486317,0.00
6684,84977195738,0.20
6685,199895486317,0.00
6686,14099369270,6.30
6687,2971846324,1.70
6688,298047470036,0.70
6689,52730281188,0.30
6690,1807919470,1.60
6691,85902317,2125.00
6692,199895486317,0.00
6693,199895486317,0.00
6694,58208487,919.40
6695,199895486317,0.00
6696,199895486317,0.00
6697,52730281188,0.30
6698,66718491703,0.60
6699,8500524043,4.30
6700,199895486317,0.00
6701,2105680101,1.50
6702,199895486317,0.00
6703,3325055929,5.00
6704,199895486317,0.00
6705,199895486317,0.00
6706,145528619682,0.40
6707,199895486317,0.00
6708,2607874967,2.40
6709,843989023,2.00
6710,1512315801,4.00
6711,199895486317,0.00
6712,199895486317,0.00
6713,140389632261,0.10
6714,57428343,937.90
6715,199895486317,0.00
6716,90767078605,1.00
6717,140389632261,0.10
6718,199895486317,0.00
6719,66718491703,0.60
6720,199895486317,0.00
6721,16760567545,6.60
6722,199895486317,0.00
6723,84977195738,0.20
6724,38094809471,20.80
6725,5129352926,1.90
6726,199895486317,0.00
6727,199895486317,0.00
6728,52730281188,0.30
6729,16419630259,12.00
6730,52730281188,0.30
6731,10116869172,8.00
6732,66718491703,0.60
6733,199895486317,0.00
6734,199895486317,0.00
6735,199895486317,0.00
6736,843989023,2.00
6737,1512315801,4.00
6738,140389632261,0.10
6739,199895486317,0.00
6740,3815437271,3.20
6741,52730281188,0.30
6742,84977195738,0.20
6743,145528619682,0.40
6744,199895486317,0.00
6745,199895486317,0.00
6746,199895486317,0.00
6747,15433607056,7.20
6748,199895486317,0.00
6749,199895486317,0.00
6750,84977195738,0.20
6751,199895486317,0.00
6752,199895486317,0.00
6753,199895486317,0.00
6754,7235722582,3.10
6755,4640941837,154.10
6756,199895486317,0.00
6757,1512315801,4.00
6758,199895486317,0.00
6759,199895486317,0.00
6760,66718491703,0.60
6761,3014260410,10.00
6762,140389632261,0.10
6763,52730281188,0.30
6764,2105680101,1.50
6765,199895486317,0.00
6766,8602372137,4.60
6767,1512315801,4.00
6768,199895486317,0.00
6769,199895486317,0.00
6770,31302409,418.50
6771,140389632261,0.10
6772,84977195738,0.20
6773,145528619682,0.40
6774,4204626905,2.20
6775,199895486317,0.00
6776,13386592079,5.10
6777,15433607056,7.20
6778,199895486317,0.00
6779,11675366602,30.00
6780,199895486317,0.00
6781,199895486317,0.00
6782,199895486317,0.00
6783,4204626905,2.20
6784,90767078605,1.00
6785,3014260410,10.00
6786,199895486317,0.00
6787,199895486317,0.00
6788,199895486317,0.00
6789,2052747194,1.10
6790,199895486317,0.00
6791,199895486317,0.00
6792,140389632261,0.10
6793,12666411253,4.10
6794,53119676,1053.30
6795,199895486317,0.00
6796,199895486317,0.00
6797,199895486317,0.00
6798,199895486317,0.00
6799,199895486317,0.00
6800,656309672,1.20
6801,51998483556,9.10
6802,40265980,493.30
6803,656309672,1.20
6804,199895486317,0.00
6805,66718491703,0.60
6806,5902052860,6.10
6807,140389632261,0.10
6808,84977195738,0.20
6809,199895486317,0.00
6810,20043090,1197.60
6811,199895486317,0.00
6812,2607874967,2.40
6813,145528619682,0.40
6814,199895486317,0.00
6815,223069986634,0.50
6816,52730281188,0.30
6817,74590731,771.20
6818,66718491703,0.60
6819,199895486317,0.00
6820,21498161,912.30
6821,65619482,762.70
6822,3014260410,10.00
6823,199895486317,0.00
6824,199895486317,0.00
6825,199895486317,0.00
6826,199895486317,0.00
6827,199895486317,0.00
6828,90767078605,1.00
6829,199895486317,0.00
6830,199895486317,0.00
6831,11878375537,10.20
6832,199895486317,0.00
6833,50039995,5000.00
6834,66718491703,0.60
6835,199895486317,0.00
6836,199895486317,0.00
6837,199895486317,0.00
6838,3809471664,1.40
6839,223069986634,0.50
6840,1512315801,4.00
6841,1807919470,1.60
6842,199895486317,0.00
6843,2105680101,1.50
6844,84977195738,0.20
6845,656309672,1.20
6846,199895486317,0.00
6847,2105680101,1.50
6848,145528619682,0.40
6849,26283925,1726.30
6850,199895486317,0.00
6851,199895486317,0.00
6852,90767078605,1.00
6853,199895486317,0.00
6854,3815437271,3.20
6855,26568869,848.30
6856,84977195738,0.20
6857,199895486317,0.00
6858,298047470036,0.70
6859,84977195738,0.20
6860,199895486317,0.00
6861,199895486317,0.00
6862,223069986634,0.50
6863,199895486317,0.00
6864,199895486317,0.00
6865,199895486317,0.00
6866,4204626905,2.20
6867,90767078605,1.00
6868,11269800800,2.80
6869,199895486317,0.00
6870,88576686,379.70
6871,223069986634,0.50
6872,199895486317,0.00
6873,238450761,269.10
6874,656309672,1.20
6875,199895486317,0.00
6876,16624646,427.10
6877,199895486317,0.00
6878,199895486317,0.00
6879,199895486317,0.00
6880,199895486317,0.00
6881,199895486317,0.00
6882,199895486317,0.00
6883,826096941,3.00
6884,195204096360,0.80
6885,199895486317,0.00
6886,199895486317,0.00
6887,199895486317,0.00
6888,31362423760,16.30
6889,66718491703,0.60
6890,2105680101,1.50
6891,223069986634,0.50
6892,13647757328,20.20
6893,3815437271,3.20
6894,1807919470,1.60
6895,1817702540,1.30
6896,199895486317,0.00
6897,199895486317,0.00
6898,145528619682,0.40
6899,145528619682,0.40
6900,52730281188,0.30
6901,199895486317,0.00
6902,140389632261,0.10
6903,199895486317,0.00
6904,298047470036,0.70
6905,199895486317,0.00
6906,2198903108,2.50
6907,199895486317,0.00
6908,199895486317,0.00
6909,90767078605,1.00
6910,6644097078,3.40
6911,199895486317,0.00
6912,51559474,1901.10
6913,31638359244,7.60
6914,199895486317,0.00
6915,2052747194,1.10
6916,77271333185,21.80
6917,38114178661,8.40
6918,199895486317,0.00
6919,52730281188,0.30
6920,199895486317,0.00
6921,3431112372,2.30
6922,199895486317,0.00
6923,23099858500,6.40
6924,199895486317,0.00
6925,2971846324,1.70
6926,3014260410,10.00
6927,145528619682,0.40
6928,95842608240,0.90
6929,62168949,1048.80
6930,199895486317,0.00
6931,24278117880,15.00
6932,90767078605,1.00
6933,223069986634,0.50
6934,199895486317,0.00
6935,140389632261,0.10
6936,5129352926,1.90
6937,1512315801,4.00
6938,199895486317,0.00
6939,199895486317,0.00
6940,6646596628,130.00
6941,843989023,2.00
6942,199895486317,0.00
6943,199895486317,0.00
6944,199895486317,0.00
6945,52730281188,0.30
6946,31445634169,11.40
6947,199895486317,0.00
6948,87072460,539.10
6949,199895486317,0.00
6950,199895486317,0.00
6951,84977195738,0.20
6952,5129352926,1.90
6953,90767078605,1.00
6954,199895486317,0.00
6955,52730281188,0.30
6956,199895486317,0.00
6957,140389632261,0.10
6958,8602372137,4.60
6959,199895486317,0.00
6960,199895486317,0.00
6961,199895486317,0.00
6962,199895486317,0.00
6963,199895486317,0.00
6964,199895486317,0.00
6965,199895486317,0.00
6966,199895486317,0.00
6967,66718491703,0.60
6968,2105680101,1.50
6969,84977195738,0.20
6970,52730281188,0.30
6971,3325055929,5.00
6972,199895486317,0.00
6973,298047470036,0.70
6974,826096941,3.00
6975,199895486317,0.00
6976,95842608240,0.90
6977,76780102881,32.00
6978,150419955666,21.50
6979,27506883043,10.60
6980,90767078605,1.00
6981,51967615,838.90
6982,6826057414,20.00
6983,18829269,318.20
6984,3014260410,10.00
6985,199895486317,0.00
6986,90767078605,1.00
6987,56240107,1907.30
6988,199895486317,0.00
6989,2052747194,1.10
6990,892058999,6.00
6991,199895486317,0.00
6992,90767078605,1.00
6993,199895486317,0.00
6994,140389632261,0.10
6995,25053855,795.60
6996,199895486317,0.00
6997,83952059,2477.90
6998,223069986634,0.50
6999,52730281188,0.30
7000,63937006885,70.00
7001,2607874967,2.40
7002,56648243,774.80
7003,116071468299,17.50
7004,199895486317,0.00
7005,199895486317,0.00
7006,199895486317,0.00
7007,140389632261,0.10
7008,199895486317,0.00
7009,199895486317,0.00
7010,95842608240,0.90
7011,843989023,2.00
7012,199895486317,0.00
7013,140389632261,0.10
7014,145528619682,0.40
7015,199895486317,0.00
7016,3431112372,2.30
7017,199895486317,0.00
7018,199895486317,0.00
7019,1817702540,1.30
7020,23475543,1020.90
7021,84977195738,0.20
7022,66718491703,0.60
7023,52730281188,0.30
7024,61503398695,9.80
7025,31638359244,7.60
7026,2863397348,3.30
7027,1807919470,1.60
7028,6826057414,20.00
7029,5902052860,6.10
7030,199895486317,0.00
7031,199895486317,0.00
7032,95842608240,0.90
7033,90767078605,1.00
7034,55215997057,11.10
7035,298047470036,0.70
7036,61512501,294.10
7037,199895486317,0.00
7038,12666411253,4.10
7039,2052747194,1.10
7040,199895486317,0.00
7041,95842608240,0.90
7042,3325055929,5.00
7043,84977195738,0.20
7044,843989023,2.00
7045,11878375537,10.20
7046,298047470036,0.70
7047,195204096360,0.80
7048,656309672,1.20
7049,145528619682,0.40
7050,3815437271,3.20
7051,7401494521,9.00
7052,199895486317,0.00
7053,199895486317,0.00
7054,199895486317,0.00
7055,199895486317,0.00
7056,84977195738,0.20
7057,199895486317,0.00
7058,199895486317,0.00
7059,66718491703,0.60
7060,48403208929,46.30
7061,2863397348,3.30
7062,52730281188,0.30
7063,124121841670,16.70
7064,140389632261,0.10
7065,145528619682,0.40
7066,199895486317,0.00
7067,199895486317,0.00
7068,76516881600,24.40
7069,199895486317,0.00
7070,199895486317,0.00
7071,199895486317,0.00
7072,30624941755,7.80
7073,199895486317,0.00
7074,11878375537,10.20
7075,223069986634,0.50
7076,199895486317,0.00
7077,84977195738,0.20
7078,199895486317,0.00
7079,199895486317,0.00
7080,90767078605,1.00
7081,140389632261,0.10
7082,843989023,2.00
7083,3325055929,5.00
7084,199895486317,0.00
7085,140389632261,0.10
7086,223069986634,0.50
7087,66718491703,0.60
7088,2105680101,1.50
7089,199895486317,0.00
7090,199895486317,0.00
7091,199895486317,0.00
7092,199895486317,0.00
7093,1512315801,4.00
7094,199895486317,0.00
7095,199895486317,0.00
7096,199895486317,0.00
7097,199895486317,0.00
7098,199895486317,0.00
7099,66718491703,0.60
7100,199895486317,0.00
7101,145528619682,0.40
7102,199895486317,0.00
7103,199895486317,0.00
7104,54296945715,21.70
7105,199895486317,0.00
7106,195204096360,0.80
7107,199895486317,0.00
7108,7235722582,3.10
7109,11269800800,2.80
7110,1691027259,2.10
7111,84977195738,0.20
7112,199895486317,0.00
7113,199895486317,0.00
7114,199895486317,0.00
7115,199895486317,0.00
7116,199895486317,0.00
7117,66718491703,0.60
7118,38884783428,23.00
7119,199895486317,0.00
7120,66718491703,0.60
7121,223069986634,0.50
7122,826096941,3.00
7123,52730281188,0.30
7124,199895486317,0.00
7125,140389632261,0.10
7126,140389632261,0.10
7127,199895486317,0.00
7128,199895486317,0.00
7129,199895486317,0.00
7130,145528619682,0.40
7131,826096941,3.00
7132,145528619682,0.40
7133,199895486317,0.00
7134,140389632261,0.10
7135,145528619682,0.40
7136,195204096360,0.80
7137,199895486317,0.00
7138,16419630259,12.00
7139,66718491703,0.60
7140,656309672,1.20
7141,84977195738,0.20
7142,199895486317,0.00
7143,140389632261,0.10
7144,90767078605,1.00
7145,843989023,2.00
7146,7131644060,2.90
7147,2105680101,1.50
7148,97687543397,10.90
7149,199895486317,0.00
7150,145528619682,0.40
7151,22490994293,60.00
7152,128023999561,13.40
7153,66718491703,0.60
7154,2607874967,2.40
7155,52730281188,0.30
7156,140389632261,0.10
7157,66718491703,0.60
7158,145528619682,0.40
7159,50039995,5000.00
7160,826096941,3.00
7161,223069986634,0.50
7162,199895486317,0.00
7163,2472441982,2.60
7164,66718491703,0.60
7165,199895486317,0.00
7166,199895486317,0.00
7167,199895486317,0.00
7168,17539524457,124.00
7169,199895486317,0.00
7170,52730281188,0.30
7171,23511684,3338.10
7172,51967618,2708.40
7173,52730281188,0.30
7174,199895486317,0.00
7175,843989023,2.00
7176,843989023,2.00
7177,199895486317,0.00
7178,66718491703,0.60
7179,4659119522,3.70
7180,199895486317,0.00
7181,199895486317,0.00
7182,58988576,918.70
7183,199895486317,0.00
7184,65913455,1499.80
7185,199895486317,0.00
7186,199895486317,0.00
7187,83536514546,68.90
7188,199895486317,0.00
7189,140389632261,0.10
7190,199895486317,0.00
7191,199895486317,0.00
7192,84977195738,0.20
7193,75668201927,22.30
7194,2863397348,3.30
7195,21603303,1210.20
7196,199895486317,0.00
7197,4498064718,4.20
7198,199895486317,0.00
7199,46003924715,13.00
7200,656309672,1.20
7201,199895486317,0.00
7202,52730281188,0.30
7203,298047470036,0.70
7204,3431112372,2.30
7205,199895486317,0.00
7206,66718491703,0.60
7207,199895486317,0.00
7208,199895486317,0.00
7209,199895486317,0.00
7210,195204096360,0.80
7211,2105680101,1.50
7212,145528619682,0.40
7213,199895486317,0.00
7214,2971846324,1.70
7215,84977195738,0.20
7216,1512315801,4.00
7217,199895486317,0.00
7218,79271400,655.70
7219,3431112372,2.30
7220,28954418,2586.00
7221,199895486317,0.00
7222,223069986634,0.50
7223,16352214188,4.80
7224,48067064,855.80
7225,199895486317,0.00
7226,199895486317,0.00
7227,37531043311,99.80
7228,223069986634,0.50
7229,199895486317,0.00
7230,199895486317,0.00
7231,199895486317,0.00
7232,2568009930,1.80
7233,195204096360,0.80
7234,199895486317,0.00
7235,145528619682,0.40
7236,199895486317,0.00
7237,199895486317,0.00
7238,351189009,251.90
7239,199895486317,0.00
7240,199895486317,0.00
7241,199895486317,0.00
7242,199895486317,0.00
7243,199895486317,0.00
7244,2105680101,1.50
7245,84977195738,0.20
7246,2052747194,1.10
7247,199895486317,0.00
7248,84977195738,0.20
7249,8602372137,4.60
7250,1817702540,1.30
7251,199895486317,0.00
7252,199895486317,0.00
7253,199895486317,0.00
7254,2568009930,1.80
7255,140389632261,0.10
7256,140389632261,0.10
7257,199895486317,0.00
7258,199895486317,0.00
7259,199895486317,0.00
7260,199895486317,0.00
7261,19106952,1393.90
7262,50039460,410.40
7263,90767078605,1.00
7264,199895486317,0.00
7265,199895486317,0.00
7266,140389632261,0.10
7267,4204626905,2.20
7268,2971846324,1.70
7269,84977195738,0.20
7270,66718491703,0.60
7271,13647757328,20.20
7272,199895486317,0.00
7273,23103659,469.70
7274,199895486317,0.00
7275,199895486317,0.00
7276,826096941,3.00
7277,14099369270,6.30
7278,199895486317,0.00
7279,145528619682,0.40
7280,199895486317,0.00
7281,12666411253,4.10
7282,145528619682,0.40
7283,12101596763,5.30
7284,298047470036,0.70
7285,3375741943,181.10
7286,7131644060,2.90
7287,16760567545,6.60
7288,38094809471,20.80
7289,66718491703,0.60
7290,52730281188,0.30
7291,66718491703,0.60
7292,11113545031,6.50
7293,892058999,6.00
7294,1691027259,2.10
7295,199895486317,0.00
7296,199895486317,0.00
7297,199895486317,0.00
7298,18069230993,5.50
7299,199895486317,0.00
7300,199895486317,0.00
7301,199895486317,0.00
7302,66718491703,0.60
7303,2568009930,1.80
7304,199895486317,0.00
7305,199895486317,0.00
7306,3325055929,5.00
7307,52730281188,0.30
7308,199895486317,0.00
7309,199895486317,0.00
7310,199895486317,0.00
7311,199895486317,0.00
7312,5129352926,1.90
7313,199895486317,0.00
7314,223069986634,0.50
7315,66718491703,0.60
7316,2836854448,188.30
7317,199895486317,0.00
7318,2863397348,3.30
7319,843989023,2.00
7320,199895486317,0.00
7321,199895486317,0.00
7322,199895486317,0.00
7323,3809471664,1.40
7324,843989023,2.00
7325,199895486317,0.00
7326,199895486317,0.00
7327,199895486317,0.00
7328,75032614698,44.50
7329,199895486317,0.00
7330,140389632261,0.10
7331,26846059197,6.70
7332,90767078605,1.00
7333,1807919470,1.60
7334,68349851,809.00
7335,199895486317,0.00
7336,52730281188,0.30
7337,199895486317,0.00
7338,52730281188,0.30
7339,140389632261,0.10
7340,843989023,2.00
7341,37925612,2549.50
7342,95842608240,0.90
7343,1512315801,4.00
7344,140389632261,0.10
7345,199895486317,0.00
7346,33209474,345.00
7347,656309672,1.20
7348,199895486317,0.00
7349,52730281188,0.30
7350,199895486317,0.00
7351,199895486317,0.00
7352,66718491703,0.60
7353,6283485960,6.20
7354,199895486317,0.00
7355,66718491703,0.60
7356,29734509,732.20
7357,199895486317,0.00
7358,145528619682,0.40
7359,331289086,252.90
7360,22713499,869.90
7361,66718491703,0.60
7362,199895486317,0.00
7363,84977195738,0.20
7364,199895486317,0.00
7365,199895486317,0.00
7366,90767078605,1.00
7367,21933410,2897.90
7368,1817702540,1.30
7369,199895486317,0.00
7370,199895486317,0.00
7371,199895486317,0.00
7372,298047470036,0.70
7373,58961343355,42.00
7374,45942676,1192.90
7375,3431112372,2.30
7376,7131644060,2.90
7377,199895486317,0.00
7378,84977195738,0.20
7379,77391968802,16.20
7380,199895486317,0.00
7381,298047470036,0.70
7382,82001790,706.30
7383,84977195738,0.20
7384,298047470036,0.70
7385,25035781,1298.10
7386,145528619682,0.40
7387,8873340287,7.00
7388,1691027259,2.10
7389,52730281188,0.30
7390,6826057414,20.00
7391,199895486317,0.00
7392,22113422437,5.20
7393,826096941,3.00
7394,199895486317,0.00
7395,199895486317,0.00
7396,656309672,1.20
7397,199895486317,0.00
7398,199895486317,0.00
7399,199895486317,0.00
7400,199895486317,0.00
7401,140389632261,0.10
7402,199895486317,0.00
7403,140389632261,0.10
7404,199895486317,0.00
7405,66789680,794.90
7406,46003924715,13.00
7407,199895486317,0.00
7408,14099369270,6.30
7409,145528619682,0.40
7410,199895486317,0.00
7411,27153957,694.10
7412,223069986634,0.50
7413,4659119522,3.70
7414,199895486317,0.00
7415,199895486317,0.00
7416,199895486317,0.00
7417,199895486317,0.00
7418,86472219995,21.40
7419,199895486317,0.00
7420,6020260826,2.70
7421,1807919470,1.60
7422,199895486317,0.00
7423,1691027259,2.10
7424,298047470036,0.70
7425,52730281188,0.30
7426,298047470036,0.70
7427,199895486317,0.00
7428,2472441982,2.60
7429,140389632261,0.10
7430,3014260410,10.00
7431,52730281188,0.30
7432,199895486317,0.00
7433,4204626905,2.20
7434,2971846324,1.70
7435,50039995,5000.00
7436,826096941,3.00
7437,199895486317,0.00
7438,826096941,3.00
7439,84977195738,0.20
7440,223069986634,0.50
7441,52730281188,0.30
7442,199895486317,0.00
7443,90767078605,1.00
7444,52730281188,0.30
7445,69382110,3800.10
7446,33635045,890.60
7447,66718491703,0.60
7448,199895486317,0.00
7449,84977195738,0.20
7450,223069986634,0.50
7451,140389632261,0.10
7452,199895486317,0.00
7453,199895486317,0.00
7454,199895486317,0.00
7455,140389632261,0.10
7456,223069986634,0.50
7457,3431112372,2.30
7458,199895486317,0.00
7459,199895486317,0.00
7460,2105680101,1.50
7461,123161711408,15.50
7462,199895486317,0.00
7463,199895486317,0.00
7464,199895486317,0.00
7465,656309672,1.20
7466,199895486317,0.00
7467,140389632261,0.10
7468,199895486317,0.00
7469,199895486317,0.00
7470,223069986634,0.50
7471,199895486317,0.00
7472,7401494521,9.00
7473,199895486317,0.00
7474,1691027259,2.10
7475,68097771,1003.60
7476,95842608240,0.90
7477,54728518403,77.60
7478,30624941755,7.80
7479,1691027259,2.10
7480,52730281188,0.30
7481,50039995,5000.00
7482,199895486317,0.00
7483,64437463500,8.60
7484,199895486317,0.00
7485,85191290426,30.40
7486,52730281188,0.30
7487,656309672,1.20
7488,199895486317,0.00
7489,199895486317,0.00
7490,1691027259,2.10
7491,843989023,2.00
7492,52730281188,0.30
7493,84977195738,0.20
7494,1691027259,2.10
7495,199895486317,0.00
7496,34709107,1416.90
7497,74509460,336.30
7498,95842608240,0.90
7499,52730281188,0.30
7500,140389632261,0.10
7501,199895486317,0.00
7502,3014260410,10.00
7503,199895486317,0.00
7504,826096941,3.00
7505,140389632261,0.10
7506,892058999,6.00
7507,656309672,1.20
7508,298047470036,0.70
7509,199895486317,0.00
7510,826096941,3.00
7511,199895486317,0.00
7512,892058999,6.00
7513,2971846324,1.70
7514,50039995,5000.00
7515,3815437271,3.20
7516,199895486317,0.00
7517,52730281188,0.30
7518,42826700070,61.80
7519,199895486317,0.00
7520,6283485960,6.20
7521,59048495,1090.20
7522,57428380,848.50
7523,145528619682,0.40
7524,199895486317,0.00
7525,199895486317,0.00
7526,199895486317,0.00
7527,52730281188,0.30
7528,2105680101,1.50
7529,33995902,372.20
7530,199895486317,0.00
7531,6020260826,2.70
7532,2105680101,1.50
7533,199895486317,0.00
7534,199895486317,0.00
7535,199895486317,0.00
7536,199895486317,0.00
7537,199895486317,0.00
7538,84977195738,0.20
7539,199895486317,0.00
7540,52730281188,0.30
7541,52730281188,0.30
7542,90767078605,1.00
7543,199895486317,0.00
7544,90767078605,1.00
7545,84977195738,0.20
7546,199895486317,0.00
7547,90767078605,1.00
7548,195204096360,0.80
7549,199895486317,0.00
7550,199895486317,0.00
7551,52730281188,0.30
7552,199895486317,0.00
7553,2052747194,1.10
7554,199895486317,0.00
7555,199895486317,0.00
7556,199895486317,0.00
7557,199895486317,0.00
7558,199895486317,0.00
7559,199895486317,0.00
7560,199895486317,0.00
7561,2568009930,1.80
7562,199895486317,0.00
7563,843989023,2.00
7564,52730281188,0.30
7565,1807919470,1.60
7566,199895486317,0.00
7567,199895486317,0.00
7568,66718491703,0.60
7569,84977195738,0.20
7570,199895486317,0.00
7571,199895486317,0.00
7572,95842608240,0.90
7573,199895486317,0.00
7574,199895486317,0.00
7575,84977195738,0.20
7576,3815437271,3.20
7577,199895486317,0.00
7578,199895486317,0.00
7579,84977195738,0.20
7580,892058999,6.00
7581,826096941,3.00
7582,199895486317,0.00
7583,843989023,2.00
7584,199895486317,0.00
7585,199895486317,0.00
7586,892058999,6.00
7587,199895486317,0.00
7588,199895486317,0.00
7589,199895486317,0.00
7590,199895486317,0.00
7591,199895486317,0.00
7592,199895486317,0.00
7593,140389632261,0.10
7594,223069986634,0.50
7595,66718491703,0.60
7596,31525588532,16.00
7597,2472441982,2.60
7598,88242663,650.90
7599,52730281188,0.30
7600,84977195738,0.20
7601,5902052860,6.10
7602,140389632261,0.10
7603,199895486317,0.00
7604,199895486317,0.00
7605,90767078605,1.00
7606,199895486317,0.00
7607,199895486317,0.00
7608,223069986634,0.50
7609,199895486317,0.00
7610,199895486317,0.00
7611,199895486317,0.00
7612,50039995,5000.00
7613,11878375537,10.20
7614,199895486317,0.00
7615,66718491703,0.60
7616,3809471664,1.40
7617,223069986634,0.50
7618,199895486317,0.00
7619,39101606745,9.30
7620,140389632261,0.10
7621,3809471664,1.40
7622,52730281188,0.30
7623,52730281188,0.30
7624,199895486317,0.00
7625,199895486317,0.00
7626,140389632261,0.10
7627,183643591547,16.60
7628,21948681,404.10
7629,90767078605,1.00
7630,199895486317,0.00
7631,826096941,3.00
7632,140389632261,0.10
7633,298047470036,0.70
7634,50271050455,10.20
7635,656309672,1.20
7636,199895486317,0.00
7637,8500524043,4.30
7638,199895486317,0.00
7639,199895486317,0.00
7640,199895486317,0.00
7641,84977195738,0.20
7642,140389632261,0.10
7643,8602372137,4.60
7644,66718491703,0.60
7645,199895486317,0.00
7646,199895486317,0.00
7647,843989023,2.00
7648,199895486317,0.00
7649,199895486317,0.00
7650,199895486317,0.00
7651,52730281188,0.30
7652,199895486317,0.00
7653,199895486317,0.00
7654,52730281188,0.30
7655,52730281188,0.30
7656,95842608240,0.90
7657,53527839,600.90
7658,35957306,1524.10
7659,223069986634,0.50
7660,95842608240,0.90
7661,6020260826,2.70
7662,16877665398,129.00
7663,14099369270,6.30
7664,13428805697,39.80
7665,826096941,3.00
7666,199895486317,0.00
7667,29716428,1421.80
7668,199895486317,0.00
7669,199895486317,0.00
7670,199895486317,0.00
7671,199895486317,0.00
7672,199895486317,0.00
7673,199895486317,0.00
7674,199895486317,0.00
7675,826096941,3.00
7676,199895486317,0.00
7677,199895486317,0.00
7678,66718491703,0.60
7679,199895486317,0.00
7680,2052747194,1.10
7681,13386592079,5.10
7682,140389632261,0.10
7683,199895486317,0.00
7684,52730281188,0.30
7685,23883832,466.90
7686,826096941,3.00
7687,826096941,3.00
7688,892058999,6.00
7689,84977195738,0.20
7690,140389632261,0.10
7691,84977195738,0.20
7692,199895486317,0.00
7693,90767078605,1.00
7694,826096941,3.00
7695,199895486317,0.00
7696,223069986634,0.50
7697,52730281188,0.30
7698,58961343355,42.00
7699,199895486317,0.00
7700,843989023,2.00
7701,843989023,2.00
7702,199895486317,0.00
7703,1807919470,1.60
7704,843989023,2.00
7705,199895486317,0.00
7706,199895486317,0.00
7707,1691027259,2.10
7708,1807919470,1.60
7709,6644097078,3.40
7710,199895486317,0.00
7711,7568365925,3.80
7712,84977195738,0.20
7713,84977195738,0.20
7714,199895486317,0.00
7715,656309672,1.20
7716,195204096360,0.80
7717,199895486317,0.00
7718,84977195738,0.20
7719,66718491703,0.60
7720,199895486317,0.00
7721,199895486317,0.00
7722,140389632261,0.10
7723,199895486317,0.00
7724,90767078605,1.00
7725,199895486317,0.00
7726,199895486317,0.00
7727,199895486317,0.00
7728,199895486317,0.00
7729,93594576692,23.10
7730,199895486317,0.00
7731,195204096360,0.80
7732,1512315801,4.00
7733,16948315236,8.30
7734,199895486317,0.00
7735,49687201,1028.10
7736,140389632261,0.10
7737,6565292110,3.60
7738,49323562321,20.10
7739,199895486317,0.00
7740,6565292110,3.60
7741,199895486317,0.00
7742,223069986634,0.50
7743,199895486317,0.00
7744,199895486317,0.00
7745,199895486317,0.00
7746,826096941,3.00
7747,95842608240,0.90
7748,199895486317,0.00
7749,199895486317,0.00
7750,199895486317,0.00
7751,8860371984,3.90
7752,31445634169,11.40
7753,16472640,2093.50
7754,199895486317,0.00
7755,199895486317,0.00
7756,66718491703,0.60
7757,199895486317,0.00
7758,2105680101,1.50
7759,77711254,490.60
7760,199895486317,0.00
7761,298047470036,0.70
7762,199895486317,0.00
7763,66718491703,0.60
7764,199895486317,0.00
7765,199895486317,0.00
7766,298047470036,0.70
7767,84977195738,0.20
7768,199895486317,0.00
7769,64041196,1768.80
7770,1512315801,4.00
7771,199895486317,0.00
7772,199895486317,0.00
7773,199895486317,0.00
7774,485733539,236.60
7775,6020260826,2.70
7776,199895486317,0.00
7777,6826057414,20.00
7778,199895486317,0.00
7779,199895486317,0.00
7780,90767078605,1.00
7781,892058999,6.00
7782,125087498640,8.70
7783,199895486317,0.00
7784,199895486317,0.00
7785,199895486317,0.00
7786,1817702540,1.30
7787,199895486317,0.00
7788,199895486317,0.00
7789,14527641570,20.60
7790,364315832,257.20
7791,2052747194,1.10
7792,1512315801,4.00
7793,199895486317,0.00
7794,199895486317,0.00
7795,826096941,3.00
7796,28276490227,6.90
7797,90767078605,1.00
7798,66718491703,0.60
7799,52730281188,0.30
7800,16419630259,12.00
7801,82002722,458.60
7802,199895486317,0.00
7803,90767078605,1.00
7804,199895486317,0.00
7805,199895486317,0.00
7806,199895486317,0.00
7807,80342223447,9.90
7808,140389632261,0.10
7809,50099280941,34.80
7810,199895486317,0.00
7811,140389632261,0.10
7812,3325055929,5.00
7813,45336662,807.20
7814,223069986634,0.50
7815,67307091,279.30
7816,3347651048,159.60
7817,199895486317,0.00
7818,90767078605,1.00
7819,3325055929,5.00
7820,199895486317,0.00
7821,140389632261,0.10
7822,111281221103,50.00
7823,199895486317,0.00
7824,199895486317,0.00
7825,199895486317,0.00
7826,199895486317,0.00
7827,826096941,3.00
7828,69129982,567.20
7829,3756825406,187.70
7830,199895486317,0.00
7831,84977195738,0.20
7832,199895486317,0.00
7833,199895486317,0.00
7834,199895486317,0.00
7835,31525588532,16.00
7836,199895486317,0.00
7837,23099858500,6.40
7838,199895486317,0.00
7839,199895486317,0.00
7840,199895486317,0.00
7841,52730281188,0.30
7842,199895486317,0.00
7843,140389632261,0.10
7844,199895486317,0.00
7845,28954374,2301.00
7846,2052747194,1.10
7847,199895486317,0.00
7848,84977195738,0.20
7849,2568009930,1.80
7850,72640503,711.00
7851,44166506,591.10
7852,199895486317,0.00
7853,140389632261,0.10
7854,3815437271,3.20
7855,146704540607,32.90
7856,52730281188,0.30
7857,199895486317,0.00
7858,843989023,2.00
7859,140389632261,0.10
7860,16352214188,4.80
7861,201870683,272.90
7862,66718491703,0.60
7863,84977195738,0.20
7864,145528619682,0.40
7865,6565292110,3.60
7866,199895486317,0.00
7867,199895486317,0.00
7868,199895486317,0.00
7869,223069986634,0.50
7870,826096941,3.00
7871,145528619682,0.40
7872,199895486317,0.00
7873,199895486317,0.00
7874,140389632261,0.10
7875,199895486317,0.00
7876,199895486317,0.00
7877,7568365925,3.80
7878,66718491703,0.60
7879,199895486317,0.00
7880,199895486317,0.00
7881,199895486317,0.00
7882,199895486317,0.00
7883,84977195738,0.20
7884,84977195738,0.20
7885,199895486317,0.00
7886,3809471664,1.40
7887,199895486317,0.00
7888,298047470036,0.70
7889,1817702540,1.30
7890,1691027259,2.10
7891,826096941,3.00
7892,199895486317,0.00
7893,199895486317,0.00
7894,145528619682,0.40
7895,66718491703,0.60
7896,199895486317,0.00
7897,1887508518,174.70
7898,199895486317,0.00
7899,199895486317,0.00
7900,52730281188,0.30
7901,1817702540,1.30
7902,140389632261,0.10
7903,54946288464,55.80
7904,66718491703,0.60
7905,90767078605,1.00
7906,199895486317,0.00
7907,145528619682,0.40
7908,35577323830,113.10
7909,199895486317,0.00
7910,45942692,1084.80
7911,199895486317,0.00
7912,199895486317,0.00
7913,23787608,1037.00
7914,90767078605,1.00
7915,1817702540,1.30
7916,52730281188,0.30
7917,199895486317,0.00
7918,199895486317,0.00
7919,843989023,2.00
7920,2814567717,143.00
7921,199895486317,0.00
7922,2971846324,1.70
7923,199895486317,0.00
7924,199895486317,0.00
7925,84977195738,0.20
7926,11113545031,6.50
7927,5129352926,1.90
7928,89462762079,28.30
7929,199895486317,0.00
7930,52730281188,0.30
7931,1817702540,1.30
7932,87722259,369.50
7933,199895486317,0.00
7934,199895486317,0.00
7935,843989023,2.00
7936,62793037,1494.80
7937,199895486317,0.00
7938,199895486317,0.00
7939,115942313524,30.20
7940,66718491703,0.60
7941,199895486317,0.00
7942,3431112372,2.30
7943,66718491703,0.60
7944,52730281188,0.30
7945,199895486317,0.00
7946,199895486317,0.00
7947,199895486317,0.00
7948,49469445960,115.20
7949,199895486317,0.00
7950,66718491703,0.60
7951,199895486317,0.00
7952,84977195738,0.20
7953,310225426,249.70
7954,199895486317,0.00
7955,199895486317,0.00
7956,84977195738,0.20
7957,18613212294,58.70
7958,19593094,658.00
7959,843989023,2.00
7960,656309672,1.20
7961,145528619682,0.40
7962,145528619682,0.40
7963,66718491703,0.60
7964,1512315801,4.00
7965,4498064718,4.20
7966,199895486317,0.00
7967,199895486317,0.00
7968,32854906,2025.80
7969,80831600,909.90
7970,66718491703,0.60
7971,892058999,6.00
7972,199895486317,0.00
7973,199895486317,0.00
7974,199895486317,0.00
7975,11113545031,6.50
7976,199895486317,0.00
7977,59987489339,21.60
7978,80441712,480.00
7979,199895486317,0.00
7980,199895486317,0.00
7981,199895486317,0.00
7982,1817702540,1.30
7983,199895486317,0.00
7984,656309672,1.20
7985,145528619682,0.40
7986,33719594440,120.20
7987,84977195738,0.20
7988,199895486317,0.00
7989,199895486317,0.00
7990,298047470036,0.70
7991,199895486317,0.00
7992,199895486317,0.00
7993,90767078605,1.00
7994,199895486317,0.00
7995,52730281188,0.30
7996,199895486317,0.00
7997,199895486317,0.00
7998,199895486317,0.00
7999,145528619682,0.40
8000,2607874967,2.40
8001,84977195738,0.20
8002,199895486317,0.00
8003,199895486317,0.00
8004,60158754,573.40
8005,199895486317,0.00
8006,195204096360,0.80
8007,199895486317,0.00
8008,199895486317,0.00
8009,199895486317,0.00
8010,1817702540,1.30
8011,892058999,6.00
8012,199895486317,0.00
8013,93313353,691.90
8014,195204096360,0.80
8015,90767078605,1.00
8016,90767078605,1.00
8017,199895486317,0.00
8018,95842608240,0.90
8019,90767078605,1.00
8020,80008933,320.40
8021,66718491703,0.60
8022,41048121,439.70
8023,199895486317,0.00
8024,199895486317,0.00
8025,656309672,1.20
8026,843989023,2.00
8027,199895486317,0.00
8028,199895486317,0.00
8029,66009527,600.50
8030,145528619682,0.40
8031,199895486317,0.00
8032,2568009930,1.80
8033,145528619682,0.40
8034,90767078605,1.00
8035,44946602,753.00
8036,84977195738,0.20
8037,199895486317,0.00
8038,199895486317,0.00
8039,199895486317,0.00
8040,199895486317,0.00
8041,199895486317,0.00
8042,145528619682,0.40
8043,22490994293,60.00
8044,199895486317,0.00
8045,199895486317,0.00
8046,11675366602,30.00
8047,95842608240,0.90
8048,99338267,3855.40
8049,66718491703,0.60
8050,199895486317,0.00
8051,199895486317,0.00
8052,223069986634,0.50
8053,66718491703,0.60
8054,826096941,3.00
8055,199895486317,0.00
8056,1512315801,4.00
8057,199895486317,0.00
8058,843989023,2.00
8059,1817702540,1.30
8060,843989023,2.00
8061,199895486317,0.00
8062,30028445,1094.80
8063,29734481,2813.60
8064,892058999,6.00
8065,37976477341,11.20
8066,1807919470,1.60
8067,199895486317,0.00
8068,199895486317,0.00
8069,892058999,6.00
8070,199895486317,0.00
8071,2863397348,3.30
8072,199895486317,0.00
8073,52730281188,0.30
8074,84977195738,0.20
8075,52730281188,0.30
8076,195204096360,0.80
8077,22323476,981.50
8078,14369873098,40.00
8079,199895486317,0.00
8080,199895486317,0.00
8081,19106943,1409.30
8082,140389632261,0.10
8083,140389632261,0.10
8084,199895486317,0.00
8085,3431112372,2.30
8086,199895486317,0.00
8087,199895486317,0.00
8088,199895486317,0.00
8089,223069986634,0.50
8090,199895486317,0.00
8091,1512315801,4.00
8092,199895486317,0.00
8093,199895486317,0.00
8094,843989023,2.00
8095,199895486317,0.00
8096,5129352926,1.90
8097,52730281188,0.30
8098,199895486317,0.00
8099,109183560761,22.50
8100,52730281188,0.30
8101,199895486317,0.00
8102,11878375537,10.20
8103,90767078605,1.00
8104,95842608240,0.90
8105,90767078605,1.00
8106,199895486317,0.00
8107,199895486317,0.00
8108,90767078605,1.00
8109,14527641570,20.60
8110,66718491703,0.60
8111,26908026,1508.30
8112,140389632261,0.10
8113,3325055929,5.00
8114,199895486317,0.00
8115,199895486317,0.00
8116,1691027259,2.10
8117,656309672,1.20
8118,66718491703,0.60
8119,199895486317,0.00
8120,199895486317,0.00
8121,18032906,477.90
8122,80831622,945.80
8123,52730281188,0.30
8124,199895486317,0.00
8125,90767078605,1.00
8126,199895486317,0.00
8127,199895486317,0.00
8128,1512315801,4.00
8129,199895486317,0.00
8130,7235722582,3.10
8131,199895486317,0.00
8132,199895486317,0.00
8133,80051534,2224.50
8134,90767078605,1.00
8135,199895486317,0.00
8136,2971846324,1.70
8137,84977195738,0.20
8138,199895486317,0.00
8139,2105680101,1.50
8140,223069986634,0.50
8141,199895486317,0.00
8142,52730281188,0.30
8143,25829884946,18.00
8144,95842608240,0.90
8145,199895486317,0.00
8146,199895486317,0.00
8147,843989023,2.00
8148,199895486317,0.00
8149,6020260826,2.70
8150,145528619682,0.40
8151,90767078605,1.00
8152,145528619682,0.40
8153,199895486317,0.00
8154,199895486317,0.00
8155,199895486317,0.00
8156,9526944669,4.40
8157,3809471664,1.40
8158,90767078605,1.00
8159,223069986634,0.50
8160,1512315801,4.00
8161,84977195738,0.20
8162,656309672,1.20
8163,199895486317,0.00
8164,2198903108,2.50
8165,12134622890,7.50
8166,2472441982,2.60
8167,9526944669,4.40
8168,31445634169,11.40
8169,80051510,2213.70
8170,199895486317,0.00
8171,199895486317,0.00
8172,199895486317,0.00
8173,298047470036,0.70
8174,52730281188,0.30
8175,199895486317,0.00
8176,95842608240,0.90
8177,199895486317,0.00
8178,826096941,3.00
8179,1817702540,1.30
8180,2105680101,1.50
8181,199895486317,0.00
8182,22113422437,5.20
8183,84977195738,0.20
8184,84977195738,0.20
8185,199895486317,0.00
8186,101131755524,33.70
8187,199895486317,0.00
8188,199895486317,0.00
8189,63311071,408.60
8190,66718491703,0.60
8191,199895486317,0.00
8192,199895486317,0.00
8193,199895486317,0.00
8194,199895486317,0.00
8195,656309672,1.20
8196,90767078605,1.00
8197,1817702540,1.30
8198,199895486317,0.00
8199,6565292110,3.60
8200,2863397348,3.30
8201,199895486317,0.00
8202,84977195738,0.20
8203,86361546453,13.30
8204,199895486317,0.00
8205,199895486317,0.00
8206,90767078605,1.00
8207,199895486317,0.00
8208,84977195738,0.20
8209,13386592079,5.10
8210,142709886,292.00
8211,3815437271,3.20
8212,65601415,1020.40
8213,95842608240,0.90
8214,843989023,2.00
8215,6826057414,20.00
8216,199895486317,0.00
8217,52730281188,0.30
8218,66718491703,0.60
8219,4204626905,2.20
8220,843989023,2.00
8221,3014260410,10.00
8222,199895486317,0.00
8223,3809471664,1.40
8224,199895486317,0.00
8225,95842608240,0.90
8226,826096941,3.00
8227,199895486317,0.00
8228,66718491703,0.60
8229,84977195738,0.20
8230,199895486317,0.00
8231,145528619682,0.40
8232,199895486317,0.00
8233,199895486317,0.00
8234,298047470036,0.70
8235,12666411253,4.10
8236,90767078605,1.00
8237,90767078605,1.00
8238,199895486317,0.00
8239,145528619682,0.40
8240,199895486317,0.00
8241,66718491703,0.60
8242,22035217,1371.50
8243,199895486317,0.00
8244,199895486317,0.00
8245,199895486317,0.00
8246,199895486317,0.00
8247,199895486317,0.00
8248,199895486317,0.00
8249,3809471664,1.40
8250,843989023,2.00
8251,8602372137,4.60
8252,3431112372,2.30
8253,18422921,522.10
8254,199895486317,0.00
8255,95842608240,0.90
8256,140389632261,0.10
8257,199895486317,0.00
8258,656309672,1.20
8259,50039995,5000.00
8260,223069986634,0.50
8261,90767078605,1.00
8262,84977195738,0.20
8263,199895486317,0.00
8264,199895486317,0.00
8265,199895486317,0.00
8266,199895486317,0.00
8267,223069986634,0.50
8268,1512315801,4.00
8269,199895486317,0.00
8270,843989023,2.00
8271,199895486317,0.00
8272,2472441982,2.60
8273,199895486317,0.00
8274,84977195738,0.20
8275,1512315801,4.00
8276,16419630259,12.00
8277,77380837439,76.40
8278,42216254,757.80
8279,199895486317,0.00
8280,4386554701,139.30
8281,11675366602,30.00
8282,199895486317,0.00
8283,199895486317,0.00
8284,199895486317,0.00
8285,1691027259,2.10
8286,199895486317,0.00
8287,199895486317,0.00
8288,90767078605,1.00
8289,3809471664,1.40
8290,50039995,5000.00
8291,25069208,405.90
8292,84977195738,0.20
8293,199895486317,0.00
8294,145528619682,0.40
8295,90767078605,1.00
8296,52730281188,0.30
8297,199895486317,0.00
8298,60158720,884.20
8299,195204096360,0.80
8300,199895486317,0.00
8301,223069986634,0.50
8302,95842608240,0.90
8303,24278117880,15.00
8304,195204096360,0.80
8305,199895486317,0.00
8306,6565292110,3.60
8307,90767078605,1.00
8308,7235722582,3.10
8309,843989023,2.00
8310,199895486317,0.00
8311,2105680101,1.50
8312,656309672,1.20
8313,1807919470,1.60
8314,199895486317,0.00
8315,199895486317,0.00
8316,826096941,3.00
8317,66718491703,0.60
8318,4659119522,3.70
8319,199895486317,0.00
8320,199895486317,0.00
8321,843989023,2.00
8322,2472441982,2.60
8323,199895486317,0.00
8324,84977195738,0.20
8325,2971846324,1.70
8326,199895486317,0.00
8327,843989023,2.00
8328,2105680101,1.50
8329,3325055929,5.00
8330,199895486317,0.00
8331,145528619682,0.40
8332,90767078605,1.00
8333,145528619682,0.40
8334,2198903108,2.50
8335,199895486317,0.00
8336,199895486317,0.00
8337,95842608240,0.90
8338,199895486317,0.00
8339,3815437271,3.20
8340,84977195738,0.20
8341,199895486317,0.00
8342,843989023,2.00
8343,199895486317,0.00
8344,199895486317,0.00
8345,12666411253,4.10
8346,7235722582,3.10
8347,199895486317,0.00
8348,13220597826,5.80
8349,199895486317,0.00
8350,199895486317,0.00
8351,843989023,2.00
8352,1691027259,2.10
8353,843989023,2.00
8354,6644097078,3.40
8355,826096941,3.00
8356,28174305,662.30
8357,199895486317,0.00
8358,31718528073,20.40
8359,826096941,3.00
8360,9750258421,10.30
8361,199895486317,0.00
8362,199895486317,0.00
8363,1413904637,187.20
8364,199895486317,0.00
8365,66718491703,0.60
8366,64977196559,13.90
8367,14149278180,14.00
8368,199895486317,0.00
8369,5902052860,6.10
8370,8500524043,4.30
8371,14099369270,6.30
8372,84342097,719.10
8373,195204096360,0.80
8374,199895486317,0.00
8375,50017297,832.40
8376,199895486317,0.00
8377,199895486317,0.00
8378,1817702540,1.30
8379,199895486317,0.00
8380,199895486317,0.00
8381,199895486317,0.00
8382,90767078605,1.00
8383,12134622890,7.50
8384,199895486317,0.00
8385,199895486317,0.00
8386,90767078605,1.00
8387,656309672,1.20
8388,9750258421,10.30
8389,199895486317,0.00
8390,199895486317,0.00
8391,843989023,2.00
8392,199895486317,0.00
8393,121539289576,15.70
8394,199895486317,0.00
8395,33347501379,10.50
8396,199895486317,0.00
8397,199895486317,0.00
8398,199895486317,0.00
8399,12377656444,5.60
8400,843989023,2.00
8401,95842608240,0.90
8402,14527641570,20.60
8403,199895486317,0.00
8404,199895486317,0.00
8405,2568009930,1.80
8406,29734519,2236.00
8407,84977195738,0.20
8408,52730281188,0.30
8409,199895486317,0.00
8410,195204096360,0.80
8411,6565292110,3.60
8412,199895486317,0.00
8413,656309672,1.20
8414,36269323,1068.30
8415,84977195738,0.20
8416,2198903108,2.50
8417,33019594719,6.70
8418,199895486317,0.00
8419,320784424,265.50
8420,52730281188,0.30
8421,13934417200,5.70
8422,140389632261,0.10
8423,66718491703,0.60
8424,223069986634,0.50
8425,199895486317,0.00
8426,5545803504,162.20
8427,199895486317,0.00
8428,52730281188,0.30
8429,826096941,3.00
8430,5129352926,1.90
8431,199895486317,0.00
8432,66718491703,0.60
8433,2198903108,2.50
8434,195204096360,0.80
8435,8500524043,4.30
8436,199895486317,0.00
8437,84977195738,0.20
8438,843989023,2.00
8439,223069986634,0.50
8440,199895486317,0.00
8441,59138235,347.80
8442,86226174,330.90
8443,199895486317,0.00
8444,223069986634,0.50
8445,199895486317,0.00
8446,199895486317,0.00
8447,199895486317,0.00
8448,656309672,1.20
8449,199895486317,0.00
8450,199895486317,0.00
8451,36755473,733.50
8452,140389632261,0.10
8453,199895486317,0.00
8454,199895486317,0.00
8455,12377656444,5.60
8456,145528619682,0.40
8457,6644097078,3.40
8458,2105680101,1.50
8459,2105680101,1.50
8460,94224147202,25.10
8461,16948315236,8.30
8462,52730281188,0.30
8463,199895486317,0.00
8464,199895486317,0.00
8465,13647757328,20.20
8466,199895486317,0.00
8467,145528619682,0.40
8468,145528619682,0.40
8469,84977195738,0.20
8470,199895486317,0.00
8471,199895486317,0.00
8472,843989023,2.00
8473,199895486317,0.00
8474,90767078605,1.00
8475,199895486317,0.00
8476,66718491703,0.60
8477,223069986634,0.50
8478,199895486317,0.00
8479,51682012333,38.90
8480,199895486317,0.00
8481,84977195738,0.20
8482,199895486317,0.00
8483,199895486317,0.00
8484,199895486317,0.00
8485,199895486317,0.00
8486,84977195738,0.20
8487,199895486317,0.00
8488,199895486317,0.00
8489,298047470036,0.70
8490,84977195738,0.20
8491,95842608240,0.90
8492,40265951,534.50
8493,199895486317,0.00
8494,223069986634,0.50
8495,199895486317,0.00
8496,199895486317,0.00
8497,199895486317,0.00
8498,52730281188,0.30
8499,199895486317,0.00
8500,298047470036,0.70
8501,199895486317,0.00
8502,223069986634,0.50
8503,27784209,2637.30
8504,195204096360,0.80
8505,84977195738,0.20
8506,81611741,766.40
8507,826096941,3.00
8508,199895486317,0.00
8509,14369873098,40.00
8510,10321453043,3.50
8511,199895486317,0.00
8512,199895486317,0.00
8513,843989023,2.00
8514,2971846324,1.70
8515,90767078605,1.00
8516,66718491703,0.60
8517,199895486317,0.00
8518,223069986634,0.50
8519,140389632261,0.10
8520,199895486317,0.00
8521,140389632261,0.10
8522,199895486317,0.00
8523,199895486317,0.00
8524,140389632261,0.10
8525,298047470036,0.70
8526,843989023,2.00
8527,199895486317,0.00
8528,199895486317,0.00
8529,843989023,2.00
8530,843989023,2.00
8531,199895486317,0.00
8532,95842608240,0.90
8533,4659119522,3.70
8534,298047470036,0.70
8535,62889137,684.30
8536,2863397348,3.30
8537,199895486317,0.00
8538,26559837,1264.20
8539,199895486317,0.00
8540,2105680101,1.50
8541,195204096360,0.80
8542,86292386,2937.90
8543,199895486317,0.00
8544,199895486317,0.00
8545,66718491703,0.60
8546,34174937,715.20
8547,95842608240,0.90
8548,199895486317,0.00
8549,199895486317,0.00
8550,199895486317,0.00
8551,843989023,2.00
8552,3014260410,10.00
8553,199895486317,0.00
8554,11269800800,2.80
8555,199895486317,0.00
8556,223069986634,0.50
8557,13386592079,5.10
8558,199895486317,0.00
8559,87932372082,41.80
8560,892058999,6.00
8561,199895486317,0.00
8562,66718491703,0.60
8563,145528619682,0.40
8564,199895486317,0.00
8565,199895486317,0.00
8566,656309672,1.20
8567,199895486317,0.00
8568,7401494521,9.00
8569,31638359244,7.60
8570,199895486317,0.00
8571,52730281188,0.30
8572,223069986634,0.50
8573,140389632261,0.10
8574,66718491703,0.60
8575,46506810,765.40
8576,52730281188,0.30
8577,199895486317,0.00
8578,199895486317,0.00
8579,199895486317,0.00
8580,72250418,4865.40
8581,223069986634,0.50
8582,25053821,2400.00
8583,140389632261,0.10
8584,843989023,2.00
8585,37651381011,94.00
8586,58424436,1138.10
8587,199895486317,0.00
8588,199895486317,0.00
8589,60875755069,12.80
8590,42996338,2613.30
8591,199895486317,0.00
8592,63729160,1171.40
8593,84977195738,0.20
8594,199895486317,0.00
8595,66718491703,0.60
8596,843989023,2.00
8597,2105680101,1.50
8598,199895486317,0.00
8599,199895486317,0.00
8600,16760567545,6.60
8601,199895486317,0.00
8602,141970727304,35.00
8603,843989023,2.00
8604,199895486317,0.00
8605,199895486317,0.00
8606,199895486317,0.00
8607,66718491703,0.60
8608,1817702540,1.30
8609,143970705494,38.10
8610,40949980,1268.40
8611,843989023,2.00
8612,199895486317,0.00
8613,199895486317,0.00
8614,199895486317,0.00
8615,199895486317,0.00
8616,199895486317,0.00
8617,199895486317,0.00
8618,2105680101,1.50
8619,84977195738,0.20
8620,41886100,1897.40
8621,35195242,651.80
8622,13386592079,5.10
8623,195204096360,0.80
8624,199895486317,0.00
8625,30128182,428.00
8626,52730281188,0.30
8627,199895486317,0.00
8628,90767078605,1.00
8629,7235722582,3.10
8630,140389632261,0.10
8631,199895486317,0.00
8632,31718528073,20.40
8633,45726741,557.10
8634,199895486317,0.00
8635,66718491703,0.60
8636,47814950,1442.90
8637,3325055929,5.00
8638,12377656444,5.60
8639,90767078605,1.00
8640,52730281188,0.30
8641,66718491703,0.60
8642,7131644060,2.90
8643,656309672,1.20
8644,199895486317,0.00
8645,26237043,408.80
8646,7568365925,3.80
8647,86682435,2327.60
8648,199895486317,0.00
8649,199895486317,0.00
8650,140389632261,0.10
8651,199895486317,0.00
8652,140389632261,0.10
8653,199895486317,0.00
8654,199895486317,0.00
8655,298047470036,0.70
8656,205395834,258.70
8657,199895486317,0.00
8658,6020260826,2.70
8659,52730281188,0.30
8660,90767078605,1.00
8661,199895486317,0.00
8662,843989023,2.00
8663,2105680101,1.50
8664,4126217813,155.50
8665,2607874967,2.40
8666,199895486317,0.00
8667,7235722582,3.10
8668,199895486317,0.00
8669,71860377,2417.40
8670,145528619682,0.40
8671,84977195738,0.20
8672,199895486317,0.00
8673,10116869172,8.00
8674,64839370,2327.40
8675,199895486317,0.00
8676,90767078605,1.00
8677,18812962,2474.50
8678,199895486317,0.00
8679,199895486317,0.00
8680,23494594,442.20
8681,1512315801,4.00
8682,199895486317,0.00
8683,199895486317,0.00
8684,84977195738,0.20
8685,140389632261,0.10
8686,892058999,6.00
8687,843989023,2.00
8688,99206838494,33.50
8689,52730281188,0.30
8690,8602372137,4.60
8691,199895486317,0.00
8692,199895486317,0.00
8693,68349883,562.40
8694,2105680101,1.50
8695,2971846324,1.70
8696,199895486317,0.00
8697,85967485,402.90
8698,223069986634,0.50
8699,2863397348,3.30
8700,182740326767,17.00
8701,199895486317,0.00
8702,84977195738,0.20
8703,2568009930,1.80
8704,199895486317,0.00
8705,90767078605,1.00
8706,199895486317,0.00
8707,199895486317,0.00
8708,24278117880,15.00
8709,44382456,1727.50
8710,66718491703,0.60
8711,199895486317,0.00
8712,69657990,1467.00
8713,199895486317,0.00
8714,298047470036,0.70
8715,199895486317,0.00
8716,5129352926,1.90
8717,1817702540,1.30
8718,84977195738,0.20
8719,199895486317,0.00
8720,66718491703,0.60
8721,199895486317,0.00
8722,2568009930,1.80
8723,199895486317,0.00
8724,199895486317,0.00
8725,140389632261,0.10
8726,199895486317,0.00
8727,1691027259,2.10
8728,199895486317,0.00
8729,656309672,1.20
8730,1088411175,189.80
8731,52730281188,0.30
8732,50039995,5000.00
8733,1807919470,1.60
8734,199895486317,0.00
8735,199895486317,0.00
8736,199895486317,0.00
8737,23787588,1248.40
8738,8860371984,3.90
8739,843989023,2.00
8740,52730281188,0.30
8741,66718491703,0.60
8742,199895486317,0.00
8743,5129352926,1.90
8744,199895486317,0.00
8745,199895486317,0.00
8746,52730281188,0.30
8747,1817702540,1.30
8748,50311310,1880.80
8749,84977195738,0.20
8750,20587737201,65.80
8751,66718491703,0.60
8752,199895486317,0.00
8753,199895486317,0.00
8754,199895486317,0.00
8755,67785748,1713.70
8756,223069986634,0.50
8757,140389632261,0.10
8758,199895486317,0.00
8759,2466783823,191.30
8760,199895486317,0.00
8761,14539909501,11.00
8762,84977195738,0.20
8763,12666411253,4.10
8764,35599211343,10.60
8765,1807919470,1.60
8766,199895486317,0.00
8767,199895486317,0.00
8768,1817702540,1.30
8769,90767078605,1.00
8770,40949993,1736.90
8771,52730281188,0.30
8772,90767078605,1.00
8773,52730281188,0.30
8774,84977195738,0.20
8775,199895486317,0.00
8776,199895486317,0.00
8777,22539420,1827.10
8778,1807919470,1.60
8779,145528619682,0.40
8780,843989023,2.00
8781,199895486317,0.00
8782,66718491703,0.60
8783,84977195738,0.20
8784,3815437271,3.20
8785,199895486317,0.00
8786,199895486317,0.00
8787,2198903108,2.50
8788,84977195738,0.20
8789,199895486317,0.00
8790,84977195738,0.20
8791,199895486317,0.00
8792,199895486317,0.00
8793,199895486317,0.00
8794,66718491703,0.60
8795,52730281188,0.30
8796,199895486317,0.00
8797,2198903108,2.50
8798,90767078605,1.00
8799,1691027259,2.10
8800,199895486317,0.00
8801,199895486317,0.00
8802,137109399340,33.00
8803,199895486317,0.00
8804,1085064868,227.40
8805,826096941,3.00
8806,84977195738,0.20
8807,199895486317,0.00
8808,199895486317,0.00
8809,223069986634,0.50
8810,66718491703,0.60
8811,63708203195,65.10
8812,199895486317,0.00
8813,1817702540,1.30
8814,892058999,6.00
8815,1512315801,4.00
8816,52730281188,0.30
8817,9526944669,4.40
8818,199895486317,0.00
8819,84977195738,0.20
8820,64059286,2067.80
8821,199895486317,0.00
8822,1512315801,4.00
8823,199895486317,0.00
8824,95842608240,0.90
8825,95842608240,0.90
8826,84977195738,0.20
8827,298047470036,0.70
8828,52730281188,0.30
8829,199895486317,0.00
8830,3325055929,5.00
8831,50017339,4238.40
8832,199895486317,0.00
8833,16352214188,4.80
8834,199895486317,0.00
8835,52730281188,0.30
8836,195204096360,0.80
8837,1691027259,2.10
8838,199895486317,0.00
8839,199895486317,0.00
8840,199895486317,0.00
8841,199895486317,0.00
8842,28252533400,10.10
8843,199895486317,0.00
8844,199895486317,0.00
8845,3014260410,10.00
8846,199895486317,0.00
8847,199895486317,0.00
8848,199895486317,0.00
8849,2863397348,3.30
8850,20587737201,65.80
8851,145528619682,0.40
8852,199895486317,0.00
8853,843989023,2.00
8854,48928344568,8.50
8855,199895486317,0.00
8856,48439039,1323.40
8857,199895486317,0.00
8858,3014260410,10.00
8859,140389632261,0.10
8860,826096941,3.00
8861,103560881493,17.80
8862,4204626905,2.20
8863,199895486317,0.00
8864,656309672,1.20
8865,145554352896,9.60
8866,66718491703,0.60
8867,44067503246,113.40
8868,37925657,2848.90
8869,298047470036,0.70
8870,199895486317,0.00
8871,199895486317,0.00
8872,52730281188,0.30
8873,95842608240,0.90
8874,199895486317,0.00
8875,892058999,6.00
8876,31525588532,16.00
8877,199895486317,0.00
8878,199895486317,0.00
8879,84977195738,0.20
8880,145528619682,0.40
8881,145528619682,0.40
8882,13220597826,5.80
8883,199895486317,0.00
8884,199895486317,0.00
8885,199895486317,0.00
8886,45726714,707.60
8887,199895486317,0.00
8888,35453083,1342.00
8889,81611725,2865.30
8890,66718491703,0.60
8891,66718491703,0.60
8892,843989023,2.00
8893,199895486317,0.00
8894,84977195738,0.20
8895,66718491703,0.60
8896,95842608240,0.90
8897,199895486317,0.00
8898,1817702540,1.30
8899,3027914671,161.70
8900,2568009930,1.80
8901,199895486317,0.00
8902,66718491703,0.60
8903,140389632261,0.10
8904,23105643,432.10
8905,52730281188,0.30
8906,140389632261,0.10
8907,199895486317,0.00
8908,892058999,6.00
8909,2052747194,1.10
8910,199895486317,0.00
8911,95842608240,0.90
8912,66718491703,0.60
8913,199895486317,0.00
8914,95842608240,0.90
8915,199895486317,0.00
8916,199895486317,0.00
8917,843989023,2.00
8918,199895486317,0.00
8919,892058999,6.00
8920,197657761,278.00
8921,18482842,1379.30
8922,656309672,1.20
8923,84977195738,0.20
8924,199895486317,0.00
8925,10186598,659.30
8926,199895486317,0.00
8927,11269800800,2.80
8928,199895486317,0.00
8929,145528619682,0.40
8930,199895486317,0.00
8931,199895486317,0.00
8932,199895486317,0.00
8933,145528619682,0.40
8934,199895486317,0.00
8935,199895486317,0.00
8936,199895486317,0.00
8937,195204096360,0.80
8938,199895486317,0.00
8939,199895486317,0.00
8940,1817702540,1.30
8941,199895486317,0.00
8942,14149278180,14.00
8943,96061828,3256.80
8944,199895486317,0.00
8945,145528619682,0.40
8946,52730281188,0.30
8947,199895486317,0.00
8948,69970022,1521.10
8949,4204626905,2.20
8950,140389632261,0.10
8951,52730281188,0.30
8952,199895486317,0.00
8953,52730281188,0.30
8954,103082776,3148.20
8955,1817702540,1.30
8956,52730281188,0.30
8957,2568009930,1.80
8958,199895486317,0.00
8959,95842608240,0.90
8960,52730281188,0.30
8961,199895486317,0.00
8962,2971846324,1.70
8963,656309672,1.20
8964,199895486317,0.00
8965,199895486317,0.00
8966,52730281188,0.30
8967,66718491703,0.60
8968,199895486317,0.00
8969,199895486317,0.00
8970,90767078605,1.00
8971,199895486317,0.00
8972,90767078605,1.00
8973,25109171864,124.80
8974,199895486317,0.00
8975,53743756,1941.30
8976,57978680143,71.40
8977,1512315801,4.00
8978,81611733,763.40
8979,140389632261,0.10
8980,199895486317,0.00
8981,18032851,2413.80
8982,2472441982,2.60
8983,843989023,2.00
8984,61718947,951.30
8985,199895486317,0.00
8986,199895486317,0.00
8987,1817702540,1.30
8988,199895486317,0.00
8989,199895486317,0.00
8990,3815437271,3.20
8991,11675366602,30.00
8992,199895486317,0.00
8993,145528619682,0.40
8994,22539446,1405.70
8995,199895486317,0.00
8996,63466921,383.30
8997,84977195738,0.20
8998,199895486317,0.00
8999,38644295471,6.80
9000,3809471664,1.40
9001,4659119522,3.70
9002,199895486317,0.00
9003,199895486317,0.00
9004,199895486317,0.00
9005,84977195738,0.20
9006,826096941,3.00
9007,90767078605,1.00
9008,8602372137,4.60
9009,199895486317,0.00
9010,84977195738,0.20
9011,61856895,1601.60
9012,95842608240,0.90
9013,10116869172,8.00
9014,826096941,3.00
9015,16948315236,8.30
9016,66718491703,0.60
9017,18680124194,62.50
9018,199895486317,0.00
9019,33347501379,10.50
9020,199895486317,0.00
9021,52730281188,0.30
9022,84977195738,0.20
9023,199895486317,0.00
9024,199895486317,0.00
9025,199895486317,0.00
9026,2971846324,1.70
9027,1691027259,2.10
9028,199895486317,0.00
9029,199895486317,0.00
9030,199895486317,0.00
9031,14149278180,14.00
9032,199895486317,0.00
9033,199895486317,0.00
9034,140389632261,0.10
9035,199895486317,0.00
9036,40811408811,92.10
9037,90767078605,1.00
9038,140389632261,0.10
9039,66718491703,0.60
9040,17252770,872.70
9041,199895486317,0.00
9042,199895486317,0.00
9043,199895486317,0.00
9044,52730281188,0.30
9045,52730281188,0.30
9046,199895486317,0.00
9047,140389632261,0.10
9048,2198903108,2.50
9049,2568009930,1.80
9050,199895486317,0.00
9051,12134622890,7.50
9052,199895486317,0.00
9053,199895486317,0.00
9054,4204626905,2.20
9055,199895486317,0.00
9056,84977195738,0.20
9057,199895486317,0.00
9058,199895486317,0.00
9059,656309672,1.20
9060,199895486317,0.00
9061,52730281188,0.30
9062,826096941,3.00
9063,66718491703,0.60
9064,145528619682,0.40
9065,52730281188,0.30
9066,199895486317,0.00
9067,199895486317,0.00
9068,199895486317,0.00
9069,1807919470,1.60
9070,199895486317,0.00
9071,199895486317,0.00
9072,199895486317,0.00
9073,90192948,2698.60
9074,199895486317,0.00
9075,199895486317,0.00
9076,199895486317,0.00
9077,140389632261,0.10
9078,31445634169,11.40
9079,7401494521,9.00
9080,843989023,2.00
9081,199895486317,0.00
9082,199895486317,0.00
9083,84977195738,0.20
9084,199895486317,0.00
9085,199895486317,0.00
9086,2568009930,1.80
9087,66718491703,0.60
9088,140389632261,0.10
9089,199895486317,0.00
9090,199895486317,0.00
9091,199895486317,0.00
9092,84977195738,0.20
9093,199895486317,0.00
9094,199895486317,0.00
9095,92143252,494.40
9096,145528619682,0.40
9097,1807919470,1.60
9098,199895486317,0.00
9099,52730281188,0.30
9100,199895486317,0.00
9101,2971846324,1.70
9102,199895486317,0.00
9103,199895486317,0.00
9104,199895486317,0.00
9105,199895486317,0.00
9106,145528619682,0.40
9107,199895486317,0.00
9108,1691027259,2.10
9109,195204096360,0.80
9110,826096941,3.00
9111,52730281188,0.30
9112,69520105,495.50
9113,13220597826,5.80
9114,84977195738,0.20
9115,90767078605,1.00
9116,25035764,1835.30
9117,199895486317,0.00
9118,843989023,2.00
9119,84977195738,0.20
9120,49375154,1001.20
9121,199895486317,0.00
9122,1691027259,2.10
9123,12101596763,5.30
9124,199895486317,0.00
9125,2971846324,1.70
9126,140389632261,0.10
9127,1512315801,4.00
9128,199895486317,0.00
9129,199895486317,0.00
9130,199895486317,0.00
9131,199895486317,0.00
9132,58128140827,13.70
9133,826096941,3.00
9134,199895486317,0.00
9135,199895486317,0.00
9136,84977195738,0.20
9137,199895486317,0.00
9138,71218210,1067.60
9139,52730281188,0.30
9140,34417472,435.80
9141,199895486317,0.00
9142,35818966037,7.30
9143,52730281188,0.30
9144,145528619682,0.40
9145,52730281188,0.30
9146,145528619682,0.40
9147,199895486317,0.00
9148,199895486317,0.00
9149,9750258421,10.30
9150,199895486317,0.00
9151,33149403196,21.90
9152,199895486317,0.00
9153,3325055929,5.00
9154,84977195738,0.20
9155,199895486317,0.00
9156,843989023,2.00
9157,199895486317,0.00
9158,199895486317,0.00
9159,34397095,1464.50
9160,16760567545,6.60
9161,33291107,353.60
9162,66718491703,0.60
9163,199895486317,0.00
9164,53917856,2209.80
9165,92143169,581.60
9166,13802190,1186.80
9167,199895486317,0.00
9168,223069986634,0.50
9169,199895486317,0.00
9170,223069986634,0.50
9171,199895486317,0.00
9172,7131644060,2.90
9173,892058999,6.00
9174,1691027259,2.10
9175,16419630259,12.00
9176,15634731765,4.50
9177,43820570,398.90
9178,4498064718,4.20
9179,656309672,1.20
9180,84977195738,0.20
9181,199895486317,0.00
9182,52730281188,0.30
9183,199895486317,0.00
9184,199895486317,0.00
9185,199895486317,0.00
9186,199895486317,0.00
9187,3313052405,163.70
9188,145528619682,0.40
9189,2052747194,1.10
9190,140389632261,0.10
9191,199895486317,0.00
9192,79142402,274.90
9193,223069986634,0.50
9194,897229893,195.20
9195,199895486317,0.00
9196,52730281188,0.30
9197,199895486317,0.00
9198,199895486317,0.00
9199,49277415468,11.80
9200,66718491703,0.60
9201,33149403196,21.90
9202,2105680101,1.50
9203,90767078605,1.00
9204,38644295471,6.80
9205,199895486317,0.00
9206,199895486317,0.00
9207,199895486317,0.00
9208,1807919470,1.60
9209,66718491703,0.60
9210,199895486317,0.00
9211,6826057414,20.00
9212,199895486317,0.00
9213,826096941,3.00
9214,826096941,3.00
9215,826096941,3.00
9216,199895486317,0.00
9217,1817702540,1.30
9218,140389632261,0.10
9219,84977195738,0.20
9220,2105680101,1.50
9221,199895486317,0.00
9222,199895486317,0.00
9223,199895486317,0.00
9224,199895486317,0.00
9225,199895486317,0.00
9226,199895486317,0.00
9227,199895486317,0.00
9228,67619595,403.30
9229,199895486317,0.00
9230,21039500907,110.30
9231,95842608240,0.90
9232,34805189,601.40
9233,18069230993,5.50
9234,199895486317,0.00
9235,199895486317,0.00
9236,52730281188,0.30
9237,42996327,546.00
9238,52730281188,0.30
9239,90767078605,1.00
9240,2472441982,2.60
9241,50039995,5000.00
9242,199895486317,0.00
9243,58472839185,94.80
9244,66718491703,0.60
9245,199895486317,0.00
9246,199895486317,0.00
9247,656309672,1.20
9248,50039995,5000.00
9249,8873340287,7.00
9250,195204096360,0.80
9251,66718491703,0.60
9252,1512315801,4.00
9253,15433607056,7.20
9254,199895486317,0.00
9255,145528619682,0.40
9256,145528619682,0.40
9257,3014260410,10.00
9258,199895486317,0.00
9259,52730281188,0.30
9260,199895486317,0.00
9261,298047470036,0.70
9262,84977195738,0.20
9263,52730281188,0.30
9264,199895486317,0.00
9265,199895486317,0.00
9266,199895486317,0.00
9267,199895486317,0.00
9268,84977195738,0.20
9269,223069986634,0.50
9270,199895486317,0.00
9271,199895486317,0.00
9272,1817702540,1.30
9273,223069986634,0.50
9274,1512315801,4.00
9275,84977195738,0.20
9276,12666411253,4.10
9277,199895486317,0.00
9278,52730281188,0.30
9279,199895486317,0.00
9280,52730281188,0.30
9281,199895486317,0.00
9282,199895486317,0.00
9283,1817702540,1.30
9284,199895486317,0.00
9285,199895486317,0.00
9286,199895486317,0.00
9287,892058999,6.00
9288,199895486317,0.00
9289,84977195738,0.20
9290,2971846324,1.70
9291,66718491703,0.60
9292,199895486317,0.00
9293,199895486317,0.00
9294,90058451,370.00
9295,199895486317,0.00
9296,199895486317,0.00
9297,199895486317,0.00
9298,31525588532,16.00
9299,95842608240,0.90
9300,199895486317,0.00
9301,892058999,6.00
9302,3809471664,1.40
9303,843989023,2.00
9304,223069986634,0.50
9305,199895486317,0.00
9306,50039995,5000.00
9307,60941538,441.20
9308,199895486317,0.00
9309,199895486317,0.00
9310,52730281188,0.30
9311,199895486317,0.00
9312,95842608240,0.90
9313,59078645804,8.10
9314,199895486317,0.00
9315,90767078605,1.00
9316,199895486317,0.00
9317,84977195738,0.20
9318,52730281188,0.30
9319,199895486317,0.00
9320,2198903108,2.50
9321,199895486317,0.00
9322,199895486317,0.00
9323,199895486317,0.00
9324,199895486317,0.00
9325,42822272,1816.30
9326,223069986634,0.50
9327,2607874967,2.40
9328,27789582,421.80
9329,199895486317,0.00
9330,199895486317,0.00
9331,145528619682,0.40
9332,199895486317,0.00
9333,66718491703,0.60
9334,892058999,6.00
9335,199895486317,0.00
9336,1817702540,1.30
9337,84977195738,0.20
9338,52730281188,0.30
9339,199895486317,0.00
9340,199895486317,0.00
9341,95842608240,0.90
9342,7131644060,2.90
9343,199895486317,0.00
9344,90767078605,1.00
9345,3014260410,10.00
9346,199895486317,0.00
9347,66718491703,0.60
9348,199895486317,0.00
9349,199895486317,0.00
9350,199895486317,0.00
9351,199895486317,0.00
9352,199895486317,0.00
9353,2568009930,1.80
9354,199895486317,0.00
9355,2863397348,3.30
9356,199895486317,0.00
9357,10116869172,8.00
9358,95842608240,0.90
9359,3325055929,5.00
9360,21693199,508.60
9361,84977195738,0.20
9362,1817702540,1.30
9363,17642791,968.00
9364,843989023,2.00
9365,2568009930,1.80
9366,38886414991,11.50
9367,199895486317,0.00
9368,199895486317,0.00
9369,90767078605,1.00
9370,199895486317,0.00
9371,154029916235,12.90
9372,199895486317,0.00
9373,84977195738,0.20
9374,843989023,2.00
9375,199895486317,0.00
9376,140389632261,0.10
9377,199895486317,0.00
9378,199895486317,0.00
9379,199895486317,0.00
9380,140389632261,0.10
9381,35585302,739.60
9382,199895486317,0.00
9383,76150944,787.60
9384,58128140827,13.70
9385,2607874967,2.40
9386,145528619682,0.40
9387,199895486317,0.00
9388,199895486317,0.00
9389,199895486317,0.00
9390,52730281188,0.30
9391,52730281188,0.30
9392,199895486317,0.00
9393,199895486317,0.00
9394,90767078605,1.00
9395,2971846324,1.70
9396,199895486317,0.00
9397,1512315801,4.00
9398,223069986634,0.50
9399,199895486317,0.00
9400,199895486317,0.00
9401,199895486317,0.00
9402,95842608240,0.90
9403,843989023,2.00
9404,52730281188,0.30
9405,199895486317,0.00
9406,2105680101,1.50
9407,52730281188,0.30
9408,826096941,3.00
9409,199895486317,0.00
9410,42510202,1147.50
9411,199895486317,0.00
9412,199895486317,0.00
9413,95842608240,0.90
9414,892058999,6.00
9415,199895486317,0.00
9416,3809471664,1.40
9417,199895486317,0.00
9418,199895486317,0.00
9419,199895486317,0.00
9420,1834473380,197.80
9421,84977195738,0.20
9422,199895486317,0.00
9423,49063125,1607.90
9424,199895486317,0.00
9425,199895486317,0.00
9426,18482856,1283.50
9427,199895486317,0.00
9428,199895486317,0.00
9429,199895486317,0.00
9430,40534842726,17.90
9431,199895486317,0.00
9432,35021620,338.20
9433,199895486317,0.00
9434,52730281188,0.30
9435,84977195738,0.20
9436,26283950,1419.50
9437,656309672,1.20
9438,199895486317,0.00
9439,199895486317,0.00
9440,656309672,1.20
9441,199895486317,0.00
9442,199895486317,0.00
9443,140389632261,0.10
9444,52730281188,0.30
9445,21291234,1927.50
9446,1512315801,4.00
9447,2052747194,1.10
9448,22661723584,4.90
9449,50039995,5000.00
9450,199895486317,0.00
9451,2105680101,1.50
9452,199895486317,0.00
9453,199895486317,0.00
9454,22661723584,4.90
9455,7235722582,3.10
9456,199895486317,0.00
9457,95842608240,0.90
9458,9750258421,10.30
9459,90767078605,1.00
9460,199895486317,0.00
9461,199895486317,0.00
9462,199895486317,0.00
9463,3014260410,10.00
9464,14539909501,11.00
9465,1512315801,4.00
9466,195204096360,0.80
9467,199895486317,0.00
9468,199895486317,0.00
9469,199895486317,0.00
9470,128161160579,30.30
9471,843989023,2.00
9472,8860371984,3.90
9473,36549181232,87.60
9474,199895486317,0.00
9475,3431112372,2.30
9476,105891197,3703.00
9477,59768661,876.10
9478,199895486317,0.00
9479,843989023,2.00
9480,84977195738,0.20
9481,66718491703,0.60
9482,2568009930,1.80
9483,2105680101,1.50
9484,4498064718,4.20
9485,26614061,860.70
9486,199895486317,0.00
9487,1807919470,1.60
9488,199895486317,0.00
9489,199895486317,0.00
9490,2568009930,1.80
9491,199895486317,0.00
9492,199895486317,0.00
9493,6565292110,3.60
9494,52730281188,0.30
9495,223069986634,0.50
9496,22836111,374.40
9497,199895486317,0.00
9498,95842608240,0.90
9499,84977195738,0.20
9500,199895486317,0.00
9501,5129352926,1.90
9502,656309672,1.20
9503,199895486317,0.00
9504,223069986634,0.50
9505,199895486317,0.00
9506,35957278,1094.70
9507,24273759,2434.80
9508,3815437271,3.20
9509,1817702540,1.30
9510,15433607056,7.20
9511,1705868033,189.00
9512,3325055929,5.00
9513,90767078605,1.00
9514,90767078605,1.00
9515,85122237,2458.20
9516,223069986634,0.50
9517,843989023,2.00
9518,199895486317,0.00
9519,199895486317,0.00
9520,12377656444,5.60
9521,199895486317,0.00
9522,23084314852,10.80
9523,46701650605,12.70
9524,44556538,2111.00
9525,60723611459,38.80
9526,22113422437,5.20
9527,199895486317,0.00
9528,199895486317,0.00
9529,199895486317,0.00
9530,199895486317,0.00
9531,52730281188,0.30
9532,31638359244,7.60
9533,826096941,3.00
9534,223069986634,0.50
9535,199895486317,0.00
9536,199895486317,0.00
9537,95842608240,0.90
9538,199895486317,0.00
9539,95842608240,0.90
9540,199895486317,0.00
9541,84977195738,0.20
9542,223069986634,0.50
9543,199895486317,0.00
9544,199895486317,0.00
9545,50039995,5000.00
9546,50039995,5000.00
9547,199895486317,0.00
9548,656309672,1.20
9549,145528619682,0.40
9550,5902052860,6.10
9551,3014260410,10.00
9552,199895486317,0.00
9553,199895486317,0.00
9554,140389632261,0.10
9555,199895486317,0.00
9556,66718491703,0.60
9557,199895486317,0.00
9558,843989023,2.00
9559,9258021860,138.30
9560,10666247130,5.40
9561,892058999,6.00
9562,223069986634,0.50
9563,5902052860,6.10
9564,826096941,3.00
9565,34017335131,41.00
9566,199895486317,0.00
9567,199895486317,0.00
9568,6565292110,3.60
9569,195204096360,0.80
9570,32956072809,9.10
9571,199895486317,0.00
9572,359644129,220.30
9573,843989023,2.00
9574,199895486317,0.00
9575,35818966037,7.30
9576,3815437271,3.20
9577,66718491703,0.60
9578,199895486317,0.00
9579,199895486317,0.00
9580,7568365925,3.80
9581,199895486317,0.00
9582,843989023,2.00
9583,95842608240,0.90
9584,199895486317,0.00
9585,199895486317,0.00
9586,199895486317,0.00
9587,3809471664,1.40
9588,68721847,1330.30
9589,223069986634,0.50
9590,298047470036,0.70
9591,14539909501,11.00
9592,55304003,1714.90
9593,7568365925,3.80
9594,223069986634,0.50
9595,199895486317,0.00
9596,51750536521,8.20
9597,84977195738,0.20
9598,298047470036,0.70
9599,6283485960,6.20
9600,2971846324,1.70
9601,145528619682,0.40
9602,95842608240,0.90
9603,892058999,6.00
9604,199895486317,0.00
9605,145528619682,0.40
9606,199895486317,0.00
9607,199895486317,0.00
9608,145528619682,0.40
9609,52730281188,0.30
9610,3014260410,10.00
9611,843989023,2.00
9612,199895486317,0.00
9613,199895486317,0.00
9614,84977195738,0.20
9615,199895486317,0.00
9616,50311292,1209.20
9617,199895486317,0.00
9618,140389632261,0.10
9619,84977195738,0.20
9620,19396069421,7.40
9621,54140114691,11.30
9622,199895486317,0.00
9623,826096941,3.00
9624,826096941,3.00
9625,54307900,655.30
9626,24278117880,15.00
9627,199895486317,0.00
9628,195204096360,0.80
9629,199895486317,0.00
9630,36259904602,12.20
9631,199895486317,0.00
9632,66718491703,0.60
9633,199895486317,0.00
9634,199895486317,0.00
9635,8500524043,4.30
9636,199895486317,0.00
9637,298047470036,0.70
9638,199895486317,0.00
9639,656309672,1.20
9640,656309672,1.20
9641,90767078605,1.00
9642,199895486317,0.00
9643,10321453043,3.50
9644,52730281188,0.30
9645,843989023,2.00
9646,199895486317,0.00
9647,223759202,244.50
9648,2472441982,2.60
9649,51188043,458.50
9650,199895486317,0.00
9651,199895486317,0.00
9652,199895486317,0.00
9653,199895486317,0.00
9654,199895486317,0.00
9655,95842608240,0.90
9656,5902052860,6.10
9657,199895486317,0.00
9658,199895486317,0.00
9659,84977195738,0.20
9660,199895486317,0.00
9661,47475947,286.20
9662,826096941,3.00
9663,90767078605,1.00
9664,199895486317,0.00
9665,11113545031,6.50
9666,199895486317,0.00
9667,140389632261,0.10
9668,145528619682,0.40
9669,3325055929,5.00
9670,66718491703,0.60
9671,3325055929,5.00
9672,199895486317,0.00
9673,199895486317,0.00
9674,140389632261,0.10
9675,199895486317,0.00
9676,52730281188,0.30
9677,1512315801,4.00
9678,199895486317,0.00
9679,199895486317,0.00
9680,84977195738,0.20
9681,199895486317,0.00
9682,66718491703,0.60
9683,280550446,267.40
9684,199895486317,0.00
9685,3431112372,2.30
9686,199895486317,0.00
9687,199895486317,0.00
9688,199895486317,0.00
9689,132810862316,31.40
9690,3014260410,10.00
9691,140389632261,0.10
9692,199895486317,0.00
9693,3809471664,1.40
9694,199895486317,0.00
9695,199895486317,0.00
9696,199895486317,0.00
9697,36365449,2018.60
9698,50039995,5000.00
9699,66718491703,0.60
9700,199895486317,0.00
9701,4204626905,2.20
9702,7131644060,2.90
9703,1512315801,4.00
9704,199895486317,0.00
9705,199895486317,0.00
9706,199895486317,0.00
9707,43134300,1294.40
9708,199895486317,0.00
9709,48213554345,10.70
9710,52730281188,0.30
9711,199895486317,0.00
9712,199895486317,0.00
9713,14539909501,11.00
9714,14539909501,11.00
9715,656309672,1.20
9716,3014260410,10.00
9717,8873340287,7.00
9718,29092339,1292.70
9719,826096941,3.00
9720,223069986634,0.50
9721,140389632261,0.10
9722,145528619682,0.40
9723,199895486317,0.00
9724,199895486317,0.00
9725,52183575,1255.60
9726,29596566,3350.30
9727,60608731,1120.30
9728,199895486317,0.00
9729,199895486317,0.00
9730,199895486317,0.00
9731,223069986634,0.50
9732,6644097078,3.40
9733,199895486317,0.00
9734,199895486317,0.00
9735,199895486317,0.00
9736,66718491703,0.60
9737,199895486317,0.00
9738,34085045,1211.90
9739,199895486317,0.00
9740,95842608240,0.90
9741,52730281188,0.30
9742,199895486317,0.00
9743,199895486317,0.00
9744,199895486317,0.00
9745,199895486317,0.00
9746,199895486317,0.00
9747,199895486317,0.00
9748,199895486317,0.00
9749,199895486317,0.00
9750,108838571385,16.90
9751,89022745,2874.20
9752,33291107,353.60
9753,199895486317,0.00
9754,19375712358,123.50
9755,4498064718,4.20
9756,140389632261,0.10
9757,656309672,1.20
9758,88242630,802.50
9759,199895486317,0.00
9760,199895486317,0.00
9761,84977195738,0.20
9762,199895486317,0.00
9763,95842608240,0.90
9764,64839411,2308.90
9765,223069986634,0.50
9766,52730281188,0.30
9767,66718491703,0.60
9768,2863397348,3.30
9769,38315668,608.00
9770,50039995,5000.00
9771,66718491703,0.60
9772,843989023,2.00
9773,2105680101,1.50
9774,6826057414,20.00
9775,199895486317,0.00
9776,199895486317,0.00
9777,199895486317,0.00
9778,1817702540,1.30
9779,199895486317,0.00
9780,55478106,2533.30
9781,195204096360,0.80
9782,1512315801,4.00
9783,90767078605,1.00
9784,33995902,372.20
9785,33347501379,10.50
9786,145528619682,0.40
9787,2472441982,2.60
9788,1807919470,1.60
9789,199895486317,0.00
9790,199895486317,0.00
9791,199895486317,0.00
9792,12134622890,7.50
9793,199895486317,0.00
9794,195204096360,0.80
9795,46147678917,85.00
9796,199895486317,0.00
9797,11113545031,6.50
9798,90767078605,1.00
9799,145528619682,0.40
9800,199895486317,0.00
9801,84977195738,0.20
9802,2052747194,1.10
9803,199895486317,0.00
9804,28252533400,10.10
9805,7401494521,9.00
9806,199895486317,0.00
9807,199895486317,0.00
9808,199895486317,0.00
9809,52730281188,0.30
9810,48848268,449.50
9811,1691027259,2.10
9812,199895486317,0.00
9813,95842608240,0.90
9814,85764385,3801.90
9815,843989023,2.00
9816,199895486317,0.00
9817,199895486317,0.00
9818,66718491703,0.60
9819,18069230993,5.50
9820,84977195738,0.20
9821,52730281188,0.30
9822,52730281188,0.30
9823,84977195738,0.20
9824,95842608240,0.90
9825,71218224,1569.50
9826,199895486317,0.00
9827,843989023,2.00
9828,95842608240,0.90
9829,199895486317,0.00
9830,199895486317,0.00
9831,145528619682,0.40
9832,12101596763,5.30
9833,199895486317,0.00
9834,199895486317,0.00
9835,25901056,334.40
9836,199895486317,0.00
9837,199895486317,0.00
9838,52730281188,0.30
9839,223069986634,0.50
9840,8500524043,4.30
9841,199895486317,0.00
9842,199895486317,0.00
9843,52730281188,0.30
9844,199895486317,0.00
9845,52730281188,0.30
9846,21171380,3451.00
9847,52730281188,0.30
9848,140389632261,0.10
9849,826096941,3.00
9850,199895486317,0.00
9851,52730281188,0.30
9852,2198903108,2.50
9853,199895486317,0.00
9854,199895486317,0.00
9855,199895486317,0.00
9856,199895486317,0.00
9857,199895486317,0.00
9858,199895486317,0.00
9859,3014260410,10.00
9860,52730281188,0.30
9861,40950002,1653.10
9862,28954407,688.60
9863,199895486317,0.00
9864,66718491703,0.60
9865,199895486317,0.00
9866,199895486317,0.00
9867,199895486317,0.00
9868,44490473474,77.90
9869,35889776,313.40
9870,199895486317,0.00
9871,140389632261,0.10
9872,199895486317,0.00
9873,10116869172,8.00
9874,199895486317,0.00
9875,3431112372,2.30
9876,199895486317,0.00
9877,199895486317,0.00
9878,39875902,531.90
9879,199895486317,0.00
9880,3431112372,2.30
9881,66718491703,0.60
9882,66718491703,0.60
9883,35957305,1433.50
9884,199895486317,0.00
9885,199895486317,0.00
9886,199895486317,0.00
9887,199895486317,0.00
9888,95842608240,0.90
9889,2105680101,1.50
9890,199895486317,0.00
9891,4659119522,3.70
9892,199895486317,0.00
9893,199895486317,0.00
9894,199895486317,0.00
9895,3211234533,190.50
9896,199895486317,0.00
9897,199895486317,0.00
9898,223069986634,0.50
9899,223069986634,0.50
9900,656309672,1.20
9901,199895486317,0.00
9902,2863397348,3.30
9903,199895486317,0.00
9904,2568009930,1.80
9905,90767078605,1.00
9906,52730281188,0.30
9907,199895486317,0.00
9908,19374312155,21.00
9909,140389632261,0.10
9910,656309672,1.20
9911,199895486317,0.00
9912,199895486317,0.00
9913,843989023,2.00
9914,199895486317,0.00
9915,140389632261,0.10
9916,84977195738,0.20
9917,33149403196,21.90
9918,199895486317,0.00
9919,61232791,1039.50
9920,199895486317,0.00
9921,199895486317,0.00
9922,199895486317,0.00
9923,199895486317,0.00
9924,195204096360,0.80
9925,199895486317,0.00
9926,57595682775,6.90
9927,199895486317,0.00
9928,199895486317,0.00
9929,199895486317,0.00
9930,199895486317,0.00
9931,199895486317,0.00
9932,90767078605,1.00
9933,892058999,6.00
9934,66718491703,0.60
9935,656309672,1.20
9936,199895486317,0.00
9937,140389632261,0.10
9938,199895486317,0.00
9939,52730281188,0.30
9940,843989023,2.00
9941,140389632261,0.10
9942,199895486317,0.00
9943,826096941,3.00
9944,826096941,3.00
9945,298047470036,0.70
9946,199895486317,0.00
9947,199895486317,0.00
9948,2198903108,2.50
9949,199895486317,0.00
9950,199895486317,0.00
9951,826096941,3.00
9952,2607874967,2.40
9953,90767078605,1.00
9954,199895486317,0.00
9955,199895486317,0.00
9956,91990129088,61.10
9957,140389632261,0.10
9958,199895486317,0.00
9959,199895486317,0.00
9960,199895486317,0.00
9961,140389632261,0.10
9962,199895486317,0.00
9963,199895486317,0.00
9964,10116869172,8.00
9965,199895486317,0.00
9966,195204096360,0.80
9967,298047470036,0.70
9968,58332223267,84.30
9969,145528619682,0.40
9970,199895486317,0.00
9971,51187629,477.60
9972,90767078605,1.00
9973,199895486317,0.00
9974,199895486317,0.00
9975,2105680101,1.50
9976,843989023,2.00
9977,10116869172,8.00
9978,145528619682,0.40
9979,199895486317,0.00
9980,52730281188,0.30
9981,2105680101,1.50
9982,1807919470,1.60
9983,199895486317,0.00
9984,1817702540,1.30
9985,11269800800,2.80
9986,3014260410,10.00
9987,199895486317,0.00
9988,199895486317,0.00
9989,1512315801,4.00
9990,199895486317,0.00
9991,90767078605,1.00
9992,140389632261,0.10
9993,199895486317,0.00
9994,199895486317,0.00
9995,199895486317,0.00
9996,199895486317,0.00
9997,199895486317,0.00
9998,90767078605,1.00
9999,199895486317,0.00
