Name,Pig1
Score,0.37062
LockedUpRTP,
Rtp,0.9699999993951994
Win Ranges
0,0.1,1 in 1.410
0.1,1,1 in 4.250
1,2,1 in 46.501
2,3,1 in 689.274
3,5,1 in 352.831
5,10,1 in 141.142
10,20,1 in 99.877
20,50,1 in 117.822
50,100,1 in 313.036
100,200,1 in 1247.003
200,500,1 in 36593.179
500,1000,1 in 100460.381
1000,2000,1 in 128724.501
2000,3000,1 in 255746.936
3000,5001,1 in 191198.171
Distribution
0,199895486317,0.00
1,99690786963,0.60
2,50039995,5000.00
3,5380879713,2.40
4,18142448437,3.90
5,112167320933,0.90
6,5380879713,2.40
7,89213611331,1.00
8,199895486317,0.00
9,133617753358,0.20
10,99690786963,0.60
11,2686103608,3.20
12,199895486317,0.00
13,133617753358,0.20
14,199895486317,0.00
15,156922756435,0.40
16,199895486317,0.00
17,199895486317,0.00
18,99690786963,0.60
19,2050527119,4.00
20,133617753358,0.20
21,199895486317,0.00
22,99690786963,0.60
23,199895486317,0.00
24,3351140730,1.30
25,89213611331,1.00
26,14121552492,6.30
27,89213611331,1.00
28,199895486317,0.00
29,199895486317,0.00
30,1580100102,1.20
31,199895486317,0.00
32,58096686135,0.30
33,884461957,3.00
34,1397444182,1.50
35,156922756435,0.40
36,199895486317,0.00
37,53670961272,8.20
38,43446847,2302.30
39,199895486317,0.00
40,199895486317,0.00
41,199895486317,0.00
42,133617753358,0.20
43,199895486317,0.00
44,41239796747,22.30
45,58096686135,0.30
46,24971409688,0.50
47,1257016153,2.00
48,89213611331,1.00
49,112167320933,0.90
50,58096686135,0.30
51,199895486317,0.00
52,199895486317,0.00
53,58096686135,0.30
54,45924218,372.50
55,199895486317,0.00
56,1397444182,1.50
57,199895486317,0.00
58,12667559636,130.40
59,133617753358,0.20
60,9798835701,4.60
61,199895486317,0.00
62,199895486317,0.00
63,14475307068,1.90
64,199895486317,0.00
65,112167320933,0.90
66,199895486317,0.00
67,40905648715,14.00
68,9651044235,3.70
69,150738065978,0.80
70,199895486317,0.00
71,8333457575,151.50
72,17292229334,7.00
73,199895486317,0.00
74,95024392251,0.10
75,199895486317,0.00
76,58096686135,0.30
77,53238638005,18.00
78,199895486317,0.00
79,199895486317,0.00
80,199895486317,0.00
81,59743286,3773.50
82,133617753358,0.20
83,46947232,3631.80
84,199895486317,0.00
85,53964567,4166.20
86,61176884,551.90
87,3583135578,1.10
88,4087369411,2.30
89,99690786963,0.60
90,199895486317,0.00
91,46328008,2569.00
92,112167320933,0.90
93,199895486317,0.00
94,199895486317,0.00
95,372336959068,0.70
96,884461957,3.00
97,199895486317,0.00
98,58096686135,0.30
99,133617753358,0.20
100,112167320933,0.90
101,156922756435,0.40
102,150738065978,0.80
103,79400223738,26.50
104,1580100102,1.20
105,37977120,513.10
106,99690786963,0.60
107,937182873,6.00
108,937182873,6.00
109,1580100102,1.20
110,58096686135,0.30
111,199895486317,0.00
112,1257016153,2.00
113,199895486317,0.00
114,199895486317,0.00
115,1580100102,1.20
116,199895486317,0.00
117,199895486317,0.00
118,199895486317,0.00
119,99690786963,0.60
120,199895486317,0.00
121,199895486317,0.00
122,199895486317,0.00
123,199895486317,0.00
124,18945197840,4.40
125,58096686135,0.30
126,1257016153,2.00
127,199895486317,0.00
128,58096686135,0.30
129,52692780,407.70
130,43458298922,12.80
131,1397444182,1.50
132,58096686135,0.30
133,20613675614,116.90
134,199895486317,0.00
135,199895486317,0.00
136,199895486317,0.00
137,1580100102,1.20
138,199895486317,0.00
139,44605605,891.50
140,16463502478,123.60
141,156922756435,0.40
142,199895486317,0.00
143,2686103608,3.20
144,32567789,1588.30
145,133617753358,0.20
146,63764305,844.70
147,2319215827,1.40
148,133617753358,0.20
149,372336959068,0.70
150,1257016153,2.00
151,56803567,3182.90
152,199895486317,0.00
153,199895486317,0.00
154,1257016153,2.00
155,133617753358,0.20
156,95024392251,0.10
157,199895486317,0.00
158,89213611331,1.00
159,199895486317,0.00
160,6686885106,2.60
161,199895486317,0.00
162,19348448,898.70
163,46188068,872.00
164,133617753358,0.20
165,58096686135,0.30
166,58096686135,0.30
167,199895486317,0.00
168,199895486317,0.00
169,199895486317,0.00
170,2050527119,4.00
171,2050527119,4.00
172,199895486317,0.00
173,89213611331,1.00
174,78783781712,30.80
175,4008213810,3.10
176,199895486317,0.00
177,199895486317,0.00
178,199895486317,0.00
179,150738065978,0.80
180,24971409688,0.50
181,199895486317,0.00
182,199895486317,0.00
183,58096686135,0.30
184,199895486317,0.00
185,199895486317,0.00
186,51258928653,6.90
187,199895486317,0.00
188,199895486317,0.00
189,199895486317,0.00
190,199895486317,0.00
191,199895486317,0.00
192,199895486317,0.00
193,199895486317,0.00
194,89213611331,1.00
195,58096686135,0.30
196,199895486317,0.00
197,199895486317,0.00
198,199895486317,0.00
199,199895486317,0.00
200,199895486317,0.00
201,199895486317,0.00
202,199895486317,0.00
203,199895486317,0.00
204,199895486317,0.00
205,5052232239,2.90
206,199895486317,0.00
207,50761730949,72.60
208,4114302921,9.00
209,79679954524,9.70
210,133617753358,0.20
211,199895486317,0.00
212,199895486317,0.00
213,2050527119,4.00
214,95024392251,0.10
215,199895486317,0.00
216,5909996763,4.50
217,95024392251,0.10
218,150738065978,0.80
219,42013298,605.00
220,58096686135,0.30
221,133617753358,0.20
222,199895486317,0.00
223,3563338753,5.00
224,39987269,4069.40
225,57841109,3727.40
226,58096686135,0.30
227,47206900,418.30
228,199895486317,0.00
229,150738065978,0.80
230,199895486317,0.00
231,18359068040,8.40
232,199895486317,0.00
233,199895486317,0.00
234,199895486317,0.00
235,112167320933,0.90
236,156922756435,0.40
237,199895486317,0.00
238,199895486317,0.00
239,53389656,2420.50
240,199895486317,0.00
241,199895486317,0.00
242,133617753358,0.20
243,199895486317,0.00
244,95024392251,0.10
245,199895486317,0.00
246,199895486317,0.00
247,372336959068,0.70
248,1257016153,2.00
249,199895486317,0.00
250,51552912,397.20
251,199895486317,0.00
252,23613628236,10.10
253,199895486317,0.00
254,372336959068,0.70
255,1580100102,1.20
256,156922756435,0.40
257,49939383,553.00
258,199895486317,0.00
259,5637723967,1.60
260,58096686135,0.30
261,53823157,753.80
262,199895486317,0.00
263,4087369411,2.30
264,107485101373,39.10
265,937182873,6.00
266,199895486317,0.00
267,199895486317,0.00
268,5794283918,11.00
269,199895486317,0.00
270,937182873,6.00
271,133617753358,0.20
272,95024392251,0.10
273,133617753358,0.20
274,199895486317,0.00
275,199895486317,0.00
276,199895486317,0.00
277,5439464766,3.60
278,199895486317,0.00
279,157063557855,23.70
280,199895486317,0.00
281,50039995,5000.00
282,40427003,819.70
283,58096686135,0.30
284,52758471187,52.50
285,89213611331,1.00
286,199895486317,0.00
287,44315318,641.70
288,1257016153,2.00
289,133617753358,0.20
290,3563338753,5.00
291,199895486317,0.00
292,156922756435,0.40
293,199895486317,0.00
294,199895486317,0.00
295,884461957,3.00
296,132875502,273.00
297,89213611331,1.00
298,95024392251,0.10
299,3351140730,1.30
300,66217969,664.00
301,199895486317,0.00
302,199895486317,0.00
303,884461957,3.00
304,199895486317,0.00
305,199895486317,0.00
306,18917807,677.60
307,1580100102,1.20
308,58290318,721.90
309,199895486317,0.00
310,199895486317,0.00
311,1580100102,1.20
312,21693192042,4.90
313,199895486317,0.00
314,99690786963,0.60
315,199895486317,0.00
316,29340677909,4.80
317,150738065978,0.80
318,199895486317,0.00
319,99690786963,0.60
320,199895486317,0.00
321,89213611331,1.00
322,35797199,1303.80
323,199895486317,0.00
324,5794283918,11.00
325,99690786963,0.60
326,36634706480,60.00
327,133617753358,0.20
328,199895486317,0.00
329,199895486317,0.00
330,199895486317,0.00
331,99690786963,0.60
332,199895486317,0.00
333,199895486317,0.00
334,199895486317,0.00
335,99690786963,0.60
336,49513128,1441.10
337,24971409688,0.50
338,24971409688,0.50
339,1257016153,2.00
340,199895486317,0.00
341,50039995,5000.00
342,156922756435,0.40
343,4114302921,9.00
344,47768554,4158.50
345,1580100102,1.20
346,2686103608,3.20
347,199895486317,0.00
348,133617753358,0.20
349,62690365518,20.50
350,199895486317,0.00
351,24971409688,0.50
352,199895486317,0.00
353,4087369411,2.30
354,5715697093,2.20
355,52876234542,35.30
356,199895486317,0.00
357,199895486317,0.00
358,199895486317,0.00
359,5380879713,2.40
360,199895486317,0.00
361,199895486317,0.00
362,199895486317,0.00
363,58096686135,0.30
364,95024392251,0.10
365,199895486317,0.00
366,24971409688,0.50
367,199895486317,0.00
368,199895486317,0.00
369,89213611331,1.00
370,1580100102,1.20
371,58096686135,0.30
372,199895486317,0.00
373,2319215827,1.40
374,509999583,231.50
375,199895486317,0.00
376,199895486317,0.00
377,37294703,1473.20
378,1397444182,1.50
379,199895486317,0.00
380,199895486317,0.00
381,199895486317,0.00
382,1580100102,1.20
383,199895486317,0.00
384,5052232239,2.90
385,14115377113,30.00
386,47257727,355.70
387,58096686135,0.30
388,4614762981,1.80
389,169028841560,13.90
390,199895486317,0.00
391,1257016153,2.00
392,62964293,360.10
393,1257016153,2.00
394,1992334443,10.00
395,99690786963,0.60
396,4716150126,169.30
397,199895486317,0.00
398,199895486317,0.00
399,34066105,1275.30
400,199895486317,0.00
401,156922756435,0.40
402,156922756435,0.40
403,133617753358,0.20
404,41938308758,98.40
405,199895486317,0.00
406,112167320933,0.90
407,199895486317,0.00
408,199895486317,0.00
409,112167320933,0.90
410,133617753358,0.20
411,884461957,3.00
412,317611612,247.00
413,99690786963,0.60
414,199895486317,0.00
415,53250425,597.90
416,199895486317,0.00
417,44089204193,46.30
418,1992334443,10.00
419,884461957,3.00
420,58096686135,0.30
421,199895486317,0.00
422,199895486317,0.00
423,199895486317,0.00
424,199895486317,0.00
425,199895486317,0.00
426,40905648715,14.00
427,1257016153,2.00
428,1580100102,1.20
429,99690786963,0.60
430,1397444182,1.50
431,5637723967,1.60
432,89213611331,1.00
433,199895486317,0.00
434,199895486317,0.00
435,884461957,3.00
436,4614762981,1.80
437,58096686135,0.30
438,3583135578,1.10
439,99690786963,0.60
440,58096686135,0.30
441,199895486317,0.00
442,95024392251,0.10
443,2267001065,163.70
444,199895486317,0.00
445,199895486317,0.00
446,199895486317,0.00
447,199895486317,0.00
448,17292229334,7.00
449,199895486317,0.00
450,199895486317,0.00
451,199895486317,0.00
452,89213611331,1.00
453,58463146,403.90
454,199895486317,0.00
455,3351140730,1.30
456,43750107,1899.00
457,99690786963,0.60
458,976213139,213.00
459,3351140730,1.30
460,199895486317,0.00
461,43540423035,43.00
462,199895486317,0.00
463,1257016153,2.00
464,199895486317,0.00
465,199895486317,0.00
466,199895486317,0.00
467,8725985935,5.10
468,31070585,1082.00
469,24971409688,0.50
470,199895486317,0.00
471,884461957,3.00
472,199895486317,0.00
473,199895486317,0.00
474,199895486317,0.00
475,44459380,938.80
476,24971409688,0.50
477,199895486317,0.00
478,4001483371,40.00
479,199895486317,0.00
480,56855068,450.60
481,199895486317,0.00
482,24971409688,0.50
483,199895486317,0.00
484,62522324810,72.00
485,5052232239,2.90
486,199895486317,0.00
487,13128228672,7.40
488,199895486317,0.00
489,199895486317,0.00
490,199895486317,0.00
491,199895486317,0.00
492,199895486317,0.00
493,199895486317,0.00
494,58096686135,0.30
495,199895486317,0.00
496,77899660,3659.80
497,199895486317,0.00
498,41864213,998.80
499,199895486317,0.00
500,5040148488,3.40
501,89213611331,1.00
502,24971409688,0.50
503,5380879713,2.40
504,199895486317,0.00
505,199895486317,0.00
506,372336959068,0.70
507,199895486317,0.00
508,95024392251,0.10
509,199895486317,0.00
510,39830725,1368.30
511,1397444182,1.50
512,334122173,241.50
513,12275654679,10.20
514,199895486317,0.00
515,136392987665,23.90
516,199895486317,0.00
517,7218173098,2.50
518,1397444182,1.50
519,199895486317,0.00
520,89213611331,1.00
521,24971409688,0.50
522,49112047,334.50
523,89213611331,1.00
524,5715697093,2.20
525,199895486317,0.00
526,199895486317,0.00
527,199895486317,0.00
528,884461957,3.00
529,199895486317,0.00
530,4581580340,1.70
531,99690786963,0.60
532,58096686135,0.30
533,48179583376,4.70
534,2050527119,4.00
535,199895486317,0.00
536,133617753358,0.20
537,199895486317,0.00
538,372336959068,0.70
539,199895486317,0.00
540,199895486317,0.00
541,58096686135,0.30
542,199895486317,0.00
543,1257016153,2.00
544,199895486317,0.00
545,10253916547,143.70
546,95024392251,0.10
547,199895486317,0.00
548,199895486317,0.00
549,199895486317,0.00
550,199895486317,0.00
551,95024392251,0.10
552,58096686135,0.30
553,99690786963,0.60
554,884461957,3.00
555,2050527119,4.00
556,58096686135,0.30
557,2691065770,2.10
558,1397444182,1.50
559,32899383,427.10
560,99690786963,0.60
561,5380879713,2.40
562,37573836481,8.30
563,4614762981,1.80
564,199895486317,0.00
565,1992334443,10.00
566,133617753358,0.20
567,54117875,649.90
568,67276552024,21.40
569,199895486317,0.00
570,2686103608,3.20
571,199895486317,0.00
572,199895486317,0.00
573,5715697093,2.20
574,156922756435,0.40
575,58096686135,0.30
576,199895486317,0.00
577,199895486317,0.00
578,199895486317,0.00
579,13128228672,7.40
580,199895486317,0.00
581,199895486317,0.00
582,199895486317,0.00
583,156922756435,0.40
584,53670961272,8.20
585,199895486317,0.00
586,58096686135,0.30
587,884461957,3.00
588,62977917861,58.50
589,3359018551,4.20
590,99690786963,0.60
591,133617753358,0.20
592,199895486317,0.00
593,6348347708,4.30
594,58096686135,0.30
595,58096686135,0.30
596,133617753358,0.20
597,199895486317,0.00
598,199895486317,0.00
599,95024392251,0.10
600,3359018551,4.20
601,24971409688,0.50
602,58096686135,0.30
603,133617753358,0.20
604,199895486317,0.00
605,199895486317,0.00
606,199895486317,0.00
607,68495040262,21.60
608,89213611331,1.00
609,58096686135,0.30
610,133617753358,0.20
611,372336959068,0.70
612,199895486317,0.00
613,199895486317,0.00
614,89213611331,1.00
615,133617753358,0.20
616,199895486317,0.00
617,5052232239,2.90
618,199895486317,0.00
619,156922756435,0.40
620,150738065978,0.80
621,12146948584,3.50
622,199895486317,0.00
623,58096686135,0.30
624,4008213810,3.10
625,199895486317,0.00
626,74786711,3950.50
627,8024892803,6.50
628,1397444182,1.50
629,199895486317,0.00
630,199895486317,0.00
631,199895486317,0.00
632,35335383,1396.50
633,124879501790,60.10
634,199895486317,0.00
635,199895486317,0.00
636,156922756435,0.40
637,372336959068,0.70
638,199895486317,0.00
639,199895486317,0.00
640,199895486317,0.00
641,199895486317,0.00
642,199895486317,0.00
643,99690786963,0.60
644,4614762981,1.80
645,884461957,3.00
646,199895486317,0.00
647,58096686135,0.30
648,199895486317,0.00
649,1992334443,10.00
650,199895486317,0.00
651,199895486317,0.00
652,5052232239,2.90
653,199895486317,0.00
654,884461957,3.00
655,51888222114,34.70
656,95024392251,0.10
657,199895486317,0.00
658,199895486317,0.00
659,199895486317,0.00
660,133617753358,0.20
661,199895486317,0.00
662,199895486317,0.00
663,199895486317,0.00
664,133617753358,0.20
665,199895486317,0.00
666,199895486317,0.00
667,24971409688,0.50
668,199895486317,0.00
669,58096686135,0.30
670,199895486317,0.00
671,199895486317,0.00
672,199895486317,0.00
673,199895486317,0.00
674,199895486317,0.00
675,199895486317,0.00
676,4114302921,9.00
677,99690786963,0.60
678,5380879713,2.40
679,884461957,3.00
680,99690786963,0.60
681,14814045514,8.00
682,199895486317,0.00
683,9798835701,4.60
684,42230787,366.70
685,1580100102,1.20
686,45330402,464.90
687,199895486317,0.00
688,5040148488,3.40
689,2050527119,4.00
690,199895486317,0.00
691,114616825190,47.20
692,2691065770,2.10
693,133617753358,0.20
694,199895486317,0.00
695,156922756435,0.40
696,150738065978,0.80
697,199895486317,0.00
698,884461957,3.00
699,24971409688,0.50
700,18142448437,3.90
701,112167320933,0.90
702,95024392251,0.10
703,5637723967,1.60
704,95024392251,0.10
705,199895486317,0.00
706,199895486317,0.00
707,199895486317,0.00
708,199895486317,0.00
709,199895486317,0.00
710,199895486317,0.00
711,80914045,275.00
712,9798835701,4.60
713,20069186555,23.00
714,199895486317,0.00
715,199895486317,0.00
716,199895486317,0.00
717,249140076865,14.20
718,74781062129,51.90
719,199895486317,0.00
720,3359018551,4.20
721,937182873,6.00
722,99690786963,0.60
723,199895486317,0.00
724,884461957,3.00
725,199895486317,0.00
726,372336959068,0.70
727,58096686135,0.30
728,199895486317,0.00
729,199895486317,0.00
730,3708328705,2.70
731,133617753358,0.20
732,199895486317,0.00
733,4114302921,9.00
734,884461957,3.00
735,150738065978,0.80
736,372336959068,0.70
737,199895486317,0.00
738,199895486317,0.00
739,156922756435,0.40
740,199895486317,0.00
741,14475307068,1.90
742,199895486317,0.00
743,2050527119,4.00
744,884461957,3.00
745,199895486317,0.00
746,72080910825,50.20
747,884461957,3.00
748,199895486317,0.00
749,14475307068,1.90
750,199895486317,0.00
751,133617753358,0.20
752,199895486317,0.00
753,58096686135,0.30
754,33835010,1983.10
755,199895486317,0.00
756,33837480,1076.30
757,199895486317,0.00
758,199895486317,0.00
759,199895486317,0.00
760,199895486317,0.00
761,2319215827,1.40
762,199895486317,0.00
763,199895486317,0.00
764,89213611331,1.00
765,58096686135,0.30
766,199895486317,0.00
767,199895486317,0.00
768,199895486317,0.00
769,208519410317,9.20
770,199895486317,0.00
771,199895486317,0.00
772,199895486317,0.00
773,4114302921,9.00
774,199895486317,0.00
775,156922756435,0.40
776,124362533948,12.10
777,99690786963,0.60
778,372336959068,0.70
779,95024392251,0.10
780,48179583376,4.70
781,16725704523,10.30
782,9787512983,20.00
783,31879179,1004.30
784,199895486317,0.00
785,95024392251,0.10
786,884461957,3.00
787,133617753358,0.20
788,7974666852,3.30
789,52524926,2410.20
790,199895486317,0.00
791,40863205,552.60
792,36694845710,64.30
793,199895486317,0.00
794,199895486317,0.00
795,92063580265,33.60
796,58096686135,0.30
797,133617753358,0.20
798,133617753358,0.20
799,4087369411,2.30
800,19481691782,13.00
801,199895486317,0.00
802,199895486317,0.00
803,156922756435,0.40
804,89213611331,1.00
805,1580100102,1.20
806,199895486317,0.00
807,199895486317,0.00
808,1580100102,1.20
809,89213611331,1.00
810,199895486317,0.00
811,199895486317,0.00
812,1257016153,2.00
813,199895486317,0.00
814,24971409688,0.50
815,199895486317,0.00
816,89213611331,1.00
817,150738065978,0.80
818,24971409688,0.50
819,199895486317,0.00
820,199895486317,0.00
821,58096686135,0.30
822,5040148488,3.40
823,884461957,3.00
824,199895486317,0.00
825,58096686135,0.30
826,199895486317,0.00
827,884461957,3.00
828,571723386,233.30
829,58096686135,0.30
830,199895486317,0.00
831,58096686135,0.30
832,53238638005,18.00
833,4087369411,2.30
834,3583135578,1.10
835,5715697093,2.20
836,4087369411,2.30
837,58096686135,0.30
838,1580100102,1.20
839,5794283918,11.00
840,199895486317,0.00
841,50039995,5000.00
842,10654894370,5.70
843,199895486317,0.00
844,199895486317,0.00
845,199895486317,0.00
846,5117228589,2.80
847,4001483371,40.00
848,59172849,414.50
849,1257016153,2.00
850,44788573,1092.50
851,95024392251,0.10
852,95024392251,0.10
853,4001483371,40.00
854,3563338753,5.00
855,729752628,224.00
856,89213611331,1.00
857,58947505535,4.90
858,199895486317,0.00
859,4581580340,1.70
860,199895486317,0.00
861,89213611331,1.00
862,55275784,461.80
863,199895486317,0.00
864,1580100102,1.20
865,199895486317,0.00
866,199895486317,0.00
867,12275654679,10.20
868,43883198,701.50
869,58096686135,0.30
870,2686103608,3.20
871,1580100102,1.20
872,199895486317,0.00
873,199895486317,0.00
874,199895486317,0.00
875,199895486317,0.00
876,95024392251,0.10
877,95024392251,0.10
878,7974666852,3.30
879,199895486317,0.00
880,2691065770,2.10
881,199895486317,0.00
882,99690786963,0.60
883,199895486317,0.00
884,199895486317,0.00
885,3583135578,1.10
886,199895486317,0.00
887,199895486317,0.00
888,199895486317,0.00
889,1257016153,2.00
890,5380879713,2.40
891,112167320933,0.90
892,5380879713,2.40
893,30377601,1062.40
894,199895486317,0.00
895,199895486317,0.00
896,133617753358,0.20
897,24971409688,0.50
898,199895486317,0.00
899,199895486317,0.00
900,43740799,712.80
901,38561177,1418.10
902,1257016153,2.00
903,133617753358,0.20
904,199895486317,0.00
905,99690786963,0.60
906,95024392251,0.10
907,44787632,1005.50
908,199895486317,0.00
909,150738065978,0.80
910,199895486317,0.00
911,99690786963,0.60
912,199895486317,0.00
913,199895486317,0.00
914,199895486317,0.00
915,40291732,1138.50
916,199895486317,0.00
917,199895486317,0.00
918,199895486317,0.00
919,30295032087,7.20
920,199895486317,0.00
921,199895486317,0.00
922,199895486317,0.00
923,95024392251,0.10
924,58096686135,0.30
925,199895486317,0.00
926,199895486317,0.00
927,58096686135,0.30
928,58096686135,0.30
929,60470796243,46.00
930,1397444182,1.50
931,199895486317,0.00
932,199895486317,0.00
933,199895486317,0.00
934,199895486317,0.00
935,199895486317,0.00
936,59300577,553.80
937,6348347708,4.30
938,199895486317,0.00
939,199895486317,0.00
940,99690786963,0.60
941,937182873,6.00
942,7218173098,2.50
943,884461957,3.00
944,199895486317,0.00
945,133617753358,0.20
946,199895486317,0.00
947,199895486317,0.00
948,37573836481,8.30
949,3708328705,2.70
950,99690786963,0.60
951,95024392251,0.10
952,199895486317,0.00
953,199895486317,0.00
954,18560518827,6.20
955,58096686135,0.30
956,199895486317,0.00
957,89213611331,1.00
958,199895486317,0.00
959,372336959068,0.70
960,14475307068,1.90
961,199895486317,0.00
962,199895486317,0.00
963,199895486317,0.00
964,199895486317,0.00
965,199895486317,0.00
966,2050527119,4.00
967,99690786963,0.60
968,58096686135,0.30
969,199895486317,0.00
970,44089204193,46.30
971,199895486317,0.00
972,199895486317,0.00
973,199895486317,0.00
974,199895486317,0.00
975,41139994,4038.30
976,199895486317,0.00
977,95024392251,0.10
978,7974666852,3.30
979,199895486317,0.00
980,133617753358,0.20
981,58096686135,0.30
982,199895486317,0.00
983,58096686135,0.30
984,112167320933,0.90
985,199895486317,0.00
986,1397444182,1.50
987,3359018551,4.20
988,58096686135,0.30
989,199895486317,0.00
990,51258928653,6.90
991,150738065978,0.80
992,199895486317,0.00
993,199895486317,0.00
994,199895486317,0.00
995,937182873,6.00
996,133617753358,0.20
997,199895486317,0.00
998,11329401875,15.00
999,168347274428,22.80
1000,156922756435,0.40
1001,199895486317,0.00
1002,199895486317,0.00
1003,23613628236,10.10
1004,199895486317,0.00
1005,112167320933,0.90
1006,112167320933,0.90
1007,199895486317,0.00
1008,937182873,6.00
1009,133617753358,0.20
1010,199895486317,0.00
1011,99690786963,0.60
1012,58096686135,0.30
1013,60633502854,85.90
1014,199895486317,0.00
1015,199895486317,0.00
1016,937182873,6.00
1017,199895486317,0.00
1018,199895486317,0.00
1019,156922756435,0.40
1020,937182873,6.00
1021,199895486317,0.00
1022,47340322664,8.90
1023,2319215827,1.40
1024,199895486317,0.00
1025,133617753358,0.20
1026,199895486317,0.00
1027,39370609,1020.80
1028,199895486317,0.00
1029,199895486317,0.00
1030,150738065978,0.80
1031,3359018551,4.20
1032,199895486317,0.00
1033,3583135578,1.10
1034,1257016153,2.00
1035,199895486317,0.00
1036,199895486317,0.00
1037,5715697093,2.20
1038,199895486317,0.00
1039,89213611331,1.00
1040,156922756435,0.40
1041,89213611331,1.00
1042,199895486317,0.00
1043,133617753358,0.20
1044,199895486317,0.00
1045,1580100102,1.20
1046,112167320933,0.90
1047,95024392251,0.10
1048,199895486317,0.00
1049,112167320933,0.90
1050,57464886,401.30
1051,2686103608,3.20
1052,64053354,774.00
1053,62903203,860.00
1054,199895486317,0.00
1055,199895486317,0.00
1056,1992334443,10.00
1057,199895486317,0.00
1058,5380879713,2.40
1059,95024392251,0.10
1060,99690786963,0.60
1061,150738065978,0.80
1062,199895486317,0.00
1063,6310786853,160.10
1064,884461957,3.00
1065,7174301229,147.50
1066,199895486317,0.00
1067,199895486317,0.00
1068,39266842,2297.90
1069,8725985935,5.10
1070,199895486317,0.00
1071,199895486317,0.00
1072,199895486317,0.00
1073,199895486317,0.00
1074,199895486317,0.00
1075,199895486317,0.00
1076,24862734501,3.80
1077,199895486317,0.00
1078,199895486317,0.00
1079,199895486317,0.00
1080,46625163,692.90
1081,199895486317,0.00
1082,199895486317,0.00
1083,199895486317,0.00
1084,199895486317,0.00
1085,2691065770,2.10
1086,199895486317,0.00
1087,32022246258,9.10
1088,199895486317,0.00
1089,884461957,3.00
1090,3351140730,1.30
1091,91679342,293.30
1092,199895486317,0.00
1093,199895486317,0.00
1094,12482656669,7.50
1095,47770211,721.30
1096,156922756435,0.40
1097,38908715,1129.90
1098,99690786963,0.60
1099,62898892,4002.60
1100,199895486317,0.00
1101,199895486317,0.00
1102,884461957,3.00
1103,884461957,3.00
1104,199895486317,0.00
1105,199895486317,0.00
1106,884461957,3.00
1107,58096686135,0.30
1108,2319215827,1.40
1109,199895486317,0.00
1110,58096686135,0.30
1111,112167320933,0.90
1112,199895486317,0.00
1113,1257016153,2.00
1114,199895486317,0.00
1115,156922756435,0.40
1116,199895486317,0.00
1117,199895486317,0.00
1118,199895486317,0.00
1119,199895486317,0.00
1120,199895486317,0.00
1121,1580100102,1.20
1122,199895486317,0.00
1123,43458298922,12.80
1124,199895486317,0.00
1125,39945560,1281.00
1126,199895486317,0.00
1127,58096686135,0.30
1128,99690786963,0.60
1129,421176782,230.80
1130,41139856,4625.90
1131,55338190,324.20
1132,199895486317,0.00
1133,199895486317,0.00
1134,199895486317,0.00
1135,156922756435,0.40
1136,199895486317,0.00
1137,199895486317,0.00
1138,199895486317,0.00
1139,199895486317,0.00
1140,58581139,502.50
1141,2319215827,1.40
1142,199895486317,0.00
1143,372336959068,0.70
1144,99690786963,0.60
1145,199895486317,0.00
1146,24971409688,0.50
1147,199895486317,0.00
1148,199895486317,0.00
1149,199895486317,0.00
1150,199895486317,0.00
1151,199895486317,0.00
1152,58096686135,0.30
1153,13323169972,6.10
1154,199895486317,0.00
1155,199895486317,0.00
1156,199895486317,0.00
1157,199895486317,0.00
1158,199895486317,0.00
1159,62981339,343.30
1160,7974666852,3.30
1161,199895486317,0.00
1162,937182873,6.00
1163,199895486317,0.00
1164,199895486317,0.00
1165,4001483371,40.00
1166,4087369411,2.30
1167,1257016153,2.00
1168,199895486317,0.00
1169,199895486317,0.00
1170,112167320933,0.90
1171,199895486317,0.00
1172,38101808,1328.20
1173,99690786963,0.60
1174,43518972,1993.30
1175,1397444182,1.50
1176,99690786963,0.60
1177,99690786963,0.60
1178,199895486317,0.00
1179,937182873,6.00
1180,4581580340,1.70
1181,199895486317,0.00
1182,199895486317,0.00
1183,199895486317,0.00
1184,199895486317,0.00
1185,199895486317,0.00
1186,199895486317,0.00
1187,4581580340,1.70
1188,89213611331,1.00
1189,24971409688,0.50
1190,199895486317,0.00
1191,7974666852,3.30
1192,32453882,1219.80
1193,58096686135,0.30
1194,199895486317,0.00
1195,199895486317,0.00
1196,89213611331,1.00
1197,133617753358,0.20
1198,24971409688,0.50
1199,127502395407,17.50
1200,884461957,3.00
1201,2691065770,2.10
1202,4614762981,1.80
1203,199895486317,0.00
1204,150738065978,0.80
1205,199895486317,0.00
1206,61745823,4980.90
1207,23547113,1371.50
1208,40524063577,35.50
1209,39345532,384.80
1210,99690786963,0.60
1211,199895486317,0.00
1212,199895486317,0.00
1213,156922756435,0.40
1214,199895486317,0.00
1215,199895486317,0.00
1216,24971409688,0.50
1217,13323169972,6.10
1218,199895486317,0.00
1219,7974666852,3.30
1220,199895486317,0.00
1221,95024392251,0.10
1222,884461957,3.00
1223,35288866,281.70
1224,199895486317,0.00
1225,99690786963,0.60
1226,199895486317,0.00
1227,1257016153,2.00
1228,199895486317,0.00
1229,199895486317,0.00
1230,95024392251,0.10
1231,5402921717,172.60
1232,58096686135,0.30
1233,5794283918,11.00
1234,43594843,628.50
1235,69370126649,7.80
1236,2050527119,4.00
1237,199895486317,0.00
1238,884461957,3.00
1239,156922756435,0.40
1240,133617753358,0.20
1241,3351140730,1.30
1242,199895486317,0.00
1243,133617753358,0.20
1244,66587125698,44.00
1245,1580100102,1.20
1246,156922756435,0.40
1247,199895486317,0.00
1248,199895486317,0.00
1249,199895486317,0.00
1250,99690786963,0.60
1251,150738065978,0.80
1252,1257016153,2.00
1253,1257016153,2.00
1254,24971409688,0.50
1255,99690786963,0.60
1256,67854437,321.20
1257,199895486317,0.00
1258,884461957,3.00
1259,199895486317,0.00
1260,37063772,1069.20
1261,156922756435,0.40
1262,89213611331,1.00
1263,199895486317,0.00
1264,5117228589,2.80
1265,199895486317,0.00
1266,4614762981,1.80
1267,2319215827,1.40
1268,199895486317,0.00
1269,133617753358,0.20
1270,199895486317,0.00
1271,1257016153,2.00
1272,99690786963,0.60
1273,199895486317,0.00
1274,199895486317,0.00
1275,133617753358,0.20
1276,133617753358,0.20
1277,58096686135,0.30
1278,48936826,1233.10
1279,112167320933,0.90
1280,199895486317,0.00
1281,199895486317,0.00
1282,14814045514,8.00
1283,4614762981,1.80
1284,1257016153,2.00
1285,156922756435,0.40
1286,199895486317,0.00
1287,14475307068,1.90
1288,199895486317,0.00
1289,199895486317,0.00
1290,1257016153,2.00
1291,150738065978,0.80
1292,20832874289,4.10
1293,57278854,4052.30
1294,199895486317,0.00
1295,33490221,1979.60
1296,372336959068,0.70
1297,1580100102,1.20
1298,16725704523,10.30
1299,199895486317,0.00
1300,99690786963,0.60
1301,199895486317,0.00
1302,199895486317,0.00
1303,937182873,6.00
1304,57861209,569.00
1305,99690786963,0.60
1306,199895486317,0.00
1307,1257016153,2.00
1308,89213611331,1.00
1309,89213611331,1.00
1310,99690786963,0.60
1311,199895486317,0.00
1312,3563338753,5.00
1313,58096686135,0.30
1314,199895486317,0.00
1315,199895486317,0.00
1316,199895486317,0.00
1317,199895486317,0.00
1318,24601392966,21.00
1319,199895486317,0.00
1320,199895486317,0.00
1321,38115364,794.20
1322,112167320933,0.90
1323,199895486317,0.00
1324,14475307068,1.90
1325,199895486317,0.00
1326,133617753358,0.20
1327,7218173098,2.50
1328,3583135578,1.10
1329,199895486317,0.00
1330,199895486317,0.00
1331,199895486317,0.00
1332,4087369411,2.30
1333,199895486317,0.00
1334,199895486317,0.00
1335,153293543395,16.20
1336,112167320933,0.90
1337,55247314,3194.20
1338,6348347708,4.30
1339,4008213810,3.10
1340,199895486317,0.00
1341,199895486317,0.00
1342,199895486317,0.00
1343,199895486317,0.00
1344,199895486317,0.00
1345,199895486317,0.00
1346,199895486317,0.00
1347,199895486317,0.00
1348,199895486317,0.00
1349,199895486317,0.00
1350,937182873,6.00
1351,199895486317,0.00
1352,150738065978,0.80
1353,199895486317,0.00
1354,51515786,2135.40
1355,113247305237,12.70
1356,199895486317,0.00
1357,19481691782,13.00
1358,17309206907,5.40
1359,199895486317,0.00
1360,7714698736,154.60
1361,12275654679,10.20
1362,23613628236,10.10
1363,99690786963,0.60
1364,31537474621,26.30
1365,156922756435,0.40
1366,17309206907,5.40
1367,1257016153,2.00
1368,156922756435,0.40
1369,199895486317,0.00
1370,199895486317,0.00
1371,199895486317,0.00
1372,199895486317,0.00
1373,51258928653,6.90
1374,156922756435,0.40
1375,199895486317,0.00
1376,6509579685,159.00
1377,133617753358,0.20
1378,133617753358,0.20
1379,14814045514,8.00
1380,89213611331,1.00
1381,50090447,1792.80
1382,99690786963,0.60
1383,1580100102,1.20
1384,47359588070,21.70
1385,199895486317,0.00
1386,52668035,2672.00
1387,2276718378,189.10
1388,3351140730,1.30
1389,112167320933,0.90
1390,99690786963,0.60
1391,5637723967,1.60
1392,95024392251,0.10
1393,112167320933,0.90
1394,199895486317,0.00
1395,199895486317,0.00
1396,199895486317,0.00
1397,129628261856,10.40
1398,372336959068,0.70
1399,199895486317,0.00
1400,3583135578,1.10
1401,156922756435,0.40
1402,58096686135,0.30
1403,199895486317,0.00
1404,199895486317,0.00
1405,199895486317,0.00
1406,199895486317,0.00
1407,199895486317,0.00
1408,95024392251,0.10
1409,4614762981,1.80
1410,156922756435,0.40
1411,25463485161,11.80
1412,199895486317,0.00
1413,156922756435,0.40
1414,199895486317,0.00
1415,67530395833,24.30
1416,372336959068,0.70
1417,99690786963,0.60
1418,1257016153,2.00
1419,199895486317,0.00
1420,199895486317,0.00
1421,99690786963,0.60
1422,94794088,287.80
1423,11329401875,15.00
1424,156922756435,0.40
1425,4581580340,1.70
1426,55114895003,18.40
1427,199895486317,0.00
1428,199895486317,0.00
1429,199895486317,0.00
1430,24971409688,0.50
1431,133617753358,0.20
1432,199895486317,0.00
1433,78423268388,42.10
1434,58096686135,0.30
1435,34296726,1274.40
1436,1397444182,1.50
1437,2686103608,3.20
1438,199895486317,0.00
1439,24971409688,0.50
1440,1992334443,10.00
1441,5439464766,3.60
1442,199895486317,0.00
1443,89213611331,1.00
1444,58096686135,0.30
1445,199895486317,0.00
1446,937182873,6.00
1447,199895486317,0.00
1448,199895486317,0.00
1449,199895486317,0.00
1450,199895486317,0.00
1451,156922756435,0.40
1452,372336959068,0.70
1453,199895486317,0.00
1454,89213611331,1.00
1455,199895486317,0.00
1456,199895486317,0.00
1457,55989319,774.50
1458,89213611331,1.00
1459,54686431,2517.00
1460,156922756435,0.40
1461,16460003366,130.10
1462,9798835701,4.60
1463,199895486317,0.00
1464,58096686135,0.30
1465,937182873,6.00
1466,199895486317,0.00
1467,32238033600,14.60
1468,199895486317,0.00
1469,199895486317,0.00
1470,47340322664,8.90
1471,199895486317,0.00
1472,1992334443,10.00
1473,7218173098,2.50
1474,884461957,3.00
1475,7974666852,3.30
1476,112167320933,0.90
1477,199895486317,0.00
1478,16725704523,10.30
1479,12146948584,3.50
1480,95024392251,0.10
1481,199895486317,0.00
1482,199895486317,0.00
1483,199895486317,0.00
1484,25760186,659.30
1485,199895486317,0.00
1486,6686885106,2.60
1487,44089204193,46.30
1488,112167320933,0.90
1489,156922756435,0.40
1490,199895486317,0.00
1491,199895486317,0.00
1492,199895486317,0.00
1493,199895486317,0.00
1494,199895486317,0.00
1495,199895486317,0.00
1496,199895486317,0.00
1497,199895486317,0.00
1498,937182873,6.00
1499,199895486317,0.00
1500,199895486317,0.00
1501,199895486317,0.00
1502,55696819,888.90
1503,54397371,2733.80
1504,199895486317,0.00
1505,42873153,952.30
1506,199895486317,0.00
1507,199895486317,0.00
1508,59449793,681.60
1509,7974666852,3.30
1510,199895486317,0.00
1511,199895486317,0.00
1512,199895486317,0.00
1513,199895486317,0.00
1514,199895486317,0.00
1515,199895486317,0.00
1516,66966234004,30.60
1517,1992334443,10.00
1518,32452901,1543.10
1519,372336959068,0.70
1520,4581580340,1.70
1521,199895486317,0.00
1522,199895486317,0.00
1523,199895486317,0.00
1524,377056431,236.30
1525,99690786963,0.60
1526,1257016153,2.00
1527,199895486317,0.00
1528,5637723967,1.60
1529,58096686135,0.30
1530,199895486317,0.00
1531,58096686135,0.30
1532,199895486317,0.00
1533,199895486317,0.00
1534,8725985935,5.10
1535,59448437,800.20
1536,937182873,6.00
1537,35853164560,5.80
1538,199895486317,0.00
1539,199895486317,0.00
1540,24601392966,21.00
1541,24862734501,3.80
1542,199895486317,0.00
1543,199895486317,0.00
1544,199895486317,0.00
1545,2691065770,2.10
1546,6686885106,2.60
1547,62790844,322.70
1548,2050527119,4.00
1549,150738065978,0.80
1550,6686885106,2.60
1551,20832874289,4.10
1552,99690786963,0.60
1553,199895486317,0.00
1554,199895486317,0.00
1555,21181488519,61.30
1556,199895486317,0.00
1557,199895486317,0.00
1558,199895486317,0.00
1559,42828248,1501.00
1560,199895486317,0.00
1561,1257016153,2.00
1562,3351140730,1.30
1563,199895486317,0.00
1564,3351140730,1.30
1565,9787512983,20.00
1566,89213611331,1.00
1567,58096686135,0.30
1568,884461957,3.00
1569,199895486317,0.00
1570,99690786963,0.60
1571,99690786963,0.60
1572,199895486317,0.00
1573,99690786963,0.60
1574,937182873,6.00
1575,133617753358,0.20
1576,199895486317,0.00
1577,133617753358,0.20
1578,199895486317,0.00
1579,199895486317,0.00
1580,44441861,1049.80
1581,57713066,571.90
1582,99690786963,0.60
1583,199895486317,0.00
1584,239722627305,12.50
1585,2319215827,1.40
1586,95024392251,0.10
1587,199895486317,0.00
1588,937182873,6.00
1589,156922756435,0.40
1590,199895486317,0.00
1591,199895486317,0.00
1592,112167320933,0.90
1593,95024392251,0.10
1594,199895486317,0.00
1595,133617753358,0.20
1596,89213611331,1.00
1597,89213611331,1.00
1598,199895486317,0.00
1599,199895486317,0.00
1600,199895486317,0.00
1601,156922756435,0.40
1602,133617753358,0.20
1603,1992334443,10.00
1604,28567807035,20.10
1605,199895486317,0.00
1606,199895486317,0.00
1607,58096686135,0.30
1608,89213611331,1.00
1609,13323169972,6.10
1610,199895486317,0.00
1611,69098415,314.10
1612,89213611331,1.00
1613,53389083,2170.20
1614,937182873,6.00
1615,199895486317,0.00
1616,199895486317,0.00
1617,199895486317,0.00
1618,937182873,6.00
1619,3708328705,2.70
1620,99690786963,0.60
1621,199895486317,0.00
1622,199895486317,0.00
1623,199895486317,0.00
1624,884461957,3.00
1625,199895486317,0.00
1626,24971409688,0.50
1627,5439464766,3.60
1628,99690786963,0.60
1629,133617753358,0.20
1630,937182873,6.00
1631,199895486317,0.00
1632,6686885106,2.60
1633,201535389,246.20
1634,199895486317,0.00
1635,133617753358,0.20
1636,199895486317,0.00
1637,37410396,1399.10
1638,50039995,5000.00
1639,5040148488,3.40
1640,133617753358,0.20
1641,58000125,2990.90
1642,95024392251,0.10
1643,95024392251,0.10
1644,5052232239,2.90
1645,199895486317,0.00
1646,89213611331,1.00
1647,199895486317,0.00
1648,199895486317,0.00
1649,199895486317,0.00
1650,199895486317,0.00
1651,10654894370,5.70
1652,52092265,970.50
1653,133617753358,0.20
1654,133617753358,0.20
1655,884461957,3.00
1656,884461957,3.00
1657,58096686135,0.30
1658,7974666852,3.30
1659,99690786963,0.60
1660,156922756435,0.40
1661,199895486317,0.00
1662,156922756435,0.40
1663,46911906748,7.30
1664,133617753358,0.20
1665,53534211,716.10
1666,133617753358,0.20
1667,199895486317,0.00
1668,199895486317,0.00
1669,3583135578,1.10
1670,5602632628,171.30
1671,80505516371,32.60
1672,18142448437,3.90
1673,199895486317,0.00
1674,24971409688,0.50
1675,199895486317,0.00
1676,3359018551,4.20
1677,32567733,1038.70
1678,37390884782,10.60
1679,6686885106,2.60
1680,199895486317,0.00
1681,199895486317,0.00
1682,199895486317,0.00
1683,199895486317,0.00
1684,89213611331,1.00
1685,199895486317,0.00
1686,99690786963,0.60
1687,199895486317,0.00
1688,884461957,3.00
1689,156922756435,0.40
1690,199895486317,0.00
1691,8145471336,5.60
1692,5117228589,2.80
1693,156922756435,0.40
1694,133617753358,0.20
1695,199895486317,0.00
1696,5715697093,2.20
1697,133617753358,0.20
1698,99690786963,0.60
1699,156922756435,0.40
1700,199895486317,0.00
1701,199895486317,0.00
1702,29198044783,103.30
1703,112167320933,0.90
1704,199895486317,0.00
1705,199895486317,0.00
1706,4008213810,3.10
1707,35679951,1296.10
1708,199895486317,0.00
1709,199895486317,0.00
1710,199895486317,0.00
1711,199895486317,0.00
1712,34528390,1583.10
1713,199895486317,0.00
1714,199895486317,0.00
1715,64339769,2532.60
1716,73434181910,22.40
1717,199895486317,0.00
1718,77446444333,22.70
1719,199895486317,0.00
1720,133617753358,0.20
1721,4008213810,3.10
1722,133617753358,0.20
1723,199895486317,0.00
1724,199895486317,0.00
1725,51011437,1903.10
1726,156922756435,0.40
1727,199895486317,0.00
1728,133617753358,0.20
1729,199895486317,0.00
1730,5715697093,2.20
1731,42039110,398.20
1732,69118871,300.90
1733,199895486317,0.00
1734,199895486317,0.00
1735,1257016153,2.00
1736,199895486317,0.00
1737,199895486317,0.00
1738,99690786963,0.60
1739,199895486317,0.00
1740,199895486317,0.00
1741,45708165,1786.50
1742,199895486317,0.00
1743,1992334443,10.00
1744,1397444182,1.50
1745,199895486317,0.00
1746,89213611331,1.00
1747,133617753358,0.20
1748,199895486317,0.00
1749,133617753358,0.20
1750,2050527119,4.00
1751,133617753358,0.20
1752,199895486317,0.00
1753,50575700236,74.60
1754,199895486317,0.00
1755,199895486317,0.00
1756,199895486317,0.00
1757,1257016153,2.00
1758,58096686135,0.30
1759,112167320933,0.90
1760,20587381,400.50
1761,99690786963,0.60
1762,199895486317,0.00
1763,1257016153,2.00
1764,27981681142,99.90
1765,199895486317,0.00
1766,199895486317,0.00
1767,42022238,1016.40
1768,112167320933,0.90
1769,133617753358,0.20
1770,42004757,2367.70
1771,53862760264,5.10
1772,4581580340,1.70
1773,43651954565,40.30
1774,89213611331,1.00
1775,199895486317,0.00
1776,1257016153,2.00
1777,199895486317,0.00
1778,199895486317,0.00
1779,3563338753,5.00
1780,58096686135,0.30
1781,199895486317,0.00
1782,14781521755,127.00
1783,372336959068,0.70
1784,1257016153,2.00
1785,89213611331,1.00
1786,937182873,6.00
1787,57139164,829.80
1788,199895486317,0.00
1789,1257016153,2.00
1790,156922756435,0.40
1791,47342913,574.30
1792,199895486317,0.00
1793,199895486317,0.00
1794,49503639,608.70
1795,5380879713,2.40
1796,133617753358,0.20
1797,199895486317,0.00
1798,133617753358,0.20
1799,99690786963,0.60
1800,199895486317,0.00
1801,14475307068,1.90
1802,156922756435,0.40
1803,199895486317,0.00
1804,156922756435,0.40
1805,17292229334,7.00
1806,199895486317,0.00
1807,150738065978,0.80
1808,199895486317,0.00
1809,199895486317,0.00
1810,105732802164,37.60
1811,199895486317,0.00
1812,133617753358,0.20
1813,1257016153,2.00
1814,245020377,248.20
1815,112167320933,0.90
1816,199895486317,0.00
1817,39603989876,30.50
1818,4087369411,2.30
1819,199895486317,0.00
1820,199895486317,0.00
1821,199895486317,0.00
1822,56603523751,75.40
1823,199895486317,0.00
1824,156922756435,0.40
1825,95024392251,0.10
1826,199895486317,0.00
1827,112167320933,0.90
1828,199895486317,0.00
1829,937182873,6.00
1830,199895486317,0.00
1831,199895486317,0.00
1832,199895486317,0.00
1833,199895486317,0.00
1834,199895486317,0.00
1835,199895486317,0.00
1836,35288866,281.70
1837,884461957,3.00
1838,199895486317,0.00
1839,1580100102,1.20
1840,89213611331,1.00
1841,9651044235,3.70
1842,53863974,3124.10
1843,34686144389,25.20
1844,1257016153,2.00
1845,199895486317,0.00
1846,95024392251,0.10
1847,199895486317,0.00
1848,2050527119,4.00
1849,8725985935,5.10
1850,199895486317,0.00
1851,372336959068,0.70
1852,71156055,3326.20
1853,199895486317,0.00
1854,50039995,5000.00
1855,112167320933,0.90
1856,38907496,1804.70
1857,150738065978,0.80
1858,199895486317,0.00
1859,150738065978,0.80
1860,59153272,815.20
1861,199895486317,0.00
1862,99690786963,0.60
1863,199895486317,0.00
1864,199895486317,0.00
1865,65358370,467.90
1866,199895486317,0.00
1867,156922756435,0.40
1868,89213611331,1.00
1869,58096686135,0.30
1870,199895486317,0.00
1871,95024392251,0.10
1872,1257016153,2.00
1873,199895486317,0.00
1874,884461957,3.00
1875,3563338753,5.00
1876,4114302921,9.00
1877,99690786963,0.60
1878,133617753358,0.20
1879,199895486317,0.00
1880,1257016153,2.00
1881,199895486317,0.00
1882,199895486317,0.00
1883,3583135578,1.10
1884,199895486317,0.00
1885,199895486317,0.00
1886,199895486317,0.00
1887,199895486317,0.00
1888,9651044235,3.70
1889,199895486317,0.00
1890,199895486317,0.00
1891,99690786963,0.60
1892,99690786963,0.60
1893,199895486317,0.00
1894,113543657343,31.60
1895,199895486317,0.00
1896,199895486317,0.00
1897,372336959068,0.70
1898,99690786963,0.60
1899,133617753358,0.20
1900,372336959068,0.70
1901,89286068496,17.80
1902,199895486317,0.00
1903,95024392251,0.10
1904,199895486317,0.00
1905,5637723967,1.60
1906,199895486317,0.00
1907,99690786963,0.60
1908,22519090,848.30
1909,1257016153,2.00
1910,1580100102,1.20
1911,199895486317,0.00
1912,9651044235,3.70
1913,14121552492,6.30
1914,199895486317,0.00
1915,52480817,3162.30
1916,199895486317,0.00
1917,884461957,3.00
1918,95024392251,0.10
1919,199895486317,0.00
1920,1257016153,2.00
1921,27207665127,14.30
1922,2050527119,4.00
1923,89213611331,1.00
1924,89213611331,1.00
1925,199895486317,0.00
1926,21606380954,19.90
1927,884461957,3.00
1928,99690786963,0.60
1929,48937691,1851.80
1930,199895486317,0.00
1931,199895486317,0.00
1932,884461957,3.00
1933,199895486317,0.00
1934,99690786963,0.60
1935,3563338753,5.00
1936,199895486317,0.00
1937,4087369411,2.30
1938,12146948584,3.50
1939,5637723967,1.60
1940,199895486317,0.00
1941,199895486317,0.00
1942,199895486317,0.00
1943,112167320933,0.90
1944,133617753358,0.20
1945,43882994,559.40
1946,39987433,2262.30
1947,64775619,826.60
1948,58096686135,0.30
1949,199895486317,0.00
1950,156922756435,0.40
1951,3583135578,1.10
1952,34067510,1095.30
1953,199895486317,0.00
1954,156922756435,0.40
1955,199895486317,0.00
1956,199895486317,0.00
1957,89213611331,1.00
1958,58096686135,0.30
1959,199895486317,0.00
1960,199895486317,0.00
1961,199895486317,0.00
1962,199895486317,0.00
1963,7974666852,3.30
1964,31877242,1359.50
1965,199895486317,0.00
1966,156922756435,0.40
1967,372336959068,0.70
1968,199895486317,0.00
1969,2050527119,4.00
1970,199895486317,0.00
1971,95024392251,0.10
1972,156922756435,0.40
1973,89213611331,1.00
1974,199895486317,0.00
1975,199895486317,0.00
1976,199895486317,0.00
1977,58096686135,0.30
1978,884461957,3.00
1979,133617753358,0.20
1980,199895486317,0.00
1981,199895486317,0.00
1982,199895486317,0.00
1983,22232256,553.70
1984,8024892803,6.50
1985,199895486317,0.00
1986,884461957,3.00
1987,39368442,1663.80
1988,199895486317,0.00
1989,156922756435,0.40
1990,133617753358,0.20
1991,95024392251,0.10
1992,95024392251,0.10
1993,79455900,3256.90
1994,199895486317,0.00
1995,58096686135,0.30
1996,156922756435,0.40
1997,1257016153,2.00
1998,1397444182,1.50
1999,133617753358,0.20
2000,2319215827,1.40
2001,199895486317,0.00
2002,60162100,2249.90
2003,58096686135,0.30
2004,24971409688,0.50
2005,199895486317,0.00
2006,199895486317,0.00
2007,24317781,715.20
2008,12482656669,7.50
2009,34412455,1225.10
2010,199895486317,0.00
2011,199895486317,0.00
2012,199895486317,0.00
2013,58096686135,0.30
2014,199895486317,0.00
2015,112167320933,0.90
2016,199895486317,0.00
2017,199895486317,0.00
2018,4008213810,3.10
2019,199895486317,0.00
2020,199895486317,0.00
2021,199895486317,0.00
2022,95161031981,9.80
2023,199895486317,0.00
2024,89213611331,1.00
2025,3583135578,1.10
2026,199895486317,0.00
2027,199895486317,0.00
2028,32238033600,14.60
2029,199895486317,0.00
2030,112167320933,0.90
2031,7974666852,3.30
2032,199895486317,0.00
2033,199895486317,0.00
2034,133617753358,0.20
2035,9798835701,4.60
2036,24971409688,0.50
2037,884461957,3.00
2038,199895486317,0.00
2039,58096686135,0.30
2040,199895486317,0.00
2041,40996254,2260.60
2042,14814045514,8.00
2043,199895486317,0.00
2044,1257016153,2.00
2045,112167320933,0.90
2046,199895486317,0.00
2047,89213611331,1.00
2048,16725704523,10.30
2049,199895486317,0.00
2050,150738065978,0.80
2051,133617753358,0.20
2052,199895486317,0.00
2053,156922756435,0.40
2054,199895486317,0.00
2055,99690786963,0.60
2056,199895486317,0.00
2057,199895486317,0.00
2058,884461957,3.00
2059,50978080636,70.80
2060,199895486317,0.00
2061,51243601,1022.90
2062,199895486317,0.00
2063,4614762981,1.80
2064,4614762981,1.80
2065,7746534246,5.30
2066,199895486317,0.00
2067,55698485,884.40
2068,199895486317,0.00
2069,199895486317,0.00
2070,5380879713,2.40
2071,199895486317,0.00
2072,99690786963,0.60
2073,8725985935,5.10
2074,199895486317,0.00
2075,58554072598,51.00
2076,199895486317,0.00
2077,44498181706,30.60
2078,1257016153,2.00
2079,199895486317,0.00
2080,9651044235,3.70
2081,199895486317,0.00
2082,199895486317,0.00
2083,199895486317,0.00
2084,199895486317,0.00
2085,199895486317,0.00
2086,133617753358,0.20
2087,58096686135,0.30
2088,199895486317,0.00
2089,1257016153,2.00
2090,199895486317,0.00
2091,54429284,339.50
2092,156922756435,0.40
2093,199895486317,0.00
2094,199895486317,0.00
2095,199895486317,0.00
2096,199895486317,0.00
2097,199895486317,0.00
2098,199895486317,0.00
2099,199895486317,0.00
2100,199895486317,0.00
2101,24971409688,0.50
2102,2319215827,1.40
2103,199895486317,0.00
2104,199895486317,0.00
2105,199895486317,0.00
2106,199895486317,0.00
2107,199895486317,0.00
2108,199895486317,0.00
2109,199895486317,0.00
2110,133617753358,0.20
2111,199895486317,0.00
2112,199895486317,0.00
2113,133617753358,0.20
2114,199895486317,0.00
2115,112167320933,0.90
2116,133617753358,0.20
2117,199895486317,0.00
2118,156922756435,0.40
2119,49051746,1085.30
2120,199895486317,0.00
2121,112167320933,0.90
2122,199895486317,0.00
2123,199895486317,0.00
2124,199895486317,0.00
2125,89213611331,1.00
2126,199895486317,0.00
2127,199895486317,0.00
2128,8746395968,152.30
2129,133617753358,0.20
2130,199895486317,0.00
2131,95024392251,0.10
2132,99690786963,0.60
2133,199895486317,0.00
2134,58096686135,0.30
2135,884461957,3.00
2136,199895486317,0.00
2137,199895486317,0.00
2138,99690786963,0.60
2139,65641377,928.30
2140,199895486317,0.00
2141,199895486317,0.00
2142,89213611331,1.00
2143,99690786963,0.60
2144,38550702,857.20
2145,884461957,3.00
2146,6686885106,2.60
2147,199895486317,0.00
2148,133617753358,0.20
2149,199895486317,0.00
2150,58096686135,0.30
2151,7218173098,2.50
2152,51243634,1376.70
2153,58153720,581.00
2154,199895486317,0.00
2155,14475307068,1.90
2156,199895486317,0.00
2157,199895486317,0.00
2158,199895486317,0.00
2159,199895486317,0.00
2160,24971409688,0.50
2161,18142448437,3.90
2162,89213611331,1.00
2163,937182873,6.00
2164,89213611331,1.00
2165,16651807383,115.40
2166,884461957,3.00
2167,28556054607,5.50
2168,133617753358,0.20
2169,4087369411,2.30
2170,199895486317,0.00
2171,199895486317,0.00
2172,199895486317,0.00
2173,133617753358,0.20
2174,372336959068,0.70
2175,199895486317,0.00
2176,199895486317,0.00
2177,199895486317,0.00
2178,199895486317,0.00
2179,199895486317,0.00
2180,95024392251,0.10
2181,199895486317,0.00
2182,199895486317,0.00
2183,199895486317,0.00
2184,156922756435,0.40
2185,133617753358,0.20
2186,89213611331,1.00
2187,199895486317,0.00
2188,5841178222,20.20
2189,199895486317,0.00
2190,89213611331,1.00
2191,199895486317,0.00
2192,124362533948,12.10
2193,199895486317,0.00
2194,199895486317,0.00
2195,199895486317,0.00
2196,112167320933,0.90
2197,99690786963,0.60
2198,59440629,2600.70
2199,156922756435,0.40
2200,199895486317,0.00
2201,199895486317,0.00
2202,199895486317,0.00
2203,133617753358,0.20
2204,199895486317,0.00
2205,5841178222,20.20
2206,1580100102,1.20
2207,46836615894,41.00
2208,199895486317,0.00
2209,14475307068,1.90
2210,50039995,5000.00
2211,199895486317,0.00
2212,9787512983,20.00
2213,199895486317,0.00
2214,133617753358,0.20
2215,199895486317,0.00
2216,1257016153,2.00
2217,22457361821,10.50
2218,4001483371,40.00
2219,199895486317,0.00
2220,1580100102,1.20
2221,199895486317,0.00
2222,63773942,447.20
2223,112167320933,0.90
2224,133617753358,0.20
2225,60728701781,55.10
2226,199895486317,0.00
2227,58096686135,0.30
2228,199895486317,0.00
2229,23606870129,75.90
2230,43290256,1077.30
2231,3397225772,185.40
2232,199895486317,0.00
2233,24971409688,0.50
2234,199895486317,0.00
2235,156922756435,0.40
2236,99690786963,0.60
2237,3563338753,5.00
2238,156922756435,0.40
2239,6686885106,2.60
2240,199895486317,0.00
2241,156922756435,0.40
2242,2691065770,2.10
2243,2319215827,1.40
2244,32223814537,6.40
2245,150738065978,0.80
2246,7974666852,3.30
2247,24971409688,0.50
2248,199895486317,0.00
2249,18917807,677.60
2250,89213611331,1.00
2251,199895486317,0.00
2252,5052232239,2.90
2253,89213611331,1.00
2254,99690786963,0.60
2255,199895486317,0.00
2256,4614762981,1.80
2257,2050527119,4.00
2258,99690786963,0.60
2259,42150657,908.40
2260,49720589,312.50
2261,37409186,1334.70
2262,133617753358,0.20
2263,199895486317,0.00
2264,199895486317,0.00
2265,45182206,444.50
2266,199895486317,0.00
2267,8721556688,156.10
2268,8145471336,5.60
2269,199895486317,0.00
2270,199895486317,0.00
2271,199895486317,0.00
2272,38546518,2994.00
2273,3583135578,1.10
2274,199895486317,0.00
2275,199895486317,0.00
2276,199895486317,0.00
2277,199895486317,0.00
2278,262554804665,18.50
2279,199895486317,0.00
2280,372336959068,0.70
2281,3351140730,1.30
2282,884461957,3.00
2283,199895486317,0.00
2284,199895486317,0.00
2285,199895486317,0.00
2286,56275387874,25.80
2287,1397444182,1.50
2288,150738065978,0.80
2289,99690786963,0.60
2290,95024392251,0.10
2291,23613628236,10.10
2292,199895486317,0.00
2293,199895486317,0.00
2294,199895486317,0.00
2295,199895486317,0.00
2296,199895486317,0.00
2297,199895486317,0.00
2298,1257016153,2.00
2299,1257016153,2.00
2300,58096686135,0.30
2301,199895486317,0.00
2302,199895486317,0.00
2303,199895486317,0.00
2304,2050527119,4.00
2305,199895486317,0.00
2306,4614762981,1.80
2307,199895486317,0.00
2308,199895486317,0.00
2309,140859521,255.60
2310,13323169972,6.10
2311,133617753358,0.20
2312,312766259875,13.50
2313,199895486317,0.00
2314,199895486317,0.00
2315,133617753358,0.20
2316,4581580340,1.70
2317,199895486317,0.00
2318,45593199,1114.70
2319,199895486317,0.00
2320,199895486317,0.00
2321,39266664,4875.00
2322,4614762981,1.80
2323,199895486317,0.00
2324,89213611331,1.00
2325,1580100102,1.20
2326,199895486317,0.00
2327,199895486317,0.00
2328,199895486317,0.00
2329,37383169990,68.00
2330,2319215827,1.40
2331,199895486317,0.00
2332,3351140730,1.30
2333,2319215827,1.40
2334,99690786963,0.60
2335,156922756435,0.40
2336,199895486317,0.00
2337,156922756435,0.40
2338,199895486317,0.00
2339,133617753358,0.20
2340,199895486317,0.00
2341,199895486317,0.00
2342,156922756435,0.40
2343,99690786963,0.60
2344,199895486317,0.00
2345,58096686135,0.30
2346,58096686135,0.30
2347,77899215,3523.50
2348,42712981,1679.80
2349,199895486317,0.00
2350,7218173098,2.50
2351,199895486317,0.00
2352,4001483371,40.00
2353,156922756435,0.40
2354,87639692297,10.90
2355,199895486317,0.00
2356,58096686135,0.30
2357,937182873,6.00
2358,199895486317,0.00
2359,199895486317,0.00
2360,133617753358,0.20
2361,199895486317,0.00
2362,199895486317,0.00
2363,199895486317,0.00
2364,199895486317,0.00
2365,199895486317,0.00
2366,95024392251,0.10
2367,41098672,1266.00
2368,5040148488,3.40
2369,199895486317,0.00
2370,199895486317,0.00
2371,199895486317,0.00
2372,199895486317,0.00
2373,7081838915,135.60
2374,937182873,6.00
2375,46307176377,12.40
2376,58096686135,0.30
2377,199895486317,0.00
2378,199895486317,0.00
2379,199895486317,0.00
2380,39831619,1420.50
2381,58096686135,0.30
2382,52283087,1015.10
2383,99690786963,0.60
2384,133617753358,0.20
2385,199895486317,0.00
2386,3708328705,2.70
2387,199895486317,0.00
2388,89213611331,1.00
2389,99690786963,0.60
2390,133617753358,0.20
2391,133617753358,0.20
2392,199895486317,0.00
2393,199895486317,0.00
2394,1992334443,10.00
2395,199895486317,0.00
2396,199895486317,0.00
2397,199895486317,0.00
2398,116567121557,24.90
2399,199895486317,0.00
2400,199895486317,0.00
2401,199895486317,0.00
2402,150738065978,0.80
2403,199895486317,0.00
2404,112167320933,0.90
2405,4162284261,175.20
2406,1992334443,10.00
2407,199895486317,0.00
2408,1580100102,1.20
2409,199895486317,0.00
2410,133617753358,0.20
2411,24971409688,0.50
2412,38561237,1634.50
2413,199895486317,0.00
2414,199895486317,0.00
2415,32223814537,6.40
2416,53086767,1436.40
2417,4581580340,1.70
2418,59194120,289.60
2419,1257016153,2.00
2420,884461957,3.00
2421,156922756435,0.40
2422,199895486317,0.00
2423,199895486317,0.00
2424,20033038895,6.60
2425,12146948584,3.50
2426,3583135578,1.10
2427,372336959068,0.70
2428,1397444182,1.50
2429,37683459793,16.30
2430,199895486317,0.00
2431,62902828,789.50
2432,199895486317,0.00
2433,199895486317,0.00
2434,2050527119,4.00
2435,89213611331,1.00
2436,13910560037,16.00
2437,14475307068,1.90
2438,199895486317,0.00
2439,58096686135,0.30
2440,199895486317,0.00
2441,58096686135,0.30
2442,5117228589,2.80
2443,8024892803,6.50
2444,12146948584,3.50
2445,58096686135,0.30
2446,89213611331,1.00
2447,199895486317,0.00
2448,58096686135,0.30
2449,199895486317,0.00
2450,199895486317,0.00
2451,70511872008,78.00
2452,95024392251,0.10
2453,199895486317,0.00
2454,199895486317,0.00
2455,937182873,6.00
2456,1257016153,2.00
2457,884461957,3.00
2458,199895486317,0.00
2459,5439464766,3.60
2460,884461957,3.00
2461,76983331170,23.80
2462,199895486317,0.00
2463,199895486317,0.00
2464,199895486317,0.00
2465,35853164560,5.80
2466,133617753358,0.20
2467,50039995,5000.00
2468,58096686135,0.30
2469,1257016153,2.00
2470,95024392251,0.10
2471,199895486317,0.00
2472,133617753358,0.20
2473,4581580340,1.70
2474,199895486317,0.00
2475,133617753358,0.20
2476,58096686135,0.30
2477,37390884782,10.60
2478,58096686135,0.30
2479,199895486317,0.00
2480,18945197840,4.40
2481,60017298,2656.00
2482,1257016153,2.00
2483,9798835701,4.60
2484,3563338753,5.00
2485,199895486317,0.00
2486,199895486317,0.00
2487,3351140730,1.30
2488,95024392251,0.10
2489,199895486317,0.00
2490,89213611331,1.00
2491,1992334443,10.00
2492,199895486317,0.00
2493,40870116,1156.80
2494,58096686135,0.30
2495,31249040209,10.70
2496,199895486317,0.00
2497,4114302921,9.00
2498,5040148488,3.40
2499,1580100102,1.20
2500,49358844,708.80
2501,199895486317,0.00
2502,199895486317,0.00
2503,199895486317,0.00
2504,99690786963,0.60
2505,112167320933,0.90
2506,199895486317,0.00
2507,95024392251,0.10
2508,156922756435,0.40
2509,21693192042,4.90
2510,112167320933,0.90
2511,199895486317,0.00
2512,95024392251,0.10
2513,199895486317,0.00
2514,199895486317,0.00
2515,1580100102,1.20
2516,199895486317,0.00
2517,199895486317,0.00
2518,45135328,353.40
2519,199895486317,0.00
2520,9787512983,20.00
2521,199895486317,0.00
2522,58096686135,0.30
2523,199895486317,0.00
2524,199895486317,0.00
2525,156922756435,0.40
2526,199895486317,0.00
2527,199895486317,0.00
2528,199895486317,0.00
2529,199895486317,0.00
2530,89213611331,1.00
2531,3359018551,4.20
2532,884461957,3.00
2533,199895486317,0.00
2534,1257016153,2.00
2535,19430480614,111.70
2536,199895486317,0.00
2537,156922756435,0.40
2538,199895486317,0.00
2539,78783781712,30.80
2540,1397444182,1.50
2541,199895486317,0.00
2542,199895486317,0.00
2543,47783305,1957.00
2544,199895486317,0.00
2545,47985203,3220.80
2546,199895486317,0.00
2547,99690786963,0.60
2548,884461957,3.00
2549,39598728,1886.90
2550,12275654679,10.20
2551,199895486317,0.00
2552,199895486317,0.00
2553,888010565,215.70
2554,199895486317,0.00
2555,199895486317,0.00
2556,112167320933,0.90
2557,199895486317,0.00
2558,133617753358,0.20
2559,199895486317,0.00
2560,133180832432,56.90
2561,2050527119,4.00
2562,199895486317,0.00
2563,199895486317,0.00
2564,112167320933,0.90
2565,28567807035,20.10
2566,156922756435,0.40
2567,38332279,1376.30
2568,199895486317,0.00
2569,150738065978,0.80
2570,199895486317,0.00
2571,199895486317,0.00
2572,58720680,2430.50
2573,23606870129,75.90
2574,372336959068,0.70
2575,62903089,862.10
2576,199895486317,0.00
2577,133617753358,0.20
2578,199895486317,0.00
2579,39486105,1154.10
2580,58096686135,0.30
2581,133617753358,0.20
2582,156922756435,0.40
2583,95024392251,0.10
2584,199895486317,0.00
2585,133617753358,0.20
2586,199895486317,0.00
2587,199895486317,0.00
2588,199895486317,0.00
2589,199895486317,0.00
2590,3351140730,1.30
2591,199895486317,0.00
2592,199895486317,0.00
2593,5040148488,3.40
2594,199895486317,0.00
2595,199895486317,0.00
2596,199895486317,0.00
2597,8725985935,5.10
2598,58096686135,0.30
2599,199895486317,0.00
2600,199895486317,0.00
2601,199895486317,0.00
2602,1397444182,1.50
2603,199895486317,0.00
2604,199895486317,0.00
2605,199895486317,0.00
2606,199895486317,0.00
2607,12384337605,9.30
2608,24971409688,0.50
2609,9798835701,4.60
2610,54543651,913.40
2611,2050527119,4.00
2612,156922756435,0.40
2613,199895486317,0.00
2614,199895486317,0.00
2615,58096686135,0.30
2616,89213611331,1.00
2617,199895486317,0.00
2618,37641109,1403.10
2619,199895486317,0.00
2620,58096686135,0.30
2621,199895486317,0.00
2622,199895486317,0.00
2623,14121552492,6.30
2624,199895486317,0.00
2625,150738065978,0.80
2626,199895486317,0.00
2627,150738065978,0.80
2628,199895486317,0.00
2629,95024392251,0.10
2630,199895486317,0.00
2631,199895486317,0.00
2632,99690786963,0.60
2633,5439464766,3.60
2634,133617753358,0.20
2635,1257016153,2.00
2636,24971409688,0.50
2637,58096686135,0.30
2638,20033038895,6.60
2639,7218173098,2.50
2640,99690786963,0.60
2641,199895486317,0.00
2642,199895486317,0.00
2643,4001483371,40.00
2644,89213611331,1.00
2645,89213611331,1.00
2646,199895486317,0.00
2647,199895486317,0.00
2648,199895486317,0.00
2649,199895486317,0.00
2650,14115377113,30.00
2651,199895486317,0.00
2652,156922756435,0.40
2653,199895486317,0.00
2654,3359018551,4.20
2655,199895486317,0.00
2656,3351140730,1.30
2657,199895486317,0.00
2658,199895486317,0.00
2659,2691065770,2.10
2660,1992334443,10.00
2661,156922756435,0.40
2662,133617753358,0.20
2663,133617753358,0.20
2664,5909996763,4.50
2665,199895486317,0.00
2666,199895486317,0.00
2667,156922756435,0.40
2668,7081838915,135.60
2669,1257016153,2.00
2670,58096686135,0.30
2671,3351140730,1.30
2672,3563338753,5.00
2673,199895486317,0.00
2674,99690786963,0.60
2675,199895486317,0.00
2676,199895486317,0.00
2677,95024392251,0.10
2678,372336959068,0.70
2679,50944966,571.70
2680,8145471336,5.60
2681,33489650,1233.90
2682,133617753358,0.20
2683,99690786963,0.60
2684,199895486317,0.00
2685,2686103608,3.20
2686,133617753358,0.20
2687,1852967342,196.70
2688,884461957,3.00
2689,156922756435,0.40
2690,177049456821,11.10
2691,199895486317,0.00
2692,46515203,1689.50
2693,1257016153,2.00
2694,199895486317,0.00
2695,199895486317,0.00
2696,133617753358,0.20
2697,12181700572,130.60
2698,156922756435,0.40
2699,3583135578,1.10
2700,1257016153,2.00
2701,199895486317,0.00
2702,1257016153,2.00
2703,199895486317,0.00
2704,1580100102,1.20
2705,199895486317,0.00
2706,199895486317,0.00
2707,89213611331,1.00
2708,199895486317,0.00
2709,199895486317,0.00
2710,199895486317,0.00
2711,50405766,3737.00
2712,199895486317,0.00
2713,199895486317,0.00
2714,199895486317,0.00
2715,199895486317,0.00
2716,18142448437,3.90
2717,199895486317,0.00
2718,89213611331,1.00
2719,372336959068,0.70
2720,60307024,697.90
2721,56452836524,92.40
2722,372336959068,0.70
2723,62322528,2020.30
2724,132601086028,8.60
2725,199895486317,0.00
2726,24971409688,0.50
2727,50039995,5000.00
2728,99690786963,0.60
2729,199895486317,0.00
2730,150738065978,0.80
2731,937182873,6.00
2732,199895486317,0.00
2733,199895486317,0.00
2734,199895486317,0.00
2735,1257016153,2.00
2736,199895486317,0.00
2737,199895486317,0.00
2738,199895486317,0.00
2739,44316845,442.50
2740,58096686135,0.30
2741,9651044235,3.70
2742,5040148488,3.40
2743,199895486317,0.00
2744,42586484,925.80
2745,884461957,3.00
2746,1580100102,1.20
2747,133617753358,0.20
2748,199895486317,0.00
2749,6348347708,4.30
2750,199895486317,0.00
2751,5637723967,1.60
2752,67169739,281.50
2753,95024392251,0.10
2754,199895486317,0.00
2755,5715697093,2.20
2756,5909996763,4.50
2757,937182873,6.00
2758,5715697093,2.20
2759,199895486317,0.00
2760,133617753358,0.20
2761,24971409688,0.50
2762,884461957,3.00
2763,99690786963,0.60
2764,199895486317,0.00
2765,5117228589,2.80
2766,884461957,3.00
2767,156922756435,0.40
2768,199895486317,0.00
2769,53827868,466.10
2770,156922756435,0.40
2771,199895486317,0.00
2772,4087369411,2.30
2773,199895486317,0.00
2774,199895486317,0.00
2775,199895486317,0.00
2776,4581580340,1.70
2777,45736678,3505.40
2778,3583135578,1.10
2779,9787512983,20.00
2780,2691065770,2.10
2781,95024392251,0.10
2782,58096686135,0.30
2783,3708328705,2.70
2784,199895486317,0.00
2785,2050527119,4.00
2786,156922756435,0.40
2787,47340322664,8.90
2788,199895486317,0.00
2789,112167320933,0.90
2790,24971409688,0.50
2791,199895486317,0.00
2792,199895486317,0.00
2793,156922756435,0.40
2794,199895486317,0.00
2795,199895486317,0.00
2796,3563338753,5.00
2797,2319215827,1.40
2798,1257016153,2.00
2799,83919339866,12.30
2800,1580100102,1.20
2801,5637723967,1.60
2802,50039995,5000.00
2803,5637723967,1.60
2804,156922756435,0.40
2805,99690786963,0.60
2806,199895486317,0.00
2807,20141054,508.60
2808,63913916,897.70
2809,50039995,5000.00
2810,4008213810,3.10
2811,156922756435,0.40
2812,199895486317,0.00
2813,2319215827,1.40
2814,3351140730,1.30
2815,89213611331,1.00
2816,16725704523,10.30
2817,1397444182,1.50
2818,99690786963,0.60
2819,99690786963,0.60
2820,1257016153,2.00
2821,1992334443,10.00
2822,199895486317,0.00
2823,99690786963,0.60
2824,199895486317,0.00
2825,199895486317,0.00
2826,203586758,255.50
2827,99690786963,0.60
2828,95024392251,0.10
2829,199895486317,0.00
2830,66398704,325.60
2831,199895486317,0.00
2832,5715697093,2.20
2833,1257016153,2.00
2834,199895486317,0.00
2835,150738065978,0.80
2836,156922756435,0.40
2837,5052232239,2.90
2838,199895486317,0.00
2839,199895486317,0.00
2840,99690786963,0.60
2841,1580100102,1.20
2842,65126192,333.30
2843,199895486317,0.00
2844,199895486317,0.00
2845,3351140730,1.30
2846,99690786963,0.60
2847,199895486317,0.00
2848,3351140730,1.30
2849,3708328705,2.70
2850,6411198811,163.90
2851,89213611331,1.00
2852,13323169972,6.10
2853,48634593,2036.20
2854,4087369411,2.30
2855,6348347708,4.30
2856,199895486317,0.00
2857,199895486317,0.00
2858,884461957,3.00
2859,24971409688,0.50
2860,133617753358,0.20
2861,199895486317,0.00
2862,99690786963,0.60
2863,199895486317,0.00
2864,1580100102,1.20
2865,199895486317,0.00
2866,156922756435,0.40
2867,199895486317,0.00
2868,4087369411,2.30
2869,1580100102,1.20
2870,48639438,468.40
2871,7974666852,3.30
2872,99690786963,0.60
2873,83919339866,12.30
2874,112167320933,0.90
2875,20954105203,119.80
2876,30378691,1046.90
2877,937182873,6.00
2878,32686011,1008.50
2879,199895486317,0.00
2880,199895486317,0.00
2881,156922756435,0.40
2882,156922756435,0.40
2883,199895486317,0.00
2884,199895486317,0.00
2885,199895486317,0.00
2886,199895486317,0.00
2887,3351140730,1.30
2888,199895486317,0.00
2889,199895486317,0.00
2890,133617753358,0.20
2891,199895486317,0.00
2892,89213611331,1.00
2893,199895486317,0.00
2894,95024392251,0.10
2895,4581580340,1.70
2896,58096686135,0.30
2897,9651044235,3.70
2898,24862734501,3.80
2899,1257016153,2.00
2900,95024392251,0.10
2901,199895486317,0.00
2902,4581580340,1.70
2903,199895486317,0.00
2904,199895486317,0.00
2905,89213611331,1.00
2906,58096686135,0.30
2907,57001519,511.10
2908,199895486317,0.00
2909,51515203,2416.40
2910,5380879713,2.40
2911,51474438,1061.30
2912,1580100102,1.20
2913,199895486317,0.00
2914,884461957,3.00
2915,199895486317,0.00
2916,58096686135,0.30
2917,199895486317,0.00
2918,199895486317,0.00
2919,12275654679,10.20
2920,199895486317,0.00
2921,2319215827,1.40
2922,133617753358,0.20
2923,2319215827,1.40
2924,4114302921,9.00
2925,199895486317,0.00
2926,937182873,6.00
2927,99690786963,0.60
2928,133617753358,0.20
2929,199895486317,0.00
2930,372336959068,0.70
2931,199895486317,0.00
2932,199895486317,0.00
2933,199895486317,0.00
2934,41264369209,60.60
2935,884461957,3.00
2936,199895486317,0.00
2937,112167320933,0.90
2938,17309206907,5.40
2939,37871257,1203.00
2940,99690786963,0.60
2941,58096686135,0.30
2942,58096686135,0.30
2943,150738065978,0.80
2944,150738065978,0.80
2945,199895486317,0.00
2946,95024392251,0.10
2947,884461957,3.00
2948,937182873,6.00
2949,884461957,3.00
2950,38102475,1301.60
2951,3583135578,1.10
2952,95024392251,0.10
2953,34538756475,10.80
2954,156922756435,0.40
2955,1397444182,1.50
2956,18560518827,6.20
2957,58096686135,0.30
2958,133617753358,0.20
2959,62881404775,52.40
2960,112167320933,0.90
2961,156922756435,0.40
2962,22457361821,10.50
2963,150738065978,0.80
2964,99690786963,0.60
2965,56704652,976.90
2966,199895486317,0.00
2967,49499826,768.10
2968,199895486317,0.00
2969,12146948584,3.50
2970,1397444182,1.50
2971,40276853,911.10
2972,40905648715,14.00
2973,89213611331,1.00
2974,199895486317,0.00
2975,199895486317,0.00
2976,3563338753,5.00
2977,150738065978,0.80
2978,40905648715,14.00
2979,133617753358,0.20
2980,199895486317,0.00
2981,5117228589,2.80
2982,43734824,2004.50
2983,32106477,1340.00
2984,99690786963,0.60
2985,199895486317,0.00
2986,58096686135,0.30
2987,58096686135,0.30
2988,199895486317,0.00
2989,24971409688,0.50
2990,199895486317,0.00
2991,199895486317,0.00
2992,31530349,1608.90
2993,199895486317,0.00
2994,199895486317,0.00
2995,156922756435,0.40
2996,4614762981,1.80
2997,1580100102,1.20
2998,199895486317,0.00
2999,5117228589,2.80
3000,1397444182,1.50
3001,133617753358,0.20
3002,7218173098,2.50
3003,63201765,3553.40
3004,199895486317,0.00
3005,372336959068,0.70
3006,156922756435,0.40
3007,199895486317,0.00
3008,89213611331,1.00
3009,3583135578,1.10
3010,133617753358,0.20
3011,53215090696,10.40
3012,199895486317,0.00
3013,199895486317,0.00
3014,133617753358,0.20
3015,199895486317,0.00
3016,1580100102,1.20
3017,133617753358,0.20
3018,199895486317,0.00
3019,99690786963,0.60
3020,199895486317,0.00
3021,199895486317,0.00
3022,99690786963,0.60
3023,199895486317,0.00
3024,18560518827,6.20
3025,199895486317,0.00
3026,199895486317,0.00
3027,74244243623,22.90
3028,199895486317,0.00
3029,1257016153,2.00
3030,199895486317,0.00
3031,4008213810,3.10
3032,156922756435,0.40
3033,199895486317,0.00
3034,4087369411,2.30
3035,133617753358,0.20
3036,7218173098,2.50
3037,199895486317,0.00
3038,485694679,233.50
3039,99690786963,0.60
3040,199895486317,0.00
3041,7746534246,5.30
3042,199895486317,0.00
3043,112167320933,0.90
3044,5052232239,2.90
3045,4008213810,3.10
3046,38701612,575.30
3047,30295032087,7.20
3048,199895486317,0.00
3049,5040148488,3.40
3050,199895486317,0.00
3051,58096686135,0.30
3052,24971409688,0.50
3053,199895486317,0.00
3054,50363888,658.20
3055,133617753358,0.20
3056,112167320933,0.90
3057,50089228,1599.10
3058,199895486317,0.00
3059,199895486317,0.00
3060,99690786963,0.60
3061,156922756435,0.40
3062,199895486317,0.00
3063,112167320933,0.90
3064,199895486317,0.00
3065,199895486317,0.00
3066,199895486317,0.00
3067,372336959068,0.70
3068,199895486317,0.00
3069,47481303,2629.70
3070,199895486317,0.00
3071,199895486317,0.00
3072,199895486317,0.00
3073,99690786963,0.60
3074,133617753358,0.20
3075,133617753358,0.20
3076,99690786963,0.60
3077,99690786963,0.60
3078,199895486317,0.00
3079,199895486317,0.00
3080,199895486317,0.00
3081,199895486317,0.00
3082,89213611331,1.00
3083,5380879713,2.40
3084,105539778217,43.00
3085,95024392251,0.10
3086,199895486317,0.00
3087,99690786963,0.60
3088,4087369411,2.30
3089,372336959068,0.70
3090,99690786963,0.60
3091,58096686135,0.30
3092,199895486317,0.00
3093,199895486317,0.00
3094,99690786963,0.60
3095,7974666852,3.30
3096,38908637,1164.50
3097,23613628236,10.10
3098,199895486317,0.00
3099,99690786963,0.60
3100,199895486317,0.00
3101,372336959068,0.70
3102,199895486317,0.00
3103,199895486317,0.00
3104,99690786963,0.60
3105,199895486317,0.00
3106,4008213810,3.10
3107,20587381,400.50
3108,48788756,437.10
3109,199895486317,0.00
3110,199895486317,0.00
3111,199895486317,0.00
3112,199895486317,0.00
3113,95024392251,0.10
3114,884461957,3.00
3115,199895486317,0.00
3116,42614152,339.20
3117,199895486317,0.00
3118,199895486317,0.00
3119,199895486317,0.00
3120,99690786963,0.60
3121,199895486317,0.00
3122,112167320933,0.90
3123,199895486317,0.00
3124,199895486317,0.00
3125,156922756435,0.40
3126,14115377113,30.00
3127,199895486317,0.00
3128,57423555,2930.30
3129,112167320933,0.90
3130,1257016153,2.00
3131,5201660620,156.70
3132,199895486317,0.00
3133,39275066,728.80
3134,199895486317,0.00
3135,21693192042,4.90
3136,1257016153,2.00
3137,199895486317,0.00
3138,884461957,3.00
3139,199895486317,0.00
3140,199895486317,0.00
3141,199895486317,0.00
3142,199895486317,0.00
3143,156922756435,0.40
3144,18945197840,4.40
3145,199895486317,0.00
3146,24971409688,0.50
3147,199895486317,0.00
3148,1257016153,2.00
3149,199895486317,0.00
3150,2691065770,2.10
3151,4581580340,1.70
3152,199895486317,0.00
3153,3351140730,1.30
3154,199895486317,0.00
3155,106892039223,11.70
3156,199895486317,0.00
3157,133617753358,0.20
3158,58096686135,0.30
3159,95024392251,0.10
3160,199895486317,0.00
3161,24971409688,0.50
3162,1257016153,2.00
3163,199895486317,0.00
3164,99690786963,0.60
3165,199895486317,0.00
3166,199895486317,0.00
3167,25463485161,11.80
3168,5715697093,2.20
3169,63918431,610.90
3170,199895486317,0.00
3171,199895486317,0.00
3172,884461957,3.00
3173,99690786963,0.60
3174,199895486317,0.00
3175,89213611331,1.00
3176,199895486317,0.00
3177,99690786963,0.60
3178,133617753358,0.20
3179,199895486317,0.00
3180,150738065978,0.80
3181,199895486317,0.00
3182,45031410,2827.00
3183,3351140730,1.30
3184,199895486317,0.00
3185,1580100102,1.20
3186,372336959068,0.70
3187,5909996763,4.50
3188,58096686135,0.30
3189,133617753358,0.20
3190,38435443766,88.40
3191,199895486317,0.00
3192,95024392251,0.10
3193,11329401875,15.00
3194,50039995,5000.00
3195,199895486317,0.00
3196,24971409688,0.50
3197,199895486317,0.00
3198,199895486317,0.00
3199,156922756435,0.40
3200,937182873,6.00
3201,199895486317,0.00
3202,50039995,5000.00
3203,52672942,450.10
3204,28840901516,5.20
3205,199895486317,0.00
3206,199895486317,0.00
3207,199895486317,0.00
3208,884461957,3.00
3209,199895486317,0.00
3210,199895486317,0.00
3211,1257016153,2.00
3212,99690786963,0.60
3213,199895486317,0.00
3214,199895486317,0.00
3215,199895486317,0.00
3216,133617753358,0.20
3217,372336959068,0.70
3218,4581580340,1.70
3219,199895486317,0.00
3220,199895486317,0.00
3221,199895486317,0.00
3222,133617753358,0.20
3223,14475307068,1.90
3224,1580100102,1.20
3225,89213611331,1.00
3226,199895486317,0.00
3227,65637910,2053.00
3228,199895486317,0.00
3229,24971409688,0.50
3230,34538756475,10.80
3231,57721408513,24.40
3232,156922756435,0.40
3233,199895486317,0.00
3234,89213611331,1.00
3235,112167320933,0.90
3236,38550629,994.30
3237,95024392251,0.10
3238,35104606,1088.50
3239,2050527119,4.00
3240,199895486317,0.00
3241,133617753358,0.20
3242,199895486317,0.00
3243,12482656669,7.50
3244,99690786963,0.60
3245,99690786963,0.60
3246,199895486317,0.00
3247,37390884782,10.60
3248,199895486317,0.00
3249,58096686135,0.30
3250,133617753358,0.20
3251,199895486317,0.00
3252,5715697093,2.20
3253,937182873,6.00
3254,24971409688,0.50
3255,133617753358,0.20
3256,99690786963,0.60
3257,24862734501,3.80
3258,1257016153,2.00
3259,3359018551,4.20
3260,884461957,3.00
3261,57110295792,6.80
3262,372336959068,0.70
3263,199895486317,0.00
3264,199895486317,0.00
3265,199895486317,0.00
3266,95024392251,0.10
3267,89213611331,1.00
3268,199895486317,0.00
3269,199895486317,0.00
3270,199895486317,0.00
3271,6686885106,2.60
3272,199895486317,0.00
3273,99690786963,0.60
3274,199895486317,0.00
3275,99690786963,0.60
3276,884461957,3.00
3277,199895486317,0.00
3278,199895486317,0.00
3279,199895486317,0.00
3280,884461957,3.00
3281,58096686135,0.30
3282,199895486317,0.00
3283,199895486317,0.00
3284,199895486317,0.00
3285,1257016153,2.00
3286,1580100102,1.20
3287,133617753358,0.20
3288,199895486317,0.00
3289,89213611331,1.00
3290,133617753358,0.20
3291,199895486317,0.00
3292,199895486317,0.00
3293,95024392251,0.10
3294,6686885106,2.60
3295,50606866473,22.20
3296,199895486317,0.00
3297,199895486317,0.00
3298,3359018551,4.20
3299,99690786963,0.60
3300,199895486317,0.00
3301,58096686135,0.30
3302,199895486317,0.00
3303,199895486317,0.00
3304,372336959068,0.70
3305,89213611331,1.00
3306,156922756435,0.40
3307,199895486317,0.00
3308,199895486317,0.00
3309,199895486317,0.00
3310,199895486317,0.00
3311,110241811887,8.80
3312,156922756435,0.40
3313,24971409688,0.50
3314,199895486317,0.00
3315,6686885106,2.60
3316,9651044235,3.70
3317,884461957,3.00
3318,199895486317,0.00
3319,199895486317,0.00
3320,5439464766,3.60
3321,2691065770,2.10
3322,133617753358,0.20
3323,89213611331,1.00
3324,48362557,1143.60
3325,199895486317,0.00
3326,199895486317,0.00
3327,8145471336,5.60
3328,372336959068,0.70
3329,199895486317,0.00
3330,58096686135,0.30
3331,1257016153,2.00
3332,199895486317,0.00
3333,199895486317,0.00
3334,66140957,3708.30
3335,199895486317,0.00
3336,58096686135,0.30
3337,199895486317,0.00
3338,1992334443,10.00
3339,156922756435,0.40
3340,2624703031,181.80
3341,1257016153,2.00
3342,199895486317,0.00
3343,3563338753,5.00
3344,95024392251,0.10
3345,156922756435,0.40
3346,99690786963,0.60
3347,199895486317,0.00
3348,199895486317,0.00
3349,199895486317,0.00
3350,199895486317,0.00
3351,41590805,425.50
3352,150738065978,0.80
3353,4581580340,1.70
3354,199895486317,0.00
3355,2050527119,4.00
3356,24971409688,0.50
3357,199895486317,0.00
3358,199895486317,0.00
3359,58096686135,0.30
3360,199895486317,0.00
3361,58096686135,0.30
3362,199895486317,0.00
3363,4114302921,9.00
3364,199895486317,0.00
3365,133617753358,0.20
3366,199895486317,0.00
3367,150738065978,0.80
3368,199895486317,0.00
3369,199895486317,0.00
3370,199895486317,0.00
3371,58096686135,0.30
3372,199895486317,0.00
3373,89213611331,1.00
3374,199895486317,0.00
3375,199895486317,0.00
3376,47787386,1067.90
3377,199895486317,0.00
3378,50367928,691.80
3379,58096686135,0.30
3380,156922756435,0.40
3381,156922756435,0.40
3382,112167320933,0.90
3383,199895486317,0.00
3384,16725704523,10.30
3385,199895486317,0.00
3386,199895486317,0.00
3387,199895486317,0.00
3388,9787512983,20.00
3389,199895486317,0.00
3390,199895486317,0.00
3391,199895486317,0.00
3392,199895486317,0.00
3393,58096686135,0.30
3394,199895486317,0.00
3395,199895486317,0.00
3396,199895486317,0.00
3397,372336959068,0.70
3398,199895486317,0.00
3399,89213611331,1.00
3400,199895486317,0.00
3401,156922756435,0.40
3402,199895486317,0.00
3403,199895486317,0.00
3404,199895486317,0.00
3405,372336959068,0.70
3406,199895486317,0.00
3407,199895486317,0.00
3408,199895486317,0.00
3409,2691065770,2.10
3410,156922756435,0.40
3411,2050527119,4.00
3412,199895486317,0.00
3413,199895486317,0.00
3414,199895486317,0.00
3415,884461957,3.00
3416,199895486317,0.00
3417,2050527119,4.00
3418,1580100102,1.20
3419,199895486317,0.00
3420,884461957,3.00
3421,99690786963,0.60
3422,199895486317,0.00
3423,199895486317,0.00
3424,1640888286,202.10
3425,3563338753,5.00
3426,41723907,631.50
3427,3351140730,1.30
3428,199895486317,0.00
3429,3351140730,1.30
3430,51374216,787.80
3431,372336959068,0.70
3432,199895486317,0.00
3433,199895486317,0.00
3434,2686103608,3.20
3435,101462743226,11.20
3436,41142822,767.40
3437,17309206907,5.40
3438,1580100102,1.20
3439,199895486317,0.00
3440,199895486317,0.00
3441,89213611331,1.00
3442,884461957,3.00
3443,199895486317,0.00
3444,150738065978,0.80
3445,95024392251,0.10
3446,43021326,648.50
3447,5040148488,3.40
3448,199895486317,0.00
3449,199895486317,0.00
3450,1397444182,1.50
3451,10654894370,5.70
3452,58096686135,0.30
3453,199895486317,0.00
3454,199895486317,0.00
3455,58096686135,0.30
3456,5052232239,2.90
3457,199895486317,0.00
3458,95024392251,0.10
3459,199895486317,0.00
3460,199895486317,0.00
3461,11329401875,15.00
3462,199895486317,0.00
3463,372336959068,0.70
3464,199895486317,0.00
3465,199895486317,0.00
3466,5715697093,2.20
3467,199895486317,0.00
3468,1257016153,2.00
3469,5040148488,3.40
3470,884461957,3.00
3471,199895486317,0.00
3472,12482656669,7.50
3473,199895486317,0.00
3474,58096686135,0.30
3475,58096686135,0.30
3476,199895486317,0.00
3477,41576697,520.10
3478,199895486317,0.00
3479,199895486317,0.00
3480,37656034897,106.40
3481,7218173098,2.50
3482,156922756435,0.40
3483,112167320933,0.90
3484,99690786963,0.60
3485,1992334443,10.00
3486,199895486317,0.00
3487,199895486317,0.00
3488,80434986478,31.50
3489,199895486317,0.00
3490,60815274735,45.20
3491,1397444182,1.50
3492,2686103608,3.20
3493,2319215827,1.40
3494,28556054607,5.50
3495,50606866473,22.20
3496,199895486317,0.00
3497,199895486317,0.00
3498,199895486317,0.00
3499,199895486317,0.00
3500,52855695,1648.40
3501,199895486317,0.00
3502,65929928,884.30
3503,199895486317,0.00
3504,95024392251,0.10
3505,372336959068,0.70
3506,58096686135,0.30
3507,199895486317,0.00
3508,199895486317,0.00
3509,49644420,652.70
3510,199895486317,0.00
3511,4008213810,3.10
3512,199895486317,0.00
3513,3583135578,1.10
3514,89213611331,1.00
3515,199895486317,0.00
3516,199895486317,0.00
3517,150738065978,0.80
3518,199895486317,0.00
3519,101462743226,11.20
3520,58096686135,0.30
3521,97162165000,9.50
3522,199895486317,0.00
3523,199895486317,0.00
3524,48179583376,4.70
3525,133617753358,0.20
3526,937182873,6.00
3527,199895486317,0.00
3528,4087369411,2.30
3529,133617753358,0.20
3530,61341718338,44.90
3531,199895486317,0.00
3532,128724501841,34.00
3533,199895486317,0.00
3534,199895486317,0.00
3535,31249040209,10.70
3536,95024392251,0.10
3537,1397444182,1.50
3538,58096686135,0.30
3539,199895486317,0.00
3540,199895486317,0.00
3541,150738065978,0.80
3542,199895486317,0.00
3543,156922756435,0.40
3544,199895486317,0.00
3545,199895486317,0.00
3546,540266078,203.80
3547,58096686135,0.30
3548,199895486317,0.00
3549,199895486317,0.00
3550,49974119,1201.50
3551,1580100102,1.20
3552,46947321,3852.80
3553,64483937,2941.50
3554,32452641,1195.10
3555,199895486317,0.00
3556,199895486317,0.00
3557,89213611331,1.00
3558,112167320933,0.90
3559,199895486317,0.00
3560,7974666852,3.30
3561,89213611331,1.00
3562,199895486317,0.00
3563,199895486317,0.00
3564,1257016153,2.00
3565,22232256,553.70
3566,4087369411,2.30
3567,199895486317,0.00
3568,199895486317,0.00
3569,2686103608,3.20
3570,1257016153,2.00
3571,199895486317,0.00
3572,199895486317,0.00
3573,112167320933,0.90
3574,199895486317,0.00
3575,199895486317,0.00
3576,58096686135,0.30
3577,540266078,203.80
3578,199895486317,0.00
3579,150738065978,0.80
3580,133617753358,0.20
3581,1257016153,2.00
3582,199895486317,0.00
3583,199895486317,0.00
3584,24971409688,0.50
3585,156922756435,0.40
3586,58096686135,0.30
3587,58096686135,0.30
3588,3583135578,1.10
3589,36142223,1167.40
3590,6686885106,2.60
3591,199895486317,0.00
3592,42766965076,100.90
3593,199895486317,0.00
3594,199895486317,0.00
3595,199895486317,0.00
3596,199895486317,0.00
3597,1257016153,2.00
3598,199895486317,0.00
3599,199895486317,0.00
3600,199895486317,0.00
3601,99690786963,0.60
3602,7746534246,5.30
3603,78590972,3452.30
3604,133617753358,0.20
3605,24971409688,0.50
3606,89213611331,1.00
3607,199895486317,0.00
3608,199895486317,0.00
3609,199895486317,0.00
3610,133617753358,0.20
3611,73165643,315.90
3612,53453679308,13.70
3613,884461957,3.00
3614,199895486317,0.00
3615,199895486317,0.00
3616,199895486317,0.00
3617,12275654679,10.20
3618,7974666852,3.30
3619,2462132798,193.10
3620,1257016153,2.00
3621,199895486317,0.00
3622,199895486317,0.00
3623,199895486317,0.00
3624,18443957751,12.00
3625,199895486317,0.00
3626,64487518,569.80
3627,49861180,1295.80
3628,884461957,3.00
3629,6686885106,2.60
3630,18443957751,12.00
3631,199895486317,0.00
3632,1580100102,1.20
3633,199895486317,0.00
3634,199895486317,0.00
3635,199895486317,0.00
3636,884461957,3.00
3637,95024392251,0.10
3638,199895486317,0.00
3639,199895486317,0.00
3640,199895486317,0.00
3641,199895486317,0.00
3642,89213611331,1.00
3643,199895486317,0.00
3644,199895486317,0.00
3645,12146948584,3.50
3646,24971409688,0.50
3647,89213611331,1.00
3648,58096686135,0.30
3649,3583135578,1.10
3650,199895486317,0.00
3651,24971409688,0.50
3652,3351140730,1.30
3653,133617753358,0.20
3654,199895486317,0.00
3655,2050527119,4.00
3656,491205545,220.30
3657,24971409688,0.50
3658,89213611331,1.00
3659,156922756435,0.40
3660,199895486317,0.00
3661,937182873,6.00
3662,1580100102,1.20
3663,199895486317,0.00
3664,95024392251,0.10
3665,199895486317,0.00
3666,199895486317,0.00
3667,199895486317,0.00
3668,199895486317,0.00
3669,49788283,869.40
3670,199895486317,0.00
3671,199895486317,0.00
3672,150738065978,0.80
3673,58096686135,0.30
3674,199895486317,0.00
3675,56856090,627.80
3676,199895486317,0.00
3677,199895486317,0.00
3678,58096686135,0.30
3679,48672628,357.20
3680,199895486317,0.00
3681,58096686135,0.30
3682,66366154,434.10
3683,156922756435,0.40
3684,199895486317,0.00
3685,3583135578,1.10
3686,372336959068,0.70
3687,99690786963,0.60
3688,133617753358,0.20
3689,58096686135,0.30
3690,199895486317,0.00
3691,58096686135,0.30
3692,58096686135,0.30
3693,199895486317,0.00
3694,22457361821,10.50
3695,45751513,2773.40
3696,199895486317,0.00
3697,50039995,5000.00
3698,199895486317,0.00
3699,199895486317,0.00
3700,156922756435,0.40
3701,199895486317,0.00
3702,105981838223,13.20
3703,112167320933,0.90
3704,63935023,346.10
3705,95024392251,0.10
3706,199895486317,0.00
3707,57140324,535.70
3708,62509508,376.20
3709,199895486317,0.00
3710,199895486317,0.00
3711,2691065770,2.10
3712,58096686135,0.30
3713,156922756435,0.40
3714,199895486317,0.00
3715,199895486317,0.00
3716,58096686135,0.30
3717,2691065770,2.10
3718,199895486317,0.00
3719,4614762981,1.80
3720,199895486317,0.00
3721,199895486317,0.00
3722,937182873,6.00
3723,133617753358,0.20
3724,5637723967,1.60
3725,7974666852,3.30
3726,199895486317,0.00
3727,53677775,864.10
3728,199895486317,0.00
3729,199895486317,0.00
3730,199895486317,0.00
3731,199895486317,0.00
3732,143061065827,22.10
3733,4008213810,3.10
3734,199895486317,0.00
3735,99690786963,0.60
3736,199895486317,0.00
3737,43520417,1426.90
3738,199895486317,0.00
3739,1580100102,1.20
3740,937182873,6.00
3741,13128228672,7.40
3742,199895486317,0.00
3743,199895486317,0.00
3744,199895486317,0.00
3745,59588878,943.30
3746,156922756435,0.40
3747,199895486317,0.00
3748,199895486317,0.00
3749,150738065978,0.80
3750,199895486317,0.00
3751,69439881,321.10
3752,937182873,6.00
3753,199895486317,0.00
3754,199895486317,0.00
3755,14475307068,1.90
3756,199895486317,0.00
3757,156922756435,0.40
3758,2691065770,2.10
3759,1580100102,1.20
3760,95024392251,0.10
3761,51818131,1807.30
3762,199895486317,0.00
3763,199895486317,0.00
3764,5380879713,2.40
3765,199895486317,0.00
3766,163307952936,12.60
3767,199895486317,0.00
3768,1257016153,2.00
3769,199895486317,0.00
3770,58096686135,0.30
3771,199895486317,0.00
3772,46044917,554.80
3773,99690786963,0.60
3774,112167320933,0.90
3775,199895486317,0.00
3776,95024392251,0.10
3777,884461957,3.00
3778,199895486317,0.00
3779,1580100102,1.20
3780,154138299,263.70
3781,42596573,1766.70
3782,199895486317,0.00
3783,133617753358,0.20
3784,1257016153,2.00
3785,3359018551,4.20
3786,199895486317,0.00
3787,3708328705,2.70
3788,199895486317,0.00
3789,133617753358,0.20
3790,44311749,2267.70
3791,199895486317,0.00
3792,1257016153,2.00
3793,40275476,4437.90
3794,95024392251,0.10
3795,2319215827,1.40
3796,199895486317,0.00
3797,199895486317,0.00
3798,89213611331,1.00
3799,99690786963,0.60
3800,199895486317,0.00
3801,2050527119,4.00
3802,99690786963,0.60
3803,199895486317,0.00
3804,884461957,3.00
3805,58096686135,0.30
3806,95024392251,0.10
3807,199895486317,0.00
3808,34538756475,10.80
3809,95024392251,0.10
3810,3583135578,1.10
3811,199895486317,0.00
3812,58096686135,0.30
3813,58096686135,0.30
3814,199895486317,0.00
3815,112167320933,0.90
3816,56011566,298.00
3817,47669129,1580.90
3818,58096686135,0.30
3819,199895486317,0.00
3820,199895486317,0.00
3821,372336959068,0.70
3822,12146948584,3.50
3823,51095574,475.30
3824,156922756435,0.40
3825,199895486317,0.00
3826,884461957,3.00
3827,95024392251,0.10
3828,199895486317,0.00
3829,199895486317,0.00
3830,199895486317,0.00
3831,199895486317,0.00
3832,199895486317,0.00
3833,199895486317,0.00
3834,884461957,3.00
3835,199895486317,0.00
3836,2050527119,4.00
3837,199895486317,0.00
3838,2050527119,4.00
3839,61320371,613.40
3840,100672877864,32.00
3841,47343769,634.70
3842,199895486317,0.00
3843,58096686135,0.30
3844,199895486317,0.00
3845,199895486317,0.00
3846,45223070,320.60
3847,4581580340,1.70
3848,1257016153,2.00
3849,1580100102,1.20
3850,1257016153,2.00
3851,133617753358,0.20
3852,1397444182,1.50
3853,75825071,3053.90
3854,199895486317,0.00
3855,2319215827,1.40
3856,1257016153,2.00
3857,60310436,881.60
3858,199895486317,0.00
3859,199895486317,0.00
3860,199895486317,0.00
3861,199895486317,0.00
3862,33027810,1190.00
3863,46972673,388.80
3864,68773221518,47.50
3865,199895486317,0.00
3866,199895486317,0.00
3867,51587834,1566.20
3868,39559179,868.00
3869,199895486317,0.00
3870,199895486317,0.00
3871,41925169,389.30
3872,35203773289,21.10
3873,199895486317,0.00
3874,58096686135,0.30
3875,199895486317,0.00
3876,44168836,816.30
3877,55557426,680.30
3878,58096686135,0.30
3879,199895486317,0.00
3880,35853164560,5.80
3881,884461957,3.00
3882,29347347291,101.20
3883,23950352,1342.00
3884,937182873,6.00
3885,99690786963,0.60
3886,2719847860,185.20
3887,199895486317,0.00
3888,7974666852,3.30
3889,199895486317,0.00
3890,99690786963,0.60
3891,2691065770,2.10
3892,199895486317,0.00
3893,199895486317,0.00
3894,199895486317,0.00
3895,884461957,3.00
3896,58096686135,0.30
3897,199895486317,0.00
3898,199895486317,0.00
3899,199895486317,0.00
3900,199895486317,0.00
3901,199895486317,0.00
3902,199895486317,0.00
3903,199895486317,0.00
3904,199895486317,0.00
3905,199895486317,0.00
3906,199895486317,0.00
3907,18560518827,6.20
3908,199895486317,0.00
3909,199895486317,0.00
3910,199895486317,0.00
3911,1257016153,2.00
3912,884461957,3.00
3913,199895486317,0.00
3914,49628456,1201.90
3915,3359018551,4.20
3916,199895486317,0.00
3917,199895486317,0.00
3918,199895486317,0.00
3919,199895486317,0.00
3920,18560518827,6.20
3921,199895486317,0.00
3922,89213611331,1.00
3923,3583135578,1.10
3924,150738065978,0.80
3925,199895486317,0.00
3926,61464832,808.80
3927,199895486317,0.00
3928,3708328705,2.70
3929,199895486317,0.00
3930,199895486317,0.00
3931,199895486317,0.00
3932,39830600,1936.70
3933,199895486317,0.00
3934,937182873,6.00
3935,199895486317,0.00
3936,58096686135,0.30
3937,199895486317,0.00
3938,199895486317,0.00
3939,199895486317,0.00
3940,58438829,466.00
3941,199895486317,0.00
3942,199895486317,0.00
3943,199895486317,0.00
3944,4614762981,1.80
3945,199895486317,0.00
3946,58096686135,0.30
3947,24971409688,0.50
3948,199895486317,0.00
3949,199895486317,0.00
3950,199895486317,0.00
3951,199895486317,0.00
3952,110241811887,8.80
3953,199895486317,0.00
3954,156922756435,0.40
3955,6348347708,4.30
3956,5637723967,1.60
3957,50039995,5000.00
3958,29340677909,4.80
3959,199895486317,0.00
3960,199895486317,0.00
3961,2686103608,3.20
3962,199895486317,0.00
3963,133617753358,0.20
3964,1580100102,1.20
3965,199895486317,0.00
3966,199895486317,0.00
3967,199895486317,0.00
3968,112167320933,0.90
3969,58096686135,0.30
3970,1257016153,2.00
3971,199895486317,0.00
3972,372336959068,0.70
3973,199895486317,0.00
3974,95024392251,0.10
3975,2050527119,4.00
3976,89213611331,1.00
3977,89213611331,1.00
3978,199895486317,0.00
3979,199895486317,0.00
3980,32223814537,6.40
3981,99690786963,0.60
3982,4581580340,1.70
3983,9889367367,141.50
3984,48278826,329.00
3985,199895486317,0.00
3986,199895486317,0.00
3987,199895486317,0.00
3988,89213611331,1.00
3989,58096686135,0.30
3990,199895486317,0.00
3991,199895486317,0.00
3992,89213611331,1.00
3993,199895486317,0.00
3994,58096686135,0.30
3995,199895486317,0.00
3996,40061484,1068.60
3997,133617753358,0.20
3998,37662271724,25.10
3999,5380879713,2.40
4000,24971409688,0.50
4001,37390884782,10.60
4002,199895486317,0.00
4003,57110295792,6.80
4004,199895486317,0.00
4005,7218173098,2.50
4006,99690786963,0.60
4007,199895486317,0.00
4008,99690786963,0.60
4009,199895486317,0.00
4010,58096686135,0.30
4011,199895486317,0.00
4012,199895486317,0.00
4013,58096686135,0.30
4014,199895486317,0.00
4015,133617753358,0.20
4016,199895486317,0.00
4017,199895486317,0.00
4018,199895486317,0.00
4019,51957421,591.00
4020,58096686135,0.30
4021,7218173098,2.50
4022,5637723967,1.60
4023,133617753358,0.20
4024,199895486317,0.00
4025,1257016153,2.00
4026,112167320933,0.90
4027,199895486317,0.00
4028,25463485161,11.80
4029,199895486317,0.00
4030,1257016153,2.00
4031,199895486317,0.00
4032,199895486317,0.00
4033,50039995,5000.00
4034,199895486317,0.00
4035,199895486317,0.00
4036,199895486317,0.00
4037,39131891,715.40
4038,24971409688,0.50
4039,199895486317,0.00
4040,199895486317,0.00
4041,199895486317,0.00
4042,199895486317,0.00
4043,80798049,267.20
4044,199895486317,0.00
4045,18142448437,3.90
4046,199895486317,0.00
4047,58096686135,0.30
4048,5715697093,2.20
4049,58440158,546.80
4050,199895486317,0.00
4051,5380879713,2.40
4052,20832874289,4.10
4053,199895486317,0.00
4054,3563338753,5.00
4055,99690786963,0.60
4056,199895486317,0.00
4057,156922756435,0.40
4058,25794422,1020.70
4059,2686103608,3.20
4060,156922756435,0.40
4061,2050527119,4.00
4062,4087369411,2.30
4063,884461957,3.00
4064,199895486317,0.00
4065,32567791,1571.30
4066,133617753358,0.20
4067,133617753358,0.20
4068,199895486317,0.00
4069,42483357,1329.70
4070,199895486317,0.00
4071,4581580340,1.70
4072,199895486317,0.00
4073,199895486317,0.00
4074,199895486317,0.00
4075,20033038895,6.60
4076,5117228589,2.80
4077,937182873,6.00
4078,156922756435,0.40
4079,199895486317,0.00
4080,199895486317,0.00
4081,199895486317,0.00
4082,50551947,1068.50
4083,3563338753,5.00
4084,1580100102,1.20
4085,199895486317,0.00
4086,3583135578,1.10
4087,199895486317,0.00
4088,99690786963,0.60
4089,133617753358,0.20
4090,199895486317,0.00
4091,937182873,6.00
4092,156922756435,0.40
4093,199895486317,0.00
4094,156922756435,0.40
4095,42581487,2675.70
4096,199895486317,0.00
4097,1580100102,1.20
4098,150738065978,0.80
4099,199895486317,0.00
4100,112167320933,0.90
4101,12275654679,10.20
4102,199895486317,0.00
4103,156922756435,0.40
4104,199895486317,0.00
4105,199895486317,0.00
4106,133617753358,0.20
4107,199895486317,0.00
4108,199895486317,0.00
4109,81258613824,32.40
4110,2691065770,2.10
4111,199895486317,0.00
4112,860959695,218.90
4113,24971409688,0.50
4114,199895486317,0.00
4115,199895486317,0.00
4116,4614762981,1.80
4117,199895486317,0.00
4118,133617753358,0.20
4119,53829741,475.40
4120,199895486317,0.00
4121,50784007716,9.40
4122,199895486317,0.00
4123,2319215827,1.40
4124,37640687,1288.70
4125,7218173098,2.50
4126,199895486317,0.00
4127,112167320933,0.90
4128,156922756435,0.40
4129,349532566,238.50
4130,884461957,3.00
4131,199895486317,0.00
4132,99690786963,0.60
4133,133617753358,0.20
4134,42437206,2255.50
4135,372336959068,0.70
4136,199895486317,0.00
4137,199895486317,0.00
4138,24971409688,0.50
4139,24971409688,0.50
4140,199895486317,0.00
4141,372336959068,0.70
4142,884461957,3.00
4143,199895486317,0.00
4144,17292229334,7.00
4145,199895486317,0.00
4146,58096686135,0.30
4147,199895486317,0.00
4148,199895486317,0.00
4149,5715697093,2.20
4150,5439464766,3.60
4151,2319215827,1.40
4152,199895486317,0.00
4153,99690786963,0.60
4154,2319215827,1.40
4155,199895486317,0.00
4156,133617753358,0.20
4157,5637723967,1.60
4158,199895486317,0.00
4159,89213611331,1.00
4160,3583135578,1.10
4161,199895486317,0.00
4162,199895486317,0.00
4163,95024392251,0.10
4164,89213611331,1.00
4165,199895486317,0.00
4166,95024392251,0.10
4167,156922756435,0.40
4168,199895486317,0.00
4169,35625217355,97.10
4170,95024392251,0.10
4171,24971409688,0.50
4172,199895486317,0.00
4173,95024392251,0.10
4174,199895486317,0.00
4175,150738065978,0.80
4176,188756589512,7.90
4177,58096686135,0.30
4178,99690786963,0.60
4179,199895486317,0.00
4180,44491521465,11.60
4181,133617753358,0.20
4182,64545769,342.10
4183,199895486317,0.00
4184,199895486317,0.00
4185,884461957,3.00
4186,199895486317,0.00
4187,199895486317,0.00
4188,15010998390,20.60
4189,95024392251,0.10
4190,24971409688,0.50
4191,199895486317,0.00
4192,95024392251,0.10
4193,95024392251,0.10
4194,199895486317,0.00
4195,1397444182,1.50
4196,199895486317,0.00
4197,3583135578,1.10
4198,2686103608,3.20
4199,25794422,1020.70
4200,199895486317,0.00
4201,4008213810,3.10
4202,46307176377,12.40
4203,199895486317,0.00
4204,5380879713,2.40
4205,199895486317,0.00
4206,199895486317,0.00
4207,199895486317,0.00
4208,199895486317,0.00
4209,99690786963,0.60
4210,372336959068,0.70
4211,150738065978,0.80
4212,199895486317,0.00
4213,199895486317,0.00
4214,58096686135,0.30
4215,50039995,5000.00
4216,112167320933,0.90
4217,199895486317,0.00
4218,199895486317,0.00
4219,372336959068,0.70
4220,1580100102,1.20
4221,112167320933,0.90
4222,2050527119,4.00
4223,549128612,228.30
4224,884461957,3.00
4225,199895486317,0.00
4226,2686103608,3.20
4227,199895486317,0.00
4228,62468322,948.80
4229,884461957,3.00
4230,18142448437,3.90
4231,112167320933,0.90
4232,51000148924,67.30
4233,95024392251,0.10
4234,1257016153,2.00
4235,199895486317,0.00
4236,8713627249,150.80
4237,17309206907,5.40
4238,372336959068,0.70
4239,95024392251,0.10
4240,199895486317,0.00
4241,199895486317,0.00
4242,3351140730,1.30
4243,47032711,358.40
4244,20033038895,6.60
4245,199895486317,0.00
4246,133617753358,0.20
4247,14814045514,8.00
4248,112167320933,0.90
4249,199895486317,0.00
4250,1580100102,1.20
4251,110833421634,24.50
4252,5637723967,1.60
4253,199895486317,0.00
4254,58096686135,0.30
4255,89213611331,1.00
4256,150738065978,0.80
4257,40905648715,14.00
4258,199895486317,0.00
4259,43405937,1134.00
4260,199895486317,0.00
4261,7974666852,3.30
4262,3563338753,5.00
4263,199895486317,0.00
4264,884461957,3.00
4265,65204234,4741.70
4266,58096686135,0.30
4267,3563338753,5.00
4268,2050527119,4.00
4269,133617753358,0.20
4270,199895486317,0.00
4271,58585498,637.30
4272,199895486317,0.00
4273,27207665127,14.30
4274,49714355,3497.00
4275,199895486317,0.00
4276,199895486317,0.00
4277,4087369411,2.30
4278,199895486317,0.00
4279,30838427,1651.00
4280,24971409688,0.50
4281,199895486317,0.00
4282,199895486317,0.00
4283,133617753358,0.20
4284,199895486317,0.00
4285,24971409688,0.50
4286,156922756435,0.40
4287,199895486317,0.00
4288,199895486317,0.00
4289,199895486317,0.00
4290,199895486317,0.00
4291,5637723967,1.60
4292,4581580340,1.70
4293,133617753358,0.20
4294,199895486317,0.00
4295,95024392251,0.10
4296,95024392251,0.10
4297,99690786963,0.60
4298,199895486317,0.00
4299,9787512983,20.00
4300,199895486317,0.00
4301,199895486317,0.00
4302,199895486317,0.00
4303,199895486317,0.00
4304,58096686135,0.30
4305,199895486317,0.00
4306,156922756435,0.40
4307,112167320933,0.90
4308,199895486317,0.00
4309,95024392251,0.10
4310,95024392251,0.10
4311,67347929899,17.70
4312,199895486317,0.00
4313,63017616687,6.70
4314,1257016153,2.00
4315,199895486317,0.00
4316,7746534246,5.30
4317,133617753358,0.20
4318,7218173098,2.50
4319,199895486317,0.00
4320,106892039223,11.70
4321,133617753358,0.20
4322,133617753358,0.20
4323,15010998390,20.60
4324,44205279679,102.20
4325,199895486317,0.00
4326,199895486317,0.00
4327,199895486317,0.00
4328,199895486317,0.00
4329,199895486317,0.00
4330,199895486317,0.00
4331,199895486317,0.00
4332,2050527119,4.00
4333,199895486317,0.00
4334,199895486317,0.00
4335,9787512983,20.00
4336,156922756435,0.40
4337,89213611331,1.00
4338,199895486317,0.00
4339,58096686135,0.30
4340,199895486317,0.00
4341,2050527119,4.00
4342,17292229334,7.00
4343,199895486317,0.00
4344,199895486317,0.00
4345,199895486317,0.00
4346,58096686135,0.30
4347,6348347708,4.30
4348,4581580340,1.70
4349,199895486317,0.00
4350,133617753358,0.20
4351,199895486317,0.00
4352,89213611331,1.00
4353,48556715,390.60
4354,199895486317,0.00
4355,199895486317,0.00
4356,4581580340,1.70
4357,60596000,961.70
4358,199895486317,0.00
4359,199895486317,0.00
4360,7746534246,5.30
4361,41142384,665.80
4362,3351140730,1.30
4363,4008213810,3.10
4364,95024392251,0.10
4365,199895486317,0.00
4366,12275654679,10.20
4367,199895486317,0.00
4368,199895486317,0.00
4369,35335170,1173.60
4370,199895486317,0.00
4371,5794283918,11.00
4372,4087369411,2.30
4373,199895486317,0.00
4374,199895486317,0.00
4375,199895486317,0.00
4376,89213611331,1.00
4377,112167320933,0.90
4378,51258928653,6.90
4379,27207665127,14.30
4380,112167320933,0.90
4381,38550703,752.80
4382,199895486317,0.00
4383,47480809,2455.30
4384,199895486317,0.00
4385,199895486317,0.00
4386,5715697093,2.20
4387,58096686135,0.30
4388,199895486317,0.00
4389,199895486317,0.00
4390,133617753358,0.20
4391,24971409688,0.50
4392,99690786963,0.60
4393,66755762422,18.70
4394,2050527119,4.00
4395,57857038,943.50
4396,95024392251,0.10
4397,199895486317,0.00
4398,199895486317,0.00
4399,199895486317,0.00
4400,28840901516,5.20
4401,95024392251,0.10
4402,1257016153,2.00
4403,199895486317,0.00
4404,1257016153,2.00
4405,1397444182,1.50
4406,156922756435,0.40
4407,199895486317,0.00
4408,199895486317,0.00
4409,32223814537,6.40
4410,199895486317,0.00
4411,3583135578,1.10
4412,199895486317,0.00
4413,199895486317,0.00
4414,65329072,382.50
4415,372336959068,0.70
4416,58096686135,0.30
4417,156922756435,0.40
4418,199895486317,0.00
4419,199895486317,0.00
4420,199895486317,0.00
4421,199895486317,0.00
4422,199895486317,0.00
4423,199895486317,0.00
4424,199895486317,0.00
4425,133617753358,0.20
4426,5637723967,1.60
4427,199895486317,0.00
4428,199895486317,0.00
4429,199895486317,0.00
4430,24971409688,0.50
4431,3583135578,1.10
4432,199895486317,0.00
4433,1992334443,10.00
4434,199895486317,0.00
4435,43634560,1437.10
4436,18945197840,4.40
4437,199895486317,0.00
4438,3351140730,1.30
4439,41098032,1511.90
4440,2691065770,2.10
4441,99690786963,0.60
4442,133617753358,0.20
4443,156922756435,0.40
4444,95024392251,0.10
4445,31530731,1799.10
4446,41867635,887.50
4447,199895486317,0.00
4448,199895486317,0.00
4449,34297509,1277.80
4450,112167320933,0.90
4451,61571641456,11.30
4452,199895486317,0.00
4453,95024392251,0.10
4454,7218173098,2.50
4455,156922756435,0.40
4456,199895486317,0.00
4457,199895486317,0.00
4458,47784164,1168.50
4459,199895486317,0.00
4460,199895486317,0.00
4461,199895486317,0.00
4462,339928065833,13.60
4463,2686103608,3.20
4464,49507760456,96.90
4465,199895486317,0.00
4466,199895486317,0.00
4467,34538756475,10.80
4468,199895486317,0.00
4469,199895486317,0.00
4470,24971409688,0.50
4471,199895486317,0.00
4472,1257016153,2.00
4473,99690786963,0.60
4474,133617753358,0.20
4475,2050527119,4.00
4476,199895486317,0.00
4477,199895486317,0.00
4478,199895486317,0.00
4479,156922756435,0.40
4480,58096686135,0.30
4481,1580100102,1.20
4482,199895486317,0.00
4483,20401659338,64.00
4484,58096686135,0.30
4485,99690786963,0.60
4486,199895486317,0.00
4487,58096686135,0.30
4488,6686885106,2.60
4489,199895486317,0.00
4490,3583135578,1.10
4491,4087369411,2.30
4492,42944953,1205.00
4493,199895486317,0.00
4494,99690786963,0.60
4495,17292229334,7.00
4496,4114302921,9.00
4497,3583135578,1.10
4498,44498181706,30.60
4499,199895486317,0.00
4500,199895486317,0.00
4501,199895486317,0.00
4502,50039995,5000.00
4503,31761341,1172.50
4504,199895486317,0.00
4505,133617753358,0.20
4506,199895486317,0.00
4507,4087369411,2.30
4508,99690786963,0.60
4509,95024392251,0.10
4510,199895486317,0.00
4511,44168067,971.80
4512,937182873,6.00
4513,1580100102,1.20
4514,112167320933,0.90
4515,1580100102,1.20
4516,199895486317,0.00
4517,43405300,1204.30
4518,18443957751,12.00
4519,1397444182,1.50
4520,199895486317,0.00
4521,199895486317,0.00
4522,199895486317,0.00
4523,199895486317,0.00
4524,199895486317,0.00
4525,372336959068,0.70
4526,150738065978,0.80
4527,884461957,3.00
4528,99690786963,0.60
4529,199895486317,0.00
4530,18443957751,12.00
4531,24971409688,0.50
4532,89213611331,1.00
4533,99690786963,0.60
4534,150738065978,0.80
4535,133617753358,0.20
4536,99690786963,0.60
4537,199895486317,0.00
4538,199895486317,0.00
4539,199895486317,0.00
4540,89213611331,1.00
4541,199895486317,0.00
4542,58096686135,0.30
4543,115565035130,62.30
4544,4087369411,2.30
4545,199895486317,0.00
4546,199895486317,0.00
4547,43175710,1146.10
4548,1580100102,1.20
4549,1257016153,2.00
4550,58096686135,0.30
4551,58096686135,0.30
4552,150738065978,0.80
4553,9942309285,144.40
4554,199895486317,0.00
4555,112167320933,0.90
4556,199895486317,0.00
4557,9651044235,3.70
4558,199895486317,0.00
4559,89213611331,1.00
4560,199895486317,0.00
4561,12384337605,9.30
4562,199895486317,0.00
4563,199895486317,0.00
4564,199895486317,0.00
4565,133617753358,0.20
4566,199895486317,0.00
4567,199895486317,0.00
4568,199895486317,0.00
4569,24971409688,0.50
4570,199895486317,0.00
4571,16725704523,10.30
4572,199895486317,0.00
4573,199895486317,0.00
4574,199895486317,0.00
4575,199895486317,0.00
4576,199895486317,0.00
4577,95024392251,0.10
4578,3351140730,1.30
4579,95024392251,0.10
4580,199895486317,0.00
4581,4581580340,1.70
4582,328796797,246.10
4583,199895486317,0.00
4584,937182873,6.00
4585,4114302921,9.00
4586,9651044235,3.70
4587,24971409688,0.50
4588,199895486317,0.00
4589,89213611331,1.00
4590,24971409688,0.50
4591,199895486317,0.00
4592,1397444182,1.50
4593,133617753358,0.20
4594,7974666852,3.30
4595,199895486317,0.00
4596,199895486317,0.00
4597,1580100102,1.20
4598,199895486317,0.00
4599,199895486317,0.00
4600,1992334443,10.00
4601,199895486317,0.00
4602,99690786963,0.60
4603,199895486317,0.00
4604,133617753358,0.20
4605,199895486317,0.00
4606,156922756435,0.40
4607,95024392251,0.10
4608,2686103608,3.20
4609,133617753358,0.20
4610,4581580340,1.70
4611,99690786963,0.60
4612,199895486317,0.00
4613,57712601,654.00
4614,1257016153,2.00
4615,3583135578,1.10
4616,199895486317,0.00
4617,199895486317,0.00
4618,150738065978,0.80
4619,199895486317,0.00
4620,199895486317,0.00
4621,231118907,257.00
4622,133617753358,0.20
4623,99690786963,0.60
4624,199895486317,0.00
4625,199895486317,0.00
4626,58096686135,0.30
4627,41678037711,44.40
4628,99690786963,0.60
4629,199895486317,0.00
4630,66368114,509.50
4631,199895486317,0.00
4632,199895486317,0.00
4633,3359018551,4.20
4634,199895486317,0.00
4635,1257016153,2.00
4636,199895486317,0.00
4637,199895486317,0.00
4638,10654894370,5.70
4639,50784007716,9.40
4640,133617753358,0.20
4641,199895486317,0.00
4642,199895486317,0.00
4643,1257016153,2.00
4644,2319215827,1.40
4645,199895486317,0.00
4646,58096686135,0.30
4647,199895486317,0.00
4648,199895486317,0.00
4649,199895486317,0.00
4650,199895486317,0.00
4651,199895486317,0.00
4652,199895486317,0.00
4653,18945197840,4.40
4654,89213611331,1.00
4655,150738065978,0.80
4656,89213611331,1.00
4657,199895486317,0.00
4658,199895486317,0.00
4659,150738065978,0.80
4660,133617753358,0.20
4661,199895486317,0.00
4662,199895486317,0.00
4663,199895486317,0.00
4664,58096686135,0.30
4665,99690786963,0.60
4666,199895486317,0.00
4667,82990374,289.10
4668,136736179956,32.30
4669,156922756435,0.40
4670,199895486317,0.00
4671,133617753358,0.20
4672,199895486317,0.00
4673,58096686135,0.30
4674,199895486317,0.00
4675,199895486317,0.00
4676,1992334443,10.00
4677,199895486317,0.00
4678,62323619,2302.10
4679,112167320933,0.90
4680,58096686135,0.30
4681,3708328705,2.70
4682,199895486317,0.00
4683,199895486317,0.00
4684,199895486317,0.00
4685,1992334443,10.00
4686,58096686135,0.30
4687,74095385,3886.40
4688,156922756435,0.40
4689,58096686135,0.30
4690,199895486317,0.00
4691,199895486317,0.00
4692,1257016153,2.00
4693,99690786963,0.60
4694,199895486317,0.00
4695,199895486317,0.00
4696,58096686135,0.30
4697,199895486317,0.00
4698,199895486317,0.00
4699,2113615556,188.00
4700,99690786963,0.60
4701,2691065770,2.10
4702,199895486317,0.00
4703,372336959068,0.70
4704,55810820344,70.40
4705,199895486317,0.00
4706,199895486317,0.00
4707,199895486317,0.00
4708,199895486317,0.00
4709,35449758,1683.00
4710,1033468979,218.70
4711,47340651,736.30
4712,84223348068,45.00
4713,199895486317,0.00
4714,199895486317,0.00
4715,884461957,3.00
4716,28556054607,5.50
4717,5637723967,1.60
4718,99690786963,0.60
4719,13128228672,7.40
4720,199895486317,0.00
4721,12275654679,10.20
4722,156922756435,0.40
4723,99690786963,0.60
4724,199895486317,0.00
4725,6686885106,2.60
4726,2686103608,3.20
4727,199895486317,0.00
4728,1257016153,2.00
4729,199895486317,0.00
4730,199895486317,0.00
4731,199895486317,0.00
4732,1257016153,2.00
4733,199895486317,0.00
4734,884461957,3.00
4735,52766536,383.90
4736,58096686135,0.30
4737,133617753358,0.20
4738,95024392251,0.10
4739,199895486317,0.00
4740,14814045514,8.00
4741,199895486317,0.00
4742,199895486317,0.00
4743,199895486317,0.00
4744,199895486317,0.00
4745,199895486317,0.00
4746,39599477,1407.90
4747,14115377113,30.00
4748,24971409688,0.50
4749,3708328705,2.70
4750,133617753358,0.20
4751,199895486317,0.00
4752,199895486317,0.00
4753,1257016153,2.00
4754,95024392251,0.10
4755,199895486317,0.00
4756,199895486317,0.00
4757,199895486317,0.00
4758,31417674,1072.90
4759,24971409688,0.50
4760,199895486317,0.00
4761,51207414,380.40
4762,24971409688,0.50
4763,50039995,5000.00
4764,112167320933,0.90
4765,199895486317,0.00
4766,36258311,1133.50
4767,13323169972,6.10
4768,199895486317,0.00
4769,199895486317,0.00
4770,199895486317,0.00
4771,5637723967,1.60
4772,43309899,742.70
4773,4581580340,1.70
4774,199895486317,0.00
4775,58096686135,0.30
4776,58096686135,0.30
4777,3583135578,1.10
4778,199895486317,0.00
4779,58096686135,0.30
4780,12146948584,3.50
4781,199895486317,0.00
4782,199895486317,0.00
4783,199895486317,0.00
4784,372336959068,0.70
4785,199895486317,0.00
4786,52817728,888.00
4787,884461957,3.00
4788,133617753358,0.20
4789,150738065978,0.80
4790,199895486317,0.00
4791,1397444182,1.50
4792,24971409688,0.50
4793,50039995,5000.00
4794,8024892803,6.50
4795,7218173098,2.50
4796,199895486317,0.00
4797,58096686135,0.30
4798,150738065978,0.80
4799,99690786963,0.60
4800,31249040209,10.70
4801,156922756435,0.40
4802,61170750,895.50
4803,199895486317,0.00
4804,3563338753,5.00
4805,99690786963,0.60
4806,199895486317,0.00
4807,58096686135,0.30
4808,372336959068,0.70
4809,199895486317,0.00
4810,199895486317,0.00
4811,199895486317,0.00
4812,199895486317,0.00
4813,58096686135,0.30
4814,5637723967,1.60
4815,199895486317,0.00
4816,20401659338,64.00
4817,58096686135,0.30
4818,199895486317,0.00
4819,199895486317,0.00
4820,156922756435,0.40
4821,58096686135,0.30
4822,372336959068,0.70
4823,133617753358,0.20
4824,199895486317,0.00
4825,199895486317,0.00
4826,199895486317,0.00
4827,2319215827,1.40
4828,199895486317,0.00
4829,5117228589,2.80
4830,199895486317,0.00
4831,77268573,308.20
4832,133617753358,0.20
4833,43057541,1549.20
4834,199895486317,0.00
4835,199895486317,0.00
4836,280966352,245.30
4837,199895486317,0.00
4838,3563338753,5.00
4839,199895486317,0.00
4840,133617753358,0.20
4841,199895486317,0.00
4842,112167320933,0.90
4843,58096686135,0.30
4844,2050527119,4.00
4845,199895486317,0.00
4846,937182873,6.00
4847,6686885106,2.60
4848,199895486317,0.00
4849,95024392251,0.10
4850,199895486317,0.00
4851,99690786963,0.60
4852,199895486317,0.00
4853,133617753358,0.20
4854,99690786963,0.60
4855,156922756435,0.40
4856,50039995,5000.00
4857,199895486317,0.00
4858,24601392966,21.00
4859,133617753358,0.20
4860,76862071,3621.30
4861,4581580340,1.70
4862,112167320933,0.90
4863,51868190,392.20
4864,89213611331,1.00
4865,58096686135,0.30
4866,199895486317,0.00
4867,13323169972,6.10
4868,199895486317,0.00
4869,199895486317,0.00
4870,4087369411,2.30
4871,9798835701,4.60
4872,199895486317,0.00
4873,199895486317,0.00
4874,2691065770,2.10
4875,89213611331,1.00
4876,30295032087,7.20
4877,199895486317,0.00
4878,199895486317,0.00
4879,5040148488,3.40
4880,112167320933,0.90
4881,156922756435,0.40
4882,3351140730,1.30
4883,199895486317,0.00
4884,199895486317,0.00
4885,99690786963,0.60
4886,199895486317,0.00
4887,199895486317,0.00
4888,63630155,499.20
4889,46836615894,41.00
4890,199895486317,0.00
4891,199895486317,0.00
4892,372336959068,0.70
4893,133617753358,0.20
4894,199895486317,0.00
4895,58096686135,0.30
4896,199895486317,0.00
4897,199895486317,0.00
4898,372336959068,0.70
4899,199895486317,0.00
4900,6686885106,2.60
4901,58096686135,0.30
4902,133617753358,0.20
4903,112167320933,0.90
4904,199895486317,0.00
4905,27736694344,11.50
4906,13128228672,7.40
4907,199895486317,0.00
4908,53318097,1595.60
4909,89213611331,1.00
4910,156922756435,0.40
4911,12246419568,126.70
4912,1580100102,1.20
4913,58143701324,30.90
4914,2691065770,2.10
4915,99690786963,0.60
4916,3679347470,176.70
4917,199895486317,0.00
4918,58096686135,0.30
4919,199895486317,0.00
4920,1257016153,2.00
4921,199895486317,0.00
4922,313660210103,15.60
4923,99690786963,0.60
4924,199895486317,0.00
4925,3563338753,5.00
4926,372336959068,0.70
4927,199895486317,0.00
4928,58731486,428.70
4929,199895486317,0.00
4930,49787296,666.30
4931,45325481,534.20
4932,7974666852,3.30
4933,199895486317,0.00
4934,62189054,536.60
4935,99690786963,0.60
4936,72712425,3332.10
4937,112167320933,0.90
4938,9651044235,3.70
4939,372336959068,0.70
4940,99690786963,0.60
4941,199895486317,0.00
4942,58096686135,0.30
4943,50039995,5000.00
4944,2691065770,2.10
4945,58096686135,0.30
4946,24971409688,0.50
4947,199895486317,0.00
4948,884461957,3.00
4949,89213611331,1.00
4950,5439464766,3.60
4951,199895486317,0.00
4952,199895486317,0.00
4953,884461957,3.00
4954,199895486317,0.00
4955,199895486317,0.00
4956,9787512983,20.00
4957,199895486317,0.00
4958,55550482,2023.80
4959,112167320933,0.90
4960,58096686135,0.30
4961,99690786963,0.60
4962,199895486317,0.00
4963,2050527119,4.00
4964,24971409688,0.50
4965,51947772,2570.80
4966,2319215827,1.40
4967,3563338753,5.00
4968,199895486317,0.00
4969,199895486317,0.00
4970,199895486317,0.00
4971,884461957,3.00
4972,46618411,935.20
4973,133617753358,0.20
4974,1580100102,1.20
4975,199895486317,0.00
4976,99690786963,0.60
4977,133617753358,0.20
4978,199895486317,0.00
4979,133617753358,0.20
4980,199895486317,0.00
4981,150738065978,0.80
4982,2050527119,4.00
4983,1992334443,10.00
4984,156922756435,0.40
4985,89213611331,1.00
4986,199895486317,0.00
4987,884461957,3.00
4988,133617753358,0.20
4989,199895486317,0.00
4990,24971409688,0.50
4991,95024392251,0.10
4992,884461957,3.00
4993,199895486317,0.00
4994,53453679308,13.70
4995,1397444182,1.50
4996,1257016153,2.00
4997,43458298922,12.80
4998,1397444182,1.50
4999,9787512983,20.00
5000,58096686135,0.30
5001,199895486317,0.00
5002,6232077552,149.20
5003,199895486317,0.00
5004,1580100102,1.20
5005,2686103608,3.20
5006,199895486317,0.00
5007,24971409688,0.50
5008,60161173,2701.90
5009,884461957,3.00
5010,50039995,5000.00
5011,95024392251,0.10
5012,44491521465,11.60
5013,95024392251,0.10
5014,199895486317,0.00
5015,34529141,1012.20
5016,199895486317,0.00
5017,58096686135,0.30
5018,6000829929,164.70
5019,58096686135,0.30
5020,199895486317,0.00
5021,4114302921,9.00
5022,884461957,3.00
5023,199895486317,0.00
5024,2686103608,3.20
5025,199895486317,0.00
5026,199895486317,0.00
5027,89213611331,1.00
5028,199895486317,0.00
5029,14814045514,8.00
5030,58096686135,0.30
5031,1257016153,2.00
5032,937182873,6.00
5033,372336959068,0.70
5034,156922756435,0.40
5035,21181488519,61.30
5036,112167320933,0.90
5037,199895486317,0.00
5038,199895486317,0.00
5039,150738065978,0.80
5040,112167320933,0.90
5041,133617753358,0.20
5042,89213611331,1.00
5043,64056175,622.10
5044,133617753358,0.20
5045,95024392251,0.10
5046,199895486317,0.00
5047,58096686135,0.30
5048,37390884782,10.60
5049,199895486317,0.00
5050,54036684,3458.40
5051,199895486317,0.00
5052,199895486317,0.00
5053,51280119251,24.00
5054,39023304,1139.00
5055,53238638005,18.00
5056,199895486317,0.00
5057,58096686135,0.30
5058,5637723967,1.60
5059,53107577,826.90
5060,199895486317,0.00
5061,133617753358,0.20
5062,937182873,6.00
5063,372336959068,0.70
5064,199895486317,0.00
5065,10654894370,5.70
5066,199895486317,0.00
5067,199895486317,0.00
5068,1257016153,2.00
5069,199895486317,0.00
5070,2050527119,4.00
5071,884461957,3.00
5072,58096686135,0.30
5073,199895486317,0.00
5074,937182873,6.00
5075,133617753358,0.20
5076,24971409688,0.50
5077,63275575,359.60
5078,89213611331,1.00
5079,199895486317,0.00
5080,199895486317,0.00
5081,199895486317,0.00
5082,199895486317,0.00
5083,199895486317,0.00
5084,150738065978,0.80
5085,199895486317,0.00
5086,133617753358,0.20
5087,199895486317,0.00
5088,199895486317,0.00
5089,199895486317,0.00
5090,58096686135,0.30
5091,3359018551,4.20
5092,199895486317,0.00
5093,199895486317,0.00
5094,45016538674,79.10
5095,199895486317,0.00
5096,24971409688,0.50
5097,199895486317,0.00
5098,199895486317,0.00
5099,3583135578,1.10
5100,199895486317,0.00
5101,1392522315,205.00
5102,39423043,554.50
5103,40524063577,35.50
5104,199895486317,0.00
5105,5637723967,1.60
5106,884461957,3.00
5107,62163805,3510.30
5108,199895486317,0.00
5109,199895486317,0.00
5110,6686885106,2.60
5111,199895486317,0.00
5112,133617753358,0.20
5113,199895486317,0.00
5114,9787512983,20.00
5115,199895486317,0.00
5116,199895486317,0.00
5117,199895486317,0.00
5118,26164543188,12.20
5119,4581580340,1.70
5120,12384337605,9.30
5121,89213611331,1.00
5122,199895486317,0.00
5123,133617753358,0.20
5124,199895486317,0.00
5125,199895486317,0.00
5126,199895486317,0.00
5127,372336959068,0.70
5128,3359018551,4.20
5129,1992334443,10.00
5130,48706761,1665.00
5131,89213611331,1.00
5132,199895486317,0.00
5133,199895486317,0.00
5134,133617753358,0.20
5135,42007292,513.90
5136,150738065978,0.80
5137,199895486317,0.00
5138,199895486317,0.00
5139,5841178222,20.20
5140,12275654679,10.20
5141,59015532,605.30
5142,199895486317,0.00
5143,199895486317,0.00
5144,1397444182,1.50
5145,17292229334,7.00
5146,99690786963,0.60
5147,199895486317,0.00
5148,66506773,701.00
5149,199895486317,0.00
5150,199895486317,0.00
5151,73230616,3566.20
5152,58096686135,0.30
5153,199895486317,0.00
5154,199895486317,0.00
5155,199895486317,0.00
5156,58096686135,0.30
5157,156922756435,0.40
5158,99690786963,0.60
5159,199895486317,0.00
5160,99690786963,0.60
5161,95024392251,0.10
5162,156922756435,0.40
5163,199895486317,0.00
5164,199895486317,0.00
5165,199895486317,0.00
5166,5380879713,2.40
5167,199895486317,0.00
5168,9651044235,3.70
5169,199895486317,0.00
5170,89213611331,1.00
5171,5380879713,2.40
5172,89213611331,1.00
5173,9798835701,4.60
5174,58096686135,0.30
5175,199895486317,0.00
5176,112167320933,0.90
5177,133617753358,0.20
5178,31018447,694.10
5179,199895486317,0.00
5180,884461957,3.00
5181,58096686135,0.30
5182,58096686135,0.30
5183,3583135578,1.10
5184,24971409688,0.50
5185,199895486317,0.00
5186,199895486317,0.00
5187,1992334443,10.00
5188,18142448437,3.90
5189,116804119222,15.70
5190,199895486317,0.00
5191,133617753358,0.20
5192,49650921,644.90
5193,199895486317,0.00
5194,6686885106,2.60
5195,3359018551,4.20
5196,199895486317,0.00
5197,199895486317,0.00
5198,99690786963,0.60
5199,199895486317,0.00
5200,199895486317,0.00
5201,150738065978,0.80
5202,89213611331,1.00
5203,884461957,3.00
5204,61466186,560.80
5205,2319215827,1.40
5206,79455602,3736.20
5207,99690786963,0.60
5208,199895486317,0.00
5209,18443957751,12.00
5210,199895486317,0.00
5211,199895486317,0.00
5212,199895486317,0.00
5213,199895486317,0.00
5214,183079203758,7.10
5215,4581580340,1.70
5216,199895486317,0.00
5217,199895486317,0.00
5218,199895486317,0.00
5219,4614762981,1.80
5220,150738065978,0.80
5221,199895486317,0.00
5222,89213611331,1.00
5223,99690786963,0.60
5224,199895486317,0.00
5225,1257016153,2.00
5226,199895486317,0.00
5227,99690786963,0.60
5228,3351140730,1.30
5229,89213611331,1.00
5230,37573836481,8.30
5231,133617753358,0.20
5232,199895486317,0.00
5233,199895486317,0.00
5234,199895486317,0.00
5235,112167320933,0.90
5236,63111677,392.00
5237,56416477,2020.80
5238,199895486317,0.00
5239,937182873,6.00
5240,156922756435,0.40
5241,199895486317,0.00
5242,1580100102,1.20
5243,199895486317,0.00
5244,14121552492,6.30
5245,89213611331,1.00
5246,37641250,1130.60
5247,63090336,400.60
5248,156922756435,0.40
5249,199895486317,0.00
5250,58096686135,0.30
5251,150738065978,0.80
5252,199895486317,0.00
5253,61804643104,68.50
5254,58096686135,0.30
5255,1257016153,2.00
5256,199895486317,0.00
5257,199895486317,0.00
5258,199895486317,0.00
5259,156922756435,0.40
5260,58007914,743.90
5261,199895486317,0.00
5262,199895486317,0.00
5263,112167320933,0.90
5264,49225018,443.20
5265,133617753358,0.20
5266,199895486317,0.00
5267,199895486317,0.00
5268,199895486317,0.00
5269,199895486317,0.00
5270,63017616687,6.70
5271,199895486317,0.00
5272,199895486317,0.00
5273,199895486317,0.00
5274,133617753358,0.20
5275,58096686135,0.30
5276,199895486317,0.00
5277,199895486317,0.00
5278,45616527,689.70
5279,199895486317,0.00
5280,199895486317,0.00
5281,133617753358,0.20
5282,3708328705,2.70
5283,884461957,3.00
5284,1580100102,1.20
5285,5715697093,2.20
5286,5380879713,2.40
5287,199895486317,0.00
5288,199895486317,0.00
5289,199895486317,0.00
5290,9651044235,3.70
5291,99690786963,0.60
5292,199895486317,0.00
5293,24971409688,0.50
5294,59735772959,8.10
5295,58096686135,0.30
5296,199895486317,0.00
5297,199895486317,0.00
5298,3351140730,1.30
5299,199895486317,0.00
5300,28556054607,5.50
5301,885650399,221.90
5302,66359681,874.20
5303,1580100102,1.20
5304,49361526,585.60
5305,6348347708,4.30
5306,199895486317,0.00
5307,199895486317,0.00
5308,199895486317,0.00
5309,214497222985,8.50
5310,199895486317,0.00
5311,199895486317,0.00
5312,156922756435,0.40
5313,14121552492,6.30
5314,1257016153,2.00
5315,63051631,627.10
5316,199895486317,0.00
5317,133617753358,0.20
5318,199895486317,0.00
5319,199895486317,0.00
5320,199895486317,0.00
5321,65925493,2617.70
5322,95024392251,0.10
5323,58096686135,0.30
5324,199895486317,0.00
5325,58096686135,0.30
5326,24971409688,0.50
5327,199895486317,0.00
5328,133617753358,0.20
5329,199895486317,0.00
5330,125082008,275.80
5331,1580100102,1.20
5332,199895486317,0.00
5333,199895486317,0.00
5334,1580100102,1.20
5335,199895486317,0.00
5336,2319215827,1.40
5337,99690786963,0.60
5338,3351140730,1.30
5339,199895486317,0.00
5340,259934323,247.10
5341,89213611331,1.00
5342,199895486317,0.00
5343,199895486317,0.00
5344,1257016153,2.00
5345,199895486317,0.00
5346,199895486317,0.00
5347,199895486317,0.00
5348,199895486317,0.00
5349,199895486317,0.00
5350,199895486317,0.00
5351,199895486317,0.00
5352,95024392251,0.10
5353,18560518827,6.20
5354,199895486317,0.00
5355,199895486317,0.00
5356,199895486317,0.00
5357,156922756435,0.40
5358,199895486317,0.00
5359,133617753358,0.20
5360,1257016153,2.00
5361,199895486317,0.00
5362,199895486317,0.00
5363,199895486317,0.00
5364,199895486317,0.00
5365,30295032087,7.20
5366,199895486317,0.00
5367,89213611331,1.00
5368,133617753358,0.20
5369,5052232239,2.90
5370,1257016153,2.00
5371,199895486317,0.00
5372,199895486317,0.00
5373,99690786963,0.60
5374,199895486317,0.00
5375,50924843,3201.80
5376,99690786963,0.60
5377,199895486317,0.00
5378,199895486317,0.00
5379,199895486317,0.00
5380,199895486317,0.00
5381,199895486317,0.00
5382,199895486317,0.00
5383,199895486317,0.00
5384,199895486317,0.00
5385,8145471336,5.60
5386,58096686135,0.30
5387,14475307068,1.90
5388,2050527119,4.00
5389,58096686135,0.30
5390,3359018551,4.20
5391,199895486317,0.00
5392,199895486317,0.00
5393,199895486317,0.00
5394,2050527119,4.00
5395,58348467,319.40
5396,99690786963,0.60
5397,199895486317,0.00
5398,89213611331,1.00
5399,199895486317,0.00
5400,58096686135,0.30
5401,199895486317,0.00
5402,199895486317,0.00
5403,199895486317,0.00
5404,199895486317,0.00
5405,3351140730,1.30
5406,199895486317,0.00
5407,199895486317,0.00
5408,199895486317,0.00
5409,2050527119,4.00
5410,199895486317,0.00
5411,79162127489,36.00
5412,12275654679,10.20
5413,35333246,1613.00
5414,18359068040,8.40
5415,3359018551,4.20
5416,1580100102,1.20
5417,199895486317,0.00
5418,133617753358,0.20
5419,199895486317,0.00
5420,156922756435,0.40
5421,199895486317,0.00
5422,3359018551,4.20
5423,199895486317,0.00
5424,133617753358,0.20
5425,95024392251,0.10
5426,133617753358,0.20
5427,24971409688,0.50
5428,199895486317,0.00
5429,4114302921,9.00
5430,199895486317,0.00
5431,44343672835,42.40
5432,199895486317,0.00
5433,24971409688,0.50
5434,199895486317,0.00
5435,95024392251,0.10
5436,199895486317,0.00
5437,199895486317,0.00
5438,199895486317,0.00
5439,4581580340,1.70
5440,21693192042,4.90
5441,7218173098,2.50
5442,35111032227,7.60
5443,199895486317,0.00
5444,7218173098,2.50
5445,199895486317,0.00
5446,199895486317,0.00
5447,58096686135,0.30
5448,199895486317,0.00
5449,42683617110,20.40
5450,1397444182,1.50
5451,199895486317,0.00
5452,2050527119,4.00
5453,3054182582,183.80
5454,58096686135,0.30
5455,283844269,240.60
5456,133617753358,0.20
5457,199895486317,0.00
5458,9787512983,20.00
5459,1397444182,1.50
5460,42886581248,24.70
5461,1580100102,1.20
5462,4614762981,1.80
5463,199895486317,0.00
5464,199895486317,0.00
5465,199895486317,0.00
5466,199895486317,0.00
5467,4001483371,40.00
5468,199895486317,0.00
5469,1257016153,2.00
5470,50948219,433.30
5471,199895486317,0.00
5472,6686885106,2.60
5473,199895486317,0.00
5474,199895486317,0.00
5475,103160325592,18.20
5476,58096686135,0.30
5477,199895486317,0.00
5478,199895486317,0.00
5479,199895486317,0.00
5480,199895486317,0.00
5481,199895486317,0.00
5482,112167320933,0.90
5483,199895486317,0.00
5484,199895486317,0.00
5485,24971409688,0.50
5486,43734398,2620.00
5487,199895486317,0.00
5488,199895486317,0.00
5489,372336959068,0.70
5490,1580100102,1.20
5491,199895486317,0.00
5492,199895486317,0.00
5493,199895486317,0.00
5494,199895486317,0.00
5495,1397444182,1.50
5496,24971409688,0.50
5497,99690786963,0.60
5498,199895486317,0.00
5499,48634082,2745.60
5500,15971593851,119.50
5501,133617753358,0.20
5502,4581580340,1.70
5503,1257016153,2.00
5504,99690786963,0.60
5505,43455967,648.20
5506,7218173098,2.50
5507,5380879713,2.40
5508,58144914338,5.90
5509,199895486317,0.00
5510,20832874289,4.10
5511,1257016153,2.00
5512,199895486317,0.00
5513,24971409688,0.50
5514,372336959068,0.70
5515,199895486317,0.00
5516,58096686135,0.30
5517,199895486317,0.00
5518,199895486317,0.00
5519,156922756435,0.40
5520,199895486317,0.00
5521,199895486317,0.00
5522,199895486317,0.00
5523,12275654679,10.20
5524,199895486317,0.00
5525,937182873,6.00
5526,7218173098,2.50
5527,1257016153,2.00
5528,199895486317,0.00
5529,99690786963,0.60
5530,199895486317,0.00
5531,16725704523,10.30
5532,2319215827,1.40
5533,199895486317,0.00
5534,199895486317,0.00
5535,89213611331,1.00
5536,199895486317,0.00
5537,1397444182,1.50
5538,1257016153,2.00
5539,884461957,3.00
5540,199895486317,0.00
5541,99690786963,0.60
5542,3563338753,5.00
5543,2050527119,4.00
5544,1257016153,2.00
5545,199895486317,0.00
5546,199895486317,0.00
5547,1397444182,1.50
5548,199895486317,0.00
5549,58096686135,0.30
5550,199895486317,0.00
5551,48923109,2060.40
5552,199895486317,0.00
5553,199895486317,0.00
5554,5052232239,2.90
5555,219198652,256.10
5556,199895486317,0.00
5557,37390884782,10.60
5558,112167320933,0.90
5559,199895486317,0.00
5560,199895486317,0.00
5561,50039995,5000.00
5562,9787512983,20.00
5563,199895486317,0.00
5564,1257016153,2.00
5565,2319215827,1.40
5566,24971409688,0.50
5567,58096686135,0.30
5568,156922756435,0.40
5569,173387451870,14.40
5570,199895486317,0.00
5571,199895486317,0.00
5572,89213611331,1.00
5573,884461957,3.00
5574,58476848,348.90
5575,58096686135,0.30
5576,61605647,538.30
5577,199895486317,0.00
5578,112167320933,0.90
5579,99690786963,0.60
5580,37390884782,10.60
5581,68389237,3662.00
5582,36486192,1644.30
5583,199895486317,0.00
5584,58287734,2338.10
5585,199895486317,0.00
5586,1580100102,1.20
5587,133617753358,0.20
5588,199895486317,0.00
5589,199895486317,0.00
5590,41099394,1506.80
5591,199895486317,0.00
5592,199895486317,0.00
5593,58096686135,0.30
5594,112167320933,0.90
5595,372336959068,0.70
5596,199895486317,0.00
5597,199895486317,0.00
5598,199895486317,0.00
5599,95024392251,0.10
5600,199895486317,0.00
5601,2691065770,2.10
5602,133617753358,0.20
5603,199895486317,0.00
5604,5637723967,1.60
5605,199895486317,0.00
5606,199895486317,0.00
5607,199895486317,0.00
5608,199895486317,0.00
5609,77035178,3211.20
5610,53820506,4334.40
5611,199895486317,0.00
5612,199895486317,0.00
5613,80566117660,27.50
5614,53238638005,18.00
5615,199895486317,0.00
5616,199895486317,0.00
5617,199895486317,0.00
5618,199895486317,0.00
5619,199895486317,0.00
5620,112167320933,0.90
5621,5794283918,11.00
5622,372336959068,0.70
5623,1580100102,1.20
5624,18560518827,6.20
5625,199895486317,0.00
5626,9798835701,4.60
5627,199895486317,0.00
5628,199895486317,0.00
5629,7218173098,2.50
5630,199895486317,0.00
5631,199895486317,0.00
5632,199895486317,0.00
5633,133617753358,0.20
5634,199895486317,0.00
5635,199895486317,0.00
5636,156922756435,0.40
5637,58096686135,0.30
5638,1257016153,2.00
5639,199895486317,0.00
5640,199895486317,0.00
5641,47337113,2141.30
5642,199895486317,0.00
5643,58096686135,0.30
5644,112167320933,0.90
5645,12146948584,3.50
5646,199895486317,0.00
5647,199895486317,0.00
5648,42259195,328.60
5649,199895486317,0.00
5650,199895486317,0.00
5651,1580100102,1.20
5652,199895486317,0.00
5653,58096686135,0.30
5654,112167320933,0.90
5655,59876335,553.20
5656,372336959068,0.70
5657,199895486317,0.00
5658,1580100102,1.20
5659,14475307068,1.90
5660,58096686135,0.30
5661,56991772,2266.60
5662,58096686135,0.30
5663,199895486317,0.00
5664,112167320933,0.90
5665,199895486317,0.00
5666,884461957,3.00
5667,2319215827,1.40
5668,95024392251,0.10
5669,5909996763,4.50
5670,24971409688,0.50
5671,1257016153,2.00
5672,199895486317,0.00
5673,199895486317,0.00
5674,45665656768,52.10
5675,199895486317,0.00
5676,5794283918,11.00
5677,63919673584,23.60
5678,2691065770,2.10
5679,199895486317,0.00
5680,31249040209,10.70
5681,199895486317,0.00
5682,199895486317,0.00
5683,199895486317,0.00
5684,199895486317,0.00
5685,5380879713,2.40
5686,89213611331,1.00
5687,199895486317,0.00
5688,42449745,514.30
5689,156922756435,0.40
5690,43518020,1249.10
5691,32223814537,6.40
5692,9651044235,3.70
5693,5637723967,1.60
5694,99690786963,0.60
5695,89213611331,1.00
5696,40405729,1391.30
5697,4581580340,1.70
5698,1257016153,2.00
5699,4087369411,2.30
5700,56670451658,41.50
5701,112167320933,0.90
5702,199895486317,0.00
5703,199895486317,0.00
5704,2050527119,4.00
5705,89213611331,1.00
5706,30376506,1397.90
5707,64115932,315.70
5708,3583135578,1.10
5709,199895486317,0.00
5710,52395455,1818.40
5711,199895486317,0.00
5712,89213611331,1.00
5713,58096686135,0.30
5714,35853164560,5.80
5715,199895486317,0.00
5716,372336959068,0.70
5717,150738065978,0.80
5718,4614762981,1.80
5719,112167320933,0.90
5720,150738065978,0.80
5721,199895486317,0.00
5722,9651044235,3.70
5723,199895486317,0.00
5724,199895486317,0.00
5725,7974666852,3.30
5726,156922756435,0.40
5727,2050527119,4.00
5728,51957142,691.20
5729,18945197840,4.40
5730,24971409688,0.50
5731,199895486317,0.00
5732,1580100102,1.20
5733,127829195472,31.20
5734,133617753358,0.20
5735,2050527119,4.00
5736,34065993,1565.40
5737,99690786963,0.60
5738,3351140730,1.30
5739,2319215827,1.40
5740,199895486317,0.00
5741,58096686135,0.30
5742,199895486317,0.00
5743,1257016153,2.00
5744,99690786963,0.60
5745,199895486317,0.00
5746,199895486317,0.00
5747,89213611331,1.00
5748,133617753358,0.20
5749,199895486317,0.00
5750,199895486317,0.00
5751,199895486317,0.00
5752,199895486317,0.00
5753,95024392251,0.10
5754,95024392251,0.10
5755,199895486317,0.00
5756,199895486317,0.00
5757,199895486317,0.00
5758,58096686135,0.30
5759,1986642553,199.80
5760,89213611331,1.00
5761,133617753358,0.20
5762,5909996763,4.50
5763,199895486317,0.00
5764,199895486317,0.00
5765,199895486317,0.00
5766,1257016153,2.00
5767,3351140730,1.30
5768,884461957,3.00
5769,112167320933,0.90
5770,1397444182,1.50
5771,199895486317,0.00
5772,1580100102,1.20
5773,58096686135,0.30
5774,112167320933,0.90
5775,199895486317,0.00
5776,133617753358,0.20
5777,112167320933,0.90
5778,99690786963,0.60
5779,199895486317,0.00
5780,112167320933,0.90
5781,50039995,5000.00
5782,199895486317,0.00
5783,199895486317,0.00
5784,199895486317,0.00
5785,58096686135,0.30
5786,4581580340,1.70
5787,199895486317,0.00
5788,60449092,4525.20
5789,99690786963,0.60
5790,3351140730,1.30
5791,1330261363,202.00
5792,112167320933,0.90
5793,199895486317,0.00
5794,112167320933,0.90
5795,199895486317,0.00
5796,199895486317,0.00
5797,199895486317,0.00
5798,199895486317,0.00
5799,58096686135,0.30
5800,24971409688,0.50
5801,99690786963,0.60
5802,1397444182,1.50
5803,199895486317,0.00
5804,3351140730,1.30
5805,199895486317,0.00
5806,58096686135,0.30
5807,5637723967,1.60
5808,24971409688,0.50
5809,113247305237,12.70
5810,133617753358,0.20
5811,58096686135,0.30
5812,3351140730,1.30
5813,99690786963,0.60
5814,3583135578,1.10
5815,62466309,4086.40
5816,199895486317,0.00
5817,199895486317,0.00
5818,50423798,370.70
5819,58096686135,0.30
5820,199895486317,0.00
5821,199895486317,0.00
5822,199895486317,0.00
5823,150738065978,0.80
5824,40407257,1795.00
5825,199895486317,0.00
5826,3351140730,1.30
5827,199895486317,0.00
5828,199895486317,0.00
5829,15010998390,20.60
5830,199895486317,0.00
5831,133617753358,0.20
5832,65063797,631.90
5833,199895486317,0.00
5834,58096686135,0.30
5835,1257016153,2.00
5836,199895486317,0.00
5837,14115377113,30.00
5838,199895486317,0.00
5839,199895486317,0.00
5840,4581580340,1.70
5841,58096686135,0.30
5842,156922756435,0.40
5843,199895486317,0.00
5844,5637723967,1.60
5845,99690786963,0.60
5846,24862734501,3.80
5847,199895486317,0.00
5848,199895486317,0.00
5849,199895486317,0.00
5850,39484481,1917.20
5851,199895486317,0.00
5852,48937932,1190.30
5853,199895486317,0.00
5854,199895486317,0.00
5855,18560518827,6.20
5856,3583135578,1.10
5857,1257016153,2.00
5858,52834814,311.10
5859,884461957,3.00
5860,3563338753,5.00
5861,2319215827,1.40
5862,199895486317,0.00
5863,58096686135,0.30
5864,4087369411,2.30
5865,199895486317,0.00
5866,199895486317,0.00
5867,199895486317,0.00
5868,199895486317,0.00
5869,24971409688,0.50
5870,199895486317,0.00
5871,89213611331,1.00
5872,2686103608,3.20
5873,199895486317,0.00
5874,38906944,1133.10
5875,46337744,496.40
5876,3351140730,1.30
5877,199895486317,0.00
5878,54543959,825.70
5879,199895486317,0.00
5880,99690786963,0.60
5881,67524712,3205.20
5882,52740592,1594.00
5883,6348347708,4.30
5884,2686103608,3.20
5885,24971409688,0.50
5886,199895486317,0.00
5887,150738065978,0.80
5888,42683617110,20.40
5889,133617753358,0.20
5890,95024392251,0.10
5891,199895486317,0.00
5892,937182873,6.00
5893,937182873,6.00
5894,156922756435,0.40
5895,199895486317,0.00
5896,199895486317,0.00
5897,199895486317,0.00
5898,1397444182,1.50
5899,199895486317,0.00
5900,95024392251,0.10
5901,89213611331,1.00
5902,59447475,681.80
5903,199895486317,0.00
5904,199895486317,0.00
5905,199895486317,0.00
5906,58096686135,0.30
5907,199895486317,0.00
5908,95024392251,0.10
5909,24971409688,0.50
5910,199895486317,0.00
5911,133617753358,0.20
5912,199895486317,0.00
5913,199895486317,0.00
5914,199895486317,0.00
5915,22457361821,10.50
5916,39976113,350.60
5917,199895486317,0.00
5918,5637723967,1.60
5919,89213611331,1.00
5920,199895486317,0.00
5921,199895486317,0.00
5922,6348347708,4.30
5923,5326926121,167.20
5924,372336959068,0.70
5925,199895486317,0.00
5926,1580100102,1.20
5927,58096686135,0.30
5928,199895486317,0.00
5929,199895486317,0.00
5930,199895486317,0.00
5931,133617753358,0.20
5932,199895486317,0.00
5933,199895486317,0.00
5934,199895486317,0.00
5935,199895486317,0.00
5936,133617753358,0.20
5937,2050527119,4.00
5938,199895486317,0.00
5939,5052232239,2.90
5940,133617753358,0.20
5941,199895486317,0.00
5942,112167320933,0.90
5943,3583135578,1.10
5944,2319215827,1.40
5945,1397444182,1.50
5946,3563338753,5.00
5947,1257016153,2.00
5948,199895486317,0.00
5949,24971409688,0.50
5950,199895486317,0.00
5951,199895486317,0.00
5952,1580100102,1.20
5953,69190792,291.20
5954,40424343,440.00
5955,27736694344,11.50
5956,58096686135,0.30
5957,199895486317,0.00
5958,156922756435,0.40
5959,199895486317,0.00
5960,199895486317,0.00
5961,43584579809,13.30
5962,199895486317,0.00
5963,2050527119,4.00
5964,18560518827,6.20
5965,199895486317,0.00
5966,133617753358,0.20
5967,34988735,1844.10
5968,199895486317,0.00
5969,199895486317,0.00
5970,199895486317,0.00
5971,199895486317,0.00
5972,199895486317,0.00
5973,1580100102,1.20
5974,199895486317,0.00
5975,199895486317,0.00
5976,199895486317,0.00
5977,58144914338,5.90
5978,47634261,353.00
5979,95024392251,0.10
5980,1580100102,1.20
5981,12146948584,3.50
5982,2050527119,4.00
5983,199895486317,0.00
5984,133617753358,0.20
5985,39945596,1270.30
5986,1257016153,2.00
5987,199895486317,0.00
5988,199895486317,0.00
5989,199895486317,0.00
5990,26164543188,12.20
5991,199895486317,0.00
5992,24971409688,0.50
5993,58096686135,0.30
5994,199895486317,0.00
5995,199895486317,0.00
5996,199895486317,0.00
5997,5637723967,1.60
5998,89213611331,1.00
5999,2050527119,4.00
6000,14814045514,8.00
6001,199895486317,0.00
6002,133617753358,0.20
6003,4581580340,1.70
6004,199895486317,0.00
6005,63592321697,50.10
6006,199895486317,0.00
6007,57408307,308.50
6008,58096686135,0.30
6009,156922756435,0.40
6010,30469253403,112.00
6011,199895486317,0.00
6012,156922756435,0.40
6013,199895486317,0.00
6014,199895486317,0.00
6015,199895486317,0.00
6016,63908086,2890.10
6017,95024392251,0.10
6018,199895486317,0.00
6019,199895486317,0.00
6020,112167320933,0.90
6021,24971409688,0.50
6022,199895486317,0.00
6023,99690786963,0.60
6024,1580100102,1.20
6025,112167320933,0.90
6026,1580100102,1.20
6027,937182873,6.00
6028,150738065978,0.80
6029,1580100102,1.20
6030,4087369411,2.30
6031,1580100102,1.20
6032,58144914338,5.90
6033,133617753358,0.20
6034,937182873,6.00
6035,156922756435,0.40
6036,199895486317,0.00
6037,199895486317,0.00
6038,89213611331,1.00
6039,199895486317,0.00
6040,199895486317,0.00
6041,199895486317,0.00
6042,56850099,835.60
6043,3583135578,1.10
6044,199895486317,0.00
6045,58096686135,0.30
6046,58096686135,0.30
6047,156922756435,0.40
6048,99690786963,0.60
6049,34799452868,62.80
6050,199895486317,0.00
6051,199895486317,0.00
6052,133617753358,0.20
6053,133617753358,0.20
6054,156922756435,0.40
6055,199895486317,0.00
6056,99690786963,0.60
6057,199895486317,0.00
6058,3708328705,2.70
6059,199895486317,0.00
6060,58096686135,0.30
6061,372336959068,0.70
6062,17309206907,5.40
6063,50784007716,9.40
6064,133617753358,0.20
6065,5794283918,11.00
6066,133617753358,0.20
6067,372336959068,0.70
6068,64609480,337.20
6069,4581580340,1.70
6070,1257016153,2.00
6071,156922756435,0.40
6072,99690786963,0.60
6073,199895486317,0.00
6074,133617753358,0.20
6075,199895486317,0.00
6076,199895486317,0.00
6077,2686103608,3.20
6078,199895486317,0.00
6079,7218173098,2.50
6080,95024392251,0.10
6081,199895486317,0.00
6082,199895486317,0.00
6083,199895486317,0.00
6084,1397444182,1.50
6085,199895486317,0.00
6086,199895486317,0.00
6087,20069186555,23.00
6088,58096686135,0.30
6089,58096686135,0.30
6090,199895486317,0.00
6091,199895486317,0.00
6092,199895486317,0.00
6093,99690786963,0.60
6094,46188322,735.20
6095,199895486317,0.00
6096,199895486317,0.00
6097,3351140730,1.30
6098,133617753358,0.20
6099,199895486317,0.00
6100,133617753358,0.20
6101,1561234870,194.50
6102,199895486317,0.00
6103,58096686135,0.30
6104,199895486317,0.00
6105,58096686135,0.30
6106,199895486317,0.00
6107,199895486317,0.00
6108,58096686135,0.30
6109,199895486317,0.00
6110,58096686135,0.30
6111,1397444182,1.50
6112,24971409688,0.50
6113,1580100102,1.20
6114,94731422856,17.90
6115,1580100102,1.20
6116,49503183,957.30
6117,43890452,452.40
6118,199895486317,0.00
6119,199895486317,0.00
6120,37831922,813.50
6121,199895486317,0.00
6122,156922756435,0.40
6123,3708328705,2.70
6124,2050527119,4.00
6125,59882387,617.40
6126,37683459793,16.30
6127,99690786963,0.60
6128,30284072784,20.70
6129,199895486317,0.00
6130,372336959068,0.70
6131,89213611331,1.00
6132,133617753358,0.20
6133,199895486317,0.00
6134,372336959068,0.70
6135,95024392251,0.10
6136,94731422856,17.90
6137,199895486317,0.00
6138,9787512983,20.00
6139,372336959068,0.70
6140,3583135578,1.10
6141,52973610,1040.10
6142,372336959068,0.70
6143,1580100102,1.20
6144,50039995,5000.00
6145,58011080107,56.60
6146,199895486317,0.00
6147,199895486317,0.00
6148,58096686135,0.30
6149,199895486317,0.00
6150,18560518827,6.20
6151,884461957,3.00
6152,1257016153,2.00
6153,156922756435,0.40
6154,1992334443,10.00
6155,199895486317,0.00
6156,99690786963,0.60
6157,199895486317,0.00
6158,199895486317,0.00
6159,95024392251,0.10
6160,89213611331,1.00
6161,937182873,6.00
6162,133617753358,0.20
6163,28840901516,5.20
6164,133617753358,0.20
6165,104508409,277.10
6166,51474372,1571.80
6167,199895486317,0.00
6168,99690786963,0.60
6169,199895486317,0.00
6170,5380879713,2.40
6171,156922756435,0.40
6172,199895486317,0.00
6173,199895486317,0.00
6174,199895486317,0.00
6175,62690365518,20.50
6176,372336959068,0.70
6177,99690786963,0.60
6178,937182873,6.00
6179,112167320933,0.90
6180,150738065978,0.80
6181,33377146429,108.80
6182,199895486317,0.00
6183,24971409688,0.50
6184,199895486317,0.00
6185,48495590,937.20
6186,199895486317,0.00
6187,199895486317,0.00
6188,5715697093,2.20
6189,150738065978,0.80
6190,199895486317,0.00
6191,94964682422,21.20
6192,2691065770,2.10
6193,937182873,6.00
6194,199895486317,0.00
6195,3563338753,5.00
6196,99690786963,0.60
6197,58096686135,0.30
6198,61173625,447.90
6199,199895486317,0.00
6200,4614762981,1.80
6201,199895486317,0.00
6202,6187297464,159.70
6203,58096686135,0.30
6204,58096686135,0.30
6205,133617753358,0.20
6206,46626840,589.40
6207,199895486317,0.00
6208,372336959068,0.70
6209,1580100102,1.20
6210,7218173098,2.50
6211,24971409688,0.50
6212,80798049,267.20
6213,199895486317,0.00
6214,3351140730,1.30
6215,133617753358,0.20
6216,1257016153,2.00
6217,156922756435,0.40
6218,53676964,2795.40
6219,99690786963,0.60
6220,1257016153,2.00
6221,199895486317,0.00
6222,199895486317,0.00
6223,46287123,1321.90
6224,199895486317,0.00
6225,199895486317,0.00
6226,133617753358,0.20
6227,199895486317,0.00
6228,199895486317,0.00
6229,199895486317,0.00
6230,199895486317,0.00
6231,5909996763,4.50
6232,199895486317,0.00
6233,199895486317,0.00
6234,199895486317,0.00
6235,24971409688,0.50
6236,99690786963,0.60
6237,1580100102,1.20
6238,199895486317,0.00
6239,1257016153,2.00
6240,133617753358,0.20
6241,199895486317,0.00
6242,199895486317,0.00
6243,89213611331,1.00
6244,24971409688,0.50
6245,199895486317,0.00
6246,133617753358,0.20
6247,199895486317,0.00
6248,99690786963,0.60
6249,50039995,5000.00
6250,199895486317,0.00
6251,156922756435,0.40
6252,199895486317,0.00
6253,199895486317,0.00
6254,89213611331,1.00
6255,95024392251,0.10
6256,133617753358,0.20
6257,884461957,3.00
6258,4114302921,9.00
6259,58096686135,0.30
6260,199895486317,0.00
6261,150738065978,0.80
6262,199895486317,0.00
6263,199895486317,0.00
6264,99690786963,0.60
6265,49794455,535.20
6266,64405571602,47.90
6267,199895486317,0.00
6268,2050527119,4.00
6269,199895486317,0.00
6270,40827153235,20.70
6271,199895486317,0.00
6272,199895486317,0.00
6273,937182873,6.00
6274,199895486317,0.00
6275,24971409688,0.50
6276,4114302921,9.00
6277,8430614794,156.00
6278,14814045514,8.00
6279,9798835701,4.60
6280,58096686135,0.30
6281,884461957,3.00
6282,58096686135,0.30
6283,199895486317,0.00
6284,45430628615,58.80
6285,199895486317,0.00
6286,133617753358,0.20
6287,199895486317,0.00
6288,199895486317,0.00
6289,1397444182,1.50
6290,199895486317,0.00
6291,1992334443,10.00
6292,89213611331,1.00
6293,937182873,6.00
6294,199895486317,0.00
6295,7974666852,3.30
6296,50784007716,9.40
6297,372336959068,0.70
6298,199895486317,0.00
6299,199895486317,0.00
6300,31414436,1780.60
6301,1580100102,1.20
6302,95024392251,0.10
6303,5637723967,1.60
6304,372336959068,0.70
6305,133617753358,0.20
6306,884461957,3.00
6307,199895486317,0.00
6308,199895486317,0.00
6309,199895486317,0.00
6310,28840901516,5.20
6311,58096686135,0.30
6312,1257016153,2.00
6313,58096686135,0.30
6314,199895486317,0.00
6315,1397444182,1.50
6316,199895486317,0.00
6317,199895486317,0.00
6318,199895486317,0.00
6319,372336959068,0.70
6320,372336959068,0.70
6321,133617753358,0.20
6322,65352320,743.20
6323,89213611331,1.00
6324,199895486317,0.00
6325,43651954565,40.30
6326,199895486317,0.00
6327,5439464766,3.60
6328,884461957,3.00
6329,199895486317,0.00
6330,199895486317,0.00
6331,112167320933,0.90
6332,1257016153,2.00
6333,199895486317,0.00
6334,199895486317,0.00
6335,199895486317,0.00
6336,199895486317,0.00
6337,199895486317,0.00
6338,199895486317,0.00
6339,199895486317,0.00
6340,199895486317,0.00
6341,95024392251,0.10
6342,99690786963,0.60
6343,199895486317,0.00
6344,99690786963,0.60
6345,5439464766,3.60
6346,112167320933,0.90
6347,199895486317,0.00
6348,156922756435,0.40
6349,3563338753,5.00
6350,199895486317,0.00
6351,199895486317,0.00
6352,199895486317,0.00
6353,199895486317,0.00
6354,199895486317,0.00
6355,199895486317,0.00
6356,44324865,1692.90
6357,95024392251,0.10
6358,18945197840,4.40
6359,2686103608,3.20
6360,95024392251,0.10
6361,199895486317,0.00
6362,99690786963,0.60
6363,58096686135,0.30
6364,58096686135,0.30
6365,199895486317,0.00
6366,199895486317,0.00
6367,1257016153,2.00
6368,4581580340,1.70
6369,199895486317,0.00
6370,199895486317,0.00
6371,199895486317,0.00
6372,5637723967,1.60
6373,58096686135,0.30
6374,52107788,375.50
6375,199895486317,0.00
6376,150738065978,0.80
6377,133617753358,0.20
6378,61180128,500.60
6379,199895486317,0.00
6380,199895486317,0.00
6381,99690786963,0.60
6382,99690786963,0.60
6383,58096686135,0.30
6384,199895486317,0.00
6385,62690365518,20.50
6386,2050527119,4.00
6387,1397444182,1.50
6388,5841178222,20.20
6389,199895486317,0.00
6390,1992334443,10.00
6391,199895486317,0.00
6392,199895486317,0.00
6393,5637723967,1.60
6394,57234851,347.60
6395,199895486317,0.00
6396,72151167,308.00
6397,95024392251,0.10
6398,199895486317,0.00
6399,5380879713,2.40
6400,1992334443,10.00
6401,884461957,3.00
6402,95024392251,0.10
6403,199895486317,0.00
6404,58096686135,0.30
6405,5909996763,4.50
6406,2319215827,1.40
6407,199895486317,0.00
6408,89213611331,1.00
6409,937182873,6.00
6410,133617753358,0.20
6411,199895486317,0.00
6412,31183524,1870.60
6413,99690786963,0.60
6414,2050527119,4.00
6415,112167320933,0.90
6416,199895486317,0.00
6417,199895486317,0.00
6418,133617753358,0.20
6419,199895486317,0.00
6420,199895486317,0.00
6421,199895486317,0.00
6422,199895486317,0.00
6423,133617753358,0.20
6424,89213611331,1.00
6425,1257016153,2.00
6426,5637723967,1.60
6427,199895486317,0.00
6428,58096686135,0.30
6429,58096686135,0.30
6430,199895486317,0.00
6431,19348448,898.70
6432,66156593952,83.00
6433,199895486317,0.00
6434,95024392251,0.10
6435,199895486317,0.00
6436,2686103608,3.20
6437,1580100102,1.20
6438,199895486317,0.00
6439,3351140730,1.30
6440,199895486317,0.00
6441,372336959068,0.70
6442,199895486317,0.00
6443,372336959068,0.70
6444,937182873,6.00
6445,156922756435,0.40
6446,32022246258,9.10
6447,31991478,1568.00
6448,199895486317,0.00
6449,42019401,1998.60
6450,112167320933,0.90
6451,112167320933,0.90
6452,199895486317,0.00
6453,2050527119,4.00
6454,89213611331,1.00
6455,2050527119,4.00
6456,95024392251,0.10
6457,58096686135,0.30
6458,18945197840,4.40
6459,58096686135,0.30
6460,6127434991,143.00
6461,199895486317,0.00
6462,89213611331,1.00
6463,199895486317,0.00
6464,24971409688,0.50
6465,50039995,5000.00
6466,199895486317,0.00
6467,199895486317,0.00
6468,199895486317,0.00
6469,199895486317,0.00
6470,199895486317,0.00
6471,199895486317,0.00
6472,133617753358,0.20
6473,199895486317,0.00
6474,884461957,3.00
6475,106892039223,11.70
6476,58096686135,0.30
6477,372336959068,0.70
6478,199895486317,0.00
6479,199895486317,0.00
6480,199895486317,0.00
6481,5637723967,1.60
6482,199895486317,0.00
6483,95024392251,0.10
6484,199895486317,0.00
6485,199895486317,0.00
6486,1992334443,10.00
6487,99690786963,0.60
6488,133617753358,0.20
6489,199895486317,0.00
6490,199895486317,0.00
6491,99690786963,0.60
6492,56273310,764.50
6493,135569013609,20.30
6494,33721197,1705.90
6495,372336959068,0.70
6496,1257016153,2.00
6497,58096686135,0.30
6498,99690786963,0.60
6499,199895486317,0.00
6500,58096686135,0.30
6501,112167320933,0.90
6502,199895486317,0.00
6503,199895486317,0.00
6504,199895486317,0.00
6505,199895486317,0.00
6506,156922756435,0.40
6507,199895486317,0.00
6508,18443957751,12.00
6509,18142448437,3.90
6510,199895486317,0.00
6511,199895486317,0.00
6512,3351140730,1.30
6513,199895486317,0.00
6514,2319215827,1.40
6515,199895486317,0.00
6516,644186040,217.20
6517,1992334443,10.00
6518,372336959068,0.70
6519,58096686135,0.30
6520,199895486317,0.00
6521,199895486317,0.00
6522,5439464766,3.60
6523,95024392251,0.10
6524,95024392251,0.10
6525,199895486317,0.00
6526,3359018551,4.20
6527,112167320933,0.90
6528,89213611331,1.00
6529,199895486317,0.00
6530,3351140730,1.30
6531,2686103608,3.20
6532,58096686135,0.30
6533,58096686135,0.30
6534,43157377,4442.60
6535,199895486317,0.00
6536,24971409688,0.50
6537,199895486317,0.00
6538,38215602,1510.60
6539,199895486317,0.00
6540,199895486317,0.00
6541,2691065770,2.10
6542,3583135578,1.10
6543,18443957751,12.00
6544,133617753358,0.20
6545,199895486317,0.00
6546,1580100102,1.20
6547,199895486317,0.00
6548,99690786963,0.60
6549,99690786963,0.60
6550,6686885106,2.60
6551,199895486317,0.00
6552,5637723967,1.60
6553,199895486317,0.00
6554,58096686135,0.30
6555,199895486317,0.00
6556,3583135578,1.10
6557,1257016153,2.00
6558,199895486317,0.00
6559,4614762981,1.80
6560,156922756435,0.40
6561,16725704523,10.30
6562,199895486317,0.00
6563,199895486317,0.00
6564,156922756435,0.40
6565,199895486317,0.00
6566,199895486317,0.00
6567,95024392251,0.10
6568,4087369411,2.30
6569,60024544,787.10
6570,199895486317,0.00
6571,199895486317,0.00
6572,199895486317,0.00
6573,199895486317,0.00
6574,95024392251,0.10
6575,24971409688,0.50
6576,1257016153,2.00
6577,199895486317,0.00
6578,43313402,560.90
6579,1397444182,1.50
6580,199895486317,0.00
6581,199895486317,0.00
6582,5052232239,2.90
6583,199895486317,0.00
6584,47917352,758.80
6585,199895486317,0.00
6586,199895486317,0.00
6587,3351140730,1.30
6588,199895486317,0.00
6589,199895486317,0.00
6590,199895486317,0.00
6591,54829428,2723.30
6592,199895486317,0.00
6593,199895486317,0.00
6594,150738065978,0.80
6595,884461957,3.00
6596,72947614732,14.80
6597,199895486317,0.00
6598,58096686135,0.30
6599,199895486317,0.00
6600,95024392251,0.10
6601,199895486317,0.00
6602,199895486317,0.00
6603,372336959068,0.70
6604,2050527119,4.00
6605,5380879713,2.40
6606,133617753358,0.20
6607,61868143,363.10
6608,20139293,912.30
6609,199895486317,0.00
6610,3563338753,5.00
6611,199895486317,0.00
6612,58096686135,0.30
6613,199895486317,0.00
6614,5380879713,2.40
6615,884461957,3.00
6616,1580100102,1.20
6617,133617753358,0.20
6618,199895486317,0.00
6619,17292229334,7.00
6620,199895486317,0.00
6621,199895486317,0.00
6622,20434572,1264.20
6623,199895486317,0.00
6624,89213611331,1.00
6625,24971409688,0.50
6626,199895486317,0.00
6627,199895486317,0.00
6628,199895486317,0.00
6629,884461957,3.00
6630,89213611331,1.00
6631,199895486317,0.00
6632,156922756435,0.40
6633,53820884,2938.00
6634,9787512983,20.00
6635,199895486317,0.00
6636,199895486317,0.00
6637,199895486317,0.00
6638,24971409688,0.50
6639,199895486317,0.00
6640,18945197840,4.40
6641,199895486317,0.00
6642,199895486317,0.00
6643,3563338753,5.00
6644,199895486317,0.00
6645,199895486317,0.00
6646,89213611331,1.00
6647,199895486317,0.00
6648,95024392251,0.10
6649,58096686135,0.30
6650,133617753358,0.20
6651,62682811,3147.40
6652,55049776513,89.90
6653,199895486317,0.00
6654,199895486317,0.00
6655,199895486317,0.00
6656,219201424,256.70
6657,117107234,274.00
6658,884461957,3.00
6659,199895486317,0.00
6660,58096686135,0.30
6661,5715697093,2.20
6662,199895486317,0.00
6663,199895486317,0.00
6664,58096686135,0.30
6665,884461957,3.00
6666,372336959068,0.70
6667,199895486317,0.00
6668,199895486317,0.00
6669,5841178222,20.20
6670,199895486317,0.00
6671,20033038895,6.60
6672,58096686135,0.30
6673,68216346,3486.00
6674,2050527119,4.00
6675,1257016153,2.00
6676,199895486317,0.00
6677,199895486317,0.00
6678,199895486317,0.00
6679,199895486317,0.00
6680,199895486317,0.00
6681,199895486317,0.00
6682,199895486317,0.00
6683,199895486317,0.00
6684,133617753358,0.20
6685,199895486317,0.00
6686,14121552492,6.30
6687,4581580340,1.70
6688,372336959068,0.70
6689,58096686135,0.30
6690,5637723967,1.60
6691,44022750,2125.00
6692,199895486317,0.00
6693,199895486317,0.00
6694,55987916,919.40
6695,199895486317,0.00
6696,199895486317,0.00
6697,58096686135,0.30
6698,99690786963,0.60
6699,6348347708,4.30
6700,199895486317,0.00
6701,1397444182,1.50
6702,199895486317,0.00
6703,3563338753,5.00
6704,199895486317,0.00
6705,199895486317,0.00
6706,156922756435,0.40
6707,199895486317,0.00
6708,5380879713,2.40
6709,1257016153,2.00
6710,2050527119,4.00
6711,199895486317,0.00
6712,199895486317,0.00
6713,95024392251,0.10
6714,50364368,937.90
6715,199895486317,0.00
6716,89213611331,1.00
6717,95024392251,0.10
6718,199895486317,0.00
6719,99690786963,0.60
6720,199895486317,0.00
6721,20033038895,6.60
6722,199895486317,0.00
6723,133617753358,0.20
6724,43309348791,20.80
6725,14475307068,1.90
6726,199895486317,0.00
6727,199895486317,0.00
6728,58096686135,0.30
6729,18443957751,12.00
6730,58096686135,0.30
6731,14814045514,8.00
6732,99690786963,0.60
6733,199895486317,0.00
6734,199895486317,0.00
6735,199895486317,0.00
6736,1257016153,2.00
6737,2050527119,4.00
6738,95024392251,0.10
6739,199895486317,0.00
6740,2686103608,3.20
6741,58096686135,0.30
6742,133617753358,0.20
6743,156922756435,0.40
6744,199895486317,0.00
6745,199895486317,0.00
6746,199895486317,0.00
6747,30295032087,7.20
6748,199895486317,0.00
6749,199895486317,0.00
6750,133617753358,0.20
6751,199895486317,0.00
6752,199895486317,0.00
6753,199895486317,0.00
6754,4008213810,3.10
6755,5810016258,154.10
6756,199895486317,0.00
6757,2050527119,4.00
6758,199895486317,0.00
6759,199895486317,0.00
6760,99690786963,0.60
6761,1992334443,10.00
6762,95024392251,0.10
6763,58096686135,0.30
6764,1397444182,1.50
6765,199895486317,0.00
6766,9798835701,4.60
6767,2050527119,4.00
6768,199895486317,0.00
6769,199895486317,0.00
6770,49652738,418.50
6771,95024392251,0.10
6772,133617753358,0.20
6773,156922756435,0.40
6774,5715697093,2.20
6775,199895486317,0.00
6776,8725985935,5.10
6777,30295032087,7.20
6778,199895486317,0.00
6779,14115377113,30.00
6780,199895486317,0.00
6781,199895486317,0.00
6782,199895486317,0.00
6783,5715697093,2.20
6784,89213611331,1.00
6785,1992334443,10.00
6786,199895486317,0.00
6787,199895486317,0.00
6788,199895486317,0.00
6789,3583135578,1.10
6790,199895486317,0.00
6791,199895486317,0.00
6792,95024392251,0.10
6793,20832874289,4.10
6794,37757403,1053.30
6795,199895486317,0.00
6796,199895486317,0.00
6797,199895486317,0.00
6798,199895486317,0.00
6799,199895486317,0.00
6800,1580100102,1.20
6801,32022246258,9.10
6802,54402512,493.30
6803,1580100102,1.20
6804,199895486317,0.00
6805,99690786963,0.60
6806,13323169972,6.10
6807,95024392251,0.10
6808,133617753358,0.20
6809,199895486317,0.00
6810,43174251,1197.60
6811,199895486317,0.00
6812,5380879713,2.40
6813,156922756435,0.40
6814,199895486317,0.00
6815,24971409688,0.50
6816,58096686135,0.30
6817,50944225,771.20
6818,99690786963,0.60
6819,199895486317,0.00
6820,20139293,912.30
6821,57430584,762.70
6822,1992334443,10.00
6823,199895486317,0.00
6824,199895486317,0.00
6825,199895486317,0.00
6826,199895486317,0.00
6827,199895486317,0.00
6828,89213611331,1.00
6829,199895486317,0.00
6830,199895486317,0.00
6831,12275654679,10.20
6832,199895486317,0.00
6833,50039995,5000.00
6834,99690786963,0.60
6835,199895486317,0.00
6836,199895486317,0.00
6837,199895486317,0.00
6838,2319215827,1.40
6839,24971409688,0.50
6840,2050527119,4.00
6841,5637723967,1.60
6842,199895486317,0.00
6843,1397444182,1.50
6844,133617753358,0.20
6845,1580100102,1.20
6846,199895486317,0.00
6847,1397444182,1.50
6848,156922756435,0.40
6849,53318299,1726.30
6850,199895486317,0.00
6851,199895486317,0.00
6852,89213611331,1.00
6853,199895486317,0.00
6854,2686103608,3.20
6855,22519090,848.30
6856,133617753358,0.20
6857,199895486317,0.00
6858,372336959068,0.70
6859,133617753358,0.20
6860,199895486317,0.00
6861,199895486317,0.00
6862,24971409688,0.50
6863,199895486317,0.00
6864,199895486317,0.00
6865,199895486317,0.00
6866,5715697093,2.20
6867,89213611331,1.00
6868,5117228589,2.80
6869,199895486317,0.00
6870,56254644,379.70
6871,24971409688,0.50
6872,199895486317,0.00
6873,126238308,269.10
6874,1580100102,1.20
6875,199895486317,0.00
6876,32899383,427.10
6877,199895486317,0.00
6878,199895486317,0.00
6879,199895486317,0.00
6880,199895486317,0.00
6881,199895486317,0.00
6882,199895486317,0.00
6883,884461957,3.00
6884,150738065978,0.80
6885,199895486317,0.00
6886,199895486317,0.00
6887,199895486317,0.00
6888,75163124693,16.30
6889,99690786963,0.60
6890,1397444182,1.50
6891,24971409688,0.50
6892,5841178222,20.20
6893,2686103608,3.20
6894,5637723967,1.60
6895,3351140730,1.30
6896,199895486317,0.00
6897,199895486317,0.00
6898,156922756435,0.40
6899,156922756435,0.40
6900,58096686135,0.30
6901,199895486317,0.00
6902,95024392251,0.10
6903,199895486317,0.00
6904,372336959068,0.70
6905,199895486317,0.00
6906,7218173098,2.50
6907,199895486317,0.00
6908,199895486317,0.00
6909,89213611331,1.00
6910,5040148488,3.40
6911,199895486317,0.00
6912,42595701,1901.10
6913,35111032227,7.60
6914,199895486317,0.00
6915,3583135578,1.10
6916,168644418770,21.80
6917,18359068040,8.40
6918,199895486317,0.00
6919,58096686135,0.30
6920,199895486317,0.00
6921,4087369411,2.30
6922,199895486317,0.00
6923,32223814537,6.40
6924,199895486317,0.00
6925,4581580340,1.70
6926,1992334443,10.00
6927,156922756435,0.40
6928,112167320933,0.90
6929,34415268,1048.80
6930,199895486317,0.00
6931,11329401875,15.00
6932,89213611331,1.00
6933,24971409688,0.50
6934,199895486317,0.00
6935,95024392251,0.10
6936,14475307068,1.90
6937,2050527119,4.00
6938,199895486317,0.00
6939,199895486317,0.00
6940,17429877827,130.00
6941,1257016153,2.00
6942,199895486317,0.00
6943,199895486317,0.00
6944,199895486317,0.00
6945,58096686135,0.30
6946,24648050551,11.40
6947,199895486317,0.00
6948,63052462,539.10
6949,199895486317,0.00
6950,199895486317,0.00
6951,133617753358,0.20
6952,14475307068,1.90
6953,89213611331,1.00
6954,199895486317,0.00
6955,58096686135,0.30
6956,199895486317,0.00
6957,95024392251,0.10
6958,9798835701,4.60
6959,199895486317,0.00
6960,199895486317,0.00
6961,199895486317,0.00
6962,199895486317,0.00
6963,199895486317,0.00
6964,199895486317,0.00
6965,199895486317,0.00
6966,199895486317,0.00
6967,99690786963,0.60
6968,1397444182,1.50
6969,133617753358,0.20
6970,58096686135,0.30
6971,3563338753,5.00
6972,199895486317,0.00
6973,372336959068,0.70
6974,884461957,3.00
6975,199895486317,0.00
6976,112167320933,0.90
6977,94321179780,32.00
6978,174191276144,21.50
6979,37390884782,10.60
6980,89213611331,1.00
6981,62905317,838.90
6982,9787512983,20.00
6983,66913735,318.20
6984,1992334443,10.00
6985,199895486317,0.00
6986,89213611331,1.00
6987,44670949,1907.30
6988,199895486317,0.00
6989,3583135578,1.10
6990,937182873,6.00
6991,199895486317,0.00
6992,89213611331,1.00
6993,199895486317,0.00
6994,95024392251,0.10
6995,49935039,795.60
6996,199895486317,0.00
6997,53533072,2477.90
6998,24971409688,0.50
6999,58096686135,0.30
7000,88143347215,70.00
7001,5380879713,2.40
7002,44461701,774.80
7003,127502395407,17.50
7004,199895486317,0.00
7005,199895486317,0.00
7006,199895486317,0.00
7007,95024392251,0.10
7008,199895486317,0.00
7009,199895486317,0.00
7010,112167320933,0.90
7011,1257016153,2.00
7012,199895486317,0.00
7013,95024392251,0.10
7014,156922756435,0.40
7015,199895486317,0.00
7016,4087369411,2.30
7017,199895486317,0.00
7018,199895486317,0.00
7019,3351140730,1.30
7020,37412313,1020.90
7021,133617753358,0.20
7022,99690786963,0.60
7023,58096686135,0.30
7024,95161031981,9.80
7025,35111032227,7.60
7026,7974666852,3.30
7027,5637723967,1.60
7028,9787512983,20.00
7029,13323169972,6.10
7030,199895486317,0.00
7031,199895486317,0.00
7032,112167320933,0.90
7033,89213611331,1.00
7034,177049456821,11.10
7035,372336959068,0.70
7036,66748453,294.10
7037,199895486317,0.00
7038,20832874289,4.10
7039,3583135578,1.10
7040,199895486317,0.00
7041,112167320933,0.90
7042,3563338753,5.00
7043,133617753358,0.20
7044,1257016153,2.00
7045,12275654679,10.20
7046,372336959068,0.70
7047,150738065978,0.80
7048,1580100102,1.20
7049,156922756435,0.40
7050,2686103608,3.20
7051,4114302921,9.00
7052,199895486317,0.00
7053,199895486317,0.00
7054,199895486317,0.00
7055,199895486317,0.00
7056,133617753358,0.20
7057,199895486317,0.00
7058,199895486317,0.00
7059,99690786963,0.60
7060,76535477997,46.30
7061,7974666852,3.30
7062,58096686135,0.30
7063,195894991337,16.70
7064,95024392251,0.10
7065,156922756435,0.40
7066,199895486317,0.00
7067,199895486317,0.00
7068,108137075071,24.40
7069,199895486317,0.00
7070,199895486317,0.00
7071,199895486317,0.00
7072,69370126649,7.80
7073,199895486317,0.00
7074,12275654679,10.20
7075,24971409688,0.50
7076,199895486317,0.00
7077,133617753358,0.20
7078,199895486317,0.00
7079,199895486317,0.00
7080,89213611331,1.00
7081,95024392251,0.10
7082,1257016153,2.00
7083,3563338753,5.00
7084,199895486317,0.00
7085,95024392251,0.10
7086,24971409688,0.50
7087,99690786963,0.60
7088,1397444182,1.50
7089,199895486317,0.00
7090,199895486317,0.00
7091,199895486317,0.00
7092,199895486317,0.00
7093,2050527119,4.00
7094,199895486317,0.00
7095,199895486317,0.00
7096,199895486317,0.00
7097,199895486317,0.00
7098,199895486317,0.00
7099,99690786963,0.60
7100,199895486317,0.00
7101,156922756435,0.40
7102,199895486317,0.00
7103,199895486317,0.00
7104,47359588070,21.70
7105,199895486317,0.00
7106,150738065978,0.80
7107,199895486317,0.00
7108,4008213810,3.10
7109,5117228589,2.80
7110,2691065770,2.10
7111,133617753358,0.20
7112,199895486317,0.00
7113,199895486317,0.00
7114,199895486317,0.00
7115,199895486317,0.00
7116,199895486317,0.00
7117,99690786963,0.60
7118,20069186555,23.00
7119,199895486317,0.00
7120,99690786963,0.60
7121,24971409688,0.50
7122,884461957,3.00
7123,58096686135,0.30
7124,199895486317,0.00
7125,95024392251,0.10
7126,95024392251,0.10
7127,199895486317,0.00
7128,199895486317,0.00
7129,199895486317,0.00
7130,156922756435,0.40
7131,884461957,3.00
7132,156922756435,0.40
7133,199895486317,0.00
7134,95024392251,0.10
7135,156922756435,0.40
7136,150738065978,0.80
7137,199895486317,0.00
7138,18443957751,12.00
7139,99690786963,0.60
7140,1580100102,1.20
7141,133617753358,0.20
7142,199895486317,0.00
7143,95024392251,0.10
7144,89213611331,1.00
7145,1257016153,2.00
7146,5052232239,2.90
7147,1397444182,1.50
7148,87639692297,10.90
7149,199895486317,0.00
7150,156922756435,0.40
7151,36634706480,60.00
7152,169138266401,13.40
7153,99690786963,0.60
7154,5380879713,2.40
7155,58096686135,0.30
7156,95024392251,0.10
7157,99690786963,0.60
7158,156922756435,0.40
7159,50039995,5000.00
7160,884461957,3.00
7161,24971409688,0.50
7162,199895486317,0.00
7163,6686885106,2.60
7164,99690786963,0.60
7165,199895486317,0.00
7166,199895486317,0.00
7167,199895486317,0.00
7168,14288925189,124.00
7169,199895486317,0.00
7170,58096686135,0.30
7171,54382712,3338.10
7172,52667975,2708.40
7173,58096686135,0.30
7174,199895486317,0.00
7175,1257016153,2.00
7176,1257016153,2.00
7177,199895486317,0.00
7178,99690786963,0.60
7179,9651044235,3.70
7180,199895486317,0.00
7181,199895486317,0.00
7182,64196754,918.70
7183,199895486317,0.00
7184,36603504,1499.80
7185,199895486317,0.00
7186,199895486317,0.00
7187,40356089563,68.90
7188,199895486317,0.00
7189,95024392251,0.10
7190,199895486317,0.00
7191,199895486317,0.00
7192,133617753358,0.20
7193,41239796747,22.30
7194,7974666852,3.30
7195,43634138,1210.20
7196,199895486317,0.00
7197,3359018551,4.20
7198,199895486317,0.00
7199,19481691782,13.00
7200,1580100102,1.20
7201,199895486317,0.00
7202,58096686135,0.30
7203,372336959068,0.70
7204,4087369411,2.30
7205,199895486317,0.00
7206,99690786963,0.60
7207,199895486317,0.00
7208,199895486317,0.00
7209,199895486317,0.00
7210,150738065978,0.80
7211,1397444182,1.50
7212,156922756435,0.40
7213,199895486317,0.00
7214,4581580340,1.70
7215,133617753358,0.20
7216,2050527119,4.00
7217,199895486317,0.00
7218,45760045,655.70
7219,4087369411,2.30
7220,49497962,2586.00
7221,199895486317,0.00
7222,24971409688,0.50
7223,29340677909,4.80
7224,53247283,855.80
7225,199895486317,0.00
7226,199895486317,0.00
7227,38675647320,99.80
7228,24971409688,0.50
7229,199895486317,0.00
7230,199895486317,0.00
7231,199895486317,0.00
7232,4614762981,1.80
7233,150738065978,0.80
7234,199895486317,0.00
7235,156922756435,0.40
7236,199895486317,0.00
7237,199895486317,0.00
7238,222377384,251.90
7239,199895486317,0.00
7240,199895486317,0.00
7241,199895486317,0.00
7242,199895486317,0.00
7243,199895486317,0.00
7244,1397444182,1.50
7245,133617753358,0.20
7246,3583135578,1.10
7247,199895486317,0.00
7248,133617753358,0.20
7249,9798835701,4.60
7250,3351140730,1.30
7251,199895486317,0.00
7252,199895486317,0.00
7253,199895486317,0.00
7254,4614762981,1.80
7255,95024392251,0.10
7256,95024392251,0.10
7257,199895486317,0.00
7258,199895486317,0.00
7259,199895486317,0.00
7260,199895486317,0.00
7261,40292248,1393.90
7262,53550834,410.40
7263,89213611331,1.00
7264,199895486317,0.00
7265,199895486317,0.00
7266,95024392251,0.10
7267,5715697093,2.20
7268,4581580340,1.70
7269,133617753358,0.20
7270,99690786963,0.60
7271,5841178222,20.20
7272,199895486317,0.00
7273,65639849,469.70
7274,199895486317,0.00
7275,199895486317,0.00
7276,884461957,3.00
7277,14121552492,6.30
7278,199895486317,0.00
7279,156922756435,0.40
7280,199895486317,0.00
7281,20832874289,4.10
7282,156922756435,0.40
7283,7746534246,5.30
7284,372336959068,0.70
7285,2522403340,181.10
7286,5052232239,2.90
7287,20033038895,6.60
7288,43309348791,20.80
7289,99690786963,0.60
7290,58096686135,0.30
7291,99690786963,0.60
7292,8024892803,6.50
7293,937182873,6.00
7294,2691065770,2.10
7295,199895486317,0.00
7296,199895486317,0.00
7297,199895486317,0.00
7298,28556054607,5.50
7299,199895486317,0.00
7300,199895486317,0.00
7301,199895486317,0.00
7302,99690786963,0.60
7303,4614762981,1.80
7304,199895486317,0.00
7305,199895486317,0.00
7306,3563338753,5.00
7307,58096686135,0.30
7308,199895486317,0.00
7309,199895486317,0.00
7310,199895486317,0.00
7311,199895486317,0.00
7312,14475307068,1.90
7313,199895486317,0.00
7314,24971409688,0.50
7315,99690786963,0.60
7316,2305986553,188.30
7317,199895486317,0.00
7318,7974666852,3.30
7319,1257016153,2.00
7320,199895486317,0.00
7321,199895486317,0.00
7322,199895486317,0.00
7323,2319215827,1.40
7324,1257016153,2.00
7325,199895486317,0.00
7326,199895486317,0.00
7327,199895486317,0.00
7328,150065211954,44.50
7329,199895486317,0.00
7330,95024392251,0.10
7331,35378134922,6.70
7332,89213611331,1.00
7333,5637723967,1.60
7334,56853888,809.00
7335,199895486317,0.00
7336,58096686135,0.30
7337,199895486317,0.00
7338,58096686135,0.30
7339,95024392251,0.10
7340,1257016153,2.00
7341,49210716,2549.50
7342,112167320933,0.90
7343,2050527119,4.00
7344,95024392251,0.10
7345,199895486317,0.00
7346,44467842,345.00
7347,1580100102,1.20
7348,199895486317,0.00
7349,58096686135,0.30
7350,199895486317,0.00
7351,199895486317,0.00
7352,99690786963,0.60
7353,18560518827,6.20
7354,199895486317,0.00
7355,99690786963,0.60
7356,63909471,732.20
7357,199895486317,0.00
7358,156922756435,0.40
7359,213728134,252.90
7360,53248830,869.90
7361,99690786963,0.60
7362,199895486317,0.00
7363,133617753358,0.20
7364,199895486317,0.00
7365,199895486317,0.00
7366,89213611331,1.00
7367,40564079,2897.90
7368,3351140730,1.30
7369,199895486317,0.00
7370,199895486317,0.00
7371,199895486317,0.00
7372,372336959068,0.70
7373,25771944773,42.00
7374,31183428,1192.90
7375,4087369411,2.30
7376,5052232239,2.90
7377,199895486317,0.00
7378,133617753358,0.20
7379,153293543395,16.20
7380,199895486317,0.00
7381,372336959068,0.70
7382,39846152,706.30
7383,133617753358,0.20
7384,372336959068,0.70
7385,32914449,1298.10
7386,156922756435,0.40
7387,17292229334,7.00
7388,2691065770,2.10
7389,58096686135,0.30
7390,9787512983,20.00
7391,199895486317,0.00
7392,28840901516,5.20
7393,884461957,3.00
7394,199895486317,0.00
7395,199895486317,0.00
7396,1580100102,1.20
7397,199895486317,0.00
7398,199895486317,0.00
7399,199895486317,0.00
7400,199895486317,0.00
7401,95024392251,0.10
7402,199895486317,0.00
7403,95024392251,0.10
7404,199895486317,0.00
7405,57712630,794.90
7406,19481691782,13.00
7407,199895486317,0.00
7408,14121552492,6.30
7409,156922756435,0.40
7410,199895486317,0.00
7411,31018447,694.10
7412,24971409688,0.50
7413,9651044235,3.70
7414,199895486317,0.00
7415,199895486317,0.00
7416,199895486317,0.00
7417,199895486317,0.00
7418,84729452759,21.40
7419,199895486317,0.00
7420,3708328705,2.70
7421,5637723967,1.60
7422,199895486317,0.00
7423,2691065770,2.10
7424,372336959068,0.70
7425,58096686135,0.30
7426,372336959068,0.70
7427,199895486317,0.00
7428,6686885106,2.60
7429,95024392251,0.10
7430,1992334443,10.00
7431,58096686135,0.30
7432,199895486317,0.00
7433,5715697093,2.20
7434,4581580340,1.70
7435,50039995,5000.00
7436,884461957,3.00
7437,199895486317,0.00
7438,884461957,3.00
7439,133617753358,0.20
7440,24971409688,0.50
7441,58096686135,0.30
7442,199895486317,0.00
7443,89213611331,1.00
7444,58096686135,0.30
7445,77380718,3800.10
7446,41717749,890.60
7447,99690786963,0.60
7448,199895486317,0.00
7449,133617753358,0.20
7450,24971409688,0.50
7451,95024392251,0.10
7452,199895486317,0.00
7453,199895486317,0.00
7454,199895486317,0.00
7455,95024392251,0.10
7456,24971409688,0.50
7457,4087369411,2.30
7458,199895486317,0.00
7459,199895486317,0.00
7460,1397444182,1.50
7461,144871078404,15.50
7462,199895486317,0.00
7463,199895486317,0.00
7464,199895486317,0.00
7465,1580100102,1.20
7466,199895486317,0.00
7467,95024392251,0.10
7468,199895486317,0.00
7469,199895486317,0.00
7470,24971409688,0.50
7471,199895486317,0.00
7472,4114302921,9.00
7473,199895486317,0.00
7474,2691065770,2.10
7475,40175904,1003.60
7476,112167320933,0.90
7477,58293597568,77.60
7478,69370126649,7.80
7479,2691065770,2.10
7480,58096686135,0.30
7481,50039995,5000.00
7482,199895486317,0.00
7483,132601086028,8.60
7484,199895486317,0.00
7485,162068905873,30.40
7486,58096686135,0.30
7487,1580100102,1.20
7488,199895486317,0.00
7489,199895486317,0.00
7490,2691065770,2.10
7491,1257016153,2.00
7492,58096686135,0.30
7493,133617753358,0.20
7494,2691065770,2.10
7495,199895486317,0.00
7496,47554626,1416.90
7497,60558511,336.30
7498,112167320933,0.90
7499,58096686135,0.30
7500,95024392251,0.10
7501,199895486317,0.00
7502,1992334443,10.00
7503,199895486317,0.00
7504,884461957,3.00
7505,95024392251,0.10
7506,937182873,6.00
7507,1580100102,1.20
7508,372336959068,0.70
7509,199895486317,0.00
7510,884461957,3.00
7511,199895486317,0.00
7512,937182873,6.00
7513,4581580340,1.70
7514,50039995,5000.00
7515,2686103608,3.20
7516,199895486317,0.00
7517,58096686135,0.30
7518,47214597510,61.80
7519,199895486317,0.00
7520,18560518827,6.20
7521,52513012,1090.20
7522,63621425,848.50
7523,156922756435,0.40
7524,199895486317,0.00
7525,199895486317,0.00
7526,199895486317,0.00
7527,58096686135,0.30
7528,1397444182,1.50
7529,27228866,372.20
7530,199895486317,0.00
7531,3708328705,2.70
7532,1397444182,1.50
7533,199895486317,0.00
7534,199895486317,0.00
7535,199895486317,0.00
7536,199895486317,0.00
7537,199895486317,0.00
7538,133617753358,0.20
7539,199895486317,0.00
7540,58096686135,0.30
7541,58096686135,0.30
7542,89213611331,1.00
7543,199895486317,0.00
7544,89213611331,1.00
7545,133617753358,0.20
7546,199895486317,0.00
7547,89213611331,1.00
7548,150738065978,0.80
7549,199895486317,0.00
7550,199895486317,0.00
7551,58096686135,0.30
7552,199895486317,0.00
7553,3583135578,1.10
7554,199895486317,0.00
7555,199895486317,0.00
7556,199895486317,0.00
7557,199895486317,0.00
7558,199895486317,0.00
7559,199895486317,0.00
7560,199895486317,0.00
7561,4614762981,1.80
7562,199895486317,0.00
7563,1257016153,2.00
7564,58096686135,0.30
7565,5637723967,1.60
7566,199895486317,0.00
7567,199895486317,0.00
7568,99690786963,0.60
7569,133617753358,0.20
7570,199895486317,0.00
7571,199895486317,0.00
7572,112167320933,0.90
7573,199895486317,0.00
7574,199895486317,0.00
7575,133617753358,0.20
7576,2686103608,3.20
7577,199895486317,0.00
7578,199895486317,0.00
7579,133617753358,0.20
7580,937182873,6.00
7581,884461957,3.00
7582,199895486317,0.00
7583,1257016153,2.00
7584,199895486317,0.00
7585,199895486317,0.00
7586,937182873,6.00
7587,199895486317,0.00
7588,199895486317,0.00
7589,199895486317,0.00
7590,199895486317,0.00
7591,199895486317,0.00
7592,199895486317,0.00
7593,95024392251,0.10
7594,24971409688,0.50
7595,99690786963,0.60
7596,13910560037,16.00
7597,6686885106,2.60
7598,64055831,650.90
7599,58096686135,0.30
7600,133617753358,0.20
7601,13323169972,6.10
7602,95024392251,0.10
7603,199895486317,0.00
7604,199895486317,0.00
7605,89213611331,1.00
7606,199895486317,0.00
7607,199895486317,0.00
7608,24971409688,0.50
7609,199895486317,0.00
7610,199895486317,0.00
7611,199895486317,0.00
7612,50039995,5000.00
7613,12275654679,10.20
7614,199895486317,0.00
7615,99690786963,0.60
7616,2319215827,1.40
7617,24971409688,0.50
7618,199895486317,0.00
7619,12384337605,9.30
7620,95024392251,0.10
7621,2319215827,1.40
7622,58096686135,0.30
7623,58096686135,0.30
7624,199895486317,0.00
7625,199895486317,0.00
7626,95024392251,0.10
7627,115687526293,16.60
7628,37999280,404.10
7629,89213611331,1.00
7630,199895486317,0.00
7631,884461957,3.00
7632,95024392251,0.10
7633,372336959068,0.70
7634,47702709847,10.20
7635,1580100102,1.20
7636,199895486317,0.00
7637,6348347708,4.30
7638,199895486317,0.00
7639,199895486317,0.00
7640,199895486317,0.00
7641,133617753358,0.20
7642,95024392251,0.10
7643,9798835701,4.60
7644,99690786963,0.60
7645,199895486317,0.00
7646,199895486317,0.00
7647,1257016153,2.00
7648,199895486317,0.00
7649,199895486317,0.00
7650,199895486317,0.00
7651,58096686135,0.30
7652,199895486317,0.00
7653,199895486317,0.00
7654,58096686135,0.30
7655,58096686135,0.30
7656,112167320933,0.90
7657,39846214,600.90
7658,41675330,1524.10
7659,24971409688,0.50
7660,112167320933,0.90
7661,3708328705,2.70
7662,13327183854,129.00
7663,14121552492,6.30
7664,26715920597,39.80
7665,884461957,3.00
7666,199895486317,0.00
7667,30839339,1421.80
7668,199895486317,0.00
7669,199895486317,0.00
7670,199895486317,0.00
7671,199895486317,0.00
7672,199895486317,0.00
7673,199895486317,0.00
7674,199895486317,0.00
7675,884461957,3.00
7676,199895486317,0.00
7677,199895486317,0.00
7678,99690786963,0.60
7679,199895486317,0.00
7680,3583135578,1.10
7681,8725985935,5.10
7682,95024392251,0.10
7683,199895486317,0.00
7684,58096686135,0.30
7685,59016702,466.90
7686,884461957,3.00
7687,884461957,3.00
7688,937182873,6.00
7689,133617753358,0.20
7690,95024392251,0.10
7691,133617753358,0.20
7692,199895486317,0.00
7693,89213611331,1.00
7694,884461957,3.00
7695,199895486317,0.00
7696,24971409688,0.50
7697,58096686135,0.30
7698,25771944773,42.00
7699,199895486317,0.00
7700,1257016153,2.00
7701,1257016153,2.00
7702,199895486317,0.00
7703,5637723967,1.60
7704,1257016153,2.00
7705,199895486317,0.00
7706,199895486317,0.00
7707,2691065770,2.10
7708,5637723967,1.60
7709,5040148488,3.40
7710,199895486317,0.00
7711,24862734501,3.80
7712,133617753358,0.20
7713,133617753358,0.20
7714,199895486317,0.00
7715,1580100102,1.20
7716,150738065978,0.80
7717,199895486317,0.00
7718,133617753358,0.20
7719,99690786963,0.60
7720,199895486317,0.00
7721,199895486317,0.00
7722,95024392251,0.10
7723,199895486317,0.00
7724,89213611331,1.00
7725,199895486317,0.00
7726,199895486317,0.00
7727,199895486317,0.00
7728,199895486317,0.00
7729,112680114552,23.10
7730,199895486317,0.00
7731,150738065978,0.80
7732,2050527119,4.00
7733,37573836481,8.30
7734,199895486317,0.00
7735,36602193,1028.10
7736,95024392251,0.10
7737,5439464766,3.60
7738,28567807035,20.10
7739,199895486317,0.00
7740,5439464766,3.60
7741,199895486317,0.00
7742,24971409688,0.50
7743,199895486317,0.00
7744,199895486317,0.00
7745,199895486317,0.00
7746,884461957,3.00
7747,112167320933,0.90
7748,199895486317,0.00
7749,199895486317,0.00
7750,199895486317,0.00
7751,18142448437,3.90
7752,24648050551,11.40
7753,38979538,2093.50
7754,199895486317,0.00
7755,199895486317,0.00
7756,99690786963,0.60
7757,199895486317,0.00
7758,1397444182,1.50
7759,59020644,490.60
7760,199895486317,0.00
7761,372336959068,0.70
7762,199895486317,0.00
7763,99690786963,0.60
7764,199895486317,0.00
7765,199895486317,0.00
7766,372336959068,0.70
7767,133617753358,0.20
7768,199895486317,0.00
7769,51933686,1768.80
7770,2050527119,4.00
7771,199895486317,0.00
7772,199895486317,0.00
7773,199895486317,0.00
7774,327170631,236.60
7775,3708328705,2.70
7776,199895486317,0.00
7777,9787512983,20.00
7778,199895486317,0.00
7779,199895486317,0.00
7780,89213611331,1.00
7781,937182873,6.00
7782,127530779005,8.70
7783,199895486317,0.00
7784,199895486317,0.00
7785,199895486317,0.00
7786,3351140730,1.30
7787,199895486317,0.00
7788,199895486317,0.00
7789,15010998390,20.60
7790,175472184,257.20
7791,3583135578,1.10
7792,2050527119,4.00
7793,199895486317,0.00
7794,199895486317,0.00
7795,884461957,3.00
7796,51258928653,6.90
7797,89213611331,1.00
7798,99690786963,0.60
7799,58096686135,0.30
7800,18443957751,12.00
7801,60172912,458.60
7802,199895486317,0.00
7803,89213611331,1.00
7804,199895486317,0.00
7805,199895486317,0.00
7806,199895486317,0.00
7807,163483945212,9.90
7808,95024392251,0.10
7809,38025913004,34.80
7810,199895486317,0.00
7811,95024392251,0.10
7812,3563338753,5.00
7813,60742879,807.20
7814,24971409688,0.50
7815,100392228,279.30
7816,8074214490,159.60
7817,199895486317,0.00
7818,89213611331,1.00
7819,3563338753,5.00
7820,199895486317,0.00
7821,95024392251,0.10
7822,93242385112,50.00
7823,199895486317,0.00
7824,199895486317,0.00
7825,199895486317,0.00
7826,199895486317,0.00
7827,884461957,3.00
7828,51524929,567.20
7829,2552147551,187.70
7830,199895486317,0.00
7831,133617753358,0.20
7832,199895486317,0.00
7833,199895486317,0.00
7834,199895486317,0.00
7835,13910560037,16.00
7836,199895486317,0.00
7837,32223814537,6.40
7838,199895486317,0.00
7839,199895486317,0.00
7840,199895486317,0.00
7841,58096686135,0.30
7842,199895486317,0.00
7843,95024392251,0.10
7844,199895486317,0.00
7845,62035766,2301.00
7846,3583135578,1.10
7847,199895486317,0.00
7848,133617753358,0.20
7849,4614762981,1.80
7850,48059649,711.00
7851,63336118,591.10
7852,199895486317,0.00
7853,95024392251,0.10
7854,2686103608,3.20
7855,82326250915,32.90
7856,58096686135,0.30
7857,199895486317,0.00
7858,1257016153,2.00
7859,95024392251,0.10
7860,29340677909,4.80
7861,107119608,272.90
7862,99690786963,0.60
7863,133617753358,0.20
7864,156922756435,0.40
7865,5439464766,3.60
7866,199895486317,0.00
7867,199895486317,0.00
7868,199895486317,0.00
7869,24971409688,0.50
7870,884461957,3.00
7871,156922756435,0.40
7872,199895486317,0.00
7873,199895486317,0.00
7874,95024392251,0.10
7875,199895486317,0.00
7876,199895486317,0.00
7877,24862734501,3.80
7878,99690786963,0.60
7879,199895486317,0.00
7880,199895486317,0.00
7881,199895486317,0.00
7882,199895486317,0.00
7883,133617753358,0.20
7884,133617753358,0.20
7885,199895486317,0.00
7886,2319215827,1.40
7887,199895486317,0.00
7888,372336959068,0.70
7889,3351140730,1.30
7890,2691065770,2.10
7891,884461957,3.00
7892,199895486317,0.00
7893,199895486317,0.00
7894,156922756435,0.40
7895,99690786963,0.60
7896,199895486317,0.00
7897,3845624469,174.70
7898,199895486317,0.00
7899,199895486317,0.00
7900,58096686135,0.30
7901,3351140730,1.30
7902,95024392251,0.10
7903,63456829391,55.80
7904,99690786963,0.60
7905,89213611331,1.00
7906,199895486317,0.00
7907,156922756435,0.40
7908,19886715890,113.10
7909,199895486317,0.00
7910,48823866,1084.80
7911,199895486317,0.00
7912,199895486317,0.00
7913,32336784,1037.00
7914,89213611331,1.00
7915,3351140730,1.30
7916,58096686135,0.30
7917,199895486317,0.00
7918,199895486317,0.00
7919,1257016153,2.00
7920,6127434991,143.00
7921,199895486317,0.00
7922,4581580340,1.70
7923,199895486317,0.00
7924,199895486317,0.00
7925,133617753358,0.20
7926,8024892803,6.50
7927,14475307068,1.90
7928,90128143934,28.30
7929,199895486317,0.00
7930,58096686135,0.30
7931,3351140730,1.30
7932,59556919,369.50
7933,199895486317,0.00
7934,199895486317,0.00
7935,1257016153,2.00
7936,50089267,1494.80
7937,199895486317,0.00
7938,199895486317,0.00
7939,150280817192,30.20
7940,99690786963,0.60
7941,199895486317,0.00
7942,4087369411,2.30
7943,99690786963,0.60
7944,58096686135,0.30
7945,199895486317,0.00
7946,199895486317,0.00
7947,199895486317,0.00
7948,25289221285,115.20
7949,199895486317,0.00
7950,99690786963,0.60
7951,199895486317,0.00
7952,133617753358,0.20
7953,291937474,249.70
7954,199895486317,0.00
7955,199895486317,0.00
7956,133617753358,0.20
7957,43163483003,58.70
7958,44027853,658.00
7959,1257016153,2.00
7960,1580100102,1.20
7961,156922756435,0.40
7962,156922756435,0.40
7963,99690786963,0.60
7964,2050527119,4.00
7965,3359018551,4.20
7966,199895486317,0.00
7967,199895486317,0.00
7968,63332548,2025.80
7969,51953298,909.90
7970,99690786963,0.60
7971,937182873,6.00
7972,199895486317,0.00
7973,199895486317,0.00
7974,199895486317,0.00
7975,8024892803,6.50
7976,199895486317,0.00
7977,68495040262,21.60
7978,48496613,480.00
7979,199895486317,0.00
7980,199895486317,0.00
7981,199895486317,0.00
7982,3351140730,1.30
7983,199895486317,0.00
7984,1580100102,1.20
7985,156922756435,0.40
7986,22854254877,120.20
7987,133617753358,0.20
7988,199895486317,0.00
7989,199895486317,0.00
7990,372336959068,0.70
7991,199895486317,0.00
7992,199895486317,0.00
7993,89213611331,1.00
7994,199895486317,0.00
7995,58096686135,0.30
7996,199895486317,0.00
7997,199895486317,0.00
7998,199895486317,0.00
7999,156922756435,0.40
8000,5380879713,2.40
8001,133617753358,0.20
8002,199895486317,0.00
8003,199895486317,0.00
8004,63916506,573.40
8005,199895486317,0.00
8006,150738065978,0.80
8007,199895486317,0.00
8008,199895486317,0.00
8009,199895486317,0.00
8010,3351140730,1.30
8011,937182873,6.00
8012,199895486317,0.00
8013,45179813,691.90
8014,150738065978,0.80
8015,89213611331,1.00
8016,89213611331,1.00
8017,199895486317,0.00
8018,112167320933,0.90
8019,89213611331,1.00
8020,52926720,320.40
8021,99690786963,0.60
8022,54115698,439.70
8023,199895486317,0.00
8024,199895486317,0.00
8025,1580100102,1.20
8026,1257016153,2.00
8027,199895486317,0.00
8028,199895486317,0.00
8029,61896501,600.50
8030,156922756435,0.40
8031,199895486317,0.00
8032,4614762981,1.80
8033,156922756435,0.40
8034,89213611331,1.00
8035,61177078,753.00
8036,133617753358,0.20
8037,199895486317,0.00
8038,199895486317,0.00
8039,199895486317,0.00
8040,199895486317,0.00
8041,199895486317,0.00
8042,156922756435,0.40
8043,36634706480,60.00
8044,199895486317,0.00
8045,199895486317,0.00
8046,14115377113,30.00
8047,112167320933,0.90
8048,50578724,3855.40
8049,99690786963,0.60
8050,199895486317,0.00
8051,199895486317,0.00
8052,24971409688,0.50
8053,99690786963,0.60
8054,884461957,3.00
8055,199895486317,0.00
8056,2050527119,4.00
8057,199895486317,0.00
8058,1257016153,2.00
8059,3351140730,1.30
8060,1257016153,2.00
8061,199895486317,0.00
8062,37179397,1094.80
8063,64628214,2813.60
8064,937182873,6.00
8065,101462743226,11.20
8066,5637723967,1.60
8067,199895486317,0.00
8068,199895486317,0.00
8069,937182873,6.00
8070,199895486317,0.00
8071,7974666852,3.30
8072,199895486317,0.00
8073,58096686135,0.30
8074,133617753358,0.20
8075,58096686135,0.30
8076,150738065978,0.80
8077,47196534,981.50
8078,4001483371,40.00
8079,199895486317,0.00
8080,199895486317,0.00
8081,43634775,1409.30
8082,95024392251,0.10
8083,95024392251,0.10
8084,199895486317,0.00
8085,4087369411,2.30
8086,199895486317,0.00
8087,199895486317,0.00
8088,199895486317,0.00
8089,24971409688,0.50
8090,199895486317,0.00
8091,2050527119,4.00
8092,199895486317,0.00
8093,199895486317,0.00
8094,1257016153,2.00
8095,199895486317,0.00
8096,14475307068,1.90
8097,58096686135,0.30
8098,199895486317,0.00
8099,71829453979,22.50
8100,58096686135,0.30
8101,199895486317,0.00
8102,12275654679,10.20
8103,89213611331,1.00
8104,112167320933,0.90
8105,89213611331,1.00
8106,199895486317,0.00
8107,199895486317,0.00
8108,89213611331,1.00
8109,15010998390,20.60
8110,99690786963,0.60
8111,35218451,1508.30
8112,95024392251,0.10
8113,3563338753,5.00
8114,199895486317,0.00
8115,199895486317,0.00
8116,2691065770,2.10
8117,1580100102,1.20
8118,99690786963,0.60
8119,199895486317,0.00
8120,199895486317,0.00
8121,48646852,477.90
8122,46330971,945.80
8123,58096686135,0.30
8124,199895486317,0.00
8125,89213611331,1.00
8126,199895486317,0.00
8127,199895486317,0.00
8128,2050527119,4.00
8129,199895486317,0.00
8130,4008213810,3.10
8131,199895486317,0.00
8132,199895486317,0.00
8133,42726882,2224.50
8134,89213611331,1.00
8135,199895486317,0.00
8136,4581580340,1.70
8137,133617753358,0.20
8138,199895486317,0.00
8139,1397444182,1.50
8140,24971409688,0.50
8141,199895486317,0.00
8142,58096686135,0.30
8143,53238638005,18.00
8144,112167320933,0.90
8145,199895486317,0.00
8146,199895486317,0.00
8147,1257016153,2.00
8148,199895486317,0.00
8149,3708328705,2.70
8150,156922756435,0.40
8151,89213611331,1.00
8152,156922756435,0.40
8153,199895486317,0.00
8154,199895486317,0.00
8155,199895486317,0.00
8156,18945197840,4.40
8157,2319215827,1.40
8158,89213611331,1.00
8159,24971409688,0.50
8160,2050527119,4.00
8161,133617753358,0.20
8162,1580100102,1.20
8163,199895486317,0.00
8164,7218173098,2.50
8165,12482656669,7.50
8166,6686885106,2.60
8167,18945197840,4.40
8168,24648050551,11.40
8169,57423352,2213.70
8170,199895486317,0.00
8171,199895486317,0.00
8172,199895486317,0.00
8173,372336959068,0.70
8174,58096686135,0.30
8175,199895486317,0.00
8176,112167320933,0.90
8177,199895486317,0.00
8178,884461957,3.00
8179,3351140730,1.30
8180,1397444182,1.50
8181,199895486317,0.00
8182,28840901516,5.20
8183,133617753358,0.20
8184,133617753358,0.20
8185,199895486317,0.00
8186,87014497863,33.70
8187,199895486317,0.00
8188,199895486317,0.00
8189,52548335,408.60
8190,99690786963,0.60
8191,199895486317,0.00
8192,199895486317,0.00
8193,199895486317,0.00
8194,199895486317,0.00
8195,1580100102,1.20
8196,89213611331,1.00
8197,3351140730,1.30
8198,199895486317,0.00
8199,5439464766,3.60
8200,7974666852,3.30
8201,199895486317,0.00
8202,133617753358,0.20
8203,43584579809,13.30
8204,199895486317,0.00
8205,199895486317,0.00
8206,89213611331,1.00
8207,199895486317,0.00
8208,133617753358,0.20
8209,8725985935,5.10
8210,58122619,292.00
8211,2686103608,3.20
8212,51014570,1020.40
8213,112167320933,0.90
8214,1257016153,2.00
8215,9787512983,20.00
8216,199895486317,0.00
8217,58096686135,0.30
8218,99690786963,0.60
8219,5715697093,2.20
8220,1257016153,2.00
8221,1992334443,10.00
8222,199895486317,0.00
8223,2319215827,1.40
8224,199895486317,0.00
8225,112167320933,0.90
8226,884461957,3.00
8227,199895486317,0.00
8228,99690786963,0.60
8229,133617753358,0.20
8230,199895486317,0.00
8231,156922756435,0.40
8232,199895486317,0.00
8233,199895486317,0.00
8234,372336959068,0.70
8235,20832874289,4.10
8236,89213611331,1.00
8237,89213611331,1.00
8238,199895486317,0.00
8239,156922756435,0.40
8240,199895486317,0.00
8241,99690786963,0.60
8242,23547113,1371.50
8243,199895486317,0.00
8244,199895486317,0.00
8245,199895486317,0.00
8246,199895486317,0.00
8247,199895486317,0.00
8248,199895486317,0.00
8249,2319215827,1.40
8250,1257016153,2.00
8251,9798835701,4.60
8252,4087369411,2.30
8253,42295062,522.10
8254,199895486317,0.00
8255,112167320933,0.90
8256,95024392251,0.10
8257,199895486317,0.00
8258,1580100102,1.20
8259,50039995,5000.00
8260,24971409688,0.50
8261,89213611331,1.00
8262,133617753358,0.20
8263,199895486317,0.00
8264,199895486317,0.00
8265,199895486317,0.00
8266,199895486317,0.00
8267,24971409688,0.50
8268,2050527119,4.00
8269,199895486317,0.00
8270,1257016153,2.00
8271,199895486317,0.00
8272,6686885106,2.60
8273,199895486317,0.00
8274,133617753358,0.20
8275,2050527119,4.00
8276,18443957751,12.00
8277,64031259526,76.40
8278,65496522,757.80
8279,199895486317,0.00
8280,9299473716,139.30
8281,14115377113,30.00
8282,199895486317,0.00
8283,199895486317,0.00
8284,199895486317,0.00
8285,2691065770,2.10
8286,199895486317,0.00
8287,199895486317,0.00
8288,89213611331,1.00
8289,2319215827,1.40
8290,50039995,5000.00
8291,57159717,405.90
8292,133617753358,0.20
8293,199895486317,0.00
8294,156922756435,0.40
8295,89213611331,1.00
8296,58096686135,0.30
8297,199895486317,0.00
8298,65643541,884.20
8299,150738065978,0.80
8300,199895486317,0.00
8301,24971409688,0.50
8302,112167320933,0.90
8303,11329401875,15.00
8304,150738065978,0.80
8305,199895486317,0.00
8306,5439464766,3.60
8307,89213611331,1.00
8308,4008213810,3.10
8309,1257016153,2.00
8310,199895486317,0.00
8311,1397444182,1.50
8312,1580100102,1.20
8313,5637723967,1.60
8314,199895486317,0.00
8315,199895486317,0.00
8316,884461957,3.00
8317,99690786963,0.60
8318,9651044235,3.70
8319,199895486317,0.00
8320,199895486317,0.00
8321,1257016153,2.00
8322,6686885106,2.60
8323,199895486317,0.00
8324,133617753358,0.20
8325,4581580340,1.70
8326,199895486317,0.00
8327,1257016153,2.00
8328,1397444182,1.50
8329,3563338753,5.00
8330,199895486317,0.00
8331,156922756435,0.40
8332,89213611331,1.00
8333,156922756435,0.40
8334,7218173098,2.50
8335,199895486317,0.00
8336,199895486317,0.00
8337,112167320933,0.90
8338,199895486317,0.00
8339,2686103608,3.20
8340,133617753358,0.20
8341,199895486317,0.00
8342,1257016153,2.00
8343,199895486317,0.00
8344,199895486317,0.00
8345,20832874289,4.10
8346,4008213810,3.10
8347,199895486317,0.00
8348,35853164560,5.80
8349,199895486317,0.00
8350,199895486317,0.00
8351,1257016153,2.00
8352,2691065770,2.10
8353,1257016153,2.00
8354,5040148488,3.40
8355,884461957,3.00
8356,59017965,662.30
8357,199895486317,0.00
8358,42683617110,20.40
8359,884461957,3.00
8360,16725704523,10.30
8361,199895486317,0.00
8362,199895486317,0.00
8363,2634281184,187.20
8364,199895486317,0.00
8365,99690786963,0.60
8366,169028841560,13.90
8367,40905648715,14.00
8368,199895486317,0.00
8369,13323169972,6.10
8370,6348347708,4.30
8371,14121552492,6.30
8372,57138541,719.10
8373,150738065978,0.80
8374,199895486317,0.00
8375,54974828,832.40
8376,199895486317,0.00
8377,199895486317,0.00
8378,3351140730,1.30
8379,199895486317,0.00
8380,199895486317,0.00
8381,199895486317,0.00
8382,89213611331,1.00
8383,12482656669,7.50
8384,199895486317,0.00
8385,199895486317,0.00
8386,89213611331,1.00
8387,1580100102,1.20
8388,16725704523,10.30
8389,199895486317,0.00
8390,199895486317,0.00
8391,1257016153,2.00
8392,199895486317,0.00
8393,116804119222,15.70
8394,199895486317,0.00
8395,22457361821,10.50
8396,199895486317,0.00
8397,199895486317,0.00
8398,199895486317,0.00
8399,8145471336,5.60
8400,1257016153,2.00
8401,112167320933,0.90
8402,15010998390,20.60
8403,199895486317,0.00
8404,199895486317,0.00
8405,4614762981,1.80
8406,62754786,2236.00
8407,133617753358,0.20
8408,58096686135,0.30
8409,199895486317,0.00
8410,150738065978,0.80
8411,5439464766,3.60
8412,199895486317,0.00
8413,1580100102,1.20
8414,46054377,1068.30
8415,133617753358,0.20
8416,7218173098,2.50
8417,63017616687,6.70
8418,199895486317,0.00
8419,108423871,265.50
8420,58096686135,0.30
8421,10654894370,5.70
8422,95024392251,0.10
8423,99690786963,0.60
8424,24971409688,0.50
8425,199895486317,0.00
8426,5744476858,162.20
8427,199895486317,0.00
8428,58096686135,0.30
8429,884461957,3.00
8430,14475307068,1.90
8431,199895486317,0.00
8432,99690786963,0.60
8433,7218173098,2.50
8434,150738065978,0.80
8435,6348347708,4.30
8436,199895486317,0.00
8437,133617753358,0.20
8438,1257016153,2.00
8439,24971409688,0.50
8440,199895486317,0.00
8441,39651663,347.80
8442,54056007,330.90
8443,199895486317,0.00
8444,24971409688,0.50
8445,199895486317,0.00
8446,199895486317,0.00
8447,199895486317,0.00
8448,1580100102,1.20
8449,199895486317,0.00
8450,199895486317,0.00
8451,58148998,733.50
8452,95024392251,0.10
8453,199895486317,0.00
8454,199895486317,0.00
8455,8145471336,5.60
8456,156922756435,0.40
8457,5040148488,3.40
8458,1397444182,1.50
8459,1397444182,1.50
8460,93590680020,25.10
8461,37573836481,8.30
8462,58096686135,0.30
8463,199895486317,0.00
8464,199895486317,0.00
8465,5841178222,20.20
8466,199895486317,0.00
8467,156922756435,0.40
8468,156922756435,0.40
8469,133617753358,0.20
8470,199895486317,0.00
8471,199895486317,0.00
8472,1257016153,2.00
8473,199895486317,0.00
8474,89213611331,1.00
8475,199895486317,0.00
8476,99690786963,0.60
8477,24971409688,0.50
8478,199895486317,0.00
8479,35582222265,38.90
8480,199895486317,0.00
8481,133617753358,0.20
8482,199895486317,0.00
8483,199895486317,0.00
8484,199895486317,0.00
8485,199895486317,0.00
8486,133617753358,0.20
8487,199895486317,0.00
8488,199895486317,0.00
8489,372336959068,0.70
8490,133617753358,0.20
8491,112167320933,0.90
8492,39131299,534.50
8493,199895486317,0.00
8494,24971409688,0.50
8495,199895486317,0.00
8496,199895486317,0.00
8497,199895486317,0.00
8498,58096686135,0.30
8499,199895486317,0.00
8500,372336959068,0.70
8501,199895486317,0.00
8502,24971409688,0.50
8503,41861241,2637.30
8504,150738065978,0.80
8505,133617753358,0.20
8506,45182671,766.40
8507,884461957,3.00
8508,199895486317,0.00
8509,4001483371,40.00
8510,12146948584,3.50
8511,199895486317,0.00
8512,199895486317,0.00
8513,1257016153,2.00
8514,4581580340,1.70
8515,89213611331,1.00
8516,99690786963,0.60
8517,199895486317,0.00
8518,24971409688,0.50
8519,95024392251,0.10
8520,199895486317,0.00
8521,95024392251,0.10
8522,199895486317,0.00
8523,199895486317,0.00
8524,95024392251,0.10
8525,372336959068,0.70
8526,1257016153,2.00
8527,199895486317,0.00
8528,199895486317,0.00
8529,1257016153,2.00
8530,1257016153,2.00
8531,199895486317,0.00
8532,112167320933,0.90
8533,9651044235,3.70
8534,372336959068,0.70
8535,38842976,684.30
8536,7974666852,3.30
8537,199895486317,0.00
8538,20434572,1264.20
8539,199895486317,0.00
8540,1397444182,1.50
8541,150738065978,0.80
8542,59584924,2937.90
8543,199895486317,0.00
8544,199895486317,0.00
8545,99690786963,0.60
8546,24317781,715.20
8547,112167320933,0.90
8548,199895486317,0.00
8549,199895486317,0.00
8550,199895486317,0.00
8551,1257016153,2.00
8552,1992334443,10.00
8553,199895486317,0.00
8554,5117228589,2.80
8555,199895486317,0.00
8556,24971409688,0.50
8557,8725985935,5.10
8558,199895486317,0.00
8559,49080633659,41.80
8560,937182873,6.00
8561,199895486317,0.00
8562,99690786963,0.60
8563,156922756435,0.40
8564,199895486317,0.00
8565,199895486317,0.00
8566,1580100102,1.20
8567,199895486317,0.00
8568,4114302921,9.00
8569,35111032227,7.60
8570,199895486317,0.00
8571,58096686135,0.30
8572,24971409688,0.50
8573,95024392251,0.10
8574,99690786963,0.60
8575,62038402,765.40
8576,58096686135,0.30
8577,199895486317,0.00
8578,199895486317,0.00
8579,199895486317,0.00
8580,61745813,4865.40
8581,24971409688,0.50
8582,57279936,2400.00
8583,95024392251,0.10
8584,1257016153,2.00
8585,50377654619,94.00
8586,31531855,1138.10
8587,199895486317,0.00
8588,199895486317,0.00
8589,43458298922,12.80
8590,42005639,2613.30
8591,199895486317,0.00
8592,36949778,1171.40
8593,133617753358,0.20
8594,199895486317,0.00
8595,99690786963,0.60
8596,1257016153,2.00
8597,1397444182,1.50
8598,199895486317,0.00
8599,199895486317,0.00
8600,20033038895,6.60
8601,199895486317,0.00
8602,96180931086,35.00
8603,1257016153,2.00
8604,199895486317,0.00
8605,199895486317,0.00
8606,199895486317,0.00
8607,99690786963,0.60
8608,3351140730,1.30
8609,48673902379,38.10
8610,35105116,1268.40
8611,1257016153,2.00
8612,199895486317,0.00
8613,199895486317,0.00
8614,199895486317,0.00
8615,199895486317,0.00
8616,199895486317,0.00
8617,199895486317,0.00
8618,1397444182,1.50
8619,133617753358,0.20
8620,37753951,1897.40
8621,45760007,651.80
8622,8725985935,5.10
8623,150738065978,0.80
8624,199895486317,0.00
8625,60170121,428.00
8626,58096686135,0.30
8627,199895486317,0.00
8628,89213611331,1.00
8629,4008213810,3.10
8630,95024392251,0.10
8631,199895486317,0.00
8632,42683617110,20.40
8633,52246466,557.10
8634,199895486317,0.00
8635,99690786963,0.60
8636,43633664,1442.90
8637,3563338753,5.00
8638,8145471336,5.60
8639,89213611331,1.00
8640,58096686135,0.30
8641,99690786963,0.60
8642,5052232239,2.90
8643,1580100102,1.20
8644,199895486317,0.00
8645,62208037,408.80
8646,24862734501,3.80
8647,47624509,2327.60
8648,199895486317,0.00
8649,199895486317,0.00
8650,95024392251,0.10
8651,199895486317,0.00
8652,95024392251,0.10
8653,199895486317,0.00
8654,199895486317,0.00
8655,372336959068,0.70
8656,154530653,258.70
8657,199895486317,0.00
8658,3708328705,2.70
8659,58096686135,0.30
8660,89213611331,1.00
8661,199895486317,0.00
8662,1257016153,2.00
8663,1397444182,1.50
8664,5454835113,155.50
8665,5380879713,2.40
8666,199895486317,0.00
8667,4008213810,3.10
8668,199895486317,0.00
8669,56127657,2417.40
8670,156922756435,0.40
8671,133617753358,0.20
8672,199895486317,0.00
8673,14814045514,8.00
8674,52668541,2327.40
8675,199895486317,0.00
8676,89213611331,1.00
8677,54397530,2474.50
8678,199895486317,0.00
8679,199895486317,0.00
8680,55270882,442.20
8681,2050527119,4.00
8682,199895486317,0.00
8683,199895486317,0.00
8684,133617753358,0.20
8685,95024392251,0.10
8686,937182873,6.00
8687,1257016153,2.00
8688,48605246884,33.50
8689,58096686135,0.30
8690,9798835701,4.60
8691,199895486317,0.00
8692,199895486317,0.00
8693,47196430,562.40
8694,1397444182,1.50
8695,4581580340,1.70
8696,199895486317,0.00
8697,61352677,402.90
8698,24971409688,0.50
8699,7974666852,3.30
8700,72538480212,17.00
8701,199895486317,0.00
8702,133617753358,0.20
8703,4614762981,1.80
8704,199895486317,0.00
8705,89213611331,1.00
8706,199895486317,0.00
8707,199895486317,0.00
8708,11329401875,15.00
8709,44210458,1727.50
8710,99690786963,0.60
8711,199895486317,0.00
8712,48706836,1467.00
8713,199895486317,0.00
8714,372336959068,0.70
8715,199895486317,0.00
8716,14475307068,1.90
8717,3351140730,1.30
8718,133617753358,0.20
8719,199895486317,0.00
8720,99690786963,0.60
8721,199895486317,0.00
8722,4614762981,1.80
8723,199895486317,0.00
8724,199895486317,0.00
8725,95024392251,0.10
8726,199895486317,0.00
8727,2691065770,2.10
8728,199895486317,0.00
8729,1580100102,1.20
8730,2234658666,189.80
8731,58096686135,0.30
8732,50039995,5000.00
8733,5637723967,1.60
8734,199895486317,0.00
8735,199895486317,0.00
8736,199895486317,0.00
8737,41212769,1248.40
8738,18142448437,3.90
8739,1257016153,2.00
8740,58096686135,0.30
8741,99690786963,0.60
8742,199895486317,0.00
8743,14475307068,1.90
8744,199895486317,0.00
8745,199895486317,0.00
8746,58096686135,0.30
8747,3351140730,1.30
8748,40635889,1880.80
8749,133617753358,0.20
8750,19754831288,65.80
8751,99690786963,0.60
8752,199895486317,0.00
8753,199895486317,0.00
8754,199895486317,0.00
8755,48705689,1713.70
8756,24971409688,0.50
8757,95024392251,0.10
8758,199895486317,0.00
8759,2877244766,191.30
8760,199895486317,0.00
8761,5794283918,11.00
8762,133617753358,0.20
8763,20832874289,4.10
8764,45812185499,10.60
8765,5637723967,1.60
8766,199895486317,0.00
8767,199895486317,0.00
8768,3351140730,1.30
8769,89213611331,1.00
8770,32567020,1736.90
8771,58096686135,0.30
8772,89213611331,1.00
8773,58096686135,0.30
8774,133617753358,0.20
8775,199895486317,0.00
8776,199895486317,0.00
8777,49166405,1827.10
8778,5637723967,1.60
8779,156922756435,0.40
8780,1257016153,2.00
8781,199895486317,0.00
8782,99690786963,0.60
8783,133617753358,0.20
8784,2686103608,3.20
8785,199895486317,0.00
8786,199895486317,0.00
8787,7218173098,2.50
8788,133617753358,0.20
8789,199895486317,0.00
8790,133617753358,0.20
8791,199895486317,0.00
8792,199895486317,0.00
8793,199895486317,0.00
8794,99690786963,0.60
8795,58096686135,0.30
8796,199895486317,0.00
8797,7218173098,2.50
8798,89213611331,1.00
8799,2691065770,2.10
8800,199895486317,0.00
8801,199895486317,0.00
8802,147931464614,33.00
8803,199895486317,0.00
8804,641419962,227.40
8805,884461957,3.00
8806,133617753358,0.20
8807,199895486317,0.00
8808,199895486317,0.00
8809,24971409688,0.50
8810,99690786963,0.60
8811,42849491459,65.10
8812,199895486317,0.00
8813,3351140730,1.30
8814,937182873,6.00
8815,2050527119,4.00
8816,58096686135,0.30
8817,18945197840,4.40
8818,199895486317,0.00
8819,133617753358,0.20
8820,38258834,2067.80
8821,199895486317,0.00
8822,2050527119,4.00
8823,199895486317,0.00
8824,112167320933,0.90
8825,112167320933,0.90
8826,133617753358,0.20
8827,372336959068,0.70
8828,58096686135,0.30
8829,199895486317,0.00
8830,3563338753,5.00
8831,62322372,4238.40
8832,199895486317,0.00
8833,29340677909,4.80
8834,199895486317,0.00
8835,58096686135,0.30
8836,150738065978,0.80
8837,2691065770,2.10
8838,199895486317,0.00
8839,199895486317,0.00
8840,199895486317,0.00
8841,199895486317,0.00
8842,23613628236,10.10
8843,199895486317,0.00
8844,199895486317,0.00
8845,1992334443,10.00
8846,199895486317,0.00
8847,199895486317,0.00
8848,199895486317,0.00
8849,7974666852,3.30
8850,19754831288,65.80
8851,156922756435,0.40
8852,199895486317,0.00
8853,1257016153,2.00
8854,20466689483,8.50
8855,199895486317,0.00
8856,40177186,1323.40
8857,199895486317,0.00
8858,1992334443,10.00
8859,95024392251,0.10
8860,884461957,3.00
8861,89286068496,17.80
8862,5715697093,2.20
8863,199895486317,0.00
8864,1580100102,1.20
8865,112826169829,9.60
8866,99690786963,0.60
8867,17460068190,113.40
8868,42004927,2848.90
8869,372336959068,0.70
8870,199895486317,0.00
8871,199895486317,0.00
8872,58096686135,0.30
8873,112167320933,0.90
8874,199895486317,0.00
8875,937182873,6.00
8876,13910560037,16.00
8877,199895486317,0.00
8878,199895486317,0.00
8879,133617753358,0.20
8880,156922756435,0.40
8881,156922756435,0.40
8882,35853164560,5.80
8883,199895486317,0.00
8884,199895486317,0.00
8885,199895486317,0.00
8886,59012424,707.60
8887,199895486317,0.00
8888,23950352,1342.00
8889,38979239,2865.30
8890,99690786963,0.60
8891,99690786963,0.60
8892,1257016153,2.00
8893,199895486317,0.00
8894,133617753358,0.20
8895,99690786963,0.60
8896,112167320933,0.90
8897,199895486317,0.00
8898,3351140730,1.30
8899,6280641646,161.70
8900,4614762981,1.80
8901,199895486317,0.00
8902,99690786963,0.60
8903,95024392251,0.10
8904,57575046,432.10
8905,58096686135,0.30
8906,95024392251,0.10
8907,199895486317,0.00
8908,937182873,6.00
8909,3583135578,1.10
8910,199895486317,0.00
8911,112167320933,0.90
8912,99690786963,0.60
8913,199895486317,0.00
8914,112167320933,0.90
8915,199895486317,0.00
8916,199895486317,0.00
8917,1257016153,2.00
8918,199895486317,0.00
8919,937182873,6.00
8920,115410568,278.00
8921,51128293,1379.30
8922,1580100102,1.20
8923,133617753358,0.20
8924,199895486317,0.00
8925,25760186,659.30
8926,199895486317,0.00
8927,5117228589,2.80
8928,199895486317,0.00
8929,156922756435,0.40
8930,199895486317,0.00
8931,199895486317,0.00
8932,199895486317,0.00
8933,156922756435,0.40
8934,199895486317,0.00
8935,199895486317,0.00
8936,199895486317,0.00
8937,150738065978,0.80
8938,199895486317,0.00
8939,199895486317,0.00
8940,3351140730,1.30
8941,199895486317,0.00
8942,40905648715,14.00
8943,69426338,3256.80
8944,199895486317,0.00
8945,156922756435,0.40
8946,58096686135,0.30
8947,199895486317,0.00
8948,49168460,1521.10
8949,5715697093,2.20
8950,95024392251,0.10
8951,58096686135,0.30
8952,199895486317,0.00
8953,58096686135,0.30
8954,70637233,3148.20
8955,3351140730,1.30
8956,58096686135,0.30
8957,4614762981,1.80
8958,199895486317,0.00
8959,112167320933,0.90
8960,58096686135,0.30
8961,199895486317,0.00
8962,4581580340,1.70
8963,1580100102,1.20
8964,199895486317,0.00
8965,199895486317,0.00
8966,58096686135,0.30
8967,99690786963,0.60
8968,199895486317,0.00
8969,199895486317,0.00
8970,89213611331,1.00
8971,199895486317,0.00
8972,89213611331,1.00
8973,12735433082,124.80
8974,199895486317,0.00
8975,34410855,1941.30
8976,56503297324,71.40
8977,2050527119,4.00
8978,60306233,763.40
8979,95024392251,0.10
8980,199895486317,0.00
8981,57279726,2413.80
8982,6686885106,2.60
8983,1257016153,2.00
8984,60454733,951.30
8985,199895486317,0.00
8986,199895486317,0.00
8987,3351140730,1.30
8988,199895486317,0.00
8989,199895486317,0.00
8990,2686103608,3.20
8991,14115377113,30.00
8992,199895486317,0.00
8993,156922756435,0.40
8994,38908841,1405.70
8995,199895486317,0.00
8996,45701846,383.30
8997,133617753358,0.20
8998,199895486317,0.00
8999,57110295792,6.80
9000,2319215827,1.40
9001,9651044235,3.70
9002,199895486317,0.00
9003,199895486317,0.00
9004,199895486317,0.00
9005,133617753358,0.20
9006,884461957,3.00
9007,89213611331,1.00
9008,9798835701,4.60
9009,199895486317,0.00
9010,133617753358,0.20
9011,52280082,1601.60
9012,112167320933,0.90
9013,14814045514,8.00
9014,884461957,3.00
9015,37573836481,8.30
9016,99690786963,0.60
9017,51028371735,62.50
9018,199895486317,0.00
9019,22457361821,10.50
9020,199895486317,0.00
9021,58096686135,0.30
9022,133617753358,0.20
9023,199895486317,0.00
9024,199895486317,0.00
9025,199895486317,0.00
9026,4581580340,1.70
9027,2691065770,2.10
9028,199895486317,0.00
9029,199895486317,0.00
9030,199895486317,0.00
9031,40905648715,14.00
9032,199895486317,0.00
9033,199895486317,0.00
9034,95024392251,0.10
9035,199895486317,0.00
9036,44532768108,92.10
9037,89213611331,1.00
9038,95024392251,0.10
9039,99690786963,0.60
9040,56276074,872.70
9041,199895486317,0.00
9042,199895486317,0.00
9043,199895486317,0.00
9044,58096686135,0.30
9045,58096686135,0.30
9046,199895486317,0.00
9047,95024392251,0.10
9048,7218173098,2.50
9049,4614762981,1.80
9050,199895486317,0.00
9051,12482656669,7.50
9052,199895486317,0.00
9053,199895486317,0.00
9054,5715697093,2.20
9055,199895486317,0.00
9056,133617753358,0.20
9057,199895486317,0.00
9058,199895486317,0.00
9059,1580100102,1.20
9060,199895486317,0.00
9061,58096686135,0.30
9062,884461957,3.00
9063,99690786963,0.60
9064,156922756435,0.40
9065,58096686135,0.30
9066,199895486317,0.00
9067,199895486317,0.00
9068,199895486317,0.00
9069,5637723967,1.60
9070,199895486317,0.00
9071,199895486317,0.00
9072,199895486317,0.00
9073,50218902,2698.60
9074,199895486317,0.00
9075,199895486317,0.00
9076,199895486317,0.00
9077,95024392251,0.10
9078,24648050551,11.40
9079,4114302921,9.00
9080,1257016153,2.00
9081,199895486317,0.00
9082,199895486317,0.00
9083,133617753358,0.20
9084,199895486317,0.00
9085,199895486317,0.00
9086,4614762981,1.80
9087,99690786963,0.60
9088,95024392251,0.10
9089,199895486317,0.00
9090,199895486317,0.00
9091,199895486317,0.00
9092,133617753358,0.20
9093,199895486317,0.00
9094,199895486317,0.00
9095,45764510,494.40
9096,156922756435,0.40
9097,5637723967,1.60
9098,199895486317,0.00
9099,58096686135,0.30
9100,199895486317,0.00
9101,4581580340,1.70
9102,199895486317,0.00
9103,199895486317,0.00
9104,199895486317,0.00
9105,199895486317,0.00
9106,156922756435,0.40
9107,199895486317,0.00
9108,2691065770,2.10
9109,150738065978,0.80
9110,884461957,3.00
9111,58096686135,0.30
9112,51090324,495.50
9113,35853164560,5.80
9114,133617753358,0.20
9115,89213611331,1.00
9116,37754793,1835.30
9117,199895486317,0.00
9118,1257016153,2.00
9119,133617753358,0.20
9120,52510199,1001.20
9121,199895486317,0.00
9122,2691065770,2.10
9123,7746534246,5.30
9124,199895486317,0.00
9125,4581580340,1.70
9126,95024392251,0.10
9127,2050527119,4.00
9128,199895486317,0.00
9129,199895486317,0.00
9130,199895486317,0.00
9131,199895486317,0.00
9132,53453679308,13.70
9133,884461957,3.00
9134,199895486317,0.00
9135,199895486317,0.00
9136,133617753358,0.20
9137,199895486317,0.00
9138,40061628,1067.60
9139,58096686135,0.30
9140,52246129,435.80
9141,199895486317,0.00
9142,46911906748,7.30
9143,58096686135,0.30
9144,156922756435,0.40
9145,58096686135,0.30
9146,156922756435,0.40
9147,199895486317,0.00
9148,199895486317,0.00
9149,16725704523,10.30
9150,199895486317,0.00
9151,24963562485,21.90
9152,199895486317,0.00
9153,3563338753,5.00
9154,133617753358,0.20
9155,199895486317,0.00
9156,1257016153,2.00
9157,199895486317,0.00
9158,199895486317,0.00
9159,34643958,1464.50
9160,20033038895,6.60
9161,22789023,353.60
9162,99690786963,0.60
9163,199895486317,0.00
9164,56559977,2209.80
9165,63772550,581.60
9166,34066952,1186.80
9167,199895486317,0.00
9168,24971409688,0.50
9169,199895486317,0.00
9170,24971409688,0.50
9171,199895486317,0.00
9172,5052232239,2.90
9173,937182873,6.00
9174,2691065770,2.10
9175,18443957751,12.00
9176,5909996763,4.50
9177,56598817,398.90
9178,3359018551,4.20
9179,1580100102,1.20
9180,133617753358,0.20
9181,199895486317,0.00
9182,58096686135,0.30
9183,199895486317,0.00
9184,199895486317,0.00
9185,199895486317,0.00
9186,199895486317,0.00
9187,2267001065,163.70
9188,156922756435,0.40
9189,3583135578,1.10
9190,95024392251,0.10
9191,199895486317,0.00
9192,97150219,274.90
9193,24971409688,0.50
9194,1963171032,195.20
9195,199895486317,0.00
9196,58096686135,0.30
9197,199895486317,0.00
9198,199895486317,0.00
9199,25463485161,11.80
9200,99690786963,0.60
9201,24963562485,21.90
9202,1397444182,1.50
9203,89213611331,1.00
9204,57110295792,6.80
9205,199895486317,0.00
9206,199895486317,0.00
9207,199895486317,0.00
9208,5637723967,1.60
9209,99690786963,0.60
9210,199895486317,0.00
9211,9787512983,20.00
9212,199895486317,0.00
9213,884461957,3.00
9214,884461957,3.00
9215,884461957,3.00
9216,199895486317,0.00
9217,3351140730,1.30
9218,95024392251,0.10
9219,133617753358,0.20
9220,1397444182,1.50
9221,199895486317,0.00
9222,199895486317,0.00
9223,199895486317,0.00
9224,199895486317,0.00
9225,199895486317,0.00
9226,199895486317,0.00
9227,199895486317,0.00
9228,60341546,403.30
9229,199895486317,0.00
9230,27461400156,110.30
9231,112167320933,0.90
9232,65500213,601.40
9233,28556054607,5.50
9234,199895486317,0.00
9235,199895486317,0.00
9236,58096686135,0.30
9237,43592496,546.00
9238,58096686135,0.30
9239,89213611331,1.00
9240,6686885106,2.60
9241,50039995,5000.00
9242,199895486317,0.00
9243,49578731725,94.80
9244,99690786963,0.60
9245,199895486317,0.00
9246,199895486317,0.00
9247,1580100102,1.20
9248,50039995,5000.00
9249,17292229334,7.00
9250,150738065978,0.80
9251,99690786963,0.60
9252,2050527119,4.00
9253,30295032087,7.20
9254,199895486317,0.00
9255,156922756435,0.40
9256,156922756435,0.40
9257,1992334443,10.00
9258,199895486317,0.00
9259,58096686135,0.30
9260,199895486317,0.00
9261,372336959068,0.70
9262,133617753358,0.20
9263,58096686135,0.30
9264,199895486317,0.00
9265,199895486317,0.00
9266,199895486317,0.00
9267,199895486317,0.00
9268,133617753358,0.20
9269,24971409688,0.50
9270,199895486317,0.00
9271,199895486317,0.00
9272,3351140730,1.30
9273,24971409688,0.50
9274,2050527119,4.00
9275,133617753358,0.20
9276,20832874289,4.10
9277,199895486317,0.00
9278,58096686135,0.30
9279,199895486317,0.00
9280,58096686135,0.30
9281,199895486317,0.00
9282,199895486317,0.00
9283,3351140730,1.30
9284,199895486317,0.00
9285,199895486317,0.00
9286,199895486317,0.00
9287,937182873,6.00
9288,199895486317,0.00
9289,133617753358,0.20
9290,4581580340,1.70
9291,99690786963,0.60
9292,199895486317,0.00
9293,199895486317,0.00
9294,60707960,370.00
9295,199895486317,0.00
9296,199895486317,0.00
9297,199895486317,0.00
9298,13910560037,16.00
9299,112167320933,0.90
9300,199895486317,0.00
9301,937182873,6.00
9302,2319215827,1.40
9303,1257016153,2.00
9304,24971409688,0.50
9305,199895486317,0.00
9306,50039995,5000.00
9307,56997094,441.20
9308,199895486317,0.00
9309,199895486317,0.00
9310,58096686135,0.30
9311,199895486317,0.00
9312,112167320933,0.90
9313,59735772959,8.10
9314,199895486317,0.00
9315,89213611331,1.00
9316,199895486317,0.00
9317,133617753358,0.20
9318,58096686135,0.30
9319,199895486317,0.00
9320,7218173098,2.50
9321,199895486317,0.00
9322,199895486317,0.00
9323,199895486317,0.00
9324,199895486317,0.00
9325,48014981,1816.30
9326,24971409688,0.50
9327,5380879713,2.40
9328,40426453,421.80
9329,199895486317,0.00
9330,199895486317,0.00
9331,156922756435,0.40
9332,199895486317,0.00
9333,99690786963,0.60
9334,937182873,6.00
9335,199895486317,0.00
9336,3351140730,1.30
9337,133617753358,0.20
9338,58096686135,0.30
9339,199895486317,0.00
9340,199895486317,0.00
9341,112167320933,0.90
9342,5052232239,2.90
9343,199895486317,0.00
9344,89213611331,1.00
9345,1992334443,10.00
9346,199895486317,0.00
9347,99690786963,0.60
9348,199895486317,0.00
9349,199895486317,0.00
9350,199895486317,0.00
9351,199895486317,0.00
9352,199895486317,0.00
9353,4614762981,1.80
9354,199895486317,0.00
9355,7974666852,3.30
9356,199895486317,0.00
9357,14814045514,8.00
9358,112167320933,0.90
9359,3563338753,5.00
9360,20141054,508.60
9361,133617753358,0.20
9362,3351140730,1.30
9363,38258875,968.00
9364,1257016153,2.00
9365,4614762981,1.80
9366,27736694344,11.50
9367,199895486317,0.00
9368,199895486317,0.00
9369,89213611331,1.00
9370,199895486317,0.00
9371,107003246683,12.90
9372,199895486317,0.00
9373,133617753358,0.20
9374,1257016153,2.00
9375,199895486317,0.00
9376,95024392251,0.10
9377,199895486317,0.00
9378,199895486317,0.00
9379,199895486317,0.00
9380,95024392251,0.10
9381,54542904,739.60
9382,199895486317,0.00
9383,57286945,787.60
9384,53453679308,13.70
9385,5380879713,2.40
9386,156922756435,0.40
9387,199895486317,0.00
9388,199895486317,0.00
9389,199895486317,0.00
9390,58096686135,0.30
9391,58096686135,0.30
9392,199895486317,0.00
9393,199895486317,0.00
9394,89213611331,1.00
9395,4581580340,1.70
9396,199895486317,0.00
9397,2050527119,4.00
9398,24971409688,0.50
9399,199895486317,0.00
9400,199895486317,0.00
9401,199895486317,0.00
9402,112167320933,0.90
9403,1257016153,2.00
9404,58096686135,0.30
9405,199895486317,0.00
9406,1397444182,1.50
9407,58096686135,0.30
9408,884461957,3.00
9409,199895486317,0.00
9410,39829176,1147.50
9411,199895486317,0.00
9412,199895486317,0.00
9413,112167320933,0.90
9414,937182873,6.00
9415,199895486317,0.00
9416,2319215827,1.40
9417,199895486317,0.00
9418,199895486317,0.00
9419,199895486317,0.00
9420,2119486260,197.80
9421,133617753358,0.20
9422,199895486317,0.00
9423,38100874,1607.90
9424,199895486317,0.00
9425,199895486317,0.00
9426,42252010,1283.50
9427,199895486317,0.00
9428,199895486317,0.00
9429,199895486317,0.00
9430,94731422856,17.90
9431,199895486317,0.00
9432,52774447,338.20
9433,199895486317,0.00
9434,58096686135,0.30
9435,133617753358,0.20
9436,45479670,1419.50
9437,1580100102,1.20
9438,199895486317,0.00
9439,199895486317,0.00
9440,1580100102,1.20
9441,199895486317,0.00
9442,199895486317,0.00
9443,95024392251,0.10
9444,58096686135,0.30
9445,31415129,1927.50
9446,2050527119,4.00
9447,3583135578,1.10
9448,21693192042,4.90
9449,50039995,5000.00
9450,199895486317,0.00
9451,1397444182,1.50
9452,199895486317,0.00
9453,199895486317,0.00
9454,21693192042,4.90
9455,4008213810,3.10
9456,199895486317,0.00
9457,112167320933,0.90
9458,16725704523,10.30
9459,89213611331,1.00
9460,199895486317,0.00
9461,199895486317,0.00
9462,199895486317,0.00
9463,1992334443,10.00
9464,5794283918,11.00
9465,2050527119,4.00
9466,150738065978,0.80
9467,199895486317,0.00
9468,199895486317,0.00
9469,199895486317,0.00
9470,152811387632,30.30
9471,1257016153,2.00
9472,18142448437,3.90
9473,57006563625,87.60
9474,199895486317,0.00
9475,4087369411,2.30
9476,55592949,3703.00
9477,54977207,876.10
9478,199895486317,0.00
9479,1257016153,2.00
9480,133617753358,0.20
9481,99690786963,0.60
9482,4614762981,1.80
9483,1397444182,1.50
9484,3359018551,4.20
9485,61608725,860.70
9486,199895486317,0.00
9487,5637723967,1.60
9488,199895486317,0.00
9489,199895486317,0.00
9490,4614762981,1.80
9491,199895486317,0.00
9492,199895486317,0.00
9493,5439464766,3.60
9494,58096686135,0.30
9495,24971409688,0.50
9496,66436897,374.40
9497,199895486317,0.00
9498,112167320933,0.90
9499,133617753358,0.20
9500,199895486317,0.00
9501,14475307068,1.90
9502,1580100102,1.20
9503,199895486317,0.00
9504,24971409688,0.50
9505,199895486317,0.00
9506,34066929,1094.70
9507,62467049,2434.80
9508,2686103608,3.20
9509,3351140730,1.30
9510,30295032087,7.20
9511,1873164618,189.00
9512,3563338753,5.00
9513,89213611331,1.00
9514,89213611331,1.00
9515,52668879,2458.20
9516,24971409688,0.50
9517,1257016153,2.00
9518,199895486317,0.00
9519,199895486317,0.00
9520,8145471336,5.60
9521,199895486317,0.00
9522,34538756475,10.80
9523,113247305237,12.70
9524,49930140,2111.00
9525,36665242422,38.80
9526,28840901516,5.20
9527,199895486317,0.00
9528,199895486317,0.00
9529,199895486317,0.00
9530,199895486317,0.00
9531,58096686135,0.30
9532,35111032227,7.60
9533,884461957,3.00
9534,24971409688,0.50
9535,199895486317,0.00
9536,199895486317,0.00
9537,112167320933,0.90
9538,199895486317,0.00
9539,112167320933,0.90
9540,199895486317,0.00
9541,133617753358,0.20
9542,24971409688,0.50
9543,199895486317,0.00
9544,199895486317,0.00
9545,50039995,5000.00
9546,50039995,5000.00
9547,199895486317,0.00
9548,1580100102,1.20
9549,156922756435,0.40
9550,13323169972,6.10
9551,1992334443,10.00
9552,199895486317,0.00
9553,199895486317,0.00
9554,95024392251,0.10
9555,199895486317,0.00
9556,99690786963,0.60
9557,199895486317,0.00
9558,1257016153,2.00
9559,9256822421,138.30
9560,17309206907,5.40
9561,937182873,6.00
9562,24971409688,0.50
9563,13323169972,6.10
9564,884461957,3.00
9565,46836615894,41.00
9566,199895486317,0.00
9567,199895486317,0.00
9568,5439464766,3.60
9569,150738065978,0.80
9570,43567672056,9.10
9571,199895486317,0.00
9572,491205545,220.30
9573,1257016153,2.00
9574,199895486317,0.00
9575,46911906748,7.30
9576,2686103608,3.20
9577,99690786963,0.60
9578,199895486317,0.00
9579,199895486317,0.00
9580,24862734501,3.80
9581,199895486317,0.00
9582,1257016153,2.00
9583,112167320933,0.90
9584,199895486317,0.00
9585,199895486317,0.00
9586,199895486317,0.00
9587,2319215827,1.40
9588,31183939,1330.30
9589,24971409688,0.50
9590,372336959068,0.70
9591,5794283918,11.00
9592,38561900,1714.90
9593,24862734501,3.80
9594,24971409688,0.50
9595,199895486317,0.00
9596,53670961272,8.20
9597,133617753358,0.20
9598,372336959068,0.70
9599,18560518827,6.20
9600,4581580340,1.70
9601,156922756435,0.40
9602,112167320933,0.90
9603,937182873,6.00
9604,199895486317,0.00
9605,156922756435,0.40
9606,199895486317,0.00
9607,199895486317,0.00
9608,156922756435,0.40
9609,58096686135,0.30
9610,1992334443,10.00
9611,1257016153,2.00
9612,199895486317,0.00
9613,199895486317,0.00
9614,133617753358,0.20
9615,199895486317,0.00
9616,43059584,1209.20
9617,199895486317,0.00
9618,95024392251,0.10
9619,133617753358,0.20
9620,13128228672,7.40
9621,61571641456,11.30
9622,199895486317,0.00
9623,884461957,3.00
9624,884461957,3.00
9625,58004750,655.30
9626,11329401875,15.00
9627,199895486317,0.00
9628,150738065978,0.80
9629,199895486317,0.00
9630,26164543188,12.20
9631,199895486317,0.00
9632,99690786963,0.60
9633,199895486317,0.00
9634,199895486317,0.00
9635,6348347708,4.30
9636,199895486317,0.00
9637,372336959068,0.70
9638,199895486317,0.00
9639,1580100102,1.20
9640,1580100102,1.20
9641,89213611331,1.00
9642,199895486317,0.00
9643,12146948584,3.50
9644,58096686135,0.30
9645,1257016153,2.00
9646,199895486317,0.00
9647,294679428,244.50
9648,6686885106,2.60
9649,45755616,458.50
9650,199895486317,0.00
9651,199895486317,0.00
9652,199895486317,0.00
9653,199895486317,0.00
9654,199895486317,0.00
9655,112167320933,0.90
9656,13323169972,6.10
9657,199895486317,0.00
9658,199895486317,0.00
9659,133617753358,0.20
9660,199895486317,0.00
9661,60498213,286.20
9662,884461957,3.00
9663,89213611331,1.00
9664,199895486317,0.00
9665,8024892803,6.50
9666,199895486317,0.00
9667,95024392251,0.10
9668,156922756435,0.40
9669,3563338753,5.00
9670,99690786963,0.60
9671,3563338753,5.00
9672,199895486317,0.00
9673,199895486317,0.00
9674,95024392251,0.10
9675,199895486317,0.00
9676,58096686135,0.30
9677,2050527119,4.00
9678,199895486317,0.00
9679,199895486317,0.00
9680,133617753358,0.20
9681,199895486317,0.00
9682,99690786963,0.60
9683,94647085,267.40
9684,199895486317,0.00
9685,4087369411,2.30
9686,199895486317,0.00
9687,199895486317,0.00
9688,199895486317,0.00
9689,133636545424,31.40
9690,1992334443,10.00
9691,95024392251,0.10
9692,199895486317,0.00
9693,2319215827,1.40
9694,199895486317,0.00
9695,199895486317,0.00
9696,199895486317,0.00
9697,62179705,2018.60
9698,50039995,5000.00
9699,99690786963,0.60
9700,199895486317,0.00
9701,5715697093,2.20
9702,5052232239,2.90
9703,2050527119,4.00
9704,199895486317,0.00
9705,199895486317,0.00
9706,199895486317,0.00
9707,52627687,1294.40
9708,199895486317,0.00
9709,31249040209,10.70
9710,58096686135,0.30
9711,199895486317,0.00
9712,199895486317,0.00
9713,5794283918,11.00
9714,5794283918,11.00
9715,1580100102,1.20
9716,1992334443,10.00
9717,17292229334,7.00
9718,34874392,1292.70
9719,884461957,3.00
9720,24971409688,0.50
9721,95024392251,0.10
9722,156922756435,0.40
9723,199895486317,0.00
9724,199895486317,0.00
9725,46631928,1255.60
9726,61126607,3350.30
9727,37293683,1120.30
9728,199895486317,0.00
9729,199895486317,0.00
9730,199895486317,0.00
9731,24971409688,0.50
9732,5040148488,3.40
9733,199895486317,0.00
9734,199895486317,0.00
9735,199895486317,0.00
9736,99690786963,0.60
9737,199895486317,0.00
9738,45477737,1211.90
9739,199895486317,0.00
9740,112167320933,0.90
9741,58096686135,0.30
9742,199895486317,0.00
9743,199895486317,0.00
9744,199895486317,0.00
9745,199895486317,0.00
9746,199895486317,0.00
9747,199895486317,0.00
9748,199895486317,0.00
9749,199895486317,0.00
9750,94372693046,16.90
9751,65060329,2874.20
9752,22789023,353.60
9753,199895486317,0.00
9754,14651198557,123.50
9755,3359018551,4.20
9756,95024392251,0.10
9757,1580100102,1.20
9758,56129978,802.50
9759,199895486317,0.00
9760,199895486317,0.00
9761,133617753358,0.20
9762,199895486317,0.00
9763,112167320933,0.90
9764,57423750,2308.90
9765,24971409688,0.50
9766,58096686135,0.30
9767,99690786963,0.60
9768,7974666852,3.30
9769,47051595,608.00
9770,50039995,5000.00
9771,99690786963,0.60
9772,1257016153,2.00
9773,1397444182,1.50
9774,9787512983,20.00
9775,199895486317,0.00
9776,199895486317,0.00
9777,199895486317,0.00
9778,3351140730,1.30
9779,199895486317,0.00
9780,61314142,2533.30
9781,150738065978,0.80
9782,2050527119,4.00
9783,89213611331,1.00
9784,27228866,372.20
9785,22457361821,10.50
9786,156922756435,0.40
9787,6686885106,2.60
9788,5637723967,1.60
9789,199895486317,0.00
9790,199895486317,0.00
9791,199895486317,0.00
9792,12482656669,7.50
9793,199895486317,0.00
9794,150738065978,0.80
9795,51680717700,85.00
9796,199895486317,0.00
9797,8024892803,6.50
9798,89213611331,1.00
9799,156922756435,0.40
9800,199895486317,0.00
9801,133617753358,0.20
9802,3583135578,1.10
9803,199895486317,0.00
9804,23613628236,10.10
9805,4114302921,9.00
9806,199895486317,0.00
9807,199895486317,0.00
9808,199895486317,0.00
9809,58096686135,0.30
9810,47202515,449.50
9811,2691065770,2.10
9812,199895486317,0.00
9813,112167320933,0.90
9814,54728556,3801.90
9815,1257016153,2.00
9816,199895486317,0.00
9817,199895486317,0.00
9818,99690786963,0.60
9819,28556054607,5.50
9820,133617753358,0.20
9821,58096686135,0.30
9822,58096686135,0.30
9823,133617753358,0.20
9824,112167320933,0.90
9825,40405417,1569.50
9826,199895486317,0.00
9827,1257016153,2.00
9828,112167320933,0.90
9829,199895486317,0.00
9830,199895486317,0.00
9831,156922756435,0.40
9832,7746534246,5.30
9833,199895486317,0.00
9834,199895486317,0.00
9835,65273841,334.40
9836,199895486317,0.00
9837,199895486317,0.00
9838,58096686135,0.30
9839,24971409688,0.50
9840,6348347708,4.30
9841,199895486317,0.00
9842,199895486317,0.00
9843,58096686135,0.30
9844,199895486317,0.00
9845,58096686135,0.30
9846,72366193,3451.00
9847,58096686135,0.30
9848,95024392251,0.10
9849,884461957,3.00
9850,199895486317,0.00
9851,58096686135,0.30
9852,7218173098,2.50
9853,199895486317,0.00
9854,199895486317,0.00
9855,199895486317,0.00
9856,199895486317,0.00
9857,199895486317,0.00
9858,199895486317,0.00
9859,1992334443,10.00
9860,58096686135,0.30
9861,48706476,1653.10
9862,38117242,688.60
9863,199895486317,0.00
9864,99690786963,0.60
9865,199895486317,0.00
9866,199895486317,0.00
9867,199895486317,0.00
9868,69440510655,77.90
9869,64204614,313.40
9870,199895486317,0.00
9871,95024392251,0.10
9872,199895486317,0.00
9873,14814045514,8.00
9874,199895486317,0.00
9875,4087369411,2.30
9876,199895486317,0.00
9877,199895486317,0.00
9878,41141698,531.90
9879,199895486317,0.00
9880,4087369411,2.30
9881,99690786963,0.60
9882,99690786963,0.60
9883,42713100,1433.50
9884,199895486317,0.00
9885,199895486317,0.00
9886,199895486317,0.00
9887,199895486317,0.00
9888,112167320933,0.90
9889,1397444182,1.50
9890,199895486317,0.00
9891,9651044235,3.70
9892,199895486317,0.00
9893,199895486317,0.00
9894,199895486317,0.00
9895,2543670644,190.50
9896,199895486317,0.00
9897,199895486317,0.00
9898,24971409688,0.50
9899,24971409688,0.50
9900,1580100102,1.20
9901,199895486317,0.00
9902,7974666852,3.30
9903,199895486317,0.00
9904,4614762981,1.80
9905,89213611331,1.00
9906,58096686135,0.30
9907,199895486317,0.00
9908,24601392966,21.00
9909,95024392251,0.10
9910,1580100102,1.20
9911,199895486317,0.00
9912,199895486317,0.00
9913,1257016153,2.00
9914,199895486317,0.00
9915,95024392251,0.10
9916,133617753358,0.20
9917,24963562485,21.90
9918,199895486317,0.00
9919,30840790,1039.50
9920,199895486317,0.00
9921,199895486317,0.00
9922,199895486317,0.00
9923,199895486317,0.00
9924,150738065978,0.80
9925,199895486317,0.00
9926,56416918772,6.90
9927,199895486317,0.00
9928,199895486317,0.00
9929,199895486317,0.00
9930,199895486317,0.00
9931,199895486317,0.00
9932,89213611331,1.00
9933,937182873,6.00
9934,99690786963,0.60
9935,1580100102,1.20
9936,199895486317,0.00
9937,95024392251,0.10
9938,199895486317,0.00
9939,58096686135,0.30
9940,1257016153,2.00
9941,95024392251,0.10
9942,199895486317,0.00
9943,884461957,3.00
9944,884461957,3.00
9945,372336959068,0.70
9946,199895486317,0.00
9947,199895486317,0.00
9948,7218173098,2.50
9949,199895486317,0.00
9950,199895486317,0.00
9951,884461957,3.00
9952,5380879713,2.40
9953,89213611331,1.00
9954,199895486317,0.00
9955,199895486317,0.00
9956,95546043844,61.10
9957,95024392251,0.10
9958,199895486317,0.00
9959,199895486317,0.00
9960,199895486317,0.00
9961,95024392251,0.10
9962,199895486317,0.00
9963,199895486317,0.00
9964,14814045514,8.00
9965,199895486317,0.00
9966,150738065978,0.80
9967,372336959068,0.70
9968,43202517841,84.30
9969,156922756435,0.40
9970,199895486317,0.00
9971,59885774,477.60
9972,89213611331,1.00
9973,199895486317,0.00
9974,199895486317,0.00
9975,1397444182,1.50
9976,1257016153,2.00
9977,14814045514,8.00
9978,156922756435,0.40
9979,199895486317,0.00
9980,58096686135,0.30
9981,1397444182,1.50
9982,5637723967,1.60
9983,199895486317,0.00
9984,3351140730,1.30
9985,5117228589,2.80
9986,1992334443,10.00
9987,199895486317,0.00
9988,199895486317,0.00
9989,2050527119,4.00
9990,199895486317,0.00
9991,89213611331,1.00
9992,95024392251,0.10
9993,199895486317,0.00
9994,199895486317,0.00
9995,199895486317,0.00
9996,199895486317,0.00
9997,199895486317,0.00
9998,89213611331,1.00
9999,199895486317,0.00
