Name,Pig9
Score,0.36639999999999995
LockedUpRTP,
Rtp,0.9699999993806154
Win Ranges
0,0.1,1 in 1.410
0.1,1,1 in 4.348
1,2,1 in 35.023
2,3,1 in 693.648
3,5,1 in 476.913
5,10,1 in 164.836
10,20,1 in 103.114
20,50,1 in 115.397
50,100,1 in 285.806
100,200,1 in 1451.308
200,500,1 in 88582.335
500,1000,1 in 98477.517
1000,2000,1 in 120670.506
2000,3000,1 in 254461.124
3000,5001,1 in 187129.269
Distribution
0,199895486317,0.00
1,80602215784,0.60
2,50039995,5000.00
3,5084268839,2.40
4,11065030075,3.90
5,141270830382,0.90
6,5084268839,2.40
7,123759813188,1.00
8,199895486317,0.00
9,88565052664,0.20
10,80602215784,0.60
11,5564570111,3.20
12,199895486317,0.00
13,88565052664,0.20
14,199895486317,0.00
15,13113230369,0.40
16,199895486317,0.00
17,199895486317,0.00
18,80602215784,0.60
19,1241601981,4.00
20,88565052664,0.20
21,199895486317,0.00
22,80602215784,0.60
23,199895486317,0.00
24,1302494368,1.30
25,123759813188,1.00
26,3441658049,6.30
27,123759813188,1.00
28,199895486317,0.00
29,199895486317,0.00
30,1248520015,1.20
31,199895486317,0.00
32,76464231360,0.30
33,428643992,3.00
34,1624607378,1.50
35,13113230369,0.40
36,199895486317,0.00
37,55823151393,8.20
38,56000706,2302.30
39,199895486317,0.00
40,199895486317,0.00
41,199895486317,0.00
42,88565052664,0.20
43,199895486317,0.00
44,64589262256,22.30
45,76464231360,0.30
46,85326411380,0.50
47,1162173229,2.00
48,123759813188,1.00
49,141270830382,0.90
50,76464231360,0.30
51,199895486317,0.00
52,199895486317,0.00
53,76464231360,0.30
54,53555063,372.50
55,199895486317,0.00
56,1624607378,1.50
57,199895486317,0.00
58,9619257968,130.40
59,88565052664,0.20
60,1642716151,4.60
61,199895486317,0.00
62,199895486317,0.00
63,3633675400,1.90
64,199895486317,0.00
65,141270830382,0.90
66,199895486317,0.00
67,21567612419,14.00
68,8661122046,3.70
69,378081995037,0.80
70,199895486317,0.00
71,6240319135,151.50
72,10615163773,7.00
73,199895486317,0.00
74,158079034572,0.10
75,199895486317,0.00
76,76464231360,0.30
77,47362720442,18.00
78,199895486317,0.00
79,199895486317,0.00
80,199895486317,0.00
81,60842170,3773.50
82,88565052664,0.20
83,54728032,3631.80
84,199895486317,0.00
85,53555065,4166.20
86,61095815,551.90
87,2938576274,1.10
88,4785659569,2.30
89,80602215784,0.60
90,199895486317,0.00
91,51109410,2569.00
92,141270830382,0.90
93,199895486317,0.00
94,199895486317,0.00
95,311521108281,0.70
96,428643992,3.00
97,199895486317,0.00
98,76464231360,0.30
99,88565052664,0.20
100,141270830382,0.90
101,13113230369,0.40
102,378081995037,0.80
103,89707325749,26.50
104,1248520015,1.20
105,66394717,513.10
106,80602215784,0.60
107,1878257932,6.00
108,1878257932,6.00
109,1248520015,1.20
110,76464231360,0.30
111,199895486317,0.00
112,1162173229,2.00
113,199895486317,0.00
114,199895486317,0.00
115,1248520015,1.20
116,199895486317,0.00
117,199895486317,0.00
118,199895486317,0.00
119,80602215784,0.60
120,199895486317,0.00
121,199895486317,0.00
122,199895486317,0.00
123,199895486317,0.00
124,10139629910,4.40
125,76464231360,0.30
126,1162173229,2.00
127,199895486317,0.00
128,76464231360,0.30
129,63949063,407.70
130,26017293322,12.80
131,1624607378,1.50
132,76464231360,0.30
133,17633105720,116.90
134,199895486317,0.00
135,199895486317,0.00
136,199895486317,0.00
137,1248520015,1.20
138,199895486317,0.00
139,62930046,891.50
140,12828998760,123.60
141,13113230369,0.40
142,199895486317,0.00
143,5564570111,3.20
144,37789701,1588.30
145,88565052664,0.20
146,40307797,844.70
147,4867792093,1.40
148,88565052664,0.20
149,311521108281,0.70
150,1162173229,2.00
151,84320393,3182.90
152,199895486317,0.00
153,199895486317,0.00
154,1162173229,2.00
155,88565052664,0.20
156,158079034572,0.10
157,199895486317,0.00
158,123759813188,1.00
159,199895486317,0.00
160,2959790839,2.60
161,199895486317,0.00
162,19032970,898.70
163,46218119,872.00
164,88565052664,0.20
165,76464231360,0.30
166,76464231360,0.30
167,199895486317,0.00
168,199895486317,0.00
169,199895486317,0.00
170,1241601981,4.00
171,1241601981,4.00
172,199895486317,0.00
173,123759813188,1.00
174,48822930544,30.80
175,8954155737,3.10
176,199895486317,0.00
177,199895486317,0.00
178,199895486317,0.00
179,378081995037,0.80
180,85326411380,0.50
181,199895486317,0.00
182,199895486317,0.00
183,76464231360,0.30
184,199895486317,0.00
185,199895486317,0.00
186,33896617876,6.90
187,199895486317,0.00
188,199895486317,0.00
189,199895486317,0.00
190,199895486317,0.00
191,199895486317,0.00
192,199895486317,0.00
193,199895486317,0.00
194,123759813188,1.00
195,76464231360,0.30
196,199895486317,0.00
197,199895486317,0.00
198,199895486317,0.00
199,199895486317,0.00
200,199895486317,0.00
201,199895486317,0.00
202,199895486317,0.00
203,199895486317,0.00
204,199895486317,0.00
205,7233328772,2.90
206,199895486317,0.00
207,56417711112,72.60
208,3518200587,9.00
209,85716264320,9.70
210,88565052664,0.20
211,199895486317,0.00
212,199895486317,0.00
213,1241601981,4.00
214,158079034572,0.10
215,199895486317,0.00
216,20631119801,4.50
217,158079034572,0.10
218,378081995037,0.80
219,50701799,605.00
220,76464231360,0.30
221,88565052664,0.20
222,199895486317,0.00
223,1367538191,5.00
224,59465387,4069.40
225,65488893,3727.40
226,76464231360,0.30
227,71693625,418.30
228,199895486317,0.00
229,378081995037,0.80
230,199895486317,0.00
231,24847070731,8.40
232,199895486317,0.00
233,199895486317,0.00
234,199895486317,0.00
235,141270830382,0.90
236,13113230369,0.40
237,199895486317,0.00
238,199895486317,0.00
239,67209930,2420.50
240,199895486317,0.00
241,199895486317,0.00
242,88565052664,0.20
243,199895486317,0.00
244,158079034572,0.10
245,199895486317,0.00
246,199895486317,0.00
247,311521108281,0.70
248,1162173229,2.00
249,199895486317,0.00
250,60280594,397.20
251,199895486317,0.00
252,11832251288,10.10
253,199895486317,0.00
254,311521108281,0.70
255,1248520015,1.20
256,13113230369,0.40
257,73324069,553.00
258,199895486317,0.00
259,1792636859,1.60
260,76464231360,0.30
261,74750685,753.80
262,199895486317,0.00
263,4785659569,2.30
264,16343950180,39.10
265,1878257932,6.00
266,199895486317,0.00
267,199895486317,0.00
268,16184641507,11.00
269,199895486317,0.00
270,1878257932,6.00
271,88565052664,0.20
272,158079034572,0.10
273,88565052664,0.20
274,199895486317,0.00
275,199895486317,0.00
276,199895486317,0.00
277,5407105262,3.60
278,199895486317,0.00
279,69049246362,23.70
280,199895486317,0.00
281,50039995,5000.00
282,43568657,819.70
283,76464231360,0.30
284,46230616528,52.50
285,123759813188,1.00
286,199895486317,0.00
287,63541457,641.70
288,1162173229,2.00
289,88565052664,0.20
290,1367538191,5.00
291,199895486317,0.00
292,13113230369,0.40
293,199895486317,0.00
294,199895486317,0.00
295,428643992,3.00
296,69536388,273.00
297,123759813188,1.00
298,158079034572,0.10
299,1302494368,1.30
300,68432767,664.00
301,199895486317,0.00
302,199895486317,0.00
303,428643992,3.00
304,199895486317,0.00
305,199895486317,0.00
306,22293840,677.60
307,1248520015,1.20
308,54166474,721.90
309,199895486317,0.00
310,199895486317,0.00
311,1248520015,1.20
312,12424211601,4.90
313,199895486317,0.00
314,80602215784,0.60
315,199895486317,0.00
316,6513552338,4.80
317,378081995037,0.80
318,199895486317,0.00
319,80602215784,0.60
320,199895486317,0.00
321,123759813188,1.00
322,43170139,1303.80
323,199895486317,0.00
324,16184641507,11.00
325,80602215784,0.60
326,48976108263,60.00
327,88565052664,0.20
328,199895486317,0.00
329,199895486317,0.00
330,199895486317,0.00
331,80602215784,0.60
332,199895486317,0.00
333,199895486317,0.00
334,199895486317,0.00
335,80602215784,0.60
336,44474484,1441.10
337,85326411380,0.50
338,85326411380,0.50
339,1162173229,2.00
340,199895486317,0.00
341,50039995,5000.00
342,13113230369,0.40
343,3518200587,9.00
344,66190914,4158.50
345,1248520015,1.20
346,5564570111,3.20
347,199895486317,0.00
348,88565052664,0.20
349,10501463890,20.50
350,199895486317,0.00
351,85326411380,0.50
352,199895486317,0.00
353,4785659569,2.30
354,1953713018,2.20
355,72335437332,35.30
356,199895486317,0.00
357,199895486317,0.00
358,199895486317,0.00
359,5084268839,2.40
360,199895486317,0.00
361,199895486317,0.00
362,199895486317,0.00
363,76464231360,0.30
364,158079034572,0.10
365,199895486317,0.00
366,85326411380,0.50
367,199895486317,0.00
368,199895486317,0.00
369,123759813188,1.00
370,1248520015,1.20
371,76464231360,0.30
372,199895486317,0.00
373,4867792093,1.40
374,57019533,231.50
375,199895486317,0.00
376,199895486317,0.00
377,36159278,1473.20
378,1624607378,1.50
379,199895486317,0.00
380,199895486317,0.00
381,199895486317,0.00
382,1248520015,1.20
383,199895486317,0.00
384,7233328772,2.90
385,10651297178,30.00
386,69655593,355.70
387,76464231360,0.30
388,3983663920,1.80
389,60780520890,13.90
390,199895486317,0.00
391,1162173229,2.00
392,65579507,360.10
393,1162173229,2.00
394,2390296124,10.00
395,80602215784,0.60
396,2516109398,169.30
397,199895486317,0.00
398,199895486317,0.00
399,31757104,1275.30
400,199895486317,0.00
401,13113230369,0.40
402,13113230369,0.40
403,88565052664,0.20
404,29422289186,98.40
405,199895486317,0.00
406,141270830382,0.90
407,199895486317,0.00
408,199895486317,0.00
409,141270830382,0.90
410,88565052664,0.20
411,428643992,3.00
412,66800332,247.00
413,80602215784,0.60
414,199895486317,0.00
415,44383866,597.90
416,199895486317,0.00
417,36076323242,46.30
418,2390296124,10.00
419,428643992,3.00
420,76464231360,0.30
421,199895486317,0.00
422,199895486317,0.00
423,199895486317,0.00
424,199895486317,0.00
425,199895486317,0.00
426,21567612419,14.00
427,1162173229,2.00
428,1248520015,1.20
429,80602215784,0.60
430,1624607378,1.50
431,1792636859,1.60
432,123759813188,1.00
433,199895486317,0.00
434,199895486317,0.00
435,428643992,3.00
436,3983663920,1.80
437,76464231360,0.30
438,2938576274,1.10
439,80602215784,0.60
440,76464231360,0.30
441,199895486317,0.00
442,158079034572,0.10
443,989859794,163.70
444,199895486317,0.00
445,199895486317,0.00
446,199895486317,0.00
447,199895486317,0.00
448,10615163773,7.00
449,199895486317,0.00
450,199895486317,0.00
451,199895486317,0.00
452,123759813188,1.00
453,44180071,403.90
454,199895486317,0.00
455,1302494368,1.30
456,34854921,1899.00
457,80602215784,0.60
458,179236865,213.00
459,1302494368,1.30
460,199895486317,0.00
461,73190930751,43.00
462,199895486317,0.00
463,1162173229,2.00
464,199895486317,0.00
465,199895486317,0.00
466,199895486317,0.00
467,18587464277,5.10
468,48224472,1082.00
469,85326411380,0.50
470,199895486317,0.00
471,428643992,3.00
472,199895486317,0.00
473,199895486317,0.00
474,199895486317,0.00
475,69247981,938.80
476,85326411380,0.50
477,199895486317,0.00
478,14072240212,40.00
479,199895486317,0.00
480,38269749,450.60
481,199895486317,0.00
482,85326411380,0.50
483,199895486317,0.00
484,87900690398,72.00
485,7233328772,2.90
486,199895486317,0.00
487,13806922065,7.40
488,199895486317,0.00
489,199895486317,0.00
490,199895486317,0.00
491,199895486317,0.00
492,199895486317,0.00
493,199895486317,0.00
494,76464231360,0.30
495,199895486317,0.00
496,55706289,3659.80
497,199895486317,0.00
498,71693621,998.80
499,199895486317,0.00
500,10465690042,3.40
501,123759813188,1.00
502,85326411380,0.50
503,5084268839,2.40
504,199895486317,0.00
505,199895486317,0.00
506,311521108281,0.70
507,199895486317,0.00
508,158079034572,0.10
509,199895486317,0.00
510,37789704,1368.30
511,1624607378,1.50
512,42579384,241.50
513,13478926073,10.20
514,199895486317,0.00
515,38963540600,23.90
516,199895486317,0.00
517,5793831052,2.50
518,1624607378,1.50
519,199895486317,0.00
520,123759813188,1.00
521,85326411380,0.50
522,45199262,334.50
523,123759813188,1.00
524,1953713018,2.20
525,199895486317,0.00
526,199895486317,0.00
527,199895486317,0.00
528,428643992,3.00
529,199895486317,0.00
530,3128720663,1.70
531,80602215784,0.60
532,76464231360,0.30
533,55873407894,4.70
534,1241601981,4.00
535,199895486317,0.00
536,88565052664,0.20
537,199895486317,0.00
538,311521108281,0.70
539,199895486317,0.00
540,199895486317,0.00
541,76464231360,0.30
542,199895486317,0.00
543,1162173229,2.00
544,199895486317,0.00
545,8083177747,143.70
546,158079034572,0.10
547,199895486317,0.00
548,199895486317,0.00
549,199895486317,0.00
550,199895486317,0.00
551,158079034572,0.10
552,76464231360,0.30
553,80602215784,0.60
554,428643992,3.00
555,1241601981,4.00
556,76464231360,0.30
557,3657830571,2.10
558,1624607378,1.50
559,19950090,427.10
560,80602215784,0.60
561,5084268839,2.40
562,33658733073,8.30
563,3983663920,1.80
564,199895486317,0.00
565,2390296124,10.00
566,88565052664,0.20
567,73527864,649.90
568,34709703235,21.40
569,199895486317,0.00
570,5564570111,3.20
571,199895486317,0.00
572,199895486317,0.00
573,1953713018,2.20
574,13113230369,0.40
575,76464231360,0.30
576,199895486317,0.00
577,199895486317,0.00
578,199895486317,0.00
579,13806922065,7.40
580,199895486317,0.00
581,199895486317,0.00
582,199895486317,0.00
583,13113230369,0.40
584,55823151393,8.20
585,199895486317,0.00
586,76464231360,0.30
587,428643992,3.00
588,57121006342,58.50
589,7351572150,4.20
590,80602215784,0.60
591,88565052664,0.20
592,199895486317,0.00
593,6479284340,4.30
594,76464231360,0.30
595,76464231360,0.30
596,88565052664,0.20
597,199895486317,0.00
598,199895486317,0.00
599,158079034572,0.10
600,7351572150,4.20
601,85326411380,0.50
602,76464231360,0.30
603,88565052664,0.20
604,199895486317,0.00
605,199895486317,0.00
606,199895486317,0.00
607,91778013220,21.60
608,123759813188,1.00
609,76464231360,0.30
610,88565052664,0.20
611,311521108281,0.70
612,199895486317,0.00
613,199895486317,0.00
614,123759813188,1.00
615,88565052664,0.20
616,199895486317,0.00
617,7233328772,2.90
618,199895486317,0.00
619,13113230369,0.40
620,378081995037,0.80
621,3201471766,3.50
622,199895486317,0.00
623,76464231360,0.30
624,8954155737,3.10
625,199895486317,0.00
626,67934555,3950.50
627,14989211090,6.50
628,1624607378,1.50
629,199895486317,0.00
630,199895486317,0.00
631,199895486317,0.00
632,52463604,1396.50
633,57329829932,60.10
634,199895486317,0.00
635,199895486317,0.00
636,13113230369,0.40
637,311521108281,0.70
638,199895486317,0.00
639,199895486317,0.00
640,199895486317,0.00
641,199895486317,0.00
642,199895486317,0.00
643,80602215784,0.60
644,3983663920,1.80
645,428643992,3.00
646,199895486317,0.00
647,76464231360,0.30
648,199895486317,0.00
649,2390296124,10.00
650,199895486317,0.00
651,199895486317,0.00
652,7233328772,2.90
653,199895486317,0.00
654,428643992,3.00
655,39122862871,34.70
656,158079034572,0.10
657,199895486317,0.00
658,199895486317,0.00
659,199895486317,0.00
660,88565052664,0.20
661,199895486317,0.00
662,199895486317,0.00
663,199895486317,0.00
664,88565052664,0.20
665,199895486317,0.00
666,199895486317,0.00
667,85326411380,0.50
668,199895486317,0.00
669,76464231360,0.30
670,199895486317,0.00
671,199895486317,0.00
672,199895486317,0.00
673,199895486317,0.00
674,199895486317,0.00
675,199895486317,0.00
676,3518200587,9.00
677,80602215784,0.60
678,5084268839,2.40
679,428643992,3.00
680,80602215784,0.60
681,12518065774,8.00
682,199895486317,0.00
683,1642716151,4.60
684,63745262,366.70
685,1248520015,1.20
686,67209942,464.90
687,199895486317,0.00
688,10465690042,3.40
689,1241601981,4.00
690,199895486317,0.00
691,104087320715,47.20
692,3657830571,2.10
693,88565052664,0.20
694,199895486317,0.00
695,13113230369,0.40
696,378081995037,0.80
697,199895486317,0.00
698,428643992,3.00
699,85326411380,0.50
700,11065030075,3.90
701,141270830382,0.90
702,158079034572,0.10
703,1792636859,1.60
704,158079034572,0.10
705,199895486317,0.00
706,199895486317,0.00
707,199895486317,0.00
708,199895486317,0.00
709,199895486317,0.00
710,199895486317,0.00
711,43716620,275.00
712,1642716151,4.60
713,13682021854,23.00
714,199895486317,0.00
715,199895486317,0.00
716,199895486317,0.00
717,141039136589,14.20
718,44061150649,51.90
719,199895486317,0.00
720,7351572150,4.20
721,1878257932,6.00
722,80602215784,0.60
723,199895486317,0.00
724,428643992,3.00
725,199895486317,0.00
726,311521108281,0.70
727,76464231360,0.30
728,199895486317,0.00
729,199895486317,0.00
730,6517244642,2.70
731,88565052664,0.20
732,199895486317,0.00
733,3518200587,9.00
734,428643992,3.00
735,378081995037,0.80
736,311521108281,0.70
737,199895486317,0.00
738,199895486317,0.00
739,13113230369,0.40
740,199895486317,0.00
741,3633675400,1.90
742,199895486317,0.00
743,1241601981,4.00
744,428643992,3.00
745,199895486317,0.00
746,72622318259,50.20
747,428643992,3.00
748,199895486317,0.00
749,3633675400,1.90
750,199895486317,0.00
751,88565052664,0.20
752,199895486317,0.00
753,76464231360,0.30
754,57844027,1983.10
755,199895486317,0.00
756,29474501,1076.30
757,199895486317,0.00
758,199895486317,0.00
759,199895486317,0.00
760,199895486317,0.00
761,4867792093,1.40
762,199895486317,0.00
763,199895486317,0.00
764,123759813188,1.00
765,76464231360,0.30
766,199895486317,0.00
767,199895486317,0.00
768,199895486317,0.00
769,196968732716,9.20
770,199895486317,0.00
771,199895486317,0.00
772,199895486317,0.00
773,3518200587,9.00
774,199895486317,0.00
775,13113230369,0.40
776,141804774263,12.10
777,80602215784,0.60
778,311521108281,0.70
779,158079034572,0.10
780,55873407894,4.70
781,24590659642,10.30
782,10358838273,20.00
783,37137529,1004.30
784,199895486317,0.00
785,158079034572,0.10
786,428643992,3.00
787,88565052664,0.20
788,2105875138,3.30
789,69655588,2410.20
790,199895486317,0.00
791,58242563,552.60
792,67422005139,64.30
793,199895486317,0.00
794,199895486317,0.00
795,66523723760,33.60
796,76464231360,0.30
797,88565052664,0.20
798,88565052664,0.20
799,4785659569,2.30
800,72520727661,13.00
801,199895486317,0.00
802,199895486317,0.00
803,13113230369,0.40
804,123759813188,1.00
805,1248520015,1.20
806,199895486317,0.00
807,199895486317,0.00
808,1248520015,1.20
809,123759813188,1.00
810,199895486317,0.00
811,199895486317,0.00
812,1162173229,2.00
813,199895486317,0.00
814,85326411380,0.50
815,199895486317,0.00
816,123759813188,1.00
817,378081995037,0.80
818,85326411380,0.50
819,199895486317,0.00
820,199895486317,0.00
821,76464231360,0.30
822,10465690042,3.40
823,428643992,3.00
824,199895486317,0.00
825,76464231360,0.30
826,199895486317,0.00
827,428643992,3.00
828,93269735,233.30
829,76464231360,0.30
830,199895486317,0.00
831,76464231360,0.30
832,47362720442,18.00
833,4785659569,2.30
834,2938576274,1.10
835,1953713018,2.20
836,4785659569,2.30
837,76464231360,0.30
838,1248520015,1.20
839,16184641507,11.00
840,199895486317,0.00
841,50039995,5000.00
842,34187668137,5.70
843,199895486317,0.00
844,199895486317,0.00
845,199895486317,0.00
846,13714202084,2.80
847,14072240212,40.00
848,55185491,414.50
849,1162173229,2.00
850,36648407,1092.50
851,158079034572,0.10
852,158079034572,0.10
853,14072240212,40.00
854,1367538191,5.00
855,128488962,224.00
856,123759813188,1.00
857,28324034579,4.90
858,199895486317,0.00
859,3128720663,1.70
860,199895486317,0.00
861,123759813188,1.00
862,40511597,461.80
863,199895486317,0.00
864,1248520015,1.20
865,199895486317,0.00
866,199895486317,0.00
867,13478926073,10.20
868,33989863,701.50
869,76464231360,0.30
870,5564570111,3.20
871,1248520015,1.20
872,199895486317,0.00
873,199895486317,0.00
874,199895486317,0.00
875,199895486317,0.00
876,158079034572,0.10
877,158079034572,0.10
878,2105875138,3.30
879,199895486317,0.00
880,3657830571,2.10
881,199895486317,0.00
882,80602215784,0.60
883,199895486317,0.00
884,199895486317,0.00
885,2938576274,1.10
886,199895486317,0.00
887,199895486317,0.00
888,199895486317,0.00
889,1162173229,2.00
890,5084268839,2.40
891,141270830382,0.90
892,5084268839,2.40
893,41539700,1062.40
894,199895486317,0.00
895,199895486317,0.00
896,88565052664,0.20
897,85326411380,0.50
898,199895486317,0.00
899,199895486317,0.00
900,53758872,712.80
901,56539687,1418.10
902,1162173229,2.00
903,88565052664,0.20
904,199895486317,0.00
905,80602215784,0.60
906,158079034572,0.10
907,44637519,1005.50
908,199895486317,0.00
909,378081995037,0.80
910,199895486317,0.00
911,80602215784,0.60
912,199895486317,0.00
913,199895486317,0.00
914,199895486317,0.00
915,36485363,1138.50
916,199895486317,0.00
917,199895486317,0.00
918,199895486317,0.00
919,18552518830,7.20
920,199895486317,0.00
921,199895486317,0.00
922,199895486317,0.00
923,158079034572,0.10
924,76464231360,0.30
925,199895486317,0.00
926,199895486317,0.00
927,76464231360,0.30
928,76464231360,0.30
929,146338887967,46.00
930,1624607378,1.50
931,199895486317,0.00
932,199895486317,0.00
933,199895486317,0.00
934,199895486317,0.00
935,199895486317,0.00
936,62114826,553.80
937,6479284340,4.30
938,199895486317,0.00
939,199895486317,0.00
940,80602215784,0.60
941,1878257932,6.00
942,5793831052,2.50
943,428643992,3.00
944,199895486317,0.00
945,88565052664,0.20
946,199895486317,0.00
947,199895486317,0.00
948,33658733073,8.30
949,6517244642,2.70
950,80602215784,0.60
951,158079034572,0.10
952,199895486317,0.00
953,199895486317,0.00
954,8703224374,6.20
955,76464231360,0.30
956,199895486317,0.00
957,123759813188,1.00
958,199895486317,0.00
959,311521108281,0.70
960,3633675400,1.90
961,199895486317,0.00
962,199895486317,0.00
963,199895486317,0.00
964,199895486317,0.00
965,199895486317,0.00
966,1241601981,4.00
967,80602215784,0.60
968,76464231360,0.30
969,199895486317,0.00
970,36076323242,46.30
971,199895486317,0.00
972,199895486317,0.00
973,199895486317,0.00
974,199895486317,0.00
975,50090388,4038.30
976,199895486317,0.00
977,158079034572,0.10
978,2105875138,3.30
979,199895486317,0.00
980,88565052664,0.20
981,76464231360,0.30
982,199895486317,0.00
983,76464231360,0.30
984,141270830382,0.90
985,199895486317,0.00
986,1624607378,1.50
987,7351572150,4.20
988,76464231360,0.30
989,199895486317,0.00
990,33896617876,6.90
991,378081995037,0.80
992,199895486317,0.00
993,199895486317,0.00
994,199895486317,0.00
995,1878257932,6.00
996,88565052664,0.20
997,199895486317,0.00
998,18555052020,15.00
999,189938459276,22.80
1000,13113230369,0.40
1001,199895486317,0.00
1002,199895486317,0.00
1003,11832251288,10.10
1004,199895486317,0.00
1005,141270830382,0.90
1006,141270830382,0.90
1007,199895486317,0.00
1008,1878257932,6.00
1009,88565052664,0.20
1010,199895486317,0.00
1011,80602215784,0.60
1012,76464231360,0.30
1013,77791945949,85.90
1014,199895486317,0.00
1015,199895486317,0.00
1016,1878257932,6.00
1017,199895486317,0.00
1018,199895486317,0.00
1019,13113230369,0.40
1020,1878257932,6.00
1021,199895486317,0.00
1022,47410743675,8.90
1023,4867792093,1.40
1024,199895486317,0.00
1025,88565052664,0.20
1026,199895486317,0.00
1027,35996225,1020.80
1028,199895486317,0.00
1029,199895486317,0.00
1030,378081995037,0.80
1031,7351572150,4.20
1032,199895486317,0.00
1033,2938576274,1.10
1034,1162173229,2.00
1035,199895486317,0.00
1036,199895486317,0.00
1037,1953713018,2.20
1038,199895486317,0.00
1039,123759813188,1.00
1040,13113230369,0.40
1041,123759813188,1.00
1042,199895486317,0.00
1043,88565052664,0.20
1044,199895486317,0.00
1045,1248520015,1.20
1046,141270830382,0.90
1047,158079034572,0.10
1048,199895486317,0.00
1049,141270830382,0.90
1050,40715400,401.30
1051,5564570111,3.20
1052,70063195,774.00
1053,58853964,860.00
1054,199895486317,0.00
1055,199895486317,0.00
1056,2390296124,10.00
1057,199895486317,0.00
1058,5084268839,2.40
1059,158079034572,0.10
1060,80602215784,0.60
1061,378081995037,0.80
1062,199895486317,0.00
1063,3678700382,160.10
1064,428643992,3.00
1065,5631798420,147.50
1066,199895486317,0.00
1067,199895486317,0.00
1068,52943640,2297.90
1069,18587464277,5.10
1070,199895486317,0.00
1071,199895486317,0.00
1072,199895486317,0.00
1073,199895486317,0.00
1074,199895486317,0.00
1075,199895486317,0.00
1076,8270100397,3.80
1077,199895486317,0.00
1078,199895486317,0.00
1079,199895486317,0.00
1080,36231706,692.90
1081,199895486317,0.00
1082,199895486317,0.00
1083,199895486317,0.00
1084,199895486317,0.00
1085,3657830571,2.10
1086,199895486317,0.00
1087,47682423358,9.10
1088,199895486317,0.00
1089,428643992,3.00
1090,1302494368,1.30
1091,70131093,293.30
1092,199895486317,0.00
1093,199895486317,0.00
1094,16547450853,7.50
1095,49478981,721.30
1096,13113230369,0.40
1097,44963607,1129.90
1098,80602215784,0.60
1099,56000705,4002.60
1100,199895486317,0.00
1101,199895486317,0.00
1102,428643992,3.00
1103,428643992,3.00
1104,199895486317,0.00
1105,199895486317,0.00
1106,428643992,3.00
1107,76464231360,0.30
1108,4867792093,1.40
1109,199895486317,0.00
1110,76464231360,0.30
1111,141270830382,0.90
1112,199895486317,0.00
1113,1162173229,2.00
1114,199895486317,0.00
1115,13113230369,0.40
1116,199895486317,0.00
1117,199895486317,0.00
1118,199895486317,0.00
1119,199895486317,0.00
1120,199895486317,0.00
1121,1248520015,1.20
1122,199895486317,0.00
1123,26017293322,12.80
1124,199895486317,0.00
1125,52626652,1281.00
1126,199895486317,0.00
1127,76464231360,0.30
1128,80602215784,0.60
1129,65506259,230.80
1130,68025145,4625.90
1131,63950173,324.20
1132,199895486317,0.00
1133,199895486317,0.00
1134,199895486317,0.00
1135,13113230369,0.40
1136,199895486317,0.00
1137,199895486317,0.00
1138,199895486317,0.00
1139,199895486317,0.00
1140,42345836,502.50
1141,4867792093,1.40
1142,199895486317,0.00
1143,311521108281,0.70
1144,80602215784,0.60
1145,199895486317,0.00
1146,85326411380,0.50
1147,199895486317,0.00
1148,199895486317,0.00
1149,199895486317,0.00
1150,199895486317,0.00
1151,199895486317,0.00
1152,76464231360,0.30
1153,1605674846,6.10
1154,199895486317,0.00
1155,199895486317,0.00
1156,199895486317,0.00
1157,199895486317,0.00
1158,199895486317,0.00
1159,43161088,343.30
1160,2105875138,3.30
1161,199895486317,0.00
1162,1878257932,6.00
1163,199895486317,0.00
1164,199895486317,0.00
1165,14072240212,40.00
1166,4785659569,2.30
1167,1162173229,2.00
1168,199895486317,0.00
1169,199895486317,0.00
1170,141270830382,0.90
1171,199895486317,0.00
1172,47898389,1328.20
1173,80602215784,0.60
1174,38115796,1993.30
1175,1624607378,1.50
1176,80602215784,0.60
1177,80602215784,0.60
1178,199895486317,0.00
1179,1878257932,6.00
1180,3128720663,1.70
1181,199895486317,0.00
1182,199895486317,0.00
1183,199895486317,0.00
1184,199895486317,0.00
1185,199895486317,0.00
1186,199895486317,0.00
1187,3128720663,1.70
1188,123759813188,1.00
1189,85326411380,0.50
1190,199895486317,0.00
1191,2105875138,3.30
1192,58170113,1219.80
1193,76464231360,0.30
1194,199895486317,0.00
1195,199895486317,0.00
1196,123759813188,1.00
1197,88565052664,0.20
1198,85326411380,0.50
1199,16137766632,17.50
1200,428643992,3.00
1201,3657830571,2.10
1202,3983663920,1.80
1203,199895486317,0.00
1204,378081995037,0.80
1205,199895486317,0.00
1206,62318637,4980.90
1207,18813330,1371.50
1208,32804797072,35.50
1209,39696375,384.80
1210,80602215784,0.60
1211,199895486317,0.00
1212,199895486317,0.00
1213,13113230369,0.40
1214,199895486317,0.00
1215,199895486317,0.00
1216,85326411380,0.50
1217,1605674846,6.10
1218,199895486317,0.00
1219,2105875138,3.30
1220,199895486317,0.00
1221,158079034572,0.10
1222,428643992,3.00
1223,20333020,281.70
1224,199895486317,0.00
1225,80602215784,0.60
1226,199895486317,0.00
1227,1162173229,2.00
1228,199895486317,0.00
1229,199895486317,0.00
1230,158079034572,0.10
1231,2287627962,172.60
1232,76464231360,0.30
1233,16184641507,11.00
1234,61503424,628.50
1235,33176233204,7.80
1236,1241601981,4.00
1237,199895486317,0.00
1238,428643992,3.00
1239,13113230369,0.40
1240,88565052664,0.20
1241,1302494368,1.30
1242,199895486317,0.00
1243,88565052664,0.20
1244,38017727635,44.00
1245,1248520015,1.20
1246,13113230369,0.40
1247,199895486317,0.00
1248,199895486317,0.00
1249,199895486317,0.00
1250,80602215784,0.60
1251,378081995037,0.80
1252,1162173229,2.00
1253,1162173229,2.00
1254,85326411380,0.50
1255,80602215784,0.60
1256,61505014,321.20
1257,199895486317,0.00
1258,428643992,3.00
1259,199895486317,0.00
1260,52300564,1069.20
1261,13113230369,0.40
1262,123759813188,1.00
1263,199895486317,0.00
1264,13714202084,2.80
1265,199895486317,0.00
1266,3983663920,1.80
1267,4867792093,1.40
1268,199895486317,0.00
1269,88565052664,0.20
1270,199895486317,0.00
1271,1162173229,2.00
1272,80602215784,0.60
1273,199895486317,0.00
1274,199895486317,0.00
1275,88565052664,0.20
1276,88565052664,0.20
1277,76464231360,0.30
1278,58496203,1233.10
1279,141270830382,0.90
1280,199895486317,0.00
1281,199895486317,0.00
1282,12518065774,8.00
1283,3983663920,1.80
1284,1162173229,2.00
1285,13113230369,0.40
1286,199895486317,0.00
1287,3633675400,1.90
1288,199895486317,0.00
1289,199895486317,0.00
1290,1162173229,2.00
1291,378081995037,0.80
1292,2961944228,4.10
1293,57019729,4052.30
1294,199895486317,0.00
1295,51322303,1979.60
1296,311521108281,0.70
1297,1248520015,1.20
1298,24590659642,10.30
1299,199895486317,0.00
1300,80602215784,0.60
1301,199895486317,0.00
1302,199895486317,0.00
1303,1878257932,6.00
1304,57834945,569.00
1305,80602215784,0.60
1306,199895486317,0.00
1307,1162173229,2.00
1308,123759813188,1.00
1309,123759813188,1.00
1310,80602215784,0.60
1311,199895486317,0.00
1312,1367538191,5.00
1313,76464231360,0.30
1314,199895486317,0.00
1315,199895486317,0.00
1316,199895486317,0.00
1317,199895486317,0.00
1318,39123174381,21.00
1319,199895486317,0.00
1320,199895486317,0.00
1321,62114831,794.20
1322,141270830382,0.90
1323,199895486317,0.00
1324,3633675400,1.90
1325,199895486317,0.00
1326,88565052664,0.20
1327,5793831052,2.50
1328,2938576274,1.10
1329,199895486317,0.00
1330,199895486317,0.00
1331,199895486317,0.00
1332,4785659569,2.30
1333,199895486317,0.00
1334,199895486317,0.00
1335,71942694965,16.20
1336,141270830382,0.90
1337,78939965,3194.20
1338,6479284340,4.30
1339,8954155737,3.10
1340,199895486317,0.00
1341,199895486317,0.00
1342,199895486317,0.00
1343,199895486317,0.00
1344,199895486317,0.00
1345,199895486317,0.00
1346,199895486317,0.00
1347,199895486317,0.00
1348,199895486317,0.00
1349,199895486317,0.00
1350,1878257932,6.00
1351,199895486317,0.00
1352,378081995037,0.80
1353,199895486317,0.00
1354,72916457,2135.40
1355,19412317668,12.70
1356,199895486317,0.00
1357,72520727661,13.00
1358,17913104138,5.40
1359,199895486317,0.00
1360,4695940842,154.60
1361,13478926073,10.20
1362,11832251288,10.10
1363,80602215784,0.60
1364,48918353476,26.30
1365,13113230369,0.40
1366,17913104138,5.40
1367,1162173229,2.00
1368,13113230369,0.40
1369,199895486317,0.00
1370,199895486317,0.00
1371,199895486317,0.00
1372,199895486317,0.00
1373,33896617876,6.90
1374,13113230369,0.40
1375,199895486317,0.00
1376,2978084806,159.00
1377,88565052664,0.20
1378,88565052664,0.20
1379,12518065774,8.00
1380,123759813188,1.00
1381,56865777,1792.80
1382,80602215784,0.60
1383,1248520015,1.20
1384,70675475433,21.70
1385,199895486317,0.00
1386,36231713,2672.00
1387,1007093450,189.10
1388,1302494368,1.30
1389,141270830382,0.90
1390,80602215784,0.60
1391,1792636859,1.60
1392,158079034572,0.10
1393,141270830382,0.90
1394,199895486317,0.00
1395,199895486317,0.00
1396,199895486317,0.00
1397,149895769820,10.40
1398,311521108281,0.70
1399,199895486317,0.00
1400,2938576274,1.10
1401,13113230369,0.40
1402,76464231360,0.30
1403,199895486317,0.00
1404,199895486317,0.00
1405,199895486317,0.00
1406,199895486317,0.00
1407,199895486317,0.00
1408,158079034572,0.10
1409,3983663920,1.80
1410,13113230369,0.40
1411,78311919693,11.80
1412,199895486317,0.00
1413,13113230369,0.40
1414,199895486317,0.00
1415,60012631504,24.30
1416,311521108281,0.70
1417,80602215784,0.60
1418,1162173229,2.00
1419,199895486317,0.00
1420,199895486317,0.00
1421,80602215784,0.60
1422,64885628,287.80
1423,18555052020,15.00
1424,13113230369,0.40
1425,3128720663,1.70
1426,75489684797,18.40
1427,199895486317,0.00
1428,199895486317,0.00
1429,199895486317,0.00
1430,85326411380,0.50
1431,88565052664,0.20
1432,199895486317,0.00
1433,132331022667,42.10
1434,76464231360,0.30
1435,55561423,1274.40
1436,1624607378,1.50
1437,5564570111,3.20
1438,199895486317,0.00
1439,85326411380,0.50
1440,2390296124,10.00
1441,5407105262,3.60
1442,199895486317,0.00
1443,123759813188,1.00
1444,76464231360,0.30
1445,199895486317,0.00
1446,1878257932,6.00
1447,199895486317,0.00
1448,199895486317,0.00
1449,199895486317,0.00
1450,199895486317,0.00
1451,13113230369,0.40
1452,311521108281,0.70
1453,199895486317,0.00
1454,123759813188,1.00
1455,199895486317,0.00
1456,199895486317,0.00
1457,46829530,774.50
1458,123759813188,1.00
1459,70063192,2517.00
1460,13113230369,0.40
1461,15390430926,130.10
1462,1642716151,4.60
1463,199895486317,0.00
1464,76464231360,0.30
1465,1878257932,6.00
1466,199895486317,0.00
1467,134480622172,14.60
1468,199895486317,0.00
1469,199895486317,0.00
1470,47410743675,8.90
1471,199895486317,0.00
1472,2390296124,10.00
1473,5793831052,2.50
1474,428643992,3.00
1475,2105875138,3.30
1476,141270830382,0.90
1477,199895486317,0.00
1478,24590659642,10.30
1479,3201471766,3.50
1480,158079034572,0.10
1481,199895486317,0.00
1482,199895486317,0.00
1483,199895486317,0.00
1484,17708248,659.30
1485,199895486317,0.00
1486,2959790839,2.60
1487,36076323242,46.30
1488,141270830382,0.90
1489,13113230369,0.40
1490,199895486317,0.00
1491,199895486317,0.00
1492,199895486317,0.00
1493,199895486317,0.00
1494,199895486317,0.00
1495,199895486317,0.00
1496,199895486317,0.00
1497,199895486317,0.00
1498,1878257932,6.00
1499,199895486317,0.00
1500,199895486317,0.00
1501,199895486317,0.00
1502,46218103,888.90
1503,63337651,2733.80
1504,199895486317,0.00
1505,34805086,952.30
1506,199895486317,0.00
1507,199895486317,0.00
1508,46218117,681.60
1509,2105875138,3.30
1510,199895486317,0.00
1511,199895486317,0.00
1512,199895486317,0.00
1513,199895486317,0.00
1514,199895486317,0.00
1515,199895486317,0.00
1516,37289433381,30.60
1517,2390296124,10.00
1518,56376647,1543.10
1519,311521108281,0.70
1520,3128720663,1.70
1521,199895486317,0.00
1522,199895486317,0.00
1523,199895486317,0.00
1524,51640504,236.30
1525,80602215784,0.60
1526,1162173229,2.00
1527,199895486317,0.00
1528,1792636859,1.60
1529,76464231360,0.30
1530,199895486317,0.00
1531,76464231360,0.30
1532,199895486317,0.00
1533,199895486317,0.00
1534,18587464277,5.10
1535,62318636,800.20
1536,1878257932,6.00
1537,7918931509,5.80
1538,199895486317,0.00
1539,199895486317,0.00
1540,39123174381,21.00
1541,8270100397,3.80
1542,199895486317,0.00
1543,199895486317,0.00
1544,199895486317,0.00
1545,3657830571,2.10
1546,2959790839,2.60
1547,45811467,322.70
1548,1241601981,4.00
1549,378081995037,0.80
1550,2959790839,2.60
1551,2961944228,4.10
1552,80602215784,0.60
1553,199895486317,0.00
1554,199895486317,0.00
1555,27241752408,61.30
1556,199895486317,0.00
1557,199895486317,0.00
1558,199895486317,0.00
1559,43659263,1501.00
1560,199895486317,0.00
1561,1162173229,2.00
1562,1302494368,1.30
1563,199895486317,0.00
1564,1302494368,1.30
1565,10358838273,20.00
1566,123759813188,1.00
1567,76464231360,0.30
1568,428643992,3.00
1569,199895486317,0.00
1570,80602215784,0.60
1571,80602215784,0.60
1572,199895486317,0.00
1573,80602215784,0.60
1574,1878257932,6.00
1575,88565052664,0.20
1576,199895486317,0.00
1577,88565052664,0.20
1578,199895486317,0.00
1579,199895486317,0.00
1580,49691870,1049.80
1581,58242556,571.90
1582,80602215784,0.60
1583,199895486317,0.00
1584,72695064117,12.50
1585,4867792093,1.40
1586,158079034572,0.10
1587,199895486317,0.00
1588,1878257932,6.00
1589,13113230369,0.40
1590,199895486317,0.00
1591,199895486317,0.00
1592,141270830382,0.90
1593,158079034572,0.10
1594,199895486317,0.00
1595,88565052664,0.20
1596,123759813188,1.00
1597,123759813188,1.00
1598,199895486317,0.00
1599,199895486317,0.00
1600,199895486317,0.00
1601,13113230369,0.40
1602,88565052664,0.20
1603,2390296124,10.00
1604,49107971428,20.10
1605,199895486317,0.00
1606,199895486317,0.00
1607,76464231360,0.30
1608,123759813188,1.00
1609,1605674846,6.10
1610,199895486317,0.00
1611,70067966,314.10
1612,123759813188,1.00
1613,40103995,2170.20
1614,1878257932,6.00
1615,199895486317,0.00
1616,199895486317,0.00
1617,199895486317,0.00
1618,1878257932,6.00
1619,6517244642,2.70
1620,80602215784,0.60
1621,199895486317,0.00
1622,199895486317,0.00
1623,199895486317,0.00
1624,428643992,3.00
1625,199895486317,0.00
1626,85326411380,0.50
1627,5407105262,3.60
1628,80602215784,0.60
1629,88565052664,0.20
1630,1878257932,6.00
1631,199895486317,0.00
1632,2959790839,2.60
1633,53340107,246.20
1634,199895486317,0.00
1635,88565052664,0.20
1636,199895486317,0.00
1637,42517964,1399.10
1638,50039995,5000.00
1639,10465690042,3.40
1640,88565052664,0.20
1641,54370281,2990.90
1642,158079034572,0.10
1643,158079034572,0.10
1644,7233328772,2.90
1645,199895486317,0.00
1646,123759813188,1.00
1647,199895486317,0.00
1648,199895486317,0.00
1649,199895486317,0.00
1650,199895486317,0.00
1651,34187668137,5.70
1652,72305038,970.50
1653,88565052664,0.20
1654,88565052664,0.20
1655,428643992,3.00
1656,428643992,3.00
1657,76464231360,0.30
1658,2105875138,3.30
1659,80602215784,0.60
1660,13113230369,0.40
1661,199895486317,0.00
1662,13113230369,0.40
1663,44491634138,7.30
1664,88565052664,0.20
1665,62930047,716.10
1666,88565052664,0.20
1667,199895486317,0.00
1668,199895486317,0.00
1669,2938576274,1.10
1670,1998180106,171.30
1671,135102451608,32.60
1672,11065030075,3.90
1673,199895486317,0.00
1674,85326411380,0.50
1675,199895486317,0.00
1676,7351572150,4.20
1677,32735356,1038.70
1678,21263841123,10.60
1679,2959790839,2.60
1680,199895486317,0.00
1681,199895486317,0.00
1682,199895486317,0.00
1683,199895486317,0.00
1684,123759813188,1.00
1685,199895486317,0.00
1686,80602215784,0.60
1687,199895486317,0.00
1688,428643992,3.00
1689,13113230369,0.40
1690,199895486317,0.00
1691,18472578620,5.60
1692,13714202084,2.80
1693,13113230369,0.40
1694,88565052664,0.20
1695,199895486317,0.00
1696,1953713018,2.20
1697,88565052664,0.20
1698,80602215784,0.60
1699,13113230369,0.40
1700,199895486317,0.00
1701,199895486317,0.00
1702,28180618233,103.30
1703,141270830382,0.90
1704,199895486317,0.00
1705,199895486317,0.00
1706,8954155737,3.10
1707,46757087,1296.10
1708,199895486317,0.00
1709,199895486317,0.00
1710,199895486317,0.00
1711,199895486317,0.00
1712,54257080,1583.10
1713,199895486317,0.00
1714,199895486317,0.00
1715,64152880,2532.60
1716,80398239688,22.40
1717,199895486317,0.00
1718,184058730332,22.70
1719,199895486317,0.00
1720,88565052664,0.20
1721,8954155737,3.10
1722,88565052664,0.20
1723,199895486317,0.00
1724,199895486317,0.00
1725,41050569,1903.10
1726,13113230369,0.40
1727,199895486317,0.00
1728,88565052664,0.20
1729,199895486317,0.00
1730,1953713018,2.20
1731,65579510,398.20
1732,52759793,300.90
1733,199895486317,0.00
1734,199895486317,0.00
1735,1162173229,2.00
1736,199895486317,0.00
1737,199895486317,0.00
1738,80602215784,0.60
1739,199895486317,0.00
1740,199895486317,0.00
1741,43496223,1786.50
1742,199895486317,0.00
1743,2390296124,10.00
1744,1624607378,1.50
1745,199895486317,0.00
1746,123759813188,1.00
1747,88565052664,0.20
1748,199895486317,0.00
1749,88565052664,0.20
1750,1241601981,4.00
1751,88565052664,0.20
1752,199895486317,0.00
1753,61219392330,74.60
1754,199895486317,0.00
1755,199895486317,0.00
1756,199895486317,0.00
1757,1162173229,2.00
1758,76464231360,0.30
1759,141270830382,0.90
1760,36967738,400.50
1761,80602215784,0.60
1762,199895486317,0.00
1763,1162173229,2.00
1764,47821938335,99.90
1765,199895486317,0.00
1766,199895486317,0.00
1767,34854925,1016.40
1768,141270830382,0.90
1769,88565052664,0.20
1770,42142021,2367.70
1771,31678871802,5.10
1772,3128720663,1.70
1773,31457188873,40.30
1774,123759813188,1.00
1775,199895486317,0.00
1776,1162173229,2.00
1777,199895486317,0.00
1778,199895486317,0.00
1779,1367538191,5.00
1780,76464231360,0.30
1781,199895486317,0.00
1782,10314464956,127.00
1783,311521108281,0.70
1784,1162173229,2.00
1785,123759813188,1.00
1786,1878257932,6.00
1787,39900182,829.80
1788,199895486317,0.00
1789,1162173229,2.00
1790,13113230369,0.40
1791,57631135,574.30
1792,199895486317,0.00
1793,199895486317,0.00
1794,72101233,608.70
1795,5084268839,2.40
1796,88565052664,0.20
1797,199895486317,0.00
1798,88565052664,0.20
1799,80602215784,0.60
1800,199895486317,0.00
1801,3633675400,1.90
1802,13113230369,0.40
1803,199895486317,0.00
1804,13113230369,0.40
1805,10615163773,7.00
1806,199895486317,0.00
1807,378081995037,0.80
1808,199895486317,0.00
1809,199895486317,0.00
1810,34094644671,37.60
1811,199895486317,0.00
1812,88565052664,0.20
1813,1162173229,2.00
1814,59009776,248.20
1815,141270830382,0.90
1816,199895486317,0.00
1817,47960495068,30.50
1818,4785659569,2.30
1819,199895486317,0.00
1820,199895486317,0.00
1821,199895486317,0.00
1822,44862504364,75.40
1823,199895486317,0.00
1824,13113230369,0.40
1825,158079034572,0.10
1826,199895486317,0.00
1827,141270830382,0.90
1828,199895486317,0.00
1829,1878257932,6.00
1830,199895486317,0.00
1831,199895486317,0.00
1832,199895486317,0.00
1833,199895486317,0.00
1834,199895486317,0.00
1835,199895486317,0.00
1836,20333020,281.70
1837,428643992,3.00
1838,199895486317,0.00
1839,1248520015,1.20
1840,123759813188,1.00
1841,8661122046,3.70
1842,51793261,3124.10
1843,51170033533,25.20
1844,1162173229,2.00
1845,199895486317,0.00
1846,158079034572,0.10
1847,199895486317,0.00
1848,1241601981,4.00
1849,18587464277,5.10
1850,199895486317,0.00
1851,311521108281,0.70
1852,70135632,3326.20
1853,199895486317,0.00
1854,50039995,5000.00
1855,141270830382,0.90
1856,29148414,1804.70
1857,378081995037,0.80
1858,199895486317,0.00
1859,378081995037,0.80
1860,51313210,815.20
1861,199895486317,0.00
1862,80602215784,0.60
1863,199895486317,0.00
1864,199895486317,0.00
1865,38473548,467.90
1866,199895486317,0.00
1867,13113230369,0.40
1868,123759813188,1.00
1869,76464231360,0.30
1870,199895486317,0.00
1871,158079034572,0.10
1872,1162173229,2.00
1873,199895486317,0.00
1874,428643992,3.00
1875,1367538191,5.00
1876,3518200587,9.00
1877,80602215784,0.60
1878,88565052664,0.20
1879,199895486317,0.00
1880,1162173229,2.00
1881,199895486317,0.00
1882,199895486317,0.00
1883,2938576274,1.10
1884,199895486317,0.00
1885,199895486317,0.00
1886,199895486317,0.00
1887,199895486317,0.00
1888,8661122046,3.70
1889,199895486317,0.00
1890,199895486317,0.00
1891,80602215784,0.60
1892,80602215784,0.60
1893,199895486317,0.00
1894,171256321380,31.60
1895,199895486317,0.00
1896,199895486317,0.00
1897,311521108281,0.70
1898,80602215784,0.60
1899,88565052664,0.20
1900,311521108281,0.70
1901,146678580879,17.80
1902,199895486317,0.00
1903,158079034572,0.10
1904,199895486317,0.00
1905,1792636859,1.60
1906,199895486317,0.00
1907,80602215784,0.60
1908,23007151,848.30
1909,1162173229,2.00
1910,1248520015,1.20
1911,199895486317,0.00
1912,8661122046,3.70
1913,3441658049,6.30
1914,199895486317,0.00
1915,68668247,3162.30
1916,199895486317,0.00
1917,428643992,3.00
1918,158079034572,0.10
1919,199895486317,0.00
1920,1162173229,2.00
1921,15355388169,14.30
1922,1241601981,4.00
1923,123759813188,1.00
1924,123759813188,1.00
1925,199895486317,0.00
1926,54221354697,19.90
1927,428643992,3.00
1928,80602215784,0.60
1929,45615783,1851.80
1930,199895486317,0.00
1931,199895486317,0.00
1932,428643992,3.00
1933,199895486317,0.00
1934,80602215784,0.60
1935,1367538191,5.00
1936,199895486317,0.00
1937,4785659569,2.30
1938,3201471766,3.50
1939,1792636859,1.60
1940,199895486317,0.00
1941,199895486317,0.00
1942,199895486317,0.00
1943,141270830382,0.90
1944,88565052664,0.20
1945,48663761,559.40
1946,62318644,2262.30
1947,39084972,826.60
1948,76464231360,0.30
1949,199895486317,0.00
1950,13113230369,0.40
1951,2938576274,1.10
1952,34528839,1095.30
1953,199895486317,0.00
1954,13113230369,0.40
1955,199895486317,0.00
1956,199895486317,0.00
1957,123759813188,1.00
1958,76464231360,0.30
1959,199895486317,0.00
1960,199895486317,0.00
1961,199895486317,0.00
1962,199895486317,0.00
1963,2105875138,3.30
1964,40398403,1359.50
1965,199895486317,0.00
1966,13113230369,0.40
1967,311521108281,0.70
1968,199895486317,0.00
1969,1241601981,4.00
1970,199895486317,0.00
1971,158079034572,0.10
1972,13113230369,0.40
1973,123759813188,1.00
1974,199895486317,0.00
1975,199895486317,0.00
1976,199895486317,0.00
1977,76464231360,0.30
1978,428643992,3.00
1979,88565052664,0.20
1980,199895486317,0.00
1981,199895486317,0.00
1982,199895486317,0.00
1983,23109056,553.70
1984,14989211090,6.50
1985,199895486317,0.00
1986,428643992,3.00
1987,57354902,1663.80
1988,199895486317,0.00
1989,13113230369,0.40
1990,88565052664,0.20
1991,158079034572,0.10
1992,158079034572,0.10
1993,86276923,3256.90
1994,199895486317,0.00
1995,76464231360,0.30
1996,13113230369,0.40
1997,1162173229,2.00
1998,1624607378,1.50
1999,88565052664,0.20
2000,4867792093,1.40
2001,199895486317,0.00
2002,48867569,2249.90
2003,76464231360,0.30
2004,85326411380,0.50
2005,199895486317,0.00
2006,199895486317,0.00
2007,30446008,715.20
2008,16547450853,7.50
2009,56050559,1225.10
2010,199895486317,0.00
2011,199895486317,0.00
2012,199895486317,0.00
2013,76464231360,0.30
2014,199895486317,0.00
2015,141270830382,0.90
2016,199895486317,0.00
2017,199895486317,0.00
2018,8954155737,3.10
2019,199895486317,0.00
2020,199895486317,0.00
2021,199895486317,0.00
2022,103982382648,9.80
2023,199895486317,0.00
2024,123759813188,1.00
2025,2938576274,1.10
2026,199895486317,0.00
2027,199895486317,0.00
2028,134480622172,14.60
2029,199895486317,0.00
2030,141270830382,0.90
2031,2105875138,3.30
2032,199895486317,0.00
2033,199895486317,0.00
2034,88565052664,0.20
2035,1642716151,4.60
2036,85326411380,0.50
2037,428643992,3.00
2038,199895486317,0.00
2039,76464231360,0.30
2040,199895486317,0.00
2041,47848548,2260.60
2042,12518065774,8.00
2043,199895486317,0.00
2044,1162173229,2.00
2045,141270830382,0.90
2046,199895486317,0.00
2047,123759813188,1.00
2048,24590659642,10.30
2049,199895486317,0.00
2050,378081995037,0.80
2051,88565052664,0.20
2052,199895486317,0.00
2053,13113230369,0.40
2054,199895486317,0.00
2055,80602215784,0.60
2056,199895486317,0.00
2057,199895486317,0.00
2058,428643992,3.00
2059,42875724854,70.80
2060,199895486317,0.00
2061,44637519,1022.90
2062,199895486317,0.00
2063,3983663920,1.80
2064,3983663920,1.80
2065,26541700713,5.30
2066,199895486317,0.00
2067,61707223,884.40
2068,199895486317,0.00
2069,199895486317,0.00
2070,5084268839,2.40
2071,199895486317,0.00
2072,80602215784,0.60
2073,18587464277,5.10
2074,199895486317,0.00
2075,105596517135,51.00
2076,199895486317,0.00
2077,54930558224,30.60
2078,1162173229,2.00
2079,199895486317,0.00
2080,8661122046,3.70
2081,199895486317,0.00
2082,199895486317,0.00
2083,199895486317,0.00
2084,199895486317,0.00
2085,199895486317,0.00
2086,88565052664,0.20
2087,76464231360,0.30
2088,199895486317,0.00
2089,1162173229,2.00
2090,199895486317,0.00
2091,65579620,339.50
2092,13113230369,0.40
2093,199895486317,0.00
2094,199895486317,0.00
2095,199895486317,0.00
2096,199895486317,0.00
2097,199895486317,0.00
2098,199895486317,0.00
2099,199895486317,0.00
2100,199895486317,0.00
2101,85326411380,0.50
2102,4867792093,1.40
2103,199895486317,0.00
2104,199895486317,0.00
2105,199895486317,0.00
2106,199895486317,0.00
2107,199895486317,0.00
2108,199895486317,0.00
2109,199895486317,0.00
2110,88565052664,0.20
2111,199895486317,0.00
2112,199895486317,0.00
2113,88565052664,0.20
2114,199895486317,0.00
2115,141270830382,0.90
2116,88565052664,0.20
2117,199895486317,0.00
2118,13113230369,0.40
2119,47409264,1085.30
2120,199895486317,0.00
2121,141270830382,0.90
2122,199895486317,0.00
2123,199895486317,0.00
2124,199895486317,0.00
2125,123759813188,1.00
2126,199895486317,0.00
2127,199895486317,0.00
2128,6323167895,152.30
2129,88565052664,0.20
2130,199895486317,0.00
2131,158079034572,0.10
2132,80602215784,0.60
2133,199895486317,0.00
2134,76464231360,0.30
2135,428643992,3.00
2136,199895486317,0.00
2137,199895486317,0.00
2138,80602215784,0.60
2139,58853961,928.30
2140,199895486317,0.00
2141,199895486317,0.00
2142,123759813188,1.00
2143,80602215784,0.60
2144,72916459,857.20
2145,428643992,3.00
2146,2959790839,2.60
2147,199895486317,0.00
2148,88565052664,0.20
2149,199895486317,0.00
2150,76464231360,0.30
2151,5793831052,2.50
2152,54094039,1376.70
2153,64968094,581.00
2154,199895486317,0.00
2155,3633675400,1.90
2156,199895486317,0.00
2157,199895486317,0.00
2158,199895486317,0.00
2159,199895486317,0.00
2160,85326411380,0.50
2161,11065030075,3.90
2162,123759813188,1.00
2163,1878257932,6.00
2164,123759813188,1.00
2165,28730873638,115.40
2166,428643992,3.00
2167,30032419273,5.50
2168,88565052664,0.20
2169,4785659569,2.30
2170,199895486317,0.00
2171,199895486317,0.00
2172,199895486317,0.00
2173,88565052664,0.20
2174,311521108281,0.70
2175,199895486317,0.00
2176,199895486317,0.00
2177,199895486317,0.00
2178,199895486317,0.00
2179,199895486317,0.00
2180,158079034572,0.10
2181,199895486317,0.00
2182,199895486317,0.00
2183,199895486317,0.00
2184,13113230369,0.40
2185,88565052664,0.20
2186,123759813188,1.00
2187,199895486317,0.00
2188,8061336334,20.20
2189,199895486317,0.00
2190,123759813188,1.00
2191,199895486317,0.00
2192,141804774263,12.10
2193,199895486317,0.00
2194,199895486317,0.00
2195,199895486317,0.00
2196,141270830382,0.90
2197,80602215784,0.60
2198,56612127,2600.70
2199,13113230369,0.40
2200,199895486317,0.00
2201,199895486317,0.00
2202,199895486317,0.00
2203,88565052664,0.20
2204,199895486317,0.00
2205,8061336334,20.20
2206,1248520015,1.20
2207,36137635178,41.00
2208,199895486317,0.00
2209,3633675400,1.90
2210,50039995,5000.00
2211,199895486317,0.00
2212,10358838273,20.00
2213,199895486317,0.00
2214,88565052664,0.20
2215,199895486317,0.00
2216,1162173229,2.00
2217,32879919192,10.50
2218,14072240212,40.00
2219,199895486317,0.00
2220,1248520015,1.20
2221,199895486317,0.00
2222,57834951,447.20
2223,141270830382,0.90
2224,88565052664,0.20
2225,71049810018,55.10
2226,199895486317,0.00
2227,76464231360,0.30
2228,199895486317,0.00
2229,23227970281,75.90
2230,49039688,1077.30
2231,1238170636,185.40
2232,199895486317,0.00
2233,85326411380,0.50
2234,199895486317,0.00
2235,13113230369,0.40
2236,80602215784,0.60
2237,1367538191,5.00
2238,13113230369,0.40
2239,2959790839,2.60
2240,199895486317,0.00
2241,13113230369,0.40
2242,3657830571,2.10
2243,4867792093,1.40
2244,12594635182,6.40
2245,378081995037,0.80
2246,2105875138,3.30
2247,85326411380,0.50
2248,199895486317,0.00
2249,22293840,677.60
2250,123759813188,1.00
2251,199895486317,0.00
2252,7233328772,2.90
2253,123759813188,1.00
2254,80602215784,0.60
2255,199895486317,0.00
2256,3983663920,1.80
2257,1241601981,4.00
2258,80602215784,0.60
2259,34601273,908.40
2260,35215650,312.50
2261,50996210,1334.70
2262,88565052664,0.20
2263,199895486317,0.00
2264,199895486317,0.00
2265,68432762,444.50
2266,199895486317,0.00
2267,4290812871,156.10
2268,18472578620,5.60
2269,199895486317,0.00
2270,199895486317,0.00
2271,199895486317,0.00
2272,45810498,2994.00
2273,2938576274,1.10
2274,199895486317,0.00
2275,199895486317,0.00
2276,199895486317,0.00
2277,199895486317,0.00
2278,283086657985,18.50
2279,199895486317,0.00
2280,311521108281,0.70
2281,1302494368,1.30
2282,428643992,3.00
2283,199895486317,0.00
2284,199895486317,0.00
2285,199895486317,0.00
2286,104568111958,25.80
2287,1624607378,1.50
2288,378081995037,0.80
2289,80602215784,0.60
2290,158079034572,0.10
2291,11832251288,10.10
2292,199895486317,0.00
2293,199895486317,0.00
2294,199895486317,0.00
2295,199895486317,0.00
2296,199895486317,0.00
2297,199895486317,0.00
2298,1162173229,2.00
2299,1162173229,2.00
2300,76464231360,0.30
2301,199895486317,0.00
2302,199895486317,0.00
2303,199895486317,0.00
2304,1241601981,4.00
2305,199895486317,0.00
2306,3983663920,1.80
2307,199895486317,0.00
2308,199895486317,0.00
2309,72039666,255.60
2310,1605674846,6.10
2311,88565052664,0.20
2312,243178649784,13.50
2313,199895486317,0.00
2314,199895486317,0.00
2315,88565052664,0.20
2316,3128720663,1.70
2317,199895486317,0.00
2318,44311440,1114.70
2319,199895486317,0.00
2320,199895486317,0.00
2321,72712651,4875.00
2322,3983663920,1.80
2323,199895486317,0.00
2324,123759813188,1.00
2325,1248520015,1.20
2326,199895486317,0.00
2327,199895486317,0.00
2328,199895486317,0.00
2329,80127894679,68.00
2330,4867792093,1.40
2331,199895486317,0.00
2332,1302494368,1.30
2333,4867792093,1.40
2334,80602215784,0.60
2335,13113230369,0.40
2336,199895486317,0.00
2337,13113230369,0.40
2338,199895486317,0.00
2339,88565052664,0.20
2340,199895486317,0.00
2341,199895486317,0.00
2342,13113230369,0.40
2343,80602215784,0.60
2344,199895486317,0.00
2345,76464231360,0.30
2346,76464231360,0.30
2347,55217174,3523.50
2348,36159269,1679.80
2349,199895486317,0.00
2350,5793831052,2.50
2351,199895486317,0.00
2352,14072240212,40.00
2353,13113230369,0.40
2354,143150292449,10.90
2355,199895486317,0.00
2356,76464231360,0.30
2357,1878257932,6.00
2358,199895486317,0.00
2359,199895486317,0.00
2360,88565052664,0.20
2361,199895486317,0.00
2362,199895486317,0.00
2363,199895486317,0.00
2364,199895486317,0.00
2365,199895486317,0.00
2366,158079034572,0.10
2367,49202743,1266.00
2368,10465690042,3.40
2369,199895486317,0.00
2370,199895486317,0.00
2371,199895486317,0.00
2372,199895486317,0.00
2373,3868421412,135.60
2374,1878257932,6.00
2375,14793993242,12.40
2376,76464231360,0.30
2377,199895486317,0.00
2378,199895486317,0.00
2379,199895486317,0.00
2380,34202758,1420.50
2381,76464231360,0.30
2382,54420126,1015.10
2383,80602215784,0.60
2384,88565052664,0.20
2385,199895486317,0.00
2386,6517244642,2.70
2387,199895486317,0.00
2388,123759813188,1.00
2389,80602215784,0.60
2390,88565052664,0.20
2391,88565052664,0.20
2392,199895486317,0.00
2393,199895486317,0.00
2394,2390296124,10.00
2395,199895486317,0.00
2396,199895486317,0.00
2397,199895486317,0.00
2398,96181377117,24.90
2399,199895486317,0.00
2400,199895486317,0.00
2401,199895486317,0.00
2402,378081995037,0.80
2403,199895486317,0.00
2404,141270830382,0.90
2405,1326828960,175.20
2406,2390296124,10.00
2407,199895486317,0.00
2408,1248520015,1.20
2409,199895486317,0.00
2410,88565052664,0.20
2411,85326411380,0.50
2412,33713622,1634.50
2413,199895486317,0.00
2414,199895486317,0.00
2415,12594635182,6.40
2416,56050555,1436.40
2417,3128720663,1.70
2418,50370279,289.60
2419,1162173229,2.00
2420,428643992,3.00
2421,13113230369,0.40
2422,199895486317,0.00
2423,199895486317,0.00
2424,2382869404,6.60
2425,3201471766,3.50
2426,2938576274,1.10
2427,311521108281,0.70
2428,1624607378,1.50
2429,95478372640,16.30
2430,199895486317,0.00
2431,46421918,789.50
2432,199895486317,0.00
2433,199895486317,0.00
2434,1241601981,4.00
2435,123759813188,1.00
2436,19090213882,16.00
2437,3633675400,1.90
2438,199895486317,0.00
2439,76464231360,0.30
2440,199895486317,0.00
2441,76464231360,0.30
2442,13714202084,2.80
2443,14989211090,6.50
2444,3201471766,3.50
2445,76464231360,0.30
2446,123759813188,1.00
2447,199895486317,0.00
2448,76464231360,0.30
2449,199895486317,0.00
2450,199895486317,0.00
2451,45224522792,78.00
2452,158079034572,0.10
2453,199895486317,0.00
2454,199895486317,0.00
2455,1878257932,6.00
2456,1162173229,2.00
2457,428643992,3.00
2458,199895486317,0.00
2459,5407105262,3.60
2460,428643992,3.00
2461,51644219109,23.80
2462,199895486317,0.00
2463,199895486317,0.00
2464,199895486317,0.00
2465,7918931509,5.80
2466,88565052664,0.20
2467,50039995,5000.00
2468,76464231360,0.30
2469,1162173229,2.00
2470,158079034572,0.10
2471,199895486317,0.00
2472,88565052664,0.20
2473,3128720663,1.70
2474,199895486317,0.00
2475,88565052664,0.20
2476,76464231360,0.30
2477,21263841123,10.60
2478,76464231360,0.30
2479,199895486317,0.00
2480,10139629910,4.40
2481,66190917,2656.00
2482,1162173229,2.00
2483,1642716151,4.60
2484,1367538191,5.00
2485,199895486317,0.00
2486,199895486317,0.00
2487,1302494368,1.30
2488,158079034572,0.10
2489,199895486317,0.00
2490,123759813188,1.00
2491,2390296124,10.00
2492,199895486317,0.00
2493,39094052,1156.80
2494,76464231360,0.30
2495,43042987638,10.70
2496,199895486317,0.00
2497,3518200587,9.00
2498,10465690042,3.40
2499,1248520015,1.20
2500,43161055,708.80
2501,199895486317,0.00
2502,199895486317,0.00
2503,199895486317,0.00
2504,80602215784,0.60
2505,141270830382,0.90
2506,199895486317,0.00
2507,158079034572,0.10
2508,13113230369,0.40
2509,12424211601,4.90
2510,141270830382,0.90
2511,199895486317,0.00
2512,158079034572,0.10
2513,199895486317,0.00
2514,199895486317,0.00
2515,1248520015,1.20
2516,199895486317,0.00
2517,199895486317,0.00
2518,55796911,353.40
2519,199895486317,0.00
2520,10358838273,20.00
2521,199895486317,0.00
2522,76464231360,0.30
2523,199895486317,0.00
2524,199895486317,0.00
2525,13113230369,0.40
2526,199895486317,0.00
2527,199895486317,0.00
2528,199895486317,0.00
2529,199895486317,0.00
2530,123759813188,1.00
2531,7351572150,4.20
2532,428643992,3.00
2533,199895486317,0.00
2534,1162173229,2.00
2535,23123155568,111.70
2536,199895486317,0.00
2537,13113230369,0.40
2538,199895486317,0.00
2539,48822930544,30.80
2540,1624607378,1.50
2541,199895486317,0.00
2542,199895486317,0.00
2543,40398392,1957.00
2544,199895486317,0.00
2545,49592173,3220.80
2546,199895486317,0.00
2547,80602215784,0.60
2548,428643992,3.00
2549,51485341,1886.90
2550,13478926073,10.20
2551,199895486317,0.00
2552,199895486317,0.00
2553,123429471,215.70
2554,199895486317,0.00
2555,199895486317,0.00
2556,141270830382,0.90
2557,199895486317,0.00
2558,88565052664,0.20
2559,199895486317,0.00
2560,52770253185,56.90
2561,1241601981,4.00
2562,199895486317,0.00
2563,199895486317,0.00
2564,141270830382,0.90
2565,49107971428,20.10
2566,13113230369,0.40
2567,27191897,1376.30
2568,199895486317,0.00
2569,378081995037,0.80
2570,199895486317,0.00
2571,199895486317,0.00
2572,55185486,2430.50
2573,23227970281,75.90
2574,311521108281,0.70
2575,62114833,862.10
2576,199895486317,0.00
2577,88565052664,0.20
2578,199895486317,0.00
2579,40072318,1154.10
2580,76464231360,0.30
2581,88565052664,0.20
2582,13113230369,0.40
2583,158079034572,0.10
2584,199895486317,0.00
2585,88565052664,0.20
2586,199895486317,0.00
2587,199895486317,0.00
2588,199895486317,0.00
2589,199895486317,0.00
2590,1302494368,1.30
2591,199895486317,0.00
2592,199895486317,0.00
2593,10465690042,3.40
2594,199895486317,0.00
2595,199895486317,0.00
2596,199895486317,0.00
2597,18587464277,5.10
2598,76464231360,0.30
2599,199895486317,0.00
2600,199895486317,0.00
2601,199895486317,0.00
2602,1624607378,1.50
2603,199895486317,0.00
2604,199895486317,0.00
2605,199895486317,0.00
2606,199895486317,0.00
2607,30319237448,9.30
2608,85326411380,0.50
2609,1642716151,4.60
2610,62726246,913.40
2611,1241601981,4.00
2612,13113230369,0.40
2613,199895486317,0.00
2614,199895486317,0.00
2615,76464231360,0.30
2616,123759813188,1.00
2617,199895486317,0.00
2618,51811432,1403.10
2619,199895486317,0.00
2620,76464231360,0.30
2621,199895486317,0.00
2622,199895486317,0.00
2623,3441658049,6.30
2624,199895486317,0.00
2625,378081995037,0.80
2626,199895486317,0.00
2627,378081995037,0.80
2628,199895486317,0.00
2629,158079034572,0.10
2630,199895486317,0.00
2631,199895486317,0.00
2632,80602215784,0.60
2633,5407105262,3.60
2634,88565052664,0.20
2635,1162173229,2.00
2636,85326411380,0.50
2637,76464231360,0.30
2638,2382869404,6.60
2639,5793831052,2.50
2640,80602215784,0.60
2641,199895486317,0.00
2642,199895486317,0.00
2643,14072240212,40.00
2644,123759813188,1.00
2645,123759813188,1.00
2646,199895486317,0.00
2647,199895486317,0.00
2648,199895486317,0.00
2649,199895486317,0.00
2650,10651297178,30.00
2651,199895486317,0.00
2652,13113230369,0.40
2653,199895486317,0.00
2654,7351572150,4.20
2655,199895486317,0.00
2656,1302494368,1.30
2657,199895486317,0.00
2658,199895486317,0.00
2659,3657830571,2.10
2660,2390296124,10.00
2661,13113230369,0.40
2662,88565052664,0.20
2663,88565052664,0.20
2664,20631119801,4.50
2665,199895486317,0.00
2666,199895486317,0.00
2667,13113230369,0.40
2668,3868421412,135.60
2669,1162173229,2.00
2670,76464231360,0.30
2671,1302494368,1.30
2672,1367538191,5.00
2673,199895486317,0.00
2674,80602215784,0.60
2675,199895486317,0.00
2676,199895486317,0.00
2677,158079034572,0.10
2678,311521108281,0.70
2679,38065951,571.70
2680,18472578620,5.60
2681,46431000,1233.90
2682,88565052664,0.20
2683,80602215784,0.60
2684,199895486317,0.00
2685,5564570111,3.20
2686,88565052664,0.20
2687,656134170,196.70
2688,428643992,3.00
2689,13113230369,0.40
2690,89112993021,11.10
2691,199895486317,0.00
2692,31594055,1689.50
2693,1162173229,2.00
2694,199895486317,0.00
2695,199895486317,0.00
2696,88565052664,0.20
2697,12087239921,130.60
2698,13113230369,0.40
2699,2938576274,1.10
2700,1162173229,2.00
2701,199895486317,0.00
2702,1162173229,2.00
2703,199895486317,0.00
2704,1248520015,1.20
2705,199895486317,0.00
2706,199895486317,0.00
2707,123759813188,1.00
2708,199895486317,0.00
2709,199895486317,0.00
2710,199895486317,0.00
2711,72825836,3737.00
2712,199895486317,0.00
2713,199895486317,0.00
2714,199895486317,0.00
2715,199895486317,0.00
2716,11065030075,3.90
2717,199895486317,0.00
2718,123759813188,1.00
2719,311521108281,0.70
2720,53147444,697.90
2721,68371745108,92.40
2722,311521108281,0.70
2723,63541458,2020.30
2724,86511646313,8.60
2725,199895486317,0.00
2726,85326411380,0.50
2727,50039995,5000.00
2728,80602215784,0.60
2729,199895486317,0.00
2730,378081995037,0.80
2731,1878257932,6.00
2732,199895486317,0.00
2733,199895486317,0.00
2734,199895486317,0.00
2735,1162173229,2.00
2736,199895486317,0.00
2737,199895486317,0.00
2738,199895486317,0.00
2739,56204516,442.50
2740,76464231360,0.30
2741,8661122046,3.70
2742,10465690042,3.40
2743,199895486317,0.00
2744,60688197,925.80
2745,428643992,3.00
2746,1248520015,1.20
2747,88565052664,0.20
2748,199895486317,0.00
2749,6479284340,4.30
2750,199895486317,0.00
2751,1792636859,1.60
2752,71359505,281.50
2753,158079034572,0.10
2754,199895486317,0.00
2755,1953713018,2.20
2756,20631119801,4.50
2757,1878257932,6.00
2758,1953713018,2.20
2759,199895486317,0.00
2760,88565052664,0.20
2761,85326411380,0.50
2762,428643992,3.00
2763,80602215784,0.60
2764,199895486317,0.00
2765,13714202084,2.80
2766,428643992,3.00
2767,13113230369,0.40
2768,199895486317,0.00
2769,58038758,466.10
2770,13113230369,0.40
2771,199895486317,0.00
2772,4785659569,2.30
2773,199895486317,0.00
2774,199895486317,0.00
2775,199895486317,0.00
2776,3128720663,1.70
2777,54728040,3505.40
2778,2938576274,1.10
2779,10358838273,20.00
2780,3657830571,2.10
2781,158079034572,0.10
2782,76464231360,0.30
2783,6517244642,2.70
2784,199895486317,0.00
2785,1241601981,4.00
2786,13113230369,0.40
2787,47410743675,8.90
2788,199895486317,0.00
2789,141270830382,0.90
2790,85326411380,0.50
2791,199895486317,0.00
2792,199895486317,0.00
2793,13113230369,0.40
2794,199895486317,0.00
2795,199895486317,0.00
2796,1367538191,5.00
2797,4867792093,1.40
2798,1162173229,2.00
2799,114209491972,12.30
2800,1248520015,1.20
2801,1792636859,1.60
2802,50039995,5000.00
2803,1792636859,1.60
2804,13113230369,0.40
2805,80602215784,0.60
2806,199895486317,0.00
2807,25860414,508.60
2808,56204514,897.70
2809,50039995,5000.00
2810,8954155737,3.10
2811,13113230369,0.40
2812,199895486317,0.00
2813,4867792093,1.40
2814,1302494368,1.30
2815,123759813188,1.00
2816,24590659642,10.30
2817,1624607378,1.50
2818,80602215784,0.60
2819,80602215784,0.60
2820,1162173229,2.00
2821,2390296124,10.00
2822,199895486317,0.00
2823,80602215784,0.60
2824,199895486317,0.00
2825,199895486317,0.00
2826,72298347,255.50
2827,80602215784,0.60
2828,158079034572,0.10
2829,199895486317,0.00
2830,69452761,325.60
2831,199895486317,0.00
2832,1953713018,2.20
2833,1162173229,2.00
2834,199895486317,0.00
2835,378081995037,0.80
2836,13113230369,0.40
2837,7233328772,2.90
2838,199895486317,0.00
2839,199895486317,0.00
2840,80602215784,0.60
2841,1248520015,1.20
2842,73935813,333.30
2843,199895486317,0.00
2844,199895486317,0.00
2845,1302494368,1.30
2846,80602215784,0.60
2847,199895486317,0.00
2848,1302494368,1.30
2849,6517244642,2.70
2850,2526460030,163.90
2851,123759813188,1.00
2852,1605674846,6.10
2853,53962664,2036.20
2854,4785659569,2.30
2855,6479284340,4.30
2856,199895486317,0.00
2857,199895486317,0.00
2858,428643992,3.00
2859,85326411380,0.50
2860,88565052664,0.20
2861,199895486317,0.00
2862,80602215784,0.60
2863,199895486317,0.00
2864,1248520015,1.20
2865,199895486317,0.00
2866,13113230369,0.40
2867,199895486317,0.00
2868,4785659569,2.30
2869,1248520015,1.20
2870,72305044,468.40
2871,2105875138,3.30
2872,80602215784,0.60
2873,114209491972,12.30
2874,141270830382,0.90
2875,23650802199,119.80
2876,47572303,1046.90
2877,1878257932,6.00
2878,31757099,1008.50
2879,199895486317,0.00
2880,199895486317,0.00
2881,13113230369,0.40
2882,13113230369,0.40
2883,199895486317,0.00
2884,199895486317,0.00
2885,199895486317,0.00
2886,199895486317,0.00
2887,1302494368,1.30
2888,199895486317,0.00
2889,199895486317,0.00
2890,88565052664,0.20
2891,199895486317,0.00
2892,123759813188,1.00
2893,199895486317,0.00
2894,158079034572,0.10
2895,3128720663,1.70
2896,76464231360,0.30
2897,8661122046,3.70
2898,8270100397,3.80
2899,1162173229,2.00
2900,158079034572,0.10
2901,199895486317,0.00
2902,3128720663,1.70
2903,199895486317,0.00
2904,199895486317,0.00
2905,123759813188,1.00
2906,76464231360,0.30
2907,59057777,511.10
2908,199895486317,0.00
2909,60688204,2416.40
2910,5084268839,2.40
2911,28822321,1061.30
2912,1248520015,1.20
2913,199895486317,0.00
2914,428643992,3.00
2915,199895486317,0.00
2916,76464231360,0.30
2917,199895486317,0.00
2918,199895486317,0.00
2919,13478926073,10.20
2920,199895486317,0.00
2921,4867792093,1.40
2922,88565052664,0.20
2923,4867792093,1.40
2924,3518200587,9.00
2925,199895486317,0.00
2926,1878257932,6.00
2927,80602215784,0.60
2928,88565052664,0.20
2929,199895486317,0.00
2930,311521108281,0.70
2931,199895486317,0.00
2932,199895486317,0.00
2933,199895486317,0.00
2934,79587026596,60.60
2935,428643992,3.00
2936,199895486317,0.00
2937,141270830382,0.90
2938,17913104138,5.40
2939,39094051,1203.00
2940,80602215784,0.60
2941,76464231360,0.30
2942,76464231360,0.30
2943,378081995037,0.80
2944,378081995037,0.80
2945,199895486317,0.00
2946,158079034572,0.10
2947,428643992,3.00
2948,1878257932,6.00
2949,428643992,3.00
2950,28659281,1301.60
2951,2938576274,1.10
2952,158079034572,0.10
2953,54678761721,10.80
2954,13113230369,0.40
2955,1624607378,1.50
2956,8703224374,6.20
2957,76464231360,0.30
2958,88565052664,0.20
2959,39504924540,52.40
2960,141270830382,0.90
2961,13113230369,0.40
2962,32879919192,10.50
2963,378081995037,0.80
2964,80602215784,0.60
2965,46014300,976.90
2966,199895486317,0.00
2967,47033331,768.10
2968,199895486317,0.00
2969,3201471766,3.50
2970,1624607378,1.50
2971,40715391,911.10
2972,21567612419,14.00
2973,123759813188,1.00
2974,199895486317,0.00
2975,199895486317,0.00
2976,1367538191,5.00
2977,378081995037,0.80
2978,21567612419,14.00
2979,88565052664,0.20
2980,199895486317,0.00
2981,13714202084,2.80
2982,41326809,2004.50
2983,48387520,1340.00
2984,80602215784,0.60
2985,199895486317,0.00
2986,76464231360,0.30
2987,76464231360,0.30
2988,199895486317,0.00
2989,85326411380,0.50
2990,199895486317,0.00
2991,199895486317,0.00
2992,33550577,1608.90
2993,199895486317,0.00
2994,199895486317,0.00
2995,13113230369,0.40
2996,3983663920,1.80
2997,1248520015,1.20
2998,199895486317,0.00
2999,13714202084,2.80
3000,1624607378,1.50
3001,88565052664,0.20
3002,5793831052,2.50
3003,41766089,3553.40
3004,199895486317,0.00
3005,311521108281,0.70
3006,13113230369,0.40
3007,199895486317,0.00
3008,123759813188,1.00
3009,2938576274,1.10
3010,88565052664,0.20
3011,28634609449,10.40
3012,199895486317,0.00
3013,199895486317,0.00
3014,88565052664,0.20
3015,199895486317,0.00
3016,1248520015,1.20
3017,88565052664,0.20
3018,199895486317,0.00
3019,80602215784,0.60
3020,199895486317,0.00
3021,199895486317,0.00
3022,80602215784,0.60
3023,199895486317,0.00
3024,8703224374,6.20
3025,199895486317,0.00
3026,199895486317,0.00
3027,69600149228,22.90
3028,199895486317,0.00
3029,1162173229,2.00
3030,199895486317,0.00
3031,8954155737,3.10
3032,13113230369,0.40
3033,199895486317,0.00
3034,4785659569,2.30
3035,88565052664,0.20
3036,5793831052,2.50
3037,199895486317,0.00
3038,78837429,233.50
3039,80602215784,0.60
3040,199895486317,0.00
3041,26541700713,5.30
3042,199895486317,0.00
3043,141270830382,0.90
3044,7233328772,2.90
3045,8954155737,3.10
3046,46829515,575.30
3047,18552518830,7.20
3048,199895486317,0.00
3049,10465690042,3.40
3050,199895486317,0.00
3051,76464231360,0.30
3052,85326411380,0.50
3053,199895486317,0.00
3054,56000703,658.20
3055,88565052664,0.20
3056,141270830382,0.90
3057,53441857,1599.10
3058,199895486317,0.00
3059,199895486317,0.00
3060,80602215784,0.60
3061,13113230369,0.40
3062,199895486317,0.00
3063,141270830382,0.90
3064,199895486317,0.00
3065,199895486317,0.00
3066,199895486317,0.00
3067,311521108281,0.70
3068,199895486317,0.00
3069,51517023,2629.70
3070,199895486317,0.00
3071,199895486317,0.00
3072,199895486317,0.00
3073,80602215784,0.60
3074,88565052664,0.20
3075,88565052664,0.20
3076,80602215784,0.60
3077,80602215784,0.60
3078,199895486317,0.00
3079,199895486317,0.00
3080,199895486317,0.00
3081,199895486317,0.00
3082,123759813188,1.00
3083,5084268839,2.40
3084,67888965121,43.00
3085,158079034572,0.10
3086,199895486317,0.00
3087,80602215784,0.60
3088,4785659569,2.30
3089,311521108281,0.70
3090,80602215784,0.60
3091,76464231360,0.30
3092,199895486317,0.00
3093,199895486317,0.00
3094,80602215784,0.60
3095,2105875138,3.30
3096,36974492,1164.50
3097,11832251288,10.10
3098,199895486317,0.00
3099,80602215784,0.60
3100,199895486317,0.00
3101,311521108281,0.70
3102,199895486317,0.00
3103,199895486317,0.00
3104,80602215784,0.60
3105,199895486317,0.00
3106,8954155737,3.10
3107,36967738,400.50
3108,47644743,437.10
3109,199895486317,0.00
3110,199895486317,0.00
3111,199895486317,0.00
3112,199895486317,0.00
3113,158079034572,0.10
3114,428643992,3.00
3115,199895486317,0.00
3116,54574193,339.20
3117,199895486317,0.00
3118,199895486317,0.00
3119,199895486317,0.00
3120,80602215784,0.60
3121,199895486317,0.00
3122,141270830382,0.90
3123,199895486317,0.00
3124,199895486317,0.00
3125,13113230369,0.40
3126,10651297178,30.00
3127,199895486317,0.00
3128,54370275,2930.30
3129,141270830382,0.90
3130,1162173229,2.00
3131,3690552801,156.70
3132,199895486317,0.00
3133,56204521,728.80
3134,199895486317,0.00
3135,12424211601,4.90
3136,1162173229,2.00
3137,199895486317,0.00
3138,428643992,3.00
3139,199895486317,0.00
3140,199895486317,0.00
3141,199895486317,0.00
3142,199895486317,0.00
3143,13113230369,0.40
3144,10139629910,4.40
3145,199895486317,0.00
3146,85326411380,0.50
3147,199895486317,0.00
3148,1162173229,2.00
3149,199895486317,0.00
3150,3657830571,2.10
3151,3128720663,1.70
3152,199895486317,0.00
3153,1302494368,1.30
3154,199895486317,0.00
3155,77961838494,11.70
3156,199895486317,0.00
3157,88565052664,0.20
3158,76464231360,0.30
3159,158079034572,0.10
3160,199895486317,0.00
3161,85326411380,0.50
3162,1162173229,2.00
3163,199895486317,0.00
3164,80602215784,0.60
3165,199895486317,0.00
3166,199895486317,0.00
3167,78311919693,11.80
3168,1953713018,2.20
3169,67617551,610.90
3170,199895486317,0.00
3171,199895486317,0.00
3172,428643992,3.00
3173,80602215784,0.60
3174,199895486317,0.00
3175,123759813188,1.00
3176,199895486317,0.00
3177,80602215784,0.60
3178,88565052664,0.20
3179,199895486317,0.00
3180,378081995037,0.80
3181,199895486317,0.00
3182,36231703,2827.00
3183,1302494368,1.30
3184,199895486317,0.00
3185,1248520015,1.20
3186,311521108281,0.70
3187,20631119801,4.50
3188,76464231360,0.30
3189,88565052664,0.20
3190,60297758808,88.40
3191,199895486317,0.00
3192,158079034572,0.10
3193,18555052020,15.00
3194,50039995,5000.00
3195,199895486317,0.00
3196,85326411380,0.50
3197,199895486317,0.00
3198,199895486317,0.00
3199,13113230369,0.40
3200,1878257932,6.00
3201,199895486317,0.00
3202,50039995,5000.00
3203,62522435,450.10
3204,30056728560,5.20
3205,199895486317,0.00
3206,199895486317,0.00
3207,199895486317,0.00
3208,428643992,3.00
3209,199895486317,0.00
3210,199895486317,0.00
3211,1162173229,2.00
3212,80602215784,0.60
3213,199895486317,0.00
3214,199895486317,0.00
3215,199895486317,0.00
3216,88565052664,0.20
3217,311521108281,0.70
3218,3128720663,1.70
3219,199895486317,0.00
3220,199895486317,0.00
3221,199895486317,0.00
3222,88565052664,0.20
3223,3633675400,1.90
3224,1248520015,1.20
3225,123759813188,1.00
3226,199895486317,0.00
3227,53962664,2053.00
3228,199895486317,0.00
3229,85326411380,0.50
3230,54678761721,10.80
3231,34312561589,24.40
3232,13113230369,0.40
3233,199895486317,0.00
3234,123759813188,1.00
3235,141270830382,0.90
3236,40103992,994.30
3237,158079034572,0.10
3238,57680987,1088.50
3239,1241601981,4.00
3240,199895486317,0.00
3241,88565052664,0.20
3242,199895486317,0.00
3243,16547450853,7.50
3244,80602215784,0.60
3245,80602215784,0.60
3246,199895486317,0.00
3247,21263841123,10.60
3248,199895486317,0.00
3249,76464231360,0.30
3250,88565052664,0.20
3251,199895486317,0.00
3252,1953713018,2.20
3253,1878257932,6.00
3254,85326411380,0.50
3255,88565052664,0.20
3256,80602215784,0.60
3257,8270100397,3.80
3258,1162173229,2.00
3259,7351572150,4.20
3260,428643992,3.00
3261,47856868576,6.80
3262,311521108281,0.70
3263,199895486317,0.00
3264,199895486317,0.00
3265,199895486317,0.00
3266,158079034572,0.10
3267,123759813188,1.00
3268,199895486317,0.00
3269,199895486317,0.00
3270,199895486317,0.00
3271,2959790839,2.60
3272,199895486317,0.00
3273,80602215784,0.60
3274,199895486317,0.00
3275,80602215784,0.60
3276,428643992,3.00
3277,199895486317,0.00
3278,199895486317,0.00
3279,199895486317,0.00
3280,428643992,3.00
3281,76464231360,0.30
3282,199895486317,0.00
3283,199895486317,0.00
3284,199895486317,0.00
3285,1162173229,2.00
3286,1248520015,1.20
3287,88565052664,0.20
3288,199895486317,0.00
3289,123759813188,1.00
3290,88565052664,0.20
3291,199895486317,0.00
3292,199895486317,0.00
3293,158079034572,0.10
3294,2959790839,2.60
3295,62918938701,22.20
3296,199895486317,0.00
3297,199895486317,0.00
3298,7351572150,4.20
3299,80602215784,0.60
3300,199895486317,0.00
3301,76464231360,0.30
3302,199895486317,0.00
3303,199895486317,0.00
3304,311521108281,0.70
3305,123759813188,1.00
3306,13113230369,0.40
3307,199895486317,0.00
3308,199895486317,0.00
3309,199895486317,0.00
3310,199895486317,0.00
3311,36696316900,8.80
3312,13113230369,0.40
3313,85326411380,0.50
3314,199895486317,0.00
3315,2959790839,2.60
3316,8661122046,3.70
3317,428643992,3.00
3318,199895486317,0.00
3319,199895486317,0.00
3320,5407105262,3.60
3321,3657830571,2.10
3322,88565052664,0.20
3323,123759813188,1.00
3324,37952745,1143.60
3325,199895486317,0.00
3326,199895486317,0.00
3327,18472578620,5.60
3328,311521108281,0.70
3329,199895486317,0.00
3330,76464231360,0.30
3331,1162173229,2.00
3332,199895486317,0.00
3333,199895486317,0.00
3334,77472580,3708.30
3335,199895486317,0.00
3336,76464231360,0.30
3337,199895486317,0.00
3338,2390296124,10.00
3339,13113230369,0.40
3340,749243838,181.80
3341,1162173229,2.00
3342,199895486317,0.00
3343,1367538191,5.00
3344,158079034572,0.10
3345,13113230369,0.40
3346,80602215784,0.60
3347,199895486317,0.00
3348,199895486317,0.00
3349,199895486317,0.00
3350,199895486317,0.00
3351,44383876,425.50
3352,378081995037,0.80
3353,3128720663,1.70
3354,199895486317,0.00
3355,1241601981,4.00
3356,85326411380,0.50
3357,199895486317,0.00
3358,199895486317,0.00
3359,76464231360,0.30
3360,199895486317,0.00
3361,76464231360,0.30
3362,199895486317,0.00
3363,3518200587,9.00
3364,199895486317,0.00
3365,88565052664,0.20
3366,199895486317,0.00
3367,378081995037,0.80
3368,199895486317,0.00
3369,199895486317,0.00
3370,199895486317,0.00
3371,76464231360,0.30
3372,199895486317,0.00
3373,123759813188,1.00
3374,199895486317,0.00
3375,199895486317,0.00
3376,40398393,1067.90
3377,199895486317,0.00
3378,72508851,691.80
3379,76464231360,0.30
3380,13113230369,0.40
3381,13113230369,0.40
3382,141270830382,0.90
3383,199895486317,0.00
3384,24590659642,10.30
3385,199895486317,0.00
3386,199895486317,0.00
3387,199895486317,0.00
3388,10358838273,20.00
3389,199895486317,0.00
3390,199895486317,0.00
3391,199895486317,0.00
3392,199895486317,0.00
3393,76464231360,0.30
3394,199895486317,0.00
3395,199895486317,0.00
3396,199895486317,0.00
3397,311521108281,0.70
3398,199895486317,0.00
3399,123759813188,1.00
3400,199895486317,0.00
3401,13113230369,0.40
3402,199895486317,0.00
3403,199895486317,0.00
3404,199895486317,0.00
3405,311521108281,0.70
3406,199895486317,0.00
3407,199895486317,0.00
3408,199895486317,0.00
3409,3657830571,2.10
3410,13113230369,0.40
3411,1241601981,4.00
3412,199895486317,0.00
3413,199895486317,0.00
3414,199895486317,0.00
3415,428643992,3.00
3416,199895486317,0.00
3417,1241601981,4.00
3418,1248520015,1.20
3419,199895486317,0.00
3420,428643992,3.00
3421,80602215784,0.60
3422,199895486317,0.00
3423,199895486317,0.00
3424,309780614,202.10
3425,1367538191,5.00
3426,35212684,631.50
3427,1302494368,1.30
3428,199895486317,0.00
3429,1302494368,1.30
3430,53147443,787.80
3431,311521108281,0.70
3432,199895486317,0.00
3433,199895486317,0.00
3434,5564570111,3.20
3435,15283230324,11.20
3436,35008886,767.40
3437,17913104138,5.40
3438,1248520015,1.20
3439,199895486317,0.00
3440,199895486317,0.00
3441,123759813188,1.00
3442,428643992,3.00
3443,199895486317,0.00
3444,378081995037,0.80
3445,158079034572,0.10
3446,60688207,648.50
3447,10465690042,3.40
3448,199895486317,0.00
3449,199895486317,0.00
3450,1624607378,1.50
3451,34187668137,5.70
3452,76464231360,0.30
3453,199895486317,0.00
3454,199895486317,0.00
3455,76464231360,0.30
3456,7233328772,2.90
3457,199895486317,0.00
3458,158079034572,0.10
3459,199895486317,0.00
3460,199895486317,0.00
3461,18555052020,15.00
3462,199895486317,0.00
3463,311521108281,0.70
3464,199895486317,0.00
3465,199895486317,0.00
3466,1953713018,2.20
3467,199895486317,0.00
3468,1162173229,2.00
3469,10465690042,3.40
3470,428643992,3.00
3471,199895486317,0.00
3472,16547450853,7.50
3473,199895486317,0.00
3474,76464231360,0.30
3475,76464231360,0.30
3476,199895486317,0.00
3477,59465382,520.10
3478,199895486317,0.00
3479,199895486317,0.00
3480,27346712595,106.40
3481,5793831052,2.50
3482,13113230369,0.40
3483,141270830382,0.90
3484,80602215784,0.60
3485,2390296124,10.00
3486,199895486317,0.00
3487,199895486317,0.00
3488,113862448185,31.50
3489,199895486317,0.00
3490,36622650311,45.20
3491,1624607378,1.50
3492,5564570111,3.20
3493,4867792093,1.40
3494,30032419273,5.50
3495,62918938701,22.20
3496,199895486317,0.00
3497,199895486317,0.00
3498,199895486317,0.00
3499,199895486317,0.00
3500,43007094,1648.40
3501,199895486317,0.00
3502,56815933,884.30
3503,199895486317,0.00
3504,158079034572,0.10
3505,311521108281,0.70
3506,76464231360,0.30
3507,199895486317,0.00
3508,199895486317,0.00
3509,69044181,652.70
3510,199895486317,0.00
3511,8954155737,3.10
3512,199895486317,0.00
3513,2938576274,1.10
3514,123759813188,1.00
3515,199895486317,0.00
3516,199895486317,0.00
3517,378081995037,0.80
3518,199895486317,0.00
3519,15283230324,11.20
3520,76464231360,0.30
3521,82881136237,9.50
3522,199895486317,0.00
3523,199895486317,0.00
3524,55873407894,4.70
3525,88565052664,0.20
3526,1878257932,6.00
3527,199895486317,0.00
3528,4785659569,2.30
3529,88565052664,0.20
3530,55477142073,44.90
3531,199895486317,0.00
3532,122736731044,34.00
3533,199895486317,0.00
3534,199895486317,0.00
3535,43042987638,10.70
3536,158079034572,0.10
3537,1624607378,1.50
3538,76464231360,0.30
3539,199895486317,0.00
3540,199895486317,0.00
3541,378081995037,0.80
3542,199895486317,0.00
3543,13113230369,0.40
3544,199895486317,0.00
3545,199895486317,0.00
3546,102954192,203.80
3547,76464231360,0.30
3548,199895486317,0.00
3549,199895486317,0.00
3550,34528840,1201.50
3551,1248520015,1.20
3552,69891068,3852.80
3553,74343074,2941.50
3554,33876665,1195.10
3555,199895486317,0.00
3556,199895486317,0.00
3557,123759813188,1.00
3558,141270830382,0.90
3559,199895486317,0.00
3560,2105875138,3.30
3561,123759813188,1.00
3562,199895486317,0.00
3563,199895486317,0.00
3564,1162173229,2.00
3565,23109056,553.70
3566,4785659569,2.30
3567,199895486317,0.00
3568,199895486317,0.00
3569,5564570111,3.20
3570,1162173229,2.00
3571,199895486317,0.00
3572,199895486317,0.00
3573,141270830382,0.90
3574,199895486317,0.00
3575,199895486317,0.00
3576,76464231360,0.30
3577,102954192,203.80
3578,199895486317,0.00
3579,378081995037,0.80
3580,88565052664,0.20
3581,1162173229,2.00
3582,199895486317,0.00
3583,199895486317,0.00
3584,85326411380,0.50
3585,13113230369,0.40
3586,76464231360,0.30
3587,76464231360,0.30
3588,2938576274,1.10
3589,44637528,1167.40
3590,2959790839,2.60
3591,199895486317,0.00
3592,51049489028,100.90
3593,199895486317,0.00
3594,199895486317,0.00
3595,199895486317,0.00
3596,199895486317,0.00
3597,1162173229,2.00
3598,199895486317,0.00
3599,199895486317,0.00
3600,199895486317,0.00
3601,80602215784,0.60
3602,26541700713,5.30
3603,89456267,3452.30
3604,88565052664,0.20
3605,85326411380,0.50
3606,123759813188,1.00
3607,199895486317,0.00
3608,199895486317,0.00
3609,199895486317,0.00
3610,88565052664,0.20
3611,37048906,315.90
3612,74564375693,13.70
3613,428643992,3.00
3614,199895486317,0.00
3615,199895486317,0.00
3616,199895486317,0.00
3617,13478926073,10.20
3618,2105875138,3.30
3619,535536351,193.10
3620,1162173229,2.00
3621,199895486317,0.00
3622,199895486317,0.00
3623,199895486317,0.00
3624,18239512692,12.00
3625,199895486317,0.00
3626,45402896,569.80
3627,44637524,1295.80
3628,428643992,3.00
3629,2959790839,2.60
3630,18239512692,12.00
3631,199895486317,0.00
3632,1248520015,1.20
3633,199895486317,0.00
3634,199895486317,0.00
3635,199895486317,0.00
3636,428643992,3.00
3637,158079034572,0.10
3638,199895486317,0.00
3639,199895486317,0.00
3640,199895486317,0.00
3641,199895486317,0.00
3642,123759813188,1.00
3643,199895486317,0.00
3644,199895486317,0.00
3645,3201471766,3.50
3646,85326411380,0.50
3647,123759813188,1.00
3648,76464231360,0.30
3649,2938576274,1.10
3650,199895486317,0.00
3651,85326411380,0.50
3652,1302494368,1.30
3653,88565052664,0.20
3654,199895486317,0.00
3655,1241601981,4.00
3656,85046141,220.30
3657,85326411380,0.50
3658,123759813188,1.00
3659,13113230369,0.40
3660,199895486317,0.00
3661,1878257932,6.00
3662,1248520015,1.20
3663,199895486317,0.00
3664,158079034572,0.10
3665,199895486317,0.00
3666,199895486317,0.00
3667,199895486317,0.00
3668,199895486317,0.00
3669,58446360,869.40
3670,199895486317,0.00
3671,199895486317,0.00
3672,378081995037,0.80
3673,76464231360,0.30
3674,199895486317,0.00
3675,57223538,627.80
3676,199895486317,0.00
3677,199895486317,0.00
3678,76464231360,0.30
3679,35416496,357.20
3680,199895486317,0.00
3681,76464231360,0.30
3682,71489823,434.10
3683,13113230369,0.40
3684,199895486317,0.00
3685,2938576274,1.10
3686,311521108281,0.70
3687,80602215784,0.60
3688,88565052664,0.20
3689,76464231360,0.30
3690,199895486317,0.00
3691,76464231360,0.30
3692,76464231360,0.30
3693,199895486317,0.00
3694,32879919192,10.50
3695,62318635,2773.40
3696,199895486317,0.00
3697,50039995,5000.00
3698,199895486317,0.00
3699,199895486317,0.00
3700,13113230369,0.40
3701,199895486317,0.00
3702,258143887315,13.20
3703,141270830382,0.90
3704,51313244,346.10
3705,158079034572,0.10
3706,199895486317,0.00
3707,60892013,535.70
3708,63337653,376.20
3709,199895486317,0.00
3710,199895486317,0.00
3711,3657830571,2.10
3712,76464231360,0.30
3713,13113230369,0.40
3714,199895486317,0.00
3715,199895486317,0.00
3716,76464231360,0.30
3717,3657830571,2.10
3718,199895486317,0.00
3719,3983663920,1.80
3720,199895486317,0.00
3721,199895486317,0.00
3722,1878257932,6.00
3723,88565052664,0.20
3724,1792636859,1.60
3725,2105875138,3.30
3726,199895486317,0.00
3727,37046917,864.10
3728,199895486317,0.00
3729,199895486317,0.00
3730,199895486317,0.00
3731,199895486317,0.00
3732,141637721925,22.10
3733,8954155737,3.10
3734,199895486317,0.00
3735,80602215784,0.60
3736,199895486317,0.00
3737,57680986,1426.90
3738,199895486317,0.00
3739,1248520015,1.20
3740,1878257932,6.00
3741,13806922065,7.40
3742,199895486317,0.00
3743,199895486317,0.00
3744,199895486317,0.00
3745,44383877,943.30
3746,13113230369,0.40
3747,199895486317,0.00
3748,199895486317,0.00
3749,378081995037,0.80
3750,199895486317,0.00
3751,39697424,321.10
3752,1878257932,6.00
3753,199895486317,0.00
3754,199895486317,0.00
3755,3633675400,1.90
3756,199895486317,0.00
3757,13113230369,0.40
3758,3657830571,2.10
3759,1248520015,1.20
3760,158079034572,0.10
3761,28659276,1807.30
3762,199895486317,0.00
3763,199895486317,0.00
3764,5084268839,2.40
3765,199895486317,0.00
3766,122954465226,12.60
3767,199895486317,0.00
3768,1162173229,2.00
3769,199895486317,0.00
3770,76464231360,0.30
3771,199895486317,0.00
3772,42142035,554.80
3773,80602215784,0.60
3774,141270830382,0.90
3775,199895486317,0.00
3776,158079034572,0.10
3777,428643992,3.00
3778,199895486317,0.00
3779,1248520015,1.20
3780,36592644,263.70
3781,33876664,1766.70
3782,199895486317,0.00
3783,88565052664,0.20
3784,1162173229,2.00
3785,7351572150,4.20
3786,199895486317,0.00
3787,6517244642,2.70
3788,199895486317,0.00
3789,88565052664,0.20
3790,34805076,2267.70
3791,199895486317,0.00
3792,1162173229,2.00
3793,51109416,4437.90
3794,158079034572,0.10
3795,4867792093,1.40
3796,199895486317,0.00
3797,199895486317,0.00
3798,123759813188,1.00
3799,80602215784,0.60
3800,199895486317,0.00
3801,1241601981,4.00
3802,80602215784,0.60
3803,199895486317,0.00
3804,428643992,3.00
3805,76464231360,0.30
3806,158079034572,0.10
3807,199895486317,0.00
3808,54678761721,10.80
3809,158079034572,0.10
3810,2938576274,1.10
3811,199895486317,0.00
3812,76464231360,0.30
3813,76464231360,0.30
3814,199895486317,0.00
3815,141270830382,0.90
3816,42776691,298.00
3817,40724481,1580.90
3818,76464231360,0.30
3819,199895486317,0.00
3820,199895486317,0.00
3821,311521108281,0.70
3822,3201471766,3.50
3823,42142027,475.30
3824,13113230369,0.40
3825,199895486317,0.00
3826,428643992,3.00
3827,158079034572,0.10
3828,199895486317,0.00
3829,199895486317,0.00
3830,199895486317,0.00
3831,199895486317,0.00
3832,199895486317,0.00
3833,199895486317,0.00
3834,428643992,3.00
3835,199895486317,0.00
3836,1241601981,4.00
3837,199895486317,0.00
3838,1241601981,4.00
3839,72508849,613.40
3840,115817741866,32.00
3841,34805083,634.70
3842,199895486317,0.00
3843,76464231360,0.30
3844,199895486317,0.00
3845,199895486317,0.00
3846,66804215,320.60
3847,3128720663,1.70
3848,1162173229,2.00
3849,1248520015,1.20
3850,1162173229,2.00
3851,88565052664,0.20
3852,1624607378,1.50
3853,41521532,3053.90
3854,199895486317,0.00
3855,4867792093,1.40
3856,1162173229,2.00
3857,61095807,881.60
3858,199895486317,0.00
3859,199895486317,0.00
3860,199895486317,0.00
3861,199895486317,0.00
3862,34691882,1190.00
3863,37862146,388.80
3864,60261554632,47.50
3865,199895486317,0.00
3866,199895486317,0.00
3867,43170132,1566.20
3868,73324058,868.00
3869,199895486317,0.00
3870,199895486317,0.00
3871,52332229,389.30
3872,41760596326,21.10
3873,199895486317,0.00
3874,76464231360,0.30
3875,199895486317,0.00
3876,65783309,816.30
3877,51720828,680.30
3878,76464231360,0.30
3879,199895486317,0.00
3880,7918931509,5.80
3881,428643992,3.00
3882,39933471876,101.20
3883,27210060,1342.00
3884,1878257932,6.00
3885,80602215784,0.60
3886,725384732,185.20
3887,199895486317,0.00
3888,2105875138,3.30
3889,199895486317,0.00
3890,80602215784,0.60
3891,3657830571,2.10
3892,199895486317,0.00
3893,199895486317,0.00
3894,199895486317,0.00
3895,428643992,3.00
3896,76464231360,0.30
3897,199895486317,0.00
3898,199895486317,0.00
3899,199895486317,0.00
3900,199895486317,0.00
3901,199895486317,0.00
3902,199895486317,0.00
3903,199895486317,0.00
3904,199895486317,0.00
3905,199895486317,0.00
3906,199895486317,0.00
3907,8703224374,6.20
3908,199895486317,0.00
3909,199895486317,0.00
3910,199895486317,0.00
3911,1162173229,2.00
3912,428643992,3.00
3913,199895486317,0.00
3914,32246233,1201.90
3915,7351572150,4.20
3916,199895486317,0.00
3917,199895486317,0.00
3918,199895486317,0.00
3919,199895486317,0.00
3920,8703224374,6.20
3921,199895486317,0.00
3922,123759813188,1.00
3923,2938576274,1.10
3924,378081995037,0.80
3925,199895486317,0.00
3926,61299612,808.80
3927,199895486317,0.00
3928,6517244642,2.70
3929,199895486317,0.00
3930,199895486317,0.00
3931,199895486317,0.00
3932,42028829,1936.70
3933,199895486317,0.00
3934,1878257932,6.00
3935,199895486317,0.00
3936,76464231360,0.30
3937,199895486317,0.00
3938,199895486317,0.00
3939,199895486317,0.00
3940,44791482,466.00
3941,199895486317,0.00
3942,199895486317,0.00
3943,199895486317,0.00
3944,3983663920,1.80
3945,199895486317,0.00
3946,76464231360,0.30
3947,85326411380,0.50
3948,199895486317,0.00
3949,199895486317,0.00
3950,199895486317,0.00
3951,199895486317,0.00
3952,36696316900,8.80
3953,199895486317,0.00
3954,13113230369,0.40
3955,6479284340,4.30
3956,1792636859,1.60
3957,50039995,5000.00
3958,6513552338,4.80
3959,199895486317,0.00
3960,199895486317,0.00
3961,5564570111,3.20
3962,199895486317,0.00
3963,88565052664,0.20
3964,1248520015,1.20
3965,199895486317,0.00
3966,199895486317,0.00
3967,199895486317,0.00
3968,141270830382,0.90
3969,76464231360,0.30
3970,1162173229,2.00
3971,199895486317,0.00
3972,311521108281,0.70
3973,199895486317,0.00
3974,158079034572,0.10
3975,1241601981,4.00
3976,123759813188,1.00
3977,123759813188,1.00
3978,199895486317,0.00
3979,199895486317,0.00
3980,12594635182,6.40
3981,80602215784,0.60
3982,3128720663,1.70
3983,9543585697,141.50
3984,44791877,329.00
3985,199895486317,0.00
3986,199895486317,0.00
3987,199895486317,0.00
3988,123759813188,1.00
3989,76464231360,0.30
3990,199895486317,0.00
3991,199895486317,0.00
3992,123759813188,1.00
3993,199895486317,0.00
3994,76464231360,0.30
3995,199895486317,0.00
3996,47898384,1068.60
3997,88565052664,0.20
3998,53331039397,25.10
3999,5084268839,2.40
4000,85326411380,0.50
4001,21263841123,10.60
4002,199895486317,0.00
4003,47856868576,6.80
4004,199895486317,0.00
4005,5793831052,2.50
4006,80602215784,0.60
4007,199895486317,0.00
4008,80602215784,0.60
4009,199895486317,0.00
4010,76464231360,0.30
4011,199895486317,0.00
4012,199895486317,0.00
4013,76464231360,0.30
4014,199895486317,0.00
4015,88565052664,0.20
4016,199895486317,0.00
4017,199895486317,0.00
4018,199895486317,0.00
4019,57834945,591.00
4020,76464231360,0.30
4021,5793831052,2.50
4022,1792636859,1.60
4023,88565052664,0.20
4024,199895486317,0.00
4025,1162173229,2.00
4026,141270830382,0.90
4027,199895486317,0.00
4028,78311919693,11.80
4029,199895486317,0.00
4030,1162173229,2.00
4031,199895486317,0.00
4032,199895486317,0.00
4033,50039995,5000.00
4034,199895486317,0.00
4035,199895486317,0.00
4036,199895486317,0.00
4037,46829517,715.40
4038,85326411380,0.50
4039,199895486317,0.00
4040,199895486317,0.00
4041,199895486317,0.00
4042,199895486317,0.00
4043,20846218,267.20
4044,199895486317,0.00
4045,11065030075,3.90
4046,199895486317,0.00
4047,76464231360,0.30
4048,1953713018,2.20
4049,50294188,546.80
4050,199895486317,0.00
4051,5084268839,2.40
4052,2961944228,4.10
4053,199895486317,0.00
4054,1367538191,5.00
4055,80602215784,0.60
4056,199895486317,0.00
4057,13113230369,0.40
4058,18813333,1020.70
4059,5564570111,3.20
4060,13113230369,0.40
4061,1241601981,4.00
4062,4785659569,2.30
4063,428643992,3.00
4064,199895486317,0.00
4065,33876664,1571.30
4066,88565052664,0.20
4067,88565052664,0.20
4068,199895486317,0.00
4069,50670130,1329.70
4070,199895486317,0.00
4071,3128720663,1.70
4072,199895486317,0.00
4073,199895486317,0.00
4074,199895486317,0.00
4075,2382869404,6.60
4076,13714202084,2.80
4077,1878257932,6.00
4078,13113230369,0.40
4079,199895486317,0.00
4080,199895486317,0.00
4081,199895486317,0.00
4082,48713611,1068.50
4083,1367538191,5.00
4084,1248520015,1.20
4085,199895486317,0.00
4086,2938576274,1.10
4087,199895486317,0.00
4088,80602215784,0.60
4089,88565052664,0.20
4090,199895486317,0.00
4091,1878257932,6.00
4092,13113230369,0.40
4093,199895486317,0.00
4094,13113230369,0.40
4095,36027896,2675.70
4096,199895486317,0.00
4097,1248520015,1.20
4098,378081995037,0.80
4099,199895486317,0.00
4100,141270830382,0.90
4101,13478926073,10.20
4102,199895486317,0.00
4103,13113230369,0.40
4104,199895486317,0.00
4105,199895486317,0.00
4106,88565052664,0.20
4107,199895486317,0.00
4108,199895486317,0.00
4109,95626229308,32.40
4110,3657830571,2.10
4111,199895486317,0.00
4112,109068292,218.90
4113,85326411380,0.50
4114,199895486317,0.00
4115,199895486317,0.00
4116,3983663920,1.80
4117,199895486317,0.00
4118,88565052664,0.20
4119,46014315,475.40
4120,199895486317,0.00
4121,44771947690,9.40
4122,199895486317,0.00
4123,4867792093,1.40
4124,40235352,1288.70
4125,5793831052,2.50
4126,199895486317,0.00
4127,141270830382,0.90
4128,13113230369,0.40
4129,45386190,238.50
4130,428643992,3.00
4131,199895486317,0.00
4132,80602215784,0.60
4133,88565052664,0.20
4134,33989857,2255.50
4135,311521108281,0.70
4136,199895486317,0.00
4137,199895486317,0.00
4138,85326411380,0.50
4139,85326411380,0.50
4140,199895486317,0.00
4141,311521108281,0.70
4142,428643992,3.00
4143,199895486317,0.00
4144,10615163773,7.00
4145,199895486317,0.00
4146,76464231360,0.30
4147,199895486317,0.00
4148,199895486317,0.00
4149,1953713018,2.20
4150,5407105262,3.60
4151,4867792093,1.40
4152,199895486317,0.00
4153,80602215784,0.60
4154,4867792093,1.40
4155,199895486317,0.00
4156,88565052664,0.20
4157,1792636859,1.60
4158,199895486317,0.00
4159,123759813188,1.00
4160,2938576274,1.10
4161,199895486317,0.00
4162,199895486317,0.00
4163,158079034572,0.10
4164,123759813188,1.00
4165,199895486317,0.00
4166,158079034572,0.10
4167,13113230369,0.40
4168,199895486317,0.00
4169,61963095207,97.10
4170,158079034572,0.10
4171,85326411380,0.50
4172,199895486317,0.00
4173,158079034572,0.10
4174,199895486317,0.00
4175,378081995037,0.80
4176,56930937516,7.90
4177,76464231360,0.30
4178,80602215784,0.60
4179,199895486317,0.00
4180,87332132585,11.60
4181,88565052664,0.20
4182,48867623,342.10
4183,199895486317,0.00
4184,199895486317,0.00
4185,428643992,3.00
4186,199895486317,0.00
4187,199895486317,0.00
4188,17194741128,20.60
4189,158079034572,0.10
4190,85326411380,0.50
4191,199895486317,0.00
4192,158079034572,0.10
4193,158079034572,0.10
4194,199895486317,0.00
4195,1624607378,1.50
4196,199895486317,0.00
4197,2938576274,1.10
4198,5564570111,3.20
4199,18813333,1020.70
4200,199895486317,0.00
4201,8954155737,3.10
4202,14793993242,12.40
4203,199895486317,0.00
4204,5084268839,2.40
4205,199895486317,0.00
4206,199895486317,0.00
4207,199895486317,0.00
4208,199895486317,0.00
4209,80602215784,0.60
4210,311521108281,0.70
4211,378081995037,0.80
4212,199895486317,0.00
4213,199895486317,0.00
4214,76464231360,0.30
4215,50039995,5000.00
4216,141270830382,0.90
4217,199895486317,0.00
4218,199895486317,0.00
4219,311521108281,0.70
4220,1248520015,1.20
4221,141270830382,0.90
4222,1241601981,4.00
4223,109840664,228.30
4224,428643992,3.00
4225,199895486317,0.00
4226,5564570111,3.20
4227,199895486317,0.00
4228,35620297,948.80
4229,428643992,3.00
4230,11065030075,3.90
4231,141270830382,0.90
4232,60331830781,67.30
4233,158079034572,0.10
4234,1162173229,2.00
4235,199895486317,0.00
4236,5114805510,150.80
4237,17913104138,5.40
4238,311521108281,0.70
4239,158079034572,0.10
4240,199895486317,0.00
4241,199895486317,0.00
4242,1302494368,1.30
4243,67413754,358.40
4244,2382869404,6.60
4245,199895486317,0.00
4246,88565052664,0.20
4247,12518065774,8.00
4248,141270830382,0.90
4249,199895486317,0.00
4250,1248520015,1.20
4251,40431544519,24.50
4252,1792636859,1.60
4253,199895486317,0.00
4254,76464231360,0.30
4255,123759813188,1.00
4256,378081995037,0.80
4257,21567612419,14.00
4258,199895486317,0.00
4259,42354918,1134.00
4260,199895486317,0.00
4261,2105875138,3.30
4262,1367538191,5.00
4263,199895486317,0.00
4264,428643992,3.00
4265,34397476,4741.70
4266,76464231360,0.30
4267,1367538191,5.00
4268,1241601981,4.00
4269,88565052664,0.20
4270,199895486317,0.00
4271,72101230,637.30
4272,199895486317,0.00
4273,15355388169,14.30
4274,67445419,3497.00
4275,199895486317,0.00
4276,199895486317,0.00
4277,4785659569,2.30
4278,199895486317,0.00
4279,46430995,1651.00
4280,85326411380,0.50
4281,199895486317,0.00
4282,199895486317,0.00
4283,88565052664,0.20
4284,199895486317,0.00
4285,85326411380,0.50
4286,13113230369,0.40
4287,199895486317,0.00
4288,199895486317,0.00
4289,199895486317,0.00
4290,199895486317,0.00
4291,1792636859,1.60
4292,3128720663,1.70
4293,88565052664,0.20
4294,199895486317,0.00
4295,158079034572,0.10
4296,158079034572,0.10
4297,80602215784,0.60
4298,199895486317,0.00
4299,10358838273,20.00
4300,199895486317,0.00
4301,199895486317,0.00
4302,199895486317,0.00
4303,199895486317,0.00
4304,76464231360,0.30
4305,199895486317,0.00
4306,13113230369,0.40
4307,141270830382,0.90
4308,199895486317,0.00
4309,158079034572,0.10
4310,158079034572,0.10
4311,129424593197,17.70
4312,199895486317,0.00
4313,53889294524,6.70
4314,1162173229,2.00
4315,199895486317,0.00
4316,26541700713,5.30
4317,88565052664,0.20
4318,5793831052,2.50
4319,199895486317,0.00
4320,77961838494,11.70
4321,88565052664,0.20
4322,88565052664,0.20
4323,17194741128,20.60
4324,37250831994,102.20
4325,199895486317,0.00
4326,199895486317,0.00
4327,199895486317,0.00
4328,199895486317,0.00
4329,199895486317,0.00
4330,199895486317,0.00
4331,199895486317,0.00
4332,1241601981,4.00
4333,199895486317,0.00
4334,199895486317,0.00
4335,10358838273,20.00
4336,13113230369,0.40
4337,123759813188,1.00
4338,199895486317,0.00
4339,76464231360,0.30
4340,199895486317,0.00
4341,1241601981,4.00
4342,10615163773,7.00
4343,199895486317,0.00
4344,199895486317,0.00
4345,199895486317,0.00
4346,76464231360,0.30
4347,6479284340,4.30
4348,3128720663,1.70
4349,199895486317,0.00
4350,88565052664,0.20
4351,199895486317,0.00
4352,123759813188,1.00
4353,74750696,390.60
4354,199895486317,0.00
4355,199895486317,0.00
4356,3128720663,1.70
4357,52128433,961.70
4358,199895486317,0.00
4359,199895486317,0.00
4360,26541700713,5.30
4361,60076790,665.80
4362,1302494368,1.30
4363,8954155737,3.10
4364,158079034572,0.10
4365,199895486317,0.00
4366,13478926073,10.20
4367,199895486317,0.00
4368,199895486317,0.00
4369,54420127,1173.60
4370,199895486317,0.00
4371,16184641507,11.00
4372,4785659569,2.30
4373,199895486317,0.00
4374,199895486317,0.00
4375,199895486317,0.00
4376,123759813188,1.00
4377,141270830382,0.90
4378,33896617876,6.90
4379,15355388169,14.30
4380,141270830382,0.90
4381,61911024,752.80
4382,199895486317,0.00
4383,73120261,2455.30
4384,199895486317,0.00
4385,199895486317,0.00
4386,1953713018,2.20
4387,76464231360,0.30
4388,199895486317,0.00
4389,199895486317,0.00
4390,88565052664,0.20
4391,85326411380,0.50
4392,80602215784,0.60
4393,67107133113,18.70
4394,1241601981,4.00
4395,71897425,943.50
4396,158079034572,0.10
4397,199895486317,0.00
4398,199895486317,0.00
4399,199895486317,0.00
4400,30056728560,5.20
4401,158079034572,0.10
4402,1162173229,2.00
4403,199895486317,0.00
4404,1162173229,2.00
4405,1624607378,1.50
4406,13113230369,0.40
4407,199895486317,0.00
4408,199895486317,0.00
4409,12594635182,6.40
4410,199895486317,0.00
4411,2938576274,1.10
4412,199895486317,0.00
4413,199895486317,0.00
4414,35416495,382.50
4415,311521108281,0.70
4416,76464231360,0.30
4417,13113230369,0.40
4418,199895486317,0.00
4419,199895486317,0.00
4420,199895486317,0.00
4421,199895486317,0.00
4422,199895486317,0.00
4423,199895486317,0.00
4424,199895486317,0.00
4425,88565052664,0.20
4426,1792636859,1.60
4427,199895486317,0.00
4428,199895486317,0.00
4429,199895486317,0.00
4430,85326411380,0.50
4431,2938576274,1.10
4432,199895486317,0.00
4433,2390296124,10.00
4434,199895486317,0.00
4435,57680984,1437.10
4436,10139629910,4.40
4437,199895486317,0.00
4438,1302494368,1.30
4439,46267953,1511.90
4440,3657830571,2.10
4441,80602215784,0.60
4442,88565052664,0.20
4443,13113230369,0.40
4444,158079034572,0.10
4445,41213616,1799.10
4446,56815923,887.50
4447,199895486317,0.00
4448,199895486317,0.00
4449,51974467,1277.80
4450,141270830382,0.90
4451,79540428486,11.30
4452,199895486317,0.00
4453,158079034572,0.10
4454,5793831052,2.50
4455,13113230369,0.40
4456,199895486317,0.00
4457,199895486317,0.00
4458,56702726,1168.50
4459,199895486317,0.00
4460,199895486317,0.00
4461,199895486317,0.00
4462,180284949974,13.60
4463,5564570111,3.20
4464,29262798830,96.90
4465,199895486317,0.00
4466,199895486317,0.00
4467,54678761721,10.80
4468,199895486317,0.00
4469,199895486317,0.00
4470,85326411380,0.50
4471,199895486317,0.00
4472,1162173229,2.00
4473,80602215784,0.60
4474,88565052664,0.20
4475,1241601981,4.00
4476,199895486317,0.00
4477,199895486317,0.00
4478,199895486317,0.00
4479,13113230369,0.40
4480,76464231360,0.30
4481,1248520015,1.20
4482,199895486317,0.00
4483,20632203162,64.00
4484,76464231360,0.30
4485,80602215784,0.60
4486,199895486317,0.00
4487,76464231360,0.30
4488,2959790839,2.60
4489,199895486317,0.00
4490,2938576274,1.10
4491,4785659569,2.30
4492,48061436,1205.00
4493,199895486317,0.00
4494,80602215784,0.60
4495,10615163773,7.00
4496,3518200587,9.00
4497,2938576274,1.10
4498,54930558224,30.60
4499,199895486317,0.00
4500,199895486317,0.00
4501,199895486317,0.00
4502,50039995,5000.00
4503,49528827,1172.50
4504,199895486317,0.00
4505,88565052664,0.20
4506,199895486317,0.00
4507,4785659569,2.30
4508,80602215784,0.60
4509,158079034572,0.10
4510,199895486317,0.00
4511,47237138,971.80
4512,1878257932,6.00
4513,1248520015,1.20
4514,141270830382,0.90
4515,1248520015,1.20
4516,199895486317,0.00
4517,31920148,1204.30
4518,18239512692,12.00
4519,1624607378,1.50
4520,199895486317,0.00
4521,199895486317,0.00
4522,199895486317,0.00
4523,199895486317,0.00
4524,199895486317,0.00
4525,311521108281,0.70
4526,378081995037,0.80
4527,428643992,3.00
4528,80602215784,0.60
4529,199895486317,0.00
4530,18239512692,12.00
4531,85326411380,0.50
4532,123759813188,1.00
4533,80602215784,0.60
4534,378081995037,0.80
4535,88565052664,0.20
4536,80602215784,0.60
4537,199895486317,0.00
4538,199895486317,0.00
4539,199895486317,0.00
4540,123759813188,1.00
4541,199895486317,0.00
4542,76464231360,0.30
4543,78817776407,62.30
4544,4785659569,2.30
4545,199895486317,0.00
4546,199895486317,0.00
4547,49365786,1146.10
4548,1248520015,1.20
4549,1162173229,2.00
4550,76464231360,0.30
4551,76464231360,0.30
4552,378081995037,0.80
4553,7339675107,144.40
4554,199895486317,0.00
4555,141270830382,0.90
4556,199895486317,0.00
4557,8661122046,3.70
4558,199895486317,0.00
4559,123759813188,1.00
4560,199895486317,0.00
4561,30319237448,9.30
4562,199895486317,0.00
4563,199895486317,0.00
4564,199895486317,0.00
4565,88565052664,0.20
4566,199895486317,0.00
4567,199895486317,0.00
4568,199895486317,0.00
4569,85326411380,0.50
4570,199895486317,0.00
4571,24590659642,10.30
4572,199895486317,0.00
4573,199895486317,0.00
4574,199895486317,0.00
4575,199895486317,0.00
4576,199895486317,0.00
4577,158079034572,0.10
4578,1302494368,1.30
4579,158079034572,0.10
4580,199895486317,0.00
4581,3128720663,1.70
4582,44693468,246.10
4583,199895486317,0.00
4584,1878257932,6.00
4585,3518200587,9.00
4586,8661122046,3.70
4587,85326411380,0.50
4588,199895486317,0.00
4589,123759813188,1.00
4590,85326411380,0.50
4591,199895486317,0.00
4592,1624607378,1.50
4593,88565052664,0.20
4594,2105875138,3.30
4595,199895486317,0.00
4596,199895486317,0.00
4597,1248520015,1.20
4598,199895486317,0.00
4599,199895486317,0.00
4600,2390296124,10.00
4601,199895486317,0.00
4602,80602215784,0.60
4603,199895486317,0.00
4604,88565052664,0.20
4605,199895486317,0.00
4606,13113230369,0.40
4607,158079034572,0.10
4608,5564570111,3.20
4609,88565052664,0.20
4610,3128720663,1.70
4611,80602215784,0.60
4612,199895486317,0.00
4613,48663764,654.00
4614,1162173229,2.00
4615,2938576274,1.10
4616,199895486317,0.00
4617,199895486317,0.00
4618,378081995037,0.80
4619,199895486317,0.00
4620,199895486317,0.00
4621,78149828,257.00
4622,88565052664,0.20
4623,80602215784,0.60
4624,199895486317,0.00
4625,199895486317,0.00
4626,76464231360,0.30
4627,39562567601,44.40
4628,80602215784,0.60
4629,199895486317,0.00
4630,47033333,509.50
4631,199895486317,0.00
4632,199895486317,0.00
4633,7351572150,4.20
4634,199895486317,0.00
4635,1162173229,2.00
4636,199895486317,0.00
4637,199895486317,0.00
4638,34187668137,5.70
4639,44771947690,9.40
4640,88565052664,0.20
4641,199895486317,0.00
4642,199895486317,0.00
4643,1162173229,2.00
4644,4867792093,1.40
4645,199895486317,0.00
4646,76464231360,0.30
4647,199895486317,0.00
4648,199895486317,0.00
4649,199895486317,0.00
4650,199895486317,0.00
4651,199895486317,0.00
4652,199895486317,0.00
4653,10139629910,4.40
4654,123759813188,1.00
4655,378081995037,0.80
4656,123759813188,1.00
4657,199895486317,0.00
4658,199895486317,0.00
4659,378081995037,0.80
4660,88565052664,0.20
4661,199895486317,0.00
4662,199895486317,0.00
4663,199895486317,0.00
4664,76464231360,0.30
4665,80602215784,0.60
4666,199895486317,0.00
4667,35677500,289.10
4668,65529917979,32.30
4669,13113230369,0.40
4670,199895486317,0.00
4671,88565052664,0.20
4672,199895486317,0.00
4673,76464231360,0.30
4674,199895486317,0.00
4675,199895486317,0.00
4676,2390296124,10.00
4677,199895486317,0.00
4678,70878419,2302.10
4679,141270830382,0.90
4680,76464231360,0.30
4681,6517244642,2.70
4682,199895486317,0.00
4683,199895486317,0.00
4684,199895486317,0.00
4685,2390296124,10.00
4686,76464231360,0.30
4687,57173693,3886.40
4688,13113230369,0.40
4689,76464231360,0.30
4690,199895486317,0.00
4691,199895486317,0.00
4692,1162173229,2.00
4693,80602215784,0.60
4694,199895486317,0.00
4695,199895486317,0.00
4696,76464231360,0.30
4697,199895486317,0.00
4698,199895486317,0.00
4699,800371037,188.00
4700,80602215784,0.60
4701,3657830571,2.10
4702,199895486317,0.00
4703,311521108281,0.70
4704,56544948007,70.40
4705,199895486317,0.00
4706,199895486317,0.00
4707,199895486317,0.00
4708,199895486317,0.00
4709,42517967,1683.00
4710,163098371,218.70
4711,64968098,736.30
4712,92838517308,45.00
4713,199895486317,0.00
4714,199895486317,0.00
4715,428643992,3.00
4716,30032419273,5.50
4717,1792636859,1.60
4718,80602215784,0.60
4719,13806922065,7.40
4720,199895486317,0.00
4721,13478926073,10.20
4722,13113230369,0.40
4723,80602215784,0.60
4724,199895486317,0.00
4725,2959790839,2.60
4726,5564570111,3.20
4727,199895486317,0.00
4728,1162173229,2.00
4729,199895486317,0.00
4730,199895486317,0.00
4731,199895486317,0.00
4732,1162173229,2.00
4733,199895486317,0.00
4734,428643992,3.00
4735,63541463,383.90
4736,76464231360,0.30
4737,88565052664,0.20
4738,158079034572,0.10
4739,199895486317,0.00
4740,12518065774,8.00
4741,199895486317,0.00
4742,199895486317,0.00
4743,199895486317,0.00
4744,199895486317,0.00
4745,199895486317,0.00
4746,50507089,1407.90
4747,10651297178,30.00
4748,85326411380,0.50
4749,6517244642,2.70
4750,88565052664,0.20
4751,199895486317,0.00
4752,199895486317,0.00
4753,1162173229,2.00
4754,158079034572,0.10
4755,199895486317,0.00
4756,199895486317,0.00
4757,199895486317,0.00
4758,29963622,1072.90
4759,85326411380,0.50
4760,199895486317,0.00
4761,61299609,380.40
4762,85326411380,0.50
4763,50039995,5000.00
4764,141270830382,0.90
4765,199895486317,0.00
4766,32572315,1133.50
4767,1605674846,6.10
4768,199895486317,0.00
4769,199895486317,0.00
4770,199895486317,0.00
4771,1792636859,1.60
4772,52128424,742.70
4773,3128720663,1.70
4774,199895486317,0.00
4775,76464231360,0.30
4776,76464231360,0.30
4777,2938576274,1.10
4778,199895486317,0.00
4779,76464231360,0.30
4780,3201471766,3.50
4781,199895486317,0.00
4782,199895486317,0.00
4783,199895486317,0.00
4784,311521108281,0.70
4785,199895486317,0.00
4786,37658333,888.00
4787,428643992,3.00
4788,88565052664,0.20
4789,378081995037,0.80
4790,199895486317,0.00
4791,1624607378,1.50
4792,85326411380,0.50
4793,50039995,5000.00
4794,14989211090,6.50
4795,5793831052,2.50
4796,199895486317,0.00
4797,76464231360,0.30
4798,378081995037,0.80
4799,80602215784,0.60
4800,43042987638,10.70
4801,13113230369,0.40
4802,55185491,895.50
4803,199895486317,0.00
4804,1367538191,5.00
4805,80602215784,0.60
4806,199895486317,0.00
4807,76464231360,0.30
4808,311521108281,0.70
4809,199895486317,0.00
4810,199895486317,0.00
4811,199895486317,0.00
4812,199895486317,0.00
4813,76464231360,0.30
4814,1792636859,1.60
4815,199895486317,0.00
4816,20632203162,64.00
4817,76464231360,0.30
4818,199895486317,0.00
4819,199895486317,0.00
4820,13113230369,0.40
4821,76464231360,0.30
4822,311521108281,0.70
4823,88565052664,0.20
4824,199895486317,0.00
4825,199895486317,0.00
4826,199895486317,0.00
4827,4867792093,1.40
4828,199895486317,0.00
4829,13714202084,2.80
4830,199895486317,0.00
4831,35421756,308.20
4832,88565052664,0.20
4833,31594063,1549.20
4834,199895486317,0.00
4835,199895486317,0.00
4836,49205927,245.30
4837,199895486317,0.00
4838,1367538191,5.00
4839,199895486317,0.00
4840,88565052664,0.20
4841,199895486317,0.00
4842,141270830382,0.90
4843,76464231360,0.30
4844,1241601981,4.00
4845,199895486317,0.00
4846,1878257932,6.00
4847,2959790839,2.60
4848,199895486317,0.00
4849,158079034572,0.10
4850,199895486317,0.00
4851,80602215784,0.60
4852,199895486317,0.00
4853,88565052664,0.20
4854,80602215784,0.60
4855,13113230369,0.40
4856,50039995,5000.00
4857,199895486317,0.00
4858,39123174381,21.00
4859,88565052664,0.20
4860,70380202,3621.30
4861,3128720663,1.70
4862,141270830382,0.90
4863,70674611,392.20
4864,123759813188,1.00
4865,76464231360,0.30
4866,199895486317,0.00
4867,1605674846,6.10
4868,199895486317,0.00
4869,199895486317,0.00
4870,4785659569,2.30
4871,1642716151,4.60
4872,199895486317,0.00
4873,199895486317,0.00
4874,3657830571,2.10
4875,123759813188,1.00
4876,18552518830,7.20
4877,199895486317,0.00
4878,199895486317,0.00
4879,10465690042,3.40
4880,141270830382,0.90
4881,13113230369,0.40
4882,1302494368,1.30
4883,199895486317,0.00
4884,199895486317,0.00
4885,80602215784,0.60
4886,199895486317,0.00
4887,199895486317,0.00
4888,65987105,499.20
4889,36137635178,41.00
4890,199895486317,0.00
4891,199895486317,0.00
4892,311521108281,0.70
4893,88565052664,0.20
4894,199895486317,0.00
4895,76464231360,0.30
4896,199895486317,0.00
4897,199895486317,0.00
4898,311521108281,0.70
4899,199895486317,0.00
4900,2959790839,2.60
4901,76464231360,0.30
4902,88565052664,0.20
4903,141270830382,0.90
4904,199895486317,0.00
4905,39899918026,11.50
4906,13806922065,7.40
4907,199895486317,0.00
4908,36322318,1595.60
4909,123759813188,1.00
4910,13113230369,0.40
4911,16571395384,126.70
4912,1248520015,1.20
4913,25328600013,30.90
4914,3657830571,2.10
4915,80602215784,0.60
4916,1167547593,176.70
4917,199895486317,0.00
4918,76464231360,0.30
4919,199895486317,0.00
4920,1162173229,2.00
4921,199895486317,0.00
4922,266401995478,15.60
4923,80602215784,0.60
4924,199895486317,0.00
4925,1367538191,5.00
4926,311521108281,0.70
4927,199895486317,0.00
4928,74139276,428.70
4929,199895486317,0.00
4930,70063200,666.30
4931,35212681,534.20
4932,2105875138,3.30
4933,199895486317,0.00
4934,43976266,536.60
4935,80602215784,0.60
4936,80162804,3332.10
4937,141270830382,0.90
4938,8661122046,3.70
4939,311521108281,0.70
4940,80602215784,0.60
4941,199895486317,0.00
4942,76464231360,0.30
4943,50039995,5000.00
4944,3657830571,2.10
4945,76464231360,0.30
4946,85326411380,0.50
4947,199895486317,0.00
4948,428643992,3.00
4949,123759813188,1.00
4950,5407105262,3.60
4951,199895486317,0.00
4952,199895486317,0.00
4953,428643992,3.00
4954,199895486317,0.00
4955,199895486317,0.00
4956,10358838273,20.00
4957,199895486317,0.00
4958,35620291,2023.80
4959,141270830382,0.90
4960,76464231360,0.30
4961,80602215784,0.60
4962,199895486317,0.00
4963,1241601981,4.00
4964,85326411380,0.50
4965,46218109,2570.80
4966,4867792093,1.40
4967,1367538191,5.00
4968,199895486317,0.00
4969,199895486317,0.00
4970,199895486317,0.00
4971,428643992,3.00
4972,59261571,935.20
4973,88565052664,0.20
4974,1248520015,1.20
4975,199895486317,0.00
4976,80602215784,0.60
4977,88565052664,0.20
4978,199895486317,0.00
4979,88565052664,0.20
4980,199895486317,0.00
4981,378081995037,0.80
4982,1241601981,4.00
4983,2390296124,10.00
4984,13113230369,0.40
4985,123759813188,1.00
4986,199895486317,0.00
4987,428643992,3.00
4988,88565052664,0.20
4989,199895486317,0.00
4990,85326411380,0.50
4991,158079034572,0.10
4992,428643992,3.00
4993,199895486317,0.00
4994,74564375693,13.70
4995,1624607378,1.50
4996,1162173229,2.00
4997,26017293322,12.80
4998,1624607378,1.50
4999,10358838273,20.00
5000,76464231360,0.30
5001,199895486317,0.00
5002,4325740997,149.20
5003,199895486317,0.00
5004,1248520015,1.20
5005,5564570111,3.20
5006,199895486317,0.00
5007,85326411380,0.50
5008,73324055,2701.90
5009,428643992,3.00
5010,50039995,5000.00
5011,158079034572,0.10
5012,87332132585,11.60
5013,158079034572,0.10
5014,199895486317,0.00
5015,58007079,1012.20
5016,199895486317,0.00
5017,76464231360,0.30
5018,3530842262,164.70
5019,76464231360,0.30
5020,199895486317,0.00
5021,3518200587,9.00
5022,428643992,3.00
5023,199895486317,0.00
5024,5564570111,3.20
5025,199895486317,0.00
5026,199895486317,0.00
5027,123759813188,1.00
5028,199895486317,0.00
5029,12518065774,8.00
5030,76464231360,0.30
5031,1162173229,2.00
5032,1878257932,6.00
5033,311521108281,0.70
5034,13113230369,0.40
5035,27241752408,61.30
5036,141270830382,0.90
5037,199895486317,0.00
5038,199895486317,0.00
5039,378081995037,0.80
5040,141270830382,0.90
5041,88565052664,0.20
5042,123759813188,1.00
5043,62930056,622.10
5044,88565052664,0.20
5045,158079034572,0.10
5046,199895486317,0.00
5047,76464231360,0.30
5048,21263841123,10.60
5049,199895486317,0.00
5050,75760634,3458.40
5051,199895486317,0.00
5052,199895486317,0.00
5053,174819199814,24.00
5054,42844049,1139.00
5055,47362720442,18.00
5056,199895486317,0.00
5057,76464231360,0.30
5058,1792636859,1.60
5059,42142029,826.90
5060,199895486317,0.00
5061,88565052664,0.20
5062,1878257932,6.00
5063,311521108281,0.70
5064,199895486317,0.00
5065,34187668137,5.70
5066,199895486317,0.00
5067,199895486317,0.00
5068,1162173229,2.00
5069,199895486317,0.00
5070,1241601981,4.00
5071,428643992,3.00
5072,76464231360,0.30
5073,199895486317,0.00
5074,1878257932,6.00
5075,88565052664,0.20
5076,85326411380,0.50
5077,58650164,359.60
5078,123759813188,1.00
5079,199895486317,0.00
5080,199895486317,0.00
5081,199895486317,0.00
5082,199895486317,0.00
5083,199895486317,0.00
5084,378081995037,0.80
5085,199895486317,0.00
5086,88565052664,0.20
5087,199895486317,0.00
5088,199895486317,0.00
5089,199895486317,0.00
5090,76464231360,0.30
5091,7351572150,4.20
5092,199895486317,0.00
5093,199895486317,0.00
5094,47960496355,79.10
5095,199895486317,0.00
5096,85326411380,0.50
5097,199895486317,0.00
5098,199895486317,0.00
5099,2938576274,1.10
5100,199895486317,0.00
5101,254591311,205.00
5102,61911030,554.50
5103,32804797072,35.50
5104,199895486317,0.00
5105,1792636859,1.60
5106,428643992,3.00
5107,61820418,3510.30
5108,199895486317,0.00
5109,199895486317,0.00
5110,2959790839,2.60
5111,199895486317,0.00
5112,88565052664,0.20
5113,199895486317,0.00
5114,10358838273,20.00
5115,199895486317,0.00
5116,199895486317,0.00
5117,199895486317,0.00
5118,74279373266,12.20
5119,3128720663,1.70
5120,30319237448,9.30
5121,123759813188,1.00
5122,199895486317,0.00
5123,88565052664,0.20
5124,199895486317,0.00
5125,199895486317,0.00
5126,199895486317,0.00
5127,311521108281,0.70
5128,7351572150,4.20
5129,2390296124,10.00
5130,39909273,1665.00
5131,123759813188,1.00
5132,199895486317,0.00
5133,199895486317,0.00
5134,88565052664,0.20
5135,34805076,513.90
5136,378081995037,0.80
5137,199895486317,0.00
5138,199895486317,0.00
5139,8061336334,20.20
5140,13478926073,10.20
5141,38473557,605.30
5142,199895486317,0.00
5143,199895486317,0.00
5144,1624607378,1.50
5145,10615163773,7.00
5146,80602215784,0.60
5147,199895486317,0.00
5148,39900187,701.00
5149,199895486317,0.00
5150,199895486317,0.00
5151,89700823,3566.20
5152,76464231360,0.30
5153,199895486317,0.00
5154,199895486317,0.00
5155,199895486317,0.00
5156,76464231360,0.30
5157,13113230369,0.40
5158,80602215784,0.60
5159,199895486317,0.00
5160,80602215784,0.60
5161,158079034572,0.10
5162,13113230369,0.40
5163,199895486317,0.00
5164,199895486317,0.00
5165,199895486317,0.00
5166,5084268839,2.40
5167,199895486317,0.00
5168,8661122046,3.70
5169,199895486317,0.00
5170,123759813188,1.00
5171,5084268839,2.40
5172,123759813188,1.00
5173,1642716151,4.60
5174,76464231360,0.30
5175,199895486317,0.00
5176,141270830382,0.90
5177,88565052664,0.20
5178,33604971,694.10
5179,199895486317,0.00
5180,428643992,3.00
5181,76464231360,0.30
5182,76464231360,0.30
5183,2938576274,1.10
5184,85326411380,0.50
5185,199895486317,0.00
5186,199895486317,0.00
5187,2390296124,10.00
5188,11065030075,3.90
5189,146322493312,15.70
5190,199895486317,0.00
5191,88565052664,0.20
5192,67617548,644.90
5193,199895486317,0.00
5194,2959790839,2.60
5195,7351572150,4.20
5196,199895486317,0.00
5197,199895486317,0.00
5198,80602215784,0.60
5199,199895486317,0.00
5200,199895486317,0.00
5201,378081995037,0.80
5202,123759813188,1.00
5203,428643992,3.00
5204,68228953,560.80
5205,4867792093,1.40
5206,57173687,3736.20
5207,80602215784,0.60
5208,199895486317,0.00
5209,18239512692,12.00
5210,199895486317,0.00
5211,199895486317,0.00
5212,199895486317,0.00
5213,199895486317,0.00
5214,182260141928,7.10
5215,3128720663,1.70
5216,199895486317,0.00
5217,199895486317,0.00
5218,199895486317,0.00
5219,3983663920,1.80
5220,378081995037,0.80
5221,199895486317,0.00
5222,123759813188,1.00
5223,80602215784,0.60
5224,199895486317,0.00
5225,1162173229,2.00
5226,199895486317,0.00
5227,80602215784,0.60
5228,1302494368,1.30
5229,123759813188,1.00
5230,33658733073,8.30
5231,88565052664,0.20
5232,199895486317,0.00
5233,199895486317,0.00
5234,199895486317,0.00
5235,141270830382,0.90
5236,47848537,392.00
5237,57834945,2020.80
5238,199895486317,0.00
5239,1878257932,6.00
5240,13113230369,0.40
5241,199895486317,0.00
5242,1248520015,1.20
5243,199895486317,0.00
5244,3441658049,6.30
5245,123759813188,1.00
5246,56865776,1130.60
5247,56612129,400.60
5248,13113230369,0.40
5249,199895486317,0.00
5250,76464231360,0.30
5251,378081995037,0.80
5252,199895486317,0.00
5253,81386169788,68.50
5254,76464231360,0.30
5255,1162173229,2.00
5256,199895486317,0.00
5257,199895486317,0.00
5258,199895486317,0.00
5259,13113230369,0.40
5260,69859392,743.90
5261,199895486317,0.00
5262,199895486317,0.00
5263,141270830382,0.90
5264,68636570,443.20
5265,88565052664,0.20
5266,199895486317,0.00
5267,199895486317,0.00
5268,199895486317,0.00
5269,199895486317,0.00
5270,53889294524,6.70
5271,199895486317,0.00
5272,199895486317,0.00
5273,199895486317,0.00
5274,88565052664,0.20
5275,76464231360,0.30
5276,199895486317,0.00
5277,199895486317,0.00
5278,56408314,689.70
5279,199895486317,0.00
5280,199895486317,0.00
5281,88565052664,0.20
5282,6517244642,2.70
5283,428643992,3.00
5284,1248520015,1.20
5285,1953713018,2.20
5286,5084268839,2.40
5287,199895486317,0.00
5288,199895486317,0.00
5289,199895486317,0.00
5290,8661122046,3.70
5291,80602215784,0.60
5292,199895486317,0.00
5293,85326411380,0.50
5294,59560650729,8.10
5295,76464231360,0.30
5296,199895486317,0.00
5297,199895486317,0.00
5298,1302494368,1.30
5299,199895486317,0.00
5300,30032419273,5.50
5301,165569862,221.90
5302,59261571,874.20
5303,1248520015,1.20
5304,47033325,585.60
5305,6479284340,4.30
5306,199895486317,0.00
5307,199895486317,0.00
5308,199895486317,0.00
5309,190882569444,8.50
5310,199895486317,0.00
5311,199895486317,0.00
5312,13113230369,0.40
5313,3441658049,6.30
5314,1162173229,2.00
5315,67821357,627.10
5316,199895486317,0.00
5317,88565052664,0.20
5318,199895486317,0.00
5319,199895486317,0.00
5320,199895486317,0.00
5321,35824107,2617.70
5322,158079034572,0.10
5323,76464231360,0.30
5324,199895486317,0.00
5325,76464231360,0.30
5326,85326411380,0.50
5327,199895486317,0.00
5328,88565052664,0.20
5329,199895486317,0.00
5330,43481419,275.80
5331,1248520015,1.20
5332,199895486317,0.00
5333,199895486317,0.00
5334,1248520015,1.20
5335,199895486317,0.00
5336,4867792093,1.40
5337,80602215784,0.60
5338,1302494368,1.30
5339,199895486317,0.00
5340,70211883,247.10
5341,123759813188,1.00
5342,199895486317,0.00
5343,199895486317,0.00
5344,1162173229,2.00
5345,199895486317,0.00
5346,199895486317,0.00
5347,199895486317,0.00
5348,199895486317,0.00
5349,199895486317,0.00
5350,199895486317,0.00
5351,199895486317,0.00
5352,158079034572,0.10
5353,8703224374,6.20
5354,199895486317,0.00
5355,199895486317,0.00
5356,199895486317,0.00
5357,13113230369,0.40
5358,199895486317,0.00
5359,88565052664,0.20
5360,1162173229,2.00
5361,199895486317,0.00
5362,199895486317,0.00
5363,199895486317,0.00
5364,199895486317,0.00
5365,18552518830,7.20
5366,199895486317,0.00
5367,123759813188,1.00
5368,88565052664,0.20
5369,7233328772,2.90
5370,1162173229,2.00
5371,199895486317,0.00
5372,199895486317,0.00
5373,80602215784,0.60
5374,199895486317,0.00
5375,41766098,3201.80
5376,80602215784,0.60
5377,199895486317,0.00
5378,199895486317,0.00
5379,199895486317,0.00
5380,199895486317,0.00
5381,199895486317,0.00
5382,199895486317,0.00
5383,199895486317,0.00
5384,199895486317,0.00
5385,18472578620,5.60
5386,76464231360,0.30
5387,3633675400,1.90
5388,1241601981,4.00
5389,76464231360,0.30
5390,7351572150,4.20
5391,199895486317,0.00
5392,199895486317,0.00
5393,199895486317,0.00
5394,1241601981,4.00
5395,74753169,319.40
5396,80602215784,0.60
5397,199895486317,0.00
5398,123759813188,1.00
5399,199895486317,0.00
5400,76464231360,0.30
5401,199895486317,0.00
5402,199895486317,0.00
5403,199895486317,0.00
5404,199895486317,0.00
5405,1302494368,1.30
5406,199895486317,0.00
5407,199895486317,0.00
5408,199895486317,0.00
5409,1241601981,4.00
5410,199895486317,0.00
5411,73932904797,36.00
5412,13478926073,10.20
5413,35670145,1613.00
5414,24847070731,8.40
5415,7351572150,4.20
5416,1248520015,1.20
5417,199895486317,0.00
5418,88565052664,0.20
5419,199895486317,0.00
5420,13113230369,0.40
5421,199895486317,0.00
5422,7351572150,4.20
5423,199895486317,0.00
5424,88565052664,0.20
5425,158079034572,0.10
5426,88565052664,0.20
5427,85326411380,0.50
5428,199895486317,0.00
5429,3518200587,9.00
5430,199895486317,0.00
5431,47754383391,42.40
5432,199895486317,0.00
5433,85326411380,0.50
5434,199895486317,0.00
5435,158079034572,0.10
5436,199895486317,0.00
5437,199895486317,0.00
5438,199895486317,0.00
5439,3128720663,1.70
5440,12424211601,4.90
5441,5793831052,2.50
5442,15561339091,7.60
5443,199895486317,0.00
5444,5793831052,2.50
5445,199895486317,0.00
5446,199895486317,0.00
5447,76464231360,0.30
5448,199895486317,0.00
5449,16751025680,20.40
5450,1624607378,1.50
5451,199895486317,0.00
5452,1241601981,4.00
5453,1300110315,183.80
5454,76464231360,0.30
5455,58403428,240.60
5456,88565052664,0.20
5457,199895486317,0.00
5458,10358838273,20.00
5459,1624607378,1.50
5460,65807178660,24.70
5461,1248520015,1.20
5462,3983663920,1.80
5463,199895486317,0.00
5464,199895486317,0.00
5465,199895486317,0.00
5466,199895486317,0.00
5467,14072240212,40.00
5468,199895486317,0.00
5469,1162173229,2.00
5470,51313207,433.30
5471,199895486317,0.00
5472,2959790839,2.60
5473,199895486317,0.00
5474,199895486317,0.00
5475,59287863715,18.20
5476,76464231360,0.30
5477,199895486317,0.00
5478,199895486317,0.00
5479,199895486317,0.00
5480,199895486317,0.00
5481,199895486317,0.00
5482,141270830382,0.90
5483,199895486317,0.00
5484,199895486317,0.00
5485,85326411380,0.50
5486,38473553,2620.00
5487,199895486317,0.00
5488,199895486317,0.00
5489,311521108281,0.70
5490,1248520015,1.20
5491,199895486317,0.00
5492,199895486317,0.00
5493,199895486317,0.00
5494,199895486317,0.00
5495,1624607378,1.50
5496,85326411380,0.50
5497,80602215784,0.60
5498,199895486317,0.00
5499,69044172,2745.60
5500,22708191753,119.50
5501,88565052664,0.20
5502,3128720663,1.70
5503,1162173229,2.00
5504,80602215784,0.60
5505,71082207,648.20
5506,5793831052,2.50
5507,5084268839,2.40
5508,42075437892,5.90
5509,199895486317,0.00
5510,2961944228,4.10
5511,1162173229,2.00
5512,199895486317,0.00
5513,85326411380,0.50
5514,311521108281,0.70
5515,199895486317,0.00
5516,76464231360,0.30
5517,199895486317,0.00
5518,199895486317,0.00
5519,13113230369,0.40
5520,199895486317,0.00
5521,199895486317,0.00
5522,199895486317,0.00
5523,13478926073,10.20
5524,199895486317,0.00
5525,1878257932,6.00
5526,5793831052,2.50
5527,1162173229,2.00
5528,199895486317,0.00
5529,80602215784,0.60
5530,199895486317,0.00
5531,24590659642,10.30
5532,4867792093,1.40
5533,199895486317,0.00
5534,199895486317,0.00
5535,123759813188,1.00
5536,199895486317,0.00
5537,1624607378,1.50
5538,1162173229,2.00
5539,428643992,3.00
5540,199895486317,0.00
5541,80602215784,0.60
5542,1367538191,5.00
5543,1241601981,4.00
5544,1162173229,2.00
5545,199895486317,0.00
5546,199895486317,0.00
5547,1624607378,1.50
5548,199895486317,0.00
5549,76464231360,0.30
5550,199895486317,0.00
5551,48663767,2060.40
5552,199895486317,0.00
5553,199895486317,0.00
5554,7233328772,2.90
5555,66654302,256.10
5556,199895486317,0.00
5557,21263841123,10.60
5558,141270830382,0.90
5559,199895486317,0.00
5560,199895486317,0.00
5561,50039995,5000.00
5562,10358838273,20.00
5563,199895486317,0.00
5564,1162173229,2.00
5565,4867792093,1.40
5566,85326411380,0.50
5567,76464231360,0.30
5568,13113230369,0.40
5569,102595415636,14.40
5570,199895486317,0.00
5571,199895486317,0.00
5572,123759813188,1.00
5573,428643992,3.00
5574,63337682,348.90
5575,76464231360,0.30
5576,54166470,538.30
5577,199895486317,0.00
5578,141270830382,0.90
5579,80602215784,0.60
5580,21263841123,10.60
5581,60353035,3662.00
5582,33224492,1644.30
5583,199895486317,0.00
5584,35008888,2338.10
5585,199895486317,0.00
5586,1248520015,1.20
5587,88565052664,0.20
5588,199895486317,0.00
5589,199895486317,0.00
5590,35670137,1506.80
5591,199895486317,0.00
5592,199895486317,0.00
5593,76464231360,0.30
5594,141270830382,0.90
5595,311521108281,0.70
5596,199895486317,0.00
5597,199895486317,0.00
5598,199895486317,0.00
5599,158079034572,0.10
5600,199895486317,0.00
5601,3657830571,2.10
5602,88565052664,0.20
5603,199895486317,0.00
5604,1792636859,1.60
5605,199895486317,0.00
5606,199895486317,0.00
5607,199895486317,0.00
5608,199895486317,0.00
5609,61086724,3211.20
5610,56612119,4334.40
5611,199895486317,0.00
5612,199895486317,0.00
5613,112027381743,27.50
5614,47362720442,18.00
5615,199895486317,0.00
5616,199895486317,0.00
5617,199895486317,0.00
5618,199895486317,0.00
5619,199895486317,0.00
5620,141270830382,0.90
5621,16184641507,11.00
5622,311521108281,0.70
5623,1248520015,1.20
5624,8703224374,6.20
5625,199895486317,0.00
5626,1642716151,4.60
5627,199895486317,0.00
5628,199895486317,0.00
5629,5793831052,2.50
5630,199895486317,0.00
5631,199895486317,0.00
5632,199895486317,0.00
5633,88565052664,0.20
5634,199895486317,0.00
5635,199895486317,0.00
5636,13113230369,0.40
5637,76464231360,0.30
5638,1162173229,2.00
5639,199895486317,0.00
5640,199895486317,0.00
5641,53555060,2141.30
5642,199895486317,0.00
5643,76464231360,0.30
5644,141270830382,0.90
5645,3201471766,3.50
5646,199895486317,0.00
5647,199895486317,0.00
5648,34601595,328.60
5649,199895486317,0.00
5650,199895486317,0.00
5651,1248520015,1.20
5652,199895486317,0.00
5653,76464231360,0.30
5654,141270830382,0.90
5655,67209941,553.20
5656,311521108281,0.70
5657,199895486317,0.00
5658,1248520015,1.20
5659,3633675400,1.90
5660,76464231360,0.30
5661,47644739,2266.60
5662,76464231360,0.30
5663,199895486317,0.00
5664,141270830382,0.90
5665,199895486317,0.00
5666,428643992,3.00
5667,4867792093,1.40
5668,158079034572,0.10
5669,20631119801,4.50
5670,85326411380,0.50
5671,1162173229,2.00
5672,199895486317,0.00
5673,199895486317,0.00
5674,32187621497,52.10
5675,199895486317,0.00
5676,16184641507,11.00
5677,94003005402,23.60
5678,3657830571,2.10
5679,199895486317,0.00
5680,43042987638,10.70
5681,199895486317,0.00
5682,199895486317,0.00
5683,199895486317,0.00
5684,199895486317,0.00
5685,5084268839,2.40
5686,123759813188,1.00
5687,199895486317,0.00
5688,42345831,514.30
5689,13113230369,0.40
5690,43822304,1249.10
5691,12594635182,6.40
5692,8661122046,3.70
5693,1792636859,1.60
5694,80602215784,0.60
5695,123759813188,1.00
5696,36322320,1391.30
5697,3128720663,1.70
5698,1162173229,2.00
5699,4785659569,2.30
5700,105858865110,41.50
5701,141270830382,0.90
5702,199895486317,0.00
5703,199895486317,0.00
5704,1241601981,4.00
5705,123759813188,1.00
5706,51485337,1397.90
5707,57634311,315.70
5708,2938576274,1.10
5709,199895486317,0.00
5710,28496239,1818.40
5711,199895486317,0.00
5712,123759813188,1.00
5713,76464231360,0.30
5714,7918931509,5.80
5715,199895486317,0.00
5716,311521108281,0.70
5717,378081995037,0.80
5718,3983663920,1.80
5719,141270830382,0.90
5720,378081995037,0.80
5721,199895486317,0.00
5722,8661122046,3.70
5723,199895486317,0.00
5724,199895486317,0.00
5725,2105875138,3.30
5726,13113230369,0.40
5727,1241601981,4.00
5728,69247975,691.20
5729,10139629910,4.40
5730,85326411380,0.50
5731,199895486317,0.00
5732,1248520015,1.20
5733,142163099441,31.20
5734,88565052664,0.20
5735,1241601981,4.00
5736,41050568,1565.40
5737,80602215784,0.60
5738,1302494368,1.30
5739,4867792093,1.40
5740,199895486317,0.00
5741,76464231360,0.30
5742,199895486317,0.00
5743,1162173229,2.00
5744,80602215784,0.60
5745,199895486317,0.00
5746,199895486317,0.00
5747,123759813188,1.00
5748,88565052664,0.20
5749,199895486317,0.00
5750,199895486317,0.00
5751,199895486317,0.00
5752,199895486317,0.00
5753,158079034572,0.10
5754,158079034572,0.10
5755,199895486317,0.00
5756,199895486317,0.00
5757,199895486317,0.00
5758,76464231360,0.30
5759,428681630,199.80
5760,123759813188,1.00
5761,88565052664,0.20
5762,20631119801,4.50
5763,199895486317,0.00
5764,199895486317,0.00
5765,199895486317,0.00
5766,1162173229,2.00
5767,1302494368,1.30
5768,428643992,3.00
5769,141270830382,0.90
5770,1624607378,1.50
5771,199895486317,0.00
5772,1248520015,1.20
5773,76464231360,0.30
5774,141270830382,0.90
5775,199895486317,0.00
5776,88565052664,0.20
5777,141270830382,0.90
5778,80602215784,0.60
5779,199895486317,0.00
5780,141270830382,0.90
5781,50039995,5000.00
5782,199895486317,0.00
5783,199895486317,0.00
5784,199895486317,0.00
5785,76464231360,0.30
5786,3128720663,1.70
5787,199895486317,0.00
5788,71693635,4525.20
5789,80602215784,0.60
5790,1302494368,1.30
5791,345925029,202.00
5792,141270830382,0.90
5793,199895486317,0.00
5794,141270830382,0.90
5795,199895486317,0.00
5796,199895486317,0.00
5797,199895486317,0.00
5798,199895486317,0.00
5799,76464231360,0.30
5800,85326411380,0.50
5801,80602215784,0.60
5802,1624607378,1.50
5803,199895486317,0.00
5804,1302494368,1.30
5805,199895486317,0.00
5806,76464231360,0.30
5807,1792636859,1.60
5808,85326411380,0.50
5809,19412317668,12.70
5810,88565052664,0.20
5811,76464231360,0.30
5812,1302494368,1.30
5813,80602215784,0.60
5814,2938576274,1.10
5815,61095805,4086.40
5816,199895486317,0.00
5817,199895486317,0.00
5818,71286026,370.70
5819,76464231360,0.30
5820,199895486317,0.00
5821,199895486317,0.00
5822,199895486317,0.00
5823,378081995037,0.80
5824,52463606,1795.00
5825,199895486317,0.00
5826,1302494368,1.30
5827,199895486317,0.00
5828,199895486317,0.00
5829,17194741128,20.60
5830,199895486317,0.00
5831,88565052664,0.20
5832,41530614,631.90
5833,199895486317,0.00
5834,76464231360,0.30
5835,1162173229,2.00
5836,199895486317,0.00
5837,10651297178,30.00
5838,199895486317,0.00
5839,199895486317,0.00
5840,3128720663,1.70
5841,76464231360,0.30
5842,13113230369,0.40
5843,199895486317,0.00
5844,1792636859,1.60
5845,80602215784,0.60
5846,8270100397,3.80
5847,199895486317,0.00
5848,199895486317,0.00
5849,199895486317,0.00
5850,53930996,1917.20
5851,199895486317,0.00
5852,29311455,1190.30
5853,199895486317,0.00
5854,199895486317,0.00
5855,8703224374,6.20
5856,2938576274,1.10
5857,1162173229,2.00
5858,51929892,311.10
5859,428643992,3.00
5860,1367538191,5.00
5861,4867792093,1.40
5862,199895486317,0.00
5863,76464231360,0.30
5864,4785659569,2.30
5865,199895486317,0.00
5866,199895486317,0.00
5867,199895486317,0.00
5868,199895486317,0.00
5869,85326411380,0.50
5870,199895486317,0.00
5871,123759813188,1.00
5872,5564570111,3.20
5873,199895486317,0.00
5874,57354896,1133.10
5875,39492580,496.40
5876,1302494368,1.30
5877,199895486317,0.00
5878,62318632,825.70
5879,199895486317,0.00
5880,80602215784,0.60
5881,66222585,3205.20
5882,56865766,1594.00
5883,6479284340,4.30
5884,5564570111,3.20
5885,85326411380,0.50
5886,199895486317,0.00
5887,378081995037,0.80
5888,16751025680,20.40
5889,88565052664,0.20
5890,158079034572,0.10
5891,199895486317,0.00
5892,1878257932,6.00
5893,1878257932,6.00
5894,13113230369,0.40
5895,199895486317,0.00
5896,199895486317,0.00
5897,199895486317,0.00
5898,1624607378,1.50
5899,199895486317,0.00
5900,158079034572,0.10
5901,123759813188,1.00
5902,33989869,681.80
5903,199895486317,0.00
5904,199895486317,0.00
5905,199895486317,0.00
5906,76464231360,0.30
5907,199895486317,0.00
5908,158079034572,0.10
5909,85326411380,0.50
5910,199895486317,0.00
5911,88565052664,0.20
5912,199895486317,0.00
5913,199895486317,0.00
5914,199895486317,0.00
5915,32879919192,10.50
5916,36435517,350.60
5917,199895486317,0.00
5918,1792636859,1.60
5919,123759813188,1.00
5920,199895486317,0.00
5921,199895486317,0.00
5922,6479284340,4.30
5923,2007629795,167.20
5924,311521108281,0.70
5925,199895486317,0.00
5926,1248520015,1.20
5927,76464231360,0.30
5928,199895486317,0.00
5929,199895486317,0.00
5930,199895486317,0.00
5931,88565052664,0.20
5932,199895486317,0.00
5933,199895486317,0.00
5934,199895486317,0.00
5935,199895486317,0.00
5936,88565052664,0.20
5937,1241601981,4.00
5938,199895486317,0.00
5939,7233328772,2.90
5940,88565052664,0.20
5941,199895486317,0.00
5942,141270830382,0.90
5943,2938576274,1.10
5944,4867792093,1.40
5945,1624607378,1.50
5946,1367538191,5.00
5947,1162173229,2.00
5948,199895486317,0.00
5949,85326411380,0.50
5950,199895486317,0.00
5951,199895486317,0.00
5952,1248520015,1.20
5953,40766256,291.20
5954,37862138,440.00
5955,39899918026,11.50
5956,76464231360,0.30
5957,199895486317,0.00
5958,13113230369,0.40
5959,199895486317,0.00
5960,199895486317,0.00
5961,66094846009,13.30
5962,199895486317,0.00
5963,1241601981,4.00
5964,8703224374,6.20
5965,199895486317,0.00
5966,88565052664,0.20
5967,50507087,1844.10
5968,199895486317,0.00
5969,199895486317,0.00
5970,199895486317,0.00
5971,199895486317,0.00
5972,199895486317,0.00
5973,1248520015,1.20
5974,199895486317,0.00
5975,199895486317,0.00
5976,199895486317,0.00
5977,42075437892,5.90
5978,52739850,353.00
5979,158079034572,0.10
5980,1248520015,1.20
5981,3201471766,3.50
5982,1241601981,4.00
5983,199895486317,0.00
5984,88565052664,0.20
5985,52626647,1270.30
5986,1162173229,2.00
5987,199895486317,0.00
5988,199895486317,0.00
5989,199895486317,0.00
5990,74279373266,12.20
5991,199895486317,0.00
5992,85326411380,0.50
5993,76464231360,0.30
5994,199895486317,0.00
5995,199895486317,0.00
5996,199895486317,0.00
5997,1792636859,1.60
5998,123759813188,1.00
5999,1241601981,4.00
6000,12518065774,8.00
6001,199895486317,0.00
6002,88565052664,0.20
6003,3128720663,1.70
6004,199895486317,0.00
6005,54663716109,50.10
6006,199895486317,0.00
6007,65996536,308.50
6008,76464231360,0.30
6009,13113230369,0.40
6010,20784700357,112.00
6011,199895486317,0.00
6012,13113230369,0.40
6013,199895486317,0.00
6014,199895486317,0.00
6015,199895486317,0.00
6016,38473559,2890.10
6017,158079034572,0.10
6018,199895486317,0.00
6019,199895486317,0.00
6020,141270830382,0.90
6021,85326411380,0.50
6022,199895486317,0.00
6023,80602215784,0.60
6024,1248520015,1.20
6025,141270830382,0.90
6026,1248520015,1.20
6027,1878257932,6.00
6028,378081995037,0.80
6029,1248520015,1.20
6030,4785659569,2.30
6031,1248520015,1.20
6032,42075437892,5.90
6033,88565052664,0.20
6034,1878257932,6.00
6035,13113230369,0.40
6036,199895486317,0.00
6037,199895486317,0.00
6038,123759813188,1.00
6039,199895486317,0.00
6040,199895486317,0.00
6041,199895486317,0.00
6042,35008879,835.60
6043,2938576274,1.10
6044,199895486317,0.00
6045,76464231360,0.30
6046,76464231360,0.30
6047,13113230369,0.40
6048,80602215784,0.60
6049,76229799552,62.80
6050,199895486317,0.00
6051,199895486317,0.00
6052,88565052664,0.20
6053,88565052664,0.20
6054,13113230369,0.40
6055,199895486317,0.00
6056,80602215784,0.60
6057,199895486317,0.00
6058,6517244642,2.70
6059,199895486317,0.00
6060,76464231360,0.30
6061,311521108281,0.70
6062,17913104138,5.40
6063,44771947690,9.40
6064,88565052664,0.20
6065,16184641507,11.00
6066,88565052664,0.20
6067,311521108281,0.70
6068,47033460,337.20
6069,3128720663,1.70
6070,1162173229,2.00
6071,13113230369,0.40
6072,80602215784,0.60
6073,199895486317,0.00
6074,88565052664,0.20
6075,199895486317,0.00
6076,199895486317,0.00
6077,5564570111,3.20
6078,199895486317,0.00
6079,5793831052,2.50
6080,158079034572,0.10
6081,199895486317,0.00
6082,199895486317,0.00
6083,199895486317,0.00
6084,1624607378,1.50
6085,199895486317,0.00
6086,199895486317,0.00
6087,13682021854,23.00
6088,76464231360,0.30
6089,76464231360,0.30
6090,199895486317,0.00
6091,199895486317,0.00
6092,199895486317,0.00
6093,80602215784,0.60
6094,41123002,735.20
6095,199895486317,0.00
6096,199895486317,0.00
6097,1302494368,1.30
6098,88565052664,0.20
6099,199895486317,0.00
6100,88565052664,0.20
6101,494253451,194.50
6102,199895486317,0.00
6103,76464231360,0.30
6104,199895486317,0.00
6105,76464231360,0.30
6106,199895486317,0.00
6107,199895486317,0.00
6108,76464231360,0.30
6109,199895486317,0.00
6110,76464231360,0.30
6111,1624607378,1.50
6112,85326411380,0.50
6113,1248520015,1.20
6114,48964342069,17.90
6115,1248520015,1.20
6116,52332240,957.30
6117,39492578,452.40
6118,199895486317,0.00
6119,199895486317,0.00
6120,49478974,813.50
6121,199895486317,0.00
6122,13113230369,0.40
6123,6517244642,2.70
6124,1241601981,4.00
6125,43772453,617.40
6126,95478372640,16.30
6127,80602215784,0.60
6128,40115247986,20.70
6129,199895486317,0.00
6130,311521108281,0.70
6131,123759813188,1.00
6132,88565052664,0.20
6133,199895486317,0.00
6134,311521108281,0.70
6135,158079034572,0.10
6136,48964342069,17.90
6137,199895486317,0.00
6138,10358838273,20.00
6139,311521108281,0.70
6140,2938576274,1.10
6141,27517983,1040.10
6142,311521108281,0.70
6143,1248520015,1.20
6144,50039995,5000.00
6145,61049829753,56.60
6146,199895486317,0.00
6147,199895486317,0.00
6148,76464231360,0.30
6149,199895486317,0.00
6150,8703224374,6.20
6151,428643992,3.00
6152,1162173229,2.00
6153,13113230369,0.40
6154,2390296124,10.00
6155,199895486317,0.00
6156,80602215784,0.60
6157,199895486317,0.00
6158,199895486317,0.00
6159,158079034572,0.10
6160,123759813188,1.00
6161,1878257932,6.00
6162,88565052664,0.20
6163,30056728560,5.20
6164,88565052664,0.20
6165,35028550,277.10
6166,29637545,1571.80
6167,199895486317,0.00
6168,80602215784,0.60
6169,199895486317,0.00
6170,5084268839,2.40
6171,13113230369,0.40
6172,199895486317,0.00
6173,199895486317,0.00
6174,199895486317,0.00
6175,10501463890,20.50
6176,311521108281,0.70
6177,80602215784,0.60
6178,1878257932,6.00
6179,141270830382,0.90
6180,378081995037,0.80
6181,28812094344,108.80
6182,199895486317,0.00
6183,85326411380,0.50
6184,199895486317,0.00
6185,51517019,937.20
6186,199895486317,0.00
6187,199895486317,0.00
6188,1953713018,2.20
6189,378081995037,0.80
6190,199895486317,0.00
6191,77008254980,21.20
6192,3657830571,2.10
6193,1878257932,6.00
6194,199895486317,0.00
6195,1367538191,5.00
6196,80602215784,0.60
6197,76464231360,0.30
6198,48256150,447.90
6199,199895486317,0.00
6200,3983663920,1.80
6201,199895486317,0.00
6202,3684307177,159.70
6203,76464231360,0.30
6204,76464231360,0.30
6205,88565052664,0.20
6206,34805074,589.40
6207,199895486317,0.00
6208,311521108281,0.70
6209,1248520015,1.20
6210,5793831052,2.50
6211,85326411380,0.50
6212,20846218,267.20
6213,199895486317,0.00
6214,1302494368,1.30
6215,88565052664,0.20
6216,1162173229,2.00
6217,13113230369,0.40
6218,59669176,2795.40
6219,80602215784,0.60
6220,1162173229,2.00
6221,199895486317,0.00
6222,199895486317,0.00
6223,29148414,1321.90
6224,199895486317,0.00
6225,199895486317,0.00
6226,88565052664,0.20
6227,199895486317,0.00
6228,199895486317,0.00
6229,199895486317,0.00
6230,199895486317,0.00
6231,20631119801,4.50
6232,199895486317,0.00
6233,199895486317,0.00
6234,199895486317,0.00
6235,85326411380,0.50
6236,80602215784,0.60
6237,1248520015,1.20
6238,199895486317,0.00
6239,1162173229,2.00
6240,88565052664,0.20
6241,199895486317,0.00
6242,199895486317,0.00
6243,123759813188,1.00
6244,85326411380,0.50
6245,199895486317,0.00
6246,88565052664,0.20
6247,199895486317,0.00
6248,80602215784,0.60
6249,50039995,5000.00
6250,199895486317,0.00
6251,13113230369,0.40
6252,199895486317,0.00
6253,199895486317,0.00
6254,123759813188,1.00
6255,158079034572,0.10
6256,88565052664,0.20
6257,428643992,3.00
6258,3518200587,9.00
6259,76464231360,0.30
6260,199895486317,0.00
6261,378081995037,0.80
6262,199895486317,0.00
6263,199895486317,0.00
6264,80602215784,0.60
6265,34805079,535.20
6266,75891684246,47.90
6267,199895486317,0.00
6268,1241601981,4.00
6269,199895486317,0.00
6270,166713465690,20.70
6271,199895486317,0.00
6272,199895486317,0.00
6273,1878257932,6.00
6274,199895486317,0.00
6275,85326411380,0.50
6276,3518200587,9.00
6277,4428148495,156.00
6278,12518065774,8.00
6279,1642716151,4.60
6280,76464231360,0.30
6281,428643992,3.00
6282,76464231360,0.30
6283,199895486317,0.00
6284,72722736855,58.80
6285,199895486317,0.00
6286,88565052664,0.20
6287,199895486317,0.00
6288,199895486317,0.00
6289,1624607378,1.50
6290,199895486317,0.00
6291,2390296124,10.00
6292,123759813188,1.00
6293,1878257932,6.00
6294,199895486317,0.00
6295,2105875138,3.30
6296,44771947690,9.40
6297,311521108281,0.70
6298,199895486317,0.00
6299,199895486317,0.00
6300,59148373,1780.60
6301,1248520015,1.20
6302,158079034572,0.10
6303,1792636859,1.60
6304,311521108281,0.70
6305,88565052664,0.20
6306,428643992,3.00
6307,199895486317,0.00
6308,199895486317,0.00
6309,199895486317,0.00
6310,30056728560,5.20
6311,76464231360,0.30
6312,1162173229,2.00
6313,76464231360,0.30
6314,199895486317,0.00
6315,1624607378,1.50
6316,199895486317,0.00
6317,199895486317,0.00
6318,199895486317,0.00
6319,311521108281,0.70
6320,311521108281,0.70
6321,88565052664,0.20
6322,72508848,743.20
6323,123759813188,1.00
6324,199895486317,0.00
6325,31457188873,40.30
6326,199895486317,0.00
6327,5407105262,3.60
6328,428643992,3.00
6329,199895486317,0.00
6330,199895486317,0.00
6331,141270830382,0.90
6332,1162173229,2.00
6333,199895486317,0.00
6334,199895486317,0.00
6335,199895486317,0.00
6336,199895486317,0.00
6337,199895486317,0.00
6338,199895486317,0.00
6339,199895486317,0.00
6340,199895486317,0.00
6341,158079034572,0.10
6342,80602215784,0.60
6343,199895486317,0.00
6344,80602215784,0.60
6345,5407105262,3.60
6346,141270830382,0.90
6347,199895486317,0.00
6348,13113230369,0.40
6349,1367538191,5.00
6350,199895486317,0.00
6351,199895486317,0.00
6352,199895486317,0.00
6353,199895486317,0.00
6354,199895486317,0.00
6355,199895486317,0.00
6356,42517961,1692.90
6357,158079034572,0.10
6358,10139629910,4.40
6359,5564570111,3.20
6360,158079034572,0.10
6361,199895486317,0.00
6362,80602215784,0.60
6363,76464231360,0.30
6364,76464231360,0.30
6365,199895486317,0.00
6366,199895486317,0.00
6367,1162173229,2.00
6368,3128720663,1.70
6369,199895486317,0.00
6370,199895486317,0.00
6371,199895486317,0.00
6372,1792636859,1.60
6373,76464231360,0.30
6374,64764291,375.50
6375,199895486317,0.00
6376,378081995037,0.80
6377,88565052664,0.20
6378,50498003,500.60
6379,199895486317,0.00
6380,199895486317,0.00
6381,80602215784,0.60
6382,80602215784,0.60
6383,76464231360,0.30
6384,199895486317,0.00
6385,10501463890,20.50
6386,1241601981,4.00
6387,1624607378,1.50
6388,8061336334,20.20
6389,199895486317,0.00
6390,2390296124,10.00
6391,199895486317,0.00
6392,199895486317,0.00
6393,1792636859,1.60
6394,60280622,347.60
6395,199895486317,0.00
6396,45205982,308.00
6397,158079034572,0.10
6398,199895486317,0.00
6399,5084268839,2.40
6400,2390296124,10.00
6401,428643992,3.00
6402,158079034572,0.10
6403,199895486317,0.00
6404,76464231360,0.30
6405,20631119801,4.50
6406,4867792093,1.40
6407,199895486317,0.00
6408,123759813188,1.00
6409,1878257932,6.00
6410,88565052664,0.20
6411,199895486317,0.00
6412,38604920,1870.60
6413,80602215784,0.60
6414,1241601981,4.00
6415,141270830382,0.90
6416,199895486317,0.00
6417,199895486317,0.00
6418,88565052664,0.20
6419,199895486317,0.00
6420,199895486317,0.00
6421,199895486317,0.00
6422,199895486317,0.00
6423,88565052664,0.20
6424,123759813188,1.00
6425,1162173229,2.00
6426,1792636859,1.60
6427,199895486317,0.00
6428,76464231360,0.30
6429,76464231360,0.30
6430,199895486317,0.00
6431,19032970,898.70
6432,43031954013,83.00
6433,199895486317,0.00
6434,158079034572,0.10
6435,199895486317,0.00
6436,5564570111,3.20
6437,1248520015,1.20
6438,199895486317,0.00
6439,1302494368,1.30
6440,199895486317,0.00
6441,311521108281,0.70
6442,199895486317,0.00
6443,311521108281,0.70
6444,1878257932,6.00
6445,13113230369,0.40
6446,47682423358,9.10
6447,39583177,1568.00
6448,199895486317,0.00
6449,57844034,1998.60
6450,141270830382,0.90
6451,141270830382,0.90
6452,199895486317,0.00
6453,1241601981,4.00
6454,123759813188,1.00
6455,1241601981,4.00
6456,158079034572,0.10
6457,76464231360,0.30
6458,10139629910,4.40
6459,76464231360,0.30
6460,3864660925,143.00
6461,199895486317,0.00
6462,123759813188,1.00
6463,199895486317,0.00
6464,85326411380,0.50
6465,50039995,5000.00
6466,199895486317,0.00
6467,199895486317,0.00
6468,199895486317,0.00
6469,199895486317,0.00
6470,199895486317,0.00
6471,199895486317,0.00
6472,88565052664,0.20
6473,199895486317,0.00
6474,428643992,3.00
6475,77961838494,11.70
6476,76464231360,0.30
6477,311521108281,0.70
6478,199895486317,0.00
6479,199895486317,0.00
6480,199895486317,0.00
6481,1792636859,1.60
6482,199895486317,0.00
6483,158079034572,0.10
6484,199895486317,0.00
6485,199895486317,0.00
6486,2390296124,10.00
6487,80602215784,0.60
6488,88565052664,0.20
6489,199895486317,0.00
6490,199895486317,0.00
6491,80602215784,0.60
6492,60688206,764.50
6493,42215063414,20.30
6494,39746223,1705.90
6495,311521108281,0.70
6496,1162173229,2.00
6497,76464231360,0.30
6498,80602215784,0.60
6499,199895486317,0.00
6500,76464231360,0.30
6501,141270830382,0.90
6502,199895486317,0.00
6503,199895486317,0.00
6504,199895486317,0.00
6505,199895486317,0.00
6506,13113230369,0.40
6507,199895486317,0.00
6508,18239512692,12.00
6509,11065030075,3.90
6510,199895486317,0.00
6511,199895486317,0.00
6512,1302494368,1.30
6513,199895486317,0.00
6514,4867792093,1.40
6515,199895486317,0.00
6516,167434684,217.20
6517,2390296124,10.00
6518,311521108281,0.70
6519,76464231360,0.30
6520,199895486317,0.00
6521,199895486317,0.00
6522,5407105262,3.60
6523,158079034572,0.10
6524,158079034572,0.10
6525,199895486317,0.00
6526,7351572150,4.20
6527,141270830382,0.90
6528,123759813188,1.00
6529,199895486317,0.00
6530,1302494368,1.30
6531,5564570111,3.20
6532,76464231360,0.30
6533,76464231360,0.30
6534,61911036,4442.60
6535,199895486317,0.00
6536,85326411380,0.50
6537,199895486317,0.00
6538,52463602,1510.60
6539,199895486317,0.00
6540,199895486317,0.00
6541,3657830571,2.10
6542,2938576274,1.10
6543,18239512692,12.00
6544,88565052664,0.20
6545,199895486317,0.00
6546,1248520015,1.20
6547,199895486317,0.00
6548,80602215784,0.60
6549,80602215784,0.60
6550,2959790839,2.60
6551,199895486317,0.00
6552,1792636859,1.60
6553,199895486317,0.00
6554,76464231360,0.30
6555,199895486317,0.00
6556,2938576274,1.10
6557,1162173229,2.00
6558,199895486317,0.00
6559,3983663920,1.80
6560,13113230369,0.40
6561,24590659642,10.30
6562,199895486317,0.00
6563,199895486317,0.00
6564,13113230369,0.40
6565,199895486317,0.00
6566,199895486317,0.00
6567,158079034572,0.10
6568,4785659569,2.30
6569,37454529,787.10
6570,199895486317,0.00
6571,199895486317,0.00
6572,199895486317,0.00
6573,199895486317,0.00
6574,158079034572,0.10
6575,85326411380,0.50
6576,1162173229,2.00
6577,199895486317,0.00
6578,70063201,560.90
6579,1624607378,1.50
6580,199895486317,0.00
6581,199895486317,0.00
6582,7233328772,2.90
6583,199895486317,0.00
6584,53758865,758.80
6585,199895486317,0.00
6586,199895486317,0.00
6587,1302494368,1.30
6588,199895486317,0.00
6589,199895486317,0.00
6590,199895486317,0.00
6591,43976259,2723.30
6592,199895486317,0.00
6593,199895486317,0.00
6594,378081995037,0.80
6595,428643992,3.00
6596,32807077588,14.80
6597,199895486317,0.00
6598,76464231360,0.30
6599,199895486317,0.00
6600,158079034572,0.10
6601,199895486317,0.00
6602,199895486317,0.00
6603,311521108281,0.70
6604,1241601981,4.00
6605,5084268839,2.40
6606,88565052664,0.20
6607,39696375,363.10
6608,29121278,912.30
6609,199895486317,0.00
6610,1367538191,5.00
6611,199895486317,0.00
6612,76464231360,0.30
6613,199895486317,0.00
6614,5084268839,2.40
6615,428643992,3.00
6616,1248520015,1.20
6617,88565052664,0.20
6618,199895486317,0.00
6619,10615163773,7.00
6620,199895486317,0.00
6621,199895486317,0.00
6622,17508987,1264.20
6623,199895486317,0.00
6624,123759813188,1.00
6625,85326411380,0.50
6626,199895486317,0.00
6627,199895486317,0.00
6628,199895486317,0.00
6629,428643992,3.00
6630,123759813188,1.00
6631,199895486317,0.00
6632,13113230369,0.40
6633,57223526,2938.00
6634,10358838273,20.00
6635,199895486317,0.00
6636,199895486317,0.00
6637,199895486317,0.00
6638,85326411380,0.50
6639,199895486317,0.00
6640,10139629910,4.40
6641,199895486317,0.00
6642,199895486317,0.00
6643,1367538191,5.00
6644,199895486317,0.00
6645,199895486317,0.00
6646,123759813188,1.00
6647,199895486317,0.00
6648,158079034572,0.10
6649,76464231360,0.30
6650,88565052664,0.20
6651,47880221,3147.40
6652,35694479484,89.90
6653,199895486317,0.00
6654,199895486317,0.00
6655,199895486317,0.00
6656,73538377,256.70
6657,74399599,274.00
6658,428643992,3.00
6659,199895486317,0.00
6660,76464231360,0.30
6661,1953713018,2.20
6662,199895486317,0.00
6663,199895486317,0.00
6664,76464231360,0.30
6665,428643992,3.00
6666,311521108281,0.70
6667,199895486317,0.00
6668,199895486317,0.00
6669,8061336334,20.20
6670,199895486317,0.00
6671,2382869404,6.60
6672,76464231360,0.30
6673,53016089,3486.00
6674,1241601981,4.00
6675,1162173229,2.00
6676,199895486317,0.00
6677,199895486317,0.00
6678,199895486317,0.00
6679,199895486317,0.00
6680,199895486317,0.00
6681,199895486317,0.00
6682,199895486317,0.00
6683,199895486317,0.00
6684,88565052664,0.20
6685,199895486317,0.00
6686,3441658049,6.30
6687,3128720663,1.70
6688,311521108281,0.70
6689,76464231360,0.30
6690,1792636859,1.60
6691,34601268,2125.00
6692,199895486317,0.00
6693,199895486317,0.00
6694,68432765,919.40
6695,199895486317,0.00
6696,199895486317,0.00
6697,76464231360,0.30
6698,80602215784,0.60
6699,6479284340,4.30
6700,199895486317,0.00
6701,1624607378,1.50
6702,199895486317,0.00
6703,1367538191,5.00
6704,199895486317,0.00
6705,199895486317,0.00
6706,13113230369,0.40
6707,199895486317,0.00
6708,5084268839,2.40
6709,1162173229,2.00
6710,1241601981,4.00
6711,199895486317,0.00
6712,199895486317,0.00
6713,158079034572,0.10
6714,63949071,937.90
6715,199895486317,0.00
6716,123759813188,1.00
6717,158079034572,0.10
6718,199895486317,0.00
6719,80602215784,0.60
6720,199895486317,0.00
6721,2382869404,6.60
6722,199895486317,0.00
6723,88565052664,0.20
6724,90782060403,20.80
6725,3633675400,1.90
6726,199895486317,0.00
6727,199895486317,0.00
6728,76464231360,0.30
6729,18239512692,12.00
6730,76464231360,0.30
6731,12518065774,8.00
6732,80602215784,0.60
6733,199895486317,0.00
6734,199895486317,0.00
6735,199895486317,0.00
6736,1162173229,2.00
6737,1241601981,4.00
6738,158079034572,0.10
6739,199895486317,0.00
6740,5564570111,3.20
6741,76464231360,0.30
6742,88565052664,0.20
6743,13113230369,0.40
6744,199895486317,0.00
6745,199895486317,0.00
6746,199895486317,0.00
6747,18552518830,7.20
6748,199895486317,0.00
6749,199895486317,0.00
6750,88565052664,0.20
6751,199895486317,0.00
6752,199895486317,0.00
6753,199895486317,0.00
6754,8954155737,3.10
6755,5603839507,154.10
6756,199895486317,0.00
6757,1241601981,4.00
6758,199895486317,0.00
6759,199895486317,0.00
6760,80602215784,0.60
6761,2390296124,10.00
6762,158079034572,0.10
6763,76464231360,0.30
6764,1624607378,1.50
6765,199895486317,0.00
6766,1642716151,4.60
6767,1241601981,4.00
6768,199895486317,0.00
6769,199895486317,0.00
6770,60076787,418.50
6771,158079034572,0.10
6772,88565052664,0.20
6773,13113230369,0.40
6774,1953713018,2.20
6775,199895486317,0.00
6776,18587464277,5.10
6777,18552518830,7.20
6778,199895486317,0.00
6779,10651297178,30.00
6780,199895486317,0.00
6781,199895486317,0.00
6782,199895486317,0.00
6783,1953713018,2.20
6784,123759813188,1.00
6785,2390296124,10.00
6786,199895486317,0.00
6787,199895486317,0.00
6788,199895486317,0.00
6789,2938576274,1.10
6790,199895486317,0.00
6791,199895486317,0.00
6792,158079034572,0.10
6793,2961944228,4.10
6794,49528819,1053.30
6795,199895486317,0.00
6796,199895486317,0.00
6797,199895486317,0.00
6798,199895486317,0.00
6799,199895486317,0.00
6800,1248520015,1.20
6801,47682423358,9.10
6802,71286025,493.30
6803,1248520015,1.20
6804,199895486317,0.00
6805,80602215784,0.60
6806,1605674846,6.10
6807,158079034572,0.10
6808,88565052664,0.20
6809,199895486317,0.00
6810,36159268,1197.60
6811,199895486317,0.00
6812,5084268839,2.40
6813,13113230369,0.40
6814,199895486317,0.00
6815,85326411380,0.50
6816,76464231360,0.30
6817,70063198,771.20
6818,80602215784,0.60
6819,199895486317,0.00
6820,29121278,912.30
6821,64560480,762.70
6822,2390296124,10.00
6823,199895486317,0.00
6824,199895486317,0.00
6825,199895486317,0.00
6826,199895486317,0.00
6827,199895486317,0.00
6828,123759813188,1.00
6829,199895486317,0.00
6830,199895486317,0.00
6831,13478926073,10.20
6832,199895486317,0.00
6833,50039995,5000.00
6834,80602215784,0.60
6835,199895486317,0.00
6836,199895486317,0.00
6837,199895486317,0.00
6838,4867792093,1.40
6839,85326411380,0.50
6840,1241601981,4.00
6841,1792636859,1.60
6842,199895486317,0.00
6843,1624607378,1.50
6844,88565052664,0.20
6845,1248520015,1.20
6846,199895486317,0.00
6847,1624607378,1.50
6848,13113230369,0.40
6849,30126674,1726.30
6850,199895486317,0.00
6851,199895486317,0.00
6852,123759813188,1.00
6853,199895486317,0.00
6854,5564570111,3.20
6855,23007151,848.30
6856,88565052664,0.20
6857,199895486317,0.00
6858,311521108281,0.70
6859,88565052664,0.20
6860,199895486317,0.00
6861,199895486317,0.00
6862,85326411380,0.50
6863,199895486317,0.00
6864,199895486317,0.00
6865,199895486317,0.00
6866,1953713018,2.20
6867,123759813188,1.00
6868,13714202084,2.80
6869,199895486317,0.00
6870,37862145,379.70
6871,85326411380,0.50
6872,199895486317,0.00
6873,42585323,269.10
6874,1248520015,1.20
6875,199895486317,0.00
6876,19950090,427.10
6877,199895486317,0.00
6878,199895486317,0.00
6879,199895486317,0.00
6880,199895486317,0.00
6881,199895486317,0.00
6882,199895486317,0.00
6883,428643992,3.00
6884,378081995037,0.80
6885,199895486317,0.00
6886,199895486317,0.00
6887,199895486317,0.00
6888,38278571758,16.30
6889,80602215784,0.60
6890,1624607378,1.50
6891,85326411380,0.50
6892,8061336334,20.20
6893,5564570111,3.20
6894,1792636859,1.60
6895,1302494368,1.30
6896,199895486317,0.00
6897,199895486317,0.00
6898,13113230369,0.40
6899,13113230369,0.40
6900,76464231360,0.30
6901,199895486317,0.00
6902,158079034572,0.10
6903,199895486317,0.00
6904,311521108281,0.70
6905,199895486317,0.00
6906,5793831052,2.50
6907,199895486317,0.00
6908,199895486317,0.00
6909,123759813188,1.00
6910,10465690042,3.40
6911,199895486317,0.00
6912,50181000,1901.10
6913,15561339091,7.60
6914,199895486317,0.00
6915,2938576274,1.10
6916,158693935661,21.80
6917,24847070731,8.40
6918,199895486317,0.00
6919,76464231360,0.30
6920,199895486317,0.00
6921,4785659569,2.30
6922,199895486317,0.00
6923,12594635182,6.40
6924,199895486317,0.00
6925,3128720663,1.70
6926,2390296124,10.00
6927,13113230369,0.40
6928,141270830382,0.90
6929,50507089,1048.80
6930,199895486317,0.00
6931,18555052020,15.00
6932,123759813188,1.00
6933,85326411380,0.50
6934,199895486317,0.00
6935,158079034572,0.10
6936,3633675400,1.90
6937,1241601981,4.00
6938,199895486317,0.00
6939,199895486317,0.00
6940,14082039743,130.00
6941,1162173229,2.00
6942,199895486317,0.00
6943,199895486317,0.00
6944,199895486317,0.00
6945,76464231360,0.30
6946,58970894918,11.40
6947,199895486317,0.00
6948,46625713,539.10
6949,199895486317,0.00
6950,199895486317,0.00
6951,88565052664,0.20
6952,3633675400,1.90
6953,123759813188,1.00
6954,199895486317,0.00
6955,76464231360,0.30
6956,199895486317,0.00
6957,158079034572,0.10
6958,1642716151,4.60
6959,199895486317,0.00
6960,199895486317,0.00
6961,199895486317,0.00
6962,199895486317,0.00
6963,199895486317,0.00
6964,199895486317,0.00
6965,199895486317,0.00
6966,199895486317,0.00
6967,80602215784,0.60
6968,1624607378,1.50
6969,88565052664,0.20
6970,76464231360,0.30
6971,1367538191,5.00
6972,199895486317,0.00
6973,311521108281,0.70
6974,428643992,3.00
6975,199895486317,0.00
6976,141270830382,0.90
6977,50158189062,32.00
6978,152190384943,21.50
6979,21263841123,10.60
6980,123759813188,1.00
6981,61911026,838.90
6982,10358838273,20.00
6983,58856277,318.20
6984,2390296124,10.00
6985,199895486317,0.00
6986,123759813188,1.00
6987,37463618,1907.30
6988,199895486317,0.00
6989,2938576274,1.10
6990,1878257932,6.00
6991,199895486317,0.00
6992,123759813188,1.00
6993,199895486317,0.00
6994,158079034572,0.10
6995,62114832,795.60
6996,199895486317,0.00
6997,73935469,2477.90
6998,85326411380,0.50
6999,76464231360,0.30
7000,138303856580,70.00
7001,5084268839,2.40
7002,43568658,774.80
7003,16137766632,17.50
7004,199895486317,0.00
7005,199895486317,0.00
7006,199895486317,0.00
7007,158079034572,0.10
7008,199895486317,0.00
7009,199895486317,0.00
7010,141270830382,0.90
7011,1162173229,2.00
7012,199895486317,0.00
7013,158079034572,0.10
7014,13113230369,0.40
7015,199895486317,0.00
7016,4785659569,2.30
7017,199895486317,0.00
7018,199895486317,0.00
7019,1302494368,1.30
7020,30941888,1020.90
7021,88565052664,0.20
7022,80602215784,0.60
7023,76464231360,0.30
7024,103982382648,9.80
7025,15561339091,7.60
7026,2105875138,3.30
7027,1792636859,1.60
7028,10358838273,20.00
7029,1605674846,6.10
7030,199895486317,0.00
7031,199895486317,0.00
7032,141270830382,0.90
7033,123759813188,1.00
7034,89112993021,11.10
7035,311521108281,0.70
7036,40955173,294.10
7037,199895486317,0.00
7038,2961944228,4.10
7039,2938576274,1.10
7040,199895486317,0.00
7041,141270830382,0.90
7042,1367538191,5.00
7043,88565052664,0.20
7044,1162173229,2.00
7045,13478926073,10.20
7046,311521108281,0.70
7047,378081995037,0.80
7048,1248520015,1.20
7049,13113230369,0.40
7050,5564570111,3.20
7051,3518200587,9.00
7052,199895486317,0.00
7053,199895486317,0.00
7054,199895486317,0.00
7055,199895486317,0.00
7056,88565052664,0.20
7057,199895486317,0.00
7058,199895486317,0.00
7059,80602215784,0.60
7060,73232861097,46.30
7061,2105875138,3.30
7062,76464231360,0.30
7063,93413780469,16.70
7064,158079034572,0.10
7065,13113230369,0.40
7066,199895486317,0.00
7067,199895486317,0.00
7068,107716792057,24.40
7069,199895486317,0.00
7070,199895486317,0.00
7071,199895486317,0.00
7072,33176233204,7.80
7073,199895486317,0.00
7074,13478926073,10.20
7075,85326411380,0.50
7076,199895486317,0.00
7077,88565052664,0.20
7078,199895486317,0.00
7079,199895486317,0.00
7080,123759813188,1.00
7081,158079034572,0.10
7082,1162173229,2.00
7083,1367538191,5.00
7084,199895486317,0.00
7085,158079034572,0.10
7086,85326411380,0.50
7087,80602215784,0.60
7088,1624607378,1.50
7089,199895486317,0.00
7090,199895486317,0.00
7091,199895486317,0.00
7092,199895486317,0.00
7093,1241601981,4.00
7094,199895486317,0.00
7095,199895486317,0.00
7096,199895486317,0.00
7097,199895486317,0.00
7098,199895486317,0.00
7099,80602215784,0.60
7100,199895486317,0.00
7101,13113230369,0.40
7102,199895486317,0.00
7103,199895486317,0.00
7104,70675475433,21.70
7105,199895486317,0.00
7106,378081995037,0.80
7107,199895486317,0.00
7108,8954155737,3.10
7109,13714202084,2.80
7110,3657830571,2.10
7111,88565052664,0.20
7112,199895486317,0.00
7113,199895486317,0.00
7114,199895486317,0.00
7115,199895486317,0.00
7116,199895486317,0.00
7117,80602215784,0.60
7118,13682021854,23.00
7119,199895486317,0.00
7120,80602215784,0.60
7121,85326411380,0.50
7122,428643992,3.00
7123,76464231360,0.30
7124,199895486317,0.00
7125,158079034572,0.10
7126,158079034572,0.10
7127,199895486317,0.00
7128,199895486317,0.00
7129,199895486317,0.00
7130,13113230369,0.40
7131,428643992,3.00
7132,13113230369,0.40
7133,199895486317,0.00
7134,158079034572,0.10
7135,13113230369,0.40
7136,378081995037,0.80
7137,199895486317,0.00
7138,18239512692,12.00
7139,80602215784,0.60
7140,1248520015,1.20
7141,88565052664,0.20
7142,199895486317,0.00
7143,158079034572,0.10
7144,123759813188,1.00
7145,1162173229,2.00
7146,7233328772,2.90
7147,1624607378,1.50
7148,143150292449,10.90
7149,199895486317,0.00
7150,13113230369,0.40
7151,48976108263,60.00
7152,72127962215,13.40
7153,80602215784,0.60
7154,5084268839,2.40
7155,76464231360,0.30
7156,158079034572,0.10
7157,80602215784,0.60
7158,13113230369,0.40
7159,50039995,5000.00
7160,428643992,3.00
7161,85326411380,0.50
7162,199895486317,0.00
7163,2959790839,2.60
7164,80602215784,0.60
7165,199895486317,0.00
7166,199895486317,0.00
7167,199895486317,0.00
7168,10885955691,124.00
7169,199895486317,0.00
7170,76464231360,0.30
7171,72581286,3338.10
7172,58242555,2708.40
7173,76464231360,0.30
7174,199895486317,0.00
7175,1162173229,2.00
7176,1162173229,2.00
7177,199895486317,0.00
7178,80602215784,0.60
7179,8661122046,3.70
7180,199895486317,0.00
7181,199895486317,0.00
7182,57631135,918.70
7183,199895486317,0.00
7184,42191881,1499.80
7185,199895486317,0.00
7186,199895486317,0.00
7187,56043600966,68.90
7188,199895486317,0.00
7189,158079034572,0.10
7190,199895486317,0.00
7191,199895486317,0.00
7192,88565052664,0.20
7193,64589262256,22.30
7194,2105875138,3.30
7195,49854913,1210.20
7196,199895486317,0.00
7197,7351572150,4.20
7198,199895486317,0.00
7199,72520727661,13.00
7200,1248520015,1.20
7201,199895486317,0.00
7202,76464231360,0.30
7203,311521108281,0.70
7204,4785659569,2.30
7205,199895486317,0.00
7206,80602215784,0.60
7207,199895486317,0.00
7208,199895486317,0.00
7209,199895486317,0.00
7210,378081995037,0.80
7211,1624607378,1.50
7212,13113230369,0.40
7213,199895486317,0.00
7214,3128720663,1.70
7215,88565052664,0.20
7216,1241601981,4.00
7217,199895486317,0.00
7218,41734421,655.70
7219,4785659569,2.30
7220,45606704,2586.00
7221,199895486317,0.00
7222,85326411380,0.50
7223,6513552338,4.80
7224,35212685,855.80
7225,199895486317,0.00
7226,199895486317,0.00
7227,27179534356,99.80
7228,85326411380,0.50
7229,199895486317,0.00
7230,199895486317,0.00
7231,199895486317,0.00
7232,3983663920,1.80
7233,378081995037,0.80
7234,199895486317,0.00
7235,13113230369,0.40
7236,199895486317,0.00
7237,199895486317,0.00
7238,39916556,251.90
7239,199895486317,0.00
7240,199895486317,0.00
7241,199895486317,0.00
7242,199895486317,0.00
7243,199895486317,0.00
7244,1624607378,1.50
7245,88565052664,0.20
7246,2938576274,1.10
7247,199895486317,0.00
7248,88565052664,0.20
7249,1642716151,4.60
7250,1302494368,1.30
7251,199895486317,0.00
7252,199895486317,0.00
7253,199895486317,0.00
7254,3983663920,1.80
7255,158079034572,0.10
7256,158079034572,0.10
7257,199895486317,0.00
7258,199895486317,0.00
7259,199895486317,0.00
7260,199895486317,0.00
7261,59148378,1393.90
7262,37454527,410.40
7263,123759813188,1.00
7264,199895486317,0.00
7265,199895486317,0.00
7266,158079034572,0.10
7267,1953713018,2.20
7268,3128720663,1.70
7269,88565052664,0.20
7270,80602215784,0.60
7271,8061336334,20.20
7272,199895486317,0.00
7273,70470805,469.70
7274,199895486317,0.00
7275,199895486317,0.00
7276,428643992,3.00
7277,3441658049,6.30
7278,199895486317,0.00
7279,13113230369,0.40
7280,199895486317,0.00
7281,2961944228,4.10
7282,13113230369,0.40
7283,26541700713,5.30
7284,311521108281,0.70
7285,1027740761,181.10
7286,7233328772,2.90
7287,2382869404,6.60
7288,90782060403,20.80
7289,80602215784,0.60
7290,76464231360,0.30
7291,80602215784,0.60
7292,14989211090,6.50
7293,1878257932,6.00
7294,3657830571,2.10
7295,199895486317,0.00
7296,199895486317,0.00
7297,199895486317,0.00
7298,30032419273,5.50
7299,199895486317,0.00
7300,199895486317,0.00
7301,199895486317,0.00
7302,80602215784,0.60
7303,3983663920,1.80
7304,199895486317,0.00
7305,199895486317,0.00
7306,1367538191,5.00
7307,76464231360,0.30
7308,199895486317,0.00
7309,199895486317,0.00
7310,199895486317,0.00
7311,199895486317,0.00
7312,3633675400,1.90
7313,199895486317,0.00
7314,85326411380,0.50
7315,80602215784,0.60
7316,726204431,188.30
7317,199895486317,0.00
7318,2105875138,3.30
7319,1162173229,2.00
7320,199895486317,0.00
7321,199895486317,0.00
7322,199895486317,0.00
7323,4867792093,1.40
7324,1162173229,2.00
7325,199895486317,0.00
7326,199895486317,0.00
7327,199895486317,0.00
7328,39382371255,44.50
7329,199895486317,0.00
7330,158079034572,0.10
7331,36540111352,6.70
7332,123759813188,1.00
7333,1792636859,1.60
7334,61707225,809.00
7335,199895486317,0.00
7336,76464231360,0.30
7337,199895486317,0.00
7338,76464231360,0.30
7339,158079034572,0.10
7340,1162173229,2.00
7341,39288764,2549.50
7342,141270830382,0.90
7343,1241601981,4.00
7344,158079034572,0.10
7345,199895486317,0.00
7346,54166519,345.00
7347,1248520015,1.20
7348,199895486317,0.00
7349,76464231360,0.30
7350,199895486317,0.00
7351,199895486317,0.00
7352,80602215784,0.60
7353,8703224374,6.20
7354,199895486317,0.00
7355,80602215784,0.60
7356,45606693,732.20
7357,199895486317,0.00
7358,13113230369,0.40
7359,73985721,252.90
7360,51720825,869.90
7361,80602215784,0.60
7362,199895486317,0.00
7363,88565052664,0.20
7364,199895486317,0.00
7365,199895486317,0.00
7366,123759813188,1.00
7367,48867561,2897.90
7368,1302494368,1.30
7369,199895486317,0.00
7370,199895486317,0.00
7371,199895486317,0.00
7372,311521108281,0.70
7373,75897975128,42.00
7374,45126659,1192.90
7375,4785659569,2.30
7376,7233328772,2.90
7377,199895486317,0.00
7378,88565052664,0.20
7379,71942694965,16.20
7380,199895486317,0.00
7381,311521108281,0.70
7382,39084962,706.30
7383,88565052664,0.20
7384,311521108281,0.70
7385,30778838,1298.10
7386,13113230369,0.40
7387,10615163773,7.00
7388,3657830571,2.10
7389,76464231360,0.30
7390,10358838273,20.00
7391,199895486317,0.00
7392,30056728560,5.20
7393,428643992,3.00
7394,199895486317,0.00
7395,199895486317,0.00
7396,1248520015,1.20
7397,199895486317,0.00
7398,199895486317,0.00
7399,199895486317,0.00
7400,199895486317,0.00
7401,158079034572,0.10
7402,199895486317,0.00
7403,158079034572,0.10
7404,199895486317,0.00
7405,37250737,794.90
7406,72520727661,13.00
7407,199895486317,0.00
7408,3441658049,6.30
7409,13113230369,0.40
7410,199895486317,0.00
7411,33604971,694.10
7412,85326411380,0.50
7413,8661122046,3.70
7414,199895486317,0.00
7415,199895486317,0.00
7416,199895486317,0.00
7417,199895486317,0.00
7418,48756825141,21.40
7419,199895486317,0.00
7420,6517244642,2.70
7421,1792636859,1.60
7422,199895486317,0.00
7423,3657830571,2.10
7424,311521108281,0.70
7425,76464231360,0.30
7426,311521108281,0.70
7427,199895486317,0.00
7428,2959790839,2.60
7429,158079034572,0.10
7430,2390296124,10.00
7431,76464231360,0.30
7432,199895486317,0.00
7433,1953713018,2.20
7434,3128720663,1.70
7435,50039995,5000.00
7436,428643992,3.00
7437,199895486317,0.00
7438,428643992,3.00
7439,88565052664,0.20
7440,85326411380,0.50
7441,76464231360,0.30
7442,199895486317,0.00
7443,123759813188,1.00
7444,76464231360,0.30
7445,72581287,3800.10
7446,73120249,890.60
7447,80602215784,0.60
7448,199895486317,0.00
7449,88565052664,0.20
7450,85326411380,0.50
7451,158079034572,0.10
7452,199895486317,0.00
7453,199895486317,0.00
7454,199895486317,0.00
7455,158079034572,0.10
7456,85326411380,0.50
7457,4785659569,2.30
7458,199895486317,0.00
7459,199895486317,0.00
7460,1624607378,1.50
7461,94529802186,15.50
7462,199895486317,0.00
7463,199895486317,0.00
7464,199895486317,0.00
7465,1248520015,1.20
7466,199895486317,0.00
7467,158079034572,0.10
7468,199895486317,0.00
7469,199895486317,0.00
7470,85326411380,0.50
7471,199895486317,0.00
7472,3518200587,9.00
7473,199895486317,0.00
7474,3657830571,2.10
7475,36485361,1003.60
7476,141270830382,0.90
7477,77107008609,77.60
7478,33176233204,7.80
7479,3657830571,2.10
7480,76464231360,0.30
7481,50039995,5000.00
7482,199895486317,0.00
7483,86511646313,8.60
7484,199895486317,0.00
7485,137442865597,30.40
7486,76464231360,0.30
7487,1248520015,1.20
7488,199895486317,0.00
7489,199895486317,0.00
7490,3657830571,2.10
7491,1162173229,2.00
7492,76464231360,0.30
7493,88565052664,0.20
7494,3657830571,2.10
7495,199895486317,0.00
7496,49691865,1416.90
7497,71693842,336.30
7498,141270830382,0.90
7499,76464231360,0.30
7500,158079034572,0.10
7501,199895486317,0.00
7502,2390296124,10.00
7503,199895486317,0.00
7504,428643992,3.00
7505,158079034572,0.10
7506,1878257932,6.00
7507,1248520015,1.20
7508,311521108281,0.70
7509,199895486317,0.00
7510,428643992,3.00
7511,199895486317,0.00
7512,1878257932,6.00
7513,3128720663,1.70
7514,50039995,5000.00
7515,5564570111,3.20
7516,199895486317,0.00
7517,76464231360,0.30
7518,86719435351,61.80
7519,199895486317,0.00
7520,8703224374,6.20
7521,47572305,1090.20
7522,66802325,848.50
7523,13113230369,0.40
7524,199895486317,0.00
7525,199895486317,0.00
7526,199895486317,0.00
7527,76464231360,0.30
7528,1624607378,1.50
7529,33401163,372.20
7530,199895486317,0.00
7531,6517244642,2.70
7532,1624607378,1.50
7533,199895486317,0.00
7534,199895486317,0.00
7535,199895486317,0.00
7536,199895486317,0.00
7537,199895486317,0.00
7538,88565052664,0.20
7539,199895486317,0.00
7540,76464231360,0.30
7541,76464231360,0.30
7542,123759813188,1.00
7543,199895486317,0.00
7544,123759813188,1.00
7545,88565052664,0.20
7546,199895486317,0.00
7547,123759813188,1.00
7548,378081995037,0.80
7549,199895486317,0.00
7550,199895486317,0.00
7551,76464231360,0.30
7552,199895486317,0.00
7553,2938576274,1.10
7554,199895486317,0.00
7555,199895486317,0.00
7556,199895486317,0.00
7557,199895486317,0.00
7558,199895486317,0.00
7559,199895486317,0.00
7560,199895486317,0.00
7561,3983663920,1.80
7562,199895486317,0.00
7563,1162173229,2.00
7564,76464231360,0.30
7565,1792636859,1.60
7566,199895486317,0.00
7567,199895486317,0.00
7568,80602215784,0.60
7569,88565052664,0.20
7570,199895486317,0.00
7571,199895486317,0.00
7572,141270830382,0.90
7573,199895486317,0.00
7574,199895486317,0.00
7575,88565052664,0.20
7576,5564570111,3.20
7577,199895486317,0.00
7578,199895486317,0.00
7579,88565052664,0.20
7580,1878257932,6.00
7581,428643992,3.00
7582,199895486317,0.00
7583,1162173229,2.00
7584,199895486317,0.00
7585,199895486317,0.00
7586,1878257932,6.00
7587,199895486317,0.00
7588,199895486317,0.00
7589,199895486317,0.00
7590,199895486317,0.00
7591,199895486317,0.00
7592,199895486317,0.00
7593,158079034572,0.10
7594,85326411380,0.50
7595,80602215784,0.60
7596,19090213882,16.00
7597,2959790839,2.60
7598,43976271,650.90
7599,76464231360,0.30
7600,88565052664,0.20
7601,1605674846,6.10
7602,158079034572,0.10
7603,199895486317,0.00
7604,199895486317,0.00
7605,123759813188,1.00
7606,199895486317,0.00
7607,199895486317,0.00
7608,85326411380,0.50
7609,199895486317,0.00
7610,199895486317,0.00
7611,199895486317,0.00
7612,50039995,5000.00
7613,13478926073,10.20
7614,199895486317,0.00
7615,80602215784,0.60
7616,4867792093,1.40
7617,85326411380,0.50
7618,199895486317,0.00
7619,30319237448,9.30
7620,158079034572,0.10
7621,4867792093,1.40
7622,76464231360,0.30
7623,76464231360,0.30
7624,199895486317,0.00
7625,199895486317,0.00
7626,158079034572,0.10
7627,296964578109,16.60
7628,72305043,404.10
7629,123759813188,1.00
7630,199895486317,0.00
7631,428643992,3.00
7632,158079034572,0.10
7633,311521108281,0.70
7634,38051588291,10.20
7635,1248520015,1.20
7636,199895486317,0.00
7637,6479284340,4.30
7638,199895486317,0.00
7639,199895486317,0.00
7640,199895486317,0.00
7641,88565052664,0.20
7642,158079034572,0.10
7643,1642716151,4.60
7644,80602215784,0.60
7645,199895486317,0.00
7646,199895486317,0.00
7647,1162173229,2.00
7648,199895486317,0.00
7649,199895486317,0.00
7650,199895486317,0.00
7651,76464231360,0.30
7652,199895486317,0.00
7653,199895486317,0.00
7654,76464231360,0.30
7655,76464231360,0.30
7656,141270830382,0.90
7657,71286017,600.90
7658,56213597,1524.10
7659,85326411380,0.50
7660,141270830382,0.90
7661,6517244642,2.70
7662,16172736694,129.00
7663,3441658049,6.30
7664,40441526886,39.80
7665,428643992,3.00
7666,199895486317,0.00
7667,38604928,1421.80
7668,199895486317,0.00
7669,199895486317,0.00
7670,199895486317,0.00
7671,199895486317,0.00
7672,199895486317,0.00
7673,199895486317,0.00
7674,199895486317,0.00
7675,428643992,3.00
7676,199895486317,0.00
7677,199895486317,0.00
7678,80602215784,0.60
7679,199895486317,0.00
7680,2938576274,1.10
7681,18587464277,5.10
7682,158079034572,0.10
7683,199895486317,0.00
7684,76464231360,0.30
7685,49682780,466.90
7686,428643992,3.00
7687,428643992,3.00
7688,1878257932,6.00
7689,88565052664,0.20
7690,158079034572,0.10
7691,88565052664,0.20
7692,199895486317,0.00
7693,123759813188,1.00
7694,428643992,3.00
7695,199895486317,0.00
7696,85326411380,0.50
7697,76464231360,0.30
7698,75897975128,42.00
7699,199895486317,0.00
7700,1162173229,2.00
7701,1162173229,2.00
7702,199895486317,0.00
7703,1792636859,1.60
7704,1162173229,2.00
7705,199895486317,0.00
7706,199895486317,0.00
7707,3657830571,2.10
7708,1792636859,1.60
7709,10465690042,3.40
7710,199895486317,0.00
7711,8270100397,3.80
7712,88565052664,0.20
7713,88565052664,0.20
7714,199895486317,0.00
7715,1248520015,1.20
7716,378081995037,0.80
7717,199895486317,0.00
7718,88565052664,0.20
7719,80602215784,0.60
7720,199895486317,0.00
7721,199895486317,0.00
7722,158079034572,0.10
7723,199895486317,0.00
7724,123759813188,1.00
7725,199895486317,0.00
7726,199895486317,0.00
7727,199895486317,0.00
7728,199895486317,0.00
7729,106554820280,23.10
7730,199895486317,0.00
7731,378081995037,0.80
7732,1241601981,4.00
7733,33658733073,8.30
7734,199895486317,0.00
7735,58496206,1028.10
7736,158079034572,0.10
7737,5407105262,3.60
7738,49107971428,20.10
7739,199895486317,0.00
7740,5407105262,3.60
7741,199895486317,0.00
7742,85326411380,0.50
7743,199895486317,0.00
7744,199895486317,0.00
7745,199895486317,0.00
7746,428643992,3.00
7747,141270830382,0.90
7748,199895486317,0.00
7749,199895486317,0.00
7750,199895486317,0.00
7751,11065030075,3.90
7752,58970894918,11.40
7753,37454526,2093.50
7754,199895486317,0.00
7755,199895486317,0.00
7756,80602215784,0.60
7757,199895486317,0.00
7758,1624607378,1.50
7759,60892003,490.60
7760,199895486317,0.00
7761,311521108281,0.70
7762,199895486317,0.00
7763,80602215784,0.60
7764,199895486317,0.00
7765,199895486317,0.00
7766,311521108281,0.70
7767,88565052664,0.20
7768,199895486317,0.00
7769,32246233,1768.80
7770,1241601981,4.00
7771,199895486317,0.00
7772,199895486317,0.00
7773,199895486317,0.00
7774,86980728,236.60
7775,6517244642,2.70
7776,199895486317,0.00
7777,10358838273,20.00
7778,199895486317,0.00
7779,199895486317,0.00
7780,123759813188,1.00
7781,1878257932,6.00
7782,179841308503,8.70
7783,199895486317,0.00
7784,199895486317,0.00
7785,199895486317,0.00
7786,1302494368,1.30
7787,199895486317,0.00
7788,199895486317,0.00
7789,17194741128,20.60
7790,70344317,257.20
7791,2938576274,1.10
7792,1241601981,4.00
7793,199895486317,0.00
7794,199895486317,0.00
7795,428643992,3.00
7796,33896617876,6.90
7797,123759813188,1.00
7798,80602215784,0.60
7799,76464231360,0.30
7800,18239512692,12.00
7801,42549641,458.60
7802,199895486317,0.00
7803,123759813188,1.00
7804,199895486317,0.00
7805,199895486317,0.00
7806,199895486317,0.00
7807,183396709083,9.90
7808,158079034572,0.10
7809,68289777862,34.80
7810,199895486317,0.00
7811,158079034572,0.10
7812,1367538191,5.00
7813,40103986,807.20
7814,85326411380,0.50
7815,63450268,279.30
7816,4140666081,159.60
7817,199895486317,0.00
7818,123759813188,1.00
7819,1367538191,5.00
7820,199895486317,0.00
7821,158079034572,0.10
7822,148301178385,50.00
7823,199895486317,0.00
7824,199895486317,0.00
7825,199895486317,0.00
7826,199895486317,0.00
7827,428643992,3.00
7828,40103980,567.20
7829,1032555894,187.70
7830,199895486317,0.00
7831,88565052664,0.20
7832,199895486317,0.00
7833,199895486317,0.00
7834,199895486317,0.00
7835,19090213882,16.00
7836,199895486317,0.00
7837,12594635182,6.40
7838,199895486317,0.00
7839,199895486317,0.00
7840,199895486317,0.00
7841,76464231360,0.30
7842,199895486317,0.00
7843,158079034572,0.10
7844,199895486317,0.00
7845,55593108,2301.00
7846,2938576274,1.10
7847,199895486317,0.00
7848,88565052664,0.20
7849,3983663920,1.80
7850,51720830,711.00
7851,40511591,591.10
7852,199895486317,0.00
7853,158079034572,0.10
7854,5564570111,3.20
7855,134786904569,32.90
7856,76464231360,0.30
7857,199895486317,0.00
7858,1162173229,2.00
7859,158079034572,0.10
7860,6513552338,4.80
7861,71191139,272.90
7862,80602215784,0.60
7863,88565052664,0.20
7864,13113230369,0.40
7865,5407105262,3.60
7866,199895486317,0.00
7867,199895486317,0.00
7868,199895486317,0.00
7869,85326411380,0.50
7870,428643992,3.00
7871,13113230369,0.40
7872,199895486317,0.00
7873,199895486317,0.00
7874,158079034572,0.10
7875,199895486317,0.00
7876,199895486317,0.00
7877,8270100397,3.80
7878,80602215784,0.60
7879,199895486317,0.00
7880,199895486317,0.00
7881,199895486317,0.00
7882,199895486317,0.00
7883,88565052664,0.20
7884,88565052664,0.20
7885,199895486317,0.00
7886,4867792093,1.40
7887,199895486317,0.00
7888,311521108281,0.70
7889,1302494368,1.30
7890,3657830571,2.10
7891,428643992,3.00
7892,199895486317,0.00
7893,199895486317,0.00
7894,13113230369,0.40
7895,80602215784,0.60
7896,199895486317,0.00
7897,1234856110,174.70
7898,199895486317,0.00
7899,199895486317,0.00
7900,76464231360,0.30
7901,1302494368,1.30
7902,158079034572,0.10
7903,81604997649,55.80
7904,80602215784,0.60
7905,123759813188,1.00
7906,199895486317,0.00
7907,13113230369,0.40
7908,21764422504,113.10
7909,199895486317,0.00
7910,40561435,1084.80
7911,199895486317,0.00
7912,199895486317,0.00
7913,34528835,1037.00
7914,123759813188,1.00
7915,1302494368,1.30
7916,76464231360,0.30
7917,199895486317,0.00
7918,199895486317,0.00
7919,1162173229,2.00
7920,3864660925,143.00
7921,199895486317,0.00
7922,3128720663,1.70
7923,199895486317,0.00
7924,199895486317,0.00
7925,88565052664,0.20
7926,14989211090,6.50
7927,3633675400,1.90
7928,27526553784,28.30
7929,199895486317,0.00
7930,76464231360,0.30
7931,1302494368,1.30
7932,69247987,369.50
7933,199895486317,0.00
7934,199895486317,0.00
7935,1162173229,2.00
7936,52626650,1494.80
7937,199895486317,0.00
7938,199895486317,0.00
7939,23848127251,30.20
7940,80602215784,0.60
7941,199895486317,0.00
7942,4785659569,2.30
7943,80602215784,0.60
7944,76464231360,0.30
7945,199895486317,0.00
7946,199895486317,0.00
7947,199895486317,0.00
7948,18837882024,115.20
7949,199895486317,0.00
7950,80602215784,0.60
7951,199895486317,0.00
7952,88565052664,0.20
7953,63778303,249.70
7954,199895486317,0.00
7955,199895486317,0.00
7956,88565052664,0.20
7957,43163620905,58.70
7958,40919208,658.00
7959,1162173229,2.00
7960,1248520015,1.20
7961,13113230369,0.40
7962,13113230369,0.40
7963,80602215784,0.60
7964,1241601981,4.00
7965,7351572150,4.20
7966,199895486317,0.00
7967,199895486317,0.00
7968,64968090,2025.80
7969,50905610,909.90
7970,80602215784,0.60
7971,1878257932,6.00
7972,199895486317,0.00
7973,199895486317,0.00
7974,199895486317,0.00
7975,14989211090,6.50
7976,199895486317,0.00
7977,91778013220,21.60
7978,69044182,480.00
7979,199895486317,0.00
7980,199895486317,0.00
7981,199895486317,0.00
7982,1302494368,1.30
7983,199895486317,0.00
7984,1248520015,1.20
7985,13113230369,0.40
7986,20660295561,120.20
7987,88565052664,0.20
7988,199895486317,0.00
7989,199895486317,0.00
7990,311521108281,0.70
7991,199895486317,0.00
7992,199895486317,0.00
7993,123759813188,1.00
7994,199895486317,0.00
7995,76464231360,0.30
7996,199895486317,0.00
7997,199895486317,0.00
7998,199895486317,0.00
7999,13113230369,0.40
8000,5084268839,2.40
8001,88565052664,0.20
8002,199895486317,0.00
8003,199895486317,0.00
8004,37250735,573.40
8005,199895486317,0.00
8006,378081995037,0.80
8007,199895486317,0.00
8008,199895486317,0.00
8009,199895486317,0.00
8010,1302494368,1.30
8011,1878257932,6.00
8012,199895486317,0.00
8013,49275170,691.90
8014,378081995037,0.80
8015,123759813188,1.00
8016,123759813188,1.00
8017,199895486317,0.00
8018,141270830382,0.90
8019,123759813188,1.00
8020,54983279,320.40
8021,80602215784,0.60
8022,65171891,439.70
8023,199895486317,0.00
8024,199895486317,0.00
8025,1248520015,1.20
8026,1162173229,2.00
8027,199895486317,0.00
8028,199895486317,0.00
8029,69859385,600.50
8030,13113230369,0.40
8031,199895486317,0.00
8032,3983663920,1.80
8033,13113230369,0.40
8034,123759813188,1.00
8035,47848541,753.00
8036,88565052664,0.20
8037,199895486317,0.00
8038,199895486317,0.00
8039,199895486317,0.00
8040,199895486317,0.00
8041,199895486317,0.00
8042,13113230369,0.40
8043,48976108263,60.00
8044,199895486317,0.00
8045,199895486317,0.00
8046,10651297178,30.00
8047,141270830382,0.90
8048,40787831,3855.40
8049,80602215784,0.60
8050,199895486317,0.00
8051,199895486317,0.00
8052,85326411380,0.50
8053,80602215784,0.60
8054,428643992,3.00
8055,199895486317,0.00
8056,1241601981,4.00
8057,199895486317,0.00
8058,1162173229,2.00
8059,1302494368,1.30
8060,1162173229,2.00
8061,199895486317,0.00
8062,31594055,1094.80
8063,34193673,2813.60
8064,1878257932,6.00
8065,15283230324,11.20
8066,1792636859,1.60
8067,199895486317,0.00
8068,199895486317,0.00
8069,1878257932,6.00
8070,199895486317,0.00
8071,2105875138,3.30
8072,199895486317,0.00
8073,76464231360,0.30
8074,88565052664,0.20
8075,76464231360,0.30
8076,378081995037,0.80
8077,41122999,981.50
8078,14072240212,40.00
8079,199895486317,0.00
8080,199895486317,0.00
8081,59148382,1409.30
8082,158079034572,0.10
8083,158079034572,0.10
8084,199895486317,0.00
8085,4785659569,2.30
8086,199895486317,0.00
8087,199895486317,0.00
8088,199895486317,0.00
8089,85326411380,0.50
8090,199895486317,0.00
8091,1241601981,4.00
8092,199895486317,0.00
8093,199895486317,0.00
8094,1162173229,2.00
8095,199895486317,0.00
8096,3633675400,1.90
8097,76464231360,0.30
8098,199895486317,0.00
8099,174039493664,22.50
8100,76464231360,0.30
8101,199895486317,0.00
8102,13478926073,10.20
8103,123759813188,1.00
8104,141270830382,0.90
8105,123759813188,1.00
8106,199895486317,0.00
8107,199895486317,0.00
8108,123759813188,1.00
8109,17194741128,20.60
8110,80602215784,0.60
8111,44637526,1508.30
8112,158079034572,0.10
8113,1367538191,5.00
8114,199895486317,0.00
8115,199895486317,0.00
8116,3657830571,2.10
8117,1248520015,1.20
8118,80602215784,0.60
8119,199895486317,0.00
8120,199895486317,0.00
8121,60484394,477.90
8122,41122999,945.80
8123,76464231360,0.30
8124,199895486317,0.00
8125,123759813188,1.00
8126,199895486317,0.00
8127,199895486317,0.00
8128,1241601981,4.00
8129,199895486317,0.00
8130,8954155737,3.10
8131,199895486317,0.00
8132,199895486317,0.00
8133,51517024,2224.50
8134,123759813188,1.00
8135,199895486317,0.00
8136,3128720663,1.70
8137,88565052664,0.20
8138,199895486317,0.00
8139,1624607378,1.50
8140,85326411380,0.50
8141,199895486317,0.00
8142,76464231360,0.30
8143,47362720442,18.00
8144,141270830382,0.90
8145,199895486317,0.00
8146,199895486317,0.00
8147,1162173229,2.00
8148,199895486317,0.00
8149,6517244642,2.70
8150,13113230369,0.40
8151,123759813188,1.00
8152,13113230369,0.40
8153,199895486317,0.00
8154,199895486317,0.00
8155,199895486317,0.00
8156,10139629910,4.40
8157,4867792093,1.40
8158,123759813188,1.00
8159,85326411380,0.50
8160,1241601981,4.00
8161,88565052664,0.20
8162,1248520015,1.20
8163,199895486317,0.00
8164,5793831052,2.50
8165,16547450853,7.50
8166,2959790839,2.60
8167,10139629910,4.40
8168,58970894918,11.40
8169,44383878,2213.70
8170,199895486317,0.00
8171,199895486317,0.00
8172,199895486317,0.00
8173,311521108281,0.70
8174,76464231360,0.30
8175,199895486317,0.00
8176,141270830382,0.90
8177,199895486317,0.00
8178,428643992,3.00
8179,1302494368,1.30
8180,1624607378,1.50
8181,199895486317,0.00
8182,30056728560,5.20
8183,88565052664,0.20
8184,88565052664,0.20
8185,199895486317,0.00
8186,65697404865,33.70
8187,199895486317,0.00
8188,199895486317,0.00
8189,48867561,408.60
8190,80602215784,0.60
8191,199895486317,0.00
8192,199895486317,0.00
8193,199895486317,0.00
8194,199895486317,0.00
8195,1248520015,1.20
8196,123759813188,1.00
8197,1302494368,1.30
8198,199895486317,0.00
8199,5407105262,3.60
8200,2105875138,3.30
8201,199895486317,0.00
8202,88565052664,0.20
8203,66094846009,13.30
8204,199895486317,0.00
8205,199895486317,0.00
8206,123759813188,1.00
8207,199895486317,0.00
8208,88565052664,0.20
8209,18587464277,5.10
8210,41781762,292.00
8211,5564570111,3.20
8212,27517974,1020.40
8213,141270830382,0.90
8214,1162173229,2.00
8215,10358838273,20.00
8216,199895486317,0.00
8217,76464231360,0.30
8218,80602215784,0.60
8219,1953713018,2.20
8220,1162173229,2.00
8221,2390296124,10.00
8222,199895486317,0.00
8223,4867792093,1.40
8224,199895486317,0.00
8225,141270830382,0.90
8226,428643992,3.00
8227,199895486317,0.00
8228,80602215784,0.60
8229,88565052664,0.20
8230,199895486317,0.00
8231,13113230369,0.40
8232,199895486317,0.00
8233,199895486317,0.00
8234,311521108281,0.70
8235,2961944228,4.10
8236,123759813188,1.00
8237,123759813188,1.00
8238,199895486317,0.00
8239,13113230369,0.40
8240,199895486317,0.00
8241,80602215784,0.60
8242,18813330,1371.50
8243,199895486317,0.00
8244,199895486317,0.00
8245,199895486317,0.00
8246,199895486317,0.00
8247,199895486317,0.00
8248,199895486317,0.00
8249,4867792093,1.40
8250,1162173229,2.00
8251,1642716151,4.60
8252,4785659569,2.30
8253,42549639,522.10
8254,199895486317,0.00
8255,141270830382,0.90
8256,158079034572,0.10
8257,199895486317,0.00
8258,1248520015,1.20
8259,50039995,5000.00
8260,85326411380,0.50
8261,123759813188,1.00
8262,88565052664,0.20
8263,199895486317,0.00
8264,199895486317,0.00
8265,199895486317,0.00
8266,199895486317,0.00
8267,85326411380,0.50
8268,1241601981,4.00
8269,199895486317,0.00
8270,1162173229,2.00
8271,199895486317,0.00
8272,2959790839,2.60
8273,199895486317,0.00
8274,88565052664,0.20
8275,1241601981,4.00
8276,18239512692,12.00
8277,64862198868,76.40
8278,41326818,757.80
8279,199895486317,0.00
8280,6606732875,139.30
8281,10651297178,30.00
8282,199895486317,0.00
8283,199895486317,0.00
8284,199895486317,0.00
8285,3657830571,2.10
8286,199895486317,0.00
8287,199895486317,0.00
8288,123759813188,1.00
8289,4867792093,1.40
8290,50039995,5000.00
8291,36639314,405.90
8292,88565052664,0.20
8293,199895486317,0.00
8294,13113230369,0.40
8295,123759813188,1.00
8296,76464231360,0.30
8297,199895486317,0.00
8298,37250722,884.20
8299,378081995037,0.80
8300,199895486317,0.00
8301,85326411380,0.50
8302,141270830382,0.90
8303,18555052020,15.00
8304,378081995037,0.80
8305,199895486317,0.00
8306,5407105262,3.60
8307,123759813188,1.00
8308,8954155737,3.10
8309,1162173229,2.00
8310,199895486317,0.00
8311,1624607378,1.50
8312,1248520015,1.20
8313,1792636859,1.60
8314,199895486317,0.00
8315,199895486317,0.00
8316,428643992,3.00
8317,80602215784,0.60
8318,8661122046,3.70
8319,199895486317,0.00
8320,199895486317,0.00
8321,1162173229,2.00
8322,2959790839,2.60
8323,199895486317,0.00
8324,88565052664,0.20
8325,3128720663,1.70
8326,199895486317,0.00
8327,1162173229,2.00
8328,1624607378,1.50
8329,1367538191,5.00
8330,199895486317,0.00
8331,13113230369,0.40
8332,123759813188,1.00
8333,13113230369,0.40
8334,5793831052,2.50
8335,199895486317,0.00
8336,199895486317,0.00
8337,141270830382,0.90
8338,199895486317,0.00
8339,5564570111,3.20
8340,88565052664,0.20
8341,199895486317,0.00
8342,1162173229,2.00
8343,199895486317,0.00
8344,199895486317,0.00
8345,2961944228,4.10
8346,8954155737,3.10
8347,199895486317,0.00
8348,7918931509,5.80
8349,199895486317,0.00
8350,199895486317,0.00
8351,1162173229,2.00
8352,3657830571,2.10
8353,1162173229,2.00
8354,10465690042,3.40
8355,428643992,3.00
8356,54777886,662.30
8357,199895486317,0.00
8358,16751025680,20.40
8359,428643992,3.00
8360,24590659642,10.30
8361,199895486317,0.00
8362,199895486317,0.00
8363,612179193,187.20
8364,199895486317,0.00
8365,80602215784,0.60
8366,60780520890,13.90
8367,21567612419,14.00
8368,199895486317,0.00
8369,1605674846,6.10
8370,6479284340,4.30
8371,3441658049,6.30
8372,46421907,719.10
8373,378081995037,0.80
8374,199895486317,0.00
8375,56815925,832.40
8376,199895486317,0.00
8377,199895486317,0.00
8378,1302494368,1.30
8379,199895486317,0.00
8380,199895486317,0.00
8381,199895486317,0.00
8382,123759813188,1.00
8383,16547450853,7.50
8384,199895486317,0.00
8385,199895486317,0.00
8386,123759813188,1.00
8387,1248520015,1.20
8388,24590659642,10.30
8389,199895486317,0.00
8390,199895486317,0.00
8391,1162173229,2.00
8392,199895486317,0.00
8393,146322493312,15.70
8394,199895486317,0.00
8395,32879919192,10.50
8396,199895486317,0.00
8397,199895486317,0.00
8398,199895486317,0.00
8399,18472578620,5.60
8400,1162173229,2.00
8401,141270830382,0.90
8402,17194741128,20.60
8403,199895486317,0.00
8404,199895486317,0.00
8405,3983663920,1.80
8406,35824095,2236.00
8407,88565052664,0.20
8408,76464231360,0.30
8409,199895486317,0.00
8410,378081995037,0.80
8411,5407105262,3.60
8412,199895486317,0.00
8413,1248520015,1.20
8414,35181006,1068.30
8415,88565052664,0.20
8416,5793831052,2.50
8417,53889294524,6.70
8418,199895486317,0.00
8419,72898022,265.50
8420,76464231360,0.30
8421,34187668137,5.70
8422,158079034572,0.10
8423,80602215784,0.60
8424,85326411380,0.50
8425,199895486317,0.00
8426,3760952528,162.20
8427,199895486317,0.00
8428,76464231360,0.30
8429,428643992,3.00
8430,3633675400,1.90
8431,199895486317,0.00
8432,80602215784,0.60
8433,5793831052,2.50
8434,378081995037,0.80
8435,6479284340,4.30
8436,199895486317,0.00
8437,88565052664,0.20
8438,1162173229,2.00
8439,85326411380,0.50
8440,199895486317,0.00
8441,67617583,347.80
8442,62319054,330.90
8443,199895486317,0.00
8444,85326411380,0.50
8445,199895486317,0.00
8446,199895486317,0.00
8447,199895486317,0.00
8448,1248520015,1.20
8449,199895486317,0.00
8450,199895486317,0.00
8451,42142030,733.50
8452,158079034572,0.10
8453,199895486317,0.00
8454,199895486317,0.00
8455,18472578620,5.60
8456,13113230369,0.40
8457,10465690042,3.40
8458,1624607378,1.50
8459,1624607378,1.50
8460,183899466570,25.10
8461,33658733073,8.30
8462,76464231360,0.30
8463,199895486317,0.00
8464,199895486317,0.00
8465,8061336334,20.20
8466,199895486317,0.00
8467,13113230369,0.40
8468,13113230369,0.40
8469,88565052664,0.20
8470,199895486317,0.00
8471,199895486317,0.00
8472,1162173229,2.00
8473,199895486317,0.00
8474,123759813188,1.00
8475,199895486317,0.00
8476,80602215784,0.60
8477,85326411380,0.50
8478,199895486317,0.00
8479,46322041158,38.90
8480,199895486317,0.00
8481,88565052664,0.20
8482,199895486317,0.00
8483,199895486317,0.00
8484,199895486317,0.00
8485,199895486317,0.00
8486,88565052664,0.20
8487,199895486317,0.00
8488,199895486317,0.00
8489,311521108281,0.70
8490,88565052664,0.20
8491,141270830382,0.90
8492,43161052,534.50
8493,199895486317,0.00
8494,85326411380,0.50
8495,199895486317,0.00
8496,199895486317,0.00
8497,199895486317,0.00
8498,76464231360,0.30
8499,199895486317,0.00
8500,311521108281,0.70
8501,199895486317,0.00
8502,85326411380,0.50
8503,37658336,2637.30
8504,378081995037,0.80
8505,88565052664,0.20
8506,74546888,766.40
8507,428643992,3.00
8508,199895486317,0.00
8509,14072240212,40.00
8510,3201471766,3.50
8511,199895486317,0.00
8512,199895486317,0.00
8513,1162173229,2.00
8514,3128720663,1.70
8515,123759813188,1.00
8516,80602215784,0.60
8517,199895486317,0.00
8518,85326411380,0.50
8519,158079034572,0.10
8520,199895486317,0.00
8521,158079034572,0.10
8522,199895486317,0.00
8523,199895486317,0.00
8524,158079034572,0.10
8525,311521108281,0.70
8526,1162173229,2.00
8527,199895486317,0.00
8528,199895486317,0.00
8529,1162173229,2.00
8530,1162173229,2.00
8531,199895486317,0.00
8532,141270830382,0.90
8533,8661122046,3.70
8534,311521108281,0.70
8535,37658343,684.30
8536,2105875138,3.30
8537,199895486317,0.00
8538,17508987,1264.20
8539,199895486317,0.00
8540,1624607378,1.50
8541,378081995037,0.80
8542,36639310,2937.90
8543,199895486317,0.00
8544,199895486317,0.00
8545,80602215784,0.60
8546,30446008,715.20
8547,141270830382,0.90
8548,199895486317,0.00
8549,199895486317,0.00
8550,199895486317,0.00
8551,1162173229,2.00
8552,2390296124,10.00
8553,199895486317,0.00
8554,13714202084,2.80
8555,199895486317,0.00
8556,85326411380,0.50
8557,18587464277,5.10
8558,199895486317,0.00
8559,159437592817,41.80
8560,1878257932,6.00
8561,199895486317,0.00
8562,80602215784,0.60
8563,13113230369,0.40
8564,199895486317,0.00
8565,199895486317,0.00
8566,1248520015,1.20
8567,199895486317,0.00
8568,3518200587,9.00
8569,15561339091,7.60
8570,199895486317,0.00
8571,76464231360,0.30
8572,85326411380,0.50
8573,158079034572,0.10
8574,80602215784,0.60
8575,44383870,765.40
8576,76464231360,0.30
8577,199895486317,0.00
8578,199895486317,0.00
8579,199895486317,0.00
8580,43772453,4865.40
8581,85326411380,0.50
8582,69859398,2400.00
8583,158079034572,0.10
8584,1162173229,2.00
8585,55865143990,94.00
8586,56865775,1138.10
8587,199895486317,0.00
8588,199895486317,0.00
8589,26017293322,12.80
8590,71693626,2613.30
8591,199895486317,0.00
8592,40398403,1171.40
8593,88565052664,0.20
8594,199895486317,0.00
8595,80602215784,0.60
8596,1162173229,2.00
8597,1624607378,1.50
8598,199895486317,0.00
8599,199895486317,0.00
8600,2382869404,6.60
8601,199895486317,0.00
8602,77502882222,35.00
8603,1162173229,2.00
8604,199895486317,0.00
8605,199895486317,0.00
8606,199895486317,0.00
8607,80602215784,0.60
8608,1302494368,1.30
8609,21015950377,38.10
8610,29800580,1268.40
8611,1162173229,2.00
8612,199895486317,0.00
8613,199895486317,0.00
8614,199895486317,0.00
8615,199895486317,0.00
8616,199895486317,0.00
8617,199895486317,0.00
8618,1624607378,1.50
8619,88565052664,0.20
8620,44963611,1897.40
8621,65783316,651.80
8622,18587464277,5.10
8623,378081995037,0.80
8624,199895486317,0.00
8625,45810505,428.00
8626,76464231360,0.30
8627,199895486317,0.00
8628,123759813188,1.00
8629,8954155737,3.10
8630,158079034572,0.10
8631,199895486317,0.00
8632,16751025680,20.40
8633,34193662,557.10
8634,199895486317,0.00
8635,80602215784,0.60
8636,47083177,1442.90
8637,1367538191,5.00
8638,18472578620,5.60
8639,123759813188,1.00
8640,76464231360,0.30
8641,80602215784,0.60
8642,7233328772,2.90
8643,1248520015,1.20
8644,199895486317,0.00
8645,57427336,408.80
8646,8270100397,3.80
8647,40715401,2327.60
8648,199895486317,0.00
8649,199895486317,0.00
8650,158079034572,0.10
8651,199895486317,0.00
8652,158079034572,0.10
8653,199895486317,0.00
8654,199895486317,0.00
8655,311521108281,0.70
8656,37457354,258.70
8657,199895486317,0.00
8658,6517244642,2.70
8659,76464231360,0.30
8660,123759813188,1.00
8661,199895486317,0.00
8662,1162173229,2.00
8663,1624607378,1.50
8664,2624656968,155.50
8665,5084268839,2.40
8666,199895486317,0.00
8667,8954155737,3.10
8668,199895486317,0.00
8669,51109404,2417.40
8670,13113230369,0.40
8671,88565052664,0.20
8672,199895486317,0.00
8673,12518065774,8.00
8674,63133851,2327.40
8675,199895486317,0.00
8676,123759813188,1.00
8677,41530617,2474.50
8678,199895486317,0.00
8679,199895486317,0.00
8680,69044166,442.20
8681,1241601981,4.00
8682,199895486317,0.00
8683,199895486317,0.00
8684,88565052664,0.20
8685,158079034572,0.10
8686,1878257932,6.00
8687,1162173229,2.00
8688,145999991538,33.50
8689,76464231360,0.30
8690,1642716151,4.60
8691,199895486317,0.00
8692,199895486317,0.00
8693,64560490,562.40
8694,1624607378,1.50
8695,3128720663,1.70
8696,199895486317,0.00
8697,69655592,402.90
8698,85326411380,0.50
8699,2105875138,3.30
8700,106902783102,17.00
8701,199895486317,0.00
8702,88565052664,0.20
8703,3983663920,1.80
8704,199895486317,0.00
8705,123759813188,1.00
8706,199895486317,0.00
8707,199895486317,0.00
8708,18555052020,15.00
8709,41050570,1727.50
8710,80602215784,0.60
8711,199895486317,0.00
8712,38931004,1467.00
8713,199895486317,0.00
8714,311521108281,0.70
8715,199895486317,0.00
8716,3633675400,1.90
8717,1302494368,1.30
8718,88565052664,0.20
8719,199895486317,0.00
8720,80602215784,0.60
8721,199895486317,0.00
8722,3983663920,1.80
8723,199895486317,0.00
8724,199895486317,0.00
8725,158079034572,0.10
8726,199895486317,0.00
8727,3657830571,2.10
8728,199895486317,0.00
8729,1248520015,1.20
8730,872289422,189.80
8731,76464231360,0.30
8732,50039995,5000.00
8733,1792636859,1.60
8734,199895486317,0.00
8735,199895486317,0.00
8736,199895486317,0.00
8737,54583160,1248.40
8738,11065030075,3.90
8739,1162173229,2.00
8740,76464231360,0.30
8741,80602215784,0.60
8742,199895486317,0.00
8743,3633675400,1.90
8744,199895486317,0.00
8745,199895486317,0.00
8746,76464231360,0.30
8747,1302494368,1.30
8748,41213610,1880.80
8749,88565052664,0.20
8750,44284895614,65.80
8751,80602215784,0.60
8752,199895486317,0.00
8753,199895486317,0.00
8754,199895486317,0.00
8755,50833173,1713.70
8756,85326411380,0.50
8757,158079034572,0.10
8758,199895486317,0.00
8759,796303699,191.30
8760,199895486317,0.00
8761,16184641507,11.00
8762,88565052664,0.20
8763,2961944228,4.10
8764,44557841935,10.60
8765,1792636859,1.60
8766,199895486317,0.00
8767,199895486317,0.00
8768,1302494368,1.30
8769,123759813188,1.00
8770,46920131,1736.90
8771,76464231360,0.30
8772,123759813188,1.00
8773,76464231360,0.30
8774,88565052664,0.20
8775,199895486317,0.00
8776,199895486317,0.00
8777,54746205,1827.10
8778,1792636859,1.60
8779,13113230369,0.40
8780,1162173229,2.00
8781,199895486317,0.00
8782,80602215784,0.60
8783,88565052664,0.20
8784,5564570111,3.20
8785,199895486317,0.00
8786,199895486317,0.00
8787,5793831052,2.50
8788,88565052664,0.20
8789,199895486317,0.00
8790,88565052664,0.20
8791,199895486317,0.00
8792,199895486317,0.00
8793,199895486317,0.00
8794,80602215784,0.60
8795,76464231360,0.30
8796,199895486317,0.00
8797,5793831052,2.50
8798,123759813188,1.00
8799,3657830571,2.10
8800,199895486317,0.00
8801,199895486317,0.00
8802,61250745736,33.00
8803,199895486317,0.00
8804,120500167,227.40
8805,428643992,3.00
8806,88565052664,0.20
8807,199895486317,0.00
8808,199895486317,0.00
8809,85326411380,0.50
8810,80602215784,0.60
8811,56423164552,65.10
8812,199895486317,0.00
8813,1302494368,1.30
8814,1878257932,6.00
8815,1241601981,4.00
8816,76464231360,0.30
8817,10139629910,4.40
8818,199895486317,0.00
8819,88565052664,0.20
8820,52739850,2067.80
8821,199895486317,0.00
8822,1241601981,4.00
8823,199895486317,0.00
8824,141270830382,0.90
8825,141270830382,0.90
8826,88565052664,0.20
8827,311521108281,0.70
8828,76464231360,0.30
8829,199895486317,0.00
8830,1367538191,5.00
8831,58853974,4238.40
8832,199895486317,0.00
8833,6513552338,4.80
8834,199895486317,0.00
8835,76464231360,0.30
8836,378081995037,0.80
8837,3657830571,2.10
8838,199895486317,0.00
8839,199895486317,0.00
8840,199895486317,0.00
8841,199895486317,0.00
8842,11832251288,10.10
8843,199895486317,0.00
8844,199895486317,0.00
8845,2390296124,10.00
8846,199895486317,0.00
8847,199895486317,0.00
8848,199895486317,0.00
8849,2105875138,3.30
8850,44284895614,65.80
8851,13113230369,0.40
8852,199895486317,0.00
8853,1162173229,2.00
8854,22812459644,8.50
8855,199895486317,0.00
8856,54909252,1323.40
8857,199895486317,0.00
8858,2390296124,10.00
8859,158079034572,0.10
8860,428643992,3.00
8861,146678580879,17.80
8862,1953713018,2.20
8863,199895486317,0.00
8864,1248520015,1.20
8865,176882572591,9.60
8866,80602215784,0.60
8867,32278857384,113.40
8868,73120250,2848.90
8869,311521108281,0.70
8870,199895486317,0.00
8871,199895486317,0.00
8872,76464231360,0.30
8873,141270830382,0.90
8874,199895486317,0.00
8875,1878257932,6.00
8876,19090213882,16.00
8877,199895486317,0.00
8878,199895486317,0.00
8879,88565052664,0.20
8880,13113230369,0.40
8881,13113230369,0.40
8882,7918931509,5.80
8883,199895486317,0.00
8884,199895486317,0.00
8885,199895486317,0.00
8886,40511600,707.60
8887,199895486317,0.00
8888,27210060,1342.00
8889,64152878,2865.30
8890,80602215784,0.60
8891,80602215784,0.60
8892,1162173229,2.00
8893,199895486317,0.00
8894,88565052664,0.20
8895,80602215784,0.60
8896,141270830382,0.90
8897,199895486317,0.00
8898,1302494368,1.30
8899,2960639496,161.70
8900,3983663920,1.80
8901,199895486317,0.00
8902,80602215784,0.60
8903,158079034572,0.10
8904,72916445,432.10
8905,76464231360,0.30
8906,158079034572,0.10
8907,199895486317,0.00
8908,1878257932,6.00
8909,2938576274,1.10
8910,199895486317,0.00
8911,141270830382,0.90
8912,80602215784,0.60
8913,199895486317,0.00
8914,141270830382,0.90
8915,199895486317,0.00
8916,199895486317,0.00
8917,1162173229,2.00
8918,199895486317,0.00
8919,1878257932,6.00
8920,50791080,278.00
8921,57191855,1379.30
8922,1248520015,1.20
8923,88565052664,0.20
8924,199895486317,0.00
8925,17708248,659.30
8926,199895486317,0.00
8927,13714202084,2.80
8928,199895486317,0.00
8929,13113230369,0.40
8930,199895486317,0.00
8931,199895486317,0.00
8932,199895486317,0.00
8933,13113230369,0.40
8934,199895486317,0.00
8935,199895486317,0.00
8936,199895486317,0.00
8937,378081995037,0.80
8938,199895486317,0.00
8939,199895486317,0.00
8940,1302494368,1.30
8941,199895486317,0.00
8942,21567612419,14.00
8943,77961708,3256.80
8944,199895486317,0.00
8945,13113230369,0.40
8946,76464231360,0.30
8947,199895486317,0.00
8948,50180995,1521.10
8949,1953713018,2.20
8950,158079034572,0.10
8951,76464231360,0.30
8952,199895486317,0.00
8953,76464231360,0.30
8954,68179110,3148.20
8955,1302494368,1.30
8956,76464231360,0.30
8957,3983663920,1.80
8958,199895486317,0.00
8959,141270830382,0.90
8960,76464231360,0.30
8961,199895486317,0.00
8962,3128720663,1.70
8963,1248520015,1.20
8964,199895486317,0.00
8965,199895486317,0.00
8966,76464231360,0.30
8967,80602215784,0.60
8968,199895486317,0.00
8969,199895486317,0.00
8970,123759813188,1.00
8971,199895486317,0.00
8972,123759813188,1.00
8973,14224740196,124.80
8974,199895486317,0.00
8975,43822307,1941.30
8976,58947938321,71.40
8977,1241601981,4.00
8978,64152882,763.40
8979,158079034572,0.10
8980,199895486317,0.00
8981,59057764,2413.80
8982,2959790839,2.60
8983,1162173229,2.00
8984,67413744,951.30
8985,199895486317,0.00
8986,199895486317,0.00
8987,1302494368,1.30
8988,199895486317,0.00
8989,199895486317,0.00
8990,5564570111,3.20
8991,10651297178,30.00
8992,199895486317,0.00
8993,13113230369,0.40
8994,29800588,1405.70
8995,199895486317,0.00
8996,51924627,383.30
8997,88565052664,0.20
8998,199895486317,0.00
8999,47856868576,6.80
9000,4867792093,1.40
9001,8661122046,3.70
9002,199895486317,0.00
9003,199895486317,0.00
9004,199895486317,0.00
9005,88565052664,0.20
9006,428643992,3.00
9007,123759813188,1.00
9008,1642716151,4.60
9009,199895486317,0.00
9010,88565052664,0.20
9011,30778837,1601.60
9012,141270830382,0.90
9013,12518065774,8.00
9014,428643992,3.00
9015,33658733073,8.30
9016,80602215784,0.60
9017,60039265200,62.50
9018,199895486317,0.00
9019,32879919192,10.50
9020,199895486317,0.00
9021,76464231360,0.30
9022,88565052664,0.20
9023,199895486317,0.00
9024,199895486317,0.00
9025,199895486317,0.00
9026,3128720663,1.70
9027,3657830571,2.10
9028,199895486317,0.00
9029,199895486317,0.00
9030,199895486317,0.00
9031,21567612419,14.00
9032,199895486317,0.00
9033,199895486317,0.00
9034,158079034572,0.10
9035,199895486317,0.00
9036,67104882407,92.10
9037,123759813188,1.00
9038,158079034572,0.10
9039,80602215784,0.60
9040,49478984,872.70
9041,199895486317,0.00
9042,199895486317,0.00
9043,199895486317,0.00
9044,76464231360,0.30
9045,76464231360,0.30
9046,199895486317,0.00
9047,158079034572,0.10
9048,5793831052,2.50
9049,3983663920,1.80
9050,199895486317,0.00
9051,16547450853,7.50
9052,199895486317,0.00
9053,199895486317,0.00
9054,1953713018,2.20
9055,199895486317,0.00
9056,88565052664,0.20
9057,199895486317,0.00
9058,199895486317,0.00
9059,1248520015,1.20
9060,199895486317,0.00
9061,76464231360,0.30
9062,428643992,3.00
9063,80602215784,0.60
9064,13113230369,0.40
9065,76464231360,0.30
9066,199895486317,0.00
9067,199895486317,0.00
9068,199895486317,0.00
9069,1792636859,1.60
9070,199895486317,0.00
9071,199895486317,0.00
9072,199895486317,0.00
9073,49682783,2698.60
9074,199895486317,0.00
9075,199895486317,0.00
9076,199895486317,0.00
9077,158079034572,0.10
9078,58970894918,11.40
9079,3518200587,9.00
9080,1162173229,2.00
9081,199895486317,0.00
9082,199895486317,0.00
9083,88565052664,0.20
9084,199895486317,0.00
9085,199895486317,0.00
9086,3983663920,1.80
9087,80602215784,0.60
9088,158079034572,0.10
9089,199895486317,0.00
9090,199895486317,0.00
9091,199895486317,0.00
9092,88565052664,0.20
9093,199895486317,0.00
9094,199895486317,0.00
9095,69247979,494.40
9096,13113230369,0.40
9097,1792636859,1.60
9098,199895486317,0.00
9099,76464231360,0.30
9100,199895486317,0.00
9101,3128720663,1.70
9102,199895486317,0.00
9103,199895486317,0.00
9104,199895486317,0.00
9105,199895486317,0.00
9106,13113230369,0.40
9107,199895486317,0.00
9108,3657830571,2.10
9109,378081995037,0.80
9110,428643992,3.00
9111,76464231360,0.30
9112,73935475,495.50
9113,7918931509,5.80
9114,88565052664,0.20
9115,123759813188,1.00
9116,51974468,1835.30
9117,199895486317,0.00
9118,1162173229,2.00
9119,88565052664,0.20
9120,53441862,1001.20
9121,199895486317,0.00
9122,3657830571,2.10
9123,26541700713,5.30
9124,199895486317,0.00
9125,3128720663,1.70
9126,158079034572,0.10
9127,1241601981,4.00
9128,199895486317,0.00
9129,199895486317,0.00
9130,199895486317,0.00
9131,199895486317,0.00
9132,74564375693,13.70
9133,428643992,3.00
9134,199895486317,0.00
9135,199895486317,0.00
9136,88565052664,0.20
9137,199895486317,0.00
9138,46104920,1067.60
9139,76464231360,0.30
9140,72508838,435.80
9141,199895486317,0.00
9142,44491634138,7.30
9143,76464231360,0.30
9144,13113230369,0.40
9145,76464231360,0.30
9146,13113230369,0.40
9147,199895486317,0.00
9148,199895486317,0.00
9149,24590659642,10.30
9150,199895486317,0.00
9151,32755829240,21.90
9152,199895486317,0.00
9153,1367538191,5.00
9154,88565052664,0.20
9155,199895486317,0.00
9156,1162173229,2.00
9157,199895486317,0.00
9158,199895486317,0.00
9159,27517975,1464.50
9160,2382869404,6.60
9161,22090040,353.60
9162,80602215784,0.60
9163,199895486317,0.00
9164,65375692,2209.80
9165,52739836,581.60
9166,40072313,1186.80
9167,199895486317,0.00
9168,85326411380,0.50
9169,199895486317,0.00
9170,85326411380,0.50
9171,199895486317,0.00
9172,7233328772,2.90
9173,1878257932,6.00
9174,3657830571,2.10
9175,18239512692,12.00
9176,20631119801,4.50
9177,55796908,398.90
9178,7351572150,4.20
9179,1248520015,1.20
9180,88565052664,0.20
9181,199895486317,0.00
9182,76464231360,0.30
9183,199895486317,0.00
9184,199895486317,0.00
9185,199895486317,0.00
9186,199895486317,0.00
9187,989859794,163.70
9188,13113230369,0.40
9189,2938576274,1.10
9190,158079034572,0.10
9191,199895486317,0.00
9192,43720531,274.90
9193,85326411380,0.50
9194,547128854,195.20
9195,199895486317,0.00
9196,76464231360,0.30
9197,199895486317,0.00
9198,199895486317,0.00
9199,78311919693,11.80
9200,80602215784,0.60
9201,32755829240,21.90
9202,1624607378,1.50
9203,123759813188,1.00
9204,47856868576,6.80
9205,199895486317,0.00
9206,199895486317,0.00
9207,199895486317,0.00
9208,1792636859,1.60
9209,80602215784,0.60
9210,199895486317,0.00
9211,10358838273,20.00
9212,199895486317,0.00
9213,428643992,3.00
9214,428643992,3.00
9215,428643992,3.00
9216,199895486317,0.00
9217,1302494368,1.30
9218,158079034572,0.10
9219,88565052664,0.20
9220,1624607378,1.50
9221,199895486317,0.00
9222,199895486317,0.00
9223,199895486317,0.00
9224,199895486317,0.00
9225,199895486317,0.00
9226,199895486317,0.00
9227,199895486317,0.00
9228,40103982,403.30
9229,199895486317,0.00
9230,19528188058,110.30
9231,141270830382,0.90
9232,56815926,601.40
9233,30032419273,5.50
9234,199895486317,0.00
9235,199895486317,0.00
9236,76464231360,0.30
9237,73731665,546.00
9238,76464231360,0.30
9239,123759813188,1.00
9240,2959790839,2.60
9241,50039995,5000.00
9242,199895486317,0.00
9243,34511148072,94.80
9244,80602215784,0.60
9245,199895486317,0.00
9246,199895486317,0.00
9247,1248520015,1.20
9248,50039995,5000.00
9249,10615163773,7.00
9250,378081995037,0.80
9251,80602215784,0.60
9252,1241601981,4.00
9253,18552518830,7.20
9254,199895486317,0.00
9255,13113230369,0.40
9256,13113230369,0.40
9257,2390296124,10.00
9258,199895486317,0.00
9259,76464231360,0.30
9260,199895486317,0.00
9261,311521108281,0.70
9262,88565052664,0.20
9263,76464231360,0.30
9264,199895486317,0.00
9265,199895486317,0.00
9266,199895486317,0.00
9267,199895486317,0.00
9268,88565052664,0.20
9269,85326411380,0.50
9270,199895486317,0.00
9271,199895486317,0.00
9272,1302494368,1.30
9273,85326411380,0.50
9274,1241601981,4.00
9275,88565052664,0.20
9276,2961944228,4.10
9277,199895486317,0.00
9278,76464231360,0.30
9279,199895486317,0.00
9280,76464231360,0.30
9281,199895486317,0.00
9282,199895486317,0.00
9283,1302494368,1.30
9284,199895486317,0.00
9285,199895486317,0.00
9286,199895486317,0.00
9287,1878257932,6.00
9288,199895486317,0.00
9289,88565052664,0.20
9290,3128720663,1.70
9291,80602215784,0.60
9292,199895486317,0.00
9293,199895486317,0.00
9294,67617545,370.00
9295,199895486317,0.00
9296,199895486317,0.00
9297,199895486317,0.00
9298,19090213882,16.00
9299,141270830382,0.90
9300,199895486317,0.00
9301,1878257932,6.00
9302,4867792093,1.40
9303,1162173229,2.00
9304,85326411380,0.50
9305,199895486317,0.00
9306,50039995,5000.00
9307,52332240,441.20
9308,199895486317,0.00
9309,199895486317,0.00
9310,76464231360,0.30
9311,199895486317,0.00
9312,141270830382,0.90
9313,59560650729,8.10
9314,199895486317,0.00
9315,123759813188,1.00
9316,199895486317,0.00
9317,88565052664,0.20
9318,76464231360,0.30
9319,199895486317,0.00
9320,5793831052,2.50
9321,199895486317,0.00
9322,199895486317,0.00
9323,199895486317,0.00
9324,199895486317,0.00
9325,46757092,1816.30
9326,85326411380,0.50
9327,5084268839,2.40
9328,66802322,421.80
9329,199895486317,0.00
9330,199895486317,0.00
9331,13113230369,0.40
9332,199895486317,0.00
9333,80602215784,0.60
9334,1878257932,6.00
9335,199895486317,0.00
9336,1302494368,1.30
9337,88565052664,0.20
9338,76464231360,0.30
9339,199895486317,0.00
9340,199895486317,0.00
9341,141270830382,0.90
9342,7233328772,2.90
9343,199895486317,0.00
9344,123759813188,1.00
9345,2390296124,10.00
9346,199895486317,0.00
9347,80602215784,0.60
9348,199895486317,0.00
9349,199895486317,0.00
9350,199895486317,0.00
9351,199895486317,0.00
9352,199895486317,0.00
9353,3983663920,1.80
9354,199895486317,0.00
9355,2105875138,3.30
9356,199895486317,0.00
9357,12518065774,8.00
9358,141270830382,0.90
9359,1367538191,5.00
9360,25860414,508.60
9361,88565052664,0.20
9362,1302494368,1.30
9363,35620291,968.00
9364,1162173229,2.00
9365,3983663920,1.80
9366,39899918026,11.50
9367,199895486317,0.00
9368,199895486317,0.00
9369,123759813188,1.00
9370,199895486317,0.00
9371,136948077487,12.90
9372,199895486317,0.00
9373,88565052664,0.20
9374,1162173229,2.00
9375,199895486317,0.00
9376,158079034572,0.10
9377,199895486317,0.00
9378,199895486317,0.00
9379,199895486317,0.00
9380,158079034572,0.10
9381,67209935,739.60
9382,199895486317,0.00
9383,63745258,787.60
9384,74564375693,13.70
9385,5084268839,2.40
9386,13113230369,0.40
9387,199895486317,0.00
9388,199895486317,0.00
9389,199895486317,0.00
9390,76464231360,0.30
9391,76464231360,0.30
9392,199895486317,0.00
9393,199895486317,0.00
9394,123759813188,1.00
9395,3128720663,1.70
9396,199895486317,0.00
9397,1241601981,4.00
9398,85326411380,0.50
9399,199895486317,0.00
9400,199895486317,0.00
9401,199895486317,0.00
9402,141270830382,0.90
9403,1162173229,2.00
9404,76464231360,0.30
9405,199895486317,0.00
9406,1624607378,1.50
9407,76464231360,0.30
9408,428643992,3.00
9409,199895486317,0.00
9410,50996207,1147.50
9411,199895486317,0.00
9412,199895486317,0.00
9413,141270830382,0.90
9414,1878257932,6.00
9415,199895486317,0.00
9416,4867792093,1.40
9417,199895486317,0.00
9418,199895486317,0.00
9419,199895486317,0.00
9420,371691490,197.80
9421,88565052664,0.20
9422,199895486317,0.00
9423,46104912,1607.90
9424,199895486317,0.00
9425,199895486317,0.00
9426,28822329,1283.50
9427,199895486317,0.00
9428,199895486317,0.00
9429,199895486317,0.00
9430,48964342069,17.90
9431,199895486317,0.00
9432,66394870,338.20
9433,199895486317,0.00
9434,76464231360,0.30
9435,88565052664,0.20
9436,58170122,1419.50
9437,1248520015,1.20
9438,199895486317,0.00
9439,199895486317,0.00
9440,1248520015,1.20
9441,199895486317,0.00
9442,199895486317,0.00
9443,158079034572,0.10
9444,76464231360,0.30
9445,46267954,1927.50
9446,1241601981,4.00
9447,2938576274,1.10
9448,12424211601,4.90
9449,50039995,5000.00
9450,199895486317,0.00
9451,1624607378,1.50
9452,199895486317,0.00
9453,199895486317,0.00
9454,12424211601,4.90
9455,8954155737,3.10
9456,199895486317,0.00
9457,141270830382,0.90
9458,24590659642,10.30
9459,123759813188,1.00
9460,199895486317,0.00
9461,199895486317,0.00
9462,199895486317,0.00
9463,2390296124,10.00
9464,16184641507,11.00
9465,1241601981,4.00
9466,378081995037,0.80
9467,199895486317,0.00
9468,199895486317,0.00
9469,199895486317,0.00
9470,84328772999,30.30
9471,1162173229,2.00
9472,11065030075,3.90
9473,40904143433,87.60
9474,199895486317,0.00
9475,4785659569,2.30
9476,72092143,3703.00
9477,56612122,876.10
9478,199895486317,0.00
9479,1162173229,2.00
9480,88565052664,0.20
9481,80602215784,0.60
9482,3983663920,1.80
9483,1624607378,1.50
9484,7351572150,4.20
9485,50701807,860.70
9486,199895486317,0.00
9487,1792636859,1.60
9488,199895486317,0.00
9489,199895486317,0.00
9490,3983663920,1.80
9491,199895486317,0.00
9492,199895486317,0.00
9493,5407105262,3.60
9494,76464231360,0.30
9495,85326411380,0.50
9496,58853971,374.40
9497,199895486317,0.00
9498,141270830382,0.90
9499,88565052664,0.20
9500,199895486317,0.00
9501,3633675400,1.90
9502,1248520015,1.20
9503,199895486317,0.00
9504,85326411380,0.50
9505,199895486317,0.00
9506,29148412,1094.70
9507,40511593,2434.80
9508,5564570111,3.20
9509,1302494368,1.30
9510,18552518830,7.20
9511,664772492,189.00
9512,1367538191,5.00
9513,123759813188,1.00
9514,123759813188,1.00
9515,48459956,2458.20
9516,85326411380,0.50
9517,1162173229,2.00
9518,199895486317,0.00
9519,199895486317,0.00
9520,18472578620,5.60
9521,199895486317,0.00
9522,54678761721,10.80
9523,19412317668,12.70
9524,46625711,2111.00
9525,68718454773,38.80
9526,30056728560,5.20
9527,199895486317,0.00
9528,199895486317,0.00
9529,199895486317,0.00
9530,199895486317,0.00
9531,76464231360,0.30
9532,15561339091,7.60
9533,428643992,3.00
9534,85326411380,0.50
9535,199895486317,0.00
9536,199895486317,0.00
9537,141270830382,0.90
9538,199895486317,0.00
9539,141270830382,0.90
9540,199895486317,0.00
9541,88565052664,0.20
9542,85326411380,0.50
9543,199895486317,0.00
9544,199895486317,0.00
9545,50039995,5000.00
9546,50039995,5000.00
9547,199895486317,0.00
9548,1248520015,1.20
9549,13113230369,0.40
9550,1605674846,6.10
9551,2390296124,10.00
9552,199895486317,0.00
9553,199895486317,0.00
9554,158079034572,0.10
9555,199895486317,0.00
9556,80602215784,0.60
9557,199895486317,0.00
9558,1162173229,2.00
9559,5726760729,138.30
9560,17913104138,5.40
9561,1878257932,6.00
9562,85326411380,0.50
9563,1605674846,6.10
9564,428643992,3.00
9565,36137635178,41.00
9566,199895486317,0.00
9567,199895486317,0.00
9568,5407105262,3.60
9569,378081995037,0.80
9570,32496878106,9.10
9571,199895486317,0.00
9572,85046141,220.30
9573,1162173229,2.00
9574,199895486317,0.00
9575,44491634138,7.30
9576,5564570111,3.20
9577,80602215784,0.60
9578,199895486317,0.00
9579,199895486317,0.00
9580,8270100397,3.80
9581,199895486317,0.00
9582,1162173229,2.00
9583,141270830382,0.90
9584,199895486317,0.00
9585,199895486317,0.00
9586,199895486317,0.00
9587,4867792093,1.40
9588,47083168,1330.30
9589,85326411380,0.50
9590,311521108281,0.70
9591,16184641507,11.00
9592,54420121,1714.90
9593,8270100397,3.80
9594,85326411380,0.50
9595,199895486317,0.00
9596,55823151393,8.20
9597,88565052664,0.20
9598,311521108281,0.70
9599,8703224374,6.20
9600,3128720663,1.70
9601,13113230369,0.40
9602,141270830382,0.90
9603,1878257932,6.00
9604,199895486317,0.00
9605,13113230369,0.40
9606,199895486317,0.00
9607,199895486317,0.00
9608,13113230369,0.40
9609,76464231360,0.30
9610,2390296124,10.00
9611,1162173229,2.00
9612,199895486317,0.00
9613,199895486317,0.00
9614,88565052664,0.20
9615,199895486317,0.00
9616,49691868,1209.20
9617,199895486317,0.00
9618,158079034572,0.10
9619,88565052664,0.20
9620,13806922065,7.40
9621,79540428486,11.30
9622,199895486317,0.00
9623,428643992,3.00
9624,428643992,3.00
9625,43568650,655.30
9626,18555052020,15.00
9627,199895486317,0.00
9628,378081995037,0.80
9629,199895486317,0.00
9630,74279373266,12.20
9631,199895486317,0.00
9632,80602215784,0.60
9633,199895486317,0.00
9634,199895486317,0.00
9635,6479284340,4.30
9636,199895486317,0.00
9637,311521108281,0.70
9638,199895486317,0.00
9639,1248520015,1.20
9640,1248520015,1.20
9641,123759813188,1.00
9642,199895486317,0.00
9643,3201471766,3.50
9644,76464231360,0.30
9645,1162173229,2.00
9646,199895486317,0.00
9647,56247754,244.50
9648,2959790839,2.60
9649,39084971,458.50
9650,199895486317,0.00
9651,199895486317,0.00
9652,199895486317,0.00
9653,199895486317,0.00
9654,199895486317,0.00
9655,141270830382,0.90
9656,1605674846,6.10
9657,199895486317,0.00
9658,199895486317,0.00
9659,88565052664,0.20
9660,199895486317,0.00
9661,40398982,286.20
9662,428643992,3.00
9663,123759813188,1.00
9664,199895486317,0.00
9665,14989211090,6.50
9666,199895486317,0.00
9667,158079034572,0.10
9668,13113230369,0.40
9669,1367538191,5.00
9670,80602215784,0.60
9671,1367538191,5.00
9672,199895486317,0.00
9673,199895486317,0.00
9674,158079034572,0.10
9675,199895486317,0.00
9676,76464231360,0.30
9677,1241601981,4.00
9678,199895486317,0.00
9679,199895486317,0.00
9680,88565052664,0.20
9681,199895486317,0.00
9682,80602215784,0.60
9683,63471511,267.40
9684,199895486317,0.00
9685,4785659569,2.30
9686,199895486317,0.00
9687,199895486317,0.00
9688,199895486317,0.00
9689,155545425872,31.40
9690,2390296124,10.00
9691,158079034572,0.10
9692,199895486317,0.00
9693,4867792093,1.40
9694,199895486317,0.00
9695,199895486317,0.00
9696,199895486317,0.00
9697,57019732,2018.60
9698,50039995,5000.00
9699,80602215784,0.60
9700,199895486317,0.00
9701,1953713018,2.20
9702,7233328772,2.90
9703,1241601981,4.00
9704,199895486317,0.00
9705,199895486317,0.00
9706,199895486317,0.00
9707,37952749,1294.40
9708,199895486317,0.00
9709,43042987638,10.70
9710,76464231360,0.30
9711,199895486317,0.00
9712,199895486317,0.00
9713,16184641507,11.00
9714,16184641507,11.00
9715,1248520015,1.20
9716,2390296124,10.00
9717,10615163773,7.00
9718,57354904,1292.70
9719,428643992,3.00
9720,85326411380,0.50
9721,158079034572,0.10
9722,13113230369,0.40
9723,199895486317,0.00
9724,199895486317,0.00
9725,54583165,1255.60
9726,70624755,3350.30
9727,34528843,1120.30
9728,199895486317,0.00
9729,199895486317,0.00
9730,199895486317,0.00
9731,85326411380,0.50
9732,10465690042,3.40
9733,199895486317,0.00
9734,199895486317,0.00
9735,199895486317,0.00
9736,80602215784,0.60
9737,199895486317,0.00
9738,40887522,1211.90
9739,199895486317,0.00
9740,141270830382,0.90
9741,76464231360,0.30
9742,199895486317,0.00
9743,199895486317,0.00
9744,199895486317,0.00
9745,199895486317,0.00
9746,199895486317,0.00
9747,199895486317,0.00
9748,199895486317,0.00
9749,199895486317,0.00
9750,76643430676,16.90
9751,56612118,2874.20
9752,22090040,353.60
9753,199895486317,0.00
9754,18689442316,123.50
9755,7351572150,4.20
9756,158079034572,0.10
9757,1248520015,1.20
9758,69655591,802.50
9759,199895486317,0.00
9760,199895486317,0.00
9761,88565052664,0.20
9762,199895486317,0.00
9763,141270830382,0.90
9764,42957252,2308.90
9765,85326411380,0.50
9766,76464231360,0.30
9767,80602215784,0.60
9768,2105875138,3.30
9769,35416488,608.00
9770,50039995,5000.00
9771,80602215784,0.60
9772,1162173229,2.00
9773,1624607378,1.50
9774,10358838273,20.00
9775,199895486317,0.00
9776,199895486317,0.00
9777,199895486317,0.00
9778,1302494368,1.30
9779,199895486317,0.00
9780,66802326,2533.30
9781,378081995037,0.80
9782,1241601981,4.00
9783,123759813188,1.00
9784,33401163,372.20
9785,32879919192,10.50
9786,13113230369,0.40
9787,2959790839,2.60
9788,1792636859,1.60
9789,199895486317,0.00
9790,199895486317,0.00
9791,199895486317,0.00
9792,16547450853,7.50
9793,199895486317,0.00
9794,378081995037,0.80
9795,58381989363,85.00
9796,199895486317,0.00
9797,14989211090,6.50
9798,123759813188,1.00
9799,13113230369,0.40
9800,199895486317,0.00
9801,88565052664,0.20
9802,2938576274,1.10
9803,199895486317,0.00
9804,11832251288,10.10
9805,3518200587,9.00
9806,199895486317,0.00
9807,199895486317,0.00
9808,199895486317,0.00
9809,76464231360,0.30
9810,59057768,449.50
9811,3657830571,2.10
9812,199895486317,0.00
9813,141270830382,0.90
9814,48613921,3801.90
9815,1162173229,2.00
9816,199895486317,0.00
9817,199895486317,0.00
9818,80602215784,0.60
9819,30032419273,5.50
9820,88565052664,0.20
9821,76464231360,0.30
9822,76464231360,0.30
9823,88565052664,0.20
9824,141270830382,0.90
9825,41050574,1569.50
9826,199895486317,0.00
9827,1162173229,2.00
9828,141270830382,0.90
9829,199895486317,0.00
9830,199895486317,0.00
9831,13113230369,0.40
9832,26541700713,5.30
9833,199895486317,0.00
9834,199895486317,0.00
9835,52943863,334.40
9836,199895486317,0.00
9837,199895486317,0.00
9838,76464231360,0.30
9839,85326411380,0.50
9840,6479284340,4.30
9841,199895486317,0.00
9842,199895486317,0.00
9843,76464231360,0.30
9844,199895486317,0.00
9845,76464231360,0.30
9846,69401934,3451.00
9847,76464231360,0.30
9848,158079034572,0.10
9849,428643992,3.00
9850,199895486317,0.00
9851,76464231360,0.30
9852,5793831052,2.50
9853,199895486317,0.00
9854,199895486317,0.00
9855,199895486317,0.00
9856,199895486317,0.00
9857,199895486317,0.00
9858,199895486317,0.00
9859,2390296124,10.00
9860,76464231360,0.30
9861,28007113,1653.10
9862,35416492,688.60
9863,199895486317,0.00
9864,80602215784,0.60
9865,199895486317,0.00
9866,199895486317,0.00
9867,199895486317,0.00
9868,60990645764,77.90
9869,56208720,313.40
9870,199895486317,0.00
9871,158079034572,0.10
9872,199895486317,0.00
9873,12518065774,8.00
9874,199895486317,0.00
9875,4785659569,2.30
9876,199895486317,0.00
9877,199895486317,0.00
9878,73731663,531.90
9879,199895486317,0.00
9880,4785659569,2.30
9881,80602215784,0.60
9882,80602215784,0.60
9883,30778847,1433.50
9884,199895486317,0.00
9885,199895486317,0.00
9886,199895486317,0.00
9887,199895486317,0.00
9888,141270830382,0.90
9889,1624607378,1.50
9890,199895486317,0.00
9891,8661122046,3.70
9892,199895486317,0.00
9893,199895486317,0.00
9894,199895486317,0.00
9895,541698407,190.50
9896,199895486317,0.00
9897,199895486317,0.00
9898,85326411380,0.50
9899,85326411380,0.50
9900,1248520015,1.20
9901,199895486317,0.00
9902,2105875138,3.30
9903,199895486317,0.00
9904,3983663920,1.80
9905,123759813188,1.00
9906,76464231360,0.30
9907,199895486317,0.00
9908,39123174381,21.00
9909,158079034572,0.10
9910,1248520015,1.20
9911,199895486317,0.00
9912,199895486317,0.00
9913,1162173229,2.00
9914,199895486317,0.00
9915,158079034572,0.10
9916,88565052664,0.20
9917,32755829240,21.90
9918,199895486317,0.00
9919,51159263,1039.50
9920,199895486317,0.00
9921,199895486317,0.00
9922,199895486317,0.00
9923,199895486317,0.00
9924,378081995037,0.80
9925,199895486317,0.00
9926,22585097020,6.90
9927,199895486317,0.00
9928,199895486317,0.00
9929,199895486317,0.00
9930,199895486317,0.00
9931,199895486317,0.00
9932,123759813188,1.00
9933,1878257932,6.00
9934,80602215784,0.60
9935,1248520015,1.20
9936,199895486317,0.00
9937,158079034572,0.10
9938,199895486317,0.00
9939,76464231360,0.30
9940,1162173229,2.00
9941,158079034572,0.10
9942,199895486317,0.00
9943,428643992,3.00
9944,428643992,3.00
9945,311521108281,0.70
9946,199895486317,0.00
9947,199895486317,0.00
9948,5793831052,2.50
9949,199895486317,0.00
9950,199895486317,0.00
9951,428643992,3.00
9952,5084268839,2.40
9953,123759813188,1.00
9954,199895486317,0.00
9955,199895486317,0.00
9956,77949471144,61.10
9957,158079034572,0.10
9958,199895486317,0.00
9959,199895486317,0.00
9960,199895486317,0.00
9961,158079034572,0.10
9962,199895486317,0.00
9963,199895486317,0.00
9964,12518065774,8.00
9965,199895486317,0.00
9966,378081995037,0.80
9967,311521108281,0.70
9968,79801470705,84.30
9969,13113230369,0.40
9970,199895486317,0.00
9971,66394712,477.60
9972,123759813188,1.00
9973,199895486317,0.00
9974,199895486317,0.00
9975,1624607378,1.50
9976,1162173229,2.00
9977,12518065774,8.00
9978,13113230369,0.40
9979,199895486317,0.00
9980,76464231360,0.30
9981,1624607378,1.50
9982,1792636859,1.60
9983,199895486317,0.00
9984,1302494368,1.30
9985,13714202084,2.80
9986,2390296124,10.00
9987,199895486317,0.00
9988,199895486317,0.00
9989,1241601981,4.00
9990,199895486317,0.00
9991,123759813188,1.00
9992,158079034572,0.10
9993,199895486317,0.00
9994,199895486317,0.00
9995,199895486317,0.00
9996,199895486317,0.00
9997,199895486317,0.00
9998,123759813188,1.00
9999,199895486317,0.00
