Name,Pig3
Score,0.36926
LockedUpRTP,
Rtp,0.9699999993880698
Win Ranges
0,0.1,1 in 1.410
0.1,1,1 in 4.269
1,2,1 in 44.037
2,3,1 in 756.059
3,5,1 in 385.211
5,10,1 in 160.416
10,20,1 in 92.432
20,50,1 in 114.190
50,100,1 in 294.411
100,200,1 in 1699.065
200,500,1 in 90664.729
500,1000,1 in 86324.766
1000,2000,1 in 109017.813
2000,3000,1 in 221159.338
3000,5001,1 in 177911.865
Distribution
0,199895486317,0.00
1,80867705532,0.60
2,50039995,5000.00
3,2357163612,2.40
4,6812745793,3.90
5,115941980080,0.90
6,2357163612,2.40
7,95817248569,1.00
8,199895486317,0.00
9,79242038787,0.20
10,80867705532,0.60
11,3027022267,3.20
12,199895486317,0.00
13,79242038787,0.20
14,199895486317,0.00
15,83009351986,0.40
16,199895486317,0.00
17,199895486317,0.00
18,80867705532,0.60
19,1835630896,4.00
20,79242038787,0.20
21,199895486317,0.00
22,80867705532,0.60
23,199895486317,0.00
24,2888271166,1.30
25,95817248569,1.00
26,15753192532,6.30
27,95817248569,1.00
28,199895486317,0.00
29,199895486317,0.00
30,1266967761,1.20
31,199895486317,0.00
32,76415541574,0.30
33,666957213,3.00
34,1760907135,1.50
35,83009351986,0.40
36,199895486317,0.00
37,57537410858,8.20
38,50704755,2302.30
39,199895486317,0.00
40,199895486317,0.00
41,199895486317,0.00
42,79242038787,0.20
43,199895486317,0.00
44,84054526025,22.30
45,76415541574,0.30
46,150927154987,0.50
47,816141973,2.00
48,95817248569,1.00
49,115941980080,0.90
50,76415541574,0.30
51,199895486317,0.00
52,199895486317,0.00
53,76415541574,0.30
54,33124494,372.50
55,199895486317,0.00
56,1760907135,1.50
57,199895486317,0.00
58,5587592148,130.40
59,79242038787,0.20
60,11033769612,4.60
61,199895486317,0.00
62,199895486317,0.00
63,6791588116,1.90
64,199895486317,0.00
65,115941980080,0.90
66,199895486317,0.00
67,14924553303,14.00
68,8032563320,3.70
69,329655230459,0.80
70,199895486317,0.00
71,2066832293,151.50
72,9656137820,7.00
73,199895486317,0.00
74,139650466286,0.10
75,199895486317,0.00
76,76415541574,0.30
77,45721749373,18.00
78,199895486317,0.00
79,199895486317,0.00
80,199895486317,0.00
81,39382134,3773.50
82,79242038787,0.20
83,87316647,3631.80
84,199895486317,0.00
85,84687896,4166.20
86,82609965,551.90
87,4338421793,1.10
88,4458791510,2.30
89,80867705532,0.60
90,199895486317,0.00
91,69186803,2569.00
92,115941980080,0.90
93,199895486317,0.00
94,199895486317,0.00
95,254249750356,0.70
96,666957213,3.00
97,199895486317,0.00
98,76415541574,0.30
99,79242038787,0.20
100,115941980080,0.90
101,83009351986,0.40
102,329655230459,0.80
103,95692231592,26.50
104,1266967761,1.20
105,82609319,513.10
106,80867705532,0.60
107,2087033181,6.00
108,2087033181,6.00
109,1266967761,1.20
110,76415541574,0.30
111,199895486317,0.00
112,816141973,2.00
113,199895486317,0.00
114,199895486317,0.00
115,1266967761,1.20
116,199895486317,0.00
117,199895486317,0.00
118,199895486317,0.00
119,80867705532,0.60
120,199895486317,0.00
121,199895486317,0.00
122,199895486317,0.00
123,199895486317,0.00
124,8723620116,4.40
125,76415541574,0.30
126,816141973,2.00
127,199895486317,0.00
128,76415541574,0.30
129,45943003,407.70
130,60469667863,12.80
131,1760907135,1.50
132,76415541574,0.30
133,24143226597,116.90
134,199895486317,0.00
135,199895486317,0.00
136,199895486317,0.00
137,1266967761,1.20
138,199895486317,0.00
139,72171958,891.50
140,11086885654,123.60
141,83009351986,0.40
142,199895486317,0.00
143,3027022267,3.20
144,47957564,1588.30
145,79242038787,0.20
146,33418627,844.70
147,4758913635,1.40
148,79242038787,0.20
149,254249750356,0.70
150,816141973,2.00
151,60130004,3182.90
152,199895486317,0.00
153,199895486317,0.00
154,816141973,2.00
155,79242038787,0.20
156,139650466286,0.10
157,199895486317,0.00
158,95817248569,1.00
159,199895486317,0.00
160,5934707987,2.60
161,199895486317,0.00
162,37725843,898.70
163,81713448,872.00
164,79242038787,0.20
165,76415541574,0.30
166,76415541574,0.30
167,199895486317,0.00
168,199895486317,0.00
169,199895486317,0.00
170,1835630896,4.00
171,1835630896,4.00
172,199895486317,0.00
173,95817248569,1.00
174,64136232544,30.80
175,6234820802,3.10
176,199895486317,0.00
177,199895486317,0.00
178,199895486317,0.00
179,329655230459,0.80
180,150927154987,0.50
181,199895486317,0.00
182,199895486317,0.00
183,76415541574,0.30
184,199895486317,0.00
185,199895486317,0.00
186,23990017937,6.90
187,199895486317,0.00
188,199895486317,0.00
189,199895486317,0.00
190,199895486317,0.00
191,199895486317,0.00
192,199895486317,0.00
193,199895486317,0.00
194,95817248569,1.00
195,76415541574,0.30
196,199895486317,0.00
197,199895486317,0.00
198,199895486317,0.00
199,199895486317,0.00
200,199895486317,0.00
201,199895486317,0.00
202,199895486317,0.00
203,199895486317,0.00
204,199895486317,0.00
205,4712817484,2.90
206,199895486317,0.00
207,88807598785,72.60
208,4502398814,9.00
209,106149208545,9.70
210,79242038787,0.20
211,199895486317,0.00
212,199895486317,0.00
213,1835630896,4.00
214,139650466286,0.10
215,199895486317,0.00
216,20758625589,4.50
217,139650466286,0.10
218,329655230459,0.80
219,64719426,605.00
220,76415541574,0.30
221,79242038787,0.20
222,199895486317,0.00
223,3533205242,5.00
224,57262687,4069.40
225,82308603,3727.40
226,76415541574,0.30
227,73665738,418.30
228,199895486317,0.00
229,329655230459,0.80
230,199895486317,0.00
231,40899606403,8.40
232,199895486317,0.00
233,199895486317,0.00
234,199895486317,0.00
235,115941980080,0.90
236,83009351986,0.40
237,199895486317,0.00
238,199895486317,0.00
239,45041019,2420.50
240,199895486317,0.00
241,199895486317,0.00
242,79242038787,0.20
243,199895486317,0.00
244,139650466286,0.10
245,199895486317,0.00
246,199895486317,0.00
247,254249750356,0.70
248,816141973,2.00
249,199895486317,0.00
250,47730916,397.20
251,199895486317,0.00
252,22531024007,10.10
253,199895486317,0.00
254,254249750356,0.70
255,1266967761,1.20
256,83009351986,0.40
257,80818337,553.00
258,199895486317,0.00
259,2812738244,1.60
260,76415541574,0.30
261,65020285,753.80
262,199895486317,0.00
263,4458791510,2.30
264,55006340549,39.10
265,2087033181,6.00
266,199895486317,0.00
267,199895486317,0.00
268,11668864656,11.00
269,199895486317,0.00
270,2087033181,6.00
271,79242038787,0.20
272,139650466286,0.10
273,79242038787,0.20
274,199895486317,0.00
275,199895486317,0.00
276,199895486317,0.00
277,6626433049,3.60
278,199895486317,0.00
279,66584448260,23.70
280,199895486317,0.00
281,50039995,5000.00
282,38189744,819.70
283,76415541574,0.30
284,71339106223,52.50
285,95817248569,1.00
286,199895486317,0.00
287,88273940,641.70
288,816141973,2.00
289,79242038787,0.20
290,3533205242,5.00
291,199895486317,0.00
292,83009351986,0.40
293,199895486317,0.00
294,199895486317,0.00
295,666957213,3.00
296,86043626,273.00
297,95817248569,1.00
298,139650466286,0.10
299,2888271166,1.30
300,55780755,664.00
301,199895486317,0.00
302,199895486317,0.00
303,666957213,3.00
304,199895486317,0.00
305,199895486317,0.00
306,41302181,677.60
307,1266967761,1.20
308,79623061,721.90
309,199895486317,0.00
310,199895486317,0.00
311,1266967761,1.20
312,25960560070,4.90
313,199895486317,0.00
314,80867705532,0.60
315,199895486317,0.00
316,21307593883,4.80
317,329655230459,0.80
318,199895486317,0.00
319,80867705532,0.60
320,199895486317,0.00
321,95817248569,1.00
322,47481729,1303.80
323,199895486317,0.00
324,11668864656,11.00
325,80867705532,0.60
326,13273327849,60.00
327,79242038787,0.20
328,199895486317,0.00
329,199895486317,0.00
330,199895486317,0.00
331,80867705532,0.60
332,199895486317,0.00
333,199895486317,0.00
334,199895486317,0.00
335,80867705532,0.60
336,32456699,1441.10
337,150927154987,0.50
338,150927154987,0.50
339,816141973,2.00
340,199895486317,0.00
341,50039995,5000.00
342,83009351986,0.40
343,4502398814,9.00
344,90649918,4158.50
345,1266967761,1.20
346,3027022267,3.20
347,199895486317,0.00
348,79242038787,0.20
349,30547463831,20.50
350,199895486317,0.00
351,150927154987,0.50
352,199895486317,0.00
353,4458791510,2.30
354,6434388198,2.20
355,64728741236,35.30
356,199895486317,0.00
357,199895486317,0.00
358,199895486317,0.00
359,2357163612,2.40
360,199895486317,0.00
361,199895486317,0.00
362,199895486317,0.00
363,76415541574,0.30
364,139650466286,0.10
365,199895486317,0.00
366,150927154987,0.50
367,199895486317,0.00
368,199895486317,0.00
369,95817248569,1.00
370,1266967761,1.20
371,76415541574,0.30
372,199895486317,0.00
373,4758913635,1.40
374,54977987,231.50
375,199895486317,0.00
376,199895486317,0.00
377,70136561,1473.20
378,1760907135,1.50
379,199895486317,0.00
380,199895486317,0.00
381,199895486317,0.00
382,1266967761,1.20
383,199895486317,0.00
384,4712817484,2.90
385,12385089536,30.00
386,49228040,355.70
387,76415541574,0.30
388,3659949032,1.80
389,145149175212,13.90
390,199895486317,0.00
391,816141973,2.00
392,36995473,360.10
393,816141973,2.00
394,3787767099,10.00
395,80867705532,0.60
396,768007229,169.30
397,199895486317,0.00
398,199895486317,0.00
399,32456490,1275.30
400,199895486317,0.00
401,83009351986,0.40
402,83009351986,0.40
403,79242038787,0.20
404,41038051148,98.40
405,199895486317,0.00
406,115941980080,0.90
407,199895486317,0.00
408,199895486317,0.00
409,115941980080,0.90
410,79242038787,0.20
411,666957213,3.00
412,95218427,247.00
413,80867705532,0.60
414,199895486317,0.00
415,41769574,597.90
416,199895486317,0.00
417,30910514772,46.30
418,3787767099,10.00
419,666957213,3.00
420,76415541574,0.30
421,199895486317,0.00
422,199895486317,0.00
423,199895486317,0.00
424,199895486317,0.00
425,199895486317,0.00
426,14924553303,14.00
427,816141973,2.00
428,1266967761,1.20
429,80867705532,0.60
430,1760907135,1.50
431,2812738244,1.60
432,95817248569,1.00
433,199895486317,0.00
434,199895486317,0.00
435,666957213,3.00
436,3659949032,1.80
437,76415541574,0.30
438,4338421793,1.10
439,80867705532,0.60
440,76415541574,0.30
441,199895486317,0.00
442,139650466286,0.10
443,617192794,163.70
444,199895486317,0.00
445,199895486317,0.00
446,199895486317,0.00
447,199895486317,0.00
448,9656137820,7.00
449,199895486317,0.00
450,199895486317,0.00
451,199895486317,0.00
452,95817248569,1.00
453,61449965,403.90
454,199895486317,0.00
455,2888271166,1.30
456,40802672,1899.00
457,80867705532,0.60
458,56716957,213.00
459,2888271166,1.30
460,199895486317,0.00
461,26872414750,43.00
462,199895486317,0.00
463,816141973,2.00
464,199895486317,0.00
465,199895486317,0.00
466,199895486317,0.00
467,14449148391,5.10
468,59406968,1082.00
469,150927154987,0.50
470,199895486317,0.00
471,666957213,3.00
472,199895486317,0.00
473,199895486317,0.00
474,199895486317,0.00
475,72467536,938.80
476,150927154987,0.50
477,199895486317,0.00
478,8071803462,40.00
479,199895486317,0.00
480,65615771,450.60
481,199895486317,0.00
482,150927154987,0.50
483,199895486317,0.00
484,102453893228,72.00
485,4712817484,2.90
486,199895486317,0.00
487,22422330295,7.40
488,199895486317,0.00
489,199895486317,0.00
490,199895486317,0.00
491,199895486317,0.00
492,199895486317,0.00
493,199895486317,0.00
494,76415541574,0.30
495,199895486317,0.00
496,56910482,3659.80
497,199895486317,0.00
498,73063356,998.80
499,199895486317,0.00
500,6284869566,3.40
501,95817248569,1.00
502,150927154987,0.50
503,2357163612,2.40
504,199895486317,0.00
505,199895486317,0.00
506,254249750356,0.70
507,199895486317,0.00
508,139650466286,0.10
509,199895486317,0.00
510,26018184,1368.30
511,1760907135,1.50
512,86714081,241.50
513,12523004921,10.20
514,199895486317,0.00
515,78679459334,23.90
516,199895486317,0.00
517,5042884793,2.50
518,1760907135,1.50
519,199895486317,0.00
520,95817248569,1.00
521,150927154987,0.50
522,39381534,334.50
523,95817248569,1.00
524,6434388198,2.20
525,199895486317,0.00
526,199895486317,0.00
527,199895486317,0.00
528,666957213,3.00
529,199895486317,0.00
530,4057093647,1.70
531,80867705532,0.60
532,76415541574,0.30
533,69469704800,4.70
534,1835630896,4.00
535,199895486317,0.00
536,79242038787,0.20
537,199895486317,0.00
538,254249750356,0.70
539,199895486317,0.00
540,199895486317,0.00
541,76415541574,0.30
542,199895486317,0.00
543,816141973,2.00
544,199895486317,0.00
545,1928608571,143.70
546,139650466286,0.10
547,199895486317,0.00
548,199895486317,0.00
549,199895486317,0.00
550,199895486317,0.00
551,139650466286,0.10
552,76415541574,0.30
553,80867705532,0.60
554,666957213,3.00
555,1835630896,4.00
556,76415541574,0.30
557,4152329205,2.10
558,1760907135,1.50
559,24013360,427.10
560,80867705532,0.60
561,2357163612,2.40
562,23368946070,8.30
563,3659949032,1.80
564,199895486317,0.00
565,3787767099,10.00
566,79242038787,0.20
567,76643354,649.90
568,66505375044,21.40
569,199895486317,0.00
570,3027022267,3.20
571,199895486317,0.00
572,199895486317,0.00
573,6434388198,2.20
574,83009351986,0.40
575,76415541574,0.30
576,199895486317,0.00
577,199895486317,0.00
578,199895486317,0.00
579,22422330295,7.40
580,199895486317,0.00
581,199895486317,0.00
582,199895486317,0.00
583,83009351986,0.40
584,57537410858,8.20
585,199895486317,0.00
586,76415541574,0.30
587,666957213,3.00
588,67461356604,58.50
589,3083830305,4.20
590,80867705532,0.60
591,79242038787,0.20
592,199895486317,0.00
593,7119552768,4.30
594,76415541574,0.30
595,76415541574,0.30
596,79242038787,0.20
597,199895486317,0.00
598,199895486317,0.00
599,139650466286,0.10
600,3083830305,4.20
601,150927154987,0.50
602,76415541574,0.30
603,79242038787,0.20
604,199895486317,0.00
605,199895486317,0.00
606,199895486317,0.00
607,58652848172,21.60
608,95817248569,1.00
609,76415541574,0.30
610,79242038787,0.20
611,254249750356,0.70
612,199895486317,0.00
613,199895486317,0.00
614,95817248569,1.00
615,79242038787,0.20
616,199895486317,0.00
617,4712817484,2.90
618,199895486317,0.00
619,83009351986,0.40
620,329655230459,0.80
621,12320299609,3.50
622,199895486317,0.00
623,76415541574,0.30
624,6234820802,3.10
625,199895486317,0.00
626,64780298,3950.50
627,11469280996,6.50
628,1760907135,1.50
629,199895486317,0.00
630,199895486317,0.00
631,199895486317,0.00
632,62504837,1396.50
633,59711376657,60.10
634,199895486317,0.00
635,199895486317,0.00
636,83009351986,0.40
637,254249750356,0.70
638,199895486317,0.00
639,199895486317,0.00
640,199895486317,0.00
641,199895486317,0.00
642,199895486317,0.00
643,80867705532,0.60
644,3659949032,1.80
645,666957213,3.00
646,199895486317,0.00
647,76415541574,0.30
648,199895486317,0.00
649,3787767099,10.00
650,199895486317,0.00
651,199895486317,0.00
652,4712817484,2.90
653,199895486317,0.00
654,666957213,3.00
655,74717437904,34.70
656,139650466286,0.10
657,199895486317,0.00
658,199895486317,0.00
659,199895486317,0.00
660,79242038787,0.20
661,199895486317,0.00
662,199895486317,0.00
663,199895486317,0.00
664,79242038787,0.20
665,199895486317,0.00
666,199895486317,0.00
667,150927154987,0.50
668,199895486317,0.00
669,76415541574,0.30
670,199895486317,0.00
671,199895486317,0.00
672,199895486317,0.00
673,199895486317,0.00
674,199895486317,0.00
675,199895486317,0.00
676,4502398814,9.00
677,80867705532,0.60
678,2357163612,2.40
679,666957213,3.00
680,80867705532,0.60
681,7406895493,8.00
682,199895486317,0.00
683,11033769612,4.60
684,88572719,366.70
685,1266967761,1.20
686,80822564,464.90
687,199895486317,0.00
688,6284869566,3.40
689,1835630896,4.00
690,199895486317,0.00
691,44341088330,47.20
692,4152329205,2.10
693,79242038787,0.20
694,199895486317,0.00
695,83009351986,0.40
696,329655230459,0.80
697,199895486317,0.00
698,666957213,3.00
699,150927154987,0.50
700,6812745793,3.90
701,115941980080,0.90
702,139650466286,0.10
703,2812738244,1.60
704,139650466286,0.10
705,199895486317,0.00
706,199895486317,0.00
707,199895486317,0.00
708,199895486317,0.00
709,199895486317,0.00
710,199895486317,0.00
711,91054431,275.00
712,11033769612,4.60
713,35062773726,23.00
714,199895486317,0.00
715,199895486317,0.00
716,199895486317,0.00
717,168524266125,14.20
718,18787712743,51.90
719,199895486317,0.00
720,3083830305,4.20
721,2087033181,6.00
722,80867705532,0.60
723,199895486317,0.00
724,666957213,3.00
725,199895486317,0.00
726,254249750356,0.70
727,76415541574,0.30
728,199895486317,0.00
729,199895486317,0.00
730,4445999665,2.70
731,79242038787,0.20
732,199895486317,0.00
733,4502398814,9.00
734,666957213,3.00
735,329655230459,0.80
736,254249750356,0.70
737,199895486317,0.00
738,199895486317,0.00
739,83009351986,0.40
740,199895486317,0.00
741,6791588116,1.90
742,199895486317,0.00
743,1835630896,4.00
744,666957213,3.00
745,199895486317,0.00
746,35642807792,50.20
747,666957213,3.00
748,199895486317,0.00
749,6791588116,1.90
750,199895486317,0.00
751,79242038787,0.20
752,199895486317,0.00
753,76415541574,0.30
754,69897146,1983.10
755,199895486317,0.00
756,66798018,1076.30
757,199895486317,0.00
758,199895486317,0.00
759,199895486317,0.00
760,199895486317,0.00
761,4758913635,1.40
762,199895486317,0.00
763,199895486317,0.00
764,95817248569,1.00
765,76415541574,0.30
766,199895486317,0.00
767,199895486317,0.00
768,199895486317,0.00
769,120681269731,9.20
770,199895486317,0.00
771,199895486317,0.00
772,199895486317,0.00
773,4502398814,9.00
774,199895486317,0.00
775,83009351986,0.40
776,72674513318,12.10
777,80867705532,0.60
778,254249750356,0.70
779,139650466286,0.10
780,69469704800,4.70
781,12770198841,10.30
782,8566984126,20.00
783,26735204,1004.30
784,199895486317,0.00
785,139650466286,0.10
786,666957213,3.00
787,79242038787,0.20
788,4539641297,3.30
789,37290334,2410.20
790,199895486317,0.00
791,51309417,552.60
792,55103264396,64.30
793,199895486317,0.00
794,199895486317,0.00
795,57971752753,33.60
796,76415541574,0.30
797,79242038787,0.20
798,79242038787,0.20
799,4458791510,2.30
800,44337798603,13.00
801,199895486317,0.00
802,199895486317,0.00
803,83009351986,0.40
804,95817248569,1.00
805,1266967761,1.20
806,199895486317,0.00
807,199895486317,0.00
808,1266967761,1.20
809,95817248569,1.00
810,199895486317,0.00
811,199895486317,0.00
812,816141973,2.00
813,199895486317,0.00
814,150927154987,0.50
815,199895486317,0.00
816,95817248569,1.00
817,329655230459,0.80
818,150927154987,0.50
819,199895486317,0.00
820,199895486317,0.00
821,76415541574,0.30
822,6284869566,3.40
823,666957213,3.00
824,199895486317,0.00
825,76415541574,0.30
826,199895486317,0.00
827,666957213,3.00
828,105176724,233.30
829,76415541574,0.30
830,199895486317,0.00
831,76415541574,0.30
832,45721749373,18.00
833,4458791510,2.30
834,4338421793,1.10
835,6434388198,2.20
836,4458791510,2.30
837,76415541574,0.30
838,1266967761,1.20
839,11668864656,11.00
840,199895486317,0.00
841,50039995,5000.00
842,33963859782,5.70
843,199895486317,0.00
844,199895486317,0.00
845,199895486317,0.00
846,8340425463,2.80
847,8071803462,40.00
848,81122218,414.50
849,816141973,2.00
850,55114479,1092.50
851,139650466286,0.10
852,139650466286,0.10
853,8071803462,40.00
854,3533205242,5.00
855,54952044,224.00
856,95817248569,1.00
857,41559542230,4.90
858,199895486317,0.00
859,4057093647,1.70
860,199895486317,0.00
861,95817248569,1.00
862,80521680,461.80
863,199895486317,0.00
864,1266967761,1.20
865,199895486317,0.00
866,199895486317,0.00
867,12523004921,10.20
868,33120155,701.50
869,76415541574,0.30
870,3027022267,3.20
871,1266967761,1.20
872,199895486317,0.00
873,199895486317,0.00
874,199895486317,0.00
875,199895486317,0.00
876,139650466286,0.10
877,139650466286,0.10
878,4539641297,3.30
879,199895486317,0.00
880,4152329205,2.10
881,199895486317,0.00
882,80867705532,0.60
883,199895486317,0.00
884,199895486317,0.00
885,4338421793,1.10
886,199895486317,0.00
887,199895486317,0.00
888,199895486317,0.00
889,816141973,2.00
890,2357163612,2.40
891,115941980080,0.90
892,2357163612,2.40
893,51775567,1062.40
894,199895486317,0.00
895,199895486317,0.00
896,79242038787,0.20
897,150927154987,0.50
898,199895486317,0.00
899,199895486317,0.00
900,39975784,712.80
901,32456970,1418.10
902,816141973,2.00
903,79242038787,0.20
904,199895486317,0.00
905,80867705532,0.60
906,139650466286,0.10
907,33413160,1005.50
908,199895486317,0.00
909,329655230459,0.80
910,199895486317,0.00
911,80867705532,0.60
912,199895486317,0.00
913,199895486317,0.00
914,199895486317,0.00
915,59642978,1138.50
916,199895486317,0.00
917,199895486317,0.00
918,199895486317,0.00
919,18868046237,7.20
920,199895486317,0.00
921,199895486317,0.00
922,199895486317,0.00
923,139650466286,0.10
924,76415541574,0.30
925,199895486317,0.00
926,199895486317,0.00
927,76415541574,0.30
928,76415541574,0.30
929,84503530115,46.00
930,1760907135,1.50
931,199895486317,0.00
932,199895486317,0.00
933,199895486317,0.00
934,199895486317,0.00
935,199895486317,0.00
936,37888651,553.80
937,7119552768,4.30
938,199895486317,0.00
939,199895486317,0.00
940,80867705532,0.60
941,2087033181,6.00
942,5042884793,2.50
943,666957213,3.00
944,199895486317,0.00
945,79242038787,0.20
946,199895486317,0.00
947,199895486317,0.00
948,23368946070,8.30
949,4445999665,2.70
950,80867705532,0.60
951,139650466286,0.10
952,199895486317,0.00
953,199895486317,0.00
954,6142017813,6.20
955,76415541574,0.30
956,199895486317,0.00
957,95817248569,1.00
958,199895486317,0.00
959,254249750356,0.70
960,6791588116,1.90
961,199895486317,0.00
962,199895486317,0.00
963,199895486317,0.00
964,199895486317,0.00
965,199895486317,0.00
966,1835630896,4.00
967,80867705532,0.60
968,76415541574,0.30
969,199895486317,0.00
970,30910514772,46.30
971,199895486317,0.00
972,199895486317,0.00
973,199895486317,0.00
974,199895486317,0.00
975,37588061,4038.30
976,199895486317,0.00
977,139650466286,0.10
978,4539641297,3.30
979,199895486317,0.00
980,79242038787,0.20
981,76415541574,0.30
982,199895486317,0.00
983,76415541574,0.30
984,115941980080,0.90
985,199895486317,0.00
986,1760907135,1.50
987,3083830305,4.20
988,76415541574,0.30
989,199895486317,0.00
990,23990017937,6.90
991,329655230459,0.80
992,199895486317,0.00
993,199895486317,0.00
994,199895486317,0.00
995,2087033181,6.00
996,79242038787,0.20
997,199895486317,0.00
998,31398995942,15.00
999,110935513114,22.80
1000,83009351986,0.40
1001,199895486317,0.00
1002,199895486317,0.00
1003,22531024007,10.10
1004,199895486317,0.00
1005,115941980080,0.90
1006,115941980080,0.90
1007,199895486317,0.00
1008,2087033181,6.00
1009,79242038787,0.20
1010,199895486317,0.00
1011,80867705532,0.60
1012,76415541574,0.30
1013,102072412106,85.90
1014,199895486317,0.00
1015,199895486317,0.00
1016,2087033181,6.00
1017,199895486317,0.00
1018,199895486317,0.00
1019,83009351986,0.40
1020,2087033181,6.00
1021,199895486317,0.00
1022,60890269133,8.90
1023,4758913635,1.40
1024,199895486317,0.00
1025,79242038787,0.20
1026,199895486317,0.00
1027,63697772,1020.80
1028,199895486317,0.00
1029,199895486317,0.00
1030,329655230459,0.80
1031,3083830305,4.20
1032,199895486317,0.00
1033,4338421793,1.10
1034,816141973,2.00
1035,199895486317,0.00
1036,199895486317,0.00
1037,6434388198,2.20
1038,199895486317,0.00
1039,95817248569,1.00
1040,83009351986,0.40
1041,95817248569,1.00
1042,199895486317,0.00
1043,79242038787,0.20
1044,199895486317,0.00
1045,1266967761,1.20
1046,115941980080,0.90
1047,139650466286,0.10
1048,199895486317,0.00
1049,115941980080,0.90
1050,68596300,401.30
1051,3027022267,3.20
1052,85286573,774.00
1053,60547251,860.00
1054,199895486317,0.00
1055,199895486317,0.00
1056,3787767099,10.00
1057,199895486317,0.00
1058,2357163612,2.40
1059,139650466286,0.10
1060,80867705532,0.60
1061,329655230459,0.80
1062,199895486317,0.00
1063,1528264533,160.10
1064,666957213,3.00
1065,1305214809,147.50
1066,199895486317,0.00
1067,199895486317,0.00
1068,41165678,2297.90
1069,14449148391,5.10
1070,199895486317,0.00
1071,199895486317,0.00
1072,199895486317,0.00
1073,199895486317,0.00
1074,199895486317,0.00
1075,199895486317,0.00
1076,20487003678,3.80
1077,199895486317,0.00
1078,199895486317,0.00
1079,199895486317,0.00
1080,73958175,692.90
1081,199895486317,0.00
1082,199895486317,0.00
1083,199895486317,0.00
1084,199895486317,0.00
1085,4152329205,2.10
1086,199895486317,0.00
1087,58657623963,9.10
1088,199895486317,0.00
1089,666957213,3.00
1090,2888271166,1.30
1091,51643817,293.30
1092,199895486317,0.00
1093,199895486317,0.00
1094,22728018116,7.50
1095,67107452,721.30
1096,83009351986,0.40
1097,48674670,1129.90
1098,80867705532,0.60
1099,60541752,4002.60
1100,199895486317,0.00
1101,199895486317,0.00
1102,666957213,3.00
1103,666957213,3.00
1104,199895486317,0.00
1105,199895486317,0.00
1106,666957213,3.00
1107,76415541574,0.30
1108,4758913635,1.40
1109,199895486317,0.00
1110,76415541574,0.30
1111,115941980080,0.90
1112,199895486317,0.00
1113,816141973,2.00
1114,199895486317,0.00
1115,83009351986,0.40
1116,199895486317,0.00
1117,199895486317,0.00
1118,199895486317,0.00
1119,199895486317,0.00
1120,199895486317,0.00
1121,1266967761,1.20
1122,199895486317,0.00
1123,60469667863,12.80
1124,199895486317,0.00
1125,28402918,1281.00
1126,199895486317,0.00
1127,76415541574,0.30
1128,80867705532,0.60
1129,40082337,230.80
1130,61436078,4625.90
1131,63238743,324.20
1132,199895486317,0.00
1133,199895486317,0.00
1134,199895486317,0.00
1135,83009351986,0.40
1136,199895486317,0.00
1137,199895486317,0.00
1138,199895486317,0.00
1139,199895486317,0.00
1140,36399931,502.50
1141,4758913635,1.40
1142,199895486317,0.00
1143,254249750356,0.70
1144,80867705532,0.60
1145,199895486317,0.00
1146,150927154987,0.50
1147,199895486317,0.00
1148,199895486317,0.00
1149,199895486317,0.00
1150,199895486317,0.00
1151,199895486317,0.00
1152,76415541574,0.30
1153,13224361290,6.10
1154,199895486317,0.00
1155,199895486317,0.00
1156,199895486317,0.00
1157,199895486317,0.00
1158,199895486317,0.00
1159,75455879,343.30
1160,4539641297,3.30
1161,199895486317,0.00
1162,2087033181,6.00
1163,199895486317,0.00
1164,199895486317,0.00
1165,8071803462,40.00
1166,4458791510,2.30
1167,816141973,2.00
1168,199895486317,0.00
1169,199895486317,0.00
1170,115941980080,0.90
1171,199895486317,0.00
1172,61788877,1328.20
1173,80867705532,0.60
1174,42710452,1993.30
1175,1760907135,1.50
1176,80867705532,0.60
1177,80867705532,0.60
1178,199895486317,0.00
1179,2087033181,6.00
1180,4057093647,1.70
1181,199895486317,0.00
1182,199895486317,0.00
1183,199895486317,0.00
1184,199895486317,0.00
1185,199895486317,0.00
1186,199895486317,0.00
1187,4057093647,1.70
1188,95817248569,1.00
1189,150927154987,0.50
1190,199895486317,0.00
1191,4539641297,3.30
1192,38897466,1219.80
1193,76415541574,0.30
1194,199895486317,0.00
1195,199895486317,0.00
1196,95817248569,1.00
1197,79242038787,0.20
1198,150927154987,0.50
1199,63723438984,17.50
1200,666957213,3.00
1201,4152329205,2.10
1202,3659949032,1.80
1203,199895486317,0.00
1204,329655230459,0.80
1205,199895486317,0.00
1206,52493059,4980.90
1207,13605638,1371.50
1208,41291966503,35.50
1209,40279875,384.80
1210,80867705532,0.60
1211,199895486317,0.00
1212,199895486317,0.00
1213,83009351986,0.40
1214,199895486317,0.00
1215,199895486317,0.00
1216,150927154987,0.50
1217,13224361290,6.10
1218,199895486317,0.00
1219,4539641297,3.30
1220,199895486317,0.00
1221,139650466286,0.10
1222,666957213,3.00
1223,44539843,281.70
1224,199895486317,0.00
1225,80867705532,0.60
1226,199895486317,0.00
1227,816141973,2.00
1228,199895486317,0.00
1229,199895486317,0.00
1230,139650466286,0.10
1231,854399373,172.60
1232,76415541574,0.30
1233,11668864656,11.00
1234,33720033,628.50
1235,39121130129,7.80
1236,1835630896,4.00
1237,199895486317,0.00
1238,666957213,3.00
1239,83009351986,0.40
1240,79242038787,0.20
1241,2888271166,1.30
1242,199895486317,0.00
1243,79242038787,0.20
1244,102630536777,44.00
1245,1266967761,1.20
1246,83009351986,0.40
1247,199895486317,0.00
1248,199895486317,0.00
1249,199895486317,0.00
1250,80867705532,0.60
1251,329655230459,0.80
1252,816141973,2.00
1253,816141973,2.00
1254,150927154987,0.50
1255,80867705532,0.60
1256,38797126,321.20
1257,199895486317,0.00
1258,666957213,3.00
1259,199895486317,0.00
1260,46766593,1069.20
1261,83009351986,0.40
1262,95817248569,1.00
1263,199895486317,0.00
1264,8340425463,2.80
1265,199895486317,0.00
1266,3659949032,1.80
1267,4758913635,1.40
1268,199895486317,0.00
1269,79242038787,0.20
1270,199895486317,0.00
1271,816141973,2.00
1272,80867705532,0.60
1273,199895486317,0.00
1274,199895486317,0.00
1275,79242038787,0.20
1276,79242038787,0.20
1277,76415541574,0.30
1278,69182649,1233.10
1279,115941980080,0.90
1280,199895486317,0.00
1281,199895486317,0.00
1282,7406895493,8.00
1283,3659949032,1.80
1284,816141973,2.00
1285,83009351986,0.40
1286,199895486317,0.00
1287,6791588116,1.90
1288,199895486317,0.00
1289,199895486317,0.00
1290,816141973,2.00
1291,329655230459,0.80
1292,15923601779,4.10
1293,42357657,4052.30
1294,199895486317,0.00
1295,70374342,1979.60
1296,254249750356,0.70
1297,1266967761,1.20
1298,12770198841,10.30
1299,199895486317,0.00
1300,80867705532,0.60
1301,199895486317,0.00
1302,199895486317,0.00
1303,2087033181,6.00
1304,84095936,569.00
1305,80867705532,0.60
1306,199895486317,0.00
1307,816141973,2.00
1308,95817248569,1.00
1309,95817248569,1.00
1310,80867705532,0.60
1311,199895486317,0.00
1312,3533205242,5.00
1313,76415541574,0.30
1314,199895486317,0.00
1315,199895486317,0.00
1316,199895486317,0.00
1317,199895486317,0.00
1318,37104504514,21.00
1319,199895486317,0.00
1320,199895486317,0.00
1321,79326283,794.20
1322,115941980080,0.90
1323,199895486317,0.00
1324,6791588116,1.90
1325,199895486317,0.00
1326,79242038787,0.20
1327,5042884793,2.50
1328,4338421793,1.10
1329,199895486317,0.00
1330,199895486317,0.00
1331,199895486317,0.00
1332,4458791510,2.30
1333,199895486317,0.00
1334,199895486317,0.00
1335,78201342492,16.20
1336,115941980080,0.90
1337,57983567,3194.20
1338,7119552768,4.30
1339,6234820802,3.10
1340,199895486317,0.00
1341,199895486317,0.00
1342,199895486317,0.00
1343,199895486317,0.00
1344,199895486317,0.00
1345,199895486317,0.00
1346,199895486317,0.00
1347,199895486317,0.00
1348,199895486317,0.00
1349,199895486317,0.00
1350,2087033181,6.00
1351,199895486317,0.00
1352,329655230459,0.80
1353,199895486317,0.00
1354,69485044,2135.40
1355,93741740028,12.70
1356,199895486317,0.00
1357,44337798603,13.00
1358,14160204546,5.40
1359,199895486317,0.00
1360,812553621,154.60
1361,12523004921,10.20
1362,22531024007,10.10
1363,80867705532,0.60
1364,152689913232,26.30
1365,83009351986,0.40
1366,14160204546,5.40
1367,816141973,2.00
1368,83009351986,0.40
1369,199895486317,0.00
1370,199895486317,0.00
1371,199895486317,0.00
1372,199895486317,0.00
1373,23990017937,6.90
1374,83009351986,0.40
1375,199895486317,0.00
1376,1380257007,159.00
1377,79242038787,0.20
1378,79242038787,0.20
1379,7406895493,8.00
1380,95817248569,1.00
1381,51296328,1792.80
1382,80867705532,0.60
1383,1266967761,1.20
1384,42281264563,21.70
1385,199895486317,0.00
1386,63820950,2672.00
1387,198814485,189.10
1388,2888271166,1.30
1389,115941980080,0.90
1390,80867705532,0.60
1391,2812738244,1.60
1392,139650466286,0.10
1393,115941980080,0.90
1394,199895486317,0.00
1395,199895486317,0.00
1396,199895486317,0.00
1397,263931980497,10.40
1398,254249750356,0.70
1399,199895486317,0.00
1400,4338421793,1.10
1401,83009351986,0.40
1402,76415541574,0.30
1403,199895486317,0.00
1404,199895486317,0.00
1405,199895486317,0.00
1406,199895486317,0.00
1407,199895486317,0.00
1408,139650466286,0.10
1409,3659949032,1.80
1410,83009351986,0.40
1411,51478876652,11.80
1412,199895486317,0.00
1413,83009351986,0.40
1414,199895486317,0.00
1415,75293279127,24.30
1416,254249750356,0.70
1417,80867705532,0.60
1418,816141973,2.00
1419,199895486317,0.00
1420,199895486317,0.00
1421,80867705532,0.60
1422,62711165,287.80
1423,31398995942,15.00
1424,83009351986,0.40
1425,4057093647,1.70
1426,195294609291,18.40
1427,199895486317,0.00
1428,199895486317,0.00
1429,199895486317,0.00
1430,150927154987,0.50
1431,79242038787,0.20
1432,199895486317,0.00
1433,73306701011,42.10
1434,76415541574,0.30
1435,70137979,1274.40
1436,1760907135,1.50
1437,3027022267,3.20
1438,199895486317,0.00
1439,150927154987,0.50
1440,3787767099,10.00
1441,6626433049,3.60
1442,199895486317,0.00
1443,95817248569,1.00
1444,76415541574,0.30
1445,199895486317,0.00
1446,2087033181,6.00
1447,199895486317,0.00
1448,199895486317,0.00
1449,199895486317,0.00
1450,199895486317,0.00
1451,83009351986,0.40
1452,254249750356,0.70
1453,199895486317,0.00
1454,95817248569,1.00
1455,199895486317,0.00
1456,199895486317,0.00
1457,59351079,774.50
1458,95817248569,1.00
1459,84091890,2517.00
1460,83009351986,0.40
1461,5978851758,130.10
1462,11033769612,4.60
1463,199895486317,0.00
1464,76415541574,0.30
1465,2087033181,6.00
1466,199895486317,0.00
1467,73393552619,14.60
1468,199895486317,0.00
1469,199895486317,0.00
1470,60890269133,8.90
1471,199895486317,0.00
1472,3787767099,10.00
1473,5042884793,2.50
1474,666957213,3.00
1475,4539641297,3.30
1476,115941980080,0.90
1477,199895486317,0.00
1478,12770198841,10.30
1479,12320299609,3.50
1480,139650466286,0.10
1481,199895486317,0.00
1482,199895486317,0.00
1483,199895486317,0.00
1484,16113580,659.30
1485,199895486317,0.00
1486,5934707987,2.60
1487,30910514772,46.30
1488,115941980080,0.90
1489,83009351986,0.40
1490,199895486317,0.00
1491,199895486317,0.00
1492,199895486317,0.00
1493,199895486317,0.00
1494,199895486317,0.00
1495,199895486317,0.00
1496,199895486317,0.00
1497,199895486317,0.00
1498,2087033181,6.00
1499,199895486317,0.00
1500,199895486317,0.00
1501,199895486317,0.00
1502,78132954,888.90
1503,69484840,2733.80
1504,199895486317,0.00
1505,81115554,952.30
1506,199895486317,0.00
1507,199895486317,0.00
1508,64123492,681.60
1509,4539641297,3.30
1510,199895486317,0.00
1511,199895486317,0.00
1512,199895486317,0.00
1513,199895486317,0.00
1514,199895486317,0.00
1515,199895486317,0.00
1516,68258737254,30.60
1517,3787767099,10.00
1518,40564068,1543.10
1519,254249750356,0.70
1520,4057093647,1.70
1521,199895486317,0.00
1522,199895486317,0.00
1523,199895486317,0.00
1524,92619863,236.30
1525,80867705532,0.60
1526,816141973,2.00
1527,199895486317,0.00
1528,2812738244,1.60
1529,76415541574,0.30
1530,199895486317,0.00
1531,76415541574,0.30
1532,199895486317,0.00
1533,199895486317,0.00
1534,14449148391,5.10
1535,70978032,800.20
1536,2087033181,6.00
1537,18067699831,5.80
1538,199895486317,0.00
1539,199895486317,0.00
1540,37104504514,21.00
1541,20487003678,3.80
1542,199895486317,0.00
1543,199895486317,0.00
1544,199895486317,0.00
1545,4152329205,2.10
1546,5934707987,2.60
1547,58466339,322.70
1548,1835630896,4.00
1549,329655230459,0.80
1550,5934707987,2.60
1551,15923601779,4.10
1552,80867705532,0.60
1553,199895486317,0.00
1554,199895486317,0.00
1555,18562335645,61.30
1556,199895486317,0.00
1557,199895486317,0.00
1558,199895486317,0.00
1559,47958040,1501.00
1560,199895486317,0.00
1561,816141973,2.00
1562,2888271166,1.30
1563,199895486317,0.00
1564,2888271166,1.30
1565,8566984126,20.00
1566,95817248569,1.00
1567,76415541574,0.30
1568,666957213,3.00
1569,199895486317,0.00
1570,80867705532,0.60
1571,80867705532,0.60
1572,199895486317,0.00
1573,80867705532,0.60
1574,2087033181,6.00
1575,79242038787,0.20
1576,199895486317,0.00
1577,79242038787,0.20
1578,199895486317,0.00
1579,199895486317,0.00
1580,35556478,1049.80
1581,87972154,571.90
1582,80867705532,0.60
1583,199895486317,0.00
1584,163379895616,12.50
1585,4758913635,1.40
1586,139650466286,0.10
1587,199895486317,0.00
1588,2087033181,6.00
1589,83009351986,0.40
1590,199895486317,0.00
1591,199895486317,0.00
1592,115941980080,0.90
1593,139650466286,0.10
1594,199895486317,0.00
1595,79242038787,0.20
1596,95817248569,1.00
1597,95817248569,1.00
1598,199895486317,0.00
1599,199895486317,0.00
1600,199895486317,0.00
1601,83009351986,0.40
1602,79242038787,0.20
1603,3787767099,10.00
1604,46907571248,20.10
1605,199895486317,0.00
1606,199895486317,0.00
1607,76415541574,0.30
1608,95817248569,1.00
1609,13224361290,6.10
1610,199895486317,0.00
1611,46548990,314.10
1612,95817248569,1.00
1613,41463865,2170.20
1614,2087033181,6.00
1615,199895486317,0.00
1616,199895486317,0.00
1617,199895486317,0.00
1618,2087033181,6.00
1619,4445999665,2.70
1620,80867705532,0.60
1621,199895486317,0.00
1622,199895486317,0.00
1623,199895486317,0.00
1624,666957213,3.00
1625,199895486317,0.00
1626,150927154987,0.50
1627,6626433049,3.60
1628,80867705532,0.60
1629,79242038787,0.20
1630,2087033181,6.00
1631,199895486317,0.00
1632,5934707987,2.60
1633,41021447,246.20
1634,199895486317,0.00
1635,79242038787,0.20
1636,199895486317,0.00
1637,40803997,1399.10
1638,50039995,5000.00
1639,6284869566,3.40
1640,79242038787,0.20
1641,42655832,2990.90
1642,139650466286,0.10
1643,139650466286,0.10
1644,4712817484,2.90
1645,199895486317,0.00
1646,95817248569,1.00
1647,199895486317,0.00
1648,199895486317,0.00
1649,199895486317,0.00
1650,199895486317,0.00
1651,33963859782,5.70
1652,82009681,970.50
1653,79242038787,0.20
1654,79242038787,0.20
1655,666957213,3.00
1656,666957213,3.00
1657,76415541574,0.30
1658,4539641297,3.30
1659,80867705532,0.60
1660,83009351986,0.40
1661,199895486317,0.00
1662,83009351986,0.40
1663,67396096462,7.30
1664,79242038787,0.20
1665,81414160,716.10
1666,79242038787,0.20
1667,199895486317,0.00
1668,199895486317,0.00
1669,4338421793,1.10
1670,484846467,171.30
1671,138492822527,32.60
1672,6812745793,3.90
1673,199895486317,0.00
1674,150927154987,0.50
1675,199895486317,0.00
1676,3083830305,4.20
1677,30071675,1038.70
1678,15349468070,10.60
1679,5934707987,2.60
1680,199895486317,0.00
1681,199895486317,0.00
1682,199895486317,0.00
1683,199895486317,0.00
1684,95817248569,1.00
1685,199895486317,0.00
1686,80867705532,0.60
1687,199895486317,0.00
1688,666957213,3.00
1689,83009351986,0.40
1690,199895486317,0.00
1691,11661872830,5.60
1692,8340425463,2.80
1693,83009351986,0.40
1694,79242038787,0.20
1695,199895486317,0.00
1696,6434388198,2.20
1697,79242038787,0.20
1698,80867705532,0.60
1699,83009351986,0.40
1700,199895486317,0.00
1701,199895486317,0.00
1702,73203994658,103.30
1703,115941980080,0.90
1704,199895486317,0.00
1705,199895486317,0.00
1706,6234820802,3.10
1707,66083031,1296.10
1708,199895486317,0.00
1709,199895486317,0.00
1710,199895486317,0.00
1711,199895486317,0.00
1712,41756797,1583.10
1713,199895486317,0.00
1714,199895486317,0.00
1715,86476912,2532.60
1716,139453252828,22.40
1717,199895486317,0.00
1718,127416390403,22.70
1719,199895486317,0.00
1720,79242038787,0.20
1721,6234820802,3.10
1722,79242038787,0.20
1723,199895486317,0.00
1724,199895486317,0.00
1725,49865164,1903.10
1726,83009351986,0.40
1727,199895486317,0.00
1728,79242038787,0.20
1729,199895486317,0.00
1730,6434388198,2.20
1731,40874138,398.20
1732,79657471,300.90
1733,199895486317,0.00
1734,199895486317,0.00
1735,816141973,2.00
1736,199895486317,0.00
1737,199895486317,0.00
1738,80867705532,0.60
1739,199895486317,0.00
1740,199895486317,0.00
1741,66081806,1786.50
1742,199895486317,0.00
1743,3787767099,10.00
1744,1760907135,1.50
1745,199895486317,0.00
1746,95817248569,1.00
1747,79242038787,0.20
1748,199895486317,0.00
1749,79242038787,0.20
1750,1835630896,4.00
1751,79242038787,0.20
1752,199895486317,0.00
1753,48121517532,74.60
1754,199895486317,0.00
1755,199895486317,0.00
1756,199895486317,0.00
1757,816141973,2.00
1758,76415541574,0.30
1759,115941980080,0.90
1760,36385281,400.50
1761,80867705532,0.60
1762,199895486317,0.00
1763,816141973,2.00
1764,52572178142,99.90
1765,199895486317,0.00
1766,199895486317,0.00
1767,61315417,1016.40
1768,115941980080,0.90
1769,79242038787,0.20
1770,46829264,2367.70
1771,59160002028,5.10
1772,4057093647,1.70
1773,54792802534,40.30
1774,95817248569,1.00
1775,199895486317,0.00
1776,816141973,2.00
1777,199895486317,0.00
1778,199895486317,0.00
1779,3533205242,5.00
1780,76415541574,0.30
1781,199895486317,0.00
1782,6176370947,127.00
1783,254249750356,0.70
1784,816141973,2.00
1785,95817248569,1.00
1786,2087033181,6.00
1787,72767343,829.80
1788,199895486317,0.00
1789,816141973,2.00
1790,83009351986,0.40
1791,62339768,574.30
1792,199895486317,0.00
1793,199895486317,0.00
1794,81715934,608.70
1795,2357163612,2.40
1796,79242038787,0.20
1797,199895486317,0.00
1798,79242038787,0.20
1799,80867705532,0.60
1800,199895486317,0.00
1801,6791588116,1.90
1802,83009351986,0.40
1803,199895486317,0.00
1804,83009351986,0.40
1805,9656137820,7.00
1806,199895486317,0.00
1807,329655230459,0.80
1808,199895486317,0.00
1809,199895486317,0.00
1810,76174306443,37.60
1811,199895486317,0.00
1812,79242038787,0.20
1813,816141973,2.00
1814,34109544,248.20
1815,115941980080,0.90
1816,199895486317,0.00
1817,91270543558,30.50
1818,4458791510,2.30
1819,199895486317,0.00
1820,199895486317,0.00
1821,199895486317,0.00
1822,47985877346,75.40
1823,199895486317,0.00
1824,83009351986,0.40
1825,139650466286,0.10
1826,199895486317,0.00
1827,115941980080,0.90
1828,199895486317,0.00
1829,2087033181,6.00
1830,199895486317,0.00
1831,199895486317,0.00
1832,199895486317,0.00
1833,199895486317,0.00
1834,199895486317,0.00
1835,199895486317,0.00
1836,44539843,281.70
1837,666957213,3.00
1838,199895486317,0.00
1839,1266967761,1.20
1840,95817248569,1.00
1841,8032563320,3.70
1842,92324897,3124.10
1843,68452555980,25.20
1844,816141973,2.00
1845,199895486317,0.00
1846,139650466286,0.10
1847,199895486317,0.00
1848,1835630896,4.00
1849,14449148391,5.10
1850,199895486317,0.00
1851,254249750356,0.70
1852,89105266,3326.20
1853,199895486317,0.00
1854,50039995,5000.00
1855,115941980080,0.90
1856,34125147,1804.70
1857,329655230459,0.80
1858,199895486317,0.00
1859,329655230459,0.80
1860,59354126,815.20
1861,199895486317,0.00
1862,80867705532,0.60
1863,199895486317,0.00
1864,199895486317,0.00
1865,68298085,467.90
1866,199895486317,0.00
1867,83009351986,0.40
1868,95817248569,1.00
1869,76415541574,0.30
1870,199895486317,0.00
1871,139650466286,0.10
1872,816141973,2.00
1873,199895486317,0.00
1874,666957213,3.00
1875,3533205242,5.00
1876,4502398814,9.00
1877,80867705532,0.60
1878,79242038787,0.20
1879,199895486317,0.00
1880,816141973,2.00
1881,199895486317,0.00
1882,199895486317,0.00
1883,4338421793,1.10
1884,199895486317,0.00
1885,199895486317,0.00
1886,199895486317,0.00
1887,199895486317,0.00
1888,8032563320,3.70
1889,199895486317,0.00
1890,199895486317,0.00
1891,80867705532,0.60
1892,80867705532,0.60
1893,199895486317,0.00
1894,60269368664,31.60
1895,199895486317,0.00
1896,199895486317,0.00
1897,254249750356,0.70
1898,80867705532,0.60
1899,79242038787,0.20
1900,254249750356,0.70
1901,111983002868,17.80
1902,199895486317,0.00
1903,139650466286,0.10
1904,199895486317,0.00
1905,2812738244,1.60
1906,199895486317,0.00
1907,80867705532,0.60
1908,39365346,848.30
1909,816141973,2.00
1910,1266967761,1.20
1911,199895486317,0.00
1912,8032563320,3.70
1913,15753192532,6.30
1914,199895486317,0.00
1915,54406415,3162.30
1916,199895486317,0.00
1917,666957213,3.00
1918,139650466286,0.10
1919,199895486317,0.00
1920,816141973,2.00
1921,86264175312,14.30
1922,1835630896,4.00
1923,95817248569,1.00
1924,95817248569,1.00
1925,199895486317,0.00
1926,62893036319,19.90
1927,666957213,3.00
1928,80867705532,0.60
1929,66796931,1851.80
1930,199895486317,0.00
1931,199895486317,0.00
1932,666957213,3.00
1933,199895486317,0.00
1934,80867705532,0.60
1935,3533205242,5.00
1936,199895486317,0.00
1937,4458791510,2.30
1938,12320299609,3.50
1939,2812738244,1.60
1940,199895486317,0.00
1941,199895486317,0.00
1942,199895486317,0.00
1943,115941980080,0.90
1944,79242038787,0.20
1945,54882726,559.40
1946,90053970,2262.30
1947,62630826,826.60
1948,76415541574,0.30
1949,199895486317,0.00
1950,83009351986,0.40
1951,4338421793,1.10
1952,65845079,1095.30
1953,199895486317,0.00
1954,83009351986,0.40
1955,199895486317,0.00
1956,199895486317,0.00
1957,95817248569,1.00
1958,76415541574,0.30
1959,199895486317,0.00
1960,199895486317,0.00
1961,199895486317,0.00
1962,199895486317,0.00
1963,4539641297,3.30
1964,64175208,1359.50
1965,199895486317,0.00
1966,83009351986,0.40
1967,254249750356,0.70
1968,199895486317,0.00
1969,1835630896,4.00
1970,199895486317,0.00
1971,139650466286,0.10
1972,83009351986,0.40
1973,95817248569,1.00
1974,199895486317,0.00
1975,199895486317,0.00
1976,199895486317,0.00
1977,76415541574,0.30
1978,666957213,3.00
1979,79242038787,0.20
1980,199895486317,0.00
1981,199895486317,0.00
1982,199895486317,0.00
1983,41003731,553.70
1984,11469280996,6.50
1985,199895486317,0.00
1986,666957213,3.00
1987,41757284,1663.80
1988,199895486317,0.00
1989,83009351986,0.40
1990,79242038787,0.20
1991,139650466286,0.10
1992,139650466286,0.10
1993,70861530,3256.90
1994,199895486317,0.00
1995,76415541574,0.30
1996,83009351986,0.40
1997,816141973,2.00
1998,1760907135,1.50
1999,79242038787,0.20
2000,4758913635,1.40
2001,199895486317,0.00
2002,87371151,2249.90
2003,76415541574,0.30
2004,150927154987,0.50
2005,199895486317,0.00
2006,199895486317,0.00
2007,26398094,715.20
2008,22728018116,7.50
2009,39612458,1225.10
2010,199895486317,0.00
2011,199895486317,0.00
2012,199895486317,0.00
2013,76415541574,0.30
2014,199895486317,0.00
2015,115941980080,0.90
2016,199895486317,0.00
2017,199895486317,0.00
2018,6234820802,3.10
2019,199895486317,0.00
2020,199895486317,0.00
2021,199895486317,0.00
2022,42500430372,9.80
2023,199895486317,0.00
2024,95817248569,1.00
2025,4338421793,1.10
2026,199895486317,0.00
2027,199895486317,0.00
2028,73393552619,14.60
2029,199895486317,0.00
2030,115941980080,0.90
2031,4539641297,3.30
2032,199895486317,0.00
2033,199895486317,0.00
2034,79242038787,0.20
2035,11033769612,4.60
2036,150927154987,0.50
2037,666957213,3.00
2038,199895486317,0.00
2039,76415541574,0.30
2040,199895486317,0.00
2041,65609985,2260.60
2042,7406895493,8.00
2043,199895486317,0.00
2044,816141973,2.00
2045,115941980080,0.90
2046,199895486317,0.00
2047,95817248569,1.00
2048,12770198841,10.30
2049,199895486317,0.00
2050,329655230459,0.80
2051,79242038787,0.20
2052,199895486317,0.00
2053,83009351986,0.40
2054,199895486317,0.00
2055,80867705532,0.60
2056,199895486317,0.00
2057,199895486317,0.00
2058,666957213,3.00
2059,54485555163,70.80
2060,199895486317,0.00
2061,52730034,1022.90
2062,199895486317,0.00
2063,3659949032,1.80
2064,3659949032,1.80
2065,21903965116,5.30
2066,199895486317,0.00
2067,63525839,884.40
2068,199895486317,0.00
2069,199895486317,0.00
2070,2357163612,2.40
2071,199895486317,0.00
2072,80867705532,0.60
2073,14449148391,5.10
2074,199895486317,0.00
2075,89110363856,51.00
2076,199895486317,0.00
2077,43876917871,30.60
2078,816141973,2.00
2079,199895486317,0.00
2080,8032563320,3.70
2081,199895486317,0.00
2082,199895486317,0.00
2083,199895486317,0.00
2084,199895486317,0.00
2085,199895486317,0.00
2086,79242038787,0.20
2087,76415541574,0.30
2088,199895486317,0.00
2089,816141973,2.00
2090,199895486317,0.00
2091,87983058,339.50
2092,83009351986,0.40
2093,199895486317,0.00
2094,199895486317,0.00
2095,199895486317,0.00
2096,199895486317,0.00
2097,199895486317,0.00
2098,199895486317,0.00
2099,199895486317,0.00
2100,199895486317,0.00
2101,150927154987,0.50
2102,4758913635,1.40
2103,199895486317,0.00
2104,199895486317,0.00
2105,199895486317,0.00
2106,199895486317,0.00
2107,199895486317,0.00
2108,199895486317,0.00
2109,199895486317,0.00
2110,79242038787,0.20
2111,199895486317,0.00
2112,199895486317,0.00
2113,79242038787,0.20
2114,199895486317,0.00
2115,115941980080,0.90
2116,79242038787,0.20
2117,199895486317,0.00
2118,83009351986,0.40
2119,36273759,1085.30
2120,199895486317,0.00
2121,115941980080,0.90
2122,199895486317,0.00
2123,199895486317,0.00
2124,199895486317,0.00
2125,95817248569,1.00
2126,199895486317,0.00
2127,199895486317,0.00
2128,1508485731,152.30
2129,79242038787,0.20
2130,199895486317,0.00
2131,139650466286,0.10
2132,80867705532,0.60
2133,199895486317,0.00
2134,76415541574,0.30
2135,666957213,3.00
2136,199895486317,0.00
2137,199895486317,0.00
2138,80867705532,0.60
2139,32822415,928.30
2140,199895486317,0.00
2141,199895486317,0.00
2142,95817248569,1.00
2143,80867705532,0.60
2144,56073026,857.20
2145,666957213,3.00
2146,5934707987,2.60
2147,199895486317,0.00
2148,79242038787,0.20
2149,199895486317,0.00
2150,76415541574,0.30
2151,5042884793,2.50
2152,47481197,1376.70
2153,61441860,581.00
2154,199895486317,0.00
2155,6791588116,1.90
2156,199895486317,0.00
2157,199895486317,0.00
2158,199895486317,0.00
2159,199895486317,0.00
2160,150927154987,0.50
2161,6812745793,3.90
2162,95817248569,1.00
2163,2087033181,6.00
2164,95817248569,1.00
2165,19256543164,115.40
2166,666957213,3.00
2167,19399232990,5.50
2168,79242038787,0.20
2169,4458791510,2.30
2170,199895486317,0.00
2171,199895486317,0.00
2172,199895486317,0.00
2173,79242038787,0.20
2174,254249750356,0.70
2175,199895486317,0.00
2176,199895486317,0.00
2177,199895486317,0.00
2178,199895486317,0.00
2179,199895486317,0.00
2180,139650466286,0.10
2181,199895486317,0.00
2182,199895486317,0.00
2183,199895486317,0.00
2184,83009351986,0.40
2185,79242038787,0.20
2186,95817248569,1.00
2187,199895486317,0.00
2188,13617855763,20.20
2189,199895486317,0.00
2190,95817248569,1.00
2191,199895486317,0.00
2192,72674513318,12.10
2193,199895486317,0.00
2194,199895486317,0.00
2195,199895486317,0.00
2196,115941980080,0.90
2197,80867705532,0.60
2198,63820990,2600.70
2199,83009351986,0.40
2200,199895486317,0.00
2201,199895486317,0.00
2202,199895486317,0.00
2203,79242038787,0.20
2204,199895486317,0.00
2205,13617855763,20.20
2206,1266967761,1.20
2207,32041598856,41.00
2208,199895486317,0.00
2209,6791588116,1.90
2210,50039995,5000.00
2211,199895486317,0.00
2212,8566984126,20.00
2213,199895486317,0.00
2214,79242038787,0.20
2215,199895486317,0.00
2216,816141973,2.00
2217,32371610848,10.50
2218,8071803462,40.00
2219,199895486317,0.00
2220,1266967761,1.20
2221,199895486317,0.00
2222,45046468,447.20
2223,115941980080,0.90
2224,79242038787,0.20
2225,35727008266,55.10
2226,199895486317,0.00
2227,76415541574,0.30
2228,199895486317,0.00
2229,46674277426,75.90
2230,71569653,1077.30
2231,430931878,185.40
2232,199895486317,0.00
2233,150927154987,0.50
2234,199895486317,0.00
2235,83009351986,0.40
2236,80867705532,0.60
2237,3533205242,5.00
2238,83009351986,0.40
2239,5934707987,2.60
2240,199895486317,0.00
2241,83009351986,0.40
2242,4152329205,2.10
2243,4758913635,1.40
2244,12702239650,6.40
2245,329655230459,0.80
2246,4539641297,3.30
2247,150927154987,0.50
2248,199895486317,0.00
2249,41302181,677.60
2250,95817248569,1.00
2251,199895486317,0.00
2252,4712817484,2.90
2253,95817248569,1.00
2254,80867705532,0.60
2255,199895486317,0.00
2256,3659949032,1.80
2257,1835630896,4.00
2258,80867705532,0.60
2259,57564939,908.40
2260,65031533,312.50
2261,56782484,1334.70
2262,79242038787,0.20
2263,199895486317,0.00
2264,199895486317,0.00
2265,90364073,444.50
2266,199895486317,0.00
2267,2048603906,156.10
2268,11661872830,5.60
2269,199895486317,0.00
2270,199895486317,0.00
2271,199895486317,0.00
2272,59945666,2994.00
2273,4338421793,1.10
2274,199895486317,0.00
2275,199895486317,0.00
2276,199895486317,0.00
2277,199895486317,0.00
2278,147393655151,18.50
2279,199895486317,0.00
2280,254249750356,0.70
2281,2888271166,1.30
2282,666957213,3.00
2283,199895486317,0.00
2284,199895486317,0.00
2285,199895486317,0.00
2286,87891483212,25.80
2287,1760907135,1.50
2288,329655230459,0.80
2289,80867705532,0.60
2290,139650466286,0.10
2291,22531024007,10.10
2292,199895486317,0.00
2293,199895486317,0.00
2294,199895486317,0.00
2295,199895486317,0.00
2296,199895486317,0.00
2297,199895486317,0.00
2298,816141973,2.00
2299,816141973,2.00
2300,76415541574,0.30
2301,199895486317,0.00
2302,199895486317,0.00
2303,199895486317,0.00
2304,1835630896,4.00
2305,199895486317,0.00
2306,3659949032,1.80
2307,199895486317,0.00
2308,199895486317,0.00
2309,74953954,255.60
2310,13224361290,6.10
2311,79242038787,0.20
2312,130243024034,13.50
2313,199895486317,0.00
2314,199895486317,0.00
2315,79242038787,0.20
2316,4057093647,1.70
2317,199895486317,0.00
2318,25301885,1114.70
2319,199895486317,0.00
2320,199895486317,0.00
2321,47723432,4875.00
2322,3659949032,1.80
2323,199895486317,0.00
2324,95817248569,1.00
2325,1266967761,1.20
2326,199895486317,0.00
2327,199895486317,0.00
2328,199895486317,0.00
2329,84726246305,68.00
2330,4758913635,1.40
2331,199895486317,0.00
2332,2888271166,1.30
2333,4758913635,1.40
2334,80867705532,0.60
2335,83009351986,0.40
2336,199895486317,0.00
2337,83009351986,0.40
2338,199895486317,0.00
2339,79242038787,0.20
2340,199895486317,0.00
2341,199895486317,0.00
2342,83009351986,0.40
2343,80867705532,0.60
2344,199895486317,0.00
2345,76415541574,0.30
2346,76415541574,0.30
2347,95186492,3523.50
2348,64889015,1679.80
2349,199895486317,0.00
2350,5042884793,2.50
2351,199895486317,0.00
2352,8071803462,40.00
2353,83009351986,0.40
2354,124725903240,10.90
2355,199895486317,0.00
2356,76415541574,0.30
2357,2087033181,6.00
2358,199895486317,0.00
2359,199895486317,0.00
2360,79242038787,0.20
2361,199895486317,0.00
2362,199895486317,0.00
2363,199895486317,0.00
2364,199895486317,0.00
2365,199895486317,0.00
2366,139650466286,0.10
2367,30310645,1266.00
2368,6284869566,3.40
2369,199895486317,0.00
2370,199895486317,0.00
2371,199895486317,0.00
2372,199895486317,0.00
2373,1080981163,135.60
2374,2087033181,6.00
2375,121460570654,12.40
2376,76415541574,0.30
2377,199895486317,0.00
2378,199895486317,0.00
2379,199895486317,0.00
2380,71091148,1420.50
2381,76415541574,0.30
2382,57735796,1015.10
2383,80867705532,0.60
2384,79242038787,0.20
2385,199895486317,0.00
2386,4445999665,2.70
2387,199895486317,0.00
2388,95817248569,1.00
2389,80867705532,0.60
2390,79242038787,0.20
2391,79242038787,0.20
2392,199895486317,0.00
2393,199895486317,0.00
2394,3787767099,10.00
2395,199895486317,0.00
2396,199895486317,0.00
2397,199895486317,0.00
2398,95411874620,24.90
2399,199895486317,0.00
2400,199895486317,0.00
2401,199895486317,0.00
2402,329655230459,0.80
2403,199895486317,0.00
2404,115941980080,0.90
2405,434942824,175.20
2406,3787767099,10.00
2407,199895486317,0.00
2408,1266967761,1.20
2409,199895486317,0.00
2410,79242038787,0.20
2411,150927154987,0.50
2412,28163171,1634.50
2413,199895486317,0.00
2414,199895486317,0.00
2415,12702239650,6.40
2416,56542542,1436.40
2417,4057093647,1.70
2418,73147340,289.60
2419,816141973,2.00
2420,666957213,3.00
2421,83009351986,0.40
2422,199895486317,0.00
2423,199895486317,0.00
2424,15160324412,6.60
2425,12320299609,3.50
2426,4338421793,1.10
2427,254249750356,0.70
2428,1760907135,1.50
2429,129812131991,16.30
2430,199895486317,0.00
2431,59056665,789.50
2432,199895486317,0.00
2433,199895486317,0.00
2434,1835630896,4.00
2435,95817248569,1.00
2436,39770509835,16.00
2437,6791588116,1.90
2438,199895486317,0.00
2439,76415541574,0.30
2440,199895486317,0.00
2441,76415541574,0.30
2442,8340425463,2.80
2443,11469280996,6.50
2444,12320299609,3.50
2445,76415541574,0.30
2446,95817248569,1.00
2447,199895486317,0.00
2448,76415541574,0.30
2449,199895486317,0.00
2450,199895486317,0.00
2451,88475814729,78.00
2452,139650466286,0.10
2453,199895486317,0.00
2454,199895486317,0.00
2455,2087033181,6.00
2456,816141973,2.00
2457,666957213,3.00
2458,199895486317,0.00
2459,6626433049,3.60
2460,666957213,3.00
2461,42922485023,23.80
2462,199895486317,0.00
2463,199895486317,0.00
2464,199895486317,0.00
2465,18067699831,5.80
2466,79242038787,0.20
2467,50039995,5000.00
2468,76415541574,0.30
2469,816141973,2.00
2470,139650466286,0.10
2471,199895486317,0.00
2472,79242038787,0.20
2473,4057093647,1.70
2474,199895486317,0.00
2475,79242038787,0.20
2476,76415541574,0.30
2477,15349468070,10.60
2478,76415541574,0.30
2479,199895486317,0.00
2480,8723620116,4.40
2481,73062099,2656.00
2482,816141973,2.00
2483,11033769612,4.60
2484,3533205242,5.00
2485,199895486317,0.00
2486,199895486317,0.00
2487,2888271166,1.30
2488,139650466286,0.10
2489,199895486317,0.00
2490,95817248569,1.00
2491,3787767099,10.00
2492,199895486317,0.00
2493,44618559,1156.80
2494,76415541574,0.30
2495,39920417413,10.70
2496,199895486317,0.00
2497,4502398814,9.00
2498,6284869566,3.40
2499,1266967761,1.20
2500,37891563,708.80
2501,199895486317,0.00
2502,199895486317,0.00
2503,199895486317,0.00
2504,80867705532,0.60
2505,115941980080,0.90
2506,199895486317,0.00
2507,139650466286,0.10
2508,83009351986,0.40
2509,25960560070,4.90
2510,115941980080,0.90
2511,199895486317,0.00
2512,139650466286,0.10
2513,199895486317,0.00
2514,199895486317,0.00
2515,1266967761,1.20
2516,199895486317,0.00
2517,199895486317,0.00
2518,64431308,353.40
2519,199895486317,0.00
2520,8566984126,20.00
2521,199895486317,0.00
2522,76415541574,0.30
2523,199895486317,0.00
2524,199895486317,0.00
2525,83009351986,0.40
2526,199895486317,0.00
2527,199895486317,0.00
2528,199895486317,0.00
2529,199895486317,0.00
2530,95817248569,1.00
2531,3083830305,4.20
2532,666957213,3.00
2533,199895486317,0.00
2534,816141973,2.00
2535,40384534454,111.70
2536,199895486317,0.00
2537,83009351986,0.40
2538,199895486317,0.00
2539,64136232544,30.80
2540,1760907135,1.50
2541,199895486317,0.00
2542,199895486317,0.00
2543,60834595,1957.00
2544,199895486317,0.00
2545,66568986,3220.80
2546,199895486317,0.00
2547,80867705532,0.60
2548,666957213,3.00
2549,43187161,1886.90
2550,12523004921,10.20
2551,199895486317,0.00
2552,199895486317,0.00
2553,140561259,215.70
2554,199895486317,0.00
2555,199895486317,0.00
2556,115941980080,0.90
2557,199895486317,0.00
2558,79242038787,0.20
2559,199895486317,0.00
2560,39029679192,56.90
2561,1835630896,4.00
2562,199895486317,0.00
2563,199895486317,0.00
2564,115941980080,0.90
2565,46907571248,20.10
2566,83009351986,0.40
2567,47004694,1376.30
2568,199895486317,0.00
2569,329655230459,0.80
2570,199895486317,0.00
2571,199895486317,0.00
2572,37290203,2430.50
2573,46674277426,75.90
2574,254249750356,0.70
2575,42657733,862.10
2576,199895486317,0.00
2577,79242038787,0.20
2578,199895486317,0.00
2579,42711398,1154.10
2580,76415541574,0.30
2581,79242038787,0.20
2582,83009351986,0.40
2583,139650466286,0.10
2584,199895486317,0.00
2585,79242038787,0.20
2586,199895486317,0.00
2587,199895486317,0.00
2588,199895486317,0.00
2589,199895486317,0.00
2590,2888271166,1.30
2591,199895486317,0.00
2592,199895486317,0.00
2593,6284869566,3.40
2594,199895486317,0.00
2595,199895486317,0.00
2596,199895486317,0.00
2597,14449148391,5.10
2598,76415541574,0.30
2599,199895486317,0.00
2600,199895486317,0.00
2601,199895486317,0.00
2602,1760907135,1.50
2603,199895486317,0.00
2604,199895486317,0.00
2605,199895486317,0.00
2606,199895486317,0.00
2607,46965210147,9.30
2608,150927154987,0.50
2609,11033769612,4.60
2610,68297437,913.40
2611,1835630896,4.00
2612,83009351986,0.40
2613,199895486317,0.00
2614,199895486317,0.00
2615,76415541574,0.30
2616,95817248569,1.00
2617,199895486317,0.00
2618,31025038,1403.10
2619,199895486317,0.00
2620,76415541574,0.30
2621,199895486317,0.00
2622,199895486317,0.00
2623,15753192532,6.30
2624,199895486317,0.00
2625,329655230459,0.80
2626,199895486317,0.00
2627,329655230459,0.80
2628,199895486317,0.00
2629,139650466286,0.10
2630,199895486317,0.00
2631,199895486317,0.00
2632,80867705532,0.60
2633,6626433049,3.60
2634,79242038787,0.20
2635,816141973,2.00
2636,150927154987,0.50
2637,76415541574,0.30
2638,15160324412,6.60
2639,5042884793,2.50
2640,80867705532,0.60
2641,199895486317,0.00
2642,199895486317,0.00
2643,8071803462,40.00
2644,95817248569,1.00
2645,95817248569,1.00
2646,199895486317,0.00
2647,199895486317,0.00
2648,199895486317,0.00
2649,199895486317,0.00
2650,12385089536,30.00
2651,199895486317,0.00
2652,83009351986,0.40
2653,199895486317,0.00
2654,3083830305,4.20
2655,199895486317,0.00
2656,2888271166,1.30
2657,199895486317,0.00
2658,199895486317,0.00
2659,4152329205,2.10
2660,3787767099,10.00
2661,83009351986,0.40
2662,79242038787,0.20
2663,79242038787,0.20
2664,20758625589,4.50
2665,199895486317,0.00
2666,199895486317,0.00
2667,83009351986,0.40
2668,1080981163,135.60
2669,816141973,2.00
2670,76415541574,0.30
2671,2888271166,1.30
2672,3533205242,5.00
2673,199895486317,0.00
2674,80867705532,0.60
2675,199895486317,0.00
2676,199895486317,0.00
2677,139650466286,0.10
2678,254249750356,0.70
2679,71877068,571.70
2680,11661872830,5.60
2681,46527292,1233.90
2682,79242038787,0.20
2683,80867705532,0.60
2684,199895486317,0.00
2685,3027022267,3.20
2686,79242038787,0.20
2687,291900358,196.70
2688,666957213,3.00
2689,83009351986,0.40
2690,60632258122,11.10
2691,199895486317,0.00
2692,71090222,1689.50
2693,816141973,2.00
2694,199895486317,0.00
2695,199895486317,0.00
2696,79242038787,0.20
2697,2463400436,130.60
2698,83009351986,0.40
2699,4338421793,1.10
2700,816141973,2.00
2701,199895486317,0.00
2702,816141973,2.00
2703,199895486317,0.00
2704,1266967761,1.20
2705,199895486317,0.00
2706,199895486317,0.00
2707,95817248569,1.00
2708,199895486317,0.00
2709,199895486317,0.00
2710,199895486317,0.00
2711,63349372,3737.00
2712,199895486317,0.00
2713,199895486317,0.00
2714,199895486317,0.00
2715,199895486317,0.00
2716,6812745793,3.90
2717,199895486317,0.00
2718,95817248569,1.00
2719,254249750356,0.70
2720,45340562,697.90
2721,78379827538,92.40
2722,254249750356,0.70
2723,41463804,2020.30
2724,78012861965,8.60
2725,199895486317,0.00
2726,150927154987,0.50
2727,50039995,5000.00
2728,80867705532,0.60
2729,199895486317,0.00
2730,329655230459,0.80
2731,2087033181,6.00
2732,199895486317,0.00
2733,199895486317,0.00
2734,199895486317,0.00
2735,816141973,2.00
2736,199895486317,0.00
2737,199895486317,0.00
2738,199895486317,0.00
2739,53993094,442.50
2740,76415541574,0.30
2741,8032563320,3.70
2742,6284869566,3.40
2743,199895486317,0.00
2744,71277993,925.80
2745,666957213,3.00
2746,1266967761,1.20
2747,79242038787,0.20
2748,199895486317,0.00
2749,7119552768,4.30
2750,199895486317,0.00
2751,2812738244,1.60
2752,51426598,281.50
2753,139650466286,0.10
2754,199895486317,0.00
2755,6434388198,2.20
2756,20758625589,4.50
2757,2087033181,6.00
2758,6434388198,2.20
2759,199895486317,0.00
2760,79242038787,0.20
2761,150927154987,0.50
2762,666957213,3.00
2763,80867705532,0.60
2764,199895486317,0.00
2765,8340425463,2.80
2766,666957213,3.00
2767,83009351986,0.40
2768,199895486317,0.00
2769,78729301,466.10
2770,83009351986,0.40
2771,199895486317,0.00
2772,4458791510,2.30
2773,199895486317,0.00
2774,199895486317,0.00
2775,199895486317,0.00
2776,4057093647,1.70
2777,75511868,3505.40
2778,4338421793,1.10
2779,8566984126,20.00
2780,4152329205,2.10
2781,139650466286,0.10
2782,76415541574,0.30
2783,4445999665,2.70
2784,199895486317,0.00
2785,1835630896,4.00
2786,83009351986,0.40
2787,60890269133,8.90
2788,199895486317,0.00
2789,115941980080,0.90
2790,150927154987,0.50
2791,199895486317,0.00
2792,199895486317,0.00
2793,83009351986,0.40
2794,199895486317,0.00
2795,199895486317,0.00
2796,3533205242,5.00
2797,4758913635,1.40
2798,816141973,2.00
2799,72521773680,12.30
2800,1266967761,1.20
2801,2812738244,1.60
2802,50039995,5000.00
2803,2812738244,1.60
2804,83009351986,0.40
2805,80867705532,0.60
2806,199895486317,0.00
2807,24908607,508.60
2808,42955574,897.70
2809,50039995,5000.00
2810,6234820802,3.10
2811,83009351986,0.40
2812,199895486317,0.00
2813,4758913635,1.40
2814,2888271166,1.30
2815,95817248569,1.00
2816,12770198841,10.30
2817,1760907135,1.50
2818,80867705532,0.60
2819,80867705532,0.60
2820,816141973,2.00
2821,3787767099,10.00
2822,199895486317,0.00
2823,80867705532,0.60
2824,199895486317,0.00
2825,199895486317,0.00
2826,57237804,255.50
2827,80867705532,0.60
2828,139650466286,0.10
2829,199895486317,0.00
2830,62337151,325.60
2831,199895486317,0.00
2832,6434388198,2.20
2833,816141973,2.00
2834,199895486317,0.00
2835,329655230459,0.80
2836,83009351986,0.40
2837,4712817484,2.90
2838,199895486317,0.00
2839,199895486317,0.00
2840,80867705532,0.60
2841,1266967761,1.20
2842,58460108,333.30
2843,199895486317,0.00
2844,199895486317,0.00
2845,2888271166,1.30
2846,80867705532,0.60
2847,199895486317,0.00
2848,2888271166,1.30
2849,4445999665,2.70
2850,1409114292,163.90
2851,95817248569,1.00
2852,13224361290,6.10
2853,87072967,2036.20
2854,4458791510,2.30
2855,7119552768,4.30
2856,199895486317,0.00
2857,199895486317,0.00
2858,666957213,3.00
2859,150927154987,0.50
2860,79242038787,0.20
2861,199895486317,0.00
2862,80867705532,0.60
2863,199895486317,0.00
2864,1266967761,1.20
2865,199895486317,0.00
2866,83009351986,0.40
2867,199895486317,0.00
2868,4458791510,2.30
2869,1266967761,1.20
2870,58464626,468.40
2871,4539641297,3.30
2872,80867705532,0.60
2873,72521773680,12.30
2874,115941980080,0.90
2875,7651134063,119.80
2876,27925614,1046.90
2877,2087033181,6.00
2878,27925739,1008.50
2879,199895486317,0.00
2880,199895486317,0.00
2881,83009351986,0.40
2882,83009351986,0.40
2883,199895486317,0.00
2884,199895486317,0.00
2885,199895486317,0.00
2886,199895486317,0.00
2887,2888271166,1.30
2888,199895486317,0.00
2889,199895486317,0.00
2890,79242038787,0.20
2891,199895486317,0.00
2892,95817248569,1.00
2893,199895486317,0.00
2894,139650466286,0.10
2895,4057093647,1.70
2896,76415541574,0.30
2897,8032563320,3.70
2898,20487003678,3.80
2899,816141973,2.00
2900,139650466286,0.10
2901,199895486317,0.00
2902,4057093647,1.70
2903,199895486317,0.00
2904,199895486317,0.00
2905,95817248569,1.00
2906,76415541574,0.30
2907,86182678,511.10
2908,199895486317,0.00
2909,70379261,2416.40
2910,2357163612,2.40
2911,38181536,1061.30
2912,1266967761,1.20
2913,199895486317,0.00
2914,666957213,3.00
2915,199895486317,0.00
2916,76415541574,0.30
2917,199895486317,0.00
2918,199895486317,0.00
2919,12523004921,10.20
2920,199895486317,0.00
2921,4758913635,1.40
2922,79242038787,0.20
2923,4758913635,1.40
2924,4502398814,9.00
2925,199895486317,0.00
2926,2087033181,6.00
2927,80867705532,0.60
2928,79242038787,0.20
2929,199895486317,0.00
2930,254249750356,0.70
2931,199895486317,0.00
2932,199895486317,0.00
2933,199895486317,0.00
2934,27009617809,60.60
2935,666957213,3.00
2936,199895486317,0.00
2937,115941980080,0.90
2938,14160204546,5.40
2939,40564689,1203.00
2940,80867705532,0.60
2941,76415541574,0.30
2942,76415541574,0.30
2943,329655230459,0.80
2944,329655230459,0.80
2945,199895486317,0.00
2946,139650466286,0.10
2947,666957213,3.00
2948,2087033181,6.00
2949,666957213,3.00
2950,34365333,1301.60
2951,4338421793,1.10
2952,139650466286,0.10
2953,50886619258,10.80
2954,83009351986,0.40
2955,1760907135,1.50
2956,6142017813,6.20
2957,76415541574,0.30
2958,79242038787,0.20
2959,25113343154,52.40
2960,115941980080,0.90
2961,83009351986,0.40
2962,32371610848,10.50
2963,329655230459,0.80
2964,80867705532,0.60
2965,79922625,976.90
2966,199895486317,0.00
2967,74555619,768.10
2968,199895486317,0.00
2969,12320299609,3.50
2970,1760907135,1.50
2971,45046857,911.10
2972,14924553303,14.00
2973,95817248569,1.00
2974,199895486317,0.00
2975,199895486317,0.00
2976,3533205242,5.00
2977,329655230459,0.80
2978,14924553303,14.00
2979,79242038787,0.20
2980,199895486317,0.00
2981,8340425463,2.80
2982,42656632,2004.50
2983,34126352,1340.00
2984,80867705532,0.60
2985,199895486317,0.00
2986,76415541574,0.30
2987,76415541574,0.30
2988,199895486317,0.00
2989,150927154987,0.50
2990,199895486317,0.00
2991,199895486317,0.00
2992,26971500,1608.90
2993,199895486317,0.00
2994,199895486317,0.00
2995,83009351986,0.40
2996,3659949032,1.80
2997,1266967761,1.20
2998,199895486317,0.00
2999,8340425463,2.80
3000,1760907135,1.50
3001,79242038787,0.20
3002,5042884793,2.50
3003,71219230,3553.40
3004,199895486317,0.00
3005,254249750356,0.70
3006,83009351986,0.40
3007,199895486317,0.00
3008,95817248569,1.00
3009,4338421793,1.10
3010,79242038787,0.20
3011,58392216619,10.40
3012,199895486317,0.00
3013,199895486317,0.00
3014,79242038787,0.20
3015,199895486317,0.00
3016,1266967761,1.20
3017,79242038787,0.20
3018,199895486317,0.00
3019,80867705532,0.60
3020,199895486317,0.00
3021,199895486317,0.00
3022,80867705532,0.60
3023,199895486317,0.00
3024,6142017813,6.20
3025,199895486317,0.00
3026,199895486317,0.00
3027,123785728685,22.90
3028,199895486317,0.00
3029,816141973,2.00
3030,199895486317,0.00
3031,6234820802,3.10
3032,83009351986,0.40
3033,199895486317,0.00
3034,4458791510,2.30
3035,79242038787,0.20
3036,5042884793,2.50
3037,199895486317,0.00
3038,68596657,233.50
3039,80867705532,0.60
3040,199895486317,0.00
3041,21903965116,5.30
3042,199895486317,0.00
3043,115941980080,0.90
3044,4712817484,2.90
3045,6234820802,3.10
3046,38790921,575.30
3047,18868046237,7.20
3048,199895486317,0.00
3049,6284869566,3.40
3050,199895486317,0.00
3051,76415541574,0.30
3052,150927154987,0.50
3053,199895486317,0.00
3054,60844581,658.20
3055,79242038787,0.20
3056,115941980080,0.90
3057,48196146,1599.10
3058,199895486317,0.00
3059,199895486317,0.00
3060,80867705532,0.60
3061,83009351986,0.40
3062,199895486317,0.00
3063,115941980080,0.90
3064,199895486317,0.00
3065,199895486317,0.00
3066,199895486317,0.00
3067,254249750356,0.70
3068,199895486317,0.00
3069,48916123,2629.70
3070,199895486317,0.00
3071,199895486317,0.00
3072,199895486317,0.00
3073,80867705532,0.60
3074,79242038787,0.20
3075,79242038787,0.20
3076,80867705532,0.60
3077,80867705532,0.60
3078,199895486317,0.00
3079,199895486317,0.00
3080,199895486317,0.00
3081,199895486317,0.00
3082,95817248569,1.00
3083,2357163612,2.40
3084,72075721288,43.00
3085,139650466286,0.10
3086,199895486317,0.00
3087,80867705532,0.60
3088,4458791510,2.30
3089,254249750356,0.70
3090,80867705532,0.60
3091,76415541574,0.30
3092,199895486317,0.00
3093,199895486317,0.00
3094,80867705532,0.60
3095,4539641297,3.30
3096,36034273,1164.50
3097,22531024007,10.10
3098,199895486317,0.00
3099,80867705532,0.60
3100,199895486317,0.00
3101,254249750356,0.70
3102,199895486317,0.00
3103,199895486317,0.00
3104,80867705532,0.60
3105,199895486317,0.00
3106,6234820802,3.10
3107,36385281,400.50
3108,31634971,437.10
3109,199895486317,0.00
3110,199895486317,0.00
3111,199895486317,0.00
3112,199895486317,0.00
3113,139650466286,0.10
3114,666957213,3.00
3115,199895486317,0.00
3116,69190560,339.20
3117,199895486317,0.00
3118,199895486317,0.00
3119,199895486317,0.00
3120,80867705532,0.60
3121,199895486317,0.00
3122,115941980080,0.90
3123,199895486317,0.00
3124,199895486317,0.00
3125,83009351986,0.40
3126,12385089536,30.00
3127,199895486317,0.00
3128,82601263,2930.30
3129,115941980080,0.90
3130,816141973,2.00
3131,690636508,156.70
3132,199895486317,0.00
3133,69488632,728.80
3134,199895486317,0.00
3135,25960560070,4.90
3136,816141973,2.00
3137,199895486317,0.00
3138,666957213,3.00
3139,199895486317,0.00
3140,199895486317,0.00
3141,199895486317,0.00
3142,199895486317,0.00
3143,83009351986,0.40
3144,8723620116,4.40
3145,199895486317,0.00
3146,150927154987,0.50
3147,199895486317,0.00
3148,816141973,2.00
3149,199895486317,0.00
3150,4152329205,2.10
3151,4057093647,1.70
3152,199895486317,0.00
3153,2888271166,1.30
3154,199895486317,0.00
3155,84697653062,11.70
3156,199895486317,0.00
3157,79242038787,0.20
3158,76415541574,0.30
3159,139650466286,0.10
3160,199895486317,0.00
3161,150927154987,0.50
3162,816141973,2.00
3163,199895486317,0.00
3164,80867705532,0.60
3165,199895486317,0.00
3166,199895486317,0.00
3167,51478876652,11.80
3168,6434388198,2.20
3169,50113110,610.90
3170,199895486317,0.00
3171,199895486317,0.00
3172,666957213,3.00
3173,80867705532,0.60
3174,199895486317,0.00
3175,95817248569,1.00
3176,199895486317,0.00
3177,80867705532,0.60
3178,79242038787,0.20
3179,199895486317,0.00
3180,329655230459,0.80
3181,199895486317,0.00
3182,71273486,2827.00
3183,2888271166,1.30
3184,199895486317,0.00
3185,1266967761,1.20
3186,254249750356,0.70
3187,20758625589,4.50
3188,76415541574,0.30
3189,79242038787,0.20
3190,109713367045,88.40
3191,199895486317,0.00
3192,139650466286,0.10
3193,31398995942,15.00
3194,50039995,5000.00
3195,199895486317,0.00
3196,150927154987,0.50
3197,199895486317,0.00
3198,199895486317,0.00
3199,83009351986,0.40
3200,2087033181,6.00
3201,199895486317,0.00
3202,50039995,5000.00
3203,63831571,450.10
3204,15670990289,5.20
3205,199895486317,0.00
3206,199895486317,0.00
3207,199895486317,0.00
3208,666957213,3.00
3209,199895486317,0.00
3210,199895486317,0.00
3211,816141973,2.00
3212,80867705532,0.60
3213,199895486317,0.00
3214,199895486317,0.00
3215,199895486317,0.00
3216,79242038787,0.20
3217,254249750356,0.70
3218,4057093647,1.70
3219,199895486317,0.00
3220,199895486317,0.00
3221,199895486317,0.00
3222,79242038787,0.20
3223,6791588116,1.90
3224,1266967761,1.20
3225,95817248569,1.00
3226,199895486317,0.00
3227,76938273,2053.00
3228,199895486317,0.00
3229,150927154987,0.50
3230,50886619258,10.80
3231,46917306353,24.40
3232,83009351986,0.40
3233,199895486317,0.00
3234,95817248569,1.00
3235,115941980080,0.90
3236,37589655,994.30
3237,139650466286,0.10
3238,57737264,1088.50
3239,1835630896,4.00
3240,199895486317,0.00
3241,79242038787,0.20
3242,199895486317,0.00
3243,22728018116,7.50
3244,80867705532,0.60
3245,80867705532,0.60
3246,199895486317,0.00
3247,15349468070,10.60
3248,199895486317,0.00
3249,76415541574,0.30
3250,79242038787,0.20
3251,199895486317,0.00
3252,6434388198,2.20
3253,2087033181,6.00
3254,150927154987,0.50
3255,79242038787,0.20
3256,80867705532,0.60
3257,20487003678,3.80
3258,816141973,2.00
3259,3083830305,4.20
3260,666957213,3.00
3261,30816046472,6.80
3262,254249750356,0.70
3263,199895486317,0.00
3264,199895486317,0.00
3265,199895486317,0.00
3266,139650466286,0.10
3267,95817248569,1.00
3268,199895486317,0.00
3269,199895486317,0.00
3270,199895486317,0.00
3271,5934707987,2.60
3272,199895486317,0.00
3273,80867705532,0.60
3274,199895486317,0.00
3275,80867705532,0.60
3276,666957213,3.00
3277,199895486317,0.00
3278,199895486317,0.00
3279,199895486317,0.00
3280,666957213,3.00
3281,76415541574,0.30
3282,199895486317,0.00
3283,199895486317,0.00
3284,199895486317,0.00
3285,816141973,2.00
3286,1266967761,1.20
3287,79242038787,0.20
3288,199895486317,0.00
3289,95817248569,1.00
3290,79242038787,0.20
3291,199895486317,0.00
3292,199895486317,0.00
3293,139650466286,0.10
3294,5934707987,2.60
3295,67461991354,22.20
3296,199895486317,0.00
3297,199895486317,0.00
3298,3083830305,4.20
3299,80867705532,0.60
3300,199895486317,0.00
3301,76415541574,0.30
3302,199895486317,0.00
3303,199895486317,0.00
3304,254249750356,0.70
3305,95817248569,1.00
3306,83009351986,0.40
3307,199895486317,0.00
3308,199895486317,0.00
3309,199895486317,0.00
3310,199895486317,0.00
3311,66640311385,8.80
3312,83009351986,0.40
3313,150927154987,0.50
3314,199895486317,0.00
3315,5934707987,2.60
3316,8032563320,3.70
3317,666957213,3.00
3318,199895486317,0.00
3319,199895486317,0.00
3320,6626433049,3.60
3321,4152329205,2.10
3322,79242038787,0.20
3323,95817248569,1.00
3324,48196350,1143.60
3325,199895486317,0.00
3326,199895486317,0.00
3327,11661872830,5.60
3328,254249750356,0.70
3329,199895486317,0.00
3330,76415541574,0.30
3331,816141973,2.00
3332,199895486317,0.00
3333,199895486317,0.00
3334,67642016,3708.30
3335,199895486317,0.00
3336,76415541574,0.30
3337,199895486317,0.00
3338,3787767099,10.00
3339,83009351986,0.40
3340,488547451,181.80
3341,816141973,2.00
3342,199895486317,0.00
3343,3533205242,5.00
3344,139650466286,0.10
3345,83009351986,0.40
3346,80867705532,0.60
3347,199895486317,0.00
3348,199895486317,0.00
3349,199895486317,0.00
3350,199895486317,0.00
3351,58467979,425.50
3352,329655230459,0.80
3353,4057093647,1.70
3354,199895486317,0.00
3355,1835630896,4.00
3356,150927154987,0.50
3357,199895486317,0.00
3358,199895486317,0.00
3359,76415541574,0.30
3360,199895486317,0.00
3361,76415541574,0.30
3362,199895486317,0.00
3363,4502398814,9.00
3364,199895486317,0.00
3365,79242038787,0.20
3366,199895486317,0.00
3367,329655230459,0.80
3368,199895486317,0.00
3369,199895486317,0.00
3370,199895486317,0.00
3371,76415541574,0.30
3372,199895486317,0.00
3373,95817248569,1.00
3374,199895486317,0.00
3375,199895486317,0.00
3376,28166241,1067.90
3377,199895486317,0.00
3378,43555460,691.80
3379,76415541574,0.30
3380,83009351986,0.40
3381,83009351986,0.40
3382,115941980080,0.90
3383,199895486317,0.00
3384,12770198841,10.30
3385,199895486317,0.00
3386,199895486317,0.00
3387,199895486317,0.00
3388,8566984126,20.00
3389,199895486317,0.00
3390,199895486317,0.00
3391,199895486317,0.00
3392,199895486317,0.00
3393,76415541574,0.30
3394,199895486317,0.00
3395,199895486317,0.00
3396,199895486317,0.00
3397,254249750356,0.70
3398,199895486317,0.00
3399,95817248569,1.00
3400,199895486317,0.00
3401,83009351986,0.40
3402,199895486317,0.00
3403,199895486317,0.00
3404,199895486317,0.00
3405,254249750356,0.70
3406,199895486317,0.00
3407,199895486317,0.00
3408,199895486317,0.00
3409,4152329205,2.10
3410,83009351986,0.40
3411,1835630896,4.00
3412,199895486317,0.00
3413,199895486317,0.00
3414,199895486317,0.00
3415,666957213,3.00
3416,199895486317,0.00
3417,1835630896,4.00
3418,1266967761,1.20
3419,199895486317,0.00
3420,666957213,3.00
3421,80867705532,0.60
3422,199895486317,0.00
3423,199895486317,0.00
3424,95613194,202.10
3425,3533205242,5.00
3426,36700152,631.50
3427,2888271166,1.30
3428,199895486317,0.00
3429,2888271166,1.30
3430,72170077,787.80
3431,254249750356,0.70
3432,199895486317,0.00
3433,199895486317,0.00
3434,3027022267,3.20
3435,52668468141,11.20
3436,32825794,767.40
3437,14160204546,5.40
3438,1266967761,1.20
3439,199895486317,0.00
3440,199895486317,0.00
3441,95817248569,1.00
3442,666957213,3.00
3443,199895486317,0.00
3444,329655230459,0.80
3445,139650466286,0.10
3446,39081695,648.50
3447,6284869566,3.40
3448,199895486317,0.00
3449,199895486317,0.00
3450,1760907135,1.50
3451,33963859782,5.70
3452,76415541574,0.30
3453,199895486317,0.00
3454,199895486317,0.00
3455,76415541574,0.30
3456,4712817484,2.90
3457,199895486317,0.00
3458,139650466286,0.10
3459,199895486317,0.00
3460,199895486317,0.00
3461,31398995942,15.00
3462,199895486317,0.00
3463,254249750356,0.70
3464,199895486317,0.00
3465,199895486317,0.00
3466,6434388198,2.20
3467,199895486317,0.00
3468,816141973,2.00
3469,6284869566,3.40
3470,666957213,3.00
3471,199895486317,0.00
3472,22728018116,7.50
3473,199895486317,0.00
3474,76415541574,0.30
3475,76415541574,0.30
3476,199895486317,0.00
3477,31337803,520.10
3478,199895486317,0.00
3479,199895486317,0.00
3480,33390102871,106.40
3481,5042884793,2.50
3482,83009351986,0.40
3483,115941980080,0.90
3484,80867705532,0.60
3485,3787767099,10.00
3486,199895486317,0.00
3487,199895486317,0.00
3488,80777427166,31.50
3489,199895486317,0.00
3490,22745735994,45.20
3491,1760907135,1.50
3492,3027022267,3.20
3493,4758913635,1.40
3494,19399232990,5.50
3495,67461991354,22.20
3496,199895486317,0.00
3497,199895486317,0.00
3498,199895486317,0.00
3499,199895486317,0.00
3500,36749373,1648.40
3501,199895486317,0.00
3502,31930004,884.30
3503,199895486317,0.00
3504,139650466286,0.10
3505,254249750356,0.70
3506,76415541574,0.30
3507,199895486317,0.00
3508,199895486317,0.00
3509,68000531,652.70
3510,199895486317,0.00
3511,6234820802,3.10
3512,199895486317,0.00
3513,4338421793,1.10
3514,95817248569,1.00
3515,199895486317,0.00
3516,199895486317,0.00
3517,329655230459,0.80
3518,199895486317,0.00
3519,52668468141,11.20
3520,76415541574,0.30
3521,190124283328,9.50
3522,199895486317,0.00
3523,199895486317,0.00
3524,69469704800,4.70
3525,79242038787,0.20
3526,2087033181,6.00
3527,199895486317,0.00
3528,4458791510,2.30
3529,79242038787,0.20
3530,25970068104,44.90
3531,199895486317,0.00
3532,126160202996,34.00
3533,199895486317,0.00
3534,199895486317,0.00
3535,39920417413,10.70
3536,139650466286,0.10
3537,1760907135,1.50
3538,76415541574,0.30
3539,199895486317,0.00
3540,199895486317,0.00
3541,329655230459,0.80
3542,199895486317,0.00
3543,83009351986,0.40
3544,199895486317,0.00
3545,199895486317,0.00
3546,71851189,203.80
3547,76415541574,0.30
3548,199895486317,0.00
3549,199895486317,0.00
3550,43189426,1201.50
3551,1266967761,1.20
3552,100194618,3852.80
3553,79023992,2941.50
3554,47482679,1195.10
3555,199895486317,0.00
3556,199895486317,0.00
3557,95817248569,1.00
3558,115941980080,0.90
3559,199895486317,0.00
3560,4539641297,3.30
3561,95817248569,1.00
3562,199895486317,0.00
3563,199895486317,0.00
3564,816141973,2.00
3565,41003731,553.70
3566,4458791510,2.30
3567,199895486317,0.00
3568,199895486317,0.00
3569,3027022267,3.20
3570,816141973,2.00
3571,199895486317,0.00
3572,199895486317,0.00
3573,115941980080,0.90
3574,199895486317,0.00
3575,199895486317,0.00
3576,76415541574,0.30
3577,71851189,203.80
3578,199895486317,0.00
3579,329655230459,0.80
3580,79242038787,0.20
3581,816141973,2.00
3582,199895486317,0.00
3583,199895486317,0.00
3584,150927154987,0.50
3585,83009351986,0.40
3586,76415541574,0.30
3587,76415541574,0.30
3588,4338421793,1.10
3589,25540482,1167.40
3590,5934707987,2.60
3591,199895486317,0.00
3592,49393171527,100.90
3593,199895486317,0.00
3594,199895486317,0.00
3595,199895486317,0.00
3596,199895486317,0.00
3597,816141973,2.00
3598,199895486317,0.00
3599,199895486317,0.00
3600,199895486317,0.00
3601,80867705532,0.60
3602,21903965116,5.30
3603,44747978,3452.30
3604,79242038787,0.20
3605,150927154987,0.50
3606,95817248569,1.00
3607,199895486317,0.00
3608,199895486317,0.00
3609,199895486317,0.00
3610,79242038787,0.20
3611,35805398,315.90
3612,65614675230,13.70
3613,666957213,3.00
3614,199895486317,0.00
3615,199895486317,0.00
3616,199895486317,0.00
3617,12523004921,10.20
3618,4539641297,3.30
3619,128787648,193.10
3620,816141973,2.00
3621,199895486317,0.00
3622,199895486317,0.00
3623,199895486317,0.00
3624,15406571203,12.00
3625,199895486317,0.00
3626,84096569,569.80
3627,44618813,1295.80
3628,666957213,3.00
3629,5934707987,2.60
3630,15406571203,12.00
3631,199895486317,0.00
3632,1266967761,1.20
3633,199895486317,0.00
3634,199895486317,0.00
3635,199895486317,0.00
3636,666957213,3.00
3637,139650466286,0.10
3638,199895486317,0.00
3639,199895486317,0.00
3640,199895486317,0.00
3641,199895486317,0.00
3642,95817248569,1.00
3643,199895486317,0.00
3644,199895486317,0.00
3645,12320299609,3.50
3646,150927154987,0.50
3647,95817248569,1.00
3648,76415541574,0.30
3649,4338421793,1.10
3650,199895486317,0.00
3651,150927154987,0.50
3652,2888271166,1.30
3653,79242038787,0.20
3654,199895486317,0.00
3655,1835630896,4.00
3656,52830024,220.30
3657,150927154987,0.50
3658,95817248569,1.00
3659,83009351986,0.40
3660,199895486317,0.00
3661,2087033181,6.00
3662,1266967761,1.20
3663,199895486317,0.00
3664,139650466286,0.10
3665,199895486317,0.00
3666,199895486317,0.00
3667,199895486317,0.00
3668,199895486317,0.00
3669,53691621,869.40
3670,199895486317,0.00
3671,199895486317,0.00
3672,329655230459,0.80
3673,76415541574,0.30
3674,199895486317,0.00
3675,81120026,627.80
3676,199895486317,0.00
3677,199895486317,0.00
3678,76415541574,0.30
3679,81116287,357.20
3680,199895486317,0.00
3681,76415541574,0.30
3682,35809383,434.10
3683,83009351986,0.40
3684,199895486317,0.00
3685,4338421793,1.10
3686,254249750356,0.70
3687,80867705532,0.60
3688,79242038787,0.20
3689,76415541574,0.30
3690,199895486317,0.00
3691,76415541574,0.30
3692,76415541574,0.30
3693,199895486317,0.00
3694,32371610848,10.50
3695,73360137,2773.40
3696,199895486317,0.00
3697,50039995,5000.00
3698,199895486317,0.00
3699,199895486317,0.00
3700,83009351986,0.40
3701,199895486317,0.00
3702,134373568999,13.20
3703,115941980080,0.90
3704,50712638,346.10
3705,139650466286,0.10
3706,199895486317,0.00
3707,79630266,535.70
3708,64132159,376.20
3709,199895486317,0.00
3710,199895486317,0.00
3711,4152329205,2.10
3712,76415541574,0.30
3713,83009351986,0.40
3714,199895486317,0.00
3715,199895486317,0.00
3716,76415541574,0.30
3717,4152329205,2.10
3718,199895486317,0.00
3719,3659949032,1.80
3720,199895486317,0.00
3721,199895486317,0.00
3722,2087033181,6.00
3723,79242038787,0.20
3724,2812738244,1.60
3725,4539641297,3.30
3726,199895486317,0.00
3727,82308658,864.10
3728,199895486317,0.00
3729,199895486317,0.00
3730,199895486317,0.00
3731,199895486317,0.00
3732,174087462528,22.10
3733,6234820802,3.10
3734,199895486317,0.00
3735,80867705532,0.60
3736,199895486317,0.00
3737,63935281,1426.90
3738,199895486317,0.00
3739,1266967761,1.20
3740,2087033181,6.00
3741,22422330295,7.40
3742,199895486317,0.00
3743,199895486317,0.00
3744,199895486317,0.00
3745,50706273,943.30
3746,83009351986,0.40
3747,199895486317,0.00
3748,199895486317,0.00
3749,329655230459,0.80
3750,199895486317,0.00
3751,82012187,321.10
3752,2087033181,6.00
3753,199895486317,0.00
3754,199895486317,0.00
3755,6791588116,1.90
3756,199895486317,0.00
3757,83009351986,0.40
3758,4152329205,2.10
3759,1266967761,1.20
3760,139650466286,0.10
3761,43426562,1807.30
3762,199895486317,0.00
3763,199895486317,0.00
3764,2357163612,2.40
3765,199895486317,0.00
3766,140854611749,12.60
3767,199895486317,0.00
3768,816141973,2.00
3769,199895486317,0.00
3770,76415541574,0.30
3771,199895486317,0.00
3772,75154370,554.80
3773,80867705532,0.60
3774,115941980080,0.90
3775,199895486317,0.00
3776,139650466286,0.10
3777,666957213,3.00
3778,199895486317,0.00
3779,1266967761,1.20
3780,76399530,263.70
3781,45810950,1766.70
3782,199895486317,0.00
3783,79242038787,0.20
3784,816141973,2.00
3785,3083830305,4.20
3786,199895486317,0.00
3787,4445999665,2.70
3788,199895486317,0.00
3789,79242038787,0.20
3790,63821407,2267.70
3791,199895486317,0.00
3792,816141973,2.00
3793,62330334,4437.90
3794,139650466286,0.10
3795,4758913635,1.40
3796,199895486317,0.00
3797,199895486317,0.00
3798,95817248569,1.00
3799,80867705532,0.60
3800,199895486317,0.00
3801,1835630896,4.00
3802,80867705532,0.60
3803,199895486317,0.00
3804,666957213,3.00
3805,76415541574,0.30
3806,139650466286,0.10
3807,199895486317,0.00
3808,50886619258,10.80
3809,139650466286,0.10
3810,4338421793,1.10
3811,199895486317,0.00
3812,76415541574,0.30
3813,76415541574,0.30
3814,199895486317,0.00
3815,115941980080,0.90
3816,74589233,298.00
3817,29356836,1580.90
3818,76415541574,0.30
3819,199895486317,0.00
3820,199895486317,0.00
3821,254249750356,0.70
3822,12320299609,3.50
3823,37891032,475.30
3824,83009351986,0.40
3825,199895486317,0.00
3826,666957213,3.00
3827,139650466286,0.10
3828,199895486317,0.00
3829,199895486317,0.00
3830,199895486317,0.00
3831,199895486317,0.00
3832,199895486317,0.00
3833,199895486317,0.00
3834,666957213,3.00
3835,199895486317,0.00
3836,1835630896,4.00
3837,199895486317,0.00
3838,1835630896,4.00
3839,65023046,613.40
3840,120114213393,32.00
3841,37592840,634.70
3842,199895486317,0.00
3843,76415541574,0.30
3844,199895486317,0.00
3845,199895486317,0.00
3846,60553355,320.60
3847,4057093647,1.70
3848,816141973,2.00
3849,1266967761,1.20
3850,816141973,2.00
3851,79242038787,0.20
3852,1760907135,1.50
3853,72292485,3053.90
3854,199895486317,0.00
3855,4758913635,1.40
3856,816141973,2.00
3857,87973550,881.60
3858,199895486317,0.00
3859,199895486317,0.00
3860,199895486317,0.00
3861,199895486317,0.00
3862,55589654,1190.00
3863,55784210,388.80
3864,32512380776,47.50
3865,199895486317,0.00
3866,199895486317,0.00
3867,63458193,1566.20
3868,38487150,868.00
3869,199895486317,0.00
3870,199895486317,0.00
3871,42660317,389.30
3872,59971073797,21.10
3873,199895486317,0.00
3874,76415541574,0.30
3875,199895486317,0.00
3876,87378035,816.30
3877,61444463,680.30
3878,76415541574,0.30
3879,199895486317,0.00
3880,18067699831,5.80
3881,666957213,3.00
3882,50768469572,101.20
3883,20521450,1342.00
3884,2087033181,6.00
3885,80867705532,0.60
3886,261148430,185.20
3887,199895486317,0.00
3888,4539641297,3.30
3889,199895486317,0.00
3890,80867705532,0.60
3891,4152329205,2.10
3892,199895486317,0.00
3893,199895486317,0.00
3894,199895486317,0.00
3895,666957213,3.00
3896,76415541574,0.30
3897,199895486317,0.00
3898,199895486317,0.00
3899,199895486317,0.00
3900,199895486317,0.00
3901,199895486317,0.00
3902,199895486317,0.00
3903,199895486317,0.00
3904,199895486317,0.00
3905,199895486317,0.00
3906,199895486317,0.00
3907,6142017813,6.20
3908,199895486317,0.00
3909,199895486317,0.00
3910,199895486317,0.00
3911,816141973,2.00
3912,666957213,3.00
3913,199895486317,0.00
3914,41759172,1201.90
3915,3083830305,4.20
3916,199895486317,0.00
3917,199895486317,0.00
3918,199895486317,0.00
3919,199895486317,0.00
3920,6142017813,6.20
3921,199895486317,0.00
3922,95817248569,1.00
3923,4338421793,1.10
3924,329655230459,0.80
3925,199895486317,0.00
3926,81118124,808.80
3927,199895486317,0.00
3928,4445999665,2.70
3929,199895486317,0.00
3930,199895486317,0.00
3931,199895486317,0.00
3932,47241396,1936.70
3933,199895486317,0.00
3934,2087033181,6.00
3935,199895486317,0.00
3936,76415541574,0.30
3937,199895486317,0.00
3938,199895486317,0.00
3939,199895486317,0.00
3940,79927640,466.00
3941,199895486317,0.00
3942,199895486317,0.00
3943,199895486317,0.00
3944,3659949032,1.80
3945,199895486317,0.00
3946,76415541574,0.30
3947,150927154987,0.50
3948,199895486317,0.00
3949,199895486317,0.00
3950,199895486317,0.00
3951,199895486317,0.00
3952,66640311385,8.80
3953,199895486317,0.00
3954,83009351986,0.40
3955,7119552768,4.30
3956,2812738244,1.60
3957,50039995,5000.00
3958,21307593883,4.80
3959,199895486317,0.00
3960,199895486317,0.00
3961,3027022267,3.20
3962,199895486317,0.00
3963,79242038787,0.20
3964,1266967761,1.20
3965,199895486317,0.00
3966,199895486317,0.00
3967,199895486317,0.00
3968,115941980080,0.90
3969,76415541574,0.30
3970,816141973,2.00
3971,199895486317,0.00
3972,254249750356,0.70
3973,199895486317,0.00
3974,139650466286,0.10
3975,1835630896,4.00
3976,95817248569,1.00
3977,95817248569,1.00
3978,199895486317,0.00
3979,199895486317,0.00
3980,12702239650,6.40
3981,80867705532,0.60
3982,4057093647,1.70
3983,1603174511,141.50
3984,51908668,329.00
3985,199895486317,0.00
3986,199895486317,0.00
3987,199895486317,0.00
3988,95817248569,1.00
3989,76415541574,0.30
3990,199895486317,0.00
3991,199895486317,0.00
3992,95817248569,1.00
3993,199895486317,0.00
3994,76415541574,0.30
3995,199895486317,0.00
3996,58212027,1068.60
3997,79242038787,0.20
3998,59904480916,25.10
3999,2357163612,2.40
4000,150927154987,0.50
4001,15349468070,10.60
4002,199895486317,0.00
4003,30816046472,6.80
4004,199895486317,0.00
4005,5042884793,2.50
4006,80867705532,0.60
4007,199895486317,0.00
4008,80867705532,0.60
4009,199895486317,0.00
4010,76415541574,0.30
4011,199895486317,0.00
4012,199895486317,0.00
4013,76415541574,0.30
4014,199895486317,0.00
4015,79242038787,0.20
4016,199895486317,0.00
4017,199895486317,0.00
4018,199895486317,0.00
4019,73369492,591.00
4020,76415541574,0.30
4021,5042884793,2.50
4022,2812738244,1.60
4023,79242038787,0.20
4024,199895486317,0.00
4025,816141973,2.00
4026,115941980080,0.90
4027,199895486317,0.00
4028,51478876652,11.80
4029,199895486317,0.00
4030,816141973,2.00
4031,199895486317,0.00
4032,199895486317,0.00
4033,50039995,5000.00
4034,199895486317,0.00
4035,199895486317,0.00
4036,199895486317,0.00
4037,87378786,715.40
4038,150927154987,0.50
4039,199895486317,0.00
4040,199895486317,0.00
4041,199895486317,0.00
4042,199895486317,0.00
4043,33856617,267.20
4044,199895486317,0.00
4045,6812745793,3.90
4046,199895486317,0.00
4047,76415541574,0.30
4048,6434388198,2.20
4049,41766937,546.80
4050,199895486317,0.00
4051,2357163612,2.40
4052,15923601779,4.10
4053,199895486317,0.00
4054,3533205242,5.00
4055,80867705532,0.60
4056,199895486317,0.00
4057,83009351986,0.40
4058,32207046,1020.70
4059,3027022267,3.20
4060,83009351986,0.40
4061,1835630896,4.00
4062,4458791510,2.30
4063,666957213,3.00
4064,199895486317,0.00
4065,50580834,1571.30
4066,79242038787,0.20
4067,79242038787,0.20
4068,199895486317,0.00
4069,54875141,1329.70
4070,199895486317,0.00
4071,4057093647,1.70
4072,199895486317,0.00
4073,199895486317,0.00
4074,199895486317,0.00
4075,15160324412,6.60
4076,8340425463,2.80
4077,2087033181,6.00
4078,83009351986,0.40
4079,199895486317,0.00
4080,199895486317,0.00
4081,199895486317,0.00
4082,46049967,1068.50
4083,3533205242,5.00
4084,1266967761,1.20
4085,199895486317,0.00
4086,4338421793,1.10
4087,199895486317,0.00
4088,80867705532,0.60
4089,79242038787,0.20
4090,199895486317,0.00
4091,2087033181,6.00
4092,83009351986,0.40
4093,199895486317,0.00
4094,83009351986,0.40
4095,67100011,2675.70
4096,199895486317,0.00
4097,1266967761,1.20
4098,329655230459,0.80
4099,199895486317,0.00
4100,115941980080,0.90
4101,12523004921,10.20
4102,199895486317,0.00
4103,83009351986,0.40
4104,199895486317,0.00
4105,199895486317,0.00
4106,79242038787,0.20
4107,199895486317,0.00
4108,199895486317,0.00
4109,95942927463,32.40
4110,4152329205,2.10
4111,199895486317,0.00
4112,46609802,218.90
4113,150927154987,0.50
4114,199895486317,0.00
4115,199895486317,0.00
4116,3659949032,1.80
4117,199895486317,0.00
4118,79242038787,0.20
4119,72768378,475.40
4120,199895486317,0.00
4121,22119988485,9.40
4122,199895486317,0.00
4123,4758913635,1.40
4124,25780209,1288.70
4125,5042884793,2.50
4126,199895486317,0.00
4127,115941980080,0.90
4128,83009351986,0.40
4129,78687341,238.50
4130,666957213,3.00
4131,199895486317,0.00
4132,80867705532,0.60
4133,79242038787,0.20
4134,75446950,2255.50
4135,254249750356,0.70
4136,199895486317,0.00
4137,199895486317,0.00
4138,150927154987,0.50
4139,150927154987,0.50
4140,199895486317,0.00
4141,254249750356,0.70
4142,666957213,3.00
4143,199895486317,0.00
4144,9656137820,7.00
4145,199895486317,0.00
4146,76415541574,0.30
4147,199895486317,0.00
4148,199895486317,0.00
4149,6434388198,2.20
4150,6626433049,3.60
4151,4758913635,1.40
4152,199895486317,0.00
4153,80867705532,0.60
4154,4758913635,1.40
4155,199895486317,0.00
4156,79242038787,0.20
4157,2812738244,1.60
4158,199895486317,0.00
4159,95817248569,1.00
4160,4338421793,1.10
4161,199895486317,0.00
4162,199895486317,0.00
4163,139650466286,0.10
4164,95817248569,1.00
4165,199895486317,0.00
4166,139650466286,0.10
4167,83009351986,0.40
4168,199895486317,0.00
4169,70002418239,97.10
4170,139650466286,0.10
4171,150927154987,0.50
4172,199895486317,0.00
4173,139650466286,0.10
4174,199895486317,0.00
4175,329655230459,0.80
4176,133468039521,7.90
4177,76415541574,0.30
4178,80867705532,0.60
4179,199895486317,0.00
4180,135168694136,11.60
4181,79242038787,0.20
4182,45939640,342.10
4183,199895486317,0.00
4184,199895486317,0.00
4185,666957213,3.00
4186,199895486317,0.00
4187,199895486317,0.00
4188,21046756607,20.60
4189,139650466286,0.10
4190,150927154987,0.50
4191,199895486317,0.00
4192,139650466286,0.10
4193,139650466286,0.10
4194,199895486317,0.00
4195,1760907135,1.50
4196,199895486317,0.00
4197,4338421793,1.10
4198,3027022267,3.20
4199,32207046,1020.70
4200,199895486317,0.00
4201,6234820802,3.10
4202,121460570654,12.40
4203,199895486317,0.00
4204,2357163612,2.40
4205,199895486317,0.00
4206,199895486317,0.00
4207,199895486317,0.00
4208,199895486317,0.00
4209,80867705532,0.60
4210,254249750356,0.70
4211,329655230459,0.80
4212,199895486317,0.00
4213,199895486317,0.00
4214,76415541574,0.30
4215,50039995,5000.00
4216,115941980080,0.90
4217,199895486317,0.00
4218,199895486317,0.00
4219,254249750356,0.70
4220,1266967761,1.20
4221,115941980080,0.90
4222,1835630896,4.00
4223,72219757,228.30
4224,666957213,3.00
4225,199895486317,0.00
4226,3027022267,3.20
4227,199895486317,0.00
4228,73663915,948.80
4229,666957213,3.00
4230,6812745793,3.90
4231,115941980080,0.90
4232,70206518738,67.30
4233,139650466286,0.10
4234,816141973,2.00
4235,199895486317,0.00
4236,1693668468,150.80
4237,14160204546,5.40
4238,254249750356,0.70
4239,139650466286,0.10
4240,199895486317,0.00
4241,199895486317,0.00
4242,2888271166,1.30
4243,85294601,358.40
4244,15160324412,6.60
4245,199895486317,0.00
4246,79242038787,0.20
4247,7406895493,8.00
4248,115941980080,0.90
4249,199895486317,0.00
4250,1266967761,1.20
4251,138894432694,24.50
4252,2812738244,1.60
4253,199895486317,0.00
4254,76415541574,0.30
4255,95817248569,1.00
4256,329655230459,0.80
4257,14924553303,14.00
4258,199895486317,0.00
4259,31265105,1134.00
4260,199895486317,0.00
4261,4539641297,3.30
4262,3533205242,5.00
4263,199895486317,0.00
4264,666957213,3.00
4265,81706851,4741.70
4266,76415541574,0.30
4267,3533205242,5.00
4268,1835630896,4.00
4269,79242038787,0.20
4270,199895486317,0.00
4271,35506427,637.30
4272,199895486317,0.00
4273,86264175312,14.30
4274,106633553,3497.00
4275,199895486317,0.00
4276,199895486317,0.00
4277,4458791510,2.30
4278,199895486317,0.00
4279,45334385,1651.00
4280,150927154987,0.50
4281,199895486317,0.00
4282,199895486317,0.00
4283,79242038787,0.20
4284,199895486317,0.00
4285,150927154987,0.50
4286,83009351986,0.40
4287,199895486317,0.00
4288,199895486317,0.00
4289,199895486317,0.00
4290,199895486317,0.00
4291,2812738244,1.60
4292,4057093647,1.70
4293,79242038787,0.20
4294,199895486317,0.00
4295,139650466286,0.10
4296,139650466286,0.10
4297,80867705532,0.60
4298,199895486317,0.00
4299,8566984126,20.00
4300,199895486317,0.00
4301,199895486317,0.00
4302,199895486317,0.00
4303,199895486317,0.00
4304,76415541574,0.30
4305,199895486317,0.00
4306,83009351986,0.40
4307,115941980080,0.90
4308,199895486317,0.00
4309,139650466286,0.10
4310,139650466286,0.10
4311,268918718323,17.70
4312,199895486317,0.00
4313,63925486258,6.70
4314,816141973,2.00
4315,199895486317,0.00
4316,21903965116,5.30
4317,79242038787,0.20
4318,5042884793,2.50
4319,199895486317,0.00
4320,84697653062,11.70
4321,79242038787,0.20
4322,79242038787,0.20
4323,21046756607,20.60
4324,79434867582,102.20
4325,199895486317,0.00
4326,199895486317,0.00
4327,199895486317,0.00
4328,199895486317,0.00
4329,199895486317,0.00
4330,199895486317,0.00
4331,199895486317,0.00
4332,1835630896,4.00
4333,199895486317,0.00
4334,199895486317,0.00
4335,8566984126,20.00
4336,83009351986,0.40
4337,95817248569,1.00
4338,199895486317,0.00
4339,76415541574,0.30
4340,199895486317,0.00
4341,1835630896,4.00
4342,9656137820,7.00
4343,199895486317,0.00
4344,199895486317,0.00
4345,199895486317,0.00
4346,76415541574,0.30
4347,7119552768,4.30
4348,4057093647,1.70
4349,199895486317,0.00
4350,79242038787,0.20
4351,199895486317,0.00
4352,95817248569,1.00
4353,88279186,390.60
4354,199895486317,0.00
4355,199895486317,0.00
4356,4057093647,1.70
4357,57563900,961.70
4358,199895486317,0.00
4359,199895486317,0.00
4360,21903965116,5.30
4361,69195508,665.80
4362,2888271166,1.30
4363,6234820802,3.10
4364,139650466286,0.10
4365,199895486317,0.00
4366,12523004921,10.20
4367,199895486317,0.00
4368,199895486317,0.00
4369,53206314,1173.60
4370,199895486317,0.00
4371,11668864656,11.00
4372,4458791510,2.30
4373,199895486317,0.00
4374,199895486317,0.00
4375,199895486317,0.00
4376,95817248569,1.00
4377,115941980080,0.90
4378,23990017937,6.90
4379,86264175312,14.30
4380,115941980080,0.90
4381,48620238,752.80
4382,199895486317,0.00
4383,62330852,2455.30
4384,199895486317,0.00
4385,199895486317,0.00
4386,6434388198,2.20
4387,76415541574,0.30
4388,199895486317,0.00
4389,199895486317,0.00
4390,79242038787,0.20
4391,150927154987,0.50
4392,80867705532,0.60
4393,134033735158,18.70
4394,1835630896,4.00
4395,81113662,943.50
4396,139650466286,0.10
4397,199895486317,0.00
4398,199895486317,0.00
4399,199895486317,0.00
4400,15670990289,5.20
4401,139650466286,0.10
4402,816141973,2.00
4403,199895486317,0.00
4404,816141973,2.00
4405,1760907135,1.50
4406,83009351986,0.40
4407,199895486317,0.00
4408,199895486317,0.00
4409,12702239650,6.40
4410,199895486317,0.00
4411,4338421793,1.10
4412,199895486317,0.00
4413,199895486317,0.00
4414,41475719,382.50
4415,254249750356,0.70
4416,76415541574,0.30
4417,83009351986,0.40
4418,199895486317,0.00
4419,199895486317,0.00
4420,199895486317,0.00
4421,199895486317,0.00
4422,199895486317,0.00
4423,199895486317,0.00
4424,199895486317,0.00
4425,79242038787,0.20
4426,2812738244,1.60
4427,199895486317,0.00
4428,199895486317,0.00
4429,199895486317,0.00
4430,150927154987,0.50
4431,4338421793,1.10
4432,199895486317,0.00
4433,3787767099,10.00
4434,199895486317,0.00
4435,32694398,1437.10
4436,8723620116,4.40
4437,199895486317,0.00
4438,2888271166,1.30
4439,68467349,1511.90
4440,4152329205,2.10
4441,80867705532,0.60
4442,79242038787,0.20
4443,83009351986,0.40
4444,139650466286,0.10
4445,57735236,1799.10
4446,44447998,887.50
4447,199895486317,0.00
4448,199895486317,0.00
4449,65368151,1277.80
4450,115941980080,0.90
4451,58633429629,11.30
4452,199895486317,0.00
4453,139650466286,0.10
4454,5042884793,2.50
4455,83009351986,0.40
4456,199895486317,0.00
4457,199895486317,0.00
4458,60598812,1168.50
4459,199895486317,0.00
4460,199895486317,0.00
4461,199895486317,0.00
4462,212081138087,13.60
4463,3027022267,3.20
4464,60307820472,96.90
4465,199895486317,0.00
4466,199895486317,0.00
4467,50886619258,10.80
4468,199895486317,0.00
4469,199895486317,0.00
4470,150927154987,0.50
4471,199895486317,0.00
4472,816141973,2.00
4473,80867705532,0.60
4474,79242038787,0.20
4475,1835630896,4.00
4476,199895486317,0.00
4477,199895486317,0.00
4478,199895486317,0.00
4479,83009351986,0.40
4480,76415541574,0.30
4481,1266967761,1.20
4482,199895486317,0.00
4483,24747786695,64.00
4484,76415541574,0.30
4485,80867705532,0.60
4486,199895486317,0.00
4487,76415541574,0.30
4488,5934707987,2.60
4489,199895486317,0.00
4490,4338421793,1.10
4491,4458791510,2.30
4492,66559691,1205.00
4493,199895486317,0.00
4494,80867705532,0.60
4495,9656137820,7.00
4496,4502398814,9.00
4497,4338421793,1.10
4498,43876917871,30.60
4499,199895486317,0.00
4500,199895486317,0.00
4501,199895486317,0.00
4502,50039995,5000.00
4503,31264157,1172.50
4504,199895486317,0.00
4505,79242038787,0.20
4506,199895486317,0.00
4507,4458791510,2.30
4508,80867705532,0.60
4509,139650466286,0.10
4510,199895486317,0.00
4511,77833981,971.80
4512,2087033181,6.00
4513,1266967761,1.20
4514,115941980080,0.90
4515,1266967761,1.20
4516,199895486317,0.00
4517,54398316,1204.30
4518,15406571203,12.00
4519,1760907135,1.50
4520,199895486317,0.00
4521,199895486317,0.00
4522,199895486317,0.00
4523,199895486317,0.00
4524,199895486317,0.00
4525,254249750356,0.70
4526,329655230459,0.80
4527,666957213,3.00
4528,80867705532,0.60
4529,199895486317,0.00
4530,15406571203,12.00
4531,150927154987,0.50
4532,95817248569,1.00
4533,80867705532,0.60
4534,329655230459,0.80
4535,79242038787,0.20
4536,80867705532,0.60
4537,199895486317,0.00
4538,199895486317,0.00
4539,199895486317,0.00
4540,95817248569,1.00
4541,199895486317,0.00
4542,76415541574,0.30
4543,64744139159,62.30
4544,4458791510,2.30
4545,199895486317,0.00
4546,199895486317,0.00
4547,33887094,1146.10
4548,1266967761,1.20
4549,816141973,2.00
4550,76415541574,0.30
4551,76415541574,0.30
4552,329655230459,0.80
4553,3287493384,144.40
4554,199895486317,0.00
4555,115941980080,0.90
4556,199895486317,0.00
4557,8032563320,3.70
4558,199895486317,0.00
4559,95817248569,1.00
4560,199895486317,0.00
4561,46965210147,9.30
4562,199895486317,0.00
4563,199895486317,0.00
4564,199895486317,0.00
4565,79242038787,0.20
4566,199895486317,0.00
4567,199895486317,0.00
4568,199895486317,0.00
4569,150927154987,0.50
4570,199895486317,0.00
4571,12770198841,10.30
4572,199895486317,0.00
4573,199895486317,0.00
4574,199895486317,0.00
4575,199895486317,0.00
4576,199895486317,0.00
4577,139650466286,0.10
4578,2888271166,1.30
4579,139650466286,0.10
4580,199895486317,0.00
4581,4057093647,1.70
4582,44510632,246.10
4583,199895486317,0.00
4584,2087033181,6.00
4585,4502398814,9.00
4586,8032563320,3.70
4587,150927154987,0.50
4588,199895486317,0.00
4589,95817248569,1.00
4590,150927154987,0.50
4591,199895486317,0.00
4592,1760907135,1.50
4593,79242038787,0.20
4594,4539641297,3.30
4595,199895486317,0.00
4596,199895486317,0.00
4597,1266967761,1.20
4598,199895486317,0.00
4599,199895486317,0.00
4600,3787767099,10.00
4601,199895486317,0.00
4602,80867705532,0.60
4603,199895486317,0.00
4604,79242038787,0.20
4605,199895486317,0.00
4606,83009351986,0.40
4607,139650466286,0.10
4608,3027022267,3.20
4609,79242038787,0.20
4610,4057093647,1.70
4611,80867705532,0.60
4612,199895486317,0.00
4613,60844610,654.00
4614,816141973,2.00
4615,4338421793,1.10
4616,199895486317,0.00
4617,199895486317,0.00
4618,329655230459,0.80
4619,199895486317,0.00
4620,199895486317,0.00
4621,40593278,257.00
4622,79242038787,0.20
4623,80867705532,0.60
4624,199895486317,0.00
4625,199895486317,0.00
4626,76415541574,0.30
4627,17781767181,44.40
4628,80867705532,0.60
4629,199895486317,0.00
4630,86190220,509.50
4631,199895486317,0.00
4632,199895486317,0.00
4633,3083830305,4.20
4634,199895486317,0.00
4635,816141973,2.00
4636,199895486317,0.00
4637,199895486317,0.00
4638,33963859782,5.70
4639,22119988485,9.40
4640,79242038787,0.20
4641,199895486317,0.00
4642,199895486317,0.00
4643,816141973,2.00
4644,4758913635,1.40
4645,199895486317,0.00
4646,76415541574,0.30
4647,199895486317,0.00
4648,199895486317,0.00
4649,199895486317,0.00
4650,199895486317,0.00
4651,199895486317,0.00
4652,199895486317,0.00
4653,8723620116,4.40
4654,95817248569,1.00
4655,329655230459,0.80
4656,95817248569,1.00
4657,199895486317,0.00
4658,199895486317,0.00
4659,329655230459,0.80
4660,79242038787,0.20
4661,199895486317,0.00
4662,199895486317,0.00
4663,199895486317,0.00
4664,76415541574,0.30
4665,80867705532,0.60
4666,199895486317,0.00
4667,68076763,289.10
4668,69879282180,32.30
4669,83009351986,0.40
4670,199895486317,0.00
4671,79242038787,0.20
4672,199895486317,0.00
4673,76415541574,0.30
4674,199895486317,0.00
4675,199895486317,0.00
4676,3787767099,10.00
4677,199895486317,0.00
4678,87669249,2302.10
4679,115941980080,0.90
4680,76415541574,0.30
4681,4445999665,2.70
4682,199895486317,0.00
4683,199895486317,0.00
4684,199895486317,0.00
4685,3787767099,10.00
4686,76415541574,0.30
4687,51544599,3886.40
4688,83009351986,0.40
4689,76415541574,0.30
4690,199895486317,0.00
4691,199895486317,0.00
4692,816141973,2.00
4693,80867705532,0.60
4694,199895486317,0.00
4695,199895486317,0.00
4696,76415541574,0.30
4697,199895486317,0.00
4698,199895486317,0.00
4699,170801540,188.00
4700,80867705532,0.60
4701,4152329205,2.10
4702,199895486317,0.00
4703,254249750356,0.70
4704,56858782361,70.40
4705,199895486317,0.00
4706,199895486317,0.00
4707,199895486317,0.00
4708,199895486317,0.00
4709,42472575,1683.00
4710,99862711,218.70
4711,83501680,736.30
4712,55223789735,45.00
4713,199895486317,0.00
4714,199895486317,0.00
4715,666957213,3.00
4716,19399232990,5.50
4717,2812738244,1.60
4718,80867705532,0.60
4719,22422330295,7.40
4720,199895486317,0.00
4721,12523004921,10.20
4722,83009351986,0.40
4723,80867705532,0.60
4724,199895486317,0.00
4725,5934707987,2.60
4726,3027022267,3.20
4727,199895486317,0.00
4728,816141973,2.00
4729,199895486317,0.00
4730,199895486317,0.00
4731,199895486317,0.00
4732,816141973,2.00
4733,199895486317,0.00
4734,666957213,3.00
4735,52503352,383.90
4736,76415541574,0.30
4737,79242038787,0.20
4738,139650466286,0.10
4739,199895486317,0.00
4740,7406895493,8.00
4741,199895486317,0.00
4742,199895486317,0.00
4743,199895486317,0.00
4744,199895486317,0.00
4745,199895486317,0.00
4746,48911509,1407.90
4747,12385089536,30.00
4748,150927154987,0.50
4749,4445999665,2.70
4750,79242038787,0.20
4751,199895486317,0.00
4752,199895486317,0.00
4753,816141973,2.00
4754,139650466286,0.10
4755,199895486317,0.00
4756,199895486317,0.00
4757,199895486317,0.00
4758,70375097,1072.90
4759,150927154987,0.50
4760,199895486317,0.00
4761,40881632,380.40
4762,150927154987,0.50
4763,50039995,5000.00
4764,115941980080,0.90
4765,199895486317,0.00
4766,53920932,1133.50
4767,13224361290,6.10
4768,199895486317,0.00
4769,199895486317,0.00
4770,199895486317,0.00
4771,2812738244,1.60
4772,90654180,742.70
4773,4057093647,1.70
4774,199895486317,0.00
4775,76415541574,0.30
4776,76415541574,0.30
4777,4338421793,1.10
4778,199895486317,0.00
4779,76415541574,0.30
4780,12320299609,3.50
4781,199895486317,0.00
4782,199895486317,0.00
4783,199895486317,0.00
4784,254249750356,0.70
4785,199895486317,0.00
4786,71573315,888.00
4787,666957213,3.00
4788,79242038787,0.20
4789,329655230459,0.80
4790,199895486317,0.00
4791,1760907135,1.50
4792,150927154987,0.50
4793,50039995,5000.00
4794,11469280996,6.50
4795,5042884793,2.50
4796,199895486317,0.00
4797,76415541574,0.30
4798,329655230459,0.80
4799,80867705532,0.60
4800,39920417413,10.70
4801,83009351986,0.40
4802,66210891,895.50
4803,199895486317,0.00
4804,3533205242,5.00
4805,80867705532,0.60
4806,199895486317,0.00
4807,76415541574,0.30
4808,254249750356,0.70
4809,199895486317,0.00
4810,199895486317,0.00
4811,199895486317,0.00
4812,199895486317,0.00
4813,76415541574,0.30
4814,2812738244,1.60
4815,199895486317,0.00
4816,24747786695,64.00
4817,76415541574,0.30
4818,199895486317,0.00
4819,199895486317,0.00
4820,83009351986,0.40
4821,76415541574,0.30
4822,254249750356,0.70
4823,79242038787,0.20
4824,199895486317,0.00
4825,199895486317,0.00
4826,199895486317,0.00
4827,4758913635,1.40
4828,199895486317,0.00
4829,8340425463,2.80
4830,199895486317,0.00
4831,89773352,308.20
4832,79242038787,0.20
4833,30310052,1549.20
4834,199895486317,0.00
4835,199895486317,0.00
4836,88054848,245.30
4837,199895486317,0.00
4838,3533205242,5.00
4839,199895486317,0.00
4840,79242038787,0.20
4841,199895486317,0.00
4842,115941980080,0.90
4843,76415541574,0.30
4844,1835630896,4.00
4845,199895486317,0.00
4846,2087033181,6.00
4847,5934707987,2.60
4848,199895486317,0.00
4849,139650466286,0.10
4850,199895486317,0.00
4851,80867705532,0.60
4852,199895486317,0.00
4853,79242038787,0.20
4854,80867705532,0.60
4855,83009351986,0.40
4856,50039995,5000.00
4857,199895486317,0.00
4858,37104504514,21.00
4859,79242038787,0.20
4860,105918098,3621.30
4861,4057093647,1.70
4862,115941980080,0.90
4863,82611437,392.20
4864,95817248569,1.00
4865,76415541574,0.30
4866,199895486317,0.00
4867,13224361290,6.10
4868,199895486317,0.00
4869,199895486317,0.00
4870,4458791510,2.30
4871,11033769612,4.60
4872,199895486317,0.00
4873,199895486317,0.00
4874,4152329205,2.10
4875,95817248569,1.00
4876,18868046237,7.20
4877,199895486317,0.00
4878,199895486317,0.00
4879,6284869566,3.40
4880,115941980080,0.90
4881,83009351986,0.40
4882,2888271166,1.30
4883,199895486317,0.00
4884,199895486317,0.00
4885,80867705532,0.60
4886,199895486317,0.00
4887,199895486317,0.00
4888,63830612,499.20
4889,32041598856,41.00
4890,199895486317,0.00
4891,199895486317,0.00
4892,254249750356,0.70
4893,79242038787,0.20
4894,199895486317,0.00
4895,76415541574,0.30
4896,199895486317,0.00
4897,199895486317,0.00
4898,254249750356,0.70
4899,199895486317,0.00
4900,5934707987,2.60
4901,76415541574,0.30
4902,79242038787,0.20
4903,115941980080,0.90
4904,199895486317,0.00
4905,41210207091,11.50
4906,22422330295,7.40
4907,199895486317,0.00
4908,63697873,1595.60
4909,95817248569,1.00
4910,83009351986,0.40
4911,4158188538,126.70
4912,1266967761,1.20
4913,130938614952,30.90
4914,4152329205,2.10
4915,80867705532,0.60
4916,393924015,176.70
4917,199895486317,0.00
4918,76415541574,0.30
4919,199895486317,0.00
4920,816141973,2.00
4921,199895486317,0.00
4922,196266396894,15.60
4923,80867705532,0.60
4924,199895486317,0.00
4925,3533205242,5.00
4926,254249750356,0.70
4927,199895486317,0.00
4928,35215914,428.70
4929,199895486317,0.00
4930,68295081,666.30
4931,58758500,534.20
4932,4539641297,3.30
4933,199895486317,0.00
4934,57566570,536.60
4935,80867705532,0.60
4936,77300453,3332.10
4937,115941980080,0.90
4938,8032563320,3.70
4939,254249750356,0.70
4940,80867705532,0.60
4941,199895486317,0.00
4942,76415541574,0.30
4943,50039995,5000.00
4944,4152329205,2.10
4945,76415541574,0.30
4946,150927154987,0.50
4947,199895486317,0.00
4948,666957213,3.00
4949,95817248569,1.00
4950,6626433049,3.60
4951,199895486317,0.00
4952,199895486317,0.00
4953,666957213,3.00
4954,199895486317,0.00
4955,199895486317,0.00
4956,8566984126,20.00
4957,199895486317,0.00
4958,86775655,2023.80
4959,115941980080,0.90
4960,76415541574,0.30
4961,80867705532,0.60
4962,199895486317,0.00
4963,1835630896,4.00
4964,150927154987,0.50
4965,41165643,2570.80
4966,4758913635,1.40
4967,3533205242,5.00
4968,199895486317,0.00
4969,199895486317,0.00
4970,199895486317,0.00
4971,666957213,3.00
4972,73067269,935.20
4973,79242038787,0.20
4974,1266967761,1.20
4975,199895486317,0.00
4976,80867705532,0.60
4977,79242038787,0.20
4978,199895486317,0.00
4979,79242038787,0.20
4980,199895486317,0.00
4981,329655230459,0.80
4982,1835630896,4.00
4983,3787767099,10.00
4984,83009351986,0.40
4985,95817248569,1.00
4986,199895486317,0.00
4987,666957213,3.00
4988,79242038787,0.20
4989,199895486317,0.00
4990,150927154987,0.50
4991,139650466286,0.10
4992,666957213,3.00
4993,199895486317,0.00
4994,65614675230,13.70
4995,1760907135,1.50
4996,816141973,2.00
4997,60469667863,12.80
4998,1760907135,1.50
4999,8566984126,20.00
5000,76415541574,0.30
5001,199895486317,0.00
5002,1450115860,149.20
5003,199895486317,0.00
5004,1266967761,1.20
5005,3027022267,3.20
5006,199895486317,0.00
5007,150927154987,0.50
5008,60541992,2701.90
5009,666957213,3.00
5010,50039995,5000.00
5011,139650466286,0.10
5012,135168694136,11.60
5013,139650466286,0.10
5014,199895486317,0.00
5015,44383087,1012.20
5016,199895486317,0.00
5017,76415541574,0.30
5018,1207611457,164.70
5019,76415541574,0.30
5020,199895486317,0.00
5021,4502398814,9.00
5022,666957213,3.00
5023,199895486317,0.00
5024,3027022267,3.20
5025,199895486317,0.00
5026,199895486317,0.00
5027,95817248569,1.00
5028,199895486317,0.00
5029,7406895493,8.00
5030,76415541574,0.30
5031,816141973,2.00
5032,2087033181,6.00
5033,254249750356,0.70
5034,83009351986,0.40
5035,18562335645,61.30
5036,115941980080,0.90
5037,199895486317,0.00
5038,199895486317,0.00
5039,329655230459,0.80
5040,115941980080,0.90
5041,79242038787,0.20
5042,95817248569,1.00
5043,49818073,622.10
5044,79242038787,0.20
5045,139650466286,0.10
5046,199895486317,0.00
5047,76415541574,0.30
5048,15349468070,10.60
5049,199895486317,0.00
5050,62991641,3458.40
5051,199895486317,0.00
5052,199895486317,0.00
5053,109521823073,24.00
5054,47004983,1139.00
5055,45721749373,18.00
5056,199895486317,0.00
5057,76415541574,0.30
5058,2812738244,1.60
5059,41166980,826.90
5060,199895486317,0.00
5061,79242038787,0.20
5062,2087033181,6.00
5063,254249750356,0.70
5064,199895486317,0.00
5065,33963859782,5.70
5066,199895486317,0.00
5067,199895486317,0.00
5068,816141973,2.00
5069,199895486317,0.00
5070,1835630896,4.00
5071,666957213,3.00
5072,76415541574,0.30
5073,199895486317,0.00
5074,2087033181,6.00
5075,79242038787,0.20
5076,150927154987,0.50
5077,58167305,359.60
5078,95817248569,1.00
5079,199895486317,0.00
5080,199895486317,0.00
5081,199895486317,0.00
5082,199895486317,0.00
5083,199895486317,0.00
5084,329655230459,0.80
5085,199895486317,0.00
5086,79242038787,0.20
5087,199895486317,0.00
5088,199895486317,0.00
5089,199895486317,0.00
5090,76415541574,0.30
5091,3083830305,4.20
5092,199895486317,0.00
5093,199895486317,0.00
5094,59898758342,79.10
5095,199895486317,0.00
5096,150927154987,0.50
5097,199895486317,0.00
5098,199895486317,0.00
5099,4338421793,1.10
5100,199895486317,0.00
5101,100388736,205.00
5102,79627794,554.50
5103,41291966503,35.50
5104,199895486317,0.00
5105,2812738244,1.60
5106,666957213,3.00
5107,71219276,3510.30
5108,199895486317,0.00
5109,199895486317,0.00
5110,5934707987,2.60
5111,199895486317,0.00
5112,79242038787,0.20
5113,199895486317,0.00
5114,8566984126,20.00
5115,199895486317,0.00
5116,199895486317,0.00
5117,199895486317,0.00
5118,88311931512,12.20
5119,4057093647,1.70
5120,46965210147,9.30
5121,95817248569,1.00
5122,199895486317,0.00
5123,79242038787,0.20
5124,199895486317,0.00
5125,199895486317,0.00
5126,199895486317,0.00
5127,254249750356,0.70
5128,3083830305,4.20
5129,3787767099,10.00
5130,50341957,1665.00
5131,95817248569,1.00
5132,199895486317,0.00
5133,199895486317,0.00
5134,79242038787,0.20
5135,84097349,513.90
5136,329655230459,0.80
5137,199895486317,0.00
5138,199895486317,0.00
5139,13617855763,20.20
5140,12523004921,10.20
5141,52199209,605.30
5142,199895486317,0.00
5143,199895486317,0.00
5144,1760907135,1.50
5145,9656137820,7.00
5146,80867705532,0.60
5147,199895486317,0.00
5148,42662703,701.00
5149,199895486317,0.00
5150,199895486317,0.00
5151,100194567,3566.20
5152,76415541574,0.30
5153,199895486317,0.00
5154,199895486317,0.00
5155,199895486317,0.00
5156,76415541574,0.30
5157,83009351986,0.40
5158,80867705532,0.60
5159,199895486317,0.00
5160,80867705532,0.60
5161,139650466286,0.10
5162,83009351986,0.40
5163,199895486317,0.00
5164,199895486317,0.00
5165,199895486317,0.00
5166,2357163612,2.40
5167,199895486317,0.00
5168,8032563320,3.70
5169,199895486317,0.00
5170,95817248569,1.00
5171,2357163612,2.40
5172,95817248569,1.00
5173,11033769612,4.60
5174,76415541574,0.30
5175,199895486317,0.00
5176,115941980080,0.90
5177,79242038787,0.20
5178,33402785,694.10
5179,199895486317,0.00
5180,666957213,3.00
5181,76415541574,0.30
5182,76415541574,0.30
5183,4338421793,1.10
5184,150927154987,0.50
5185,199895486317,0.00
5186,199895486317,0.00
5187,3787767099,10.00
5188,6812745793,3.90
5189,58034827584,15.70
5190,199895486317,0.00
5191,79242038787,0.20
5192,39083119,644.90
5193,199895486317,0.00
5194,5934707987,2.60
5195,3083830305,4.20
5196,199895486317,0.00
5197,199895486317,0.00
5198,80867705532,0.60
5199,199895486317,0.00
5200,199895486317,0.00
5201,329655230459,0.80
5202,95817248569,1.00
5203,666957213,3.00
5204,72174218,560.80
5205,4758913635,1.40
5206,90893896,3736.20
5207,80867705532,0.60
5208,199895486317,0.00
5209,15406571203,12.00
5210,199895486317,0.00
5211,199895486317,0.00
5212,199895486317,0.00
5213,199895486317,0.00
5214,151037657624,7.10
5215,4057093647,1.70
5216,199895486317,0.00
5217,199895486317,0.00
5218,199895486317,0.00
5219,3659949032,1.80
5220,329655230459,0.80
5221,199895486317,0.00
5222,95817248569,1.00
5223,80867705532,0.60
5224,199895486317,0.00
5225,816141973,2.00
5226,199895486317,0.00
5227,80867705532,0.60
5228,2888271166,1.30
5229,95817248569,1.00
5230,23368946070,8.30
5231,79242038787,0.20
5232,199895486317,0.00
5233,199895486317,0.00
5234,199895486317,0.00
5235,115941980080,0.90
5236,57870492,392.00
5237,50406905,2020.80
5238,199895486317,0.00
5239,2087033181,6.00
5240,83009351986,0.40
5241,199895486317,0.00
5242,1266967761,1.20
5243,199895486317,0.00
5244,15753192532,6.30
5245,95817248569,1.00
5246,55591633,1130.60
5247,74566752,400.60
5248,83009351986,0.40
5249,199895486317,0.00
5250,76415541574,0.30
5251,329655230459,0.80
5252,199895486317,0.00
5253,86222027766,68.50
5254,76415541574,0.30
5255,816141973,2.00
5256,199895486317,0.00
5257,199895486317,0.00
5258,199895486317,0.00
5259,83009351986,0.40
5260,78728803,743.90
5261,199895486317,0.00
5262,199895486317,0.00
5263,115941980080,0.90
5264,48927313,443.20
5265,79242038787,0.20
5266,199895486317,0.00
5267,199895486317,0.00
5268,199895486317,0.00
5269,199895486317,0.00
5270,63925486258,6.70
5271,199895486317,0.00
5272,199895486317,0.00
5273,199895486317,0.00
5274,79242038787,0.20
5275,76415541574,0.30
5276,199895486317,0.00
5277,199895486317,0.00
5278,34013056,689.70
5279,199895486317,0.00
5280,199895486317,0.00
5281,79242038787,0.20
5282,4445999665,2.70
5283,666957213,3.00
5284,1266967761,1.20
5285,6434388198,2.20
5286,2357163612,2.40
5287,199895486317,0.00
5288,199895486317,0.00
5289,199895486317,0.00
5290,8032563320,3.70
5291,80867705532,0.60
5292,199895486317,0.00
5293,150927154987,0.50
5294,65681428510,8.10
5295,76415541574,0.30
5296,199895486317,0.00
5297,199895486317,0.00
5298,2888271166,1.30
5299,199895486317,0.00
5300,19399232990,5.50
5301,47744166,221.90
5302,89461885,874.20
5303,1266967761,1.20
5304,56675700,585.60
5305,7119552768,4.30
5306,199895486317,0.00
5307,199895486317,0.00
5308,199895486317,0.00
5309,189004331442,8.50
5310,199895486317,0.00
5311,199895486317,0.00
5312,83009351986,0.40
5313,15753192532,6.30
5314,816141973,2.00
5315,53395492,627.10
5316,199895486317,0.00
5317,79242038787,0.20
5318,199895486317,0.00
5319,199895486317,0.00
5320,199895486317,0.00
5321,36992047,2617.70
5322,139650466286,0.10
5323,76415541574,0.30
5324,199895486317,0.00
5325,76415541574,0.30
5326,150927154987,0.50
5327,199895486317,0.00
5328,79242038787,0.20
5329,199895486317,0.00
5330,46724943,275.80
5331,1266967761,1.20
5332,199895486317,0.00
5333,199895486317,0.00
5334,1266967761,1.20
5335,199895486317,0.00
5336,4758913635,1.40
5337,80867705532,0.60
5338,2888271166,1.30
5339,199895486317,0.00
5340,44009067,247.10
5341,95817248569,1.00
5342,199895486317,0.00
5343,199895486317,0.00
5344,816141973,2.00
5345,199895486317,0.00
5346,199895486317,0.00
5347,199895486317,0.00
5348,199895486317,0.00
5349,199895486317,0.00
5350,199895486317,0.00
5351,199895486317,0.00
5352,139650466286,0.10
5353,6142017813,6.20
5354,199895486317,0.00
5355,199895486317,0.00
5356,199895486317,0.00
5357,83009351986,0.40
5358,199895486317,0.00
5359,79242038787,0.20
5360,816141973,2.00
5361,199895486317,0.00
5362,199895486317,0.00
5363,199895486317,0.00
5364,199895486317,0.00
5365,18868046237,7.20
5366,199895486317,0.00
5367,95817248569,1.00
5368,79242038787,0.20
5369,4712817484,2.90
5370,816141973,2.00
5371,199895486317,0.00
5372,199895486317,0.00
5373,80867705532,0.60
5374,199895486317,0.00
5375,83739588,3201.80
5376,80867705532,0.60
5377,199895486317,0.00
5378,199895486317,0.00
5379,199895486317,0.00
5380,199895486317,0.00
5381,199895486317,0.00
5382,199895486317,0.00
5383,199895486317,0.00
5384,199895486317,0.00
5385,11661872830,5.60
5386,76415541574,0.30
5387,6791588116,1.90
5388,1835630896,4.00
5389,76415541574,0.30
5390,3083830305,4.20
5391,199895486317,0.00
5392,199895486317,0.00
5393,199895486317,0.00
5394,1835630896,4.00
5395,90669609,319.40
5396,80867705532,0.60
5397,199895486317,0.00
5398,95817248569,1.00
5399,199895486317,0.00
5400,76415541574,0.30
5401,199895486317,0.00
5402,199895486317,0.00
5403,199895486317,0.00
5404,199895486317,0.00
5405,2888271166,1.30
5406,199895486317,0.00
5407,199895486317,0.00
5408,199895486317,0.00
5409,1835630896,4.00
5410,199895486317,0.00
5411,47206850293,36.00
5412,12523004921,10.20
5413,31025670,1613.00
5414,40899606403,8.40
5415,3083830305,4.20
5416,1266967761,1.20
5417,199895486317,0.00
5418,79242038787,0.20
5419,199895486317,0.00
5420,83009351986,0.40
5421,199895486317,0.00
5422,3083830305,4.20
5423,199895486317,0.00
5424,79242038787,0.20
5425,139650466286,0.10
5426,79242038787,0.20
5427,150927154987,0.50
5428,199895486317,0.00
5429,4502398814,9.00
5430,199895486317,0.00
5431,31993586641,42.40
5432,199895486317,0.00
5433,150927154987,0.50
5434,199895486317,0.00
5435,139650466286,0.10
5436,199895486317,0.00
5437,199895486317,0.00
5438,199895486317,0.00
5439,4057093647,1.70
5440,25960560070,4.90
5441,5042884793,2.50
5442,29988625370,7.60
5443,199895486317,0.00
5444,5042884793,2.50
5445,199895486317,0.00
5446,199895486317,0.00
5447,76415541574,0.30
5448,199895486317,0.00
5449,24770806453,20.40
5450,1760907135,1.50
5451,199895486317,0.00
5452,1835630896,4.00
5453,263747251,183.80
5454,76415541574,0.30
5455,56984505,240.60
5456,79242038787,0.20
5457,199895486317,0.00
5458,8566984126,20.00
5459,1760907135,1.50
5460,151690044513,24.70
5461,1266967761,1.20
5462,3659949032,1.80
5463,199895486317,0.00
5464,199895486317,0.00
5465,199895486317,0.00
5466,199895486317,0.00
5467,8071803462,40.00
5468,199895486317,0.00
5469,816141973,2.00
5470,77539238,433.30
5471,199895486317,0.00
5472,5934707987,2.60
5473,199895486317,0.00
5474,199895486317,0.00
5475,181035655636,18.20
5476,76415541574,0.30
5477,199895486317,0.00
5478,199895486317,0.00
5479,199895486317,0.00
5480,199895486317,0.00
5481,199895486317,0.00
5482,115941980080,0.90
5483,199895486317,0.00
5484,199895486317,0.00
5485,150927154987,0.50
5486,67100084,2620.00
5487,199895486317,0.00
5488,199895486317,0.00
5489,254249750356,0.70
5490,1266967761,1.20
5491,199895486317,0.00
5492,199895486317,0.00
5493,199895486317,0.00
5494,199895486317,0.00
5495,1760907135,1.50
5496,150927154987,0.50
5497,80867705532,0.60
5498,199895486317,0.00
5499,81408894,2745.60
5500,13748612469,119.50
5501,79242038787,0.20
5502,4057093647,1.70
5503,816141973,2.00
5504,80867705532,0.60
5505,50713589,648.20
5506,5042884793,2.50
5507,2357163612,2.40
5508,32978334904,5.90
5509,199895486317,0.00
5510,15923601779,4.10
5511,816141973,2.00
5512,199895486317,0.00
5513,150927154987,0.50
5514,254249750356,0.70
5515,199895486317,0.00
5516,76415541574,0.30
5517,199895486317,0.00
5518,199895486317,0.00
5519,83009351986,0.40
5520,199895486317,0.00
5521,199895486317,0.00
5522,199895486317,0.00
5523,12523004921,10.20
5524,199895486317,0.00
5525,2087033181,6.00
5526,5042884793,2.50
5527,816141973,2.00
5528,199895486317,0.00
5529,80867705532,0.60
5530,199895486317,0.00
5531,12770198841,10.30
5532,4758913635,1.40
5533,199895486317,0.00
5534,199895486317,0.00
5535,95817248569,1.00
5536,199895486317,0.00
5537,1760907135,1.50
5538,816141973,2.00
5539,666957213,3.00
5540,199895486317,0.00
5541,80867705532,0.60
5542,3533205242,5.00
5543,1835630896,4.00
5544,816141973,2.00
5545,199895486317,0.00
5546,199895486317,0.00
5547,1760907135,1.50
5548,199895486317,0.00
5549,76415541574,0.30
5550,199895486317,0.00
5551,46531719,2060.40
5552,199895486317,0.00
5553,199895486317,0.00
5554,4712817484,2.90
5555,70902295,256.10
5556,199895486317,0.00
5557,15349468070,10.60
5558,115941980080,0.90
5559,199895486317,0.00
5560,199895486317,0.00
5561,50039995,5000.00
5562,8566984126,20.00
5563,199895486317,0.00
5564,816141973,2.00
5565,4758913635,1.40
5566,150927154987,0.50
5567,76415541574,0.30
5568,83009351986,0.40
5569,232014270779,14.40
5570,199895486317,0.00
5571,199895486317,0.00
5572,95817248569,1.00
5573,666957213,3.00
5574,79335950,348.90
5575,76415541574,0.30
5576,83801977,538.30
5577,199895486317,0.00
5578,115941980080,0.90
5579,80867705532,0.60
5580,15349468070,10.60
5581,74438731,3662.00
5582,33409788,1644.30
5583,199895486317,0.00
5584,66205870,2338.10
5585,199895486317,0.00
5586,1266967761,1.20
5587,79242038787,0.20
5588,199895486317,0.00
5589,199895486317,0.00
5590,60119393,1506.80
5591,199895486317,0.00
5592,199895486317,0.00
5593,76415541574,0.30
5594,115941980080,0.90
5595,254249750356,0.70
5596,199895486317,0.00
5597,199895486317,0.00
5598,199895486317,0.00
5599,139650466286,0.10
5600,199895486317,0.00
5601,4152329205,2.10
5602,79242038787,0.20
5603,199895486317,0.00
5604,2812738244,1.60
5605,199895486317,0.00
5606,199895486317,0.00
5607,199895486317,0.00
5608,199895486317,0.00
5609,58341286,3211.20
5610,32520310,4334.40
5611,199895486317,0.00
5612,199895486317,0.00
5613,92700124338,27.50
5614,45721749373,18.00
5615,199895486317,0.00
5616,199895486317,0.00
5617,199895486317,0.00
5618,199895486317,0.00
5619,199895486317,0.00
5620,115941980080,0.90
5621,11668864656,11.00
5622,254249750356,0.70
5623,1266967761,1.20
5624,6142017813,6.20
5625,199895486317,0.00
5626,11033769612,4.60
5627,199895486317,0.00
5628,199895486317,0.00
5629,5042884793,2.50
5630,199895486317,0.00
5631,199895486317,0.00
5632,199895486317,0.00
5633,79242038787,0.20
5634,199895486317,0.00
5635,199895486317,0.00
5636,83009351986,0.40
5637,76415541574,0.30
5638,816141973,2.00
5639,199895486317,0.00
5640,199895486317,0.00
5641,61138224,2141.30
5642,199895486317,0.00
5643,76415541574,0.30
5644,115941980080,0.90
5645,12320299609,3.50
5646,199895486317,0.00
5647,199895486317,0.00
5648,77248532,328.60
5649,199895486317,0.00
5650,199895486317,0.00
5651,1266967761,1.20
5652,199895486317,0.00
5653,76415541574,0.30
5654,115941980080,0.90
5655,48623059,553.20
5656,254249750356,0.70
5657,199895486317,0.00
5658,1266967761,1.20
5659,6791588116,1.90
5660,76415541574,0.30
5661,35203597,2266.60
5662,76415541574,0.30
5663,199895486317,0.00
5664,115941980080,0.90
5665,199895486317,0.00
5666,666957213,3.00
5667,4758913635,1.40
5668,139650466286,0.10
5669,20758625589,4.50
5670,150927154987,0.50
5671,816141973,2.00
5672,199895486317,0.00
5673,199895486317,0.00
5674,40850855583,52.10
5675,199895486317,0.00
5676,11668864656,11.00
5677,98890743962,23.60
5678,4152329205,2.10
5679,199895486317,0.00
5680,39920417413,10.70
5681,199895486317,0.00
5682,199895486317,0.00
5683,199895486317,0.00
5684,199895486317,0.00
5685,2357163612,2.40
5686,95817248569,1.00
5687,199895486317,0.00
5688,68597612,514.30
5689,83009351986,0.40
5690,40803177,1249.10
5691,12702239650,6.40
5692,8032563320,3.70
5693,2812738244,1.60
5694,80867705532,0.60
5695,95817248569,1.00
5696,67989508,1391.30
5697,4057093647,1.70
5698,816141973,2.00
5699,4458791510,2.30
5700,89262951702,41.50
5701,115941980080,0.90
5702,199895486317,0.00
5703,199895486317,0.00
5704,1835630896,4.00
5705,95817248569,1.00
5706,67990272,1397.90
5707,87384433,315.70
5708,4338421793,1.10
5709,199895486317,0.00
5710,53681071,1818.40
5711,199895486317,0.00
5712,95817248569,1.00
5713,76415541574,0.30
5714,18067699831,5.80
5715,199895486317,0.00
5716,254249750356,0.70
5717,329655230459,0.80
5718,3659949032,1.80
5719,115941980080,0.90
5720,329655230459,0.80
5721,199895486317,0.00
5722,8032563320,3.70
5723,199895486317,0.00
5724,199895486317,0.00
5725,4539641297,3.30
5726,83009351986,0.40
5727,1835630896,4.00
5728,58458704,691.20
5729,8723620116,4.40
5730,150927154987,0.50
5731,199895486317,0.00
5732,1266967761,1.20
5733,96913344898,31.20
5734,79242038787,0.20
5735,1835630896,4.00
5736,71567325,1565.40
5737,80867705532,0.60
5738,2888271166,1.30
5739,4758913635,1.40
5740,199895486317,0.00
5741,76415541574,0.30
5742,199895486317,0.00
5743,816141973,2.00
5744,80867705532,0.60
5745,199895486317,0.00
5746,199895486317,0.00
5747,95817248569,1.00
5748,79242038787,0.20
5749,199895486317,0.00
5750,199895486317,0.00
5751,199895486317,0.00
5752,199895486317,0.00
5753,139650466286,0.10
5754,139650466286,0.10
5755,199895486317,0.00
5756,199895486317,0.00
5757,199895486317,0.00
5758,76415541574,0.30
5759,252094070,199.80
5760,95817248569,1.00
5761,79242038787,0.20
5762,20758625589,4.50
5763,199895486317,0.00
5764,199895486317,0.00
5765,199895486317,0.00
5766,816141973,2.00
5767,2888271166,1.30
5768,666957213,3.00
5769,115941980080,0.90
5770,1760907135,1.50
5771,199895486317,0.00
5772,1266967761,1.20
5773,76415541574,0.30
5774,115941980080,0.90
5775,199895486317,0.00
5776,79242038787,0.20
5777,115941980080,0.90
5778,80867705532,0.60
5779,199895486317,0.00
5780,115941980080,0.90
5781,50039995,5000.00
5782,199895486317,0.00
5783,199895486317,0.00
5784,199895486317,0.00
5785,76415541574,0.30
5786,4057093647,1.70
5787,199895486317,0.00
5788,49512024,4525.20
5789,80867705532,0.60
5790,2888271166,1.30
5791,147394101,202.00
5792,115941980080,0.90
5793,199895486317,0.00
5794,115941980080,0.90
5795,199895486317,0.00
5796,199895486317,0.00
5797,199895486317,0.00
5798,199895486317,0.00
5799,76415541574,0.30
5800,150927154987,0.50
5801,80867705532,0.60
5802,1760907135,1.50
5803,199895486317,0.00
5804,2888271166,1.30
5805,199895486317,0.00
5806,76415541574,0.30
5807,2812738244,1.60
5808,150927154987,0.50
5809,93741740028,12.70
5810,79242038787,0.20
5811,76415541574,0.30
5812,2888271166,1.30
5813,80867705532,0.60
5814,4338421793,1.10
5815,68888564,4086.40
5816,199895486317,0.00
5817,199895486317,0.00
5818,64426746,370.70
5819,76415541574,0.30
5820,199895486317,0.00
5821,199895486317,0.00
5822,199895486317,0.00
5823,329655230459,0.80
5824,27448304,1795.00
5825,199895486317,0.00
5826,2888271166,1.30
5827,199895486317,0.00
5828,199895486317,0.00
5829,21046756607,20.60
5830,199895486317,0.00
5831,79242038787,0.20
5832,31331900,631.90
5833,199895486317,0.00
5834,76415541574,0.30
5835,816141973,2.00
5836,199895486317,0.00
5837,12385089536,30.00
5838,199895486317,0.00
5839,199895486317,0.00
5840,4057093647,1.70
5841,76415541574,0.30
5842,83009351986,0.40
5843,199895486317,0.00
5844,2812738244,1.60
5845,80867705532,0.60
5846,20487003678,3.80
5847,199895486317,0.00
5848,199895486317,0.00
5849,199895486317,0.00
5850,65843211,1917.20
5851,199895486317,0.00
5852,55829582,1190.30
5853,199895486317,0.00
5854,199895486317,0.00
5855,6142017813,6.20
5856,4338421793,1.10
5857,816141973,2.00
5858,61457846,311.10
5859,666957213,3.00
5860,3533205242,5.00
5861,4758913635,1.40
5862,199895486317,0.00
5863,76415541574,0.30
5864,4458791510,2.30
5865,199895486317,0.00
5866,199895486317,0.00
5867,199895486317,0.00
5868,199895486317,0.00
5869,150927154987,0.50
5870,199895486317,0.00
5871,95817248569,1.00
5872,3027022267,3.20
5873,199895486317,0.00
5874,67036347,1133.10
5875,53399391,496.40
5876,2888271166,1.30
5877,199895486317,0.00
5878,83799320,825.70
5879,199895486317,0.00
5880,80867705532,0.60
5881,83024032,3205.20
5882,67512376,1594.00
5883,7119552768,4.30
5884,3027022267,3.20
5885,150927154987,0.50
5886,199895486317,0.00
5887,329655230459,0.80
5888,24770806453,20.40
5889,79242038787,0.20
5890,139650466286,0.10
5891,199895486317,0.00
5892,2087033181,6.00
5893,2087033181,6.00
5894,83009351986,0.40
5895,199895486317,0.00
5896,199895486317,0.00
5897,199895486317,0.00
5898,1760907135,1.50
5899,199895486317,0.00
5900,139650466286,0.10
5901,95817248569,1.00
5902,37894408,681.80
5903,199895486317,0.00
5904,199895486317,0.00
5905,199895486317,0.00
5906,76415541574,0.30
5907,199895486317,0.00
5908,139650466286,0.10
5909,150927154987,0.50
5910,199895486317,0.00
5911,79242038787,0.20
5912,199895486317,0.00
5913,199895486317,0.00
5914,199895486317,0.00
5915,32371610848,10.50
5916,71878045,350.60
5917,199895486317,0.00
5918,2812738244,1.60
5919,95817248569,1.00
5920,199895486317,0.00
5921,199895486317,0.00
5922,7119552768,4.30
5923,803292538,167.20
5924,254249750356,0.70
5925,199895486317,0.00
5926,1266967761,1.20
5927,76415541574,0.30
5928,199895486317,0.00
5929,199895486317,0.00
5930,199895486317,0.00
5931,79242038787,0.20
5932,199895486317,0.00
5933,199895486317,0.00
5934,199895486317,0.00
5935,199895486317,0.00
5936,79242038787,0.20
5937,1835630896,4.00
5938,199895486317,0.00
5939,4712817484,2.90
5940,79242038787,0.20
5941,199895486317,0.00
5942,115941980080,0.90
5943,4338421793,1.10
5944,4758913635,1.40
5945,1760907135,1.50
5946,3533205242,5.00
5947,816141973,2.00
5948,199895486317,0.00
5949,150927154987,0.50
5950,199895486317,0.00
5951,199895486317,0.00
5952,1266967761,1.20
5953,37627677,291.20
5954,81415369,440.00
5955,41210207091,11.50
5956,76415541574,0.30
5957,199895486317,0.00
5958,83009351986,0.40
5959,199895486317,0.00
5960,199895486317,0.00
5961,59255163734,13.30
5962,199895486317,0.00
5963,1835630896,4.00
5964,6142017813,6.20
5965,199895486317,0.00
5966,79242038787,0.20
5967,31263115,1844.10
5968,199895486317,0.00
5969,199895486317,0.00
5970,199895486317,0.00
5971,199895486317,0.00
5972,199895486317,0.00
5973,1266967761,1.20
5974,199895486317,0.00
5975,199895486317,0.00
5976,199895486317,0.00
5977,32978334904,5.90
5978,51010070,353.00
5979,139650466286,0.10
5980,1266967761,1.20
5981,12320299609,3.50
5982,1835630896,4.00
5983,199895486317,0.00
5984,79242038787,0.20
5985,66560757,1270.30
5986,816141973,2.00
5987,199895486317,0.00
5988,199895486317,0.00
5989,199895486317,0.00
5990,88311931512,12.20
5991,199895486317,0.00
5992,150927154987,0.50
5993,76415541574,0.30
5994,199895486317,0.00
5995,199895486317,0.00
5996,199895486317,0.00
5997,2812738244,1.60
5998,95817248569,1.00
5999,1835630896,4.00
6000,7406895493,8.00
6001,199895486317,0.00
6002,79242038787,0.20
6003,4057093647,1.70
6004,199895486317,0.00
6005,100511861899,50.10
6006,199895486317,0.00
6007,82924644,308.50
6008,76415541574,0.30
6009,83009351986,0.40
6010,29706426169,112.00
6011,199895486317,0.00
6012,83009351986,0.40
6013,199895486317,0.00
6014,199895486317,0.00
6015,199895486317,0.00
6016,41165354,2890.10
6017,139650466286,0.10
6018,199895486317,0.00
6019,199895486317,0.00
6020,115941980080,0.90
6021,150927154987,0.50
6022,199895486317,0.00
6023,80867705532,0.60
6024,1266967761,1.20
6025,115941980080,0.90
6026,1266967761,1.20
6027,2087033181,6.00
6028,329655230459,0.80
6029,1266967761,1.20
6030,4458791510,2.30
6031,1266967761,1.20
6032,32978334904,5.90
6033,79242038787,0.20
6034,2087033181,6.00
6035,83009351986,0.40
6036,199895486317,0.00
6037,199895486317,0.00
6038,95817248569,1.00
6039,199895486317,0.00
6040,199895486317,0.00
6041,199895486317,0.00
6042,53392188,835.60
6043,4338421793,1.10
6044,199895486317,0.00
6045,76415541574,0.30
6046,76415541574,0.30
6047,83009351986,0.40
6048,80867705532,0.60
6049,28249268111,62.80
6050,199895486317,0.00
6051,199895486317,0.00
6052,79242038787,0.20
6053,79242038787,0.20
6054,83009351986,0.40
6055,199895486317,0.00
6056,80867705532,0.60
6057,199895486317,0.00
6058,4445999665,2.70
6059,199895486317,0.00
6060,76415541574,0.30
6061,254249750356,0.70
6062,14160204546,5.40
6063,22119988485,9.40
6064,79242038787,0.20
6065,11668864656,11.00
6066,79242038787,0.20
6067,254249750356,0.70
6068,74566343,337.20
6069,4057093647,1.70
6070,816141973,2.00
6071,83009351986,0.40
6072,80867705532,0.60
6073,199895486317,0.00
6074,79242038787,0.20
6075,199895486317,0.00
6076,199895486317,0.00
6077,3027022267,3.20
6078,199895486317,0.00
6079,5042884793,2.50
6080,139650466286,0.10
6081,199895486317,0.00
6082,199895486317,0.00
6083,199895486317,0.00
6084,1760907135,1.50
6085,199895486317,0.00
6086,199895486317,0.00
6087,35062773726,23.00
6088,76415541574,0.30
6089,76415541574,0.30
6090,199895486317,0.00
6091,199895486317,0.00
6092,199895486317,0.00
6093,80867705532,0.60
6094,40572327,735.20
6095,199895486317,0.00
6096,199895486317,0.00
6097,2888271166,1.30
6098,79242038787,0.20
6099,199895486317,0.00
6100,79242038787,0.20
6101,305079325,194.50
6102,199895486317,0.00
6103,76415541574,0.30
6104,199895486317,0.00
6105,76415541574,0.30
6106,199895486317,0.00
6107,199895486317,0.00
6108,76415541574,0.30
6109,199895486317,0.00
6110,76415541574,0.30
6111,1760907135,1.50
6112,150927154987,0.50
6113,1266967761,1.20
6114,40800156272,17.90
6115,1266967761,1.20
6116,41167761,957.30
6117,50717481,452.40
6118,199895486317,0.00
6119,199895486317,0.00
6120,61144240,813.50
6121,199895486317,0.00
6122,83009351986,0.40
6123,4445999665,2.70
6124,1835630896,4.00
6125,36401356,617.40
6126,129812131991,16.30
6127,80867705532,0.60
6128,66815241929,20.70
6129,199895486317,0.00
6130,254249750356,0.70
6131,95817248569,1.00
6132,79242038787,0.20
6133,199895486317,0.00
6134,254249750356,0.70
6135,139650466286,0.10
6136,40800156272,17.90
6137,199895486317,0.00
6138,8566984126,20.00
6139,254249750356,0.70
6140,4338421793,1.10
6141,50345062,1040.10
6142,254249750356,0.70
6143,1266967761,1.20
6144,50039995,5000.00
6145,16164765937,56.60
6146,199895486317,0.00
6147,199895486317,0.00
6148,76415541574,0.30
6149,199895486317,0.00
6150,6142017813,6.20
6151,666957213,3.00
6152,816141973,2.00
6153,83009351986,0.40
6154,3787767099,10.00
6155,199895486317,0.00
6156,80867705532,0.60
6157,199895486317,0.00
6158,199895486317,0.00
6159,139650466286,0.10
6160,95817248569,1.00
6161,2087033181,6.00
6162,79242038787,0.20
6163,15670990289,5.20
6164,79242038787,0.20
6165,41918311,277.10
6166,53681576,1571.80
6167,199895486317,0.00
6168,80867705532,0.60
6169,199895486317,0.00
6170,2357163612,2.40
6171,83009351986,0.40
6172,199895486317,0.00
6173,199895486317,0.00
6174,199895486317,0.00
6175,30547463831,20.50
6176,254249750356,0.70
6177,80867705532,0.60
6178,2087033181,6.00
6179,115941980080,0.90
6180,329655230459,0.80
6181,38518509268,108.80
6182,199895486317,0.00
6183,150927154987,0.50
6184,199895486317,0.00
6185,57861987,937.20
6186,199895486317,0.00
6187,199895486317,0.00
6188,6434388198,2.20
6189,329655230459,0.80
6190,199895486317,0.00
6191,174129749116,21.20
6192,4152329205,2.10
6193,2087033181,6.00
6194,199895486317,0.00
6195,3533205242,5.00
6196,80867705532,0.60
6197,76415541574,0.30
6198,73066960,447.90
6199,199895486317,0.00
6200,3659949032,1.80
6201,199895486317,0.00
6202,599410374,159.70
6203,76415541574,0.30
6204,76415541574,0.30
6205,79242038787,0.20
6206,36699125,589.40
6207,199895486317,0.00
6208,254249750356,0.70
6209,1266967761,1.20
6210,5042884793,2.50
6211,150927154987,0.50
6212,33856617,267.20
6213,199895486317,0.00
6214,2888271166,1.30
6215,79242038787,0.20
6216,816141973,2.00
6217,83009351986,0.40
6218,32520441,2795.40
6219,80867705532,0.60
6220,816141973,2.00
6221,199895486317,0.00
6222,199895486317,0.00
6223,50341943,1321.90
6224,199895486317,0.00
6225,199895486317,0.00
6226,79242038787,0.20
6227,199895486317,0.00
6228,199895486317,0.00
6229,199895486317,0.00
6230,199895486317,0.00
6231,20758625589,4.50
6232,199895486317,0.00
6233,199895486317,0.00
6234,199895486317,0.00
6235,150927154987,0.50
6236,80867705532,0.60
6237,1266967761,1.20
6238,199895486317,0.00
6239,816141973,2.00
6240,79242038787,0.20
6241,199895486317,0.00
6242,199895486317,0.00
6243,95817248569,1.00
6244,150927154987,0.50
6245,199895486317,0.00
6246,79242038787,0.20
6247,199895486317,0.00
6248,80867705532,0.60
6249,50039995,5000.00
6250,199895486317,0.00
6251,83009351986,0.40
6252,199895486317,0.00
6253,199895486317,0.00
6254,95817248569,1.00
6255,139650466286,0.10
6256,79242038787,0.20
6257,666957213,3.00
6258,4502398814,9.00
6259,76415541574,0.30
6260,199895486317,0.00
6261,329655230459,0.80
6262,199895486317,0.00
6263,199895486317,0.00
6264,80867705532,0.60
6265,51601210,535.20
6266,34024214593,47.90
6267,199895486317,0.00
6268,1835630896,4.00
6269,199895486317,0.00
6270,105937340447,20.70
6271,199895486317,0.00
6272,199895486317,0.00
6273,2087033181,6.00
6274,199895486317,0.00
6275,150927154987,0.50
6276,4502398814,9.00
6277,1324815599,156.00
6278,7406895493,8.00
6279,11033769612,4.60
6280,76415541574,0.30
6281,666957213,3.00
6282,76415541574,0.30
6283,199895486317,0.00
6284,26293403242,58.80
6285,199895486317,0.00
6286,79242038787,0.20
6287,199895486317,0.00
6288,199895486317,0.00
6289,1760907135,1.50
6290,199895486317,0.00
6291,3787767099,10.00
6292,95817248569,1.00
6293,2087033181,6.00
6294,199895486317,0.00
6295,4539641297,3.30
6296,22119988485,9.40
6297,254249750356,0.70
6298,199895486317,0.00
6299,199895486317,0.00
6300,33410384,1780.60
6301,1266967761,1.20
6302,139650466286,0.10
6303,2812738244,1.60
6304,254249750356,0.70
6305,79242038787,0.20
6306,666957213,3.00
6307,199895486317,0.00
6308,199895486317,0.00
6309,199895486317,0.00
6310,15670990289,5.20
6311,76415541574,0.30
6312,816141973,2.00
6313,76415541574,0.30
6314,199895486317,0.00
6315,1760907135,1.50
6316,199895486317,0.00
6317,199895486317,0.00
6318,199895486317,0.00
6319,254249750356,0.70
6320,254249750356,0.70
6321,79242038787,0.20
6322,40275579,743.20
6323,95817248569,1.00
6324,199895486317,0.00
6325,54792802534,40.30
6326,199895486317,0.00
6327,6626433049,3.60
6328,666957213,3.00
6329,199895486317,0.00
6330,199895486317,0.00
6331,115941980080,0.90
6332,816141973,2.00
6333,199895486317,0.00
6334,199895486317,0.00
6335,199895486317,0.00
6336,199895486317,0.00
6337,199895486317,0.00
6338,199895486317,0.00
6339,199895486317,0.00
6340,199895486317,0.00
6341,139650466286,0.10
6342,80867705532,0.60
6343,199895486317,0.00
6344,80867705532,0.60
6345,6626433049,3.60
6346,115941980080,0.90
6347,199895486317,0.00
6348,83009351986,0.40
6349,3533205242,5.00
6350,199895486317,0.00
6351,199895486317,0.00
6352,199895486317,0.00
6353,199895486317,0.00
6354,199895486317,0.00
6355,199895486317,0.00
6356,63459093,1692.90
6357,139650466286,0.10
6358,8723620116,4.40
6359,3027022267,3.20
6360,139650466286,0.10
6361,199895486317,0.00
6362,80867705532,0.60
6363,76415541574,0.30
6364,76415541574,0.30
6365,199895486317,0.00
6366,199895486317,0.00
6367,816141973,2.00
6368,4057093647,1.70
6369,199895486317,0.00
6370,199895486317,0.00
6371,199895486317,0.00
6372,2812738244,1.60
6373,76415541574,0.30
6374,45939967,375.50
6375,199895486317,0.00
6376,329655230459,0.80
6377,79242038787,0.20
6378,39684887,500.60
6379,199895486317,0.00
6380,199895486317,0.00
6381,80867705532,0.60
6382,80867705532,0.60
6383,76415541574,0.30
6384,199895486317,0.00
6385,30547463831,20.50
6386,1835630896,4.00
6387,1760907135,1.50
6388,13617855763,20.20
6389,199895486317,0.00
6390,3787767099,10.00
6391,199895486317,0.00
6392,199895486317,0.00
6393,2812738244,1.60
6394,69494648,347.60
6395,199895486317,0.00
6396,81731706,308.00
6397,139650466286,0.10
6398,199895486317,0.00
6399,2357163612,2.40
6400,3787767099,10.00
6401,666957213,3.00
6402,139650466286,0.10
6403,199895486317,0.00
6404,76415541574,0.30
6405,20758625589,4.50
6406,4758913635,1.40
6407,199895486317,0.00
6408,95817248569,1.00
6409,2087033181,6.00
6410,79242038787,0.20
6411,199895486317,0.00
6412,55111153,1870.60
6413,80867705532,0.60
6414,1835630896,4.00
6415,115941980080,0.90
6416,199895486317,0.00
6417,199895486317,0.00
6418,79242038787,0.20
6419,199895486317,0.00
6420,199895486317,0.00
6421,199895486317,0.00
6422,199895486317,0.00
6423,79242038787,0.20
6424,95817248569,1.00
6425,816141973,2.00
6426,2812738244,1.60
6427,199895486317,0.00
6428,76415541574,0.30
6429,76415541574,0.30
6430,199895486317,0.00
6431,37725843,898.70
6432,63224056986,83.00
6433,199895486317,0.00
6434,139650466286,0.10
6435,199895486317,0.00
6436,3027022267,3.20
6437,1266967761,1.20
6438,199895486317,0.00
6439,2888271166,1.30
6440,199895486317,0.00
6441,254249750356,0.70
6442,199895486317,0.00
6443,254249750356,0.70
6444,2087033181,6.00
6445,83009351986,0.40
6446,58657623963,9.10
6447,59881960,1568.00
6448,199895486317,0.00
6449,30309602,1998.60
6450,115941980080,0.90
6451,115941980080,0.90
6452,199895486317,0.00
6453,1835630896,4.00
6454,95817248569,1.00
6455,1835630896,4.00
6456,139650466286,0.10
6457,76415541574,0.30
6458,8723620116,4.40
6459,76415541574,0.30
6460,1418541096,143.00
6461,199895486317,0.00
6462,95817248569,1.00
6463,199895486317,0.00
6464,150927154987,0.50
6465,50039995,5000.00
6466,199895486317,0.00
6467,199895486317,0.00
6468,199895486317,0.00
6469,199895486317,0.00
6470,199895486317,0.00
6471,199895486317,0.00
6472,79242038787,0.20
6473,199895486317,0.00
6474,666957213,3.00
6475,84697653062,11.70
6476,76415541574,0.30
6477,254249750356,0.70
6478,199895486317,0.00
6479,199895486317,0.00
6480,199895486317,0.00
6481,2812738244,1.60
6482,199895486317,0.00
6483,139650466286,0.10
6484,199895486317,0.00
6485,199895486317,0.00
6486,3787767099,10.00
6487,80867705532,0.60
6488,79242038787,0.20
6489,199895486317,0.00
6490,199895486317,0.00
6491,80867705532,0.60
6492,34907741,764.50
6493,132448090426,20.30
6494,46049529,1705.90
6495,254249750356,0.70
6496,816141973,2.00
6497,76415541574,0.30
6498,80867705532,0.60
6499,199895486317,0.00
6500,76415541574,0.30
6501,115941980080,0.90
6502,199895486317,0.00
6503,199895486317,0.00
6504,199895486317,0.00
6505,199895486317,0.00
6506,83009351986,0.40
6507,199895486317,0.00
6508,15406571203,12.00
6509,6812745793,3.90
6510,199895486317,0.00
6511,199895486317,0.00
6512,2888271166,1.30
6513,199895486317,0.00
6514,4758913635,1.40
6515,199895486317,0.00
6516,71732646,217.20
6517,3787767099,10.00
6518,254249750356,0.70
6519,76415541574,0.30
6520,199895486317,0.00
6521,199895486317,0.00
6522,6626433049,3.60
6523,139650466286,0.10
6524,139650466286,0.10
6525,199895486317,0.00
6526,3083830305,4.20
6527,115941980080,0.90
6528,95817248569,1.00
6529,199895486317,0.00
6530,2888271166,1.30
6531,3027022267,3.20
6532,76415541574,0.30
6533,76415541574,0.30
6534,54579760,4442.60
6535,199895486317,0.00
6536,150927154987,0.50
6537,199895486317,0.00
6538,45095416,1510.60
6539,199895486317,0.00
6540,199895486317,0.00
6541,4152329205,2.10
6542,4338421793,1.10
6543,15406571203,12.00
6544,79242038787,0.20
6545,199895486317,0.00
6546,1266967761,1.20
6547,199895486317,0.00
6548,80867705532,0.60
6549,80867705532,0.60
6550,5934707987,2.60
6551,199895486317,0.00
6552,2812738244,1.60
6553,199895486317,0.00
6554,76415541574,0.30
6555,199895486317,0.00
6556,4338421793,1.10
6557,816141973,2.00
6558,199895486317,0.00
6559,3659949032,1.80
6560,83009351986,0.40
6561,12770198841,10.30
6562,199895486317,0.00
6563,199895486317,0.00
6564,83009351986,0.40
6565,199895486317,0.00
6566,199895486317,0.00
6567,139650466286,0.10
6568,4458791510,2.30
6569,82606643,787.10
6570,199895486317,0.00
6571,199895486317,0.00
6572,199895486317,0.00
6573,199895486317,0.00
6574,139650466286,0.10
6575,150927154987,0.50
6576,816141973,2.00
6577,199895486317,0.00
6578,56970754,560.90
6579,1760907135,1.50
6580,199895486317,0.00
6581,199895486317,0.00
6582,4712817484,2.90
6583,199895486317,0.00
6584,39081393,758.80
6585,199895486317,0.00
6586,199895486317,0.00
6587,2888271166,1.30
6588,199895486317,0.00
6589,199895486317,0.00
6590,199895486317,0.00
6591,82303308,2723.30
6592,199895486317,0.00
6593,199895486317,0.00
6594,329655230459,0.80
6595,666957213,3.00
6596,32061219704,14.80
6597,199895486317,0.00
6598,76415541574,0.30
6599,199895486317,0.00
6600,139650466286,0.10
6601,199895486317,0.00
6602,199895486317,0.00
6603,254249750356,0.70
6604,1835630896,4.00
6605,2357163612,2.40
6606,79242038787,0.20
6607,58758302,363.10
6608,43686573,912.30
6609,199895486317,0.00
6610,3533205242,5.00
6611,199895486317,0.00
6612,76415541574,0.30
6613,199895486317,0.00
6614,2357163612,2.40
6615,666957213,3.00
6616,1266967761,1.20
6617,79242038787,0.20
6618,199895486317,0.00
6619,9656137820,7.00
6620,199895486317,0.00
6621,199895486317,0.00
6622,34115048,1264.20
6623,199895486317,0.00
6624,95817248569,1.00
6625,150927154987,0.50
6626,199895486317,0.00
6627,199895486317,0.00
6628,199895486317,0.00
6629,666957213,3.00
6630,95817248569,1.00
6631,199895486317,0.00
6632,83009351986,0.40
6633,85284121,2938.00
6634,8566984126,20.00
6635,199895486317,0.00
6636,199895486317,0.00
6637,199895486317,0.00
6638,150927154987,0.50
6639,199895486317,0.00
6640,8723620116,4.40
6641,199895486317,0.00
6642,199895486317,0.00
6643,3533205242,5.00
6644,199895486317,0.00
6645,199895486317,0.00
6646,95817248569,1.00
6647,199895486317,0.00
6648,139650466286,0.10
6649,76415541574,0.30
6650,79242038787,0.20
6651,44748040,3147.40
6652,87470623695,89.90
6653,199895486317,0.00
6654,199895486317,0.00
6655,199895486317,0.00
6656,76611358,256.70
6657,62343558,274.00
6658,666957213,3.00
6659,199895486317,0.00
6660,76415541574,0.30
6661,6434388198,2.20
6662,199895486317,0.00
6663,199895486317,0.00
6664,76415541574,0.30
6665,666957213,3.00
6666,254249750356,0.70
6667,199895486317,0.00
6668,199895486317,0.00
6669,13617855763,20.20
6670,199895486317,0.00
6671,15160324412,6.60
6672,76415541574,0.30
6673,85885752,3486.00
6674,1835630896,4.00
6675,816141973,2.00
6676,199895486317,0.00
6677,199895486317,0.00
6678,199895486317,0.00
6679,199895486317,0.00
6680,199895486317,0.00
6681,199895486317,0.00
6682,199895486317,0.00
6683,199895486317,0.00
6684,79242038787,0.20
6685,199895486317,0.00
6686,15753192532,6.30
6687,4057093647,1.70
6688,254249750356,0.70
6689,76415541574,0.30
6690,2812738244,1.60
6691,32520669,2125.00
6692,199895486317,0.00
6693,199895486317,0.00
6694,84395358,919.40
6695,199895486317,0.00
6696,199895486317,0.00
6697,76415541574,0.30
6698,80867705532,0.60
6699,7119552768,4.30
6700,199895486317,0.00
6701,1760907135,1.50
6702,199895486317,0.00
6703,3533205242,5.00
6704,199895486317,0.00
6705,199895486317,0.00
6706,83009351986,0.40
6707,199895486317,0.00
6708,2357163612,2.40
6709,816141973,2.00
6710,1835630896,4.00
6711,199895486317,0.00
6712,199895486317,0.00
6713,139650466286,0.10
6714,66806737,937.90
6715,199895486317,0.00
6716,95817248569,1.00
6717,139650466286,0.10
6718,199895486317,0.00
6719,80867705532,0.60
6720,199895486317,0.00
6721,15160324412,6.60
6722,199895486317,0.00
6723,79242038787,0.20
6724,58486888248,20.80
6725,6791588116,1.90
6726,199895486317,0.00
6727,199895486317,0.00
6728,76415541574,0.30
6729,15406571203,12.00
6730,76415541574,0.30
6731,7406895493,8.00
6732,80867705532,0.60
6733,199895486317,0.00
6734,199895486317,0.00
6735,199895486317,0.00
6736,816141973,2.00
6737,1835630896,4.00
6738,139650466286,0.10
6739,199895486317,0.00
6740,3027022267,3.20
6741,76415541574,0.30
6742,79242038787,0.20
6743,83009351986,0.40
6744,199895486317,0.00
6745,199895486317,0.00
6746,199895486317,0.00
6747,18868046237,7.20
6748,199895486317,0.00
6749,199895486317,0.00
6750,79242038787,0.20
6751,199895486317,0.00
6752,199895486317,0.00
6753,199895486317,0.00
6754,6234820802,3.10
6755,1833256771,154.10
6756,199895486317,0.00
6757,1835630896,4.00
6758,199895486317,0.00
6759,199895486317,0.00
6760,80867705532,0.60
6761,3787767099,10.00
6762,139650466286,0.10
6763,76415541574,0.30
6764,1760907135,1.50
6765,199895486317,0.00
6766,11033769612,4.60
6767,1835630896,4.00
6768,199895486317,0.00
6769,199895486317,0.00
6770,59363050,418.50
6771,139650466286,0.10
6772,79242038787,0.20
6773,83009351986,0.40
6774,6434388198,2.20
6775,199895486317,0.00
6776,14449148391,5.10
6777,18868046237,7.20
6778,199895486317,0.00
6779,12385089536,30.00
6780,199895486317,0.00
6781,199895486317,0.00
6782,199895486317,0.00
6783,6434388198,2.20
6784,95817248569,1.00
6785,3787767099,10.00
6786,199895486317,0.00
6787,199895486317,0.00
6788,199895486317,0.00
6789,4338421793,1.10
6790,199895486317,0.00
6791,199895486317,0.00
6792,139650466286,0.10
6793,15923601779,4.10
6794,35319874,1053.30
6795,199895486317,0.00
6796,199895486317,0.00
6797,199895486317,0.00
6798,199895486317,0.00
6799,199895486317,0.00
6800,1266967761,1.20
6801,58657623963,9.10
6802,85586607,493.30
6803,1266967761,1.20
6804,199895486317,0.00
6805,80867705532,0.60
6806,13224361290,6.10
6807,139650466286,0.10
6808,79242038787,0.20
6809,199895486317,0.00
6810,34364790,1197.60
6811,199895486317,0.00
6812,2357163612,2.40
6813,83009351986,0.40
6814,199895486317,0.00
6815,150927154987,0.50
6816,76415541574,0.30
6817,56371483,771.20
6818,80867705532,0.60
6819,199895486317,0.00
6820,43686573,912.30
6821,40576838,762.70
6822,3787767099,10.00
6823,199895486317,0.00
6824,199895486317,0.00
6825,199895486317,0.00
6826,199895486317,0.00
6827,199895486317,0.00
6828,95817248569,1.00
6829,199895486317,0.00
6830,199895486317,0.00
6831,12523004921,10.20
6832,199895486317,0.00
6833,50039995,5000.00
6834,80867705532,0.60
6835,199895486317,0.00
6836,199895486317,0.00
6837,199895486317,0.00
6838,4758913635,1.40
6839,150927154987,0.50
6840,1835630896,4.00
6841,2812738244,1.60
6842,199895486317,0.00
6843,1760907135,1.50
6844,79242038787,0.20
6845,1266967761,1.20
6846,199895486317,0.00
6847,1760907135,1.50
6848,83009351986,0.40
6849,68228041,1726.30
6850,199895486317,0.00
6851,199895486317,0.00
6852,95817248569,1.00
6853,199895486317,0.00
6854,3027022267,3.20
6855,39365346,848.30
6856,79242038787,0.20
6857,199895486317,0.00
6858,254249750356,0.70
6859,79242038787,0.20
6860,199895486317,0.00
6861,199895486317,0.00
6862,150927154987,0.50
6863,199895486317,0.00
6864,199895486317,0.00
6865,199895486317,0.00
6866,6434388198,2.20
6867,95817248569,1.00
6868,8340425463,2.80
6869,199895486317,0.00
6870,48927060,379.70
6871,150927154987,0.50
6872,199895486317,0.00
6873,48392127,269.10
6874,1266967761,1.20
6875,199895486317,0.00
6876,24013360,427.10
6877,199895486317,0.00
6878,199895486317,0.00
6879,199895486317,0.00
6880,199895486317,0.00
6881,199895486317,0.00
6882,199895486317,0.00
6883,666957213,3.00
6884,329655230459,0.80
6885,199895486317,0.00
6886,199895486317,0.00
6887,199895486317,0.00
6888,63774846334,16.30
6889,80867705532,0.60
6890,1760907135,1.50
6891,150927154987,0.50
6892,13617855763,20.20
6893,3027022267,3.20
6894,2812738244,1.60
6895,2888271166,1.30
6896,199895486317,0.00
6897,199895486317,0.00
6898,83009351986,0.40
6899,83009351986,0.40
6900,76415541574,0.30
6901,199895486317,0.00
6902,139650466286,0.10
6903,199895486317,0.00
6904,254249750356,0.70
6905,199895486317,0.00
6906,5042884793,2.50
6907,199895486317,0.00
6908,199895486317,0.00
6909,95817248569,1.00
6910,6284869566,3.40
6911,199895486317,0.00
6912,61789146,1901.10
6913,29988625370,7.60
6914,199895486317,0.00
6915,4338421793,1.10
6916,120822161176,21.80
6917,40899606403,8.40
6918,199895486317,0.00
6919,76415541574,0.30
6920,199895486317,0.00
6921,4458791510,2.30
6922,199895486317,0.00
6923,12702239650,6.40
6924,199895486317,0.00
6925,4057093647,1.70
6926,3787767099,10.00
6927,83009351986,0.40
6928,115941980080,0.90
6929,62746282,1048.80
6930,199895486317,0.00
6931,31398995942,15.00
6932,95817248569,1.00
6933,150927154987,0.50
6934,199895486317,0.00
6935,139650466286,0.10
6936,6791588116,1.90
6937,1835630896,4.00
6938,199895486317,0.00
6939,199895486317,0.00
6940,4904776027,130.00
6941,816141973,2.00
6942,199895486317,0.00
6943,199895486317,0.00
6944,199895486317,0.00
6945,76415541574,0.30
6946,68190127848,11.40
6947,199895486317,0.00
6948,41767005,539.10
6949,199895486317,0.00
6950,199895486317,0.00
6951,79242038787,0.20
6952,6791588116,1.90
6953,95817248569,1.00
6954,199895486317,0.00
6955,76415541574,0.30
6956,199895486317,0.00
6957,139650466286,0.10
6958,11033769612,4.60
6959,199895486317,0.00
6960,199895486317,0.00
6961,199895486317,0.00
6962,199895486317,0.00
6963,199895486317,0.00
6964,199895486317,0.00
6965,199895486317,0.00
6966,199895486317,0.00
6967,80867705532,0.60
6968,1760907135,1.50
6969,79242038787,0.20
6970,76415541574,0.30
6971,3533205242,5.00
6972,199895486317,0.00
6973,254249750356,0.70
6974,666957213,3.00
6975,199895486317,0.00
6976,115941980080,0.90
6977,51368148060,32.00
6978,173935773226,21.50
6979,15349468070,10.60
6980,95817248569,1.00
6981,69190732,838.90
6982,8566984126,20.00
6983,37902151,318.20
6984,3787767099,10.00
6985,199895486317,0.00
6986,95817248569,1.00
6987,48672773,1907.30
6988,199895486317,0.00
6989,4338421793,1.10
6990,2087033181,6.00
6991,199895486317,0.00
6992,95817248569,1.00
6993,199895486317,0.00
6994,139650466286,0.10
6995,70979896,795.60
6996,199895486317,0.00
6997,56368506,2477.90
6998,150927154987,0.50
6999,76415541574,0.30
7000,28121194521,70.00
7001,2357163612,2.40
7002,62333538,774.80
7003,63723438984,17.50
7004,199895486317,0.00
7005,199895486317,0.00
7006,199895486317,0.00
7007,139650466286,0.10
7008,199895486317,0.00
7009,199895486317,0.00
7010,115941980080,0.90
7011,816141973,2.00
7012,199895486317,0.00
7013,139650466286,0.10
7014,83009351986,0.40
7015,199895486317,0.00
7016,4458791510,2.30
7017,199895486317,0.00
7018,199895486317,0.00
7019,2888271166,1.30
7020,31028644,1020.90
7021,79242038787,0.20
7022,80867705532,0.60
7023,76415541574,0.30
7024,42500430372,9.80
7025,29988625370,7.60
7026,4539641297,3.30
7027,2812738244,1.60
7028,8566984126,20.00
7029,13224361290,6.10
7030,199895486317,0.00
7031,199895486317,0.00
7032,115941980080,0.90
7033,95817248569,1.00
7034,60632258122,11.10
7035,254249750356,0.70
7036,51937071,294.10
7037,199895486317,0.00
7038,15923601779,4.10
7039,4338421793,1.10
7040,199895486317,0.00
7041,115941980080,0.90
7042,3533205242,5.00
7043,79242038787,0.20
7044,816141973,2.00
7045,12523004921,10.20
7046,254249750356,0.70
7047,329655230459,0.80
7048,1266967761,1.20
7049,83009351986,0.40
7050,3027022267,3.20
7051,4502398814,9.00
7052,199895486317,0.00
7053,199895486317,0.00
7054,199895486317,0.00
7055,199895486317,0.00
7056,79242038787,0.20
7057,199895486317,0.00
7058,199895486317,0.00
7059,80867705532,0.60
7060,30922584685,46.30
7061,4539641297,3.30
7062,76415541574,0.30
7063,231669773075,16.70
7064,139650466286,0.10
7065,83009351986,0.40
7066,199895486317,0.00
7067,199895486317,0.00
7068,162453383631,24.40
7069,199895486317,0.00
7070,199895486317,0.00
7071,199895486317,0.00
7072,39121130129,7.80
7073,199895486317,0.00
7074,12523004921,10.20
7075,150927154987,0.50
7076,199895486317,0.00
7077,79242038787,0.20
7078,199895486317,0.00
7079,199895486317,0.00
7080,95817248569,1.00
7081,139650466286,0.10
7082,816141973,2.00
7083,3533205242,5.00
7084,199895486317,0.00
7085,139650466286,0.10
7086,150927154987,0.50
7087,80867705532,0.60
7088,1760907135,1.50
7089,199895486317,0.00
7090,199895486317,0.00
7091,199895486317,0.00
7092,199895486317,0.00
7093,1835630896,4.00
7094,199895486317,0.00
7095,199895486317,0.00
7096,199895486317,0.00
7097,199895486317,0.00
7098,199895486317,0.00
7099,80867705532,0.60
7100,199895486317,0.00
7101,83009351986,0.40
7102,199895486317,0.00
7103,199895486317,0.00
7104,42281264563,21.70
7105,199895486317,0.00
7106,329655230459,0.80
7107,199895486317,0.00
7108,6234820802,3.10
7109,8340425463,2.80
7110,4152329205,2.10
7111,79242038787,0.20
7112,199895486317,0.00
7113,199895486317,0.00
7114,199895486317,0.00
7115,199895486317,0.00
7116,199895486317,0.00
7117,80867705532,0.60
7118,35062773726,23.00
7119,199895486317,0.00
7120,80867705532,0.60
7121,150927154987,0.50
7122,666957213,3.00
7123,76415541574,0.30
7124,199895486317,0.00
7125,139650466286,0.10
7126,139650466286,0.10
7127,199895486317,0.00
7128,199895486317,0.00
7129,199895486317,0.00
7130,83009351986,0.40
7131,666957213,3.00
7132,83009351986,0.40
7133,199895486317,0.00
7134,139650466286,0.10
7135,83009351986,0.40
7136,329655230459,0.80
7137,199895486317,0.00
7138,15406571203,12.00
7139,80867705532,0.60
7140,1266967761,1.20
7141,79242038787,0.20
7142,199895486317,0.00
7143,139650466286,0.10
7144,95817248569,1.00
7145,816141973,2.00
7146,4712817484,2.90
7147,1760907135,1.50
7148,124725903240,10.90
7149,199895486317,0.00
7150,83009351986,0.40
7151,13273327849,60.00
7152,207020789599,13.40
7153,80867705532,0.60
7154,2357163612,2.40
7155,76415541574,0.30
7156,139650466286,0.10
7157,80867705532,0.60
7158,83009351986,0.40
7159,50039995,5000.00
7160,666957213,3.00
7161,150927154987,0.50
7162,199895486317,0.00
7163,5934707987,2.60
7164,80867705532,0.60
7165,199895486317,0.00
7166,199895486317,0.00
7167,199895486317,0.00
7168,7816779881,124.00
7169,199895486317,0.00
7170,76415541574,0.30
7171,46178863,3338.10
7172,85582374,2708.40
7173,76415541574,0.30
7174,199895486317,0.00
7175,816141973,2.00
7176,816141973,2.00
7177,199895486317,0.00
7178,80867705532,0.60
7179,8032563320,3.70
7180,199895486317,0.00
7181,199895486317,0.00
7182,90651477,918.70
7183,199895486317,0.00
7184,50820291,1499.80
7185,199895486317,0.00
7186,199895486317,0.00
7187,78986587348,68.90
7188,199895486317,0.00
7189,139650466286,0.10
7190,199895486317,0.00
7191,199895486317,0.00
7192,79242038787,0.20
7193,84054526025,22.30
7194,4539641297,3.30
7195,27686551,1210.20
7196,199895486317,0.00
7197,3083830305,4.20
7198,199895486317,0.00
7199,44337798603,13.00
7200,1266967761,1.20
7201,199895486317,0.00
7202,76415541574,0.30
7203,254249750356,0.70
7204,4458791510,2.30
7205,199895486317,0.00
7206,80867705532,0.60
7207,199895486317,0.00
7208,199895486317,0.00
7209,199895486317,0.00
7210,329655230459,0.80
7211,1760907135,1.50
7212,83009351986,0.40
7213,199895486317,0.00
7214,4057093647,1.70
7215,79242038787,0.20
7216,1835630896,4.00
7217,199895486317,0.00
7218,75154913,655.70
7219,4458791510,2.30
7220,60840189,2586.00
7221,199895486317,0.00
7222,150927154987,0.50
7223,21307593883,4.80
7224,49220404,855.80
7225,199895486317,0.00
7226,199895486317,0.00
7227,58243670539,99.80
7228,150927154987,0.50
7229,199895486317,0.00
7230,199895486317,0.00
7231,199895486317,0.00
7232,3659949032,1.80
7233,329655230459,0.80
7234,199895486317,0.00
7235,83009351986,0.40
7236,199895486317,0.00
7237,199895486317,0.00
7238,44180557,251.90
7239,199895486317,0.00
7240,199895486317,0.00
7241,199895486317,0.00
7242,199895486317,0.00
7243,199895486317,0.00
7244,1760907135,1.50
7245,79242038787,0.20
7246,4338421793,1.10
7247,199895486317,0.00
7248,79242038787,0.20
7249,11033769612,4.60
7250,2888271166,1.30
7251,199895486317,0.00
7252,199895486317,0.00
7253,199895486317,0.00
7254,3659949032,1.80
7255,139650466286,0.10
7256,139650466286,0.10
7257,199895486317,0.00
7258,199895486317,0.00
7259,199895486317,0.00
7260,199895486317,0.00
7261,28402695,1393.90
7262,87384527,410.40
7263,95817248569,1.00
7264,199895486317,0.00
7265,199895486317,0.00
7266,139650466286,0.10
7267,6434388198,2.20
7268,4057093647,1.70
7269,79242038787,0.20
7270,80867705532,0.60
7271,13617855763,20.20
7272,199895486317,0.00
7273,85585888,469.70
7274,199895486317,0.00
7275,199895486317,0.00
7276,666957213,3.00
7277,15753192532,6.30
7278,199895486317,0.00
7279,83009351986,0.40
7280,199895486317,0.00
7281,15923601779,4.10
7282,83009351986,0.40
7283,21903965116,5.30
7284,254249750356,0.70
7285,222841928,181.10
7286,4712817484,2.90
7287,15160324412,6.60
7288,58486888248,20.80
7289,80867705532,0.60
7290,76415541574,0.30
7291,80867705532,0.60
7292,11469280996,6.50
7293,2087033181,6.00
7294,4152329205,2.10
7295,199895486317,0.00
7296,199895486317,0.00
7297,199895486317,0.00
7298,19399232990,5.50
7299,199895486317,0.00
7300,199895486317,0.00
7301,199895486317,0.00
7302,80867705532,0.60
7303,3659949032,1.80
7304,199895486317,0.00
7305,199895486317,0.00
7306,3533205242,5.00
7307,76415541574,0.30
7308,199895486317,0.00
7309,199895486317,0.00
7310,199895486317,0.00
7311,199895486317,0.00
7312,6791588116,1.90
7313,199895486317,0.00
7314,150927154987,0.50
7315,80867705532,0.60
7316,250372155,188.30
7317,199895486317,0.00
7318,4539641297,3.30
7319,816141973,2.00
7320,199895486317,0.00
7321,199895486317,0.00
7322,199895486317,0.00
7323,4758913635,1.40
7324,816141973,2.00
7325,199895486317,0.00
7326,199895486317,0.00
7327,199895486317,0.00
7328,45972474344,44.50
7329,199895486317,0.00
7330,139650466286,0.10
7331,42038384031,6.70
7332,95817248569,1.00
7333,2812738244,1.60
7334,44747189,809.00
7335,199895486317,0.00
7336,76415541574,0.30
7337,199895486317,0.00
7338,76415541574,0.30
7339,139650466286,0.10
7340,816141973,2.00
7341,46233275,2549.50
7342,115941980080,0.90
7343,1835630896,4.00
7344,139650466286,0.10
7345,199895486317,0.00
7346,52508053,345.00
7347,1266967761,1.20
7348,199895486317,0.00
7349,76415541574,0.30
7350,199895486317,0.00
7351,199895486317,0.00
7352,80867705532,0.60
7353,6142017813,6.20
7354,199895486317,0.00
7355,80867705532,0.60
7356,50413247,732.20
7357,199895486317,0.00
7358,83009351986,0.40
7359,47745313,252.90
7360,35206756,869.90
7361,80867705532,0.60
7362,199895486317,0.00
7363,79242038787,0.20
7364,199895486317,0.00
7365,199895486317,0.00
7366,95817248569,1.00
7367,33712739,2897.90
7368,2888271166,1.30
7369,199895486317,0.00
7370,199895486317,0.00
7371,199895486317,0.00
7372,254249750356,0.70
7373,57629761409,42.00
7374,52251033,1192.90
7375,4458791510,2.30
7376,4712817484,2.90
7377,199895486317,0.00
7378,79242038787,0.20
7379,78201342492,16.20
7380,199895486317,0.00
7381,254249750356,0.70
7382,33420703,706.30
7383,79242038787,0.20
7384,254249750356,0.70
7385,50580404,1298.10
7386,83009351986,0.40
7387,9656137820,7.00
7388,4152329205,2.10
7389,76415541574,0.30
7390,8566984126,20.00
7391,199895486317,0.00
7392,15670990289,5.20
7393,666957213,3.00
7394,199895486317,0.00
7395,199895486317,0.00
7396,1266967761,1.20
7397,199895486317,0.00
7398,199895486317,0.00
7399,199895486317,0.00
7400,199895486317,0.00
7401,139650466286,0.10
7402,199895486317,0.00
7403,139650466286,0.10
7404,199895486317,0.00
7405,49817854,794.90
7406,44337798603,13.00
7407,199895486317,0.00
7408,15753192532,6.30
7409,83009351986,0.40
7410,199895486317,0.00
7411,33402785,694.10
7412,150927154987,0.50
7413,8032563320,3.70
7414,199895486317,0.00
7415,199895486317,0.00
7416,199895486317,0.00
7417,199895486317,0.00
7418,173630045960,21.40
7419,199895486317,0.00
7420,4445999665,2.70
7421,2812738244,1.60
7422,199895486317,0.00
7423,4152329205,2.10
7424,254249750356,0.70
7425,76415541574,0.30
7426,254249750356,0.70
7427,199895486317,0.00
7428,5934707987,2.60
7429,139650466286,0.10
7430,3787767099,10.00
7431,76415541574,0.30
7432,199895486317,0.00
7433,6434388198,2.20
7434,4057093647,1.70
7435,50039995,5000.00
7436,666957213,3.00
7437,199895486317,0.00
7438,666957213,3.00
7439,79242038787,0.20
7440,150927154987,0.50
7441,76415541574,0.30
7442,199895486317,0.00
7443,95817248569,1.00
7444,76415541574,0.30
7445,50113698,3800.10
7446,58457135,890.60
7447,80867705532,0.60
7448,199895486317,0.00
7449,79242038787,0.20
7450,150927154987,0.50
7451,139650466286,0.10
7452,199895486317,0.00
7453,199895486317,0.00
7454,199895486317,0.00
7455,139650466286,0.10
7456,150927154987,0.50
7457,4458791510,2.30
7458,199895486317,0.00
7459,199895486317,0.00
7460,1760907135,1.50
7461,222618769902,15.50
7462,199895486317,0.00
7463,199895486317,0.00
7464,199895486317,0.00
7465,1266967761,1.20
7466,199895486317,0.00
7467,139650466286,0.10
7468,199895486317,0.00
7469,199895486317,0.00
7470,150927154987,0.50
7471,199895486317,0.00
7472,4502398814,9.00
7473,199895486317,0.00
7474,4152329205,2.10
7475,38896139,1003.60
7476,115941980080,0.90
7477,49390588865,77.60
7478,39121130129,7.80
7479,4152329205,2.10
7480,76415541574,0.30
7481,50039995,5000.00
7482,199895486317,0.00
7483,78012861965,8.60
7484,199895486317,0.00
7485,126207504679,30.40
7486,76415541574,0.30
7487,1266967761,1.20
7488,199895486317,0.00
7489,199895486317,0.00
7490,4152329205,2.10
7491,816141973,2.00
7492,76415541574,0.30
7493,79242038787,0.20
7494,4152329205,2.10
7495,199895486317,0.00
7496,54634911,1416.90
7497,41767632,336.30
7498,115941980080,0.90
7499,76415541574,0.30
7500,139650466286,0.10
7501,199895486317,0.00
7502,3787767099,10.00
7503,199895486317,0.00
7504,666957213,3.00
7505,139650466286,0.10
7506,2087033181,6.00
7507,1266967761,1.20
7508,254249750356,0.70
7509,199895486317,0.00
7510,666957213,3.00
7511,199895486317,0.00
7512,2087033181,6.00
7513,4057093647,1.70
7514,50039995,5000.00
7515,3027022267,3.20
7516,199895486317,0.00
7517,76415541574,0.30
7518,22611862175,61.80
7519,199895486317,0.00
7520,6142017813,6.20
7521,36271777,1090.20
7522,45643609,848.50
7523,83009351986,0.40
7524,199895486317,0.00
7525,199895486317,0.00
7526,199895486317,0.00
7527,76415541574,0.30
7528,1760907135,1.50
7529,42495396,372.20
7530,199895486317,0.00
7531,4445999665,2.70
7532,1760907135,1.50
7533,199895486317,0.00
7534,199895486317,0.00
7535,199895486317,0.00
7536,199895486317,0.00
7537,199895486317,0.00
7538,79242038787,0.20
7539,199895486317,0.00
7540,76415541574,0.30
7541,76415541574,0.30
7542,95817248569,1.00
7543,199895486317,0.00
7544,95817248569,1.00
7545,79242038787,0.20
7546,199895486317,0.00
7547,95817248569,1.00
7548,329655230459,0.80
7549,199895486317,0.00
7550,199895486317,0.00
7551,76415541574,0.30
7552,199895486317,0.00
7553,4338421793,1.10
7554,199895486317,0.00
7555,199895486317,0.00
7556,199895486317,0.00
7557,199895486317,0.00
7558,199895486317,0.00
7559,199895486317,0.00
7560,199895486317,0.00
7561,3659949032,1.80
7562,199895486317,0.00
7563,816141973,2.00
7564,76415541574,0.30
7565,2812738244,1.60
7566,199895486317,0.00
7567,199895486317,0.00
7568,80867705532,0.60
7569,79242038787,0.20
7570,199895486317,0.00
7571,199895486317,0.00
7572,115941980080,0.90
7573,199895486317,0.00
7574,199895486317,0.00
7575,79242038787,0.20
7576,3027022267,3.20
7577,199895486317,0.00
7578,199895486317,0.00
7579,79242038787,0.20
7580,2087033181,6.00
7581,666957213,3.00
7582,199895486317,0.00
7583,816141973,2.00
7584,199895486317,0.00
7585,199895486317,0.00
7586,2087033181,6.00
7587,199895486317,0.00
7588,199895486317,0.00
7589,199895486317,0.00
7590,199895486317,0.00
7591,199895486317,0.00
7592,199895486317,0.00
7593,139650466286,0.10
7594,150927154987,0.50
7595,80867705532,0.60
7596,39770509835,16.00
7597,5934707987,2.60
7598,72467907,650.90
7599,76415541574,0.30
7600,79242038787,0.20
7601,13224361290,6.10
7602,139650466286,0.10
7603,199895486317,0.00
7604,199895486317,0.00
7605,95817248569,1.00
7606,199895486317,0.00
7607,199895486317,0.00
7608,150927154987,0.50
7609,199895486317,0.00
7610,199895486317,0.00
7611,199895486317,0.00
7612,50039995,5000.00
7613,12523004921,10.20
7614,199895486317,0.00
7615,80867705532,0.60
7616,4758913635,1.40
7617,150927154987,0.50
7618,199895486317,0.00
7619,46965210147,9.30
7620,139650466286,0.10
7621,4758913635,1.40
7622,76415541574,0.30
7623,76415541574,0.30
7624,199895486317,0.00
7625,199895486317,0.00
7626,139650466286,0.10
7627,185801280490,16.60
7628,51904560,404.10
7629,95817248569,1.00
7630,199895486317,0.00
7631,666957213,3.00
7632,139650466286,0.10
7633,254249750356,0.70
7634,50411994221,10.20
7635,1266967761,1.20
7636,199895486317,0.00
7637,7119552768,4.30
7638,199895486317,0.00
7639,199895486317,0.00
7640,199895486317,0.00
7641,79242038787,0.20
7642,139650466286,0.10
7643,11033769612,4.60
7644,80867705532,0.60
7645,199895486317,0.00
7646,199895486317,0.00
7647,816141973,2.00
7648,199895486317,0.00
7649,199895486317,0.00
7650,199895486317,0.00
7651,76415541574,0.30
7652,199895486317,0.00
7653,199895486317,0.00
7654,76415541574,0.30
7655,76415541574,0.30
7656,115941980080,0.90
7657,68298888,600.90
7658,59166708,1524.10
7659,150927154987,0.50
7660,115941980080,0.90
7661,4445999665,2.70
7662,6209960880,129.00
7663,15753192532,6.30
7664,22656952062,39.80
7665,666957213,3.00
7666,199895486317,0.00
7667,33649081,1421.80
7668,199895486317,0.00
7669,199895486317,0.00
7670,199895486317,0.00
7671,199895486317,0.00
7672,199895486317,0.00
7673,199895486317,0.00
7674,199895486317,0.00
7675,666957213,3.00
7676,199895486317,0.00
7677,199895486317,0.00
7678,80867705532,0.60
7679,199895486317,0.00
7680,4338421793,1.10
7681,14449148391,5.10
7682,139650466286,0.10
7683,199895486317,0.00
7684,76415541574,0.30
7685,47435741,466.90
7686,666957213,3.00
7687,666957213,3.00
7688,2087033181,6.00
7689,79242038787,0.20
7690,139650466286,0.10
7691,79242038787,0.20
7692,199895486317,0.00
7693,95817248569,1.00
7694,666957213,3.00
7695,199895486317,0.00
7696,150927154987,0.50
7697,76415541574,0.30
7698,57629761409,42.00
7699,199895486317,0.00
7700,816141973,2.00
7701,816141973,2.00
7702,199895486317,0.00
7703,2812738244,1.60
7704,816141973,2.00
7705,199895486317,0.00
7706,199895486317,0.00
7707,4152329205,2.10
7708,2812738244,1.60
7709,6284869566,3.40
7710,199895486317,0.00
7711,20487003678,3.80
7712,79242038787,0.20
7713,79242038787,0.20
7714,199895486317,0.00
7715,1266967761,1.20
7716,329655230459,0.80
7717,199895486317,0.00
7718,79242038787,0.20
7719,80867705532,0.60
7720,199895486317,0.00
7721,199895486317,0.00
7722,139650466286,0.10
7723,199895486317,0.00
7724,95817248569,1.00
7725,199895486317,0.00
7726,199895486317,0.00
7727,199895486317,0.00
7728,199895486317,0.00
7729,76916172839,23.10
7730,199895486317,0.00
7731,329655230459,0.80
7732,1835630896,4.00
7733,23368946070,8.30
7734,199895486317,0.00
7735,66559145,1028.10
7736,139650466286,0.10
7737,6626433049,3.60
7738,46907571248,20.10
7739,199895486317,0.00
7740,6626433049,3.60
7741,199895486317,0.00
7742,150927154987,0.50
7743,199895486317,0.00
7744,199895486317,0.00
7745,199895486317,0.00
7746,666957213,3.00
7747,115941980080,0.90
7748,199895486317,0.00
7749,199895486317,0.00
7750,199895486317,0.00
7751,6812745793,3.90
7752,68190127848,11.40
7753,46233801,2093.50
7754,199895486317,0.00
7755,199895486317,0.00
7756,80867705532,0.60
7757,199895486317,0.00
7758,1760907135,1.50
7759,73959072,490.60
7760,199895486317,0.00
7761,254249750356,0.70
7762,199895486317,0.00
7763,80867705532,0.60
7764,199895486317,0.00
7765,199895486317,0.00
7766,254249750356,0.70
7767,79242038787,0.20
7768,199895486317,0.00
7769,66320744,1768.80
7770,1835630896,4.00
7771,199895486317,0.00
7772,199895486317,0.00
7773,199895486317,0.00
7774,97407591,236.60
7775,4445999665,2.70
7776,199895486317,0.00
7777,8566984126,20.00
7778,199895486317,0.00
7779,199895486317,0.00
7780,95817248569,1.00
7781,2087033181,6.00
7782,75447164250,8.70
7783,199895486317,0.00
7784,199895486317,0.00
7785,199895486317,0.00
7786,2888271166,1.30
7787,199895486317,0.00
7788,199895486317,0.00
7789,21046756607,20.60
7790,71664849,257.20
7791,4338421793,1.10
7792,1835630896,4.00
7793,199895486317,0.00
7794,199895486317,0.00
7795,666957213,3.00
7796,23990017937,6.90
7797,95817248569,1.00
7798,80867705532,0.60
7799,76415541574,0.30
7800,15406571203,12.00
7801,79331510,458.60
7802,199895486317,0.00
7803,95817248569,1.00
7804,199895486317,0.00
7805,199895486317,0.00
7806,199895486317,0.00
7807,109795303991,9.90
7808,139650466286,0.10
7809,33256570750,34.80
7810,199895486317,0.00
7811,139650466286,0.10
7812,3533205242,5.00
7813,88568560,807.20
7814,150927154987,0.50
7815,36518164,279.30
7816,1146692937,159.60
7817,199895486317,0.00
7818,95817248569,1.00
7819,3533205242,5.00
7820,199895486317,0.00
7821,139650466286,0.10
7822,93284808087,50.00
7823,199895486317,0.00
7824,199895486317,0.00
7825,199895486317,0.00
7826,199895486317,0.00
7827,666957213,3.00
7828,66216330,567.20
7829,416242118,187.70
7830,199895486317,0.00
7831,79242038787,0.20
7832,199895486317,0.00
7833,199895486317,0.00
7834,199895486317,0.00
7835,39770509835,16.00
7836,199895486317,0.00
7837,12702239650,6.40
7838,199895486317,0.00
7839,199895486317,0.00
7840,199895486317,0.00
7841,76415541574,0.30
7842,199895486317,0.00
7843,139650466286,0.10
7844,199895486317,0.00
7845,79322663,2301.00
7846,4338421793,1.10
7847,199895486317,0.00
7848,79242038787,0.20
7849,3659949032,1.80
7850,81711365,711.00
7851,36102499,591.10
7852,199895486317,0.00
7853,139650466286,0.10
7854,3027022267,3.20
7855,118791403036,32.90
7856,76415541574,0.30
7857,199895486317,0.00
7858,816141973,2.00
7859,139650466286,0.10
7860,21307593883,4.80
7861,38701539,272.90
7862,80867705532,0.60
7863,79242038787,0.20
7864,83009351986,0.40
7865,6626433049,3.60
7866,199895486317,0.00
7867,199895486317,0.00
7868,199895486317,0.00
7869,150927154987,0.50
7870,666957213,3.00
7871,83009351986,0.40
7872,199895486317,0.00
7873,199895486317,0.00
7874,139650466286,0.10
7875,199895486317,0.00
7876,199895486317,0.00
7877,20487003678,3.80
7878,80867705532,0.60
7879,199895486317,0.00
7880,199895486317,0.00
7881,199895486317,0.00
7882,199895486317,0.00
7883,79242038787,0.20
7884,79242038787,0.20
7885,199895486317,0.00
7886,4758913635,1.40
7887,199895486317,0.00
7888,254249750356,0.70
7889,2888271166,1.30
7890,4152329205,2.10
7891,666957213,3.00
7892,199895486317,0.00
7893,199895486317,0.00
7894,83009351986,0.40
7895,80867705532,0.60
7896,199895486317,0.00
7897,698857458,174.70
7898,199895486317,0.00
7899,199895486317,0.00
7900,76415541574,0.30
7901,2888271166,1.30
7902,139650466286,0.10
7903,39204854043,55.80
7904,80867705532,0.60
7905,95817248569,1.00
7906,199895486317,0.00
7907,83009351986,0.40
7908,16321946186,113.10
7909,199895486317,0.00
7910,66321771,1084.80
7911,199895486317,0.00
7912,199895486317,0.00
7913,42713570,1037.00
7914,95817248569,1.00
7915,2888271166,1.30
7916,76415541574,0.30
7917,199895486317,0.00
7918,199895486317,0.00
7919,816141973,2.00
7920,1418541096,143.00
7921,199895486317,0.00
7922,4057093647,1.70
7923,199895486317,0.00
7924,199895486317,0.00
7925,79242038787,0.20
7926,11469280996,6.50
7927,6791588116,1.90
7928,115029153955,28.30
7929,199895486317,0.00
7930,76415541574,0.30
7931,2888271166,1.30
7932,54291056,369.50
7933,199895486317,0.00
7934,199895486317,0.00
7935,816141973,2.00
7936,59881488,1494.80
7937,199895486317,0.00
7938,199895486317,0.00
7939,79596646450,30.20
7940,80867705532,0.60
7941,199895486317,0.00
7942,4458791510,2.30
7943,80867705532,0.60
7944,76415541574,0.30
7945,199895486317,0.00
7946,199895486317,0.00
7947,199895486317,0.00
7948,15257494650,115.20
7949,199895486317,0.00
7950,80867705532,0.60
7951,199895486317,0.00
7952,79242038787,0.20
7953,38590610,249.70
7954,199895486317,0.00
7955,199895486317,0.00
7956,79242038787,0.20
7957,29337865709,58.70
7958,73660734,658.00
7959,816141973,2.00
7960,1266967761,1.20
7961,83009351986,0.40
7962,83009351986,0.40
7963,80867705532,0.60
7964,1835630896,4.00
7965,3083830305,4.20
7966,199895486317,0.00
7967,199895486317,0.00
7968,31924628,2025.80
7969,56074560,909.90
7970,80867705532,0.60
7971,2087033181,6.00
7972,199895486317,0.00
7973,199895486317,0.00
7974,199895486317,0.00
7975,11469280996,6.50
7976,199895486317,0.00
7977,58652848172,21.60
7978,39383214,480.00
7979,199895486317,0.00
7980,199895486317,0.00
7981,199895486317,0.00
7982,2888271166,1.30
7983,199895486317,0.00
7984,1266967761,1.20
7985,83009351986,0.40
7986,6492134253,120.20
7987,79242038787,0.20
7988,199895486317,0.00
7989,199895486317,0.00
7990,254249750356,0.70
7991,199895486317,0.00
7992,199895486317,0.00
7993,95817248569,1.00
7994,199895486317,0.00
7995,76415541574,0.30
7996,199895486317,0.00
7997,199895486317,0.00
7998,199895486317,0.00
7999,83009351986,0.40
8000,2357163612,2.40
8001,79242038787,0.20
8002,199895486317,0.00
8003,199895486317,0.00
8004,61140530,573.40
8005,199895486317,0.00
8006,329655230459,0.80
8007,199895486317,0.00
8008,199895486317,0.00
8009,199895486317,0.00
8010,2888271166,1.30
8011,2087033181,6.00
8012,199895486317,0.00
8013,81713479,691.90
8014,329655230459,0.80
8015,95817248569,1.00
8016,95817248569,1.00
8017,199895486317,0.00
8018,115941980080,0.90
8019,95817248569,1.00
8020,62339874,320.40
8021,80867705532,0.60
8022,87081071,439.70
8023,199895486317,0.00
8024,199895486317,0.00
8025,1266967761,1.20
8026,816141973,2.00
8027,199895486317,0.00
8028,199895486317,0.00
8029,55178417,600.50
8030,83009351986,0.40
8031,199895486317,0.00
8032,3659949032,1.80
8033,83009351986,0.40
8034,95817248569,1.00
8035,47730472,753.00
8036,79242038787,0.20
8037,199895486317,0.00
8038,199895486317,0.00
8039,199895486317,0.00
8040,199895486317,0.00
8041,199895486317,0.00
8042,83009351986,0.40
8043,13273327849,60.00
8044,199895486317,0.00
8045,199895486317,0.00
8046,12385089536,30.00
8047,115941980080,0.90
8048,63349424,3855.40
8049,80867705532,0.60
8050,199895486317,0.00
8051,199895486317,0.00
8052,150927154987,0.50
8053,80867705532,0.60
8054,666957213,3.00
8055,199895486317,0.00
8056,1835630896,4.00
8057,199895486317,0.00
8058,816141973,2.00
8059,2888271166,1.30
8060,816141973,2.00
8061,199895486317,0.00
8062,61312749,1094.80
8063,35501565,2813.60
8064,2087033181,6.00
8065,52668468141,11.20
8066,2812738244,1.60
8067,199895486317,0.00
8068,199895486317,0.00
8069,2087033181,6.00
8070,199895486317,0.00
8071,4539641297,3.30
8072,199895486317,0.00
8073,76415541574,0.30
8074,79242038787,0.20
8075,76415541574,0.30
8076,329655230459,0.80
8077,42359340,981.50
8078,8071803462,40.00
8079,199895486317,0.00
8080,199895486317,0.00
8081,65606407,1409.30
8082,139650466286,0.10
8083,139650466286,0.10
8084,199895486317,0.00
8085,4458791510,2.30
8086,199895486317,0.00
8087,199895486317,0.00
8088,199895486317,0.00
8089,150927154987,0.50
8090,199895486317,0.00
8091,1835630896,4.00
8092,199895486317,0.00
8093,199895486317,0.00
8094,816141973,2.00
8095,199895486317,0.00
8096,6791588116,1.90
8097,76415541574,0.30
8098,199895486317,0.00
8099,112506304881,22.50
8100,76415541574,0.30
8101,199895486317,0.00
8102,12523004921,10.20
8103,95817248569,1.00
8104,115941980080,0.90
8105,95817248569,1.00
8106,199895486317,0.00
8107,199895486317,0.00
8108,95817248569,1.00
8109,21046756607,20.60
8110,80867705532,0.60
8111,37464041,1508.30
8112,139650466286,0.10
8113,3533205242,5.00
8114,199895486317,0.00
8115,199895486317,0.00
8116,4152329205,2.10
8117,1266967761,1.20
8118,80867705532,0.60
8119,199895486317,0.00
8120,199895486317,0.00
8121,89764566,477.90
8122,61738876,945.80
8123,76415541574,0.30
8124,199895486317,0.00
8125,95817248569,1.00
8126,199895486317,0.00
8127,199895486317,0.00
8128,1835630896,4.00
8129,199895486317,0.00
8130,6234820802,3.10
8131,199895486317,0.00
8132,199895486317,0.00
8133,55176718,2224.50
8134,95817248569,1.00
8135,199895486317,0.00
8136,4057093647,1.70
8137,79242038787,0.20
8138,199895486317,0.00
8139,1760907135,1.50
8140,150927154987,0.50
8141,199895486317,0.00
8142,76415541574,0.30
8143,45721749373,18.00
8144,115941980080,0.90
8145,199895486317,0.00
8146,199895486317,0.00
8147,816141973,2.00
8148,199895486317,0.00
8149,4445999665,2.70
8150,83009351986,0.40
8151,95817248569,1.00
8152,83009351986,0.40
8153,199895486317,0.00
8154,199895486317,0.00
8155,199895486317,0.00
8156,8723620116,4.40
8157,4758913635,1.40
8158,95817248569,1.00
8159,150927154987,0.50
8160,1835630896,4.00
8161,79242038787,0.20
8162,1266967761,1.20
8163,199895486317,0.00
8164,5042884793,2.50
8165,22728018116,7.50
8166,5934707987,2.60
8167,8723620116,4.40
8168,68190127848,11.40
8169,58157201,2213.70
8170,199895486317,0.00
8171,199895486317,0.00
8172,199895486317,0.00
8173,254249750356,0.70
8174,76415541574,0.30
8175,199895486317,0.00
8176,115941980080,0.90
8177,199895486317,0.00
8178,666957213,3.00
8179,2888271166,1.30
8180,1760907135,1.50
8181,199895486317,0.00
8182,15670990289,5.20
8183,79242038787,0.20
8184,79242038787,0.20
8185,199895486317,0.00
8186,66580556019,33.70
8187,199895486317,0.00
8188,199895486317,0.00
8189,31929818,408.60
8190,80867705532,0.60
8191,199895486317,0.00
8192,199895486317,0.00
8193,199895486317,0.00
8194,199895486317,0.00
8195,1266967761,1.20
8196,95817248569,1.00
8197,2888271166,1.30
8198,199895486317,0.00
8199,6626433049,3.60
8200,4539641297,3.30
8201,199895486317,0.00
8202,79242038787,0.20
8203,59255163734,13.30
8204,199895486317,0.00
8205,199895486317,0.00
8206,95817248569,1.00
8207,199895486317,0.00
8208,79242038787,0.20
8209,14449148391,5.10
8210,40612914,292.00
8211,3027022267,3.20
8212,42951334,1020.40
8213,115941980080,0.90
8214,816141973,2.00
8215,8566984126,20.00
8216,199895486317,0.00
8217,76415541574,0.30
8218,80867705532,0.60
8219,6434388198,2.20
8220,816141973,2.00
8221,3787767099,10.00
8222,199895486317,0.00
8223,4758913635,1.40
8224,199895486317,0.00
8225,115941980080,0.90
8226,666957213,3.00
8227,199895486317,0.00
8228,80867705532,0.60
8229,79242038787,0.20
8230,199895486317,0.00
8231,83009351986,0.40
8232,199895486317,0.00
8233,199895486317,0.00
8234,254249750356,0.70
8235,15923601779,4.10
8236,95817248569,1.00
8237,95817248569,1.00
8238,199895486317,0.00
8239,83009351986,0.40
8240,199895486317,0.00
8241,80867705532,0.60
8242,13605638,1371.50
8243,199895486317,0.00
8244,199895486317,0.00
8245,199895486317,0.00
8246,199895486317,0.00
8247,199895486317,0.00
8248,199895486317,0.00
8249,4758913635,1.40
8250,816141973,2.00
8251,11033769612,4.60
8252,4458791510,2.30
8253,51901288,522.10
8254,199895486317,0.00
8255,115941980080,0.90
8256,139650466286,0.10
8257,199895486317,0.00
8258,1266967761,1.20
8259,50039995,5000.00
8260,150927154987,0.50
8261,95817248569,1.00
8262,79242038787,0.20
8263,199895486317,0.00
8264,199895486317,0.00
8265,199895486317,0.00
8266,199895486317,0.00
8267,150927154987,0.50
8268,1835630896,4.00
8269,199895486317,0.00
8270,816141973,2.00
8271,199895486317,0.00
8272,5934707987,2.60
8273,199895486317,0.00
8274,79242038787,0.20
8275,1835630896,4.00
8276,15406571203,12.00
8277,100487148120,76.40
8278,80815287,757.80
8279,199895486317,0.00
8280,3076689928,139.30
8281,12385089536,30.00
8282,199895486317,0.00
8283,199895486317,0.00
8284,199895486317,0.00
8285,4152329205,2.10
8286,199895486317,0.00
8287,199895486317,0.00
8288,95817248569,1.00
8289,4758913635,1.40
8290,50039995,5000.00
8291,37598239,405.90
8292,79242038787,0.20
8293,199895486317,0.00
8294,83009351986,0.40
8295,95817248569,1.00
8296,76415541574,0.30
8297,199895486317,0.00
8298,40277032,884.20
8299,329655230459,0.80
8300,199895486317,0.00
8301,150927154987,0.50
8302,115941980080,0.90
8303,31398995942,15.00
8304,329655230459,0.80
8305,199895486317,0.00
8306,6626433049,3.60
8307,95817248569,1.00
8308,6234820802,3.10
8309,816141973,2.00
8310,199895486317,0.00
8311,1760907135,1.50
8312,1266967761,1.20
8313,2812738244,1.60
8314,199895486317,0.00
8315,199895486317,0.00
8316,666957213,3.00
8317,80867705532,0.60
8318,8032563320,3.70
8319,199895486317,0.00
8320,199895486317,0.00
8321,816141973,2.00
8322,5934707987,2.60
8323,199895486317,0.00
8324,79242038787,0.20
8325,4057093647,1.70
8326,199895486317,0.00
8327,816141973,2.00
8328,1760907135,1.50
8329,3533205242,5.00
8330,199895486317,0.00
8331,83009351986,0.40
8332,95817248569,1.00
8333,83009351986,0.40
8334,5042884793,2.50
8335,199895486317,0.00
8336,199895486317,0.00
8337,115941980080,0.90
8338,199895486317,0.00
8339,3027022267,3.20
8340,79242038787,0.20
8341,199895486317,0.00
8342,816141973,2.00
8343,199895486317,0.00
8344,199895486317,0.00
8345,15923601779,4.10
8346,6234820802,3.10
8347,199895486317,0.00
8348,18067699831,5.80
8349,199895486317,0.00
8350,199895486317,0.00
8351,816141973,2.00
8352,4152329205,2.10
8353,816141973,2.00
8354,6284869566,3.40
8355,666957213,3.00
8356,54584816,662.30
8357,199895486317,0.00
8358,24770806453,20.40
8359,666957213,3.00
8360,12770198841,10.30
8361,199895486317,0.00
8362,199895486317,0.00
8363,351828697,187.20
8364,199895486317,0.00
8365,80867705532,0.60
8366,145149175212,13.90
8367,14924553303,14.00
8368,199895486317,0.00
8369,13224361290,6.10
8370,7119552768,4.30
8371,15753192532,6.30
8372,55179184,719.10
8373,329655230459,0.80
8374,199895486317,0.00
8375,57567487,832.40
8376,199895486317,0.00
8377,199895486317,0.00
8378,2888271166,1.30
8379,199895486317,0.00
8380,199895486317,0.00
8381,199895486317,0.00
8382,95817248569,1.00
8383,22728018116,7.50
8384,199895486317,0.00
8385,199895486317,0.00
8386,95817248569,1.00
8387,1266967761,1.20
8388,12770198841,10.30
8389,199895486317,0.00
8390,199895486317,0.00
8391,816141973,2.00
8392,199895486317,0.00
8393,58034827584,15.70
8394,199895486317,0.00
8395,32371610848,10.50
8396,199895486317,0.00
8397,199895486317,0.00
8398,199895486317,0.00
8399,11661872830,5.60
8400,816141973,2.00
8401,115941980080,0.90
8402,21046756607,20.60
8403,199895486317,0.00
8404,199895486317,0.00
8405,3659949032,1.80
8406,82899578,2236.00
8407,79242038787,0.20
8408,76415541574,0.30
8409,199895486317,0.00
8410,329655230459,0.80
8411,6626433049,3.60
8412,199895486317,0.00
8413,1266967761,1.20
8414,54160340,1068.30
8415,79242038787,0.20
8416,5042884793,2.50
8417,63925486258,6.70
8418,199895486317,0.00
8419,60586761,265.50
8420,76415541574,0.30
8421,33963859782,5.70
8422,139650466286,0.10
8423,80867705532,0.60
8424,150927154987,0.50
8425,199895486317,0.00
8426,1503880725,162.20
8427,199895486317,0.00
8428,76415541574,0.30
8429,666957213,3.00
8430,6791588116,1.90
8431,199895486317,0.00
8432,80867705532,0.60
8433,5042884793,2.50
8434,329655230459,0.80
8435,7119552768,4.30
8436,199895486317,0.00
8437,79242038787,0.20
8438,816141973,2.00
8439,150927154987,0.50
8440,199895486317,0.00
8441,40880617,347.80
8442,40277210,330.90
8443,199895486317,0.00
8444,150927154987,0.50
8445,199895486317,0.00
8446,199895486317,0.00
8447,199895486317,0.00
8448,1266967761,1.20
8449,199895486317,0.00
8450,199895486317,0.00
8451,57267632,733.50
8452,139650466286,0.10
8453,199895486317,0.00
8454,199895486317,0.00
8455,11661872830,5.60
8456,83009351986,0.40
8457,6284869566,3.40
8458,1760907135,1.50
8459,1760907135,1.50
8460,114029212278,25.10
8461,23368946070,8.30
8462,76415541574,0.30
8463,199895486317,0.00
8464,199895486317,0.00
8465,13617855763,20.20
8466,199895486317,0.00
8467,83009351986,0.40
8468,83009351986,0.40
8469,79242038787,0.20
8470,199895486317,0.00
8471,199895486317,0.00
8472,816141973,2.00
8473,199895486317,0.00
8474,95817248569,1.00
8475,199895486317,0.00
8476,80867705532,0.60
8477,150927154987,0.50
8478,199895486317,0.00
8479,20258140034,38.90
8480,199895486317,0.00
8481,79242038787,0.20
8482,199895486317,0.00
8483,199895486317,0.00
8484,199895486317,0.00
8485,199895486317,0.00
8486,79242038787,0.20
8487,199895486317,0.00
8488,199895486317,0.00
8489,254249750356,0.70
8490,79242038787,0.20
8491,115941980080,0.90
8492,60251111,534.50
8493,199895486317,0.00
8494,150927154987,0.50
8495,199895486317,0.00
8496,199895486317,0.00
8497,199895486317,0.00
8498,76415541574,0.30
8499,199895486317,0.00
8500,254249750356,0.70
8501,199895486317,0.00
8502,150927154987,0.50
8503,72764225,2637.30
8504,329655230459,0.80
8505,79242038787,0.20
8506,56374355,766.40
8507,666957213,3.00
8508,199895486317,0.00
8509,8071803462,40.00
8510,12320299609,3.50
8511,199895486317,0.00
8512,199895486317,0.00
8513,816141973,2.00
8514,4057093647,1.70
8515,95817248569,1.00
8516,80867705532,0.60
8517,199895486317,0.00
8518,150927154987,0.50
8519,139650466286,0.10
8520,199895486317,0.00
8521,139650466286,0.10
8522,199895486317,0.00
8523,199895486317,0.00
8524,139650466286,0.10
8525,254249750356,0.70
8526,816141973,2.00
8527,199895486317,0.00
8528,199895486317,0.00
8529,816141973,2.00
8530,816141973,2.00
8531,199895486317,0.00
8532,115941980080,0.90
8533,8032563320,3.70
8534,254249750356,0.70
8535,61743090,684.30
8536,4539641297,3.30
8537,199895486317,0.00
8538,34115048,1264.20
8539,199895486317,0.00
8540,1760907135,1.50
8541,329655230459,0.80
8542,39078725,2937.90
8543,199895486317,0.00
8544,199895486317,0.00
8545,80867705532,0.60
8546,26398094,715.20
8547,115941980080,0.90
8548,199895486317,0.00
8549,199895486317,0.00
8550,199895486317,0.00
8551,816141973,2.00
8552,3787767099,10.00
8553,199895486317,0.00
8554,8340425463,2.80
8555,199895486317,0.00
8556,150927154987,0.50
8557,14449148391,5.10
8558,199895486317,0.00
8559,48381294349,41.80
8560,2087033181,6.00
8561,199895486317,0.00
8562,80867705532,0.60
8563,83009351986,0.40
8564,199895486317,0.00
8565,199895486317,0.00
8566,1266967761,1.20
8567,199895486317,0.00
8568,4502398814,9.00
8569,29988625370,7.60
8570,199895486317,0.00
8571,76415541574,0.30
8572,150927154987,0.50
8573,139650466286,0.10
8574,80867705532,0.60
8575,78732437,765.40
8576,76415541574,0.30
8577,199895486317,0.00
8578,199895486317,0.00
8579,199895486317,0.00
8580,64417064,4865.40
8581,150927154987,0.50
8582,48319948,2400.00
8583,139650466286,0.10
8584,816141973,2.00
8585,88247691380,94.00
8586,26494429,1138.10
8587,199895486317,0.00
8588,199895486317,0.00
8589,60469667863,12.80
8590,76937552,2613.30
8591,199895486317,0.00
8592,28879988,1171.40
8593,79242038787,0.20
8594,199895486317,0.00
8595,80867705532,0.60
8596,816141973,2.00
8597,1760907135,1.50
8598,199895486317,0.00
8599,199895486317,0.00
8600,15160324412,6.60
8601,199895486317,0.00
8602,136987178205,35.00
8603,816141973,2.00
8604,199895486317,0.00
8605,199895486317,0.00
8606,199895486317,0.00
8607,80867705532,0.60
8608,2888271166,1.30
8609,69141711731,38.10
8610,35795401,1268.40
8611,816141973,2.00
8612,199895486317,0.00
8613,199895486317,0.00
8614,199895486317,0.00
8615,199895486317,0.00
8616,199895486317,0.00
8617,199895486317,0.00
8618,1760907135,1.50
8619,79242038787,0.20
8620,52011367,1897.40
8621,34611228,651.80
8622,14449148391,5.10
8623,329655230459,0.80
8624,199895486317,0.00
8625,70087108,428.00
8626,76415541574,0.30
8627,199895486317,0.00
8628,95817248569,1.00
8629,6234820802,3.10
8630,139650466286,0.10
8631,199895486317,0.00
8632,24770806453,20.40
8633,50710163,557.10
8634,199895486317,0.00
8635,80867705532,0.60
8636,66083209,1442.90
8637,3533205242,5.00
8638,11661872830,5.60
8639,95817248569,1.00
8640,76415541574,0.30
8641,80867705532,0.60
8642,4712817484,2.90
8643,1266967761,1.20
8644,199895486317,0.00
8645,54582768,408.80
8646,20487003678,3.80
8647,76639582,2327.60
8648,199895486317,0.00
8649,199895486317,0.00
8650,139650466286,0.10
8651,199895486317,0.00
8652,139650466286,0.10
8653,199895486317,0.00
8654,199895486317,0.00
8655,254249750356,0.70
8656,35897101,258.70
8657,199895486317,0.00
8658,4445999665,2.70
8659,76415541574,0.30
8660,95817248569,1.00
8661,199895486317,0.00
8662,816141973,2.00
8663,1760907135,1.50
8664,2051282271,155.50
8665,2357163612,2.40
8666,199895486317,0.00
8667,6234820802,3.10
8668,199895486317,0.00
8669,68292803,2417.40
8670,83009351986,0.40
8671,79242038787,0.20
8672,199895486317,0.00
8673,7406895493,8.00
8674,52791352,2327.40
8675,199895486317,0.00
8676,95817248569,1.00
8677,81408881,2474.50
8678,199895486317,0.00
8679,199895486317,0.00
8680,75455696,442.20
8681,1835630896,4.00
8682,199895486317,0.00
8683,199895486317,0.00
8684,79242038787,0.20
8685,139650466286,0.10
8686,2087033181,6.00
8687,816141973,2.00
8688,93729678859,33.50
8689,76415541574,0.30
8690,11033769612,4.60
8691,199895486317,0.00
8692,199895486317,0.00
8693,65613112,562.40
8694,1760907135,1.50
8695,4057093647,1.70
8696,199895486317,0.00
8697,42666173,402.90
8698,150927154987,0.50
8699,4539641297,3.30
8700,165383460326,17.00
8701,199895486317,0.00
8702,79242038787,0.20
8703,3659949032,1.80
8704,199895486317,0.00
8705,95817248569,1.00
8706,199895486317,0.00
8707,199895486317,0.00
8708,31398995942,15.00
8709,63458036,1727.50
8710,80867705532,0.60
8711,199895486317,0.00
8712,58451257,1467.00
8713,199895486317,0.00
8714,254249750356,0.70
8715,199895486317,0.00
8716,6791588116,1.90
8717,2888271166,1.30
8718,79242038787,0.20
8719,199895486317,0.00
8720,80867705532,0.60
8721,199895486317,0.00
8722,3659949032,1.80
8723,199895486317,0.00
8724,199895486317,0.00
8725,139650466286,0.10
8726,199895486317,0.00
8727,4152329205,2.10
8728,199895486317,0.00
8729,1266967761,1.20
8730,305551139,189.80
8731,76415541574,0.30
8732,50039995,5000.00
8733,2812738244,1.60
8734,199895486317,0.00
8735,199895486317,0.00
8736,199895486317,0.00
8737,36989314,1248.40
8738,6812745793,3.90
8739,816141973,2.00
8740,76415541574,0.30
8741,80867705532,0.60
8742,199895486317,0.00
8743,6791588116,1.90
8744,199895486317,0.00
8745,199895486317,0.00
8746,76415541574,0.30
8747,2888271166,1.30
8748,44141853,1880.80
8749,79242038787,0.20
8750,31118534675,65.80
8751,80867705532,0.60
8752,199895486317,0.00
8753,199895486317,0.00
8754,199895486317,0.00
8755,44857611,1713.70
8756,150927154987,0.50
8757,139650466286,0.10
8758,199895486317,0.00
8759,325241862,191.30
8760,199895486317,0.00
8761,11668864656,11.00
8762,79242038787,0.20
8763,15923601779,4.10
8764,43968679659,10.60
8765,2812738244,1.60
8766,199895486317,0.00
8767,199895486317,0.00
8768,2888271166,1.30
8769,95817248569,1.00
8770,27686492,1736.90
8771,76415541574,0.30
8772,95817248569,1.00
8773,76415541574,0.30
8774,79242038787,0.20
8775,199895486317,0.00
8776,199895486317,0.00
8777,50341835,1827.10
8778,2812738244,1.60
8779,83009351986,0.40
8780,816141973,2.00
8781,199895486317,0.00
8782,80867705532,0.60
8783,79242038787,0.20
8784,3027022267,3.20
8785,199895486317,0.00
8786,199895486317,0.00
8787,5042884793,2.50
8788,79242038787,0.20
8789,199895486317,0.00
8790,79242038787,0.20
8791,199895486317,0.00
8792,199895486317,0.00
8793,199895486317,0.00
8794,80867705532,0.60
8795,76415541574,0.30
8796,199895486317,0.00
8797,5042884793,2.50
8798,95817248569,1.00
8799,4152329205,2.10
8800,199895486317,0.00
8801,199895486317,0.00
8802,119519261845,33.00
8803,199895486317,0.00
8804,86738594,227.40
8805,666957213,3.00
8806,79242038787,0.20
8807,199895486317,0.00
8808,199895486317,0.00
8809,150927154987,0.50
8810,80867705532,0.60
8811,64360104454,65.10
8812,199895486317,0.00
8813,2888271166,1.30
8814,2087033181,6.00
8815,1835630896,4.00
8816,76415541574,0.30
8817,8723620116,4.40
8818,199895486317,0.00
8819,79242038787,0.20
8820,74552852,2067.80
8821,199895486317,0.00
8822,1835630896,4.00
8823,199895486317,0.00
8824,115941980080,0.90
8825,115941980080,0.90
8826,79242038787,0.20
8827,254249750356,0.70
8828,76415541574,0.30
8829,199895486317,0.00
8830,3533205242,5.00
8831,89457507,4238.40
8832,199895486317,0.00
8833,21307593883,4.80
8834,199895486317,0.00
8835,76415541574,0.30
8836,329655230459,0.80
8837,4152329205,2.10
8838,199895486317,0.00
8839,199895486317,0.00
8840,199895486317,0.00
8841,199895486317,0.00
8842,22531024007,10.10
8843,199895486317,0.00
8844,199895486317,0.00
8845,3787767099,10.00
8846,199895486317,0.00
8847,199895486317,0.00
8848,199895486317,0.00
8849,4539641297,3.30
8850,31118534675,65.80
8851,83009351986,0.40
8852,199895486317,0.00
8853,816141973,2.00
8854,68170865493,8.50
8855,199895486317,0.00
8856,54158225,1323.40
8857,199895486317,0.00
8858,3787767099,10.00
8859,139650466286,0.10
8860,666957213,3.00
8861,111983002868,17.80
8862,6434388198,2.20
8863,199895486317,0.00
8864,1266967761,1.20
8865,120289782154,9.60
8866,80867705532,0.60
8867,17340273774,113.40
8868,63224720,2848.90
8869,254249750356,0.70
8870,199895486317,0.00
8871,199895486317,0.00
8872,76415541574,0.30
8873,115941980080,0.90
8874,199895486317,0.00
8875,2087033181,6.00
8876,39770509835,16.00
8877,199895486317,0.00
8878,199895486317,0.00
8879,79242038787,0.20
8880,83009351986,0.40
8881,83009351986,0.40
8882,18067699831,5.80
8883,199895486317,0.00
8884,199895486317,0.00
8885,199895486317,0.00
8886,70684837,707.60
8887,199895486317,0.00
8888,20521450,1342.00
8889,44444401,2865.30
8890,80867705532,0.60
8891,80867705532,0.60
8892,816141973,2.00
8893,199895486317,0.00
8894,79242038787,0.20
8895,80867705532,0.60
8896,115941980080,0.90
8897,199895486317,0.00
8898,2888271166,1.30
8899,1296658796,161.70
8900,3659949032,1.80
8901,199895486317,0.00
8902,80867705532,0.60
8903,139650466286,0.10
8904,57570105,432.10
8905,76415541574,0.30
8906,139650466286,0.10
8907,199895486317,0.00
8908,2087033181,6.00
8909,4338421793,1.10
8910,199895486317,0.00
8911,115941980080,0.90
8912,80867705532,0.60
8913,199895486317,0.00
8914,115941980080,0.90
8915,199895486317,0.00
8916,199895486317,0.00
8917,816141973,2.00
8918,199895486317,0.00
8919,2087033181,6.00
8920,84675079,278.00
8921,50820730,1379.30
8922,1266967761,1.20
8923,79242038787,0.20
8924,199895486317,0.00
8925,16113580,659.30
8926,199895486317,0.00
8927,8340425463,2.80
8928,199895486317,0.00
8929,83009351986,0.40
8930,199895486317,0.00
8931,199895486317,0.00
8932,199895486317,0.00
8933,83009351986,0.40
8934,199895486317,0.00
8935,199895486317,0.00
8936,199895486317,0.00
8937,329655230459,0.80
8938,199895486317,0.00
8939,199895486317,0.00
8940,2888271166,1.30
8941,199895486317,0.00
8942,14924553303,14.00
8943,92682523,3256.80
8944,199895486317,0.00
8945,83009351986,0.40
8946,76415541574,0.30
8947,199895486317,0.00
8948,33171265,1521.10
8949,6434388198,2.20
8950,139650466286,0.10
8951,76415541574,0.30
8952,199895486317,0.00
8953,76415541574,0.30
8954,43674836,3148.20
8955,2888271166,1.30
8956,76415541574,0.30
8957,3659949032,1.80
8958,199895486317,0.00
8959,115941980080,0.90
8960,76415541574,0.30
8961,199895486317,0.00
8962,4057093647,1.70
8963,1266967761,1.20
8964,199895486317,0.00
8965,199895486317,0.00
8966,76415541574,0.30
8967,80867705532,0.60
8968,199895486317,0.00
8969,199895486317,0.00
8970,95817248569,1.00
8971,199895486317,0.00
8972,95817248569,1.00
8973,7262967428,124.80
8974,199895486317,0.00
8975,52726769,1941.30
8976,74015595764,71.40
8977,1835630896,4.00
8978,64422093,763.40
8979,139650466286,0.10
8980,199895486317,0.00
8981,86178732,2413.80
8982,5934707987,2.60
8983,816141973,2.00
8984,39975382,951.30
8985,199895486317,0.00
8986,199895486317,0.00
8987,2888271166,1.30
8988,199895486317,0.00
8989,199895486317,0.00
8990,3027022267,3.20
8991,12385089536,30.00
8992,199895486317,0.00
8993,83009351986,0.40
8994,36511390,1405.70
8995,199895486317,0.00
8996,86488797,383.30
8997,79242038787,0.20
8998,199895486317,0.00
8999,30816046472,6.80
9000,4758913635,1.40
9001,8032563320,3.70
9002,199895486317,0.00
9003,199895486317,0.00
9004,199895486317,0.00
9005,79242038787,0.20
9006,666957213,3.00
9007,95817248569,1.00
9008,11033769612,4.60
9009,199895486317,0.00
9010,79242038787,0.20
9011,47241968,1601.60
9012,115941980080,0.90
9013,7406895493,8.00
9014,666957213,3.00
9015,23368946070,8.30
9016,80867705532,0.60
9017,41311309363,62.50
9018,199895486317,0.00
9019,32371610848,10.50
9020,199895486317,0.00
9021,76415541574,0.30
9022,79242038787,0.20
9023,199895486317,0.00
9024,199895486317,0.00
9025,199895486317,0.00
9026,4057093647,1.70
9027,4152329205,2.10
9028,199895486317,0.00
9029,199895486317,0.00
9030,199895486317,0.00
9031,14924553303,14.00
9032,199895486317,0.00
9033,199895486317,0.00
9034,139650466286,0.10
9035,199895486317,0.00
9036,93693427077,92.10
9037,95817248569,1.00
9038,139650466286,0.10
9039,80867705532,0.60
9040,67399978,872.70
9041,199895486317,0.00
9042,199895486317,0.00
9043,199895486317,0.00
9044,76415541574,0.30
9045,76415541574,0.30
9046,199895486317,0.00
9047,139650466286,0.10
9048,5042884793,2.50
9049,3659949032,1.80
9050,199895486317,0.00
9051,22728018116,7.50
9052,199895486317,0.00
9053,199895486317,0.00
9054,6434388198,2.20
9055,199895486317,0.00
9056,79242038787,0.20
9057,199895486317,0.00
9058,199895486317,0.00
9059,1266967761,1.20
9060,199895486317,0.00
9061,76415541574,0.30
9062,666957213,3.00
9063,80867705532,0.60
9064,83009351986,0.40
9065,76415541574,0.30
9066,199895486317,0.00
9067,199895486317,0.00
9068,199895486317,0.00
9069,2812738244,1.60
9070,199895486317,0.00
9071,199895486317,0.00
9072,199895486317,0.00
9073,72763970,2698.60
9074,199895486317,0.00
9075,199895486317,0.00
9076,199895486317,0.00
9077,139650466286,0.10
9078,68190127848,11.40
9079,4502398814,9.00
9080,816141973,2.00
9081,199895486317,0.00
9082,199895486317,0.00
9083,79242038787,0.20
9084,199895486317,0.00
9085,199895486317,0.00
9086,3659949032,1.80
9087,80867705532,0.60
9088,139650466286,0.10
9089,199895486317,0.00
9090,199895486317,0.00
9091,199895486317,0.00
9092,79242038787,0.20
9093,199895486317,0.00
9094,199895486317,0.00
9095,59053844,494.40
9096,83009351986,0.40
9097,2812738244,1.60
9098,199895486317,0.00
9099,76415541574,0.30
9100,199895486317,0.00
9101,4057093647,1.70
9102,199895486317,0.00
9103,199895486317,0.00
9104,199895486317,0.00
9105,199895486317,0.00
9106,83009351986,0.40
9107,199895486317,0.00
9108,4152329205,2.10
9109,329655230459,0.80
9110,666957213,3.00
9111,76415541574,0.30
9112,75756314,495.50
9113,18067699831,5.80
9114,79242038787,0.20
9115,95817248569,1.00
9116,33648656,1835.30
9117,199895486317,0.00
9118,816141973,2.00
9119,79242038787,0.20
9120,41758057,1001.20
9121,199895486317,0.00
9122,4152329205,2.10
9123,21903965116,5.30
9124,199895486317,0.00
9125,4057093647,1.70
9126,139650466286,0.10
9127,1835630896,4.00
9128,199895486317,0.00
9129,199895486317,0.00
9130,199895486317,0.00
9131,199895486317,0.00
9132,65614675230,13.70
9133,666957213,3.00
9134,199895486317,0.00
9135,199895486317,0.00
9136,79242038787,0.20
9137,199895486317,0.00
9138,31979414,1067.60
9139,76415541574,0.30
9140,34314022,435.80
9141,199895486317,0.00
9142,67396096462,7.30
9143,76415541574,0.30
9144,83009351986,0.40
9145,76415541574,0.30
9146,83009351986,0.40
9147,199895486317,0.00
9148,199895486317,0.00
9149,12770198841,10.30
9150,199895486317,0.00
9151,22054125544,21.90
9152,199895486317,0.00
9153,3533205242,5.00
9154,79242038787,0.20
9155,199895486317,0.00
9156,816141973,2.00
9157,199895486317,0.00
9158,199895486317,0.00
9159,62267048,1464.50
9160,15160324412,6.60
9161,42649139,353.60
9162,80867705532,0.60
9163,199895486317,0.00
9164,50108812,2209.80
9165,39381634,581.60
9166,55112003,1186.80
9167,199895486317,0.00
9168,150927154987,0.50
9169,199895486317,0.00
9170,150927154987,0.50
9171,199895486317,0.00
9172,4712817484,2.90
9173,2087033181,6.00
9174,4152329205,2.10
9175,15406571203,12.00
9176,20758625589,4.50
9177,69493468,398.90
9178,3083830305,4.20
9179,1266967761,1.20
9180,79242038787,0.20
9181,199895486317,0.00
9182,76415541574,0.30
9183,199895486317,0.00
9184,199895486317,0.00
9185,199895486317,0.00
9186,199895486317,0.00
9187,617192794,163.70
9188,83009351986,0.40
9189,4338421793,1.10
9190,139650466286,0.10
9191,199895486317,0.00
9192,33279133,274.90
9193,150927154987,0.50
9194,270981495,195.20
9195,199895486317,0.00
9196,76415541574,0.30
9197,199895486317,0.00
9198,199895486317,0.00
9199,51478876652,11.80
9200,80867705532,0.60
9201,22054125544,21.90
9202,1760907135,1.50
9203,95817248569,1.00
9204,30816046472,6.80
9205,199895486317,0.00
9206,199895486317,0.00
9207,199895486317,0.00
9208,2812738244,1.60
9209,80867705532,0.60
9210,199895486317,0.00
9211,8566984126,20.00
9212,199895486317,0.00
9213,666957213,3.00
9214,666957213,3.00
9215,666957213,3.00
9216,199895486317,0.00
9217,2888271166,1.30
9218,139650466286,0.10
9219,79242038787,0.20
9220,1760907135,1.50
9221,199895486317,0.00
9222,199895486317,0.00
9223,199895486317,0.00
9224,199895486317,0.00
9225,199895486317,0.00
9226,199895486317,0.00
9227,199895486317,0.00
9228,47133389,403.30
9229,199895486317,0.00
9230,22483009767,110.30
9231,115941980080,0.90
9232,73368048,601.40
9233,19399232990,5.50
9234,199895486317,0.00
9235,199895486317,0.00
9236,76415541574,0.30
9237,72474723,546.00
9238,76415541574,0.30
9239,95817248569,1.00
9240,5934707987,2.60
9241,50039995,5000.00
9242,199895486317,0.00
9243,90663530666,94.80
9244,80867705532,0.60
9245,199895486317,0.00
9246,199895486317,0.00
9247,1266967761,1.20
9248,50039995,5000.00
9249,9656137820,7.00
9250,329655230459,0.80
9251,80867705532,0.60
9252,1835630896,4.00
9253,18868046237,7.20
9254,199895486317,0.00
9255,83009351986,0.40
9256,83009351986,0.40
9257,3787767099,10.00
9258,199895486317,0.00
9259,76415541574,0.30
9260,199895486317,0.00
9261,254249750356,0.70
9262,79242038787,0.20
9263,76415541574,0.30
9264,199895486317,0.00
9265,199895486317,0.00
9266,199895486317,0.00
9267,199895486317,0.00
9268,79242038787,0.20
9269,150927154987,0.50
9270,199895486317,0.00
9271,199895486317,0.00
9272,2888271166,1.30
9273,150927154987,0.50
9274,1835630896,4.00
9275,79242038787,0.20
9276,15923601779,4.10
9277,199895486317,0.00
9278,76415541574,0.30
9279,199895486317,0.00
9280,76415541574,0.30
9281,199895486317,0.00
9282,199895486317,0.00
9283,2888271166,1.30
9284,199895486317,0.00
9285,199895486317,0.00
9286,199895486317,0.00
9287,2087033181,6.00
9288,199895486317,0.00
9289,79242038787,0.20
9290,4057093647,1.70
9291,80867705532,0.60
9292,199895486317,0.00
9293,199895486317,0.00
9294,42668980,370.00
9295,199895486317,0.00
9296,199895486317,0.00
9297,199895486317,0.00
9298,39770509835,16.00
9299,115941980080,0.90
9300,199895486317,0.00
9301,2087033181,6.00
9302,4758913635,1.40
9303,816141973,2.00
9304,150927154987,0.50
9305,199895486317,0.00
9306,50039995,5000.00
9307,63234332,441.20
9308,199895486317,0.00
9309,199895486317,0.00
9310,76415541574,0.30
9311,199895486317,0.00
9312,115941980080,0.90
9313,65681428510,8.10
9314,199895486317,0.00
9315,95817248569,1.00
9316,199895486317,0.00
9317,79242038787,0.20
9318,76415541574,0.30
9319,199895486317,0.00
9320,5042884793,2.50
9321,199895486317,0.00
9322,199895486317,0.00
9323,199895486317,0.00
9324,199895486317,0.00
9325,52488159,1816.30
9326,150927154987,0.50
9327,2357163612,2.40
9328,83203105,421.80
9329,199895486317,0.00
9330,199895486317,0.00
9331,83009351986,0.40
9332,199895486317,0.00
9333,80867705532,0.60
9334,2087033181,6.00
9335,199895486317,0.00
9336,2888271166,1.30
9337,79242038787,0.20
9338,76415541574,0.30
9339,199895486317,0.00
9340,199895486317,0.00
9341,115941980080,0.90
9342,4712817484,2.90
9343,199895486317,0.00
9344,95817248569,1.00
9345,3787767099,10.00
9346,199895486317,0.00
9347,80867705532,0.60
9348,199895486317,0.00
9349,199895486317,0.00
9350,199895486317,0.00
9351,199895486317,0.00
9352,199895486317,0.00
9353,3659949032,1.80
9354,199895486317,0.00
9355,4539641297,3.30
9356,199895486317,0.00
9357,7406895493,8.00
9358,115941980080,0.90
9359,3533205242,5.00
9360,24908607,508.60
9361,79242038787,0.20
9362,2888271166,1.30
9363,62931976,968.00
9364,816141973,2.00
9365,3659949032,1.80
9366,41210207091,11.50
9367,199895486317,0.00
9368,199895486317,0.00
9369,95817248569,1.00
9370,199895486317,0.00
9371,132038040028,12.90
9372,199895486317,0.00
9373,79242038787,0.20
9374,816141973,2.00
9375,199895486317,0.00
9376,139650466286,0.10
9377,199895486317,0.00
9378,199895486317,0.00
9379,199895486317,0.00
9380,139650466286,0.10
9381,85887286,739.60
9382,199895486317,0.00
9383,83799881,787.60
9384,65614675230,13.70
9385,2357163612,2.40
9386,83009351986,0.40
9387,199895486317,0.00
9388,199895486317,0.00
9389,199895486317,0.00
9390,76415541574,0.30
9391,76415541574,0.30
9392,199895486317,0.00
9393,199895486317,0.00
9394,95817248569,1.00
9395,4057093647,1.70
9396,199895486317,0.00
9397,1835630896,4.00
9398,150927154987,0.50
9399,199895486317,0.00
9400,199895486317,0.00
9401,199895486317,0.00
9402,115941980080,0.90
9403,816141973,2.00
9404,76415541574,0.30
9405,199895486317,0.00
9406,1760907135,1.50
9407,76415541574,0.30
9408,666957213,3.00
9409,199895486317,0.00
9410,37464356,1147.50
9411,199895486317,0.00
9412,199895486317,0.00
9413,115941980080,0.90
9414,2087033181,6.00
9415,199895486317,0.00
9416,4758913635,1.40
9417,199895486317,0.00
9418,199895486317,0.00
9419,199895486317,0.00
9420,237961458,197.80
9421,79242038787,0.20
9422,199895486317,0.00
9423,53443057,1607.90
9424,199895486317,0.00
9425,199895486317,0.00
9426,50580879,1283.50
9427,199895486317,0.00
9428,199895486317,0.00
9429,199895486317,0.00
9430,40800156272,17.90
9431,199895486317,0.00
9432,53701525,338.20
9433,199895486317,0.00
9434,76415541574,0.30
9435,79242038787,0.20
9436,43187514,1419.50
9437,1266967761,1.20
9438,199895486317,0.00
9439,199895486317,0.00
9440,1266967761,1.20
9441,199895486317,0.00
9442,199895486317,0.00
9443,139650466286,0.10
9444,76415541574,0.30
9445,43664136,1927.50
9446,1835630896,4.00
9447,4338421793,1.10
9448,25960560070,4.90
9449,50039995,5000.00
9450,199895486317,0.00
9451,1760907135,1.50
9452,199895486317,0.00
9453,199895486317,0.00
9454,25960560070,4.90
9455,6234820802,3.10
9456,199895486317,0.00
9457,115941980080,0.90
9458,12770198841,10.30
9459,95817248569,1.00
9460,199895486317,0.00
9461,199895486317,0.00
9462,199895486317,0.00
9463,3787767099,10.00
9464,11668864656,11.00
9465,1835630896,4.00
9466,329655230459,0.80
9467,199895486317,0.00
9468,199895486317,0.00
9469,199895486317,0.00
9470,119156355770,30.30
9471,816141973,2.00
9472,6812745793,3.90
9473,41406604826,87.60
9474,199895486317,0.00
9475,4458791510,2.30
9476,38308922,3703.00
9477,34017132,876.10
9478,199895486317,0.00
9479,816141973,2.00
9480,79242038787,0.20
9481,80867705532,0.60
9482,3659949032,1.80
9483,1760907135,1.50
9484,3083830305,4.20
9485,85286258,860.70
9486,199895486317,0.00
9487,2812738244,1.60
9488,199895486317,0.00
9489,199895486317,0.00
9490,3659949032,1.80
9491,199895486317,0.00
9492,199895486317,0.00
9493,6626433049,3.60
9494,76415541574,0.30
9495,150927154987,0.50
9496,63234330,374.40
9497,199895486317,0.00
9498,115941980080,0.90
9499,79242038787,0.20
9500,199895486317,0.00
9501,6791588116,1.90
9502,1266967761,1.20
9503,199895486317,0.00
9504,150927154987,0.50
9505,199895486317,0.00
9506,26495286,1094.70
9507,53089389,2434.80
9508,3027022267,3.20
9509,2888271166,1.30
9510,18868046237,7.20
9511,162852233,189.00
9512,3533205242,5.00
9513,95817248569,1.00
9514,95817248569,1.00
9515,37290205,2458.20
9516,150927154987,0.50
9517,816141973,2.00
9518,199895486317,0.00
9519,199895486317,0.00
9520,11661872830,5.60
9521,199895486317,0.00
9522,50886619258,10.80
9523,93741740028,12.70
9524,40867863,2111.00
9525,16112534869,38.80
9526,15670990289,5.20
9527,199895486317,0.00
9528,199895486317,0.00
9529,199895486317,0.00
9530,199895486317,0.00
9531,76415541574,0.30
9532,29988625370,7.60
9533,666957213,3.00
9534,150927154987,0.50
9535,199895486317,0.00
9536,199895486317,0.00
9537,115941980080,0.90
9538,199895486317,0.00
9539,115941980080,0.90
9540,199895486317,0.00
9541,79242038787,0.20
9542,150927154987,0.50
9543,199895486317,0.00
9544,199895486317,0.00
9545,50039995,5000.00
9546,50039995,5000.00
9547,199895486317,0.00
9548,1266967761,1.20
9549,83009351986,0.40
9550,13224361290,6.10
9551,3787767099,10.00
9552,199895486317,0.00
9553,199895486317,0.00
9554,139650466286,0.10
9555,199895486317,0.00
9556,80867705532,0.60
9557,199895486317,0.00
9558,816141973,2.00
9559,3024272881,138.30
9560,14160204546,5.40
9561,2087033181,6.00
9562,150927154987,0.50
9563,13224361290,6.10
9564,666957213,3.00
9565,32041598856,41.00
9566,199895486317,0.00
9567,199895486317,0.00
9568,6626433049,3.60
9569,329655230459,0.80
9570,28957005677,9.10
9571,199895486317,0.00
9572,52830024,220.30
9573,816141973,2.00
9574,199895486317,0.00
9575,67396096462,7.30
9576,3027022267,3.20
9577,80867705532,0.60
9578,199895486317,0.00
9579,199895486317,0.00
9580,20487003678,3.80
9581,199895486317,0.00
9582,816141973,2.00
9583,115941980080,0.90
9584,199895486317,0.00
9585,199895486317,0.00
9586,199895486317,0.00
9587,4758913635,1.40
9588,49149744,1330.30
9589,150927154987,0.50
9590,254249750356,0.70
9591,11668864656,11.00
9592,62981567,1714.90
9593,20487003678,3.80
9594,150927154987,0.50
9595,199895486317,0.00
9596,57537410858,8.20
9597,79242038787,0.20
9598,254249750356,0.70
9599,6142017813,6.20
9600,4057093647,1.70
9601,83009351986,0.40
9602,115941980080,0.90
9603,2087033181,6.00
9604,199895486317,0.00
9605,83009351986,0.40
9606,199895486317,0.00
9607,199895486317,0.00
9608,83009351986,0.40
9609,76415541574,0.30
9610,3787767099,10.00
9611,816141973,2.00
9612,199895486317,0.00
9613,199895486317,0.00
9614,79242038787,0.20
9615,199895486317,0.00
9616,43428660,1209.20
9617,199895486317,0.00
9618,139650466286,0.10
9619,79242038787,0.20
9620,22422330295,7.40
9621,58633429629,11.30
9622,199895486317,0.00
9623,666957213,3.00
9624,666957213,3.00
9625,51902489,655.30
9626,31398995942,15.00
9627,199895486317,0.00
9628,329655230459,0.80
9629,199895486317,0.00
9630,88311931512,12.20
9631,199895486317,0.00
9632,80867705532,0.60
9633,199895486317,0.00
9634,199895486317,0.00
9635,7119552768,4.30
9636,199895486317,0.00
9637,254249750356,0.70
9638,199895486317,0.00
9639,1266967761,1.20
9640,1266967761,1.20
9641,95817248569,1.00
9642,199895486317,0.00
9643,12320299609,3.50
9644,76415541574,0.30
9645,816141973,2.00
9646,199895486317,0.00
9647,51222925,244.50
9648,5934707987,2.60
9649,48627530,458.50
9650,199895486317,0.00
9651,199895486317,0.00
9652,199895486317,0.00
9653,199895486317,0.00
9654,199895486317,0.00
9655,115941980080,0.90
9656,13224361290,6.10
9657,199895486317,0.00
9658,199895486317,0.00
9659,79242038787,0.20
9660,199895486317,0.00
9661,41238763,286.20
9662,666957213,3.00
9663,95817248569,1.00
9664,199895486317,0.00
9665,11469280996,6.50
9666,199895486317,0.00
9667,139650466286,0.10
9668,83009351986,0.40
9669,3533205242,5.00
9670,80867705532,0.60
9671,3533205242,5.00
9672,199895486317,0.00
9673,199895486317,0.00
9674,139650466286,0.10
9675,199895486317,0.00
9676,76415541574,0.30
9677,1835630896,4.00
9678,199895486317,0.00
9679,199895486317,0.00
9680,79242038787,0.20
9681,199895486317,0.00
9682,80867705532,0.60
9683,72220489,267.40
9684,199895486317,0.00
9685,4458791510,2.30
9686,199895486317,0.00
9687,199895486317,0.00
9688,199895486317,0.00
9689,98968831878,31.40
9690,3787767099,10.00
9691,139650466286,0.10
9692,199895486317,0.00
9693,4758913635,1.40
9694,199895486317,0.00
9695,199895486317,0.00
9696,199895486317,0.00
9697,33713187,2018.60
9698,50039995,5000.00
9699,80867705532,0.60
9700,199895486317,0.00
9701,6434388198,2.20
9702,4712817484,2.90
9703,1835630896,4.00
9704,199895486317,0.00
9705,199895486317,0.00
9706,199895486317,0.00
9707,28165333,1294.40
9708,199895486317,0.00
9709,39920417413,10.70
9710,76415541574,0.30
9711,199895486317,0.00
9712,199895486317,0.00
9713,11668864656,11.00
9714,11668864656,11.00
9715,1266967761,1.20
9716,3787767099,10.00
9717,9656137820,7.00
9718,30071948,1292.70
9719,666957213,3.00
9720,150927154987,0.50
9721,139650466286,0.10
9722,83009351986,0.40
9723,199895486317,0.00
9724,199895486317,0.00
9725,50821062,1255.60
9726,37951296,3350.30
9727,49866523,1120.30
9728,199895486317,0.00
9729,199895486317,0.00
9730,199895486317,0.00
9731,150927154987,0.50
9732,6284869566,3.40
9733,199895486317,0.00
9734,199895486317,0.00
9735,199895486317,0.00
9736,80867705532,0.60
9737,199895486317,0.00
9738,52013425,1211.90
9739,199895486317,0.00
9740,115941980080,0.90
9741,76415541574,0.30
9742,199895486317,0.00
9743,199895486317,0.00
9744,199895486317,0.00
9745,199895486317,0.00
9746,199895486317,0.00
9747,199895486317,0.00
9748,199895486317,0.00
9749,199895486317,0.00
9750,138176723361,16.90
9751,86476570,2874.20
9752,42649139,353.60
9753,199895486317,0.00
9754,7596748871,123.50
9755,3083830305,4.20
9756,139650466286,0.10
9757,1266967761,1.20
9758,61140680,802.50
9759,199895486317,0.00
9760,199895486317,0.00
9761,79242038787,0.20
9762,199895486317,0.00
9763,115941980080,0.90
9764,64417215,2308.90
9765,150927154987,0.50
9766,76415541574,0.30
9767,80867705532,0.60
9768,4539641297,3.30
9769,74859234,608.00
9770,50039995,5000.00
9771,80867705532,0.60
9772,816141973,2.00
9773,1760907135,1.50
9774,8566984126,20.00
9775,199895486317,0.00
9776,199895486317,0.00
9777,199895486317,0.00
9778,2888271166,1.30
9779,199895486317,0.00
9780,33414807,2533.30
9781,329655230459,0.80
9782,1835630896,4.00
9783,95817248569,1.00
9784,42495396,372.20
9785,32371610848,10.50
9786,83009351986,0.40
9787,5934707987,2.60
9788,2812738244,1.60
9789,199895486317,0.00
9790,199895486317,0.00
9791,199895486317,0.00
9792,22728018116,7.50
9793,199895486317,0.00
9794,329655230459,0.80
9795,81437184626,85.00
9796,199895486317,0.00
9797,11469280996,6.50
9798,95817248569,1.00
9799,83009351986,0.40
9800,199895486317,0.00
9801,79242038787,0.20
9802,4338421793,1.10
9803,199895486317,0.00
9804,22531024007,10.10
9805,4502398814,9.00
9806,199895486317,0.00
9807,199895486317,0.00
9808,199895486317,0.00
9809,76415541574,0.30
9810,83501598,449.50
9811,4152329205,2.10
9812,199895486317,0.00
9813,115941980080,0.90
9814,78373661,3801.90
9815,816141973,2.00
9816,199895486317,0.00
9817,199895486317,0.00
9818,80867705532,0.60
9819,19399232990,5.50
9820,79242038787,0.20
9821,76415541574,0.30
9822,76415541574,0.30
9823,79242038787,0.20
9824,115941980080,0.90
9825,60597093,1569.50
9826,199895486317,0.00
9827,816141973,2.00
9828,115941980080,0.90
9829,199895486317,0.00
9830,199895486317,0.00
9831,83009351986,0.40
9832,21903965116,5.30
9833,199895486317,0.00
9834,199895486317,0.00
9835,73967979,334.40
9836,199895486317,0.00
9837,199895486317,0.00
9838,76415541574,0.30
9839,150927154987,0.50
9840,7119552768,4.30
9841,199895486317,0.00
9842,199895486317,0.00
9843,76415541574,0.30
9844,199895486317,0.00
9845,76415541574,0.30
9846,78731396,3451.00
9847,76415541574,0.30
9848,139650466286,0.10
9849,666957213,3.00
9850,199895486317,0.00
9851,76415541574,0.30
9852,5042884793,2.50
9853,199895486317,0.00
9854,199895486317,0.00
9855,199895486317,0.00
9856,199895486317,0.00
9857,199895486317,0.00
9858,199895486317,0.00
9859,3787767099,10.00
9860,76415541574,0.30
9861,31502695,1653.10
9862,32226136,688.60
9863,199895486317,0.00
9864,80867705532,0.60
9865,199895486317,0.00
9866,199895486317,0.00
9867,199895486317,0.00
9868,109557599817,77.90
9869,33131095,313.40
9870,199895486317,0.00
9871,139650466286,0.10
9872,199895486317,0.00
9873,7406895493,8.00
9874,199895486317,0.00
9875,4458791510,2.30
9876,199895486317,0.00
9877,199895486317,0.00
9878,50414191,531.90
9879,199895486317,0.00
9880,4458791510,2.30
9881,80867705532,0.60
9882,80867705532,0.60
9883,71089919,1433.50
9884,199895486317,0.00
9885,199895486317,0.00
9886,199895486317,0.00
9887,199895486317,0.00
9888,115941980080,0.90
9889,1760907135,1.50
9890,199895486317,0.00
9891,8032563320,3.70
9892,199895486317,0.00
9893,199895486317,0.00
9894,199895486317,0.00
9895,136408737,190.50
9896,199895486317,0.00
9897,199895486317,0.00
9898,150927154987,0.50
9899,150927154987,0.50
9900,1266967761,1.20
9901,199895486317,0.00
9902,4539641297,3.30
9903,199895486317,0.00
9904,3659949032,1.80
9905,95817248569,1.00
9906,76415541574,0.30
9907,199895486317,0.00
9908,37104504514,21.00
9909,139650466286,0.10
9910,1266967761,1.20
9911,199895486317,0.00
9912,199895486317,0.00
9913,816141973,2.00
9914,199895486317,0.00
9915,139650466286,0.10
9916,79242038787,0.20
9917,22054125544,21.90
9918,199895486317,0.00
9919,56545780,1039.50
9920,199895486317,0.00
9921,199895486317,0.00
9922,199895486317,0.00
9923,199895486317,0.00
9924,329655230459,0.80
9925,199895486317,0.00
9926,50676849325,6.90
9927,199895486317,0.00
9928,199895486317,0.00
9929,199895486317,0.00
9930,199895486317,0.00
9931,199895486317,0.00
9932,95817248569,1.00
9933,2087033181,6.00
9934,80867705532,0.60
9935,1266967761,1.20
9936,199895486317,0.00
9937,139650466286,0.10
9938,199895486317,0.00
9939,76415541574,0.30
9940,816141973,2.00
9941,139650466286,0.10
9942,199895486317,0.00
9943,666957213,3.00
9944,666957213,3.00
9945,254249750356,0.70
9946,199895486317,0.00
9947,199895486317,0.00
9948,5042884793,2.50
9949,199895486317,0.00
9950,199895486317,0.00
9951,666957213,3.00
9952,2357163612,2.40
9953,95817248569,1.00
9954,199895486317,0.00
9955,199895486317,0.00
9956,43167604249,61.10
9957,139650466286,0.10
9958,199895486317,0.00
9959,199895486317,0.00
9960,199895486317,0.00
9961,139650466286,0.10
9962,199895486317,0.00
9963,199895486317,0.00
9964,7406895493,8.00
9965,199895486317,0.00
9966,329655230459,0.80
9967,254249750356,0.70
9968,60823419068,84.30
9969,83009351986,0.40
9970,199895486317,0.00
9971,76052447,477.60
9972,95817248569,1.00
9973,199895486317,0.00
9974,199895486317,0.00
9975,1760907135,1.50
9976,816141973,2.00
9977,7406895493,8.00
9978,83009351986,0.40
9979,199895486317,0.00
9980,76415541574,0.30
9981,1760907135,1.50
9982,2812738244,1.60
9983,199895486317,0.00
9984,2888271166,1.30
9985,8340425463,2.80
9986,3787767099,10.00
9987,199895486317,0.00
9988,199895486317,0.00
9989,1835630896,4.00
9990,199895486317,0.00
9991,95817248569,1.00
9992,139650466286,0.10
9993,199895486317,0.00
9994,199895486317,0.00
9995,199895486317,0.00
9996,199895486317,0.00
9997,199895486317,0.00
9998,95817248569,1.00
9999,199895486317,0.00
