Name,Pig4
Score,0.36812
LockedUpRTP,
Rtp,0.9699999993754004
Win Ranges
0,0.1,1 in 1.410
0.1,1,1 in 4.438
1,2,1 in 28.181
2,3,1 in 975.441
3,5,1 in 524.294
5,10,1 in 187.775
10,20,1 in 109.273
20,50,1 in 120.612
50,100,1 in 314.722
100,200,1 in 1035.321
200,500,1 in 82612.587
500,1000,1 in 101000.649
1000,2000,1 in 129504.963
2000,3000,1 in 264603.409
3000,5001,1 in 199391.990
Distribution
0,199895486317,0.00
1,127069214941,0.60
2,50039995,5000.00
3,5205319732,2.40
4,4335179551,3.90
5,175779130615,0.90
6,5205319732,2.40
7,155860603001,1.00
8,199895486317,0.00
9,64873434191,0.20
10,127069214941,0.60
11,2472456711,3.20
12,199895486317,0.00
13,64873434191,0.20
14,199895486317,0.00
15,79762681102,0.40
16,199895486317,0.00
17,199895486317,0.00
18,127069214941,0.60
19,1701182475,4.00
20,64873434191,0.20
21,199895486317,0.00
22,127069214941,0.60
23,199895486317,0.00
24,2873137166,1.30
25,155860603001,1.00
26,18868249031,6.30
27,155860603001,1.00
28,199895486317,0.00
29,199895486317,0.00
30,677366592,1.20
31,199895486317,0.00
32,81320577165,0.30
33,748245431,3.00
34,535631760,1.50
35,79762681102,0.40
36,199895486317,0.00
37,48780794587,8.20
38,41848150,2302.30
39,199895486317,0.00
40,199895486317,0.00
41,199895486317,0.00
42,64873434191,0.20
43,199895486317,0.00
44,25254890682,22.30
45,81320577165,0.30
46,106733495501,0.50
47,535432485,2.00
48,155860603001,1.00
49,175779130615,0.90
50,81320577165,0.30
51,199895486317,0.00
52,199895486317,0.00
53,81320577165,0.30
54,56941521,372.50
55,199895486317,0.00
56,535631760,1.50
57,199895486317,0.00
58,19230833925,130.40
59,64873434191,0.20
60,2889121233,4.60
61,199895486317,0.00
62,199895486317,0.00
63,4516018420,1.90
64,199895486317,0.00
65,175779130615,0.90
66,199895486317,0.00
67,19629868917,14.00
68,3425424948,3.70
69,293402371733,0.80
70,199895486317,0.00
71,7775759073,151.50
72,10825188902,7.00
73,199895486317,0.00
74,61030787637,0.10
75,199895486317,0.00
76,81320577165,0.30
77,26559090513,18.00
78,199895486317,0.00
79,199895486317,0.00
80,199895486317,0.00
81,74351811,3773.50
82,64873434191,0.20
83,52747408,3631.80
84,199895486317,0.00
85,49308518,4166.20
86,37797426,551.90
87,3356405678,1.10
88,2205030512,2.30
89,127069214941,0.60
90,199895486317,0.00
91,55635065,2569.00
92,175779130615,0.90
93,199895486317,0.00
94,199895486317,0.00
95,252876320115,0.70
96,748245431,3.00
97,199895486317,0.00
98,81320577165,0.30
99,64873434191,0.20
100,175779130615,0.90
101,79762681102,0.40
102,293402371733,0.80
103,157350913218,26.50
104,677366592,1.20
105,48021106,513.10
106,127069214941,0.60
107,908455527,6.00
108,908455527,6.00
109,677366592,1.20
110,81320577165,0.30
111,199895486317,0.00
112,535432485,2.00
113,199895486317,0.00
114,199895486317,0.00
115,677366592,1.20
116,199895486317,0.00
117,199895486317,0.00
118,199895486317,0.00
119,127069214941,0.60
120,199895486317,0.00
121,199895486317,0.00
122,199895486317,0.00
123,199895486317,0.00
124,3823961979,4.40
125,81320577165,0.30
126,535432485,2.00
127,199895486317,0.00
128,81320577165,0.30
129,50617104,407.70
130,32580246231,12.80
131,535631760,1.50
132,81320577165,0.30
133,25859271535,116.90
134,199895486317,0.00
135,199895486317,0.00
136,199895486317,0.00
137,677366592,1.20
138,199895486317,0.00
139,51907604,891.50
140,18004101729,123.60
141,79762681102,0.40
142,199895486317,0.00
143,2472456711,3.20
144,30106236,1588.30
145,64873434191,0.20
146,61802861,844.70
147,3839210065,1.40
148,64873434191,0.20
149,252876320115,0.70
150,535432485,2.00
151,70848741,3182.90
152,199895486317,0.00
153,199895486317,0.00
154,535432485,2.00
155,64873434191,0.20
156,61030787637,0.10
157,199895486317,0.00
158,155860603001,1.00
159,199895486317,0.00
160,5752938622,2.60
161,199895486317,0.00
162,32524110,898.70
163,42986082,872.00
164,64873434191,0.20
165,81320577165,0.30
166,81320577165,0.30
167,199895486317,0.00
168,199895486317,0.00
169,199895486317,0.00
170,1701182475,4.00
171,1701182475,4.00
172,199895486317,0.00
173,155860603001,1.00
174,22856411504,30.80
175,1704093886,3.10
176,199895486317,0.00
177,199895486317,0.00
178,199895486317,0.00
179,293402371733,0.80
180,106733495501,0.50
181,199895486317,0.00
182,199895486317,0.00
183,81320577165,0.30
184,199895486317,0.00
185,199895486317,0.00
186,29010224072,6.90
187,199895486317,0.00
188,199895486317,0.00
189,199895486317,0.00
190,199895486317,0.00
191,199895486317,0.00
192,199895486317,0.00
193,199895486317,0.00
194,155860603001,1.00
195,81320577165,0.30
196,199895486317,0.00
197,199895486317,0.00
198,199895486317,0.00
199,199895486317,0.00
200,199895486317,0.00
201,199895486317,0.00
202,199895486317,0.00
203,199895486317,0.00
204,199895486317,0.00
205,5613159221,2.90
206,199895486317,0.00
207,54708593490,72.60
208,8868913657,9.00
209,160449417176,9.70
210,64873434191,0.20
211,199895486317,0.00
212,199895486317,0.00
213,1701182475,4.00
214,61030787637,0.10
215,199895486317,0.00
216,4249103912,4.50
217,61030787637,0.10
218,293402371733,0.80
219,60669126,605.00
220,81320577165,0.30
221,64873434191,0.20
222,199895486317,0.00
223,2753079675,5.00
224,44118156,4069.40
225,78438941,3727.40
226,81320577165,0.30
227,36833990,418.30
228,199895486317,0.00
229,293402371733,0.80
230,199895486317,0.00
231,35045964211,8.40
232,199895486317,0.00
233,199895486317,0.00
234,199895486317,0.00
235,175779130615,0.90
236,79762681102,0.40
237,199895486317,0.00
238,199895486317,0.00
239,63907121,2420.50
240,199895486317,0.00
241,199895486317,0.00
242,64873434191,0.20
243,199895486317,0.00
244,61030787637,0.10
245,199895486317,0.00
246,199895486317,0.00
247,252876320115,0.70
248,535432485,2.00
249,199895486317,0.00
250,54189479,397.20
251,199895486317,0.00
252,10420034602,10.10
253,199895486317,0.00
254,252876320115,0.70
255,677366592,1.20
256,79762681102,0.40
257,37479108,553.00
258,199895486317,0.00
259,1955963077,1.60
260,81320577165,0.30
261,36824621,753.80
262,199895486317,0.00
263,2205030512,2.30
264,88820602617,39.10
265,908455527,6.00
266,199895486317,0.00
267,199895486317,0.00
268,7351254841,11.00
269,199895486317,0.00
270,908455527,6.00
271,64873434191,0.20
272,61030787637,0.10
273,64873434191,0.20
274,199895486317,0.00
275,199895486317,0.00
276,199895486317,0.00
277,6484196235,3.60
278,199895486317,0.00
279,103327998374,23.70
280,199895486317,0.00
281,50039995,5000.00
282,50446251,819.70
283,81320577165,0.30
284,57664986564,52.50
285,155860603001,1.00
286,199895486317,0.00
287,66505911,641.70
288,535432485,2.00
289,64873434191,0.20
290,2753079675,5.00
291,199895486317,0.00
292,79762681102,0.40
293,199895486317,0.00
294,199895486317,0.00
295,748245431,3.00
296,64943038,273.00
297,155860603001,1.00
298,61030787637,0.10
299,2873137166,1.30
300,64561535,664.00
301,199895486317,0.00
302,199895486317,0.00
303,748245431,3.00
304,199895486317,0.00
305,199895486317,0.00
306,31714456,677.60
307,677366592,1.20
308,53698395,721.90
309,199895486317,0.00
310,199895486317,0.00
311,677366592,1.20
312,26384521500,4.90
313,199895486317,0.00
314,127069214941,0.60
315,199895486317,0.00
316,9327183942,4.80
317,293402371733,0.80
318,199895486317,0.00
319,127069214941,0.60
320,199895486317,0.00
321,155860603001,1.00
322,42044992,1303.80
323,199895486317,0.00
324,7351254841,11.00
325,127069214941,0.60
326,20996439395,60.00
327,64873434191,0.20
328,199895486317,0.00
329,199895486317,0.00
330,199895486317,0.00
331,127069214941,0.60
332,199895486317,0.00
333,199895486317,0.00
334,199895486317,0.00
335,127069214941,0.60
336,35428522,1441.10
337,106733495501,0.50
338,106733495501,0.50
339,535432485,2.00
340,199895486317,0.00
341,50039995,5000.00
342,79762681102,0.40
343,8868913657,9.00
344,49795099,4158.50
345,677366592,1.20
346,2472456711,3.20
347,199895486317,0.00
348,64873434191,0.20
349,43257138391,20.50
350,199895486317,0.00
351,106733495501,0.50
352,199895486317,0.00
353,2205030512,2.30
354,3800969038,2.20
355,51963140860,35.30
356,199895486317,0.00
357,199895486317,0.00
358,199895486317,0.00
359,5205319732,2.40
360,199895486317,0.00
361,199895486317,0.00
362,199895486317,0.00
363,81320577165,0.30
364,61030787637,0.10
365,199895486317,0.00
366,106733495501,0.50
367,199895486317,0.00
368,199895486317,0.00
369,155860603001,1.00
370,677366592,1.20
371,81320577165,0.30
372,199895486317,0.00
373,3839210065,1.40
374,114140464,231.50
375,199895486317,0.00
376,199895486317,0.00
377,29200191,1473.20
378,535631760,1.50
379,199895486317,0.00
380,199895486317,0.00
381,199895486317,0.00
382,677366592,1.20
383,199895486317,0.00
384,5613159221,2.90
385,7846983682,30.00
386,44289768,355.70
387,81320577165,0.30
388,2318958306,1.80
389,89834181173,13.90
390,199895486317,0.00
391,535432485,2.00
392,41863796,360.10
393,535432485,2.00
394,3693659395,10.00
395,127069214941,0.60
396,3640569363,169.30
397,199895486317,0.00
398,199895486317,0.00
399,53724793,1275.30
400,199895486317,0.00
401,79762681102,0.40
402,79762681102,0.40
403,64873434191,0.20
404,56133587323,98.40
405,199895486317,0.00
406,175779130615,0.90
407,199895486317,0.00
408,199895486317,0.00
409,175779130615,0.90
410,64873434191,0.20
411,748245431,3.00
412,56516449,247.00
413,127069214941,0.60
414,199895486317,0.00
415,51260767,597.90
416,199895486317,0.00
417,24373592931,46.30
418,3693659395,10.00
419,748245431,3.00
420,81320577165,0.30
421,199895486317,0.00
422,199895486317,0.00
423,199895486317,0.00
424,199895486317,0.00
425,199895486317,0.00
426,19629868917,14.00
427,535432485,2.00
428,677366592,1.20
429,127069214941,0.60
430,535631760,1.50
431,1955963077,1.60
432,155860603001,1.00
433,199895486317,0.00
434,199895486317,0.00
435,748245431,3.00
436,2318958306,1.80
437,81320577165,0.30
438,3356405678,1.10
439,127069214941,0.60
440,81320577165,0.30
441,199895486317,0.00
442,61030787637,0.10
443,2485006415,163.70
444,199895486317,0.00
445,199895486317,0.00
446,199895486317,0.00
447,199895486317,0.00
448,10825188902,7.00
449,199895486317,0.00
450,199895486317,0.00
451,199895486317,0.00
452,155860603001,1.00
453,56615175,403.90
454,199895486317,0.00
455,2873137166,1.30
456,27900991,1899.00
457,127069214941,0.60
458,219228794,213.00
459,2873137166,1.30
460,199895486317,0.00
461,42029655465,43.00
462,199895486317,0.00
463,535432485,2.00
464,199895486317,0.00
465,199895486317,0.00
466,199895486317,0.00
467,14111722990,5.10
468,35428032,1082.00
469,106733495501,0.50
470,199895486317,0.00
471,748245431,3.00
472,199895486317,0.00
473,199895486317,0.00
474,199895486317,0.00
475,61157707,938.80
476,106733495501,0.50
477,199895486317,0.00
478,11115964107,40.00
479,199895486317,0.00
480,52880866,450.60
481,199895486317,0.00
482,106733495501,0.50
483,199895486317,0.00
484,46986372771,72.00
485,5613159221,2.90
486,199895486317,0.00
487,20472273234,7.40
488,199895486317,0.00
489,199895486317,0.00
490,199895486317,0.00
491,199895486317,0.00
492,199895486317,0.00
493,199895486317,0.00
494,81320577165,0.30
495,199895486317,0.00
496,52163394,3659.80
497,199895486317,0.00
498,43313131,998.80
499,199895486317,0.00
500,10309316445,3.40
501,155860603001,1.00
502,106733495501,0.50
503,5205319732,2.40
504,199895486317,0.00
505,199895486317,0.00
506,252876320115,0.70
507,199895486317,0.00
508,61030787637,0.10
509,199895486317,0.00
510,48531164,1368.30
511,535631760,1.50
512,78816103,241.50
513,10791858303,10.20
514,199895486317,0.00
515,76340647660,23.90
516,199895486317,0.00
517,2881544985,2.50
518,535631760,1.50
519,199895486317,0.00
520,155860603001,1.00
521,106733495501,0.50
522,50495597,334.50
523,155860603001,1.00
524,3800969038,2.20
525,199895486317,0.00
526,199895486317,0.00
527,199895486317,0.00
528,748245431,3.00
529,199895486317,0.00
530,1751942178,1.70
531,127069214941,0.60
532,81320577165,0.30
533,53540315593,4.70
534,1701182475,4.00
535,199895486317,0.00
536,64873434191,0.20
537,199895486317,0.00
538,252876320115,0.70
539,199895486317,0.00
540,199895486317,0.00
541,81320577165,0.30
542,199895486317,0.00
543,535432485,2.00
544,199895486317,0.00
545,10759348923,143.70
546,61030787637,0.10
547,199895486317,0.00
548,199895486317,0.00
549,199895486317,0.00
550,199895486317,0.00
551,61030787637,0.10
552,81320577165,0.30
553,127069214941,0.60
554,748245431,3.00
555,1701182475,4.00
556,81320577165,0.30
557,1791197223,2.10
558,535631760,1.50
559,29684629,427.10
560,127069214941,0.60
561,5205319732,2.40
562,19052355309,8.30
563,2318958306,1.80
564,199895486317,0.00
565,3693659395,10.00
566,64873434191,0.20
567,64561010,649.90
568,56364035492,21.40
569,199895486317,0.00
570,2472456711,3.20
571,199895486317,0.00
572,199895486317,0.00
573,3800969038,2.20
574,79762681102,0.40
575,81320577165,0.30
576,199895486317,0.00
577,199895486317,0.00
578,199895486317,0.00
579,20472273234,7.40
580,199895486317,0.00
581,199895486317,0.00
582,199895486317,0.00
583,79762681102,0.40
584,48780794587,8.20
585,199895486317,0.00
586,81320577165,0.30
587,748245431,3.00
588,147534484019,58.50
589,3121242162,4.20
590,127069214941,0.60
591,64873434191,0.20
592,199895486317,0.00
593,9754641018,4.30
594,81320577165,0.30
595,81320577165,0.30
596,64873434191,0.20
597,199895486317,0.00
598,199895486317,0.00
599,61030787637,0.10
600,3121242162,4.20
601,106733495501,0.50
602,81320577165,0.30
603,64873434191,0.20
604,199895486317,0.00
605,199895486317,0.00
606,199895486317,0.00
607,51752746721,21.60
608,155860603001,1.00
609,81320577165,0.30
610,64873434191,0.20
611,252876320115,0.70
612,199895486317,0.00
613,199895486317,0.00
614,155860603001,1.00
615,64873434191,0.20
616,199895486317,0.00
617,5613159221,2.90
618,199895486317,0.00
619,79762681102,0.40
620,293402371733,0.80
621,13363524374,3.50
622,199895486317,0.00
623,81320577165,0.30
624,1704093886,3.10
625,199895486317,0.00
626,62089690,3950.50
627,12473548098,6.50
628,535631760,1.50
629,199895486317,0.00
630,199895486317,0.00
631,199895486317,0.00
632,46196530,1396.50
633,82955062476,60.10
634,199895486317,0.00
635,199895486317,0.00
636,79762681102,0.40
637,252876320115,0.70
638,199895486317,0.00
639,199895486317,0.00
640,199895486317,0.00
641,199895486317,0.00
642,199895486317,0.00
643,127069214941,0.60
644,2318958306,1.80
645,748245431,3.00
646,199895486317,0.00
647,81320577165,0.30
648,199895486317,0.00
649,3693659395,10.00
650,199895486317,0.00
651,199895486317,0.00
652,5613159221,2.90
653,199895486317,0.00
654,748245431,3.00
655,76358963695,34.70
656,61030787637,0.10
657,199895486317,0.00
658,199895486317,0.00
659,199895486317,0.00
660,64873434191,0.20
661,199895486317,0.00
662,199895486317,0.00
663,199895486317,0.00
664,64873434191,0.20
665,199895486317,0.00
666,199895486317,0.00
667,106733495501,0.50
668,199895486317,0.00
669,81320577165,0.30
670,199895486317,0.00
671,199895486317,0.00
672,199895486317,0.00
673,199895486317,0.00
674,199895486317,0.00
675,199895486317,0.00
676,8868913657,9.00
677,127069214941,0.60
678,5205319732,2.40
679,748245431,3.00
680,127069214941,0.60
681,5669912171,8.00
682,199895486317,0.00
683,2889121233,4.60
684,48993493,366.70
685,677366592,1.20
686,38291517,464.90
687,199895486317,0.00
688,10309316445,3.40
689,1701182475,4.00
690,199895486317,0.00
691,46374763474,47.20
692,1791197223,2.10
693,64873434191,0.20
694,199895486317,0.00
695,79762681102,0.40
696,293402371733,0.80
697,199895486317,0.00
698,748245431,3.00
699,106733495501,0.50
700,4335179551,3.90
701,175779130615,0.90
702,61030787637,0.10
703,1955963077,1.60
704,61030787637,0.10
705,199895486317,0.00
706,199895486317,0.00
707,199895486317,0.00
708,199895486317,0.00
709,199895486317,0.00
710,199895486317,0.00
711,61077492,275.00
712,2889121233,4.60
713,58880635837,23.00
714,199895486317,0.00
715,199895486317,0.00
716,199895486317,0.00
717,92589728311,14.20
718,34204714555,51.90
719,199895486317,0.00
720,3121242162,4.20
721,908455527,6.00
722,127069214941,0.60
723,199895486317,0.00
724,748245431,3.00
725,199895486317,0.00
726,252876320115,0.70
727,81320577165,0.30
728,199895486317,0.00
729,199895486317,0.00
730,3383202034,2.70
731,64873434191,0.20
732,199895486317,0.00
733,8868913657,9.00
734,748245431,3.00
735,293402371733,0.80
736,252876320115,0.70
737,199895486317,0.00
738,199895486317,0.00
739,79762681102,0.40
740,199895486317,0.00
741,4516018420,1.90
742,199895486317,0.00
743,1701182475,4.00
744,748245431,3.00
745,199895486317,0.00
746,36146412745,50.20
747,748245431,3.00
748,199895486317,0.00
749,4516018420,1.90
750,199895486317,0.00
751,64873434191,0.20
752,199895486317,0.00
753,81320577165,0.30
754,35297047,1983.10
755,199895486317,0.00
756,44512967,1076.30
757,199895486317,0.00
758,199895486317,0.00
759,199895486317,0.00
760,199895486317,0.00
761,3839210065,1.40
762,199895486317,0.00
763,199895486317,0.00
764,155860603001,1.00
765,81320577165,0.30
766,199895486317,0.00
767,199895486317,0.00
768,199895486317,0.00
769,44883808149,9.20
770,199895486317,0.00
771,199895486317,0.00
772,199895486317,0.00
773,8868913657,9.00
774,199895486317,0.00
775,79762681102,0.40
776,69230461333,12.10
777,127069214941,0.60
778,252876320115,0.70
779,61030787637,0.10
780,53540315593,4.70
781,20420313185,10.30
782,8663522153,20.00
783,37761769,1004.30
784,199895486317,0.00
785,61030787637,0.10
786,748245431,3.00
787,64873434191,0.20
788,2361319851,3.30
789,46876143,2410.20
790,199895486317,0.00
791,45907064,552.60
792,43162767913,64.30
793,199895486317,0.00
794,199895486317,0.00
795,64974956031,33.60
796,81320577165,0.30
797,64873434191,0.20
798,64873434191,0.20
799,2205030512,2.30
800,58617237916,13.00
801,199895486317,0.00
802,199895486317,0.00
803,79762681102,0.40
804,155860603001,1.00
805,677366592,1.20
806,199895486317,0.00
807,199895486317,0.00
808,677366592,1.20
809,155860603001,1.00
810,199895486317,0.00
811,199895486317,0.00
812,535432485,2.00
813,199895486317,0.00
814,106733495501,0.50
815,199895486317,0.00
816,155860603001,1.00
817,293402371733,0.80
818,106733495501,0.50
819,199895486317,0.00
820,199895486317,0.00
821,81320577165,0.30
822,10309316445,3.40
823,748245431,3.00
824,199895486317,0.00
825,81320577165,0.30
826,199895486317,0.00
827,748245431,3.00
828,105332446,233.30
829,81320577165,0.30
830,199895486317,0.00
831,81320577165,0.30
832,26559090513,18.00
833,2205030512,2.30
834,3356405678,1.10
835,3800969038,2.20
836,2205030512,2.30
837,81320577165,0.30
838,677366592,1.20
839,7351254841,11.00
840,199895486317,0.00
841,50039995,5000.00
842,12355668247,5.70
843,199895486317,0.00
844,199895486317,0.00
845,199895486317,0.00
846,7654471945,2.80
847,11115964107,40.00
848,57758516,414.50
849,535432485,2.00
850,29201553,1092.50
851,61030787637,0.10
852,61030787637,0.10
853,11115964107,40.00
854,2753079675,5.00
855,144403463,224.00
856,155860603001,1.00
857,54906287992,4.90
858,199895486317,0.00
859,1751942178,1.70
860,199895486317,0.00
861,155860603001,1.00
862,52720326,461.80
863,199895486317,0.00
864,677366592,1.20
865,199895486317,0.00
866,199895486317,0.00
867,10791858303,10.20
868,54185134,701.50
869,81320577165,0.30
870,2472456711,3.20
871,677366592,1.20
872,199895486317,0.00
873,199895486317,0.00
874,199895486317,0.00
875,199895486317,0.00
876,61030787637,0.10
877,61030787637,0.10
878,2361319851,3.30
879,199895486317,0.00
880,1791197223,2.10
881,199895486317,0.00
882,127069214941,0.60
883,199895486317,0.00
884,199895486317,0.00
885,3356405678,1.10
886,199895486317,0.00
887,199895486317,0.00
888,199895486317,0.00
889,535432485,2.00
890,5205319732,2.40
891,175779130615,0.90
892,5205319732,2.40
893,34002856,1062.40
894,199895486317,0.00
895,199895486317,0.00
896,64873434191,0.20
897,106733495501,0.50
898,199895486317,0.00
899,199895486317,0.00
900,66995683,712.80
901,39320774,1418.10
902,535432485,2.00
903,64873434191,0.20
904,199895486317,0.00
905,127069214941,0.60
906,61030787637,0.10
907,43086623,1005.50
908,199895486317,0.00
909,293402371733,0.80
910,199895486317,0.00
911,127069214941,0.60
912,199895486317,0.00
913,199895486317,0.00
914,199895486317,0.00
915,28163669,1138.50
916,199895486317,0.00
917,199895486317,0.00
918,199895486317,0.00
919,15262609751,7.20
920,199895486317,0.00
921,199895486317,0.00
922,199895486317,0.00
923,61030787637,0.10
924,81320577165,0.30
925,199895486317,0.00
926,199895486317,0.00
927,81320577165,0.30
928,81320577165,0.30
929,124455679507,46.00
930,535631760,1.50
931,199895486317,0.00
932,199895486317,0.00
933,199895486317,0.00
934,199895486317,0.00
935,199895486317,0.00
936,62295823,553.80
937,9754641018,4.30
938,199895486317,0.00
939,199895486317,0.00
940,127069214941,0.60
941,908455527,6.00
942,2881544985,2.50
943,748245431,3.00
944,199895486317,0.00
945,64873434191,0.20
946,199895486317,0.00
947,199895486317,0.00
948,19052355309,8.30
949,3383202034,2.70
950,127069214941,0.60
951,61030787637,0.10
952,199895486317,0.00
953,199895486317,0.00
954,8109457303,6.20
955,81320577165,0.30
956,199895486317,0.00
957,155860603001,1.00
958,199895486317,0.00
959,252876320115,0.70
960,4516018420,1.90
961,199895486317,0.00
962,199895486317,0.00
963,199895486317,0.00
964,199895486317,0.00
965,199895486317,0.00
966,1701182475,4.00
967,127069214941,0.60
968,81320577165,0.30
969,199895486317,0.00
970,24373592931,46.30
971,199895486317,0.00
972,199895486317,0.00
973,199895486317,0.00
974,199895486317,0.00
975,52390205,4038.30
976,199895486317,0.00
977,61030787637,0.10
978,2361319851,3.30
979,199895486317,0.00
980,64873434191,0.20
981,81320577165,0.30
982,199895486317,0.00
983,81320577165,0.30
984,175779130615,0.90
985,199895486317,0.00
986,535631760,1.50
987,3121242162,4.20
988,81320577165,0.30
989,199895486317,0.00
990,29010224072,6.90
991,293402371733,0.80
992,199895486317,0.00
993,199895486317,0.00
994,199895486317,0.00
995,908455527,6.00
996,64873434191,0.20
997,199895486317,0.00
998,10562618771,15.00
999,162164672280,22.80
1000,79762681102,0.40
1001,199895486317,0.00
1002,199895486317,0.00
1003,10420034602,10.10
1004,199895486317,0.00
1005,175779130615,0.90
1006,175779130615,0.90
1007,199895486317,0.00
1008,908455527,6.00
1009,64873434191,0.20
1010,199895486317,0.00
1011,127069214941,0.60
1012,81320577165,0.30
1013,41471258765,85.90
1014,199895486317,0.00
1015,199895486317,0.00
1016,908455527,6.00
1017,199895486317,0.00
1018,199895486317,0.00
1019,79762681102,0.40
1020,908455527,6.00
1021,199895486317,0.00
1022,21313183922,8.90
1023,3839210065,1.40
1024,199895486317,0.00
1025,64873434191,0.20
1026,199895486317,0.00
1027,37891387,1020.80
1028,199895486317,0.00
1029,199895486317,0.00
1030,293402371733,0.80
1031,3121242162,4.20
1032,199895486317,0.00
1033,3356405678,1.10
1034,535432485,2.00
1035,199895486317,0.00
1036,199895486317,0.00
1037,3800969038,2.20
1038,199895486317,0.00
1039,155860603001,1.00
1040,79762681102,0.40
1041,155860603001,1.00
1042,199895486317,0.00
1043,64873434191,0.20
1044,199895486317,0.00
1045,677366592,1.20
1046,175779130615,0.90
1047,61030787637,0.10
1048,199895486317,0.00
1049,175779130615,0.90
1050,44612197,401.30
1051,2472456711,3.20
1052,52069365,774.00
1053,58885389,860.00
1054,199895486317,0.00
1055,199895486317,0.00
1056,3693659395,10.00
1057,199895486317,0.00
1058,5205319732,2.40
1059,61030787637,0.10
1060,127069214941,0.60
1061,293402371733,0.80
1062,199895486317,0.00
1063,4917524979,160.10
1064,748245431,3.00
1065,10151427473,147.50
1066,199895486317,0.00
1067,199895486317,0.00
1068,42172562,2297.90
1069,14111722990,5.10
1070,199895486317,0.00
1071,199895486317,0.00
1072,199895486317,0.00
1073,199895486317,0.00
1074,199895486317,0.00
1075,199895486317,0.00
1076,9641276294,3.80
1077,199895486317,0.00
1078,199895486317,0.00
1079,199895486317,0.00
1080,37798909,692.90
1081,199895486317,0.00
1082,199895486317,0.00
1083,199895486317,0.00
1084,199895486317,0.00
1085,1791197223,2.10
1086,199895486317,0.00
1087,13442246845,9.10
1088,199895486317,0.00
1089,748245431,3.00
1090,2873137166,1.30
1091,37926062,293.30
1092,199895486317,0.00
1093,199895486317,0.00
1094,8008136044,7.50
1095,54502641,721.30
1096,79762681102,0.40
1097,29331974,1129.90
1098,127069214941,0.60
1099,43631787,4002.60
1100,199895486317,0.00
1101,199895486317,0.00
1102,748245431,3.00
1103,748245431,3.00
1104,199895486317,0.00
1105,199895486317,0.00
1106,748245431,3.00
1107,81320577165,0.30
1108,3839210065,1.40
1109,199895486317,0.00
1110,81320577165,0.30
1111,175779130615,0.90
1112,199895486317,0.00
1113,535432485,2.00
1114,199895486317,0.00
1115,79762681102,0.40
1116,199895486317,0.00
1117,199895486317,0.00
1118,199895486317,0.00
1119,199895486317,0.00
1120,199895486317,0.00
1121,677366592,1.20
1122,199895486317,0.00
1123,32580246231,12.80
1124,199895486317,0.00
1125,51519071,1281.00
1126,199895486317,0.00
1127,81320577165,0.30
1128,127069214941,0.60
1129,151169549,230.80
1130,60662103,4625.90
1131,45677837,324.20
1132,199895486317,0.00
1133,199895486317,0.00
1134,199895486317,0.00
1135,79762681102,0.40
1136,199895486317,0.00
1137,199895486317,0.00
1138,199895486317,0.00
1139,199895486317,0.00
1140,54673378,502.50
1141,3839210065,1.40
1142,199895486317,0.00
1143,252876320115,0.70
1144,127069214941,0.60
1145,199895486317,0.00
1146,106733495501,0.50
1147,199895486317,0.00
1148,199895486317,0.00
1149,199895486317,0.00
1150,199895486317,0.00
1151,199895486317,0.00
1152,81320577165,0.30
1153,11132852060,6.10
1154,199895486317,0.00
1155,199895486317,0.00
1156,199895486317,0.00
1157,199895486317,0.00
1158,199895486317,0.00
1159,52098836,343.30
1160,2361319851,3.30
1161,199895486317,0.00
1162,908455527,6.00
1163,199895486317,0.00
1164,199895486317,0.00
1165,11115964107,40.00
1166,2205030512,2.30
1167,535432485,2.00
1168,199895486317,0.00
1169,199895486317,0.00
1170,175779130615,0.90
1171,199895486317,0.00
1172,44511069,1328.20
1173,127069214941,0.60
1174,42950866,1993.30
1175,535631760,1.50
1176,127069214941,0.60
1177,127069214941,0.60
1178,199895486317,0.00
1179,908455527,6.00
1180,1751942178,1.70
1181,199895486317,0.00
1182,199895486317,0.00
1183,199895486317,0.00
1184,199895486317,0.00
1185,199895486317,0.00
1186,199895486317,0.00
1187,1751942178,1.70
1188,155860603001,1.00
1189,106733495501,0.50
1190,199895486317,0.00
1191,2361319851,3.30
1192,46716488,1219.80
1193,81320577165,0.30
1194,199895486317,0.00
1195,199895486317,0.00
1196,155860603001,1.00
1197,64873434191,0.20
1198,106733495501,0.50
1199,38566208064,17.50
1200,748245431,3.00
1201,1791197223,2.10
1202,2318958306,1.80
1203,199895486317,0.00
1204,293402371733,0.80
1205,199895486317,0.00
1206,36981552,4980.90
1207,23942210,1371.50
1208,40826105320,35.50
1209,49801331,384.80
1210,127069214941,0.60
1211,199895486317,0.00
1212,199895486317,0.00
1213,79762681102,0.40
1214,199895486317,0.00
1215,199895486317,0.00
1216,106733495501,0.50
1217,11132852060,6.10
1218,199895486317,0.00
1219,2361319851,3.30
1220,199895486317,0.00
1221,61030787637,0.10
1222,748245431,3.00
1223,34199143,281.70
1224,199895486317,0.00
1225,127069214941,0.60
1226,199895486317,0.00
1227,535432485,2.00
1228,199895486317,0.00
1229,199895486317,0.00
1230,61030787637,0.10
1231,1994914060,172.60
1232,81320577165,0.30
1233,7351254841,11.00
1234,53373931,628.50
1235,31009260522,7.80
1236,1701182475,4.00
1237,199895486317,0.00
1238,748245431,3.00
1239,79762681102,0.40
1240,64873434191,0.20
1241,2873137166,1.30
1242,199895486317,0.00
1243,64873434191,0.20
1244,148740390799,44.00
1245,677366592,1.20
1246,79762681102,0.40
1247,199895486317,0.00
1248,199895486317,0.00
1249,199895486317,0.00
1250,127069214941,0.60
1251,293402371733,0.80
1252,535432485,2.00
1253,535432485,2.00
1254,106733495501,0.50
1255,127069214941,0.60
1256,52196612,321.20
1257,199895486317,0.00
1258,748245431,3.00
1259,199895486317,0.00
1260,53465600,1069.20
1261,79762681102,0.40
1262,155860603001,1.00
1263,199895486317,0.00
1264,7654471945,2.80
1265,199895486317,0.00
1266,2318958306,1.80
1267,3839210065,1.40
1268,199895486317,0.00
1269,64873434191,0.20
1270,199895486317,0.00
1271,535432485,2.00
1272,127069214941,0.60
1273,199895486317,0.00
1274,199895486317,0.00
1275,64873434191,0.20
1276,64873434191,0.20
1277,81320577165,0.30
1278,48015774,1233.10
1279,175779130615,0.90
1280,199895486317,0.00
1281,199895486317,0.00
1282,5669912171,8.00
1283,2318958306,1.80
1284,535432485,2.00
1285,79762681102,0.40
1286,199895486317,0.00
1287,4516018420,1.90
1288,199895486317,0.00
1289,199895486317,0.00
1290,535432485,2.00
1291,293402371733,0.80
1292,13980702049,4.10
1293,51092671,4052.30
1294,199895486317,0.00
1295,28028943,1979.60
1296,252876320115,0.70
1297,677366592,1.20
1298,20420313185,10.30
1299,199895486317,0.00
1300,127069214941,0.60
1301,199895486317,0.00
1302,199895486317,0.00
1303,908455527,6.00
1304,38447511,569.00
1305,127069214941,0.60
1306,199895486317,0.00
1307,535432485,2.00
1308,155860603001,1.00
1309,155860603001,1.00
1310,127069214941,0.60
1311,199895486317,0.00
1312,2753079675,5.00
1313,81320577165,0.30
1314,199895486317,0.00
1315,199895486317,0.00
1316,199895486317,0.00
1317,199895486317,0.00
1318,12138563020,21.00
1319,199895486317,0.00
1320,199895486317,0.00
1321,39424632,794.20
1322,175779130615,0.90
1323,199895486317,0.00
1324,4516018420,1.90
1325,199895486317,0.00
1326,64873434191,0.20
1327,2881544985,2.50
1328,3356405678,1.10
1329,199895486317,0.00
1330,199895486317,0.00
1331,199895486317,0.00
1332,2205030512,2.30
1333,199895486317,0.00
1334,199895486317,0.00
1335,47148275683,16.20
1336,175779130615,0.90
1337,71432165,3194.20
1338,9754641018,4.30
1339,1704093886,3.10
1340,199895486317,0.00
1341,199895486317,0.00
1342,199895486317,0.00
1343,199895486317,0.00
1344,199895486317,0.00
1345,199895486317,0.00
1346,199895486317,0.00
1347,199895486317,0.00
1348,199895486317,0.00
1349,199895486317,0.00
1350,908455527,6.00
1351,199895486317,0.00
1352,293402371733,0.80
1353,199895486317,0.00
1354,57420455,2135.40
1355,72541109709,12.70
1356,199895486317,0.00
1357,58617237916,13.00
1358,14744326110,5.40
1359,199895486317,0.00
1360,4786187341,154.60
1361,10791858303,10.20
1362,10420034602,10.10
1363,127069214941,0.60
1364,157514994964,26.30
1365,79762681102,0.40
1366,14744326110,5.40
1367,535432485,2.00
1368,79762681102,0.40
1369,199895486317,0.00
1370,199895486317,0.00
1371,199895486317,0.00
1372,199895486317,0.00
1373,29010224072,6.90
1374,79762681102,0.40
1375,199895486317,0.00
1376,4685223615,159.00
1377,64873434191,0.20
1378,64873434191,0.20
1379,5669912171,8.00
1380,155860603001,1.00
1381,33609087,1792.80
1382,127069214941,0.60
1383,677366592,1.20
1384,89161347981,21.70
1385,199895486317,0.00
1386,45091618,2672.00
1387,684933928,189.10
1388,2873137166,1.30
1389,175779130615,0.90
1390,127069214941,0.60
1391,1955963077,1.60
1392,61030787637,0.10
1393,175779130615,0.90
1394,199895486317,0.00
1395,199895486317,0.00
1396,199895486317,0.00
1397,198197262134,10.40
1398,252876320115,0.70
1399,199895486317,0.00
1400,3356405678,1.10
1401,79762681102,0.40
1402,81320577165,0.30
1403,199895486317,0.00
1404,199895486317,0.00
1405,199895486317,0.00
1406,199895486317,0.00
1407,199895486317,0.00
1408,61030787637,0.10
1409,2318958306,1.80
1410,79762681102,0.40
1411,26691848497,11.80
1412,199895486317,0.00
1413,79762681102,0.40
1414,199895486317,0.00
1415,57899388324,24.30
1416,252876320115,0.70
1417,127069214941,0.60
1418,535432485,2.00
1419,199895486317,0.00
1420,199895486317,0.00
1421,127069214941,0.60
1422,65253088,287.80
1423,10562618771,15.00
1424,79762681102,0.40
1425,1751942178,1.70
1426,53482370252,18.40
1427,199895486317,0.00
1428,199895486317,0.00
1429,199895486317,0.00
1430,106733495501,0.50
1431,64873434191,0.20
1432,199895486317,0.00
1433,123791149104,42.10
1434,81320577165,0.30
1435,52557575,1274.40
1436,535631760,1.50
1437,2472456711,3.20
1438,199895486317,0.00
1439,106733495501,0.50
1440,3693659395,10.00
1441,6484196235,3.60
1442,199895486317,0.00
1443,155860603001,1.00
1444,81320577165,0.30
1445,199895486317,0.00
1446,908455527,6.00
1447,199895486317,0.00
1448,199895486317,0.00
1449,199895486317,0.00
1450,199895486317,0.00
1451,79762681102,0.40
1452,252876320115,0.70
1453,199895486317,0.00
1454,155860603001,1.00
1455,199895486317,0.00
1456,199895486317,0.00
1457,53047389,774.50
1458,155860603001,1.00
1459,64879465,2517.00
1460,79762681102,0.40
1461,25543615619,130.10
1462,2889121233,4.60
1463,199895486317,0.00
1464,81320577165,0.30
1465,908455527,6.00
1466,199895486317,0.00
1467,103765049657,14.60
1468,199895486317,0.00
1469,199895486317,0.00
1470,21313183922,8.90
1471,199895486317,0.00
1472,3693659395,10.00
1473,2881544985,2.50
1474,748245431,3.00
1475,2361319851,3.30
1476,175779130615,0.90
1477,199895486317,0.00
1478,20420313185,10.30
1479,13363524374,3.50
1480,61030787637,0.10
1481,199895486317,0.00
1482,199895486317,0.00
1483,199895486317,0.00
1484,28063974,659.30
1485,199895486317,0.00
1486,5752938622,2.60
1487,24373592931,46.30
1488,175779130615,0.90
1489,79762681102,0.40
1490,199895486317,0.00
1491,199895486317,0.00
1492,199895486317,0.00
1493,199895486317,0.00
1494,199895486317,0.00
1495,199895486317,0.00
1496,199895486317,0.00
1497,199895486317,0.00
1498,908455527,6.00
1499,199895486317,0.00
1500,199895486317,0.00
1501,199895486317,0.00
1502,61478628,888.90
1503,36982456,2733.80
1504,199895486317,0.00
1505,56449492,952.30
1506,199895486317,0.00
1507,199895486317,0.00
1508,53860346,681.60
1509,2361319851,3.30
1510,199895486317,0.00
1511,199895486317,0.00
1512,199895486317,0.00
1513,199895486317,0.00
1514,199895486317,0.00
1515,199895486317,0.00
1516,73582662869,30.60
1517,3693659395,10.00
1518,47233417,1543.10
1519,252876320115,0.70
1520,1751942178,1.70
1521,199895486317,0.00
1522,199895486317,0.00
1523,199895486317,0.00
1524,83903919,236.30
1525,127069214941,0.60
1526,535432485,2.00
1527,199895486317,0.00
1528,1955963077,1.60
1529,81320577165,0.30
1530,199895486317,0.00
1531,81320577165,0.30
1532,199895486317,0.00
1533,199895486317,0.00
1534,14111722990,5.10
1535,40397043,800.20
1536,908455527,6.00
1537,8624720865,5.80
1538,199895486317,0.00
1539,199895486317,0.00
1540,12138563020,21.00
1541,9641276294,3.80
1542,199895486317,0.00
1543,199895486317,0.00
1544,199895486317,0.00
1545,1791197223,2.10
1546,5752938622,2.60
1547,52997303,322.70
1548,1701182475,4.00
1549,293402371733,0.80
1550,5752938622,2.60
1551,13980702049,4.10
1552,127069214941,0.60
1553,199895486317,0.00
1554,199895486317,0.00
1555,16667145824,61.30
1556,199895486317,0.00
1557,199895486317,0.00
1558,199895486317,0.00
1559,42302734,1501.00
1560,199895486317,0.00
1561,535432485,2.00
1562,2873137166,1.30
1563,199895486317,0.00
1564,2873137166,1.30
1565,8663522153,20.00
1566,155860603001,1.00
1567,81320577165,0.30
1568,748245431,3.00
1569,199895486317,0.00
1570,127069214941,0.60
1571,127069214941,0.60
1572,199895486317,0.00
1573,127069214941,0.60
1574,908455527,6.00
1575,64873434191,0.20
1576,199895486317,0.00
1577,64873434191,0.20
1578,199895486317,0.00
1579,199895486317,0.00
1580,29718655,1049.80
1581,47373126,571.90
1582,127069214941,0.60
1583,199895486317,0.00
1584,217741218828,12.50
1585,3839210065,1.40
1586,61030787637,0.10
1587,199895486317,0.00
1588,908455527,6.00
1589,79762681102,0.40
1590,199895486317,0.00
1591,199895486317,0.00
1592,175779130615,0.90
1593,61030787637,0.10
1594,199895486317,0.00
1595,64873434191,0.20
1596,155860603001,1.00
1597,155860603001,1.00
1598,199895486317,0.00
1599,199895486317,0.00
1600,199895486317,0.00
1601,79762681102,0.40
1602,64873434191,0.20
1603,3693659395,10.00
1604,41596245766,20.10
1605,199895486317,0.00
1606,199895486317,0.00
1607,81320577165,0.30
1608,155860603001,1.00
1609,11132852060,6.10
1610,199895486317,0.00
1611,38448818,314.10
1612,155860603001,1.00
1613,66178339,2170.20
1614,908455527,6.00
1615,199895486317,0.00
1616,199895486317,0.00
1617,199895486317,0.00
1618,908455527,6.00
1619,3383202034,2.70
1620,127069214941,0.60
1621,199895486317,0.00
1622,199895486317,0.00
1623,199895486317,0.00
1624,748245431,3.00
1625,199895486317,0.00
1626,106733495501,0.50
1627,6484196235,3.60
1628,127069214941,0.60
1629,64873434191,0.20
1630,908455527,6.00
1631,199895486317,0.00
1632,5752938622,2.60
1633,82917419,246.20
1634,199895486317,0.00
1635,64873434191,0.20
1636,199895486317,0.00
1637,35167564,1399.10
1638,50039995,5000.00
1639,10309316445,3.40
1640,64873434191,0.20
1641,66663452,2990.90
1642,61030787637,0.10
1643,61030787637,0.10
1644,5613159221,2.90
1645,199895486317,0.00
1646,155860603001,1.00
1647,199895486317,0.00
1648,199895486317,0.00
1649,199895486317,0.00
1650,199895486317,0.00
1651,12355668247,5.70
1652,45743178,970.50
1653,64873434191,0.20
1654,64873434191,0.20
1655,748245431,3.00
1656,748245431,3.00
1657,81320577165,0.30
1658,2361319851,3.30
1659,127069214941,0.60
1660,79762681102,0.40
1661,199895486317,0.00
1662,79762681102,0.40
1663,26704876325,7.30
1664,64873434191,0.20
1665,35856961,716.10
1666,64873434191,0.20
1667,199895486317,0.00
1668,199895486317,0.00
1669,3356405678,1.10
1670,2829341422,171.30
1671,76658940144,32.60
1672,4335179551,3.90
1673,199895486317,0.00
1674,106733495501,0.50
1675,199895486317,0.00
1676,3121242162,4.20
1677,46199539,1038.70
1678,22060715750,10.60
1679,5752938622,2.60
1680,199895486317,0.00
1681,199895486317,0.00
1682,199895486317,0.00
1683,199895486317,0.00
1684,155860603001,1.00
1685,199895486317,0.00
1686,127069214941,0.60
1687,199895486317,0.00
1688,748245431,3.00
1689,79762681102,0.40
1690,199895486317,0.00
1691,4839275026,5.60
1692,7654471945,2.80
1693,79762681102,0.40
1694,64873434191,0.20
1695,199895486317,0.00
1696,3800969038,2.20
1697,64873434191,0.20
1698,127069214941,0.60
1699,79762681102,0.40
1700,199895486317,0.00
1701,199895486317,0.00
1702,33890938708,103.30
1703,175779130615,0.90
1704,199895486317,0.00
1705,199895486317,0.00
1706,1704093886,3.10
1707,48013592,1296.10
1708,199895486317,0.00
1709,199895486317,0.00
1710,199895486317,0.00
1711,199895486317,0.00
1712,32312838,1583.10
1713,199895486317,0.00
1714,199895486317,0.00
1715,51092879,2532.60
1716,66577080343,22.40
1717,199895486317,0.00
1718,86952191033,22.70
1719,199895486317,0.00
1720,64873434191,0.20
1721,1704093886,3.10
1722,64873434191,0.20
1723,199895486317,0.00
1724,199895486317,0.00
1725,43471913,1903.10
1726,79762681102,0.40
1727,199895486317,0.00
1728,64873434191,0.20
1729,199895486317,0.00
1730,3800969038,2.20
1731,36347952,398.20
1732,50716154,300.90
1733,199895486317,0.00
1734,199895486317,0.00
1735,535432485,2.00
1736,199895486317,0.00
1737,199895486317,0.00
1738,127069214941,0.60
1739,199895486317,0.00
1740,199895486317,0.00
1741,49698995,1786.50
1742,199895486317,0.00
1743,3693659395,10.00
1744,535631760,1.50
1745,199895486317,0.00
1746,155860603001,1.00
1747,64873434191,0.20
1748,199895486317,0.00
1749,64873434191,0.20
1750,1701182475,4.00
1751,64873434191,0.20
1752,199895486317,0.00
1753,52300165309,74.60
1754,199895486317,0.00
1755,199895486317,0.00
1756,199895486317,0.00
1757,535432485,2.00
1758,81320577165,0.30
1759,175779130615,0.90
1760,33171299,400.50
1761,127069214941,0.60
1762,199895486317,0.00
1763,535432485,2.00
1764,50198616061,99.90
1765,199895486317,0.00
1766,199895486317,0.00
1767,31015533,1016.40
1768,175779130615,0.90
1769,64873434191,0.20
1770,44606327,2367.70
1771,71773637641,5.10
1772,1751942178,1.70
1773,50474661677,40.30
1774,155860603001,1.00
1775,199895486317,0.00
1776,535432485,2.00
1777,199895486317,0.00
1778,199895486317,0.00
1779,2753079675,5.00
1780,81320577165,0.30
1781,199895486317,0.00
1782,20827289993,127.00
1783,252876320115,0.70
1784,535432485,2.00
1785,155860603001,1.00
1786,908455527,6.00
1787,55961998,829.80
1788,199895486317,0.00
1789,535432485,2.00
1790,79762681102,0.40
1791,57584828,574.30
1792,199895486317,0.00
1793,199895486317,0.00
1794,49806459,608.70
1795,5205319732,2.40
1796,64873434191,0.20
1797,199895486317,0.00
1798,64873434191,0.20
1799,127069214941,0.60
1800,199895486317,0.00
1801,4516018420,1.90
1802,79762681102,0.40
1803,199895486317,0.00
1804,79762681102,0.40
1805,10825188902,7.00
1806,199895486317,0.00
1807,293402371733,0.80
1808,199895486317,0.00
1809,199895486317,0.00
1810,130276790142,37.60
1811,199895486317,0.00
1812,64873434191,0.20
1813,535432485,2.00
1814,76243818,248.20
1815,175779130615,0.90
1816,199895486317,0.00
1817,152187017802,30.50
1818,2205030512,2.30
1819,199895486317,0.00
1820,199895486317,0.00
1821,199895486317,0.00
1822,62470097653,75.40
1823,199895486317,0.00
1824,79762681102,0.40
1825,61030787637,0.10
1826,199895486317,0.00
1827,175779130615,0.90
1828,199895486317,0.00
1829,908455527,6.00
1830,199895486317,0.00
1831,199895486317,0.00
1832,199895486317,0.00
1833,199895486317,0.00
1834,199895486317,0.00
1835,199895486317,0.00
1836,34199143,281.70
1837,748245431,3.00
1838,199895486317,0.00
1839,677366592,1.20
1840,155860603001,1.00
1841,3425424948,3.70
1842,58391735,3124.10
1843,41428213404,25.20
1844,535432485,2.00
1845,199895486317,0.00
1846,61030787637,0.10
1847,199895486317,0.00
1848,1701182475,4.00
1849,14111722990,5.10
1850,199895486317,0.00
1851,252876320115,0.70
1852,45351378,3326.20
1853,199895486317,0.00
1854,50039995,5000.00
1855,175779130615,0.90
1856,33221232,1804.70
1857,293402371733,0.80
1858,199895486317,0.00
1859,293402371733,0.80
1860,59206682,815.20
1861,199895486317,0.00
1862,127069214941,0.60
1863,199895486317,0.00
1864,199895486317,0.00
1865,42183142,467.90
1866,199895486317,0.00
1867,79762681102,0.40
1868,155860603001,1.00
1869,81320577165,0.30
1870,199895486317,0.00
1871,61030787637,0.10
1872,535432485,2.00
1873,199895486317,0.00
1874,748245431,3.00
1875,2753079675,5.00
1876,8868913657,9.00
1877,127069214941,0.60
1878,64873434191,0.20
1879,199895486317,0.00
1880,535432485,2.00
1881,199895486317,0.00
1882,199895486317,0.00
1883,3356405678,1.10
1884,199895486317,0.00
1885,199895486317,0.00
1886,199895486317,0.00
1887,199895486317,0.00
1888,3425424948,3.70
1889,199895486317,0.00
1890,199895486317,0.00
1891,127069214941,0.60
1892,127069214941,0.60
1893,199895486317,0.00
1894,136610367722,31.60
1895,199895486317,0.00
1896,199895486317,0.00
1897,252876320115,0.70
1898,127069214941,0.60
1899,64873434191,0.20
1900,252876320115,0.70
1901,92701645762,17.80
1902,199895486317,0.00
1903,61030787637,0.10
1904,199895486317,0.00
1905,1955963077,1.60
1906,199895486317,0.00
1907,127069214941,0.60
1908,31955710,848.30
1909,535432485,2.00
1910,677366592,1.20
1911,199895486317,0.00
1912,3425424948,3.70
1913,18868249031,6.30
1914,199895486317,0.00
1915,79607312,3162.30
1916,199895486317,0.00
1917,748245431,3.00
1918,61030787637,0.10
1919,199895486317,0.00
1920,535432485,2.00
1921,41392361911,14.30
1922,1701182475,4.00
1923,155860603001,1.00
1924,155860603001,1.00
1925,199895486317,0.00
1926,88537133475,19.90
1927,748245431,3.00
1928,127069214941,0.60
1929,51516123,1851.80
1930,199895486317,0.00
1931,199895486317,0.00
1932,748245431,3.00
1933,199895486317,0.00
1934,127069214941,0.60
1935,2753079675,5.00
1936,199895486317,0.00
1937,2205030512,2.30
1938,13363524374,3.50
1939,1955963077,1.60
1940,199895486317,0.00
1941,199895486317,0.00
1942,199895486317,0.00
1943,175779130615,0.90
1944,64873434191,0.20
1945,62294539,559.40
1946,35036556,2262.30
1947,38119379,826.60
1948,81320577165,0.30
1949,199895486317,0.00
1950,79762681102,0.40
1951,3356405678,1.10
1952,50219907,1095.30
1953,199895486317,0.00
1954,79762681102,0.40
1955,199895486317,0.00
1956,199895486317,0.00
1957,155860603001,1.00
1958,81320577165,0.30
1959,199895486317,0.00
1960,199895486317,0.00
1961,199895486317,0.00
1962,199895486317,0.00
1963,2361319851,3.30
1964,52556649,1359.50
1965,199895486317,0.00
1966,79762681102,0.40
1967,252876320115,0.70
1968,199895486317,0.00
1969,1701182475,4.00
1970,199895486317,0.00
1971,61030787637,0.10
1972,79762681102,0.40
1973,155860603001,1.00
1974,199895486317,0.00
1975,199895486317,0.00
1976,199895486317,0.00
1977,81320577165,0.30
1978,748245431,3.00
1979,64873434191,0.20
1980,199895486317,0.00
1981,199895486317,0.00
1982,199895486317,0.00
1983,30012310,553.70
1984,12473548098,6.50
1985,199895486317,0.00
1986,748245431,3.00
1987,43601227,1663.80
1988,199895486317,0.00
1989,79762681102,0.40
1990,64873434191,0.20
1991,61030787637,0.10
1992,61030787637,0.10
1993,62673932,3256.90
1994,199895486317,0.00
1995,81320577165,0.30
1996,79762681102,0.40
1997,535432485,2.00
1998,535631760,1.50
1999,64873434191,0.20
2000,3839210065,1.40
2001,199895486317,0.00
2002,44443912,2249.90
2003,81320577165,0.30
2004,106733495501,0.50
2005,199895486317,0.00
2006,199895486317,0.00
2007,23524188,715.20
2008,8008136044,7.50
2009,31273591,1225.10
2010,199895486317,0.00
2011,199895486317,0.00
2012,199895486317,0.00
2013,81320577165,0.30
2014,199895486317,0.00
2015,175779130615,0.90
2016,199895486317,0.00
2017,199895486317,0.00
2018,1704093886,3.10
2019,199895486317,0.00
2020,199895486317,0.00
2021,199895486317,0.00
2022,24323535286,9.80
2023,199895486317,0.00
2024,155860603001,1.00
2025,3356405678,1.10
2026,199895486317,0.00
2027,199895486317,0.00
2028,103765049657,14.60
2029,199895486317,0.00
2030,175779130615,0.90
2031,2361319851,3.30
2032,199895486317,0.00
2033,199895486317,0.00
2034,64873434191,0.20
2035,2889121233,4.60
2036,106733495501,0.50
2037,748245431,3.00
2038,199895486317,0.00
2039,81320577165,0.30
2040,199895486317,0.00
2041,40874965,2260.60
2042,5669912171,8.00
2043,199895486317,0.00
2044,535432485,2.00
2045,175779130615,0.90
2046,199895486317,0.00
2047,155860603001,1.00
2048,20420313185,10.30
2049,199895486317,0.00
2050,293402371733,0.80
2051,64873434191,0.20
2052,199895486317,0.00
2053,79762681102,0.40
2054,199895486317,0.00
2055,127069214941,0.60
2056,199895486317,0.00
2057,199895486317,0.00
2058,748245431,3.00
2059,56279255550,70.80
2060,199895486317,0.00
2061,31406206,1022.90
2062,199895486317,0.00
2063,2318958306,1.80
2064,2318958306,1.80
2065,10033332565,5.30
2066,199895486317,0.00
2067,60178558,884.40
2068,199895486317,0.00
2069,199895486317,0.00
2070,5205319732,2.40
2071,199895486317,0.00
2072,127069214941,0.60
2073,14111722990,5.10
2074,199895486317,0.00
2075,55580657120,51.00
2076,199895486317,0.00
2077,57744112347,30.60
2078,535432485,2.00
2079,199895486317,0.00
2080,3425424948,3.70
2081,199895486317,0.00
2082,199895486317,0.00
2083,199895486317,0.00
2084,199895486317,0.00
2085,199895486317,0.00
2086,64873434191,0.20
2087,81320577165,0.30
2088,199895486317,0.00
2089,535432485,2.00
2090,199895486317,0.00
2091,42530156,339.50
2092,79762681102,0.40
2093,199895486317,0.00
2094,199895486317,0.00
2095,199895486317,0.00
2096,199895486317,0.00
2097,199895486317,0.00
2098,199895486317,0.00
2099,199895486317,0.00
2100,199895486317,0.00
2101,106733495501,0.50
2102,3839210065,1.40
2103,199895486317,0.00
2104,199895486317,0.00
2105,199895486317,0.00
2106,199895486317,0.00
2107,199895486317,0.00
2108,199895486317,0.00
2109,199895486317,0.00
2110,64873434191,0.20
2111,199895486317,0.00
2112,199895486317,0.00
2113,64873434191,0.20
2114,199895486317,0.00
2115,175779130615,0.90
2116,64873434191,0.20
2117,199895486317,0.00
2118,79762681102,0.40
2119,47492944,1085.30
2120,199895486317,0.00
2121,175779130615,0.90
2122,199895486317,0.00
2123,199895486317,0.00
2124,199895486317,0.00
2125,155860603001,1.00
2126,199895486317,0.00
2127,199895486317,0.00
2128,6780013281,152.30
2129,64873434191,0.20
2130,199895486317,0.00
2131,61030787637,0.10
2132,127069214941,0.60
2133,199895486317,0.00
2134,81320577165,0.30
2135,748245431,3.00
2136,199895486317,0.00
2137,199895486317,0.00
2138,127069214941,0.60
2139,39905546,928.30
2140,199895486317,0.00
2141,199895486317,0.00
2142,155860603001,1.00
2143,127069214941,0.60
2144,50122859,857.20
2145,748245431,3.00
2146,5752938622,2.60
2147,199895486317,0.00
2148,64873434191,0.20
2149,199895486317,0.00
2150,81320577165,0.30
2151,2881544985,2.50
2152,31275822,1376.70
2153,52721761,581.00
2154,199895486317,0.00
2155,4516018420,1.90
2156,199895486317,0.00
2157,199895486317,0.00
2158,199895486317,0.00
2159,199895486317,0.00
2160,106733495501,0.50
2161,4335179551,3.90
2162,155860603001,1.00
2163,908455527,6.00
2164,155860603001,1.00
2165,23825793313,115.40
2166,748245431,3.00
2167,22386654783,5.50
2168,64873434191,0.20
2169,2205030512,2.30
2170,199895486317,0.00
2171,199895486317,0.00
2172,199895486317,0.00
2173,64873434191,0.20
2174,252876320115,0.70
2175,199895486317,0.00
2176,199895486317,0.00
2177,199895486317,0.00
2178,199895486317,0.00
2179,199895486317,0.00
2180,61030787637,0.10
2181,199895486317,0.00
2182,199895486317,0.00
2183,199895486317,0.00
2184,79762681102,0.40
2185,64873434191,0.20
2186,155860603001,1.00
2187,199895486317,0.00
2188,14208606605,20.20
2189,199895486317,0.00
2190,155860603001,1.00
2191,199895486317,0.00
2192,69230461333,12.10
2193,199895486317,0.00
2194,199895486317,0.00
2195,199895486317,0.00
2196,175779130615,0.90
2197,127069214941,0.60
2198,57743877,2600.70
2199,79762681102,0.40
2200,199895486317,0.00
2201,199895486317,0.00
2202,199895486317,0.00
2203,64873434191,0.20
2204,199895486317,0.00
2205,14208606605,20.20
2206,677366592,1.20
2207,22639997474,41.00
2208,199895486317,0.00
2209,4516018420,1.90
2210,50039995,5000.00
2211,199895486317,0.00
2212,8663522153,20.00
2213,199895486317,0.00
2214,64873434191,0.20
2215,199895486317,0.00
2216,535432485,2.00
2217,20172976864,10.50
2218,11115964107,40.00
2219,199895486317,0.00
2220,677366592,1.20
2221,199895486317,0.00
2222,46396366,447.20
2223,175779130615,0.90
2224,64873434191,0.20
2225,35853643953,55.10
2226,199895486317,0.00
2227,81320577165,0.30
2228,199895486317,0.00
2229,22527273505,75.90
2230,33220997,1077.30
2231,1404241769,185.40
2232,199895486317,0.00
2233,106733495501,0.50
2234,199895486317,0.00
2235,79762681102,0.40
2236,127069214941,0.60
2237,2753079675,5.00
2238,79762681102,0.40
2239,5752938622,2.60
2240,199895486317,0.00
2241,79762681102,0.40
2242,1791197223,2.10
2243,3839210065,1.40
2244,26516968398,6.40
2245,293402371733,0.80
2246,2361319851,3.30
2247,106733495501,0.50
2248,199895486317,0.00
2249,31714456,677.60
2250,155860603001,1.00
2251,199895486317,0.00
2252,5613159221,2.90
2253,155860603001,1.00
2254,127069214941,0.60
2255,199895486317,0.00
2256,2318958306,1.80
2257,1701182475,4.00
2258,127069214941,0.60
2259,58885675,908.40
2260,53303619,312.50
2261,53204208,1334.70
2262,64873434191,0.20
2263,199895486317,0.00
2264,199895486317,0.00
2265,66998628,444.50
2266,199895486317,0.00
2267,5169789922,156.10
2268,4839275026,5.60
2269,199895486317,0.00
2270,199895486317,0.00
2271,199895486317,0.00
2272,46064703,2994.00
2273,3356405678,1.10
2274,199895486317,0.00
2275,199895486317,0.00
2276,199895486317,0.00
2277,199895486317,0.00
2278,138155301674,18.50
2279,199895486317,0.00
2280,252876320115,0.70
2281,2873137166,1.30
2282,748245431,3.00
2283,199895486317,0.00
2284,199895486317,0.00
2285,199895486317,0.00
2286,52608525514,25.80
2287,535631760,1.50
2288,293402371733,0.80
2289,127069214941,0.60
2290,61030787637,0.10
2291,10420034602,10.10
2292,199895486317,0.00
2293,199895486317,0.00
2294,199895486317,0.00
2295,199895486317,0.00
2296,199895486317,0.00
2297,199895486317,0.00
2298,535432485,2.00
2299,535432485,2.00
2300,81320577165,0.30
2301,199895486317,0.00
2302,199895486317,0.00
2303,199895486317,0.00
2304,1701182475,4.00
2305,199895486317,0.00
2306,2318958306,1.80
2307,199895486317,0.00
2308,199895486317,0.00
2309,57451320,255.60
2310,11132852060,6.10
2311,64873434191,0.20
2312,104075894841,13.50
2313,199895486317,0.00
2314,199895486317,0.00
2315,64873434191,0.20
2316,1751942178,1.70
2317,199895486317,0.00
2318,40356899,1114.70
2319,199895486317,0.00
2320,199895486317,0.00
2321,53201145,4875.00
2322,2318958306,1.80
2323,199895486317,0.00
2324,155860603001,1.00
2325,677366592,1.20
2326,199895486317,0.00
2327,199895486317,0.00
2328,199895486317,0.00
2329,53166280662,68.00
2330,3839210065,1.40
2331,199895486317,0.00
2332,2873137166,1.30
2333,3839210065,1.40
2334,127069214941,0.60
2335,79762681102,0.40
2336,199895486317,0.00
2337,79762681102,0.40
2338,199895486317,0.00
2339,64873434191,0.20
2340,199895486317,0.00
2341,199895486317,0.00
2342,79762681102,0.40
2343,127069214941,0.60
2344,199895486317,0.00
2345,81320577165,0.30
2346,81320577165,0.30
2347,76298082,3523.50
2348,44510827,1679.80
2349,199895486317,0.00
2350,2881544985,2.50
2351,199895486317,0.00
2352,11115964107,40.00
2353,79762681102,0.40
2354,136560111887,10.90
2355,199895486317,0.00
2356,81320577165,0.30
2357,908455527,6.00
2358,199895486317,0.00
2359,199895486317,0.00
2360,64873434191,0.20
2361,199895486317,0.00
2362,199895486317,0.00
2363,199895486317,0.00
2364,199895486317,0.00
2365,199895486317,0.00
2366,61030787637,0.10
2367,50866481,1266.00
2368,10309316445,3.40
2369,199895486317,0.00
2370,199895486317,0.00
2371,199895486317,0.00
2372,199895486317,0.00
2373,8520205745,135.60
2374,908455527,6.00
2375,103787011081,12.40
2376,81320577165,0.30
2377,199895486317,0.00
2378,199895486317,0.00
2379,199895486317,0.00
2380,52813907,1420.50
2381,81320577165,0.30
2382,42826862,1015.10
2383,127069214941,0.60
2384,64873434191,0.20
2385,199895486317,0.00
2386,3383202034,2.70
2387,199895486317,0.00
2388,155860603001,1.00
2389,127069214941,0.60
2390,64873434191,0.20
2391,64873434191,0.20
2392,199895486317,0.00
2393,199895486317,0.00
2394,3693659395,10.00
2395,199895486317,0.00
2396,199895486317,0.00
2397,199895486317,0.00
2398,172285626305,24.90
2399,199895486317,0.00
2400,199895486317,0.00
2401,199895486317,0.00
2402,293402371733,0.80
2403,199895486317,0.00
2404,175779130615,0.90
2405,2400473153,175.20
2406,3693659395,10.00
2407,199895486317,0.00
2408,677366592,1.20
2409,199895486317,0.00
2410,64873434191,0.20
2411,106733495501,0.50
2412,38930650,1634.50
2413,199895486317,0.00
2414,199895486317,0.00
2415,26516968398,6.40
2416,36077629,1436.40
2417,1751942178,1.70
2418,68003901,289.60
2419,535432485,2.00
2420,748245431,3.00
2421,79762681102,0.40
2422,199895486317,0.00
2423,199895486317,0.00
2424,15952860451,6.60
2425,13363524374,3.50
2426,3356405678,1.10
2427,252876320115,0.70
2428,535631760,1.50
2429,48808635282,16.30
2430,199895486317,0.00
2431,53692823,789.50
2432,199895486317,0.00
2433,199895486317,0.00
2434,1701182475,4.00
2435,155860603001,1.00
2436,12353201164,16.00
2437,4516018420,1.90
2438,199895486317,0.00
2439,81320577165,0.30
2440,199895486317,0.00
2441,81320577165,0.30
2442,7654471945,2.80
2443,12473548098,6.50
2444,13363524374,3.50
2445,81320577165,0.30
2446,155860603001,1.00
2447,199895486317,0.00
2448,81320577165,0.30
2449,199895486317,0.00
2450,199895486317,0.00
2451,43145795055,78.00
2452,61030787637,0.10
2453,199895486317,0.00
2454,199895486317,0.00
2455,908455527,6.00
2456,535432485,2.00
2457,748245431,3.00
2458,199895486317,0.00
2459,6484196235,3.60
2460,748245431,3.00
2461,73150926834,23.80
2462,199895486317,0.00
2463,199895486317,0.00
2464,199895486317,0.00
2465,8624720865,5.80
2466,64873434191,0.20
2467,50039995,5000.00
2468,81320577165,0.30
2469,535432485,2.00
2470,61030787637,0.10
2471,199895486317,0.00
2472,64873434191,0.20
2473,1751942178,1.70
2474,199895486317,0.00
2475,64873434191,0.20
2476,81320577165,0.30
2477,22060715750,10.60
2478,81320577165,0.30
2479,199895486317,0.00
2480,3823961979,4.40
2481,56769691,2656.00
2482,535432485,2.00
2483,2889121233,4.60
2484,2753079675,5.00
2485,199895486317,0.00
2486,199895486317,0.00
2487,2873137166,1.30
2488,61030787637,0.10
2489,199895486317,0.00
2490,155860603001,1.00
2491,3693659395,10.00
2492,199895486317,0.00
2493,52425479,1156.80
2494,81320577165,0.30
2495,19804091640,10.70
2496,199895486317,0.00
2497,8868913657,9.00
2498,10309316445,3.40
2499,677366592,1.20
2500,58883890,708.80
2501,199895486317,0.00
2502,199895486317,0.00
2503,199895486317,0.00
2504,127069214941,0.60
2505,175779130615,0.90
2506,199895486317,0.00
2507,61030787637,0.10
2508,79762681102,0.40
2509,26384521500,4.90
2510,175779130615,0.90
2511,199895486317,0.00
2512,61030787637,0.10
2513,199895486317,0.00
2514,199895486317,0.00
2515,677366592,1.20
2516,199895486317,0.00
2517,199895486317,0.00
2518,37485690,353.40
2519,199895486317,0.00
2520,8663522153,20.00
2521,199895486317,0.00
2522,81320577165,0.30
2523,199895486317,0.00
2524,199895486317,0.00
2525,79762681102,0.40
2526,199895486317,0.00
2527,199895486317,0.00
2528,199895486317,0.00
2529,199895486317,0.00
2530,155860603001,1.00
2531,3121242162,4.20
2532,748245431,3.00
2533,199895486317,0.00
2534,535432485,2.00
2535,33634895868,111.70
2536,199895486317,0.00
2537,79762681102,0.40
2538,199895486317,0.00
2539,22856411504,30.80
2540,535631760,1.50
2541,199895486317,0.00
2542,199895486317,0.00
2543,37372595,1957.00
2544,199895486317,0.00
2545,42626570,3220.80
2546,199895486317,0.00
2547,127069214941,0.60
2548,748245431,3.00
2549,28289098,1886.90
2550,10791858303,10.20
2551,199895486317,0.00
2552,199895486317,0.00
2553,201841243,215.70
2554,199895486317,0.00
2555,199895486317,0.00
2556,175779130615,0.90
2557,199895486317,0.00
2558,64873434191,0.20
2559,199895486317,0.00
2560,114203950962,56.90
2561,1701182475,4.00
2562,199895486317,0.00
2563,199895486317,0.00
2564,175779130615,0.90
2565,41596245766,20.10
2566,79762681102,0.40
2567,36986366,1376.30
2568,199895486317,0.00
2569,293402371733,0.80
2570,199895486317,0.00
2571,199895486317,0.00
2572,48011222,2430.50
2573,22527273505,75.90
2574,252876320115,0.70
2575,48990850,862.10
2576,199895486317,0.00
2577,64873434191,0.20
2578,199895486317,0.00
2579,37763586,1154.10
2580,81320577165,0.30
2581,64873434191,0.20
2582,79762681102,0.40
2583,61030787637,0.10
2584,199895486317,0.00
2585,64873434191,0.20
2586,199895486317,0.00
2587,199895486317,0.00
2588,199895486317,0.00
2589,199895486317,0.00
2590,2873137166,1.30
2591,199895486317,0.00
2592,199895486317,0.00
2593,10309316445,3.40
2594,199895486317,0.00
2595,199895486317,0.00
2596,199895486317,0.00
2597,14111722990,5.10
2598,81320577165,0.30
2599,199895486317,0.00
2600,199895486317,0.00
2601,199895486317,0.00
2602,535631760,1.50
2603,199895486317,0.00
2604,199895486317,0.00
2605,199895486317,0.00
2606,199895486317,0.00
2607,35192087042,9.30
2608,106733495501,0.50
2609,2889121233,4.60
2610,64882595,913.40
2611,1701182475,4.00
2612,79762681102,0.40
2613,199895486317,0.00
2614,199895486317,0.00
2615,81320577165,0.30
2616,155860603001,1.00
2617,199895486317,0.00
2618,53333309,1403.10
2619,199895486317,0.00
2620,81320577165,0.30
2621,199895486317,0.00
2622,199895486317,0.00
2623,18868249031,6.30
2624,199895486317,0.00
2625,293402371733,0.80
2626,199895486317,0.00
2627,293402371733,0.80
2628,199895486317,0.00
2629,61030787637,0.10
2630,199895486317,0.00
2631,199895486317,0.00
2632,127069214941,0.60
2633,6484196235,3.60
2634,64873434191,0.20
2635,535432485,2.00
2636,106733495501,0.50
2637,81320577165,0.30
2638,15952860451,6.60
2639,2881544985,2.50
2640,127069214941,0.60
2641,199895486317,0.00
2642,199895486317,0.00
2643,11115964107,40.00
2644,155860603001,1.00
2645,155860603001,1.00
2646,199895486317,0.00
2647,199895486317,0.00
2648,199895486317,0.00
2649,199895486317,0.00
2650,7846983682,30.00
2651,199895486317,0.00
2652,79762681102,0.40
2653,199895486317,0.00
2654,3121242162,4.20
2655,199895486317,0.00
2656,2873137166,1.30
2657,199895486317,0.00
2658,199895486317,0.00
2659,1791197223,2.10
2660,3693659395,10.00
2661,79762681102,0.40
2662,64873434191,0.20
2663,64873434191,0.20
2664,4249103912,4.50
2665,199895486317,0.00
2666,199895486317,0.00
2667,79762681102,0.40
2668,8520205745,135.60
2669,535432485,2.00
2670,81320577165,0.30
2671,2873137166,1.30
2672,2753079675,5.00
2673,199895486317,0.00
2674,127069214941,0.60
2675,199895486317,0.00
2676,199895486317,0.00
2677,61030787637,0.10
2678,252876320115,0.70
2679,42832756,571.70
2680,4839275026,5.60
2681,37894108,1233.90
2682,64873434191,0.20
2683,127069214941,0.60
2684,199895486317,0.00
2685,2472456711,3.20
2686,64873434191,0.20
2687,480214532,196.70
2688,748245431,3.00
2689,79762681102,0.40
2690,82463390862,11.10
2691,199895486317,0.00
2692,42432214,1689.50
2693,535432485,2.00
2694,199895486317,0.00
2695,199895486317,0.00
2696,64873434191,0.20
2697,18101935542,130.60
2698,79762681102,0.40
2699,3356405678,1.10
2700,535432485,2.00
2701,199895486317,0.00
2702,535432485,2.00
2703,199895486317,0.00
2704,677366592,1.20
2705,199895486317,0.00
2706,199895486317,0.00
2707,155860603001,1.00
2708,199895486317,0.00
2709,199895486317,0.00
2710,199895486317,0.00
2711,55666936,3737.00
2712,199895486317,0.00
2713,199895486317,0.00
2714,199895486317,0.00
2715,199895486317,0.00
2716,4335179551,3.90
2717,199895486317,0.00
2718,155860603001,1.00
2719,252876320115,0.70
2720,37148004,697.90
2721,58453132057,92.40
2722,252876320115,0.70
2723,53688438,2020.30
2724,73124546043,8.60
2725,199895486317,0.00
2726,106733495501,0.50
2727,50039995,5000.00
2728,127069214941,0.60
2729,199895486317,0.00
2730,293402371733,0.80
2731,908455527,6.00
2732,199895486317,0.00
2733,199895486317,0.00
2734,199895486317,0.00
2735,535432485,2.00
2736,199895486317,0.00
2737,199895486317,0.00
2738,199895486317,0.00
2739,66183714,442.50
2740,81320577165,0.30
2741,3425424948,3.70
2742,10309316445,3.40
2743,199895486317,0.00
2744,50614867,925.80
2745,748245431,3.00
2746,677366592,1.20
2747,64873434191,0.20
2748,199895486317,0.00
2749,9754641018,4.30
2750,199895486317,0.00
2751,1955963077,1.60
2752,57899244,281.50
2753,61030787637,0.10
2754,199895486317,0.00
2755,3800969038,2.20
2756,4249103912,4.50
2757,908455527,6.00
2758,3800969038,2.20
2759,199895486317,0.00
2760,64873434191,0.20
2761,106733495501,0.50
2762,748245431,3.00
2763,127069214941,0.60
2764,199895486317,0.00
2765,7654471945,2.80
2766,748245431,3.00
2767,79762681102,0.40
2768,199895486317,0.00
2769,39753259,466.10
2770,79762681102,0.40
2771,199895486317,0.00
2772,2205030512,2.30
2773,199895486317,0.00
2774,199895486317,0.00
2775,199895486317,0.00
2776,1751942178,1.70
2777,62089770,3505.40
2778,3356405678,1.10
2779,8663522153,20.00
2780,1791197223,2.10
2781,61030787637,0.10
2782,81320577165,0.30
2783,3383202034,2.70
2784,199895486317,0.00
2785,1701182475,4.00
2786,79762681102,0.40
2787,21313183922,8.90
2788,199895486317,0.00
2789,175779130615,0.90
2790,106733495501,0.50
2791,199895486317,0.00
2792,199895486317,0.00
2793,79762681102,0.40
2794,199895486317,0.00
2795,199895486317,0.00
2796,2753079675,5.00
2797,3839210065,1.40
2798,535432485,2.00
2799,38001594538,12.30
2800,677366592,1.20
2801,1955963077,1.60
2802,50039995,5000.00
2803,1955963077,1.60
2804,79762681102,0.40
2805,127069214941,0.60
2806,199895486317,0.00
2807,31873885,508.60
2808,65211307,897.70
2809,50039995,5000.00
2810,1704093886,3.10
2811,79762681102,0.40
2812,199895486317,0.00
2813,3839210065,1.40
2814,2873137166,1.30
2815,155860603001,1.00
2816,20420313185,10.30
2817,535631760,1.50
2818,127069214941,0.60
2819,127069214941,0.60
2820,535432485,2.00
2821,3693659395,10.00
2822,199895486317,0.00
2823,127069214941,0.60
2824,199895486317,0.00
2825,199895486317,0.00
2826,80500052,255.50
2827,127069214941,0.60
2828,61030787637,0.10
2829,199895486317,0.00
2830,66296346,325.60
2831,199895486317,0.00
2832,3800969038,2.20
2833,535432485,2.00
2834,199895486317,0.00
2835,293402371733,0.80
2836,79762681102,0.40
2837,5613159221,2.90
2838,199895486317,0.00
2839,199895486317,0.00
2840,127069214941,0.60
2841,677366592,1.20
2842,51310118,333.30
2843,199895486317,0.00
2844,199895486317,0.00
2845,2873137166,1.30
2846,127069214941,0.60
2847,199895486317,0.00
2848,2873137166,1.30
2849,3383202034,2.70
2850,4461832104,163.90
2851,155860603001,1.00
2852,11132852060,6.10
2853,38768224,2036.20
2854,2205030512,2.30
2855,9754641018,4.30
2856,199895486317,0.00
2857,199895486317,0.00
2858,748245431,3.00
2859,106733495501,0.50
2860,64873434191,0.20
2861,199895486317,0.00
2862,127069214941,0.60
2863,199895486317,0.00
2864,677366592,1.20
2865,199895486317,0.00
2866,79762681102,0.40
2867,199895486317,0.00
2868,2205030512,2.30
2869,677366592,1.20
2870,54670909,468.40
2871,2361319851,3.30
2872,127069214941,0.60
2873,38001594538,12.30
2874,175779130615,0.90
2875,28828481825,119.80
2876,48145021,1046.90
2877,908455527,6.00
2878,30240033,1008.50
2879,199895486317,0.00
2880,199895486317,0.00
2881,79762681102,0.40
2882,79762681102,0.40
2883,199895486317,0.00
2884,199895486317,0.00
2885,199895486317,0.00
2886,199895486317,0.00
2887,2873137166,1.30
2888,199895486317,0.00
2889,199895486317,0.00
2890,64873434191,0.20
2891,199895486317,0.00
2892,155860603001,1.00
2893,199895486317,0.00
2894,61030787637,0.10
2895,1751942178,1.70
2896,81320577165,0.30
2897,3425424948,3.70
2898,9641276294,3.80
2899,535432485,2.00
2900,61030787637,0.10
2901,199895486317,0.00
2902,1751942178,1.70
2903,199895486317,0.00
2904,199895486317,0.00
2905,155860603001,1.00
2906,81320577165,0.30
2907,65216912,511.10
2908,199895486317,0.00
2909,37793142,2416.40
2910,5205319732,2.40
2911,29200271,1061.30
2912,677366592,1.20
2913,199895486317,0.00
2914,748245431,3.00
2915,199895486317,0.00
2916,81320577165,0.30
2917,199895486317,0.00
2918,199895486317,0.00
2919,10791858303,10.20
2920,199895486317,0.00
2921,3839210065,1.40
2922,64873434191,0.20
2923,3839210065,1.40
2924,8868913657,9.00
2925,199895486317,0.00
2926,908455527,6.00
2927,127069214941,0.60
2928,64873434191,0.20
2929,199895486317,0.00
2930,252876320115,0.70
2931,199895486317,0.00
2932,199895486317,0.00
2933,199895486317,0.00
2934,42918495529,60.60
2935,748245431,3.00
2936,199895486317,0.00
2937,175779130615,0.90
2938,14744326110,5.40
2939,45938508,1203.00
2940,127069214941,0.60
2941,81320577165,0.30
2942,81320577165,0.30
2943,293402371733,0.80
2944,293402371733,0.80
2945,199895486317,0.00
2946,61030787637,0.10
2947,748245431,3.00
2948,908455527,6.00
2949,748245431,3.00
2950,29716217,1301.60
2951,3356405678,1.10
2952,61030787637,0.10
2953,40290688145,10.80
2954,79762681102,0.40
2955,535631760,1.50
2956,8109457303,6.20
2957,81320577165,0.30
2958,64873434191,0.20
2959,33812697335,52.40
2960,175779130615,0.90
2961,79762681102,0.40
2962,20172976864,10.50
2963,293402371733,0.80
2964,127069214941,0.60
2965,60340563,976.90
2966,199895486317,0.00
2967,49802166,768.10
2968,199895486317,0.00
2969,13363524374,3.50
2970,535631760,1.50
2971,41044785,911.10
2972,19629868917,14.00
2973,155860603001,1.00
2974,199895486317,0.00
2975,199895486317,0.00
2976,2753079675,5.00
2977,293402371733,0.80
2978,19629868917,14.00
2979,64873434191,0.20
2980,199895486317,0.00
2981,7654471945,2.80
2982,56447227,2004.50
2983,28160553,1340.00
2984,127069214941,0.60
2985,199895486317,0.00
2986,81320577165,0.30
2987,81320577165,0.30
2988,199895486317,0.00
2989,106733495501,0.50
2990,199895486317,0.00
2991,199895486317,0.00
2992,36984187,1608.90
2993,199895486317,0.00
2994,199895486317,0.00
2995,79762681102,0.40
2996,2318958306,1.80
2997,677366592,1.20
2998,199895486317,0.00
2999,7654471945,2.80
3000,535631760,1.50
3001,64873434191,0.20
3002,2881544985,2.50
3003,49827973,3553.40
3004,199895486317,0.00
3005,252876320115,0.70
3006,79762681102,0.40
3007,199895486317,0.00
3008,155860603001,1.00
3009,3356405678,1.10
3010,64873434191,0.20
3011,50417258074,10.40
3012,199895486317,0.00
3013,199895486317,0.00
3014,64873434191,0.20
3015,199895486317,0.00
3016,677366592,1.20
3017,64873434191,0.20
3018,199895486317,0.00
3019,127069214941,0.60
3020,199895486317,0.00
3021,199895486317,0.00
3022,127069214941,0.60
3023,199895486317,0.00
3024,8109457303,6.20
3025,199895486317,0.00
3026,199895486317,0.00
3027,113914239637,22.90
3028,199895486317,0.00
3029,535432485,2.00
3030,199895486317,0.00
3031,1704093886,3.10
3032,79762681102,0.40
3033,199895486317,0.00
3034,2205030512,2.30
3035,64873434191,0.20
3036,2881544985,2.50
3037,199895486317,0.00
3038,111469406,233.50
3039,127069214941,0.60
3040,199895486317,0.00
3041,10033332565,5.30
3042,199895486317,0.00
3043,175779130615,0.90
3044,5613159221,2.90
3045,1704093886,3.10
3046,52727269,575.30
3047,15262609751,7.20
3048,199895486317,0.00
3049,10309316445,3.40
3050,199895486317,0.00
3051,81320577165,0.30
3052,106733495501,0.50
3053,199895486317,0.00
3054,58398401,658.20
3055,64873434191,0.20
3056,175779130615,0.90
3057,35686512,1599.10
3058,199895486317,0.00
3059,199895486317,0.00
3060,127069214941,0.60
3061,79762681102,0.40
3062,199895486317,0.00
3063,175779130615,0.90
3064,199895486317,0.00
3065,199895486317,0.00
3066,199895486317,0.00
3067,252876320115,0.70
3068,199895486317,0.00
3069,52715521,2629.70
3070,199895486317,0.00
3071,199895486317,0.00
3072,199895486317,0.00
3073,127069214941,0.60
3074,64873434191,0.20
3075,64873434191,0.20
3076,127069214941,0.60
3077,127069214941,0.60
3078,199895486317,0.00
3079,199895486317,0.00
3080,199895486317,0.00
3081,199895486317,0.00
3082,155860603001,1.00
3083,5205319732,2.40
3084,146246520214,43.00
3085,61030787637,0.10
3086,199895486317,0.00
3087,127069214941,0.60
3088,2205030512,2.30
3089,252876320115,0.70
3090,127069214941,0.60
3091,81320577165,0.30
3092,199895486317,0.00
3093,199895486317,0.00
3094,127069214941,0.60
3095,2361319851,3.30
3096,29846485,1164.50
3097,10420034602,10.10
3098,199895486317,0.00
3099,127069214941,0.60
3100,199895486317,0.00
3101,252876320115,0.70
3102,199895486317,0.00
3103,199895486317,0.00
3104,127069214941,0.60
3105,199895486317,0.00
3106,1704093886,3.10
3107,33171299,400.50
3108,38779908,437.10
3109,199895486317,0.00
3110,199895486317,0.00
3111,199895486317,0.00
3112,199895486317,0.00
3113,61030787637,0.10
3114,748245431,3.00
3115,199895486317,0.00
3116,47069600,339.20
3117,199895486317,0.00
3118,199895486317,0.00
3119,199895486317,0.00
3120,127069214941,0.60
3121,199895486317,0.00
3122,175779130615,0.90
3123,199895486317,0.00
3124,199895486317,0.00
3125,79762681102,0.40
3126,7846983682,30.00
3127,199895486317,0.00
3128,52552938,2930.30
3129,175779130615,0.90
3130,535432485,2.00
3131,4869012877,156.70
3132,199895486317,0.00
3133,48507027,728.80
3134,199895486317,0.00
3135,26384521500,4.90
3136,535432485,2.00
3137,199895486317,0.00
3138,748245431,3.00
3139,199895486317,0.00
3140,199895486317,0.00
3141,199895486317,0.00
3142,199895486317,0.00
3143,79762681102,0.40
3144,3823961979,4.40
3145,199895486317,0.00
3146,106733495501,0.50
3147,199895486317,0.00
3148,535432485,2.00
3149,199895486317,0.00
3150,1791197223,2.10
3151,1751942178,1.70
3152,199895486317,0.00
3153,2873137166,1.30
3154,199895486317,0.00
3155,33318286229,11.70
3156,199895486317,0.00
3157,64873434191,0.20
3158,81320577165,0.30
3159,61030787637,0.10
3160,199895486317,0.00
3161,106733495501,0.50
3162,535432485,2.00
3163,199895486317,0.00
3164,127069214941,0.60
3165,199895486317,0.00
3166,199895486317,0.00
3167,26691848497,11.80
3168,3800969038,2.20
3169,52235242,610.90
3170,199895486317,0.00
3171,199895486317,0.00
3172,748245431,3.00
3173,127069214941,0.60
3174,199895486317,0.00
3175,155860603001,1.00
3176,199895486317,0.00
3177,127069214941,0.60
3178,64873434191,0.20
3179,199895486317,0.00
3180,293402371733,0.80
3181,199895486317,0.00
3182,43632430,2827.00
3183,2873137166,1.30
3184,199895486317,0.00
3185,677366592,1.20
3186,252876320115,0.70
3187,4249103912,4.50
3188,81320577165,0.30
3189,64873434191,0.20
3190,40717108088,88.40
3191,199895486317,0.00
3192,61030787637,0.10
3193,10562618771,15.00
3194,50039995,5000.00
3195,199895486317,0.00
3196,106733495501,0.50
3197,199895486317,0.00
3198,199895486317,0.00
3199,79762681102,0.40
3200,908455527,6.00
3201,199895486317,0.00
3202,50039995,5000.00
3203,49485108,450.10
3204,5788605390,5.20
3205,199895486317,0.00
3206,199895486317,0.00
3207,199895486317,0.00
3208,748245431,3.00
3209,199895486317,0.00
3210,199895486317,0.00
3211,535432485,2.00
3212,127069214941,0.60
3213,199895486317,0.00
3214,199895486317,0.00
3215,199895486317,0.00
3216,64873434191,0.20
3217,252876320115,0.70
3218,1751942178,1.70
3219,199895486317,0.00
3220,199895486317,0.00
3221,199895486317,0.00
3222,64873434191,0.20
3223,4516018420,1.90
3224,677366592,1.20
3225,155860603001,1.00
3226,199895486317,0.00
3227,54338140,2053.00
3228,199895486317,0.00
3229,106733495501,0.50
3230,40290688145,10.80
3231,39674023834,24.40
3232,79762681102,0.40
3233,199895486317,0.00
3234,155860603001,1.00
3235,175779130615,0.90
3236,51909949,994.30
3237,61030787637,0.10
3238,31278591,1088.50
3239,1701182475,4.00
3240,199895486317,0.00
3241,64873434191,0.20
3242,199895486317,0.00
3243,8008136044,7.50
3244,127069214941,0.60
3245,127069214941,0.60
3246,199895486317,0.00
3247,22060715750,10.60
3248,199895486317,0.00
3249,81320577165,0.30
3250,64873434191,0.20
3251,199895486317,0.00
3252,3800969038,2.20
3253,908455527,6.00
3254,106733495501,0.50
3255,64873434191,0.20
3256,127069214941,0.60
3257,9641276294,3.80
3258,535432485,2.00
3259,3121242162,4.20
3260,748245431,3.00
3261,36267560790,6.80
3262,252876320115,0.70
3263,199895486317,0.00
3264,199895486317,0.00
3265,199895486317,0.00
3266,61030787637,0.10
3267,155860603001,1.00
3268,199895486317,0.00
3269,199895486317,0.00
3270,199895486317,0.00
3271,5752938622,2.60
3272,199895486317,0.00
3273,127069214941,0.60
3274,199895486317,0.00
3275,127069214941,0.60
3276,748245431,3.00
3277,199895486317,0.00
3278,199895486317,0.00
3279,199895486317,0.00
3280,748245431,3.00
3281,81320577165,0.30
3282,199895486317,0.00
3283,199895486317,0.00
3284,199895486317,0.00
3285,535432485,2.00
3286,677366592,1.20
3287,64873434191,0.20
3288,199895486317,0.00
3289,155860603001,1.00
3290,64873434191,0.20
3291,199895486317,0.00
3292,199895486317,0.00
3293,61030787637,0.10
3294,5752938622,2.60
3295,79089592254,22.20
3296,199895486317,0.00
3297,199895486317,0.00
3298,3121242162,4.20
3299,127069214941,0.60
3300,199895486317,0.00
3301,81320577165,0.30
3302,199895486317,0.00
3303,199895486317,0.00
3304,252876320115,0.70
3305,155860603001,1.00
3306,79762681102,0.40
3307,199895486317,0.00
3308,199895486317,0.00
3309,199895486317,0.00
3310,199895486317,0.00
3311,74242593433,8.80
3312,79762681102,0.40
3313,106733495501,0.50
3314,199895486317,0.00
3315,5752938622,2.60
3316,3425424948,3.70
3317,748245431,3.00
3318,199895486317,0.00
3319,199895486317,0.00
3320,6484196235,3.60
3321,1791197223,2.10
3322,64873434191,0.20
3323,155860603001,1.00
3324,44250110,1143.60
3325,199895486317,0.00
3326,199895486317,0.00
3327,4839275026,5.60
3328,252876320115,0.70
3329,199895486317,0.00
3330,81320577165,0.30
3331,535432485,2.00
3332,199895486317,0.00
3333,199895486317,0.00
3334,72405408,3708.30
3335,199895486317,0.00
3336,81320577165,0.30
3337,199895486317,0.00
3338,3693659395,10.00
3339,79762681102,0.40
3340,1564213197,181.80
3341,535432485,2.00
3342,199895486317,0.00
3343,2753079675,5.00
3344,61030787637,0.10
3345,79762681102,0.40
3346,127069214941,0.60
3347,199895486317,0.00
3348,199895486317,0.00
3349,199895486317,0.00
3350,199895486317,0.00
3351,66991371,425.50
3352,293402371733,0.80
3353,1751942178,1.70
3354,199895486317,0.00
3355,1701182475,4.00
3356,106733495501,0.50
3357,199895486317,0.00
3358,199895486317,0.00
3359,81320577165,0.30
3360,199895486317,0.00
3361,81320577165,0.30
3362,199895486317,0.00
3363,8868913657,9.00
3364,199895486317,0.00
3365,64873434191,0.20
3366,199895486317,0.00
3367,293402371733,0.80
3368,199895486317,0.00
3369,199895486317,0.00
3370,199895486317,0.00
3371,81320577165,0.30
3372,199895486317,0.00
3373,155860603001,1.00
3374,199895486317,0.00
3375,199895486317,0.00
3376,46977996,1067.90
3377,199895486317,0.00
3378,54023220,691.80
3379,81320577165,0.30
3380,79762681102,0.40
3381,79762681102,0.40
3382,175779130615,0.90
3383,199895486317,0.00
3384,20420313185,10.30
3385,199895486317,0.00
3386,199895486317,0.00
3387,199895486317,0.00
3388,8663522153,20.00
3389,199895486317,0.00
3390,199895486317,0.00
3391,199895486317,0.00
3392,199895486317,0.00
3393,81320577165,0.30
3394,199895486317,0.00
3395,199895486317,0.00
3396,199895486317,0.00
3397,252876320115,0.70
3398,199895486317,0.00
3399,155860603001,1.00
3400,199895486317,0.00
3401,79762681102,0.40
3402,199895486317,0.00
3403,199895486317,0.00
3404,199895486317,0.00
3405,252876320115,0.70
3406,199895486317,0.00
3407,199895486317,0.00
3408,199895486317,0.00
3409,1791197223,2.10
3410,79762681102,0.40
3411,1701182475,4.00
3412,199895486317,0.00
3413,199895486317,0.00
3414,199895486317,0.00
3415,748245431,3.00
3416,199895486317,0.00
3417,1701182475,4.00
3418,677366592,1.20
3419,199895486317,0.00
3420,748245431,3.00
3421,127069214941,0.60
3422,199895486317,0.00
3423,199895486317,0.00
3424,431208483,202.10
3425,2753079675,5.00
3426,44932091,631.50
3427,2873137166,1.30
3428,199895486317,0.00
3429,2873137166,1.30
3430,51097584,787.80
3431,252876320115,0.70
3432,199895486317,0.00
3433,199895486317,0.00
3434,2472456711,3.20
3435,65585937600,11.20
3436,59209263,767.40
3437,14744326110,5.40
3438,677366592,1.20
3439,199895486317,0.00
3440,199895486317,0.00
3441,155860603001,1.00
3442,748245431,3.00
3443,199895486317,0.00
3444,293402371733,0.80
3445,61030787637,0.10
3446,45097051,648.50
3447,10309316445,3.40
3448,199895486317,0.00
3449,199895486317,0.00
3450,535631760,1.50
3451,12355668247,5.70
3452,81320577165,0.30
3453,199895486317,0.00
3454,199895486317,0.00
3455,81320577165,0.30
3456,5613159221,2.90
3457,199895486317,0.00
3458,61030787637,0.10
3459,199895486317,0.00
3460,199895486317,0.00
3461,10562618771,15.00
3462,199895486317,0.00
3463,252876320115,0.70
3464,199895486317,0.00
3465,199895486317,0.00
3466,3800969038,2.20
3467,199895486317,0.00
3468,535432485,2.00
3469,10309316445,3.40
3470,748245431,3.00
3471,199895486317,0.00
3472,8008136044,7.50
3473,199895486317,0.00
3474,81320577165,0.30
3475,81320577165,0.30
3476,199895486317,0.00
3477,43477028,520.10
3478,199895486317,0.00
3479,199895486317,0.00
3480,51710064896,106.40
3481,2881544985,2.50
3482,79762681102,0.40
3483,175779130615,0.90
3484,127069214941,0.60
3485,3693659395,10.00
3486,199895486317,0.00
3487,199895486317,0.00
3488,66576646726,31.50
3489,199895486317,0.00
3490,26721151462,45.20
3491,535631760,1.50
3492,2472456711,3.20
3493,3839210065,1.40
3494,22386654783,5.50
3495,79089592254,22.20
3496,199895486317,0.00
3497,199895486317,0.00
3498,199895486317,0.00
3499,199895486317,0.00
3500,34907833,1648.40
3501,199895486317,0.00
3502,42177138,884.30
3503,199895486317,0.00
3504,61030787637,0.10
3505,252876320115,0.70
3506,81320577165,0.30
3507,199895486317,0.00
3508,199895486317,0.00
3509,42830671,652.70
3510,199895486317,0.00
3511,1704093886,3.10
3512,199895486317,0.00
3513,3356405678,1.10
3514,155860603001,1.00
3515,199895486317,0.00
3516,199895486317,0.00
3517,293402371733,0.80
3518,199895486317,0.00
3519,65585937600,11.20
3520,81320577165,0.30
3521,130824839582,9.50
3522,199895486317,0.00
3523,199895486317,0.00
3524,53540315593,4.70
3525,64873434191,0.20
3526,908455527,6.00
3527,199895486317,0.00
3528,2205030512,2.30
3529,64873434191,0.20
3530,37660103014,44.90
3531,199895486317,0.00
3532,122448517034,34.00
3533,199895486317,0.00
3534,199895486317,0.00
3535,19804091640,10.70
3536,61030787637,0.10
3537,535631760,1.50
3538,81320577165,0.30
3539,199895486317,0.00
3540,199895486317,0.00
3541,293402371733,0.80
3542,199895486317,0.00
3543,79762681102,0.40
3544,199895486317,0.00
3545,199895486317,0.00
3546,156252192,203.80
3547,81320577165,0.30
3548,199895486317,0.00
3549,199895486317,0.00
3550,43862537,1201.50
3551,677366592,1.20
3552,48854782,3852.80
3553,62609323,2941.50
3554,36464113,1195.10
3555,199895486317,0.00
3556,199895486317,0.00
3557,155860603001,1.00
3558,175779130615,0.90
3559,199895486317,0.00
3560,2361319851,3.30
3561,155860603001,1.00
3562,199895486317,0.00
3563,199895486317,0.00
3564,535432485,2.00
3565,30012310,553.70
3566,2205030512,2.30
3567,199895486317,0.00
3568,199895486317,0.00
3569,2472456711,3.20
3570,535432485,2.00
3571,199895486317,0.00
3572,199895486317,0.00
3573,175779130615,0.90
3574,199895486317,0.00
3575,199895486317,0.00
3576,81320577165,0.30
3577,156252192,203.80
3578,199895486317,0.00
3579,293402371733,0.80
3580,64873434191,0.20
3581,535432485,2.00
3582,199895486317,0.00
3583,199895486317,0.00
3584,106733495501,0.50
3585,79762681102,0.40
3586,81320577165,0.30
3587,81320577165,0.30
3588,3356405678,1.10
3589,40230608,1167.40
3590,5752938622,2.60
3591,199895486317,0.00
3592,34085190268,100.90
3593,199895486317,0.00
3594,199895486317,0.00
3595,199895486317,0.00
3596,199895486317,0.00
3597,535432485,2.00
3598,199895486317,0.00
3599,199895486317,0.00
3600,199895486317,0.00
3601,127069214941,0.60
3602,10033332565,5.30
3603,46324342,3452.30
3604,64873434191,0.20
3605,106733495501,0.50
3606,155860603001,1.00
3607,199895486317,0.00
3608,199895486317,0.00
3609,199895486317,0.00
3610,64873434191,0.20
3611,41360508,315.90
3612,16955251336,13.70
3613,748245431,3.00
3614,199895486317,0.00
3615,199895486317,0.00
3616,199895486317,0.00
3617,10791858303,10.20
3618,2361319851,3.30
3619,762107189,193.10
3620,535432485,2.00
3621,199895486317,0.00
3622,199895486317,0.00
3623,199895486317,0.00
3624,22328757837,12.00
3625,199895486317,0.00
3626,52234180,569.80
3627,45029864,1295.80
3628,748245431,3.00
3629,5752938622,2.60
3630,22328757837,12.00
3631,199895486317,0.00
3632,677366592,1.20
3633,199895486317,0.00
3634,199895486317,0.00
3635,199895486317,0.00
3636,748245431,3.00
3637,61030787637,0.10
3638,199895486317,0.00
3639,199895486317,0.00
3640,199895486317,0.00
3641,199895486317,0.00
3642,155860603001,1.00
3643,199895486317,0.00
3644,199895486317,0.00
3645,13363524374,3.50
3646,106733495501,0.50
3647,155860603001,1.00
3648,81320577165,0.30
3649,3356405678,1.10
3650,199895486317,0.00
3651,106733495501,0.50
3652,2873137166,1.30
3653,64873434191,0.20
3654,199895486317,0.00
3655,1701182475,4.00
3656,125242948,220.30
3657,106733495501,0.50
3658,155860603001,1.00
3659,79762681102,0.40
3660,199895486317,0.00
3661,908455527,6.00
3662,677366592,1.20
3663,199895486317,0.00
3664,61030787637,0.10
3665,199895486317,0.00
3666,199895486317,0.00
3667,199895486317,0.00
3668,199895486317,0.00
3669,63101219,869.40
3670,199895486317,0.00
3671,199895486317,0.00
3672,293402371733,0.80
3673,81320577165,0.30
3674,199895486317,0.00
3675,45094541,627.80
3676,199895486317,0.00
3677,199895486317,0.00
3678,81320577165,0.30
3679,40733714,357.20
3680,199895486317,0.00
3681,81320577165,0.30
3682,46879326,434.10
3683,79762681102,0.40
3684,199895486317,0.00
3685,3356405678,1.10
3686,252876320115,0.70
3687,127069214941,0.60
3688,64873434191,0.20
3689,81320577165,0.30
3690,199895486317,0.00
3691,81320577165,0.30
3692,81320577165,0.30
3693,199895486317,0.00
3694,20172976864,10.50
3695,65042232,2773.40
3696,199895486317,0.00
3697,50039995,5000.00
3698,199895486317,0.00
3699,199895486317,0.00
3700,79762681102,0.40
3701,199895486317,0.00
3702,133581238237,13.20
3703,175779130615,0.90
3704,38140373,346.10
3705,61030787637,0.10
3706,199895486317,0.00
3707,49156941,535.70
3708,61157747,376.20
3709,199895486317,0.00
3710,199895486317,0.00
3711,1791197223,2.10
3712,81320577165,0.30
3713,79762681102,0.40
3714,199895486317,0.00
3715,199895486317,0.00
3716,81320577165,0.30
3717,1791197223,2.10
3718,199895486317,0.00
3719,2318958306,1.80
3720,199895486317,0.00
3721,199895486317,0.00
3722,908455527,6.00
3723,64873434191,0.20
3724,1955963077,1.60
3725,2361319851,3.30
3726,199895486317,0.00
3727,66831690,864.10
3728,199895486317,0.00
3729,199895486317,0.00
3730,199895486317,0.00
3731,199895486317,0.00
3732,82053713434,22.10
3733,1704093886,3.10
3734,199895486317,0.00
3735,127069214941,0.60
3736,199895486317,0.00
3737,45547906,1426.90
3738,199895486317,0.00
3739,677366592,1.20
3740,908455527,6.00
3741,20472273234,7.40
3742,199895486317,0.00
3743,199895486317,0.00
3744,199895486317,0.00
3745,37472530,943.30
3746,79762681102,0.40
3747,199895486317,0.00
3748,199895486317,0.00
3749,293402371733,0.80
3750,199895486317,0.00
3751,36428877,321.10
3752,908455527,6.00
3753,199895486317,0.00
3754,199895486317,0.00
3755,4516018420,1.90
3756,199895486317,0.00
3757,79762681102,0.40
3758,1791197223,2.10
3759,677366592,1.20
3760,61030787637,0.10
3761,48530716,1807.30
3762,199895486317,0.00
3763,199895486317,0.00
3764,5205319732,2.40
3765,199895486317,0.00
3766,258519308206,12.60
3767,199895486317,0.00
3768,535432485,2.00
3769,199895486317,0.00
3770,81320577165,0.30
3771,199895486317,0.00
3772,40400387,554.80
3773,127069214941,0.60
3774,175779130615,0.90
3775,199895486317,0.00
3776,61030787637,0.10
3777,748245431,3.00
3778,199895486317,0.00
3779,677366592,1.20
3780,75887305,263.70
3781,51257799,1766.70
3782,199895486317,0.00
3783,64873434191,0.20
3784,535432485,2.00
3785,3121242162,4.20
3786,199895486317,0.00
3787,3383202034,2.70
3788,199895486317,0.00
3789,64873434191,0.20
3790,52391910,2267.70
3791,199895486317,0.00
3792,535432485,2.00
3793,47037737,4437.90
3794,61030787637,0.10
3795,3839210065,1.40
3796,199895486317,0.00
3797,199895486317,0.00
3798,155860603001,1.00
3799,127069214941,0.60
3800,199895486317,0.00
3801,1701182475,4.00
3802,127069214941,0.60
3803,199895486317,0.00
3804,748245431,3.00
3805,81320577165,0.30
3806,61030787637,0.10
3807,199895486317,0.00
3808,40290688145,10.80
3809,61030787637,0.10
3810,3356405678,1.10
3811,199895486317,0.00
3812,81320577165,0.30
3813,81320577165,0.30
3814,199895486317,0.00
3815,175779130615,0.90
3816,36547987,298.00
3817,41783282,1580.90
3818,81320577165,0.30
3819,199895486317,0.00
3820,199895486317,0.00
3821,252876320115,0.70
3822,13363524374,3.50
3823,53692219,475.30
3824,79762681102,0.40
3825,199895486317,0.00
3826,748245431,3.00
3827,61030787637,0.10
3828,199895486317,0.00
3829,199895486317,0.00
3830,199895486317,0.00
3831,199895486317,0.00
3832,199895486317,0.00
3833,199895486317,0.00
3834,748245431,3.00
3835,199895486317,0.00
3836,1701182475,4.00
3837,199895486317,0.00
3838,1701182475,4.00
3839,40399392,613.40
3840,100667851250,32.00
3841,46071075,634.70
3842,199895486317,0.00
3843,81320577165,0.30
3844,199895486317,0.00
3845,199895486317,0.00
3846,50582724,320.60
3847,1751942178,1.70
3848,535432485,2.00
3849,677366592,1.20
3850,535432485,2.00
3851,64873434191,0.20
3852,535631760,1.50
3853,57029925,3053.90
3854,199895486317,0.00
3855,3839210065,1.40
3856,535432485,2.00
3857,36016903,881.60
3858,199895486317,0.00
3859,199895486317,0.00
3860,199895486317,0.00
3861,199895486317,0.00
3862,50481778,1190.00
3863,46081069,388.80
3864,37930877070,47.50
3865,199895486317,0.00
3866,199895486317,0.00
3867,43470041,1566.20
3868,66342402,868.00
3869,199895486317,0.00
3870,199895486317,0.00
3871,57747337,389.30
3872,45466996362,21.10
3873,199895486317,0.00
3874,81320577165,0.30
3875,199895486317,0.00
3876,47365706,816.30
3877,58073492,680.30
3878,81320577165,0.30
3879,199895486317,0.00
3880,8624720865,5.80
3881,748245431,3.00
3882,43700742130,101.20
3883,17584325,1342.00
3884,908455527,6.00
3885,127069214941,0.60
3886,1372087200,185.20
3887,199895486317,0.00
3888,2361319851,3.30
3889,199895486317,0.00
3890,127069214941,0.60
3891,1791197223,2.10
3892,199895486317,0.00
3893,199895486317,0.00
3894,199895486317,0.00
3895,748245431,3.00
3896,81320577165,0.30
3897,199895486317,0.00
3898,199895486317,0.00
3899,199895486317,0.00
3900,199895486317,0.00
3901,199895486317,0.00
3902,199895486317,0.00
3903,199895486317,0.00
3904,199895486317,0.00
3905,199895486317,0.00
3906,199895486317,0.00
3907,8109457303,6.20
3908,199895486317,0.00
3909,199895486317,0.00
3910,199895486317,0.00
3911,535432485,2.00
3912,748245431,3.00
3913,199895486317,0.00
3914,43993655,1201.90
3915,3121242162,4.20
3916,199895486317,0.00
3917,199895486317,0.00
3918,199895486317,0.00
3919,199895486317,0.00
3920,8109457303,6.20
3921,199895486317,0.00
3922,155860603001,1.00
3923,3356405678,1.10
3924,293402371733,0.80
3925,199895486317,0.00
3926,41206005,808.80
3927,199895486317,0.00
3928,3383202034,2.70
3929,199895486317,0.00
3930,199895486317,0.00
3931,199895486317,0.00
3932,27769472,1936.70
3933,199895486317,0.00
3934,908455527,6.00
3935,199895486317,0.00
3936,81320577165,0.30
3937,199895486317,0.00
3938,199895486317,0.00
3939,199895486317,0.00
3940,50456651,466.00
3941,199895486317,0.00
3942,199895486317,0.00
3943,199895486317,0.00
3944,2318958306,1.80
3945,199895486317,0.00
3946,81320577165,0.30
3947,106733495501,0.50
3948,199895486317,0.00
3949,199895486317,0.00
3950,199895486317,0.00
3951,199895486317,0.00
3952,74242593433,8.80
3953,199895486317,0.00
3954,79762681102,0.40
3955,9754641018,4.30
3956,1955963077,1.60
3957,50039995,5000.00
3958,9327183942,4.80
3959,199895486317,0.00
3960,199895486317,0.00
3961,2472456711,3.20
3962,199895486317,0.00
3963,64873434191,0.20
3964,677366592,1.20
3965,199895486317,0.00
3966,199895486317,0.00
3967,199895486317,0.00
3968,175779130615,0.90
3969,81320577165,0.30
3970,535432485,2.00
3971,199895486317,0.00
3972,252876320115,0.70
3973,199895486317,0.00
3974,61030787637,0.10
3975,1701182475,4.00
3976,155860603001,1.00
3977,155860603001,1.00
3978,199895486317,0.00
3979,199895486317,0.00
3980,26516968398,6.40
3981,127069214941,0.60
3982,1751942178,1.70
3983,14457946897,141.50
3984,51654363,329.00
3985,199895486317,0.00
3986,199895486317,0.00
3987,199895486317,0.00
3988,155860603001,1.00
3989,81320577165,0.30
3990,199895486317,0.00
3991,199895486317,0.00
3992,155860603001,1.00
3993,199895486317,0.00
3994,81320577165,0.30
3995,199895486317,0.00
3996,29201640,1068.60
3997,64873434191,0.20
3998,57938561769,25.10
3999,5205319732,2.40
4000,106733495501,0.50
4001,22060715750,10.60
4002,199895486317,0.00
4003,36267560790,6.80
4004,199895486317,0.00
4005,2881544985,2.50
4006,127069214941,0.60
4007,199895486317,0.00
4008,127069214941,0.60
4009,199895486317,0.00
4010,81320577165,0.30
4011,199895486317,0.00
4012,199895486317,0.00
4013,81320577165,0.30
4014,199895486317,0.00
4015,64873434191,0.20
4016,199895486317,0.00
4017,199895486317,0.00
4018,199895486317,0.00
4019,57753827,591.00
4020,81320577165,0.30
4021,2881544985,2.50
4022,1955963077,1.60
4023,64873434191,0.20
4024,199895486317,0.00
4025,535432485,2.00
4026,175779130615,0.90
4027,199895486317,0.00
4028,26691848497,11.80
4029,199895486317,0.00
4030,535432485,2.00
4031,199895486317,0.00
4032,199895486317,0.00
4033,50039995,5000.00
4034,199895486317,0.00
4035,199895486317,0.00
4036,199895486317,0.00
4037,54183160,715.40
4038,106733495501,0.50
4039,199895486317,0.00
4040,199895486317,0.00
4041,199895486317,0.00
4042,199895486317,0.00
4043,37119347,267.20
4044,199895486317,0.00
4045,4335179551,3.90
4046,199895486317,0.00
4047,81320577165,0.30
4048,3800969038,2.20
4049,51101754,546.80
4050,199895486317,0.00
4051,5205319732,2.40
4052,13980702049,4.10
4053,199895486317,0.00
4054,2753079675,5.00
4055,127069214941,0.60
4056,199895486317,0.00
4057,79762681102,0.40
4058,17907771,1020.70
4059,2472456711,3.20
4060,79762681102,0.40
4061,1701182475,4.00
4062,2205030512,2.30
4063,748245431,3.00
4064,199895486317,0.00
4065,30884441,1571.30
4066,64873434191,0.20
4067,64873434191,0.20
4068,199895486317,0.00
4069,46586564,1329.70
4070,199895486317,0.00
4071,1751942178,1.70
4072,199895486317,0.00
4073,199895486317,0.00
4074,199895486317,0.00
4075,15952860451,6.60
4076,7654471945,2.80
4077,908455527,6.00
4078,79762681102,0.40
4079,199895486317,0.00
4080,199895486317,0.00
4081,199895486317,0.00
4082,52944459,1068.50
4083,2753079675,5.00
4084,677366592,1.20
4085,199895486317,0.00
4086,3356405678,1.10
4087,199895486317,0.00
4088,127069214941,0.60
4089,64873434191,0.20
4090,199895486317,0.00
4091,908455527,6.00
4092,79762681102,0.40
4093,199895486317,0.00
4094,79762681102,0.40
4095,34711365,2675.70
4096,199895486317,0.00
4097,677366592,1.20
4098,293402371733,0.80
4099,199895486317,0.00
4100,175779130615,0.90
4101,10791858303,10.20
4102,199895486317,0.00
4103,79762681102,0.40
4104,199895486317,0.00
4105,199895486317,0.00
4106,64873434191,0.20
4107,199895486317,0.00
4108,199895486317,0.00
4109,53016355714,32.40
4110,1791197223,2.10
4111,199895486317,0.00
4112,185910657,218.90
4113,106733495501,0.50
4114,199895486317,0.00
4115,199895486317,0.00
4116,2318958306,1.80
4117,199895486317,0.00
4118,64873434191,0.20
4119,59540275,475.40
4120,199895486317,0.00
4121,15023426722,9.40
4122,199895486317,0.00
4123,3839210065,1.40
4124,48660957,1288.70
4125,2881544985,2.50
4126,199895486317,0.00
4127,175779130615,0.90
4128,79762681102,0.40
4129,65813356,238.50
4130,748245431,3.00
4131,199895486317,0.00
4132,127069214941,0.60
4133,64873434191,0.20
4134,59364939,2255.50
4135,252876320115,0.70
4136,199895486317,0.00
4137,199895486317,0.00
4138,106733495501,0.50
4139,106733495501,0.50
4140,199895486317,0.00
4141,252876320115,0.70
4142,748245431,3.00
4143,199895486317,0.00
4144,10825188902,7.00
4145,199895486317,0.00
4146,81320577165,0.30
4147,199895486317,0.00
4148,199895486317,0.00
4149,3800969038,2.20
4150,6484196235,3.60
4151,3839210065,1.40
4152,199895486317,0.00
4153,127069214941,0.60
4154,3839210065,1.40
4155,199895486317,0.00
4156,64873434191,0.20
4157,1955963077,1.60
4158,199895486317,0.00
4159,155860603001,1.00
4160,3356405678,1.10
4161,199895486317,0.00
4162,199895486317,0.00
4163,61030787637,0.10
4164,155860603001,1.00
4165,199895486317,0.00
4166,61030787637,0.10
4167,79762681102,0.40
4168,199895486317,0.00
4169,62806905198,97.10
4170,61030787637,0.10
4171,106733495501,0.50
4172,199895486317,0.00
4173,61030787637,0.10
4174,199895486317,0.00
4175,293402371733,0.80
4176,101405329989,7.90
4177,81320577165,0.30
4178,127069214941,0.60
4179,199895486317,0.00
4180,111363519185,11.60
4181,64873434191,0.20
4182,52428044,342.10
4183,199895486317,0.00
4184,199895486317,0.00
4185,748245431,3.00
4186,199895486317,0.00
4187,199895486317,0.00
4188,6264020001,20.60
4189,61030787637,0.10
4190,106733495501,0.50
4191,199895486317,0.00
4192,61030787637,0.10
4193,61030787637,0.10
4194,199895486317,0.00
4195,535631760,1.50
4196,199895486317,0.00
4197,3356405678,1.10
4198,2472456711,3.20
4199,17907771,1020.70
4200,199895486317,0.00
4201,1704093886,3.10
4202,103787011081,12.40
4203,199895486317,0.00
4204,5205319732,2.40
4205,199895486317,0.00
4206,199895486317,0.00
4207,199895486317,0.00
4208,199895486317,0.00
4209,127069214941,0.60
4210,252876320115,0.70
4211,293402371733,0.80
4212,199895486317,0.00
4213,199895486317,0.00
4214,81320577165,0.30
4215,50039995,5000.00
4216,175779130615,0.90
4217,199895486317,0.00
4218,199895486317,0.00
4219,252876320115,0.70
4220,677366592,1.20
4221,175779130615,0.90
4222,1701182475,4.00
4223,121120821,228.30
4224,748245431,3.00
4225,199895486317,0.00
4226,2472456711,3.20
4227,199895486317,0.00
4228,66184124,948.80
4229,748245431,3.00
4230,4335179551,3.90
4231,175779130615,0.90
4232,39457729764,67.30
4233,61030787637,0.10
4234,535432485,2.00
4235,199895486317,0.00
4236,9868817475,150.80
4237,14744326110,5.40
4238,252876320115,0.70
4239,61030787637,0.10
4240,199895486317,0.00
4241,199895486317,0.00
4242,2873137166,1.30
4243,50616663,358.40
4244,15952860451,6.60
4245,199895486317,0.00
4246,64873434191,0.20
4247,5669912171,8.00
4248,175779130615,0.90
4249,199895486317,0.00
4250,677366592,1.20
4251,137780685424,24.50
4252,1955963077,1.60
4253,199895486317,0.00
4254,81320577165,0.30
4255,155860603001,1.00
4256,293402371733,0.80
4257,19629868917,14.00
4258,199895486317,0.00
4259,36207774,1134.00
4260,199895486317,0.00
4261,2361319851,3.30
4262,2753079675,5.00
4263,199895486317,0.00
4264,748245431,3.00
4265,65852268,4741.70
4266,81320577165,0.30
4267,2753079675,5.00
4268,1701182475,4.00
4269,64873434191,0.20
4270,199895486317,0.00
4271,46074581,637.30
4272,199895486317,0.00
4273,41392361911,14.30
4274,44572990,3497.00
4275,199895486317,0.00
4276,199895486317,0.00
4277,2205030512,2.30
4278,199895486317,0.00
4279,37243463,1651.00
4280,106733495501,0.50
4281,199895486317,0.00
4282,199895486317,0.00
4283,64873434191,0.20
4284,199895486317,0.00
4285,106733495501,0.50
4286,79762681102,0.40
4287,199895486317,0.00
4288,199895486317,0.00
4289,199895486317,0.00
4290,199895486317,0.00
4291,1955963077,1.60
4292,1751942178,1.70
4293,64873434191,0.20
4294,199895486317,0.00
4295,61030787637,0.10
4296,61030787637,0.10
4297,127069214941,0.60
4298,199895486317,0.00
4299,8663522153,20.00
4300,199895486317,0.00
4301,199895486317,0.00
4302,199895486317,0.00
4303,199895486317,0.00
4304,81320577165,0.30
4305,199895486317,0.00
4306,79762681102,0.40
4307,175779130615,0.90
4308,199895486317,0.00
4309,61030787637,0.10
4310,61030787637,0.10
4311,134057808867,17.70
4312,199895486317,0.00
4313,57013328562,6.70
4314,535432485,2.00
4315,199895486317,0.00
4316,10033332565,5.30
4317,64873434191,0.20
4318,2881544985,2.50
4319,199895486317,0.00
4320,33318286229,11.70
4321,64873434191,0.20
4322,64873434191,0.20
4323,6264020001,20.60
4324,49098957808,102.20
4325,199895486317,0.00
4326,199895486317,0.00
4327,199895486317,0.00
4328,199895486317,0.00
4329,199895486317,0.00
4330,199895486317,0.00
4331,199895486317,0.00
4332,1701182475,4.00
4333,199895486317,0.00
4334,199895486317,0.00
4335,8663522153,20.00
4336,79762681102,0.40
4337,155860603001,1.00
4338,199895486317,0.00
4339,81320577165,0.30
4340,199895486317,0.00
4341,1701182475,4.00
4342,10825188902,7.00
4343,199895486317,0.00
4344,199895486317,0.00
4345,199895486317,0.00
4346,81320577165,0.30
4347,9754641018,4.30
4348,1751942178,1.70
4349,199895486317,0.00
4350,64873434191,0.20
4351,199895486317,0.00
4352,155860603001,1.00
4353,45424380,390.60
4354,199895486317,0.00
4355,199895486317,0.00
4356,1751942178,1.70
4357,55315850,961.70
4358,199895486317,0.00
4359,199895486317,0.00
4360,10033332565,5.30
4361,44937248,665.80
4362,2873137166,1.30
4363,1704093886,3.10
4364,61030787637,0.10
4365,199895486317,0.00
4366,10791858303,10.20
4367,199895486317,0.00
4368,199895486317,0.00
4369,46327637,1173.60
4370,199895486317,0.00
4371,7351254841,11.00
4372,2205030512,2.30
4373,199895486317,0.00
4374,199895486317,0.00
4375,199895486317,0.00
4376,155860603001,1.00
4377,175779130615,0.90
4378,29010224072,6.90
4379,41392361911,14.30
4380,175779130615,0.90
4381,60019155,752.80
4382,199895486317,0.00
4383,64231377,2455.30
4384,199895486317,0.00
4385,199895486317,0.00
4386,3800969038,2.20
4387,81320577165,0.30
4388,199895486317,0.00
4389,199895486317,0.00
4390,64873434191,0.20
4391,106733495501,0.50
4392,127069214941,0.60
4393,163663757226,18.70
4394,1701182475,4.00
4395,48014199,943.50
4396,61030787637,0.10
4397,199895486317,0.00
4398,199895486317,0.00
4399,199895486317,0.00
4400,5788605390,5.20
4401,61030787637,0.10
4402,535432485,2.00
4403,199895486317,0.00
4404,535432485,2.00
4405,535631760,1.50
4406,79762681102,0.40
4407,199895486317,0.00
4408,199895486317,0.00
4409,26516968398,6.40
4410,199895486317,0.00
4411,3356405678,1.10
4412,199895486317,0.00
4413,199895486317,0.00
4414,43312384,382.50
4415,252876320115,0.70
4416,81320577165,0.30
4417,79762681102,0.40
4418,199895486317,0.00
4419,199895486317,0.00
4420,199895486317,0.00
4421,199895486317,0.00
4422,199895486317,0.00
4423,199895486317,0.00
4424,199895486317,0.00
4425,64873434191,0.20
4426,1955963077,1.60
4427,199895486317,0.00
4428,199895486317,0.00
4429,199895486317,0.00
4430,106733495501,0.50
4431,3356405678,1.10
4432,199895486317,0.00
4433,3693659395,10.00
4434,199895486317,0.00
4435,33608856,1437.10
4436,3823961979,4.40
4437,199895486317,0.00
4438,2873137166,1.30
4439,50998336,1511.90
4440,1791197223,2.10
4441,127069214941,0.60
4442,64873434191,0.20
4443,79762681102,0.40
4444,61030787637,0.10
4445,34388937,1799.10
4446,47207460,887.50
4447,199895486317,0.00
4448,199895486317,0.00
4449,40227840,1277.80
4450,175779130615,0.90
4451,65951881599,11.30
4452,199895486317,0.00
4453,61030787637,0.10
4454,2881544985,2.50
4455,79762681102,0.40
4456,199895486317,0.00
4457,199895486317,0.00
4458,28029847,1168.50
4459,199895486317,0.00
4460,199895486317,0.00
4461,199895486317,0.00
4462,59912682689,13.60
4463,2472456711,3.20
4464,51884431737,96.90
4465,199895486317,0.00
4466,199895486317,0.00
4467,40290688145,10.80
4468,199895486317,0.00
4469,199895486317,0.00
4470,106733495501,0.50
4471,199895486317,0.00
4472,535432485,2.00
4473,127069214941,0.60
4474,64873434191,0.20
4475,1701182475,4.00
4476,199895486317,0.00
4477,199895486317,0.00
4478,199895486317,0.00
4479,79762681102,0.40
4480,81320577165,0.30
4481,677366592,1.20
4482,199895486317,0.00
4483,21185770428,64.00
4484,81320577165,0.30
4485,127069214941,0.60
4486,199895486317,0.00
4487,81320577165,0.30
4488,5752938622,2.60
4489,199895486317,0.00
4490,3356405678,1.10
4491,2205030512,2.30
4492,52553908,1205.00
4493,199895486317,0.00
4494,127069214941,0.60
4495,10825188902,7.00
4496,8868913657,9.00
4497,3356405678,1.10
4498,57744112347,30.60
4499,199895486317,0.00
4500,199895486317,0.00
4501,199895486317,0.00
4502,50039995,5000.00
4503,47884835,1172.50
4504,199895486317,0.00
4505,64873434191,0.20
4506,199895486317,0.00
4507,2205030512,2.30
4508,127069214941,0.60
4509,61030787637,0.10
4510,199895486317,0.00
4511,38608884,971.80
4512,908455527,6.00
4513,677366592,1.20
4514,175779130615,0.90
4515,677366592,1.20
4516,199895486317,0.00
4517,45807362,1204.30
4518,22328757837,12.00
4519,535631760,1.50
4520,199895486317,0.00
4521,199895486317,0.00
4522,199895486317,0.00
4523,199895486317,0.00
4524,199895486317,0.00
4525,252876320115,0.70
4526,293402371733,0.80
4527,748245431,3.00
4528,127069214941,0.60
4529,199895486317,0.00
4530,22328757837,12.00
4531,106733495501,0.50
4532,155860603001,1.00
4533,127069214941,0.60
4534,293402371733,0.80
4535,64873434191,0.20
4536,127069214941,0.60
4537,199895486317,0.00
4538,199895486317,0.00
4539,199895486317,0.00
4540,155860603001,1.00
4541,199895486317,0.00
4542,81320577165,0.30
4543,51591293313,62.30
4544,2205030512,2.30
4545,199895486317,0.00
4546,199895486317,0.00
4547,33094081,1146.10
4548,677366592,1.20
4549,535432485,2.00
4550,81320577165,0.30
4551,81320577165,0.30
4552,293402371733,0.80
4553,13118920073,144.40
4554,199895486317,0.00
4555,175779130615,0.90
4556,199895486317,0.00
4557,3425424948,3.70
4558,199895486317,0.00
4559,155860603001,1.00
4560,199895486317,0.00
4561,35192087042,9.30
4562,199895486317,0.00
4563,199895486317,0.00
4564,199895486317,0.00
4565,64873434191,0.20
4566,199895486317,0.00
4567,199895486317,0.00
4568,199895486317,0.00
4569,106733495501,0.50
4570,199895486317,0.00
4571,20420313185,10.30
4572,199895486317,0.00
4573,199895486317,0.00
4574,199895486317,0.00
4575,199895486317,0.00
4576,199895486317,0.00
4577,61030787637,0.10
4578,2873137166,1.30
4579,61030787637,0.10
4580,199895486317,0.00
4581,1751942178,1.70
4582,66242071,246.10
4583,199895486317,0.00
4584,908455527,6.00
4585,8868913657,9.00
4586,3425424948,3.70
4587,106733495501,0.50
4588,199895486317,0.00
4589,155860603001,1.00
4590,106733495501,0.50
4591,199895486317,0.00
4592,535631760,1.50
4593,64873434191,0.20
4594,2361319851,3.30
4595,199895486317,0.00
4596,199895486317,0.00
4597,677366592,1.20
4598,199895486317,0.00
4599,199895486317,0.00
4600,3693659395,10.00
4601,199895486317,0.00
4602,127069214941,0.60
4603,199895486317,0.00
4604,64873434191,0.20
4605,199895486317,0.00
4606,79762681102,0.40
4607,61030787637,0.10
4608,2472456711,3.20
4609,64873434191,0.20
4610,1751942178,1.70
4611,127069214941,0.60
4612,199895486317,0.00
4613,56937869,654.00
4614,535432485,2.00
4615,3356405678,1.10
4616,199895486317,0.00
4617,199895486317,0.00
4618,293402371733,0.80
4619,199895486317,0.00
4620,199895486317,0.00
4621,51943452,257.00
4622,64873434191,0.20
4623,127069214941,0.60
4624,199895486317,0.00
4625,199895486317,0.00
4626,81320577165,0.30
4627,46296084369,44.40
4628,127069214941,0.60
4629,199895486317,0.00
4630,37639395,509.50
4631,199895486317,0.00
4632,199895486317,0.00
4633,3121242162,4.20
4634,199895486317,0.00
4635,535432485,2.00
4636,199895486317,0.00
4637,199895486317,0.00
4638,12355668247,5.70
4639,15023426722,9.40
4640,64873434191,0.20
4641,199895486317,0.00
4642,199895486317,0.00
4643,535432485,2.00
4644,3839210065,1.40
4645,199895486317,0.00
4646,81320577165,0.30
4647,199895486317,0.00
4648,199895486317,0.00
4649,199895486317,0.00
4650,199895486317,0.00
4651,199895486317,0.00
4652,199895486317,0.00
4653,3823961979,4.40
4654,155860603001,1.00
4655,293402371733,0.80
4656,155860603001,1.00
4657,199895486317,0.00
4658,199895486317,0.00
4659,293402371733,0.80
4660,64873434191,0.20
4661,199895486317,0.00
4662,199895486317,0.00
4663,199895486317,0.00
4664,81320577165,0.30
4665,127069214941,0.60
4666,199895486317,0.00
4667,60559712,289.10
4668,73294201810,32.30
4669,79762681102,0.40
4670,199895486317,0.00
4671,64873434191,0.20
4672,199895486317,0.00
4673,81320577165,0.30
4674,199895486317,0.00
4675,199895486317,0.00
4676,3693659395,10.00
4677,199895486317,0.00
4678,37956741,2302.10
4679,175779130615,0.90
4680,81320577165,0.30
4681,3383202034,2.70
4682,199895486317,0.00
4683,199895486317,0.00
4684,199895486317,0.00
4685,3693659395,10.00
4686,81320577165,0.30
4687,55861310,3886.40
4688,79762681102,0.40
4689,81320577165,0.30
4690,199895486317,0.00
4691,199895486317,0.00
4692,535432485,2.00
4693,127069214941,0.60
4694,199895486317,0.00
4695,199895486317,0.00
4696,81320577165,0.30
4697,199895486317,0.00
4698,199895486317,0.00
4699,1156207530,188.00
4700,127069214941,0.60
4701,1791197223,2.10
4702,199895486317,0.00
4703,252876320115,0.70
4704,51918198399,70.40
4705,199895486317,0.00
4706,199895486317,0.00
4707,199895486317,0.00
4708,199895486317,0.00
4709,37893127,1683.00
4710,180430048,218.70
4711,36010778,736.30
4712,147279197106,45.00
4713,199895486317,0.00
4714,199895486317,0.00
4715,748245431,3.00
4716,22386654783,5.50
4717,1955963077,1.60
4718,127069214941,0.60
4719,20472273234,7.40
4720,199895486317,0.00
4721,10791858303,10.20
4722,79762681102,0.40
4723,127069214941,0.60
4724,199895486317,0.00
4725,5752938622,2.60
4726,2472456711,3.20
4727,199895486317,0.00
4728,535432485,2.00
4729,199895486317,0.00
4730,199895486317,0.00
4731,199895486317,0.00
4732,535432485,2.00
4733,199895486317,0.00
4734,748245431,3.00
4735,55975022,383.90
4736,81320577165,0.30
4737,64873434191,0.20
4738,61030787637,0.10
4739,199895486317,0.00
4740,5669912171,8.00
4741,199895486317,0.00
4742,199895486317,0.00
4743,199895486317,0.00
4744,199895486317,0.00
4745,199895486317,0.00
4746,34129649,1407.90
4747,7846983682,30.00
4748,106733495501,0.50
4749,3383202034,2.70
4750,64873434191,0.20
4751,199895486317,0.00
4752,199895486317,0.00
4753,535432485,2.00
4754,61030787637,0.10
4755,199895486317,0.00
4756,199895486317,0.00
4757,199895486317,0.00
4758,31535703,1072.90
4759,106733495501,0.50
4760,199895486317,0.00
4761,52232610,380.40
4762,106733495501,0.50
4763,50039995,5000.00
4764,175779130615,0.90
4765,199895486317,0.00
4766,50740774,1133.50
4767,11132852060,6.10
4768,199895486317,0.00
4769,199895486317,0.00
4770,199895486317,0.00
4771,1955963077,1.60
4772,50289173,742.70
4773,1751942178,1.70
4774,199895486317,0.00
4775,81320577165,0.30
4776,81320577165,0.30
4777,3356405678,1.10
4778,199895486317,0.00
4779,81320577165,0.30
4780,13363524374,3.50
4781,199895486317,0.00
4782,199895486317,0.00
4783,199895486317,0.00
4784,252876320115,0.70
4785,199895486317,0.00
4786,62777240,888.00
4787,748245431,3.00
4788,64873434191,0.20
4789,293402371733,0.80
4790,199895486317,0.00
4791,535631760,1.50
4792,106733495501,0.50
4793,50039995,5000.00
4794,12473548098,6.50
4795,2881544985,2.50
4796,199895486317,0.00
4797,81320577165,0.30
4798,293402371733,0.80
4799,127069214941,0.60
4800,19804091640,10.70
4801,79762681102,0.40
4802,39417846,895.50
4803,199895486317,0.00
4804,2753079675,5.00
4805,127069214941,0.60
4806,199895486317,0.00
4807,81320577165,0.30
4808,252876320115,0.70
4809,199895486317,0.00
4810,199895486317,0.00
4811,199895486317,0.00
4812,199895486317,0.00
4813,81320577165,0.30
4814,1955963077,1.60
4815,199895486317,0.00
4816,21185770428,64.00
4817,81320577165,0.30
4818,199895486317,0.00
4819,199895486317,0.00
4820,79762681102,0.40
4821,81320577165,0.30
4822,252876320115,0.70
4823,64873434191,0.20
4824,199895486317,0.00
4825,199895486317,0.00
4826,199895486317,0.00
4827,3839210065,1.40
4828,199895486317,0.00
4829,7654471945,2.80
4830,199895486317,0.00
4831,54053817,308.20
4832,64873434191,0.20
4833,41396078,1549.20
4834,199895486317,0.00
4835,199895486317,0.00
4836,99553816,245.30
4837,199895486317,0.00
4838,2753079675,5.00
4839,199895486317,0.00
4840,64873434191,0.20
4841,199895486317,0.00
4842,175779130615,0.90
4843,81320577165,0.30
4844,1701182475,4.00
4845,199895486317,0.00
4846,908455527,6.00
4847,5752938622,2.60
4848,199895486317,0.00
4849,61030787637,0.10
4850,199895486317,0.00
4851,127069214941,0.60
4852,199895486317,0.00
4853,64873434191,0.20
4854,127069214941,0.60
4855,79762681102,0.40
4856,50039995,5000.00
4857,199895486317,0.00
4858,12138563020,21.00
4859,64873434191,0.20
4860,65787901,3621.30
4861,1751942178,1.70
4862,175779130615,0.90
4863,60348902,392.20
4864,155860603001,1.00
4865,81320577165,0.30
4866,199895486317,0.00
4867,11132852060,6.10
4868,199895486317,0.00
4869,199895486317,0.00
4870,2205030512,2.30
4871,2889121233,4.60
4872,199895486317,0.00
4873,199895486317,0.00
4874,1791197223,2.10
4875,155860603001,1.00
4876,15262609751,7.20
4877,199895486317,0.00
4878,199895486317,0.00
4879,10309316445,3.40
4880,175779130615,0.90
4881,79762681102,0.40
4882,2873137166,1.30
4883,199895486317,0.00
4884,199895486317,0.00
4885,127069214941,0.60
4886,199895486317,0.00
4887,199895486317,0.00
4888,61802103,499.20
4889,22639997474,41.00
4890,199895486317,0.00
4891,199895486317,0.00
4892,252876320115,0.70
4893,64873434191,0.20
4894,199895486317,0.00
4895,81320577165,0.30
4896,199895486317,0.00
4897,199895486317,0.00
4898,252876320115,0.70
4899,199895486317,0.00
4900,5752938622,2.60
4901,81320577165,0.30
4902,64873434191,0.20
4903,175779130615,0.90
4904,199895486317,0.00
4905,78425059250,11.50
4906,20472273234,7.40
4907,199895486317,0.00
4908,46714285,1595.60
4909,155860603001,1.00
4910,79762681102,0.40
4911,17026247157,126.70
4912,677366592,1.20
4913,62576240487,30.90
4914,1791197223,2.10
4915,127069214941,0.60
4916,1877519244,176.70
4917,199895486317,0.00
4918,81320577165,0.30
4919,199895486317,0.00
4920,535432485,2.00
4921,199895486317,0.00
4922,217066887969,15.60
4923,127069214941,0.60
4924,199895486317,0.00
4925,2753079675,5.00
4926,252876320115,0.70
4927,199895486317,0.00
4928,41213390,428.70
4929,199895486317,0.00
4930,52722414,666.30
4931,47855564,534.20
4932,2361319851,3.30
4933,199895486317,0.00
4934,61641738,536.60
4935,127069214941,0.60
4936,60532820,3332.10
4937,175779130615,0.90
4938,3425424948,3.70
4939,252876320115,0.70
4940,127069214941,0.60
4941,199895486317,0.00
4942,81320577165,0.30
4943,50039995,5000.00
4944,1791197223,2.10
4945,81320577165,0.30
4946,106733495501,0.50
4947,199895486317,0.00
4948,748245431,3.00
4949,155860603001,1.00
4950,6484196235,3.60
4951,199895486317,0.00
4952,199895486317,0.00
4953,748245431,3.00
4954,199895486317,0.00
4955,199895486317,0.00
4956,8663522153,20.00
4957,199895486317,0.00
4958,65206427,2023.80
4959,175779130615,0.90
4960,81320577165,0.30
4961,127069214941,0.60
4962,199895486317,0.00
4963,1701182475,4.00
4964,106733495501,0.50
4965,53850187,2570.80
4966,3839210065,1.40
4967,2753079675,5.00
4968,199895486317,0.00
4969,199895486317,0.00
4970,199895486317,0.00
4971,748245431,3.00
4972,63423378,935.20
4973,64873434191,0.20
4974,677366592,1.20
4975,199895486317,0.00
4976,127069214941,0.60
4977,64873434191,0.20
4978,199895486317,0.00
4979,64873434191,0.20
4980,199895486317,0.00
4981,293402371733,0.80
4982,1701182475,4.00
4983,3693659395,10.00
4984,79762681102,0.40
4985,155860603001,1.00
4986,199895486317,0.00
4987,748245431,3.00
4988,64873434191,0.20
4989,199895486317,0.00
4990,106733495501,0.50
4991,61030787637,0.10
4992,748245431,3.00
4993,199895486317,0.00
4994,16955251336,13.70
4995,535631760,1.50
4996,535432485,2.00
4997,32580246231,12.80
4998,535631760,1.50
4999,8663522153,20.00
5000,81320577165,0.30
5001,199895486317,0.00
5002,9870444588,149.20
5003,199895486317,0.00
5004,677366592,1.20
5005,2472456711,3.20
5006,199895486317,0.00
5007,106733495501,0.50
5008,54175078,2701.90
5009,748245431,3.00
5010,50039995,5000.00
5011,61030787637,0.10
5012,111363519185,11.60
5013,61030787637,0.10
5014,199895486317,0.00
5015,32183065,1012.20
5016,199895486317,0.00
5017,81320577165,0.30
5018,3229798887,164.70
5019,81320577165,0.30
5020,199895486317,0.00
5021,8868913657,9.00
5022,748245431,3.00
5023,199895486317,0.00
5024,2472456711,3.20
5025,199895486317,0.00
5026,199895486317,0.00
5027,155860603001,1.00
5028,199895486317,0.00
5029,5669912171,8.00
5030,81320577165,0.30
5031,535432485,2.00
5032,908455527,6.00
5033,252876320115,0.70
5034,79762681102,0.40
5035,16667145824,61.30
5036,175779130615,0.90
5037,199895486317,0.00
5038,199895486317,0.00
5039,293402371733,0.80
5040,175779130615,0.90
5041,64873434191,0.20
5042,155860603001,1.00
5043,55806827,622.10
5044,64873434191,0.20
5045,61030787637,0.10
5046,199895486317,0.00
5047,81320577165,0.30
5048,22060715750,10.60
5049,199895486317,0.00
5050,59754147,3458.40
5051,199895486317,0.00
5052,199895486317,0.00
5053,98100824401,24.00
5054,33739128,1139.00
5055,26559090513,18.00
5056,199895486317,0.00
5057,81320577165,0.30
5058,1955963077,1.60
5059,54020276,826.90
5060,199895486317,0.00
5061,64873434191,0.20
5062,908455527,6.00
5063,252876320115,0.70
5064,199895486317,0.00
5065,12355668247,5.70
5066,199895486317,0.00
5067,199895486317,0.00
5068,535432485,2.00
5069,199895486317,0.00
5070,1701182475,4.00
5071,748245431,3.00
5072,81320577165,0.30
5073,199895486317,0.00
5074,908455527,6.00
5075,64873434191,0.20
5076,106733495501,0.50
5077,40081826,359.60
5078,155860603001,1.00
5079,199895486317,0.00
5080,199895486317,0.00
5081,199895486317,0.00
5082,199895486317,0.00
5083,199895486317,0.00
5084,293402371733,0.80
5085,199895486317,0.00
5086,64873434191,0.20
5087,199895486317,0.00
5088,199895486317,0.00
5089,199895486317,0.00
5090,81320577165,0.30
5091,3121242162,4.20
5092,199895486317,0.00
5093,199895486317,0.00
5094,59906300129,79.10
5095,199895486317,0.00
5096,106733495501,0.50
5097,199895486317,0.00
5098,199895486317,0.00
5099,3356405678,1.10
5100,199895486317,0.00
5101,336789707,205.00
5102,56130347,554.50
5103,40826105320,35.50
5104,199895486317,0.00
5105,1955963077,1.60
5106,748245431,3.00
5107,45546122,3510.30
5108,199895486317,0.00
5109,199895486317,0.00
5110,5752938622,2.60
5111,199895486317,0.00
5112,64873434191,0.20
5113,199895486317,0.00
5114,8663522153,20.00
5115,199895486317,0.00
5116,199895486317,0.00
5117,199895486317,0.00
5118,51823579724,12.20
5119,1751942178,1.70
5120,35192087042,9.30
5121,155860603001,1.00
5122,199895486317,0.00
5123,64873434191,0.20
5124,199895486317,0.00
5125,199895486317,0.00
5126,199895486317,0.00
5127,252876320115,0.70
5128,3121242162,4.20
5129,3693659395,10.00
5130,37243920,1665.00
5131,155860603001,1.00
5132,199895486317,0.00
5133,199895486317,0.00
5134,64873434191,0.20
5135,66183716,513.90
5136,293402371733,0.80
5137,199895486317,0.00
5138,199895486317,0.00
5139,14208606605,20.20
5140,10791858303,10.20
5141,38938242,605.30
5142,199895486317,0.00
5143,199895486317,0.00
5144,535631760,1.50
5145,10825188902,7.00
5146,127069214941,0.60
5147,199895486317,0.00
5148,55482199,701.00
5149,199895486317,0.00
5150,199895486317,0.00
5151,68123480,3566.20
5152,81320577165,0.30
5153,199895486317,0.00
5154,199895486317,0.00
5155,199895486317,0.00
5156,81320577165,0.30
5157,79762681102,0.40
5158,127069214941,0.60
5159,199895486317,0.00
5160,127069214941,0.60
5161,61030787637,0.10
5162,79762681102,0.40
5163,199895486317,0.00
5164,199895486317,0.00
5165,199895486317,0.00
5166,5205319732,2.40
5167,199895486317,0.00
5168,3425424948,3.70
5169,199895486317,0.00
5170,155860603001,1.00
5171,5205319732,2.40
5172,155860603001,1.00
5173,2889121233,4.60
5174,81320577165,0.30
5175,199895486317,0.00
5176,175779130615,0.90
5177,64873434191,0.20
5178,23278440,694.10
5179,199895486317,0.00
5180,748245431,3.00
5181,81320577165,0.30
5182,81320577165,0.30
5183,3356405678,1.10
5184,106733495501,0.50
5185,199895486317,0.00
5186,199895486317,0.00
5187,3693659395,10.00
5188,4335179551,3.90
5189,62396739322,15.70
5190,199895486317,0.00
5191,64873434191,0.20
5192,61153797,644.90
5193,199895486317,0.00
5194,5752938622,2.60
5195,3121242162,4.20
5196,199895486317,0.00
5197,199895486317,0.00
5198,127069214941,0.60
5199,199895486317,0.00
5200,199895486317,0.00
5201,293402371733,0.80
5202,155860603001,1.00
5203,748245431,3.00
5204,39256764,560.80
5205,3839210065,1.40
5206,53526021,3736.20
5207,127069214941,0.60
5208,199895486317,0.00
5209,22328757837,12.00
5210,199895486317,0.00
5211,199895486317,0.00
5212,199895486317,0.00
5213,199895486317,0.00
5214,183939316805,7.10
5215,1751942178,1.70
5216,199895486317,0.00
5217,199895486317,0.00
5218,199895486317,0.00
5219,2318958306,1.80
5220,293402371733,0.80
5221,199895486317,0.00
5222,155860603001,1.00
5223,127069214941,0.60
5224,199895486317,0.00
5225,535432485,2.00
5226,199895486317,0.00
5227,127069214941,0.60
5228,2873137166,1.30
5229,155860603001,1.00
5230,19052355309,8.30
5231,64873434191,0.20
5232,199895486317,0.00
5233,199895486317,0.00
5234,199895486317,0.00
5235,175779130615,0.90
5236,49480148,392.00
5237,42336460,2020.80
5238,199895486317,0.00
5239,908455527,6.00
5240,79762681102,0.40
5241,199895486317,0.00
5242,677366592,1.20
5243,199895486317,0.00
5244,18868249031,6.30
5245,155860603001,1.00
5246,47883075,1130.60
5247,49962505,400.60
5248,79762681102,0.40
5249,199895486317,0.00
5250,81320577165,0.30
5251,293402371733,0.80
5252,199895486317,0.00
5253,36850627175,68.50
5254,81320577165,0.30
5255,535432485,2.00
5256,199895486317,0.00
5257,199895486317,0.00
5258,199895486317,0.00
5259,79762681102,0.40
5260,56454628,743.90
5261,199895486317,0.00
5262,199895486317,0.00
5263,175779130615,0.90
5264,54991705,443.20
5265,64873434191,0.20
5266,199895486317,0.00
5267,199895486317,0.00
5268,199895486317,0.00
5269,199895486317,0.00
5270,57013328562,6.70
5271,199895486317,0.00
5272,199895486317,0.00
5273,199895486317,0.00
5274,64873434191,0.20
5275,81320577165,0.30
5276,199895486317,0.00
5277,199895486317,0.00
5278,56455845,689.70
5279,199895486317,0.00
5280,199895486317,0.00
5281,64873434191,0.20
5282,3383202034,2.70
5283,748245431,3.00
5284,677366592,1.20
5285,3800969038,2.20
5286,5205319732,2.40
5287,199895486317,0.00
5288,199895486317,0.00
5289,199895486317,0.00
5290,3425424948,3.70
5291,127069214941,0.60
5292,199895486317,0.00
5293,106733495501,0.50
5294,66316337854,8.10
5295,81320577165,0.30
5296,199895486317,0.00
5297,199895486317,0.00
5298,2873137166,1.30
5299,199895486317,0.00
5300,22386654783,5.50
5301,160644869,221.90
5302,53209147,874.20
5303,677366592,1.20
5304,37634384,585.60
5305,9754641018,4.30
5306,199895486317,0.00
5307,199895486317,0.00
5308,199895486317,0.00
5309,168373283448,8.50
5310,199895486317,0.00
5311,199895486317,0.00
5312,79762681102,0.40
5313,18868249031,6.30
5314,535432485,2.00
5315,39417281,627.10
5316,199895486317,0.00
5317,64873434191,0.20
5318,199895486317,0.00
5319,199895486317,0.00
5320,199895486317,0.00
5321,44118606,2617.70
5322,61030787637,0.10
5323,81320577165,0.30
5324,199895486317,0.00
5325,81320577165,0.30
5326,106733495501,0.50
5327,199895486317,0.00
5328,64873434191,0.20
5329,199895486317,0.00
5330,67977544,275.80
5331,677366592,1.20
5332,199895486317,0.00
5333,199895486317,0.00
5334,677366592,1.20
5335,199895486317,0.00
5336,3839210065,1.40
5337,127069214941,0.60
5338,2873137166,1.30
5339,199895486317,0.00
5340,77331222,247.10
5341,155860603001,1.00
5342,199895486317,0.00
5343,199895486317,0.00
5344,535432485,2.00
5345,199895486317,0.00
5346,199895486317,0.00
5347,199895486317,0.00
5348,199895486317,0.00
5349,199895486317,0.00
5350,199895486317,0.00
5351,199895486317,0.00
5352,61030787637,0.10
5353,8109457303,6.20
5354,199895486317,0.00
5355,199895486317,0.00
5356,199895486317,0.00
5357,79762681102,0.40
5358,199895486317,0.00
5359,64873434191,0.20
5360,535432485,2.00
5361,199895486317,0.00
5362,199895486317,0.00
5363,199895486317,0.00
5364,199895486317,0.00
5365,15262609751,7.20
5366,199895486317,0.00
5367,155860603001,1.00
5368,64873434191,0.20
5369,5613159221,2.90
5370,535432485,2.00
5371,199895486317,0.00
5372,199895486317,0.00
5373,127069214941,0.60
5374,199895486317,0.00
5375,70459530,3201.80
5376,127069214941,0.60
5377,199895486317,0.00
5378,199895486317,0.00
5379,199895486317,0.00
5380,199895486317,0.00
5381,199895486317,0.00
5382,199895486317,0.00
5383,199895486317,0.00
5384,199895486317,0.00
5385,4839275026,5.60
5386,81320577165,0.30
5387,4516018420,1.90
5388,1701182475,4.00
5389,81320577165,0.30
5390,3121242162,4.20
5391,199895486317,0.00
5392,199895486317,0.00
5393,199895486317,0.00
5394,1701182475,4.00
5395,67014240,319.40
5396,127069214941,0.60
5397,199895486317,0.00
5398,155860603001,1.00
5399,199895486317,0.00
5400,81320577165,0.30
5401,199895486317,0.00
5402,199895486317,0.00
5403,199895486317,0.00
5404,199895486317,0.00
5405,2873137166,1.30
5406,199895486317,0.00
5407,199895486317,0.00
5408,199895486317,0.00
5409,1701182475,4.00
5410,199895486317,0.00
5411,82238770126,36.00
5412,10791858303,10.20
5413,41786260,1613.00
5414,35045964211,8.40
5415,3121242162,4.20
5416,677366592,1.20
5417,199895486317,0.00
5418,64873434191,0.20
5419,199895486317,0.00
5420,79762681102,0.40
5421,199895486317,0.00
5422,3121242162,4.20
5423,199895486317,0.00
5424,64873434191,0.20
5425,61030787637,0.10
5426,64873434191,0.20
5427,106733495501,0.50
5428,199895486317,0.00
5429,8868913657,9.00
5430,199895486317,0.00
5431,29600253009,42.40
5432,199895486317,0.00
5433,106733495501,0.50
5434,199895486317,0.00
5435,61030787637,0.10
5436,199895486317,0.00
5437,199895486317,0.00
5438,199895486317,0.00
5439,1751942178,1.70
5440,26384521500,4.90
5441,2881544985,2.50
5442,23187038600,7.60
5443,199895486317,0.00
5444,2881544985,2.50
5445,199895486317,0.00
5446,199895486317,0.00
5447,81320577165,0.30
5448,199895486317,0.00
5449,40016005265,20.40
5450,535631760,1.50
5451,199895486317,0.00
5452,1701182475,4.00
5453,1224575057,183.80
5454,81320577165,0.30
5455,85693879,240.60
5456,64873434191,0.20
5457,199895486317,0.00
5458,8663522153,20.00
5459,535631760,1.50
5460,44183894879,24.70
5461,677366592,1.20
5462,2318958306,1.80
5463,199895486317,0.00
5464,199895486317,0.00
5465,199895486317,0.00
5466,199895486317,0.00
5467,11115964107,40.00
5468,199895486317,0.00
5469,535432485,2.00
5470,37640227,433.30
5471,199895486317,0.00
5472,5752938622,2.60
5473,199895486317,0.00
5474,199895486317,0.00
5475,177325644400,18.20
5476,81320577165,0.30
5477,199895486317,0.00
5478,199895486317,0.00
5479,199895486317,0.00
5480,199895486317,0.00
5481,199895486317,0.00
5482,175779130615,0.90
5483,199895486317,0.00
5484,199895486317,0.00
5485,106733495501,0.50
5486,41524204,2620.00
5487,199895486317,0.00
5488,199895486317,0.00
5489,252876320115,0.70
5490,677366592,1.20
5491,199895486317,0.00
5492,199895486317,0.00
5493,199895486317,0.00
5494,199895486317,0.00
5495,535631760,1.50
5496,106733495501,0.50
5497,127069214941,0.60
5498,199895486317,0.00
5499,40712829,2745.60
5500,33342637332,119.50
5501,64873434191,0.20
5502,1751942178,1.70
5503,535432485,2.00
5504,127069214941,0.60
5505,36823965,648.20
5506,2881544985,2.50
5507,5205319732,2.40
5508,51713261385,5.90
5509,199895486317,0.00
5510,13980702049,4.10
5511,535432485,2.00
5512,199895486317,0.00
5513,106733495501,0.50
5514,252876320115,0.70
5515,199895486317,0.00
5516,81320577165,0.30
5517,199895486317,0.00
5518,199895486317,0.00
5519,79762681102,0.40
5520,199895486317,0.00
5521,199895486317,0.00
5522,199895486317,0.00
5523,10791858303,10.20
5524,199895486317,0.00
5525,908455527,6.00
5526,2881544985,2.50
5527,535432485,2.00
5528,199895486317,0.00
5529,127069214941,0.60
5530,199895486317,0.00
5531,20420313185,10.30
5532,3839210065,1.40
5533,199895486317,0.00
5534,199895486317,0.00
5535,155860603001,1.00
5536,199895486317,0.00
5537,535631760,1.50
5538,535432485,2.00
5539,748245431,3.00
5540,199895486317,0.00
5541,127069214941,0.60
5542,2753079675,5.00
5543,1701182475,4.00
5544,535432485,2.00
5545,199895486317,0.00
5546,199895486317,0.00
5547,535631760,1.50
5548,199895486317,0.00
5549,81320577165,0.30
5550,199895486317,0.00
5551,34711637,2060.40
5552,199895486317,0.00
5553,199895486317,0.00
5554,5613159221,2.90
5555,50549692,256.10
5556,199895486317,0.00
5557,22060715750,10.60
5558,175779130615,0.90
5559,199895486317,0.00
5560,199895486317,0.00
5561,50039995,5000.00
5562,8663522153,20.00
5563,199895486317,0.00
5564,535432485,2.00
5565,3839210065,1.40
5566,106733495501,0.50
5567,81320577165,0.30
5568,79762681102,0.40
5569,232480398705,14.40
5570,199895486317,0.00
5571,199895486317,0.00
5572,155860603001,1.00
5573,748245431,3.00
5574,65712307,348.90
5575,81320577165,0.30
5576,42824152,538.30
5577,199895486317,0.00
5578,175779130615,0.90
5579,127069214941,0.60
5580,22060715750,10.60
5581,64620146,3662.00
5582,39059018,1644.30
5583,199895486317,0.00
5584,58716597,2338.10
5585,199895486317,0.00
5586,677366592,1.20
5587,64873434191,0.20
5588,199895486317,0.00
5589,199895486317,0.00
5590,53593437,1506.80
5591,199895486317,0.00
5592,199895486317,0.00
5593,81320577165,0.30
5594,175779130615,0.90
5595,252876320115,0.70
5596,199895486317,0.00
5597,199895486317,0.00
5598,199895486317,0.00
5599,61030787637,0.10
5600,199895486317,0.00
5601,1791197223,2.10
5602,64873434191,0.20
5603,199895486317,0.00
5604,1955963077,1.60
5605,199895486317,0.00
5606,199895486317,0.00
5607,199895486317,0.00
5608,199895486317,0.00
5609,47297811,3211.20
5610,38765833,4334.40
5611,199895486317,0.00
5612,199895486317,0.00
5613,112263205184,27.50
5614,26559090513,18.00
5615,199895486317,0.00
5616,199895486317,0.00
5617,199895486317,0.00
5618,199895486317,0.00
5619,199895486317,0.00
5620,175779130615,0.90
5621,7351254841,11.00
5622,252876320115,0.70
5623,677366592,1.20
5624,8109457303,6.20
5625,199895486317,0.00
5626,2889121233,4.60
5627,199895486317,0.00
5628,199895486317,0.00
5629,2881544985,2.50
5630,199895486317,0.00
5631,199895486317,0.00
5632,199895486317,0.00
5633,64873434191,0.20
5634,199895486317,0.00
5635,199895486317,0.00
5636,79762681102,0.40
5637,81320577165,0.30
5638,535432485,2.00
5639,199895486317,0.00
5640,199895486317,0.00
5641,47202395,2141.30
5642,199895486317,0.00
5643,81320577165,0.30
5644,175779130615,0.90
5645,13363524374,3.50
5646,199895486317,0.00
5647,199895486317,0.00
5648,55066959,328.60
5649,199895486317,0.00
5650,199895486317,0.00
5651,677366592,1.20
5652,199895486317,0.00
5653,81320577165,0.30
5654,175779130615,0.90
5655,63267204,553.20
5656,252876320115,0.70
5657,199895486317,0.00
5658,677366592,1.20
5659,4516018420,1.90
5660,81320577165,0.30
5661,61312056,2266.60
5662,81320577165,0.30
5663,199895486317,0.00
5664,175779130615,0.90
5665,199895486317,0.00
5666,748245431,3.00
5667,3839210065,1.40
5668,61030787637,0.10
5669,4249103912,4.50
5670,106733495501,0.50
5671,535432485,2.00
5672,199895486317,0.00
5673,199895486317,0.00
5674,111806314999,52.10
5675,199895486317,0.00
5676,7351254841,11.00
5677,72797958865,23.60
5678,1791197223,2.10
5679,199895486317,0.00
5680,19804091640,10.70
5681,199895486317,0.00
5682,199895486317,0.00
5683,199895486317,0.00
5684,199895486317,0.00
5685,5205319732,2.40
5686,155860603001,1.00
5687,199895486317,0.00
5688,61966422,514.30
5689,79762681102,0.40
5690,35168253,1249.10
5691,26516968398,6.40
5692,3425424948,3.70
5693,1955963077,1.60
5694,127069214941,0.60
5695,155860603001,1.00
5696,28290760,1391.30
5697,1751942178,1.70
5698,535432485,2.00
5699,2205030512,2.30
5700,90981170154,41.50
5701,175779130615,0.90
5702,199895486317,0.00
5703,199895486317,0.00
5704,1701182475,4.00
5705,155860603001,1.00
5706,46067844,1397.90
5707,37622869,315.70
5708,3356405678,1.10
5709,199895486317,0.00
5710,50736757,1818.40
5711,199895486317,0.00
5712,155860603001,1.00
5713,81320577165,0.30
5714,8624720865,5.80
5715,199895486317,0.00
5716,252876320115,0.70
5717,293402371733,0.80
5718,2318958306,1.80
5719,175779130615,0.90
5720,293402371733,0.80
5721,199895486317,0.00
5722,3425424948,3.70
5723,199895486317,0.00
5724,199895486317,0.00
5725,2361319851,3.30
5726,79762681102,0.40
5727,1701182475,4.00
5728,66345414,691.20
5729,3823961979,4.40
5730,106733495501,0.50
5731,199895486317,0.00
5732,677366592,1.20
5733,58256366435,31.20
5734,64873434191,0.20
5735,1701182475,4.00
5736,40487533,1565.40
5737,127069214941,0.60
5738,2873137166,1.30
5739,3839210065,1.40
5740,199895486317,0.00
5741,81320577165,0.30
5742,199895486317,0.00
5743,535432485,2.00
5744,127069214941,0.60
5745,199895486317,0.00
5746,199895486317,0.00
5747,155860603001,1.00
5748,64873434191,0.20
5749,199895486317,0.00
5750,199895486317,0.00
5751,199895486317,0.00
5752,199895486317,0.00
5753,61030787637,0.10
5754,61030787637,0.10
5755,199895486317,0.00
5756,199895486317,0.00
5757,199895486317,0.00
5758,81320577165,0.30
5759,415292175,199.80
5760,155860603001,1.00
5761,64873434191,0.20
5762,4249103912,4.50
5763,199895486317,0.00
5764,199895486317,0.00
5765,199895486317,0.00
5766,535432485,2.00
5767,2873137166,1.30
5768,748245431,3.00
5769,175779130615,0.90
5770,535631760,1.50
5771,199895486317,0.00
5772,677366592,1.20
5773,81320577165,0.30
5774,175779130615,0.90
5775,199895486317,0.00
5776,64873434191,0.20
5777,175779130615,0.90
5778,127069214941,0.60
5779,199895486317,0.00
5780,175779130615,0.90
5781,50039995,5000.00
5782,199895486317,0.00
5783,199895486317,0.00
5784,199895486317,0.00
5785,81320577165,0.30
5786,1751942178,1.70
5787,199895486317,0.00
5788,52227891,4525.20
5789,127069214941,0.60
5790,2873137166,1.30
5791,574000561,202.00
5792,175779130615,0.90
5793,199895486317,0.00
5794,175779130615,0.90
5795,199895486317,0.00
5796,199895486317,0.00
5797,199895486317,0.00
5798,199895486317,0.00
5799,81320577165,0.30
5800,106733495501,0.50
5801,127069214941,0.60
5802,535631760,1.50
5803,199895486317,0.00
5804,2873137166,1.30
5805,199895486317,0.00
5806,81320577165,0.30
5807,1955963077,1.60
5808,106733495501,0.50
5809,72541109709,12.70
5810,64873434191,0.20
5811,81320577165,0.30
5812,2873137166,1.30
5813,127069214941,0.60
5814,3356405678,1.10
5815,47848789,4086.40
5816,199895486317,0.00
5817,199895486317,0.00
5818,59212370,370.70
5819,81320577165,0.30
5820,199895486317,0.00
5821,199895486317,0.00
5822,199895486317,0.00
5823,293402371733,0.80
5824,47494641,1795.00
5825,199895486317,0.00
5826,2873137166,1.30
5827,199895486317,0.00
5828,199895486317,0.00
5829,6264020001,20.60
5830,199895486317,0.00
5831,64873434191,0.20
5832,41364917,631.90
5833,199895486317,0.00
5834,81320577165,0.30
5835,535432485,2.00
5836,199895486317,0.00
5837,7846983682,30.00
5838,199895486317,0.00
5839,199895486317,0.00
5840,1751942178,1.70
5841,81320577165,0.30
5842,79762681102,0.40
5843,199895486317,0.00
5844,1955963077,1.60
5845,127069214941,0.60
5846,9641276294,3.80
5847,199895486317,0.00
5848,199895486317,0.00
5849,199895486317,0.00
5850,31273039,1917.20
5851,199895486317,0.00
5852,41398207,1190.30
5853,199895486317,0.00
5854,199895486317,0.00
5855,8109457303,6.20
5856,3356405678,1.10
5857,535432485,2.00
5858,52188101,311.10
5859,748245431,3.00
5860,2753079675,5.00
5861,3839210065,1.40
5862,199895486317,0.00
5863,81320577165,0.30
5864,2205030512,2.30
5865,199895486317,0.00
5866,199895486317,0.00
5867,199895486317,0.00
5868,199895486317,0.00
5869,106733495501,0.50
5870,199895486317,0.00
5871,155860603001,1.00
5872,2472456711,3.20
5873,199895486317,0.00
5874,29587327,1133.10
5875,62777841,496.40
5876,2873137166,1.30
5877,199895486317,0.00
5878,47206871,825.70
5879,199895486317,0.00
5880,127069214941,0.60
5881,51385268,3205.20
5882,34388805,1594.00
5883,9754641018,4.30
5884,2472456711,3.20
5885,106733495501,0.50
5886,199895486317,0.00
5887,293402371733,0.80
5888,40016005265,20.40
5889,64873434191,0.20
5890,61030787637,0.10
5891,199895486317,0.00
5892,908455527,6.00
5893,908455527,6.00
5894,79762681102,0.40
5895,199895486317,0.00
5896,199895486317,0.00
5897,199895486317,0.00
5898,535631760,1.50
5899,199895486317,0.00
5900,61030787637,0.10
5901,155860603001,1.00
5902,46557595,681.80
5903,199895486317,0.00
5904,199895486317,0.00
5905,199895486317,0.00
5906,81320577165,0.30
5907,199895486317,0.00
5908,61030787637,0.10
5909,106733495501,0.50
5910,199895486317,0.00
5911,64873434191,0.20
5912,199895486317,0.00
5913,199895486317,0.00
5914,199895486317,0.00
5915,20172976864,10.50
5916,61164811,350.60
5917,199895486317,0.00
5918,1955963077,1.60
5919,155860603001,1.00
5920,199895486317,0.00
5921,199895486317,0.00
5922,9754641018,4.30
5923,2807435188,167.20
5924,252876320115,0.70
5925,199895486317,0.00
5926,677366592,1.20
5927,81320577165,0.30
5928,199895486317,0.00
5929,199895486317,0.00
5930,199895486317,0.00
5931,64873434191,0.20
5932,199895486317,0.00
5933,199895486317,0.00
5934,199895486317,0.00
5935,199895486317,0.00
5936,64873434191,0.20
5937,1701182475,4.00
5938,199895486317,0.00
5939,5613159221,2.90
5940,64873434191,0.20
5941,199895486317,0.00
5942,175779130615,0.90
5943,3356405678,1.10
5944,3839210065,1.40
5945,535631760,1.50
5946,2753079675,5.00
5947,535432485,2.00
5948,199895486317,0.00
5949,106733495501,0.50
5950,199895486317,0.00
5951,199895486317,0.00
5952,677366592,1.20
5953,54171020,291.20
5954,35362897,440.00
5955,78425059250,11.50
5956,81320577165,0.30
5957,199895486317,0.00
5958,79762681102,0.40
5959,199895486317,0.00
5960,199895486317,0.00
5961,85450859814,13.30
5962,199895486317,0.00
5963,1701182475,4.00
5964,8109457303,6.20
5965,199895486317,0.00
5966,64873434191,0.20
5967,31274064,1844.10
5968,199895486317,0.00
5969,199895486317,0.00
5970,199895486317,0.00
5971,199895486317,0.00
5972,199895486317,0.00
5973,677366592,1.20
5974,199895486317,0.00
5975,199895486317,0.00
5976,199895486317,0.00
5977,51713261385,5.90
5978,52897670,353.00
5979,61030787637,0.10
5980,677366592,1.20
5981,13363524374,3.50
5982,1701182475,4.00
5983,199895486317,0.00
5984,64873434191,0.20
5985,49310708,1270.30
5986,535432485,2.00
5987,199895486317,0.00
5988,199895486317,0.00
5989,199895486317,0.00
5990,51823579724,12.20
5991,199895486317,0.00
5992,106733495501,0.50
5993,81320577165,0.30
5994,199895486317,0.00
5995,199895486317,0.00
5996,199895486317,0.00
5997,1955963077,1.60
5998,155860603001,1.00
5999,1701182475,4.00
6000,5669912171,8.00
6001,199895486317,0.00
6002,64873434191,0.20
6003,1751942178,1.70
6004,199895486317,0.00
6005,151009250017,50.10
6006,199895486317,0.00
6007,56503555,308.50
6008,81320577165,0.30
6009,79762681102,0.40
6010,45216901670,112.00
6011,199895486317,0.00
6012,79762681102,0.40
6013,199895486317,0.00
6014,199895486317,0.00
6015,199895486317,0.00
6016,34873238,2890.10
6017,61030787637,0.10
6018,199895486317,0.00
6019,199895486317,0.00
6020,175779130615,0.90
6021,106733495501,0.50
6022,199895486317,0.00
6023,127069214941,0.60
6024,677366592,1.20
6025,175779130615,0.90
6026,677366592,1.20
6027,908455527,6.00
6028,293402371733,0.80
6029,677366592,1.20
6030,2205030512,2.30
6031,677366592,1.20
6032,51713261385,5.90
6033,64873434191,0.20
6034,908455527,6.00
6035,79762681102,0.40
6036,199895486317,0.00
6037,199895486317,0.00
6038,155860603001,1.00
6039,199895486317,0.00
6040,199895486317,0.00
6041,199895486317,0.00
6042,51743737,835.60
6043,3356405678,1.10
6044,199895486317,0.00
6045,81320577165,0.30
6046,81320577165,0.30
6047,79762681102,0.40
6048,127069214941,0.60
6049,43757154515,62.80
6050,199895486317,0.00
6051,199895486317,0.00
6052,64873434191,0.20
6053,64873434191,0.20
6054,79762681102,0.40
6055,199895486317,0.00
6056,127069214941,0.60
6057,199895486317,0.00
6058,3383202034,2.70
6059,199895486317,0.00
6060,81320577165,0.30
6061,252876320115,0.70
6062,14744326110,5.40
6063,15023426722,9.40
6064,64873434191,0.20
6065,7351254841,11.00
6066,64873434191,0.20
6067,252876320115,0.70
6068,35399647,337.20
6069,1751942178,1.70
6070,535432485,2.00
6071,79762681102,0.40
6072,127069214941,0.60
6073,199895486317,0.00
6074,64873434191,0.20
6075,199895486317,0.00
6076,199895486317,0.00
6077,2472456711,3.20
6078,199895486317,0.00
6079,2881544985,2.50
6080,61030787637,0.10
6081,199895486317,0.00
6082,199895486317,0.00
6083,199895486317,0.00
6084,535631760,1.50
6085,199895486317,0.00
6086,199895486317,0.00
6087,58880635837,23.00
6088,81320577165,0.30
6089,81320577165,0.30
6090,199895486317,0.00
6091,199895486317,0.00
6092,199895486317,0.00
6093,127069214941,0.60
6094,36659516,735.20
6095,199895486317,0.00
6096,199895486317,0.00
6097,2873137166,1.30
6098,64873434191,0.20
6099,199895486317,0.00
6100,64873434191,0.20
6101,739387156,194.50
6102,199895486317,0.00
6103,81320577165,0.30
6104,199895486317,0.00
6105,81320577165,0.30
6106,199895486317,0.00
6107,199895486317,0.00
6108,81320577165,0.30
6109,199895486317,0.00
6110,81320577165,0.30
6111,535631760,1.50
6112,106733495501,0.50
6113,677366592,1.20
6114,83363186551,17.90
6115,677366592,1.20
6116,47857219,957.30
6117,62298943,452.40
6118,199895486317,0.00
6119,199895486317,0.00
6120,54988754,813.50
6121,199895486317,0.00
6122,79762681102,0.40
6123,3383202034,2.70
6124,1701182475,4.00
6125,49479651,617.40
6126,48808635282,16.30
6127,127069214941,0.60
6128,63949573202,20.70
6129,199895486317,0.00
6130,252876320115,0.70
6131,155860603001,1.00
6132,64873434191,0.20
6133,199895486317,0.00
6134,252876320115,0.70
6135,61030787637,0.10
6136,83363186551,17.90
6137,199895486317,0.00
6138,8663522153,20.00
6139,252876320115,0.70
6140,3356405678,1.10
6141,47497917,1040.10
6142,252876320115,0.70
6143,677366592,1.20
6144,50039995,5000.00
6145,37664121564,56.60
6146,199895486317,0.00
6147,199895486317,0.00
6148,81320577165,0.30
6149,199895486317,0.00
6150,8109457303,6.20
6151,748245431,3.00
6152,535432485,2.00
6153,79762681102,0.40
6154,3693659395,10.00
6155,199895486317,0.00
6156,127069214941,0.60
6157,199895486317,0.00
6158,199895486317,0.00
6159,61030787637,0.10
6160,155860603001,1.00
6161,908455527,6.00
6162,64873434191,0.20
6163,5788605390,5.20
6164,64873434191,0.20
6165,48516033,277.10
6166,50997114,1571.80
6167,199895486317,0.00
6168,127069214941,0.60
6169,199895486317,0.00
6170,5205319732,2.40
6171,79762681102,0.40
6172,199895486317,0.00
6173,199895486317,0.00
6174,199895486317,0.00
6175,43257138391,20.50
6176,252876320115,0.70
6177,127069214941,0.60
6178,908455527,6.00
6179,175779130615,0.90
6180,293402371733,0.80
6181,47432494133,108.80
6182,199895486317,0.00
6183,106733495501,0.50
6184,199895486317,0.00
6185,50286401,937.20
6186,199895486317,0.00
6187,199895486317,0.00
6188,3800969038,2.20
6189,293402371733,0.80
6190,199895486317,0.00
6191,52933243623,21.20
6192,1791197223,2.10
6193,908455527,6.00
6194,199895486317,0.00
6195,2753079675,5.00
6196,127069214941,0.60
6197,81320577165,0.30
6198,55480609,447.90
6199,199895486317,0.00
6200,2318958306,1.80
6201,199895486317,0.00
6202,4828706210,159.70
6203,81320577165,0.30
6204,81320577165,0.30
6205,64873434191,0.20
6206,47691672,589.40
6207,199895486317,0.00
6208,252876320115,0.70
6209,677366592,1.20
6210,2881544985,2.50
6211,106733495501,0.50
6212,37119347,267.20
6213,199895486317,0.00
6214,2873137166,1.30
6215,64873434191,0.20
6216,535432485,2.00
6217,79762681102,0.40
6218,53364397,2795.40
6219,127069214941,0.60
6220,535432485,2.00
6221,199895486317,0.00
6222,199895486317,0.00
6223,38672545,1321.90
6224,199895486317,0.00
6225,199895486317,0.00
6226,64873434191,0.20
6227,199895486317,0.00
6228,199895486317,0.00
6229,199895486317,0.00
6230,199895486317,0.00
6231,4249103912,4.50
6232,199895486317,0.00
6233,199895486317,0.00
6234,199895486317,0.00
6235,106733495501,0.50
6236,127069214941,0.60
6237,677366592,1.20
6238,199895486317,0.00
6239,535432485,2.00
6240,64873434191,0.20
6241,199895486317,0.00
6242,199895486317,0.00
6243,155860603001,1.00
6244,106733495501,0.50
6245,199895486317,0.00
6246,64873434191,0.20
6247,199895486317,0.00
6248,127069214941,0.60
6249,50039995,5000.00
6250,199895486317,0.00
6251,79762681102,0.40
6252,199895486317,0.00
6253,199895486317,0.00
6254,155860603001,1.00
6255,61030787637,0.10
6256,64873434191,0.20
6257,748245431,3.00
6258,8868913657,9.00
6259,81320577165,0.30
6260,199895486317,0.00
6261,293402371733,0.80
6262,199895486317,0.00
6263,199895486317,0.00
6264,127069214941,0.60
6265,60996154,535.20
6266,46585361048,47.90
6267,199895486317,0.00
6268,1701182475,4.00
6269,199895486317,0.00
6270,103139210412,20.70
6271,199895486317,0.00
6272,199895486317,0.00
6273,908455527,6.00
6274,199895486317,0.00
6275,106733495501,0.50
6276,8868913657,9.00
6277,5087514357,156.00
6278,5669912171,8.00
6279,2889121233,4.60
6280,81320577165,0.30
6281,748245431,3.00
6282,81320577165,0.30
6283,199895486317,0.00
6284,42269136582,58.80
6285,199895486317,0.00
6286,64873434191,0.20
6287,199895486317,0.00
6288,199895486317,0.00
6289,535631760,1.50
6290,199895486317,0.00
6291,3693659395,10.00
6292,155860603001,1.00
6293,908455527,6.00
6294,199895486317,0.00
6295,2361319851,3.30
6296,15023426722,9.40
6297,252876320115,0.70
6298,199895486317,0.00
6299,199895486317,0.00
6300,49310188,1780.60
6301,677366592,1.20
6302,61030787637,0.10
6303,1955963077,1.60
6304,252876320115,0.70
6305,64873434191,0.20
6306,748245431,3.00
6307,199895486317,0.00
6308,199895486317,0.00
6309,199895486317,0.00
6310,5788605390,5.20
6311,81320577165,0.30
6312,535432485,2.00
6313,81320577165,0.30
6314,199895486317,0.00
6315,535631760,1.50
6316,199895486317,0.00
6317,199895486317,0.00
6318,199895486317,0.00
6319,252876320115,0.70
6320,252876320115,0.70
6321,64873434191,0.20
6322,61317420,743.20
6323,155860603001,1.00
6324,199895486317,0.00
6325,50474661677,40.30
6326,199895486317,0.00
6327,6484196235,3.60
6328,748245431,3.00
6329,199895486317,0.00
6330,199895486317,0.00
6331,175779130615,0.90
6332,535432485,2.00
6333,199895486317,0.00
6334,199895486317,0.00
6335,199895486317,0.00
6336,199895486317,0.00
6337,199895486317,0.00
6338,199895486317,0.00
6339,199895486317,0.00
6340,199895486317,0.00
6341,61030787637,0.10
6342,127069214941,0.60
6343,199895486317,0.00
6344,127069214941,0.60
6345,6484196235,3.60
6346,175779130615,0.90
6347,199895486317,0.00
6348,79762681102,0.40
6349,2753079675,5.00
6350,199895486317,0.00
6351,199895486317,0.00
6352,199895486317,0.00
6353,199895486317,0.00
6354,199895486317,0.00
6355,199895486317,0.00
6356,45158648,1692.90
6357,61030787637,0.10
6358,3823961979,4.40
6359,2472456711,3.20
6360,61030787637,0.10
6361,199895486317,0.00
6362,127069214941,0.60
6363,81320577165,0.30
6364,81320577165,0.30
6365,199895486317,0.00
6366,199895486317,0.00
6367,535432485,2.00
6368,1751942178,1.70
6369,199895486317,0.00
6370,199895486317,0.00
6371,199895486317,0.00
6372,1955963077,1.60
6373,81320577165,0.30
6374,53215884,375.50
6375,199895486317,0.00
6376,293402371733,0.80
6377,64873434191,0.20
6378,53692854,500.60
6379,199895486317,0.00
6380,199895486317,0.00
6381,127069214941,0.60
6382,127069214941,0.60
6383,81320577165,0.30
6384,199895486317,0.00
6385,43257138391,20.50
6386,1701182475,4.00
6387,535631760,1.50
6388,14208606605,20.20
6389,199895486317,0.00
6390,3693659395,10.00
6391,199895486317,0.00
6392,199895486317,0.00
6393,1955963077,1.60
6394,35377644,347.60
6395,199895486317,0.00
6396,42138682,308.00
6397,61030787637,0.10
6398,199895486317,0.00
6399,5205319732,2.40
6400,3693659395,10.00
6401,748245431,3.00
6402,61030787637,0.10
6403,199895486317,0.00
6404,81320577165,0.30
6405,4249103912,4.50
6406,3839210065,1.40
6407,199895486317,0.00
6408,155860603001,1.00
6409,908455527,6.00
6410,64873434191,0.20
6411,199895486317,0.00
6412,40617127,1870.60
6413,127069214941,0.60
6414,1701182475,4.00
6415,175779130615,0.90
6416,199895486317,0.00
6417,199895486317,0.00
6418,64873434191,0.20
6419,199895486317,0.00
6420,199895486317,0.00
6421,199895486317,0.00
6422,199895486317,0.00
6423,64873434191,0.20
6424,155860603001,1.00
6425,535432485,2.00
6426,1955963077,1.60
6427,199895486317,0.00
6428,81320577165,0.30
6429,81320577165,0.30
6430,199895486317,0.00
6431,32524110,898.70
6432,49487056241,83.00
6433,199895486317,0.00
6434,61030787637,0.10
6435,199895486317,0.00
6436,2472456711,3.20
6437,677366592,1.20
6438,199895486317,0.00
6439,2873137166,1.30
6440,199895486317,0.00
6441,252876320115,0.70
6442,199895486317,0.00
6443,252876320115,0.70
6444,908455527,6.00
6445,79762681102,0.40
6446,13442246845,9.10
6447,37761429,1568.00
6448,199895486317,0.00
6449,40875652,1998.60
6450,175779130615,0.90
6451,175779130615,0.90
6452,199895486317,0.00
6453,1701182475,4.00
6454,155860603001,1.00
6455,1701182475,4.00
6456,61030787637,0.10
6457,81320577165,0.30
6458,3823961979,4.40
6459,81320577165,0.30
6460,4880289522,143.00
6461,199895486317,0.00
6462,155860603001,1.00
6463,199895486317,0.00
6464,106733495501,0.50
6465,50039995,5000.00
6466,199895486317,0.00
6467,199895486317,0.00
6468,199895486317,0.00
6469,199895486317,0.00
6470,199895486317,0.00
6471,199895486317,0.00
6472,64873434191,0.20
6473,199895486317,0.00
6474,748245431,3.00
6475,33318286229,11.70
6476,81320577165,0.30
6477,252876320115,0.70
6478,199895486317,0.00
6479,199895486317,0.00
6480,199895486317,0.00
6481,1955963077,1.60
6482,199895486317,0.00
6483,61030787637,0.10
6484,199895486317,0.00
6485,199895486317,0.00
6486,3693659395,10.00
6487,127069214941,0.60
6488,64873434191,0.20
6489,199895486317,0.00
6490,199895486317,0.00
6491,127069214941,0.60
6492,61644482,764.50
6493,137240249191,20.30
6494,49180468,1705.90
6495,252876320115,0.70
6496,535432485,2.00
6497,81320577165,0.30
6498,127069214941,0.60
6499,199895486317,0.00
6500,81320577165,0.30
6501,175779130615,0.90
6502,199895486317,0.00
6503,199895486317,0.00
6504,199895486317,0.00
6505,199895486317,0.00
6506,79762681102,0.40
6507,199895486317,0.00
6508,22328757837,12.00
6509,4335179551,3.90
6510,199895486317,0.00
6511,199895486317,0.00
6512,2873137166,1.30
6513,199895486317,0.00
6514,3839210065,1.40
6515,199895486317,0.00
6516,267762472,217.20
6517,3693659395,10.00
6518,252876320115,0.70
6519,81320577165,0.30
6520,199895486317,0.00
6521,199895486317,0.00
6522,6484196235,3.60
6523,61030787637,0.10
6524,61030787637,0.10
6525,199895486317,0.00
6526,3121242162,4.20
6527,175779130615,0.90
6528,155860603001,1.00
6529,199895486317,0.00
6530,2873137166,1.30
6531,2472456711,3.20
6532,81320577165,0.30
6533,81320577165,0.30
6534,49308508,4442.60
6535,199895486317,0.00
6536,106733495501,0.50
6537,199895486317,0.00
6538,49830164,1510.60
6539,199895486317,0.00
6540,199895486317,0.00
6541,1791197223,2.10
6542,3356405678,1.10
6543,22328757837,12.00
6544,64873434191,0.20
6545,199895486317,0.00
6546,677366592,1.20
6547,199895486317,0.00
6548,127069214941,0.60
6549,127069214941,0.60
6550,5752938622,2.60
6551,199895486317,0.00
6552,1955963077,1.60
6553,199895486317,0.00
6554,81320577165,0.30
6555,199895486317,0.00
6556,3356405678,1.10
6557,535432485,2.00
6558,199895486317,0.00
6559,2318958306,1.80
6560,79762681102,0.40
6561,20420313185,10.30
6562,199895486317,0.00
6563,199895486317,0.00
6564,79762681102,0.40
6565,199895486317,0.00
6566,199895486317,0.00
6567,61030787637,0.10
6568,2205030512,2.30
6569,59529618,787.10
6570,199895486317,0.00
6571,199895486317,0.00
6572,199895486317,0.00
6573,199895486317,0.00
6574,61030787637,0.10
6575,106733495501,0.50
6576,535432485,2.00
6577,199895486317,0.00
6578,55481390,560.90
6579,535631760,1.50
6580,199895486317,0.00
6581,199895486317,0.00
6582,5613159221,2.90
6583,199895486317,0.00
6584,58724845,758.80
6585,199895486317,0.00
6586,199895486317,0.00
6587,2873137166,1.30
6588,199895486317,0.00
6589,199895486317,0.00
6590,199895486317,0.00
6591,62609611,2723.30
6592,199895486317,0.00
6593,199895486317,0.00
6594,293402371733,0.80
6595,748245431,3.00
6596,68405022669,14.80
6597,199895486317,0.00
6598,81320577165,0.30
6599,199895486317,0.00
6600,61030787637,0.10
6601,199895486317,0.00
6602,199895486317,0.00
6603,252876320115,0.70
6604,1701182475,4.00
6605,5205319732,2.40
6606,64873434191,0.20
6607,52410747,363.10
6608,28468399,912.30
6609,199895486317,0.00
6610,2753079675,5.00
6611,199895486317,0.00
6612,81320577165,0.30
6613,199895486317,0.00
6614,5205319732,2.40
6615,748245431,3.00
6616,677366592,1.20
6617,64873434191,0.20
6618,199895486317,0.00
6619,10825188902,7.00
6620,199895486317,0.00
6621,199895486317,0.00
6622,25045160,1264.20
6623,199895486317,0.00
6624,155860603001,1.00
6625,106733495501,0.50
6626,199895486317,0.00
6627,199895486317,0.00
6628,199895486317,0.00
6629,748245431,3.00
6630,155860603001,1.00
6631,199895486317,0.00
6632,79762681102,0.40
6633,54336702,2938.00
6634,8663522153,20.00
6635,199895486317,0.00
6636,199895486317,0.00
6637,199895486317,0.00
6638,106733495501,0.50
6639,199895486317,0.00
6640,3823961979,4.40
6641,199895486317,0.00
6642,199895486317,0.00
6643,2753079675,5.00
6644,199895486317,0.00
6645,199895486317,0.00
6646,155860603001,1.00
6647,199895486317,0.00
6648,61030787637,0.10
6649,81320577165,0.30
6650,64873434191,0.20
6651,69291682,3147.40
6652,38828009491,89.90
6653,199895486317,0.00
6654,199895486317,0.00
6655,199895486317,0.00
6656,50925433,256.70
6657,54545008,274.00
6658,748245431,3.00
6659,199895486317,0.00
6660,81320577165,0.30
6661,3800969038,2.20
6662,199895486317,0.00
6663,199895486317,0.00
6664,81320577165,0.30
6665,748245431,3.00
6666,252876320115,0.70
6667,199895486317,0.00
6668,199895486317,0.00
6669,14208606605,20.20
6670,199895486317,0.00
6671,15952860451,6.60
6672,81320577165,0.30
6673,43794489,3486.00
6674,1701182475,4.00
6675,535432485,2.00
6676,199895486317,0.00
6677,199895486317,0.00
6678,199895486317,0.00
6679,199895486317,0.00
6680,199895486317,0.00
6681,199895486317,0.00
6682,199895486317,0.00
6683,199895486317,0.00
6684,64873434191,0.20
6685,199895486317,0.00
6686,18868249031,6.30
6687,1751942178,1.70
6688,252876320115,0.70
6689,81320577165,0.30
6690,1955963077,1.60
6691,56609521,2125.00
6692,199895486317,0.00
6693,199895486317,0.00
6694,64396827,919.40
6695,199895486317,0.00
6696,199895486317,0.00
6697,81320577165,0.30
6698,127069214941,0.60
6699,9754641018,4.30
6700,199895486317,0.00
6701,535631760,1.50
6702,199895486317,0.00
6703,2753079675,5.00
6704,199895486317,0.00
6705,199895486317,0.00
6706,79762681102,0.40
6707,199895486317,0.00
6708,5205319732,2.40
6709,535432485,2.00
6710,1701182475,4.00
6711,199895486317,0.00
6712,199895486317,0.00
6713,61030787637,0.10
6714,64557465,937.90
6715,199895486317,0.00
6716,155860603001,1.00
6717,61030787637,0.10
6718,199895486317,0.00
6719,127069214941,0.60
6720,199895486317,0.00
6721,15952860451,6.60
6722,199895486317,0.00
6723,64873434191,0.20
6724,74746445959,20.80
6725,4516018420,1.90
6726,199895486317,0.00
6727,199895486317,0.00
6728,81320577165,0.30
6729,22328757837,12.00
6730,81320577165,0.30
6731,5669912171,8.00
6732,127069214941,0.60
6733,199895486317,0.00
6734,199895486317,0.00
6735,199895486317,0.00
6736,535432485,2.00
6737,1701182475,4.00
6738,61030787637,0.10
6739,199895486317,0.00
6740,2472456711,3.20
6741,81320577165,0.30
6742,64873434191,0.20
6743,79762681102,0.40
6744,199895486317,0.00
6745,199895486317,0.00
6746,199895486317,0.00
6747,15262609751,7.20
6748,199895486317,0.00
6749,199895486317,0.00
6750,64873434191,0.20
6751,199895486317,0.00
6752,199895486317,0.00
6753,199895486317,0.00
6754,1704093886,3.10
6755,5616400633,154.10
6756,199895486317,0.00
6757,1701182475,4.00
6758,199895486317,0.00
6759,199895486317,0.00
6760,127069214941,0.60
6761,3693659395,10.00
6762,61030787637,0.10
6763,81320577165,0.30
6764,535631760,1.50
6765,199895486317,0.00
6766,2889121233,4.60
6767,1701182475,4.00
6768,199895486317,0.00
6769,199895486317,0.00
6770,47365510,418.50
6771,61030787637,0.10
6772,64873434191,0.20
6773,79762681102,0.40
6774,3800969038,2.20
6775,199895486317,0.00
6776,14111722990,5.10
6777,15262609751,7.20
6778,199895486317,0.00
6779,7846983682,30.00
6780,199895486317,0.00
6781,199895486317,0.00
6782,199895486317,0.00
6783,3800969038,2.20
6784,155860603001,1.00
6785,3693659395,10.00
6786,199895486317,0.00
6787,199895486317,0.00
6788,199895486317,0.00
6789,3356405678,1.10
6790,199895486317,0.00
6791,199895486317,0.00
6792,61030787637,0.10
6793,13980702049,4.10
6794,38802757,1053.30
6795,199895486317,0.00
6796,199895486317,0.00
6797,199895486317,0.00
6798,199895486317,0.00
6799,199895486317,0.00
6800,677366592,1.20
6801,13442246845,9.10
6802,58235901,493.30
6803,677366592,1.20
6804,199895486317,0.00
6805,127069214941,0.60
6806,11132852060,6.10
6807,61030787637,0.10
6808,64873434191,0.20
6809,199895486317,0.00
6810,46586755,1197.60
6811,199895486317,0.00
6812,5205319732,2.40
6813,79762681102,0.40
6814,199895486317,0.00
6815,106733495501,0.50
6816,81320577165,0.30
6817,63914645,771.20
6818,127069214941,0.60
6819,199895486317,0.00
6820,28468399,912.30
6821,58719867,762.70
6822,3693659395,10.00
6823,199895486317,0.00
6824,199895486317,0.00
6825,199895486317,0.00
6826,199895486317,0.00
6827,199895486317,0.00
6828,155860603001,1.00
6829,199895486317,0.00
6830,199895486317,0.00
6831,10791858303,10.20
6832,199895486317,0.00
6833,50039995,5000.00
6834,127069214941,0.60
6835,199895486317,0.00
6836,199895486317,0.00
6837,199895486317,0.00
6838,3839210065,1.40
6839,106733495501,0.50
6840,1701182475,4.00
6841,1955963077,1.60
6842,199895486317,0.00
6843,535631760,1.50
6844,64873434191,0.20
6845,677366592,1.20
6846,199895486317,0.00
6847,535631760,1.50
6848,79762681102,0.40
6849,48402632,1726.30
6850,199895486317,0.00
6851,199895486317,0.00
6852,155860603001,1.00
6853,199895486317,0.00
6854,2472456711,3.20
6855,31955710,848.30
6856,64873434191,0.20
6857,199895486317,0.00
6858,252876320115,0.70
6859,64873434191,0.20
6860,199895486317,0.00
6861,199895486317,0.00
6862,106733495501,0.50
6863,199895486317,0.00
6864,199895486317,0.00
6865,199895486317,0.00
6866,3800969038,2.20
6867,155860603001,1.00
6868,7654471945,2.80
6869,199895486317,0.00
6870,56618730,379.70
6871,106733495501,0.50
6872,199895486317,0.00
6873,59355911,269.10
6874,677366592,1.20
6875,199895486317,0.00
6876,29684629,427.10
6877,199895486317,0.00
6878,199895486317,0.00
6879,199895486317,0.00
6880,199895486317,0.00
6881,199895486317,0.00
6882,199895486317,0.00
6883,748245431,3.00
6884,293402371733,0.80
6885,199895486317,0.00
6886,199895486317,0.00
6887,199895486317,0.00
6888,72571247390,16.30
6889,127069214941,0.60
6890,535631760,1.50
6891,106733495501,0.50
6892,14208606605,20.20
6893,2472456711,3.20
6894,1955963077,1.60
6895,2873137166,1.30
6896,199895486317,0.00
6897,199895486317,0.00
6898,79762681102,0.40
6899,79762681102,0.40
6900,81320577165,0.30
6901,199895486317,0.00
6902,61030787637,0.10
6903,199895486317,0.00
6904,252876320115,0.70
6905,199895486317,0.00
6906,2881544985,2.50
6907,199895486317,0.00
6908,199895486317,0.00
6909,155860603001,1.00
6910,10309316445,3.40
6911,199895486317,0.00
6912,43081301,1901.10
6913,23187038600,7.60
6914,199895486317,0.00
6915,3356405678,1.10
6916,55731131959,21.80
6917,35045964211,8.40
6918,199895486317,0.00
6919,81320577165,0.30
6920,199895486317,0.00
6921,2205030512,2.30
6922,199895486317,0.00
6923,26516968398,6.40
6924,199895486317,0.00
6925,1751942178,1.70
6926,3693659395,10.00
6927,79762681102,0.40
6928,175779130615,0.90
6929,46327066,1048.80
6930,199895486317,0.00
6931,10562618771,15.00
6932,155860603001,1.00
6933,106733495501,0.50
6934,199895486317,0.00
6935,61030787637,0.10
6936,4516018420,1.90
6937,1701182475,4.00
6938,199895486317,0.00
6939,199895486317,0.00
6940,20294221278,130.00
6941,535432485,2.00
6942,199895486317,0.00
6943,199895486317,0.00
6944,199895486317,0.00
6945,81320577165,0.30
6946,43763968977,11.40
6947,199895486317,0.00
6948,41855008,539.10
6949,199895486317,0.00
6950,199895486317,0.00
6951,64873434191,0.20
6952,4516018420,1.90
6953,155860603001,1.00
6954,199895486317,0.00
6955,81320577165,0.30
6956,199895486317,0.00
6957,61030787637,0.10
6958,2889121233,4.60
6959,199895486317,0.00
6960,199895486317,0.00
6961,199895486317,0.00
6962,199895486317,0.00
6963,199895486317,0.00
6964,199895486317,0.00
6965,199895486317,0.00
6966,199895486317,0.00
6967,127069214941,0.60
6968,535631760,1.50
6969,64873434191,0.20
6970,81320577165,0.30
6971,2753079675,5.00
6972,199895486317,0.00
6973,252876320115,0.70
6974,748245431,3.00
6975,199895486317,0.00
6976,175779130615,0.90
6977,51365672275,32.00
6978,119716636960,21.50
6979,22060715750,10.60
6980,155860603001,1.00
6981,47528358,838.90
6982,8663522153,20.00
6983,63135919,318.20
6984,3693659395,10.00
6985,199895486317,0.00
6986,155860603001,1.00
6987,53592372,1907.30
6988,199895486317,0.00
6989,3356405678,1.10
6990,908455527,6.00
6991,199895486317,0.00
6992,155860603001,1.00
6993,199895486317,0.00
6994,61030787637,0.10
6995,65696101,795.60
6996,199895486317,0.00
6997,56932358,2477.90
6998,106733495501,0.50
6999,81320577165,0.30
7000,140670077924,70.00
7001,5205319732,2.40
7002,50123065,774.80
7003,38566208064,17.50
7004,199895486317,0.00
7005,199895486317,0.00
7006,199895486317,0.00
7007,61030787637,0.10
7008,199895486317,0.00
7009,199895486317,0.00
7010,175779130615,0.90
7011,535432485,2.00
7012,199895486317,0.00
7013,61030787637,0.10
7014,79762681102,0.40
7015,199895486317,0.00
7016,2205030512,2.30
7017,199895486317,0.00
7018,199895486317,0.00
7019,2873137166,1.30
7020,51128505,1020.90
7021,64873434191,0.20
7022,127069214941,0.60
7023,81320577165,0.30
7024,24323535286,9.80
7025,23187038600,7.60
7026,2361319851,3.30
7027,1955963077,1.60
7028,8663522153,20.00
7029,11132852060,6.10
7030,199895486317,0.00
7031,199895486317,0.00
7032,175779130615,0.90
7033,155860603001,1.00
7034,82463390862,11.10
7035,252876320115,0.70
7036,39535786,294.10
7037,199895486317,0.00
7038,13980702049,4.10
7039,3356405678,1.10
7040,199895486317,0.00
7041,175779130615,0.90
7042,2753079675,5.00
7043,64873434191,0.20
7044,535432485,2.00
7045,10791858303,10.20
7046,252876320115,0.70
7047,293402371733,0.80
7048,677366592,1.20
7049,79762681102,0.40
7050,2472456711,3.20
7051,8868913657,9.00
7052,199895486317,0.00
7053,199895486317,0.00
7054,199895486317,0.00
7055,199895486317,0.00
7056,64873434191,0.20
7057,199895486317,0.00
7058,199895486317,0.00
7059,127069214941,0.60
7060,28510871718,46.30
7061,2361319851,3.30
7062,81320577165,0.30
7063,182719434450,16.70
7064,61030787637,0.10
7065,79762681102,0.40
7066,199895486317,0.00
7067,199895486317,0.00
7068,42074409658,24.40
7069,199895486317,0.00
7070,199895486317,0.00
7071,199895486317,0.00
7072,31009260522,7.80
7073,199895486317,0.00
7074,10791858303,10.20
7075,106733495501,0.50
7076,199895486317,0.00
7077,64873434191,0.20
7078,199895486317,0.00
7079,199895486317,0.00
7080,155860603001,1.00
7081,61030787637,0.10
7082,535432485,2.00
7083,2753079675,5.00
7084,199895486317,0.00
7085,61030787637,0.10
7086,106733495501,0.50
7087,127069214941,0.60
7088,535631760,1.50
7089,199895486317,0.00
7090,199895486317,0.00
7091,199895486317,0.00
7092,199895486317,0.00
7093,1701182475,4.00
7094,199895486317,0.00
7095,199895486317,0.00
7096,199895486317,0.00
7097,199895486317,0.00
7098,199895486317,0.00
7099,127069214941,0.60
7100,199895486317,0.00
7101,79762681102,0.40
7102,199895486317,0.00
7103,199895486317,0.00
7104,89161347981,21.70
7105,199895486317,0.00
7106,293402371733,0.80
7107,199895486317,0.00
7108,1704093886,3.10
7109,7654471945,2.80
7110,1791197223,2.10
7111,64873434191,0.20
7112,199895486317,0.00
7113,199895486317,0.00
7114,199895486317,0.00
7115,199895486317,0.00
7116,199895486317,0.00
7117,127069214941,0.60
7118,58880635837,23.00
7119,199895486317,0.00
7120,127069214941,0.60
7121,106733495501,0.50
7122,748245431,3.00
7123,81320577165,0.30
7124,199895486317,0.00
7125,61030787637,0.10
7126,61030787637,0.10
7127,199895486317,0.00
7128,199895486317,0.00
7129,199895486317,0.00
7130,79762681102,0.40
7131,748245431,3.00
7132,79762681102,0.40
7133,199895486317,0.00
7134,61030787637,0.10
7135,79762681102,0.40
7136,293402371733,0.80
7137,199895486317,0.00
7138,22328757837,12.00
7139,127069214941,0.60
7140,677366592,1.20
7141,64873434191,0.20
7142,199895486317,0.00
7143,61030787637,0.10
7144,155860603001,1.00
7145,535432485,2.00
7146,5613159221,2.90
7147,535631760,1.50
7148,136560111887,10.90
7149,199895486317,0.00
7150,79762681102,0.40
7151,20996439395,60.00
7152,191233366314,13.40
7153,127069214941,0.60
7154,5205319732,2.40
7155,81320577165,0.30
7156,61030787637,0.10
7157,127069214941,0.60
7158,79762681102,0.40
7159,50039995,5000.00
7160,748245431,3.00
7161,106733495501,0.50
7162,199895486317,0.00
7163,5752938622,2.60
7164,127069214941,0.60
7165,199895486317,0.00
7166,199895486317,0.00
7167,199895486317,0.00
7168,23003768358,124.00
7169,199895486317,0.00
7170,81320577165,0.30
7171,72405606,3338.10
7172,42820927,2708.40
7173,81320577165,0.30
7174,199895486317,0.00
7175,535432485,2.00
7176,535432485,2.00
7177,199895486317,0.00
7178,127069214941,0.60
7179,3425424948,3.70
7180,199895486317,0.00
7181,199895486317,0.00
7182,60022566,918.70
7183,199895486317,0.00
7184,37763665,1499.80
7185,199895486317,0.00
7186,199895486317,0.00
7187,56405500976,68.90
7188,199895486317,0.00
7189,61030787637,0.10
7190,199895486317,0.00
7191,199895486317,0.00
7192,64873434191,0.20
7193,25254890682,22.30
7194,2361319851,3.30
7195,38669987,1210.20
7196,199895486317,0.00
7197,3121242162,4.20
7198,199895486317,0.00
7199,58617237916,13.00
7200,677366592,1.20
7201,199895486317,0.00
7202,81320577165,0.30
7203,252876320115,0.70
7204,2205030512,2.30
7205,199895486317,0.00
7206,127069214941,0.60
7207,199895486317,0.00
7208,199895486317,0.00
7209,199895486317,0.00
7210,293402371733,0.80
7211,535631760,1.50
7212,79762681102,0.40
7213,199895486317,0.00
7214,1751942178,1.70
7215,64873434191,0.20
7216,1701182475,4.00
7217,199895486317,0.00
7218,58074266,655.70
7219,2205030512,2.30
7220,56770035,2586.00
7221,199895486317,0.00
7222,106733495501,0.50
7223,9327183942,4.80
7224,57586341,855.80
7225,199895486317,0.00
7226,199895486317,0.00
7227,59857424479,99.80
7228,106733495501,0.50
7229,199895486317,0.00
7230,199895486317,0.00
7231,199895486317,0.00
7232,2318958306,1.80
7233,293402371733,0.80
7234,199895486317,0.00
7235,79762681102,0.40
7236,199895486317,0.00
7237,199895486317,0.00
7238,51686578,251.90
7239,199895486317,0.00
7240,199895486317,0.00
7241,199895486317,0.00
7242,199895486317,0.00
7243,199895486317,0.00
7244,535631760,1.50
7245,64873434191,0.20
7246,3356405678,1.10
7247,199895486317,0.00
7248,64873434191,0.20
7249,2889121233,4.60
7250,2873137166,1.30
7251,199895486317,0.00
7252,199895486317,0.00
7253,199895486317,0.00
7254,2318958306,1.80
7255,61030787637,0.10
7256,61030787637,0.10
7257,199895486317,0.00
7258,199895486317,0.00
7259,199895486317,0.00
7260,199895486317,0.00
7261,44251535,1393.90
7262,56295734,410.40
7263,155860603001,1.00
7264,199895486317,0.00
7265,199895486317,0.00
7266,61030787637,0.10
7267,3800969038,2.20
7268,1751942178,1.70
7269,64873434191,0.20
7270,127069214941,0.60
7271,14208606605,20.20
7272,199895486317,0.00
7273,60668636,469.70
7274,199895486317,0.00
7275,199895486317,0.00
7276,748245431,3.00
7277,18868249031,6.30
7278,199895486317,0.00
7279,79762681102,0.40
7280,199895486317,0.00
7281,13980702049,4.10
7282,79762681102,0.40
7283,10033332565,5.30
7284,252876320115,0.70
7285,1016499329,181.10
7286,5613159221,2.90
7287,15952860451,6.60
7288,74746445959,20.80
7289,127069214941,0.60
7290,81320577165,0.30
7291,127069214941,0.60
7292,12473548098,6.50
7293,908455527,6.00
7294,1791197223,2.10
7295,199895486317,0.00
7296,199895486317,0.00
7297,199895486317,0.00
7298,22386654783,5.50
7299,199895486317,0.00
7300,199895486317,0.00
7301,199895486317,0.00
7302,127069214941,0.60
7303,2318958306,1.80
7304,199895486317,0.00
7305,199895486317,0.00
7306,2753079675,5.00
7307,81320577165,0.30
7308,199895486317,0.00
7309,199895486317,0.00
7310,199895486317,0.00
7311,199895486317,0.00
7312,4516018420,1.90
7313,199895486317,0.00
7314,106733495501,0.50
7315,127069214941,0.60
7316,923411135,188.30
7317,199895486317,0.00
7318,2361319851,3.30
7319,535432485,2.00
7320,199895486317,0.00
7321,199895486317,0.00
7322,199895486317,0.00
7323,3839210065,1.40
7324,535432485,2.00
7325,199895486317,0.00
7326,199895486317,0.00
7327,199895486317,0.00
7328,72519862805,44.50
7329,199895486317,0.00
7330,61030787637,0.10
7331,48187891783,6.70
7332,155860603001,1.00
7333,1955963077,1.60
7334,57749806,809.00
7335,199895486317,0.00
7336,81320577165,0.30
7337,199895486317,0.00
7338,81320577165,0.30
7339,61030787637,0.10
7340,535432485,2.00
7341,39253462,2549.50
7342,175779130615,0.90
7343,1701182475,4.00
7344,61030787637,0.10
7345,199895486317,0.00
7346,47869648,345.00
7347,677366592,1.20
7348,199895486317,0.00
7349,81320577165,0.30
7350,199895486317,0.00
7351,199895486317,0.00
7352,127069214941,0.60
7353,8109457303,6.20
7354,199895486317,0.00
7355,127069214941,0.60
7356,57745176,732.20
7357,199895486317,0.00
7358,79762681102,0.40
7359,62879183,252.90
7360,40878223,869.90
7361,127069214941,0.60
7362,199895486317,0.00
7363,64873434191,0.20
7364,199895486317,0.00
7365,199895486317,0.00
7366,155860603001,1.00
7367,63419841,2897.90
7368,2873137166,1.30
7369,199895486317,0.00
7370,199895486317,0.00
7371,199895486317,0.00
7372,252876320115,0.70
7373,81138986728,42.00
7374,40616331,1192.90
7375,2205030512,2.30
7376,5613159221,2.90
7377,199895486317,0.00
7378,64873434191,0.20
7379,47148275683,16.20
7380,199895486317,0.00
7381,252876320115,0.70
7382,49479308,706.30
7383,64873434191,0.20
7384,252876320115,0.70
7385,52815236,1298.10
7386,79762681102,0.40
7387,10825188902,7.00
7388,1791197223,2.10
7389,81320577165,0.30
7390,8663522153,20.00
7391,199895486317,0.00
7392,5788605390,5.20
7393,748245431,3.00
7394,199895486317,0.00
7395,199895486317,0.00
7396,677366592,1.20
7397,199895486317,0.00
7398,199895486317,0.00
7399,199895486317,0.00
7400,199895486317,0.00
7401,61030787637,0.10
7402,199895486317,0.00
7403,61030787637,0.10
7404,199895486317,0.00
7405,54668314,794.90
7406,58617237916,13.00
7407,199895486317,0.00
7408,18868249031,6.30
7409,79762681102,0.40
7410,199895486317,0.00
7411,23278440,694.10
7412,106733495501,0.50
7413,3425424948,3.70
7414,199895486317,0.00
7415,199895486317,0.00
7416,199895486317,0.00
7417,199895486317,0.00
7418,62435496595,21.40
7419,199895486317,0.00
7420,3383202034,2.70
7421,1955963077,1.60
7422,199895486317,0.00
7423,1791197223,2.10
7424,252876320115,0.70
7425,81320577165,0.30
7426,252876320115,0.70
7427,199895486317,0.00
7428,5752938622,2.60
7429,61030787637,0.10
7430,3693659395,10.00
7431,81320577165,0.30
7432,199895486317,0.00
7433,3800969038,2.20
7434,1751942178,1.70
7435,50039995,5000.00
7436,748245431,3.00
7437,199895486317,0.00
7438,748245431,3.00
7439,64873434191,0.20
7440,106733495501,0.50
7441,81320577165,0.30
7442,199895486317,0.00
7443,155860603001,1.00
7444,81320577165,0.30
7445,51190266,3800.10
7446,58399396,890.60
7447,127069214941,0.60
7448,199895486317,0.00
7449,64873434191,0.20
7450,106733495501,0.50
7451,61030787637,0.10
7452,199895486317,0.00
7453,199895486317,0.00
7454,199895486317,0.00
7455,61030787637,0.10
7456,106733495501,0.50
7457,2205030512,2.30
7458,199895486317,0.00
7459,199895486317,0.00
7460,535631760,1.50
7461,212642031416,15.50
7462,199895486317,0.00
7463,199895486317,0.00
7464,199895486317,0.00
7465,677366592,1.20
7466,199895486317,0.00
7467,61030787637,0.10
7468,199895486317,0.00
7469,199895486317,0.00
7470,106733495501,0.50
7471,199895486317,0.00
7472,8868913657,9.00
7473,199895486317,0.00
7474,1791197223,2.10
7475,51910011,1003.60
7476,175779130615,0.90
7477,65203850056,77.60
7478,31009260522,7.80
7479,1791197223,2.10
7480,81320577165,0.30
7481,50039995,5000.00
7482,199895486317,0.00
7483,73124546043,8.60
7484,199895486317,0.00
7485,52858883095,30.40
7486,81320577165,0.30
7487,677366592,1.20
7488,199895486317,0.00
7489,199895486317,0.00
7490,1791197223,2.10
7491,535432485,2.00
7492,81320577165,0.30
7493,64873434191,0.20
7494,1791197223,2.10
7495,199895486317,0.00
7496,38671414,1416.90
7497,35397102,336.30
7498,175779130615,0.90
7499,81320577165,0.30
7500,61030787637,0.10
7501,199895486317,0.00
7502,3693659395,10.00
7503,199895486317,0.00
7504,748245431,3.00
7505,61030787637,0.10
7506,908455527,6.00
7507,677366592,1.20
7508,252876320115,0.70
7509,199895486317,0.00
7510,748245431,3.00
7511,199895486317,0.00
7512,908455527,6.00
7513,1751942178,1.70
7514,50039995,5000.00
7515,2472456711,3.20
7516,199895486317,0.00
7517,81320577165,0.30
7518,48600320467,61.80
7519,199895486317,0.00
7520,8109457303,6.20
7521,33223235,1090.20
7522,52072189,848.50
7523,79762681102,0.40
7524,199895486317,0.00
7525,199895486317,0.00
7526,199895486317,0.00
7527,81320577165,0.30
7528,535631760,1.50
7529,26606819,372.20
7530,199895486317,0.00
7531,3383202034,2.70
7532,535631760,1.50
7533,199895486317,0.00
7534,199895486317,0.00
7535,199895486317,0.00
7536,199895486317,0.00
7537,199895486317,0.00
7538,64873434191,0.20
7539,199895486317,0.00
7540,81320577165,0.30
7541,81320577165,0.30
7542,155860603001,1.00
7543,199895486317,0.00
7544,155860603001,1.00
7545,64873434191,0.20
7546,199895486317,0.00
7547,155860603001,1.00
7548,293402371733,0.80
7549,199895486317,0.00
7550,199895486317,0.00
7551,81320577165,0.30
7552,199895486317,0.00
7553,3356405678,1.10
7554,199895486317,0.00
7555,199895486317,0.00
7556,199895486317,0.00
7557,199895486317,0.00
7558,199895486317,0.00
7559,199895486317,0.00
7560,199895486317,0.00
7561,2318958306,1.80
7562,199895486317,0.00
7563,535432485,2.00
7564,81320577165,0.30
7565,1955963077,1.60
7566,199895486317,0.00
7567,199895486317,0.00
7568,127069214941,0.60
7569,64873434191,0.20
7570,199895486317,0.00
7571,199895486317,0.00
7572,175779130615,0.90
7573,199895486317,0.00
7574,199895486317,0.00
7575,64873434191,0.20
7576,2472456711,3.20
7577,199895486317,0.00
7578,199895486317,0.00
7579,64873434191,0.20
7580,908455527,6.00
7581,748245431,3.00
7582,199895486317,0.00
7583,535432485,2.00
7584,199895486317,0.00
7585,199895486317,0.00
7586,908455527,6.00
7587,199895486317,0.00
7588,199895486317,0.00
7589,199895486317,0.00
7590,199895486317,0.00
7591,199895486317,0.00
7592,199895486317,0.00
7593,61030787637,0.10
7594,106733495501,0.50
7595,127069214941,0.60
7596,12353201164,16.00
7597,5752938622,2.60
7598,59042947,650.90
7599,81320577165,0.30
7600,64873434191,0.20
7601,11132852060,6.10
7602,61030787637,0.10
7603,199895486317,0.00
7604,199895486317,0.00
7605,155860603001,1.00
7606,199895486317,0.00
7607,199895486317,0.00
7608,106733495501,0.50
7609,199895486317,0.00
7610,199895486317,0.00
7611,199895486317,0.00
7612,50039995,5000.00
7613,10791858303,10.20
7614,199895486317,0.00
7615,127069214941,0.60
7616,3839210065,1.40
7617,106733495501,0.50
7618,199895486317,0.00
7619,35192087042,9.30
7620,61030787637,0.10
7621,3839210065,1.40
7622,81320577165,0.30
7623,81320577165,0.30
7624,199895486317,0.00
7625,199895486317,0.00
7626,61030787637,0.10
7627,215292885972,16.60
7628,45749195,404.10
7629,155860603001,1.00
7630,199895486317,0.00
7631,748245431,3.00
7632,61030787637,0.10
7633,252876320115,0.70
7634,72874914973,10.20
7635,677366592,1.20
7636,199895486317,0.00
7637,9754641018,4.30
7638,199895486317,0.00
7639,199895486317,0.00
7640,199895486317,0.00
7641,64873434191,0.20
7642,61030787637,0.10
7643,2889121233,4.60
7644,127069214941,0.60
7645,199895486317,0.00
7646,199895486317,0.00
7647,535432485,2.00
7648,199895486317,0.00
7649,199895486317,0.00
7650,199895486317,0.00
7651,81320577165,0.30
7652,199895486317,0.00
7653,199895486317,0.00
7654,81320577165,0.30
7655,81320577165,0.30
7656,175779130615,0.90
7657,38612899,600.90
7658,29978352,1524.10
7659,106733495501,0.50
7660,175779130615,0.90
7661,3383202034,2.70
7662,18018788117,129.00
7663,18868249031,6.30
7664,37976300276,39.80
7665,748245431,3.00
7666,199895486317,0.00
7667,45547589,1421.80
7668,199895486317,0.00
7669,199895486317,0.00
7670,199895486317,0.00
7671,199895486317,0.00
7672,199895486317,0.00
7673,199895486317,0.00
7674,199895486317,0.00
7675,748245431,3.00
7676,199895486317,0.00
7677,199895486317,0.00
7678,127069214941,0.60
7679,199895486317,0.00
7680,3356405678,1.10
7681,14111722990,5.10
7682,61030787637,0.10
7683,199895486317,0.00
7684,81320577165,0.30
7685,61804558,466.90
7686,748245431,3.00
7687,748245431,3.00
7688,908455527,6.00
7689,64873434191,0.20
7690,61030787637,0.10
7691,64873434191,0.20
7692,199895486317,0.00
7693,155860603001,1.00
7694,748245431,3.00
7695,199895486317,0.00
7696,106733495501,0.50
7697,81320577165,0.30
7698,81138986728,42.00
7699,199895486317,0.00
7700,535432485,2.00
7701,535432485,2.00
7702,199895486317,0.00
7703,1955963077,1.60
7704,535432485,2.00
7705,199895486317,0.00
7706,199895486317,0.00
7707,1791197223,2.10
7708,1955963077,1.60
7709,10309316445,3.40
7710,199895486317,0.00
7711,9641276294,3.80
7712,64873434191,0.20
7713,64873434191,0.20
7714,199895486317,0.00
7715,677366592,1.20
7716,293402371733,0.80
7717,199895486317,0.00
7718,64873434191,0.20
7719,127069214941,0.60
7720,199895486317,0.00
7721,199895486317,0.00
7722,61030787637,0.10
7723,199895486317,0.00
7724,155860603001,1.00
7725,199895486317,0.00
7726,199895486317,0.00
7727,199895486317,0.00
7728,199895486317,0.00
7729,154674410088,23.10
7730,199895486317,0.00
7731,293402371733,0.80
7732,1701182475,4.00
7733,19052355309,8.30
7734,199895486317,0.00
7735,41525626,1028.10
7736,61030787637,0.10
7737,6484196235,3.60
7738,41596245766,20.10
7739,199895486317,0.00
7740,6484196235,3.60
7741,199895486317,0.00
7742,106733495501,0.50
7743,199895486317,0.00
7744,199895486317,0.00
7745,199895486317,0.00
7746,748245431,3.00
7747,175779130615,0.90
7748,199895486317,0.00
7749,199895486317,0.00
7750,199895486317,0.00
7751,4335179551,3.90
7752,43763968977,11.40
7753,60338510,2093.50
7754,199895486317,0.00
7755,199895486317,0.00
7756,127069214941,0.60
7757,199895486317,0.00
7758,535631760,1.50
7759,64400533,490.60
7760,199895486317,0.00
7761,252876320115,0.70
7762,199895486317,0.00
7763,127069214941,0.60
7764,199895486317,0.00
7765,199895486317,0.00
7766,252876320115,0.70
7767,64873434191,0.20
7768,199895486317,0.00
7769,51514899,1768.80
7770,1701182475,4.00
7771,199895486317,0.00
7772,199895486317,0.00
7773,199895486317,0.00
7774,127749951,236.60
7775,3383202034,2.70
7776,199895486317,0.00
7777,8663522153,20.00
7778,199895486317,0.00
7779,199895486317,0.00
7780,155860603001,1.00
7781,908455527,6.00
7782,109671588161,8.70
7783,199895486317,0.00
7784,199895486317,0.00
7785,199895486317,0.00
7786,2873137166,1.30
7787,199895486317,0.00
7788,199895486317,0.00
7789,6264020001,20.60
7790,57762412,257.20
7791,3356405678,1.10
7792,1701182475,4.00
7793,199895486317,0.00
7794,199895486317,0.00
7795,748245431,3.00
7796,29010224072,6.90
7797,155860603001,1.00
7798,127069214941,0.60
7799,81320577165,0.30
7800,22328757837,12.00
7801,45753731,458.60
7802,199895486317,0.00
7803,155860603001,1.00
7804,199895486317,0.00
7805,199895486317,0.00
7806,199895486317,0.00
7807,50163727524,9.90
7808,61030787637,0.10
7809,37062525384,34.80
7810,199895486317,0.00
7811,61030787637,0.10
7812,2753079675,5.00
7813,58070932,807.20
7814,106733495501,0.50
7815,56126810,279.30
7816,3286650242,159.60
7817,199895486317,0.00
7818,155860603001,1.00
7819,2753079675,5.00
7820,199895486317,0.00
7821,61030787637,0.10
7822,49512210117,50.00
7823,199895486317,0.00
7824,199895486317,0.00
7825,199895486317,0.00
7826,199895486317,0.00
7827,748245431,3.00
7828,63269279,567.20
7829,759130747,187.70
7830,199895486317,0.00
7831,64873434191,0.20
7832,199895486317,0.00
7833,199895486317,0.00
7834,199895486317,0.00
7835,12353201164,16.00
7836,199895486317,0.00
7837,26516968398,6.40
7838,199895486317,0.00
7839,199895486317,0.00
7840,199895486317,0.00
7841,81320577165,0.30
7842,199895486317,0.00
7843,61030787637,0.10
7844,199895486317,0.00
7845,51093837,2301.00
7846,3356405678,1.10
7847,199895486317,0.00
7848,64873434191,0.20
7849,2318958306,1.80
7850,50446814,711.00
7851,50938853,591.10
7852,199895486317,0.00
7853,61030787637,0.10
7854,2472456711,3.20
7855,112732437052,32.90
7856,81320577165,0.30
7857,199895486317,0.00
7858,535432485,2.00
7859,61030787637,0.10
7860,9327183942,4.80
7861,67275818,272.90
7862,127069214941,0.60
7863,64873434191,0.20
7864,79762681102,0.40
7865,6484196235,3.60
7866,199895486317,0.00
7867,199895486317,0.00
7868,199895486317,0.00
7869,106733495501,0.50
7870,748245431,3.00
7871,79762681102,0.40
7872,199895486317,0.00
7873,199895486317,0.00
7874,61030787637,0.10
7875,199895486317,0.00
7876,199895486317,0.00
7877,9641276294,3.80
7878,127069214941,0.60
7879,199895486317,0.00
7880,199895486317,0.00
7881,199895486317,0.00
7882,199895486317,0.00
7883,64873434191,0.20
7884,64873434191,0.20
7885,199895486317,0.00
7886,3839210065,1.40
7887,199895486317,0.00
7888,252876320115,0.70
7889,2873137166,1.30
7890,1791197223,2.10
7891,748245431,3.00
7892,199895486317,0.00
7893,199895486317,0.00
7894,79762681102,0.40
7895,127069214941,0.60
7896,199895486317,0.00
7897,2732144386,174.70
7898,199895486317,0.00
7899,199895486317,0.00
7900,81320577165,0.30
7901,2873137166,1.30
7902,61030787637,0.10
7903,49624787458,55.80
7904,127069214941,0.60
7905,155860603001,1.00
7906,199895486317,0.00
7907,79762681102,0.40
7908,45887719536,113.10
7909,199895486317,0.00
7910,29069081,1084.80
7911,199895486317,0.00
7912,199895486317,0.00
7913,36468704,1037.00
7914,155860603001,1.00
7915,2873137166,1.30
7916,81320577165,0.30
7917,199895486317,0.00
7918,199895486317,0.00
7919,535432485,2.00
7920,4880289522,143.00
7921,199895486317,0.00
7922,1751942178,1.70
7923,199895486317,0.00
7924,199895486317,0.00
7925,64873434191,0.20
7926,12473548098,6.50
7927,4516018420,1.90
7928,118951936403,28.30
7929,199895486317,0.00
7930,81320577165,0.30
7931,2873137166,1.30
7932,64726562,369.50
7933,199895486317,0.00
7934,199895486317,0.00
7935,535432485,2.00
7936,43861836,1494.80
7937,199895486317,0.00
7938,199895486317,0.00
7939,136899877275,30.20
7940,127069214941,0.60
7941,199895486317,0.00
7942,2205030512,2.30
7943,127069214941,0.60
7944,81320577165,0.30
7945,199895486317,0.00
7946,199895486317,0.00
7947,199895486317,0.00
7948,36581777276,115.20
7949,199895486317,0.00
7950,127069214941,0.60
7951,199895486317,0.00
7952,64873434191,0.20
7953,60884883,249.70
7954,199895486317,0.00
7955,199895486317,0.00
7956,64873434191,0.20
7957,43010202329,58.70
7958,60020447,658.00
7959,535432485,2.00
7960,677366592,1.20
7961,79762681102,0.40
7962,79762681102,0.40
7963,127069214941,0.60
7964,1701182475,4.00
7965,3121242162,4.20
7966,199895486317,0.00
7967,199895486317,0.00
7968,56285747,2025.80
7969,48992345,909.90
7970,127069214941,0.60
7971,908455527,6.00
7972,199895486317,0.00
7973,199895486317,0.00
7974,199895486317,0.00
7975,12473548098,6.50
7976,199895486317,0.00
7977,51752746721,21.60
7978,37966928,480.00
7979,199895486317,0.00
7980,199895486317,0.00
7981,199895486317,0.00
7982,2873137166,1.30
7983,199895486317,0.00
7984,677366592,1.20
7985,79762681102,0.40
7986,25124512872,120.20
7987,64873434191,0.20
7988,199895486317,0.00
7989,199895486317,0.00
7990,252876320115,0.70
7991,199895486317,0.00
7992,199895486317,0.00
7993,155860603001,1.00
7994,199895486317,0.00
7995,81320577165,0.30
7996,199895486317,0.00
7997,199895486317,0.00
7998,199895486317,0.00
7999,79762681102,0.40
8000,5205319732,2.40
8001,64873434191,0.20
8002,199895486317,0.00
8003,199895486317,0.00
8004,42503696,573.40
8005,199895486317,0.00
8006,293402371733,0.80
8007,199895486317,0.00
8008,199895486317,0.00
8009,199895486317,0.00
8010,2873137166,1.30
8011,908455527,6.00
8012,199895486317,0.00
8013,54826179,691.90
8014,293402371733,0.80
8015,155860603001,1.00
8016,155860603001,1.00
8017,199895486317,0.00
8018,175779130615,0.90
8019,155860603001,1.00
8020,46523965,320.40
8021,127069214941,0.60
8022,37317398,439.70
8023,199895486317,0.00
8024,199895486317,0.00
8025,677366592,1.20
8026,535432485,2.00
8027,199895486317,0.00
8028,199895486317,0.00
8029,37798569,600.50
8030,79762681102,0.40
8031,199895486317,0.00
8032,2318958306,1.80
8033,79762681102,0.40
8034,155860603001,1.00
8035,63429890,753.00
8036,64873434191,0.20
8037,199895486317,0.00
8038,199895486317,0.00
8039,199895486317,0.00
8040,199895486317,0.00
8041,199895486317,0.00
8042,79762681102,0.40
8043,20996439395,60.00
8044,199895486317,0.00
8045,199895486317,0.00
8046,7846983682,30.00
8047,175779130615,0.90
8048,45545911,3855.40
8049,127069214941,0.60
8050,199895486317,0.00
8051,199895486317,0.00
8052,106733495501,0.50
8053,127069214941,0.60
8054,748245431,3.00
8055,199895486317,0.00
8056,1701182475,4.00
8057,199895486317,0.00
8058,535432485,2.00
8059,2873137166,1.30
8060,535432485,2.00
8061,199895486317,0.00
8062,34911304,1094.80
8063,58391741,2813.60
8064,908455527,6.00
8065,65585937600,11.20
8066,1955963077,1.60
8067,199895486317,0.00
8068,199895486317,0.00
8069,908455527,6.00
8070,199895486317,0.00
8071,2361319851,3.30
8072,199895486317,0.00
8073,81320577165,0.30
8074,64873434191,0.20
8075,81320577165,0.30
8076,293402371733,0.80
8077,40068416,981.50
8078,11115964107,40.00
8079,199895486317,0.00
8080,199895486317,0.00
8081,42824219,1409.30
8082,61030787637,0.10
8083,61030787637,0.10
8084,199895486317,0.00
8085,2205030512,2.30
8086,199895486317,0.00
8087,199895486317,0.00
8088,199895486317,0.00
8089,106733495501,0.50
8090,199895486317,0.00
8091,1701182475,4.00
8092,199895486317,0.00
8093,199895486317,0.00
8094,535432485,2.00
8095,199895486317,0.00
8096,4516018420,1.90
8097,81320577165,0.30
8098,199895486317,0.00
8099,110446765842,22.50
8100,81320577165,0.30
8101,199895486317,0.00
8102,10791858303,10.20
8103,155860603001,1.00
8104,175779130615,0.90
8105,155860603001,1.00
8106,199895486317,0.00
8107,199895486317,0.00
8108,155860603001,1.00
8109,6264020001,20.60
8110,127069214941,0.60
8111,34388518,1508.30
8112,61030787637,0.10
8113,2753079675,5.00
8114,199895486317,0.00
8115,199895486317,0.00
8116,1791197223,2.10
8117,677366592,1.20
8118,127069214941,0.60
8119,199895486317,0.00
8120,199895486317,0.00
8121,41205283,477.90
8122,44611880,945.80
8123,81320577165,0.30
8124,199895486317,0.00
8125,155860603001,1.00
8126,199895486317,0.00
8127,199895486317,0.00
8128,1701182475,4.00
8129,199895486317,0.00
8130,1704093886,3.10
8131,199895486317,0.00
8132,199895486317,0.00
8133,37956277,2224.50
8134,155860603001,1.00
8135,199895486317,0.00
8136,1751942178,1.70
8137,64873434191,0.20
8138,199895486317,0.00
8139,535631760,1.50
8140,106733495501,0.50
8141,199895486317,0.00
8142,81320577165,0.30
8143,26559090513,18.00
8144,175779130615,0.90
8145,199895486317,0.00
8146,199895486317,0.00
8147,535432485,2.00
8148,199895486317,0.00
8149,3383202034,2.70
8150,79762681102,0.40
8151,155860603001,1.00
8152,79762681102,0.40
8153,199895486317,0.00
8154,199895486317,0.00
8155,199895486317,0.00
8156,3823961979,4.40
8157,3839210065,1.40
8158,155860603001,1.00
8159,106733495501,0.50
8160,1701182475,4.00
8161,64873434191,0.20
8162,677366592,1.20
8163,199895486317,0.00
8164,2881544985,2.50
8165,8008136044,7.50
8166,5752938622,2.60
8167,3823961979,4.40
8168,43763968977,11.40
8169,66177682,2213.70
8170,199895486317,0.00
8171,199895486317,0.00
8172,199895486317,0.00
8173,252876320115,0.70
8174,81320577165,0.30
8175,199895486317,0.00
8176,175779130615,0.90
8177,199895486317,0.00
8178,748245431,3.00
8179,2873137166,1.30
8180,535631760,1.50
8181,199895486317,0.00
8182,5788605390,5.20
8183,64873434191,0.20
8184,64873434191,0.20
8185,199895486317,0.00
8186,36484339527,33.70
8187,199895486317,0.00
8188,199895486317,0.00
8189,39912208,408.60
8190,127069214941,0.60
8191,199895486317,0.00
8192,199895486317,0.00
8193,199895486317,0.00
8194,199895486317,0.00
8195,677366592,1.20
8196,155860603001,1.00
8197,2873137166,1.30
8198,199895486317,0.00
8199,6484196235,3.60
8200,2361319851,3.30
8201,199895486317,0.00
8202,64873434191,0.20
8203,85450859814,13.30
8204,199895486317,0.00
8205,199895486317,0.00
8206,155860603001,1.00
8207,199895486317,0.00
8208,64873434191,0.20
8209,14111722990,5.10
8210,47141439,292.00
8211,2472456711,3.20
8212,27774919,1020.40
8213,175779130615,0.90
8214,535432485,2.00
8215,8663522153,20.00
8216,199895486317,0.00
8217,81320577165,0.30
8218,127069214941,0.60
8219,3800969038,2.20
8220,535432485,2.00
8221,3693659395,10.00
8222,199895486317,0.00
8223,3839210065,1.40
8224,199895486317,0.00
8225,175779130615,0.90
8226,748245431,3.00
8227,199895486317,0.00
8228,127069214941,0.60
8229,64873434191,0.20
8230,199895486317,0.00
8231,79762681102,0.40
8232,199895486317,0.00
8233,199895486317,0.00
8234,252876320115,0.70
8235,13980702049,4.10
8236,155860603001,1.00
8237,155860603001,1.00
8238,199895486317,0.00
8239,79762681102,0.40
8240,199895486317,0.00
8241,127069214941,0.60
8242,23942210,1371.50
8243,199895486317,0.00
8244,199895486317,0.00
8245,199895486317,0.00
8246,199895486317,0.00
8247,199895486317,0.00
8248,199895486317,0.00
8249,3839210065,1.40
8250,535432485,2.00
8251,2889121233,4.60
8252,2205030512,2.30
8253,63753846,522.10
8254,199895486317,0.00
8255,175779130615,0.90
8256,61030787637,0.10
8257,199895486317,0.00
8258,677366592,1.20
8259,50039995,5000.00
8260,106733495501,0.50
8261,155860603001,1.00
8262,64873434191,0.20
8263,199895486317,0.00
8264,199895486317,0.00
8265,199895486317,0.00
8266,199895486317,0.00
8267,106733495501,0.50
8268,1701182475,4.00
8269,199895486317,0.00
8270,535432485,2.00
8271,199895486317,0.00
8272,5752938622,2.60
8273,199895486317,0.00
8274,64873434191,0.20
8275,1701182475,4.00
8276,22328757837,12.00
8277,38939582765,76.40
8278,35037737,757.80
8279,199895486317,0.00
8280,9981164615,139.30
8281,7846983682,30.00
8282,199895486317,0.00
8283,199895486317,0.00
8284,199895486317,0.00
8285,1791197223,2.10
8286,199895486317,0.00
8287,199895486317,0.00
8288,155860603001,1.00
8289,3839210065,1.40
8290,50039995,5000.00
8291,65698903,405.90
8292,64873434191,0.20
8293,199895486317,0.00
8294,79762681102,0.40
8295,155860603001,1.00
8296,81320577165,0.30
8297,199895486317,0.00
8298,54183343,884.20
8299,293402371733,0.80
8300,199895486317,0.00
8301,106733495501,0.50
8302,175779130615,0.90
8303,10562618771,15.00
8304,293402371733,0.80
8305,199895486317,0.00
8306,6484196235,3.60
8307,155860603001,1.00
8308,1704093886,3.10
8309,535432485,2.00
8310,199895486317,0.00
8311,535631760,1.50
8312,677366592,1.20
8313,1955963077,1.60
8314,199895486317,0.00
8315,199895486317,0.00
8316,748245431,3.00
8317,127069214941,0.60
8318,3425424948,3.70
8319,199895486317,0.00
8320,199895486317,0.00
8321,535432485,2.00
8322,5752938622,2.60
8323,199895486317,0.00
8324,64873434191,0.20
8325,1751942178,1.70
8326,199895486317,0.00
8327,535432485,2.00
8328,535631760,1.50
8329,2753079675,5.00
8330,199895486317,0.00
8331,79762681102,0.40
8332,155860603001,1.00
8333,79762681102,0.40
8334,2881544985,2.50
8335,199895486317,0.00
8336,199895486317,0.00
8337,175779130615,0.90
8338,199895486317,0.00
8339,2472456711,3.20
8340,64873434191,0.20
8341,199895486317,0.00
8342,535432485,2.00
8343,199895486317,0.00
8344,199895486317,0.00
8345,13980702049,4.10
8346,1704093886,3.10
8347,199895486317,0.00
8348,8624720865,5.80
8349,199895486317,0.00
8350,199895486317,0.00
8351,535432485,2.00
8352,1791197223,2.10
8353,535432485,2.00
8354,10309316445,3.40
8355,748245431,3.00
8356,45745048,662.30
8357,199895486317,0.00
8358,40016005265,20.40
8359,748245431,3.00
8360,20420313185,10.30
8361,199895486317,0.00
8362,199895486317,0.00
8363,1063576677,187.20
8364,199895486317,0.00
8365,127069214941,0.60
8366,89834181173,13.90
8367,19629868917,14.00
8368,199895486317,0.00
8369,11132852060,6.10
8370,9754641018,4.30
8371,18868249031,6.30
8372,46557465,719.10
8373,293402371733,0.80
8374,199895486317,0.00
8375,55151299,832.40
8376,199895486317,0.00
8377,199895486317,0.00
8378,2873137166,1.30
8379,199895486317,0.00
8380,199895486317,0.00
8381,199895486317,0.00
8382,155860603001,1.00
8383,8008136044,7.50
8384,199895486317,0.00
8385,199895486317,0.00
8386,155860603001,1.00
8387,677366592,1.20
8388,20420313185,10.30
8389,199895486317,0.00
8390,199895486317,0.00
8391,535432485,2.00
8392,199895486317,0.00
8393,62396739322,15.70
8394,199895486317,0.00
8395,20172976864,10.50
8396,199895486317,0.00
8397,199895486317,0.00
8398,199895486317,0.00
8399,4839275026,5.60
8400,535432485,2.00
8401,175779130615,0.90
8402,6264020001,20.60
8403,199895486317,0.00
8404,199895486317,0.00
8405,2318958306,1.80
8406,57258142,2236.00
8407,64873434191,0.20
8408,81320577165,0.30
8409,199895486317,0.00
8410,293402371733,0.80
8411,6484196235,3.60
8412,199895486317,0.00
8413,677366592,1.20
8414,42434710,1068.30
8415,64873434191,0.20
8416,2881544985,2.50
8417,57013328562,6.70
8418,199895486317,0.00
8419,75711607,265.50
8420,81320577165,0.30
8421,12355668247,5.70
8422,61030787637,0.10
8423,127069214941,0.60
8424,106733495501,0.50
8425,199895486317,0.00
8426,5403055504,162.20
8427,199895486317,0.00
8428,81320577165,0.30
8429,748245431,3.00
8430,4516018420,1.90
8431,199895486317,0.00
8432,127069214941,0.60
8433,2881544985,2.50
8434,293402371733,0.80
8435,9754641018,4.30
8436,199895486317,0.00
8437,64873434191,0.20
8438,535432485,2.00
8439,106733495501,0.50
8440,199895486317,0.00
8441,44306270,347.80
8442,60409197,330.90
8443,199895486317,0.00
8444,106733495501,0.50
8445,199895486317,0.00
8446,199895486317,0.00
8447,199895486317,0.00
8448,677366592,1.20
8449,199895486317,0.00
8450,199895486317,0.00
8451,64399534,733.50
8452,61030787637,0.10
8453,199895486317,0.00
8454,199895486317,0.00
8455,4839275026,5.60
8456,79762681102,0.40
8457,10309316445,3.40
8458,535631760,1.50
8459,535631760,1.50
8460,104127488074,25.10
8461,19052355309,8.30
8462,81320577165,0.30
8463,199895486317,0.00
8464,199895486317,0.00
8465,14208606605,20.20
8466,199895486317,0.00
8467,79762681102,0.40
8468,79762681102,0.40
8469,64873434191,0.20
8470,199895486317,0.00
8471,199895486317,0.00
8472,535432485,2.00
8473,199895486317,0.00
8474,155860603001,1.00
8475,199895486317,0.00
8476,127069214941,0.60
8477,106733495501,0.50
8478,199895486317,0.00
8479,30191181046,38.90
8480,199895486317,0.00
8481,64873434191,0.20
8482,199895486317,0.00
8483,199895486317,0.00
8484,199895486317,0.00
8485,199895486317,0.00
8486,64873434191,0.20
8487,199895486317,0.00
8488,199895486317,0.00
8489,252876320115,0.70
8490,64873434191,0.20
8491,175779130615,0.90
8492,66831561,534.50
8493,199895486317,0.00
8494,106733495501,0.50
8495,199895486317,0.00
8496,199895486317,0.00
8497,199895486317,0.00
8498,81320577165,0.30
8499,199895486317,0.00
8500,252876320115,0.70
8501,199895486317,0.00
8502,106733495501,0.50
8503,49309754,2637.30
8504,293402371733,0.80
8505,64873434191,0.20
8506,42015446,766.40
8507,748245431,3.00
8508,199895486317,0.00
8509,11115964107,40.00
8510,13363524374,3.50
8511,199895486317,0.00
8512,199895486317,0.00
8513,535432485,2.00
8514,1751942178,1.70
8515,155860603001,1.00
8516,127069214941,0.60
8517,199895486317,0.00
8518,106733495501,0.50
8519,61030787637,0.10
8520,199895486317,0.00
8521,61030787637,0.10
8522,199895486317,0.00
8523,199895486317,0.00
8524,61030787637,0.10
8525,252876320115,0.70
8526,535432485,2.00
8527,199895486317,0.00
8528,199895486317,0.00
8529,535432485,2.00
8530,535432485,2.00
8531,199895486317,0.00
8532,175779130615,0.90
8533,3425424948,3.70
8534,252876320115,0.70
8535,62780396,684.30
8536,2361319851,3.30
8537,199895486317,0.00
8538,25045160,1264.20
8539,199895486317,0.00
8540,535631760,1.50
8541,293402371733,0.80
8542,53687947,2937.90
8543,199895486317,0.00
8544,199895486317,0.00
8545,127069214941,0.60
8546,23524188,715.20
8547,175779130615,0.90
8548,199895486317,0.00
8549,199895486317,0.00
8550,199895486317,0.00
8551,535432485,2.00
8552,3693659395,10.00
8553,199895486317,0.00
8554,7654471945,2.80
8555,199895486317,0.00
8556,106733495501,0.50
8557,14111722990,5.10
8558,199895486317,0.00
8559,44424992755,41.80
8560,908455527,6.00
8561,199895486317,0.00
8562,127069214941,0.60
8563,79762681102,0.40
8564,199895486317,0.00
8565,199895486317,0.00
8566,677366592,1.20
8567,199895486317,0.00
8568,8868913657,9.00
8569,23187038600,7.60
8570,199895486317,0.00
8571,81320577165,0.30
8572,106733495501,0.50
8573,61030787637,0.10
8574,127069214941,0.60
8575,40884722,765.40
8576,81320577165,0.30
8577,199895486317,0.00
8578,199895486317,0.00
8579,199895486317,0.00
8580,54174306,4865.40
8581,106733495501,0.50
8582,41199733,2400.00
8583,61030787637,0.10
8584,535432485,2.00
8585,35473535899,94.00
8586,27899782,1138.10
8587,199895486317,0.00
8588,199895486317,0.00
8589,32580246231,12.80
8590,50444736,2613.30
8591,199895486317,0.00
8592,37117085,1171.40
8593,64873434191,0.20
8594,199895486317,0.00
8595,127069214941,0.60
8596,535432485,2.00
8597,535631760,1.50
8598,199895486317,0.00
8599,199895486317,0.00
8600,15952860451,6.60
8601,199895486317,0.00
8602,108030456955,35.00
8603,535432485,2.00
8604,199895486317,0.00
8605,199895486317,0.00
8606,199895486317,0.00
8607,127069214941,0.60
8608,2873137166,1.30
8609,141413012048,38.10
8610,38672413,1268.40
8611,535432485,2.00
8612,199895486317,0.00
8613,199895486317,0.00
8614,199895486317,0.00
8615,199895486317,0.00
8616,199895486317,0.00
8617,199895486317,0.00
8618,535631760,1.50
8619,64873434191,0.20
8620,32571956,1897.40
8621,46719981,651.80
8622,14111722990,5.10
8623,293402371733,0.80
8624,199895486317,0.00
8625,56457673,428.00
8626,81320577165,0.30
8627,199895486317,0.00
8628,155860603001,1.00
8629,1704093886,3.10
8630,61030787637,0.10
8631,199895486317,0.00
8632,40016005265,20.40
8633,43964855,557.10
8634,199895486317,0.00
8635,127069214941,0.60
8636,44900319,1442.90
8637,2753079675,5.00
8638,4839275026,5.60
8639,155860603001,1.00
8640,81320577165,0.30
8641,127069214941,0.60
8642,5613159221,2.90
8643,677366592,1.20
8644,199895486317,0.00
8645,52883245,408.80
8646,9641276294,3.80
8647,43308764,2327.60
8648,199895486317,0.00
8649,199895486317,0.00
8650,61030787637,0.10
8651,199895486317,0.00
8652,61030787637,0.10
8653,199895486317,0.00
8654,199895486317,0.00
8655,252876320115,0.70
8656,70896548,258.70
8657,199895486317,0.00
8658,3383202034,2.70
8659,81320577165,0.30
8660,155860603001,1.00
8661,199895486317,0.00
8662,535432485,2.00
8663,535631760,1.50
8664,4548397191,155.50
8665,5205319732,2.40
8666,199895486317,0.00
8667,1704093886,3.10
8668,199895486317,0.00
8669,61960818,2417.40
8670,79762681102,0.40
8671,64873434191,0.20
8672,199895486317,0.00
8673,5669912171,8.00
8674,58067561,2327.40
8675,199895486317,0.00
8676,155860603001,1.00
8677,44280887,2474.50
8678,199895486317,0.00
8679,199895486317,0.00
8680,44938746,442.20
8681,1701182475,4.00
8682,199895486317,0.00
8683,199895486317,0.00
8684,64873434191,0.20
8685,61030787637,0.10
8686,908455527,6.00
8687,535432485,2.00
8688,36745301729,33.50
8689,81320577165,0.30
8690,2889121233,4.60
8691,199895486317,0.00
8692,199895486317,0.00
8693,50291397,562.40
8694,535631760,1.50
8695,1751942178,1.70
8696,199895486317,0.00
8697,61323790,402.90
8698,106733495501,0.50
8699,2361319851,3.30
8700,80605466645,17.00
8701,199895486317,0.00
8702,64873434191,0.20
8703,2318958306,1.80
8704,199895486317,0.00
8705,155860603001,1.00
8706,199895486317,0.00
8707,199895486317,0.00
8708,10562618771,15.00
8709,36335886,1727.50
8710,127069214941,0.60
8711,199895486317,0.00
8712,50737925,1467.00
8713,199895486317,0.00
8714,252876320115,0.70
8715,199895486317,0.00
8716,4516018420,1.90
8717,2873137166,1.30
8718,64873434191,0.20
8719,199895486317,0.00
8720,127069214941,0.60
8721,199895486317,0.00
8722,2318958306,1.80
8723,199895486317,0.00
8724,199895486317,0.00
8725,61030787637,0.10
8726,199895486317,0.00
8727,1791197223,2.10
8728,199895486317,0.00
8729,677366592,1.20
8730,1032785659,189.80
8731,81320577165,0.30
8732,50039995,5000.00
8733,1955963077,1.60
8734,199895486317,0.00
8735,199895486317,0.00
8736,199895486317,0.00
8737,47103465,1248.40
8738,4335179551,3.90
8739,535432485,2.00
8740,81320577165,0.30
8741,127069214941,0.60
8742,199895486317,0.00
8743,4516018420,1.90
8744,199895486317,0.00
8745,199895486317,0.00
8746,81320577165,0.30
8747,2873137166,1.30
8748,41654256,1880.80
8749,64873434191,0.20
8750,22478218763,65.80
8751,127069214941,0.60
8752,199895486317,0.00
8753,199895486317,0.00
8754,199895486317,0.00
8755,44118668,1713.70
8756,106733495501,0.50
8757,61030787637,0.10
8758,199895486317,0.00
8759,630627271,191.30
8760,199895486317,0.00
8761,7351254841,11.00
8762,64873434191,0.20
8763,13980702049,4.10
8764,71640265895,10.60
8765,1955963077,1.60
8766,199895486317,0.00
8767,199895486317,0.00
8768,2873137166,1.30
8769,155860603001,1.00
8770,41395387,1736.90
8771,81320577165,0.30
8772,155860603001,1.00
8773,81320577165,0.30
8774,64873434191,0.20
8775,199895486317,0.00
8776,199895486317,0.00
8777,29587918,1827.10
8778,1955963077,1.60
8779,79762681102,0.40
8780,535432485,2.00
8781,199895486317,0.00
8782,127069214941,0.60
8783,64873434191,0.20
8784,2472456711,3.20
8785,199895486317,0.00
8786,199895486317,0.00
8787,2881544985,2.50
8788,64873434191,0.20
8789,199895486317,0.00
8790,64873434191,0.20
8791,199895486317,0.00
8792,199895486317,0.00
8793,199895486317,0.00
8794,127069214941,0.60
8795,81320577165,0.30
8796,199895486317,0.00
8797,2881544985,2.50
8798,155860603001,1.00
8799,1791197223,2.10
8800,199895486317,0.00
8801,199895486317,0.00
8802,33367408793,33.00
8803,199895486317,0.00
8804,129042960,227.40
8805,748245431,3.00
8806,64873434191,0.20
8807,199895486317,0.00
8808,199895486317,0.00
8809,106733495501,0.50
8810,127069214941,0.60
8811,48600550127,65.10
8812,199895486317,0.00
8813,2873137166,1.30
8814,908455527,6.00
8815,1701182475,4.00
8816,81320577165,0.30
8817,3823961979,4.40
8818,199895486317,0.00
8819,64873434191,0.20
8820,35362059,2067.80
8821,199895486317,0.00
8822,1701182475,4.00
8823,199895486317,0.00
8824,175779130615,0.90
8825,175779130615,0.90
8826,64873434191,0.20
8827,252876320115,0.70
8828,81320577165,0.30
8829,199895486317,0.00
8830,2753079675,5.00
8831,52390161,4238.40
8832,199895486317,0.00
8833,9327183942,4.80
8834,199895486317,0.00
8835,81320577165,0.30
8836,293402371733,0.80
8837,1791197223,2.10
8838,199895486317,0.00
8839,199895486317,0.00
8840,199895486317,0.00
8841,199895486317,0.00
8842,10420034602,10.10
8843,199895486317,0.00
8844,199895486317,0.00
8845,3693659395,10.00
8846,199895486317,0.00
8847,199895486317,0.00
8848,199895486317,0.00
8849,2361319851,3.30
8850,22478218763,65.80
8851,79762681102,0.40
8852,199895486317,0.00
8853,535432485,2.00
8854,73555754478,8.50
8855,199895486317,0.00
8856,30887010,1323.40
8857,199895486317,0.00
8858,3693659395,10.00
8859,61030787637,0.10
8860,748245431,3.00
8861,92701645762,17.80
8862,3800969038,2.20
8863,199895486317,0.00
8864,677366592,1.20
8865,177194502690,9.60
8866,127069214941,0.60
8867,28233251674,113.40
8868,49146884,2848.90
8869,252876320115,0.70
8870,199895486317,0.00
8871,199895486317,0.00
8872,81320577165,0.30
8873,175779130615,0.90
8874,199895486317,0.00
8875,908455527,6.00
8876,12353201164,16.00
8877,199895486317,0.00
8878,199895486317,0.00
8879,64873434191,0.20
8880,79762681102,0.40
8881,79762681102,0.40
8882,8624720865,5.80
8883,199895486317,0.00
8884,199895486317,0.00
8885,199895486317,0.00
8886,48832099,707.60
8887,199895486317,0.00
8888,17584325,1342.00
8889,45902787,2865.30
8890,127069214941,0.60
8891,127069214941,0.60
8892,535432485,2.00
8893,199895486317,0.00
8894,64873434191,0.20
8895,127069214941,0.60
8896,175779130615,0.90
8897,199895486317,0.00
8898,2873137166,1.30
8899,5052072438,161.70
8900,2318958306,1.80
8901,199895486317,0.00
8902,127069214941,0.60
8903,61030787637,0.10
8904,61803199,432.10
8905,81320577165,0.30
8906,61030787637,0.10
8907,199895486317,0.00
8908,908455527,6.00
8909,3356405678,1.10
8910,199895486317,0.00
8911,175779130615,0.90
8912,127069214941,0.60
8913,199895486317,0.00
8914,175779130615,0.90
8915,199895486317,0.00
8916,199895486317,0.00
8917,535432485,2.00
8918,199895486317,0.00
8919,908455527,6.00
8920,56593823,278.00
8921,28682010,1379.30
8922,677366592,1.20
8923,64873434191,0.20
8924,199895486317,0.00
8925,28063974,659.30
8926,199895486317,0.00
8927,7654471945,2.80
8928,199895486317,0.00
8929,79762681102,0.40
8930,199895486317,0.00
8931,199895486317,0.00
8932,199895486317,0.00
8933,79762681102,0.40
8934,199895486317,0.00
8935,199895486317,0.00
8936,199895486317,0.00
8937,293402371733,0.80
8938,199895486317,0.00
8939,199895486317,0.00
8940,2873137166,1.30
8941,199895486317,0.00
8942,19629868917,14.00
8943,70070002,3256.80
8944,199895486317,0.00
8945,79762681102,0.40
8946,81320577165,0.30
8947,199895486317,0.00
8948,29976205,1521.10
8949,3800969038,2.20
8950,61030787637,0.10
8951,81320577165,0.30
8952,199895486317,0.00
8953,81320577165,0.30
8954,43794181,3148.20
8955,2873137166,1.30
8956,81320577165,0.30
8957,2318958306,1.80
8958,199895486317,0.00
8959,175779130615,0.90
8960,81320577165,0.30
8961,199895486317,0.00
8962,1751942178,1.70
8963,677366592,1.20
8964,199895486317,0.00
8965,199895486317,0.00
8966,81320577165,0.30
8967,127069214941,0.60
8968,199895486317,0.00
8969,199895486317,0.00
8970,155860603001,1.00
8971,199895486317,0.00
8972,155860603001,1.00
8973,18066436150,124.80
8974,199895486317,0.00
8975,45935765,1941.30
8976,53488392171,71.40
8977,1701182475,4.00
8978,60179662,763.40
8979,61030787637,0.10
8980,199895486317,0.00
8981,54986277,2413.80
8982,5752938622,2.60
8983,535432485,2.00
8984,60668964,951.30
8985,199895486317,0.00
8986,199895486317,0.00
8987,2873137166,1.30
8988,199895486317,0.00
8989,199895486317,0.00
8990,2472456711,3.20
8991,7846983682,30.00
8992,199895486317,0.00
8993,79762681102,0.40
8994,49961285,1405.70
8995,199895486317,0.00
8996,51754407,383.30
8997,64873434191,0.20
8998,199895486317,0.00
8999,36267560790,6.80
9000,3839210065,1.40
9001,3425424948,3.70
9002,199895486317,0.00
9003,199895486317,0.00
9004,199895486317,0.00
9005,64873434191,0.20
9006,748245431,3.00
9007,155860603001,1.00
9008,2889121233,4.60
9009,199895486317,0.00
9010,64873434191,0.20
9011,44510200,1601.60
9012,175779130615,0.90
9013,5669912171,8.00
9014,748245431,3.00
9015,19052355309,8.30
9016,127069214941,0.60
9017,52127428701,62.50
9018,199895486317,0.00
9019,20172976864,10.50
9020,199895486317,0.00
9021,81320577165,0.30
9022,64873434191,0.20
9023,199895486317,0.00
9024,199895486317,0.00
9025,199895486317,0.00
9026,1751942178,1.70
9027,1791197223,2.10
9028,199895486317,0.00
9029,199895486317,0.00
9030,199895486317,0.00
9031,19629868917,14.00
9032,199895486317,0.00
9033,199895486317,0.00
9034,61030787637,0.10
9035,199895486317,0.00
9036,61589166385,92.10
9037,155860603001,1.00
9038,61030787637,0.10
9039,127069214941,0.60
9040,62451636,872.70
9041,199895486317,0.00
9042,199895486317,0.00
9043,199895486317,0.00
9044,81320577165,0.30
9045,81320577165,0.30
9046,199895486317,0.00
9047,61030787637,0.10
9048,2881544985,2.50
9049,2318958306,1.80
9050,199895486317,0.00
9051,8008136044,7.50
9052,199895486317,0.00
9053,199895486317,0.00
9054,3800969038,2.20
9055,199895486317,0.00
9056,64873434191,0.20
9057,199895486317,0.00
9058,199895486317,0.00
9059,677366592,1.20
9060,199895486317,0.00
9061,81320577165,0.30
9062,748245431,3.00
9063,127069214941,0.60
9064,79762681102,0.40
9065,81320577165,0.30
9066,199895486317,0.00
9067,199895486317,0.00
9068,199895486317,0.00
9069,1955963077,1.60
9070,199895486317,0.00
9071,199895486317,0.00
9072,199895486317,0.00
9073,54337047,2698.60
9074,199895486317,0.00
9075,199895486317,0.00
9076,199895486317,0.00
9077,61030787637,0.10
9078,43763968977,11.40
9079,8868913657,9.00
9080,535432485,2.00
9081,199895486317,0.00
9082,199895486317,0.00
9083,64873434191,0.20
9084,199895486317,0.00
9085,199895486317,0.00
9086,2318958306,1.80
9087,127069214941,0.60
9088,61030787637,0.10
9089,199895486317,0.00
9090,199895486317,0.00
9091,199895486317,0.00
9092,64873434191,0.20
9093,199895486317,0.00
9094,199895486317,0.00
9095,66998965,494.40
9096,79762681102,0.40
9097,1955963077,1.60
9098,199895486317,0.00
9099,81320577165,0.30
9100,199895486317,0.00
9101,1751942178,1.70
9102,199895486317,0.00
9103,199895486317,0.00
9104,199895486317,0.00
9105,199895486317,0.00
9106,79762681102,0.40
9107,199895486317,0.00
9108,1791197223,2.10
9109,293402371733,0.80
9110,748245431,3.00
9111,81320577165,0.30
9112,47853928,495.50
9113,8624720865,5.80
9114,64873434191,0.20
9115,155860603001,1.00
9116,44119489,1835.30
9117,199895486317,0.00
9118,535432485,2.00
9119,64873434191,0.20
9120,31147085,1001.20
9121,199895486317,0.00
9122,1791197223,2.10
9123,10033332565,5.30
9124,199895486317,0.00
9125,1751942178,1.70
9126,61030787637,0.10
9127,1701182475,4.00
9128,199895486317,0.00
9129,199895486317,0.00
9130,199895486317,0.00
9131,199895486317,0.00
9132,16955251336,13.70
9133,748245431,3.00
9134,199895486317,0.00
9135,199895486317,0.00
9136,64873434191,0.20
9137,199895486317,0.00
9138,33871893,1067.60
9139,81320577165,0.30
9140,66022641,435.80
9141,199895486317,0.00
9142,26704876325,7.30
9143,81320577165,0.30
9144,79762681102,0.40
9145,81320577165,0.30
9146,79762681102,0.40
9147,199895486317,0.00
9148,199895486317,0.00
9149,20420313185,10.30
9150,199895486317,0.00
9151,19549051050,21.90
9152,199895486317,0.00
9153,2753079675,5.00
9154,64873434191,0.20
9155,199895486317,0.00
9156,535432485,2.00
9157,199895486317,0.00
9158,199895486317,0.00
9159,52683731,1464.50
9160,15952860451,6.60
9161,31721221,353.60
9162,127069214941,0.60
9163,199895486317,0.00
9164,43957969,2209.80
9165,61318549,581.60
9166,41264709,1186.80
9167,199895486317,0.00
9168,106733495501,0.50
9169,199895486317,0.00
9170,106733495501,0.50
9171,199895486317,0.00
9172,5613159221,2.90
9173,908455527,6.00
9174,1791197223,2.10
9175,22328757837,12.00
9176,4249103912,4.50
9177,40239245,398.90
9178,3121242162,4.20
9179,677366592,1.20
9180,64873434191,0.20
9181,199895486317,0.00
9182,81320577165,0.30
9183,199895486317,0.00
9184,199895486317,0.00
9185,199895486317,0.00
9186,199895486317,0.00
9187,2485006415,163.70
9188,79762681102,0.40
9189,3356405678,1.10
9190,61030787637,0.10
9191,199895486317,0.00
9192,62334718,274.90
9193,106733495501,0.50
9194,735281168,195.20
9195,199895486317,0.00
9196,81320577165,0.30
9197,199895486317,0.00
9198,199895486317,0.00
9199,26691848497,11.80
9200,127069214941,0.60
9201,19549051050,21.90
9202,535631760,1.50
9203,155860603001,1.00
9204,36267560790,6.80
9205,199895486317,0.00
9206,199895486317,0.00
9207,199895486317,0.00
9208,1955963077,1.60
9209,127069214941,0.60
9210,199895486317,0.00
9211,8663522153,20.00
9212,199895486317,0.00
9213,748245431,3.00
9214,748245431,3.00
9215,748245431,3.00
9216,199895486317,0.00
9217,2873137166,1.30
9218,61030787637,0.10
9219,64873434191,0.20
9220,535631760,1.50
9221,199895486317,0.00
9222,199895486317,0.00
9223,199895486317,0.00
9224,199895486317,0.00
9225,199895486317,0.00
9226,199895486317,0.00
9227,199895486317,0.00
9228,42016841,403.30
9229,199895486317,0.00
9230,28025177064,110.30
9231,175779130615,0.90
9232,59045652,601.40
9233,22386654783,5.50
9234,199895486317,0.00
9235,199895486317,0.00
9236,81320577165,0.30
9237,56458299,546.00
9238,81320577165,0.30
9239,155860603001,1.00
9240,5752938622,2.60
9241,50039995,5000.00
9242,199895486317,0.00
9243,49597401148,94.80
9244,127069214941,0.60
9245,199895486317,0.00
9246,199895486317,0.00
9247,677366592,1.20
9248,50039995,5000.00
9249,10825188902,7.00
9250,293402371733,0.80
9251,127069214941,0.60
9252,1701182475,4.00
9253,15262609751,7.20
9254,199895486317,0.00
9255,79762681102,0.40
9256,79762681102,0.40
9257,3693659395,10.00
9258,199895486317,0.00
9259,81320577165,0.30
9260,199895486317,0.00
9261,252876320115,0.70
9262,64873434191,0.20
9263,81320577165,0.30
9264,199895486317,0.00
9265,199895486317,0.00
9266,199895486317,0.00
9267,199895486317,0.00
9268,64873434191,0.20
9269,106733495501,0.50
9270,199895486317,0.00
9271,199895486317,0.00
9272,2873137166,1.30
9273,106733495501,0.50
9274,1701182475,4.00
9275,64873434191,0.20
9276,13980702049,4.10
9277,199895486317,0.00
9278,81320577165,0.30
9279,199895486317,0.00
9280,81320577165,0.30
9281,199895486317,0.00
9282,199895486317,0.00
9283,2873137166,1.30
9284,199895486317,0.00
9285,199895486317,0.00
9286,199895486317,0.00
9287,908455527,6.00
9288,199895486317,0.00
9289,64873434191,0.20
9290,1751942178,1.70
9291,127069214941,0.60
9292,199895486317,0.00
9293,199895486317,0.00
9294,51273030,370.00
9295,199895486317,0.00
9296,199895486317,0.00
9297,199895486317,0.00
9298,12353201164,16.00
9299,175779130615,0.90
9300,199895486317,0.00
9301,908455527,6.00
9302,3839210065,1.40
9303,535432485,2.00
9304,106733495501,0.50
9305,199895486317,0.00
9306,50039995,5000.00
9307,42500999,441.20
9308,199895486317,0.00
9309,199895486317,0.00
9310,81320577165,0.30
9311,199895486317,0.00
9312,175779130615,0.90
9313,66316337854,8.10
9314,199895486317,0.00
9315,155860603001,1.00
9316,199895486317,0.00
9317,64873434191,0.20
9318,81320577165,0.30
9319,199895486317,0.00
9320,2881544985,2.50
9321,199895486317,0.00
9322,199895486317,0.00
9323,199895486317,0.00
9324,199895486317,0.00
9325,45676354,1816.30
9326,106733495501,0.50
9327,5205319732,2.40
9328,45583676,421.80
9329,199895486317,0.00
9330,199895486317,0.00
9331,79762681102,0.40
9332,199895486317,0.00
9333,127069214941,0.60
9334,908455527,6.00
9335,199895486317,0.00
9336,2873137166,1.30
9337,64873434191,0.20
9338,81320577165,0.30
9339,199895486317,0.00
9340,199895486317,0.00
9341,175779130615,0.90
9342,5613159221,2.90
9343,199895486317,0.00
9344,155860603001,1.00
9345,3693659395,10.00
9346,199895486317,0.00
9347,127069214941,0.60
9348,199895486317,0.00
9349,199895486317,0.00
9350,199895486317,0.00
9351,199895486317,0.00
9352,199895486317,0.00
9353,2318958306,1.80
9354,199895486317,0.00
9355,2361319851,3.30
9356,199895486317,0.00
9357,5669912171,8.00
9358,175779130615,0.90
9359,2753079675,5.00
9360,31873885,508.60
9361,64873434191,0.20
9362,2873137166,1.30
9363,43477335,968.00
9364,535432485,2.00
9365,2318958306,1.80
9366,78425059250,11.50
9367,199895486317,0.00
9368,199895486317,0.00
9369,155860603001,1.00
9370,199895486317,0.00
9371,250376869559,12.90
9372,199895486317,0.00
9373,64873434191,0.20
9374,535432485,2.00
9375,199895486317,0.00
9376,61030787637,0.10
9377,199895486317,0.00
9378,199895486317,0.00
9379,199895486317,0.00
9380,61030787637,0.10
9381,42020455,739.60
9382,199895486317,0.00
9383,42667998,787.60
9384,16955251336,13.70
9385,5205319732,2.40
9386,79762681102,0.40
9387,199895486317,0.00
9388,199895486317,0.00
9389,199895486317,0.00
9390,81320577165,0.30
9391,81320577165,0.30
9392,199895486317,0.00
9393,199895486317,0.00
9394,155860603001,1.00
9395,1751942178,1.70
9396,199895486317,0.00
9397,1701182475,4.00
9398,106733495501,0.50
9399,199895486317,0.00
9400,199895486317,0.00
9401,199895486317,0.00
9402,175779130615,0.90
9403,535432485,2.00
9404,81320577165,0.30
9405,199895486317,0.00
9406,535631760,1.50
9407,81320577165,0.30
9408,748245431,3.00
9409,199895486317,0.00
9410,37763006,1147.50
9411,199895486317,0.00
9412,199895486317,0.00
9413,175779130615,0.90
9414,908455527,6.00
9415,199895486317,0.00
9416,3839210065,1.40
9417,199895486317,0.00
9418,199895486317,0.00
9419,199895486317,0.00
9420,461947271,197.80
9421,64873434191,0.20
9422,199895486317,0.00
9423,38411778,1607.90
9424,199895486317,0.00
9425,199895486317,0.00
9426,33870161,1283.50
9427,199895486317,0.00
9428,199895486317,0.00
9429,199895486317,0.00
9430,83363186551,17.90
9431,199895486317,0.00
9432,47726722,338.20
9433,199895486317,0.00
9434,81320577165,0.30
9435,64873434191,0.20
9436,45938537,1419.50
9437,677366592,1.20
9438,199895486317,0.00
9439,199895486317,0.00
9440,677366592,1.20
9441,199895486317,0.00
9442,199895486317,0.00
9443,61030787637,0.10
9444,81320577165,0.30
9445,44768196,1927.50
9446,1701182475,4.00
9447,3356405678,1.10
9448,26384521500,4.90
9449,50039995,5000.00
9450,199895486317,0.00
9451,535631760,1.50
9452,199895486317,0.00
9453,199895486317,0.00
9454,26384521500,4.90
9455,1704093886,3.10
9456,199895486317,0.00
9457,175779130615,0.90
9458,20420313185,10.30
9459,155860603001,1.00
9460,199895486317,0.00
9461,199895486317,0.00
9462,199895486317,0.00
9463,3693659395,10.00
9464,7351254841,11.00
9465,1701182475,4.00
9466,293402371733,0.80
9467,199895486317,0.00
9468,199895486317,0.00
9469,199895486317,0.00
9470,35258134764,30.30
9471,535432485,2.00
9472,4335179551,3.90
9473,41219689617,87.60
9474,199895486317,0.00
9475,2205030512,2.30
9476,70069806,3703.00
9477,52234397,876.10
9478,199895486317,0.00
9479,535432485,2.00
9480,64873434191,0.20
9481,127069214941,0.60
9482,2318958306,1.80
9483,535631760,1.50
9484,3121242162,4.20
9485,59208267,860.70
9486,199895486317,0.00
9487,1955963077,1.60
9488,199895486317,0.00
9489,199895486317,0.00
9490,2318958306,1.80
9491,199895486317,0.00
9492,199895486317,0.00
9493,6484196235,3.60
9494,81320577165,0.30
9495,106733495501,0.50
9496,45918513,374.40
9497,199895486317,0.00
9498,175779130615,0.90
9499,64873434191,0.20
9500,199895486317,0.00
9501,4516018420,1.90
9502,677366592,1.20
9503,199895486317,0.00
9504,106733495501,0.50
9505,199895486317,0.00
9506,40748800,1094.70
9507,66664717,2434.80
9508,2472456711,3.20
9509,2873137166,1.30
9510,15262609751,7.20
9511,1034542689,189.00
9512,2753079675,5.00
9513,155860603001,1.00
9514,155860603001,1.00
9515,36496434,2458.20
9516,106733495501,0.50
9517,535432485,2.00
9518,199895486317,0.00
9519,199895486317,0.00
9520,4839275026,5.60
9521,199895486317,0.00
9522,40290688145,10.80
9523,72541109709,12.70
9524,47687025,2111.00
9525,20536413749,38.80
9526,5788605390,5.20
9527,199895486317,0.00
9528,199895486317,0.00
9529,199895486317,0.00
9530,199895486317,0.00
9531,81320577165,0.30
9532,23187038600,7.60
9533,748245431,3.00
9534,106733495501,0.50
9535,199895486317,0.00
9536,199895486317,0.00
9537,175779130615,0.90
9538,199895486317,0.00
9539,175779130615,0.90
9540,199895486317,0.00
9541,64873434191,0.20
9542,106733495501,0.50
9543,199895486317,0.00
9544,199895486317,0.00
9545,50039995,5000.00
9546,50039995,5000.00
9547,199895486317,0.00
9548,677366592,1.20
9549,79762681102,0.40
9550,11132852060,6.10
9551,3693659395,10.00
9552,199895486317,0.00
9553,199895486317,0.00
9554,61030787637,0.10
9555,199895486317,0.00
9556,127069214941,0.60
9557,199895486317,0.00
9558,535432485,2.00
9559,15931488620,138.30
9560,14744326110,5.40
9561,908455527,6.00
9562,106733495501,0.50
9563,11132852060,6.10
9564,748245431,3.00
9565,22639997474,41.00
9566,199895486317,0.00
9567,199895486317,0.00
9568,6484196235,3.60
9569,293402371733,0.80
9570,77020094633,9.10
9571,199895486317,0.00
9572,125242948,220.30
9573,535432485,2.00
9574,199895486317,0.00
9575,26704876325,7.30
9576,2472456711,3.20
9577,127069214941,0.60
9578,199895486317,0.00
9579,199895486317,0.00
9580,9641276294,3.80
9581,199895486317,0.00
9582,535432485,2.00
9583,175779130615,0.90
9584,199895486317,0.00
9585,199895486317,0.00
9586,199895486317,0.00
9587,3839210065,1.40
9588,47494344,1330.30
9589,106733495501,0.50
9590,252876320115,0.70
9591,7351254841,11.00
9592,48792321,1714.90
9593,9641276294,3.80
9594,106733495501,0.50
9595,199895486317,0.00
9596,48780794587,8.20
9597,64873434191,0.20
9598,252876320115,0.70
9599,8109457303,6.20
9600,1751942178,1.70
9601,79762681102,0.40
9602,175779130615,0.90
9603,908455527,6.00
9604,199895486317,0.00
9605,79762681102,0.40
9606,199895486317,0.00
9607,199895486317,0.00
9608,79762681102,0.40
9609,81320577165,0.30
9610,3693659395,10.00
9611,535432485,2.00
9612,199895486317,0.00
9613,199895486317,0.00
9614,64873434191,0.20
9615,199895486317,0.00
9616,28940787,1209.20
9617,199895486317,0.00
9618,61030787637,0.10
9619,64873434191,0.20
9620,20472273234,7.40
9621,65951881599,11.30
9622,199895486317,0.00
9623,748245431,3.00
9624,748245431,3.00
9625,40229410,655.30
9626,10562618771,15.00
9627,199895486317,0.00
9628,293402371733,0.80
9629,199895486317,0.00
9630,51823579724,12.20
9631,199895486317,0.00
9632,127069214941,0.60
9633,199895486317,0.00
9634,199895486317,0.00
9635,9754641018,4.30
9636,199895486317,0.00
9637,252876320115,0.70
9638,199895486317,0.00
9639,677366592,1.20
9640,677366592,1.20
9641,155860603001,1.00
9642,199895486317,0.00
9643,13363524374,3.50
9644,81320577165,0.30
9645,535432485,2.00
9646,199895486317,0.00
9647,95464417,244.50
9648,5752938622,2.60
9649,42182996,458.50
9650,199895486317,0.00
9651,199895486317,0.00
9652,199895486317,0.00
9653,199895486317,0.00
9654,199895486317,0.00
9655,175779130615,0.90
9656,11132852060,6.10
9657,199895486317,0.00
9658,199895486317,0.00
9659,64873434191,0.20
9660,199895486317,0.00
9661,46016127,286.20
9662,748245431,3.00
9663,155860603001,1.00
9664,199895486317,0.00
9665,12473548098,6.50
9666,199895486317,0.00
9667,61030787637,0.10
9668,79762681102,0.40
9669,2753079675,5.00
9670,127069214941,0.60
9671,2753079675,5.00
9672,199895486317,0.00
9673,199895486317,0.00
9674,61030787637,0.10
9675,199895486317,0.00
9676,81320577165,0.30
9677,1701182475,4.00
9678,199895486317,0.00
9679,199895486317,0.00
9680,64873434191,0.20
9681,199895486317,0.00
9682,127069214941,0.60
9683,64015291,267.40
9684,199895486317,0.00
9685,2205030512,2.30
9686,199895486317,0.00
9687,199895486317,0.00
9688,199895486317,0.00
9689,50491464319,31.40
9690,3693659395,10.00
9691,61030787637,0.10
9692,199895486317,0.00
9693,3839210065,1.40
9694,199895486317,0.00
9695,199895486317,0.00
9696,199895486317,0.00
9697,56608175,2018.60
9698,50039995,5000.00
9699,127069214941,0.60
9700,199895486317,0.00
9701,3800969038,2.20
9702,5613159221,2.90
9703,1701182475,4.00
9704,199895486317,0.00
9705,199895486317,0.00
9706,199895486317,0.00
9707,36467316,1294.40
9708,199895486317,0.00
9709,19804091640,10.70
9710,81320577165,0.30
9711,199895486317,0.00
9712,199895486317,0.00
9713,7351254841,11.00
9714,7351254841,11.00
9715,677366592,1.20
9716,3693659395,10.00
9717,10825188902,7.00
9718,47495722,1292.70
9719,748245431,3.00
9720,106733495501,0.50
9721,61030787637,0.10
9722,79762681102,0.40
9723,199895486317,0.00
9724,199895486317,0.00
9725,47106988,1255.60
9726,43599884,3350.30
9727,31664319,1120.30
9728,199895486317,0.00
9729,199895486317,0.00
9730,199895486317,0.00
9731,106733495501,0.50
9732,10309316445,3.40
9733,199895486317,0.00
9734,199895486317,0.00
9735,199895486317,0.00
9736,127069214941,0.60
9737,199895486317,0.00
9738,39968634,1211.90
9739,199895486317,0.00
9740,175779130615,0.90
9741,81320577165,0.30
9742,199895486317,0.00
9743,199895486317,0.00
9744,199895486317,0.00
9745,199895486317,0.00
9746,199895486317,0.00
9747,199895486317,0.00
9748,199895486317,0.00
9749,199895486317,0.00
9750,95192262692,16.90
9751,47686688,2874.20
9752,31721221,353.60
9753,199895486317,0.00
9754,31901006168,123.50
9755,3121242162,4.20
9756,61030787637,0.10
9757,677366592,1.20
9758,43317491,802.50
9759,199895486317,0.00
9760,199895486317,0.00
9761,64873434191,0.20
9762,199895486317,0.00
9763,175779130615,0.90
9764,44444699,2308.90
9765,106733495501,0.50
9766,81320577165,0.30
9767,127069214941,0.60
9768,2361319851,3.30
9769,39260116,608.00
9770,50039995,5000.00
9771,127069214941,0.60
9772,535432485,2.00
9773,535631760,1.50
9774,8663522153,20.00
9775,199895486317,0.00
9776,199895486317,0.00
9777,199895486317,0.00
9778,2873137166,1.30
9779,199895486317,0.00
9780,38604459,2533.30
9781,293402371733,0.80
9782,1701182475,4.00
9783,155860603001,1.00
9784,26606819,372.20
9785,20172976864,10.50
9786,79762681102,0.40
9787,5752938622,2.60
9788,1955963077,1.60
9789,199895486317,0.00
9790,199895486317,0.00
9791,199895486317,0.00
9792,8008136044,7.50
9793,199895486317,0.00
9794,293402371733,0.80
9795,69706745620,85.00
9796,199895486317,0.00
9797,12473548098,6.50
9798,155860603001,1.00
9799,79762681102,0.40
9800,199895486317,0.00
9801,64873434191,0.20
9802,3356405678,1.10
9803,199895486317,0.00
9804,10420034602,10.10
9805,8868913657,9.00
9806,199895486317,0.00
9807,199895486317,0.00
9808,199895486317,0.00
9809,81320577165,0.30
9810,64403307,449.50
9811,1791197223,2.10
9812,199895486317,0.00
9813,175779130615,0.90
9814,74546435,3801.90
9815,535432485,2.00
9816,199895486317,0.00
9817,199895486317,0.00
9818,127069214941,0.60
9819,22386654783,5.50
9820,64873434191,0.20
9821,81320577165,0.30
9822,81320577165,0.30
9823,64873434191,0.20
9824,175779130615,0.90
9825,31922459,1569.50
9826,199895486317,0.00
9827,535432485,2.00
9828,175779130615,0.90
9829,199895486317,0.00
9830,199895486317,0.00
9831,79762681102,0.40
9832,10033332565,5.30
9833,199895486317,0.00
9834,199895486317,0.00
9835,45295756,334.40
9836,199895486317,0.00
9837,199895486317,0.00
9838,81320577165,0.30
9839,106733495501,0.50
9840,9754641018,4.30
9841,199895486317,0.00
9842,199895486317,0.00
9843,81320577165,0.30
9844,199895486317,0.00
9845,81320577165,0.30
9846,55083010,3451.00
9847,81320577165,0.30
9848,61030787637,0.10
9849,748245431,3.00
9850,199895486317,0.00
9851,81320577165,0.30
9852,2881544985,2.50
9853,199895486317,0.00
9854,199895486317,0.00
9855,199895486317,0.00
9856,199895486317,0.00
9857,199895486317,0.00
9858,199895486317,0.00
9859,3693659395,10.00
9860,81320577165,0.30
9861,44768326,1653.10
9862,56127010,688.60
9863,199895486317,0.00
9864,127069214941,0.60
9865,199895486317,0.00
9866,199895486317,0.00
9867,199895486317,0.00
9868,62146411974,77.90
9869,55571138,313.40
9870,199895486317,0.00
9871,61030787637,0.10
9872,199895486317,0.00
9873,5669912171,8.00
9874,199895486317,0.00
9875,2205030512,2.30
9876,199895486317,0.00
9877,199895486317,0.00
9878,52401324,531.90
9879,199895486317,0.00
9880,2205030512,2.30
9881,127069214941,0.60
9882,127069214941,0.60
9883,33220015,1433.50
9884,199895486317,0.00
9885,199895486317,0.00
9886,199895486317,0.00
9887,199895486317,0.00
9888,175779130615,0.90
9889,535631760,1.50
9890,199895486317,0.00
9891,3425424948,3.70
9892,199895486317,0.00
9893,199895486317,0.00
9894,199895486317,0.00
9895,840096122,190.50
9896,199895486317,0.00
9897,199895486317,0.00
9898,106733495501,0.50
9899,106733495501,0.50
9900,677366592,1.20
9901,199895486317,0.00
9902,2361319851,3.30
9903,199895486317,0.00
9904,2318958306,1.80
9905,155860603001,1.00
9906,81320577165,0.30
9907,199895486317,0.00
9908,12138563020,21.00
9909,61030787637,0.10
9910,677366592,1.20
9911,199895486317,0.00
9912,199895486317,0.00
9913,535432485,2.00
9914,199895486317,0.00
9915,61030787637,0.10
9916,64873434191,0.20
9917,19549051050,21.90
9918,199895486317,0.00
9919,35428498,1039.50
9920,199895486317,0.00
9921,199895486317,0.00
9922,199895486317,0.00
9923,199895486317,0.00
9924,293402371733,0.80
9925,199895486317,0.00
9926,38995716035,6.90
9927,199895486317,0.00
9928,199895486317,0.00
9929,199895486317,0.00
9930,199895486317,0.00
9931,199895486317,0.00
9932,155860603001,1.00
9933,908455527,6.00
9934,127069214941,0.60
9935,677366592,1.20
9936,199895486317,0.00
9937,61030787637,0.10
9938,199895486317,0.00
9939,81320577165,0.30
9940,535432485,2.00
9941,61030787637,0.10
9942,199895486317,0.00
9943,748245431,3.00
9944,748245431,3.00
9945,252876320115,0.70
9946,199895486317,0.00
9947,199895486317,0.00
9948,2881544985,2.50
9949,199895486317,0.00
9950,199895486317,0.00
9951,748245431,3.00
9952,5205319732,2.40
9953,155860603001,1.00
9954,199895486317,0.00
9955,199895486317,0.00
9956,133856469111,61.10
9957,61030787637,0.10
9958,199895486317,0.00
9959,199895486317,0.00
9960,199895486317,0.00
9961,61030787637,0.10
9962,199895486317,0.00
9963,199895486317,0.00
9964,5669912171,8.00
9965,199895486317,0.00
9966,293402371733,0.80
9967,252876320115,0.70
9968,59797814605,84.30
9969,79762681102,0.40
9970,199895486317,0.00
9971,52239135,477.60
9972,155860603001,1.00
9973,199895486317,0.00
9974,199895486317,0.00
9975,535631760,1.50
9976,535432485,2.00
9977,5669912171,8.00
9978,79762681102,0.40
9979,199895486317,0.00
9980,81320577165,0.30
9981,535631760,1.50
9982,1955963077,1.60
9983,199895486317,0.00
9984,2873137166,1.30
9985,7654471945,2.80
9986,3693659395,10.00
9987,199895486317,0.00
9988,199895486317,0.00
9989,1701182475,4.00
9990,199895486317,0.00
9991,155860603001,1.00
9992,61030787637,0.10
9993,199895486317,0.00
9994,199895486317,0.00
9995,199895486317,0.00
9996,199895486317,0.00
9997,199895486317,0.00
9998,155860603001,1.00
9999,199895486317,0.00
