Name,Pig8
Score,0.36666000000000004
LockedUpRTP,
Rtp,0.9699999993966134
Win Ranges
0,0.1,1 in 1.410
0.1,1,1 in 4.254
1,2,1 in 39.796
2,3,1 in 1037.136
3,5,1 in 491.417
5,10,1 in 201.384
10,20,1 in 106.457
20,50,1 in 112.926
50,100,1 in 277.014
100,200,1 in 1518.578
200,500,1 in 44111.975
500,1000,1 in 86399.303
1000,2000,1 in 102642.677
2000,3000,1 in 204604.867
3000,5001,1 in 180824.946
Distribution
0,199895486317,0.00
1,47581177533,0.60
2,50039995,5000.00
3,2722576770,2.40
4,7593169253,3.90
5,135642539710,0.90
6,2722576770,2.40
7,108521213829,1.00
8,199895486317,0.00
9,79569824489,0.20
10,47581177533,0.60
11,1877036231,3.20
12,199895486317,0.00
13,79569824489,0.20
14,199895486317,0.00
15,125251130881,0.40
16,199895486317,0.00
17,199895486317,0.00
18,47581177533,0.60
19,1197856636,4.00
20,79569824489,0.20
21,199895486317,0.00
22,47581177533,0.60
23,199895486317,0.00
24,1557810541,1.30
25,108521213829,1.00
26,10482536530,6.30
27,108521213829,1.00
28,199895486317,0.00
29,199895486317,0.00
30,1425911958,1.20
31,199895486317,0.00
32,85766066235,0.30
33,315613776,3.00
34,1557673766,1.50
35,125251130881,0.40
36,199895486317,0.00
37,41701171416,8.20
38,41250166,2302.30
39,199895486317,0.00
40,199895486317,0.00
41,199895486317,0.00
42,79569824489,0.20
43,199895486317,0.00
44,34375366837,22.30
45,85766066235,0.30
46,282289224917,0.50
47,612378653,2.00
48,108521213829,1.00
49,135642539710,0.90
50,85766066235,0.30
51,199895486317,0.00
52,199895486317,0.00
53,85766066235,0.30
54,7719435,372.50
55,199895486317,0.00
56,1557673766,1.50
57,199895486317,0.00
58,16753262427,130.40
59,79569824489,0.20
60,3270594067,4.60
61,199895486317,0.00
62,199895486317,0.00
63,5899738755,1.90
64,199895486317,0.00
65,135642539710,0.90
66,199895486317,0.00
67,31814297765,14.00
68,6812533058,3.70
69,154726356527,0.80
70,199895486317,0.00
71,4052373477,151.50
72,13707961911,7.00
73,199895486317,0.00
74,83060392419,0.10
75,199895486317,0.00
76,85766066235,0.30
77,36913030063,18.00
78,199895486317,0.00
79,199895486317,0.00
80,199895486317,0.00
81,7144337,3773.50
82,79569824489,0.20
83,24086678,3631.80
84,199895486317,0.00
85,14189473,4166.20
86,97136367,551.90
87,3134113128,1.10
88,2624243096,2.30
89,47581177533,0.60
90,199895486317,0.00
91,36543957,2569.00
92,135642539710,0.90
93,199895486317,0.00
94,199895486317,0.00
95,277321179970,0.70
96,315613776,3.00
97,199895486317,0.00
98,85766066235,0.30
99,79569824489,0.20
100,135642539710,0.90
101,125251130881,0.40
102,154726356527,0.80
103,156485972372,26.50
104,1425911958,1.20
105,93018437,513.10
106,47581177533,0.60
107,1675465947,6.00
108,1675465947,6.00
109,1425911958,1.20
110,85766066235,0.30
111,199895486317,0.00
112,612378653,2.00
113,199895486317,0.00
114,199895486317,0.00
115,1425911958,1.20
116,199895486317,0.00
117,199895486317,0.00
118,199895486317,0.00
119,47581177533,0.60
120,199895486317,0.00
121,199895486317,0.00
122,199895486317,0.00
123,199895486317,0.00
124,9981756909,4.40
125,85766066235,0.30
126,612378653,2.00
127,199895486317,0.00
128,85766066235,0.30
129,67134537,407.70
130,44415177043,12.80
131,1557673766,1.50
132,85766066235,0.30
133,5672525727,116.90
134,199895486317,0.00
135,199895486317,0.00
136,199895486317,0.00
137,1425911958,1.20
138,199895486317,0.00
139,76546710,891.50
140,8446418365,123.60
141,125251130881,0.40
142,199895486317,0.00
143,1877036231,3.20
144,31117648,1588.30
145,79569824489,0.20
146,105372232,844.70
147,2072511162,1.40
148,79569824489,0.20
149,277321179970,0.70
150,612378653,2.00
151,97503500,3182.90
152,199895486317,0.00
153,199895486317,0.00
154,612378653,2.00
155,79569824489,0.20
156,83060392419,0.10
157,199895486317,0.00
158,108521213829,1.00
159,199895486317,0.00
160,3671113205,2.60
161,199895486317,0.00
162,16507150,898.70
163,106548783,872.00
164,79569824489,0.20
165,85766066235,0.30
166,85766066235,0.30
167,199895486317,0.00
168,199895486317,0.00
169,199895486317,0.00
170,1197856636,4.00
171,1197856636,4.00
172,199895486317,0.00
173,108521213829,1.00
174,41939733353,30.80
175,2920269406,3.10
176,199895486317,0.00
177,199895486317,0.00
178,199895486317,0.00
179,154726356527,0.80
180,282289224917,0.50
181,199895486317,0.00
182,199895486317,0.00
183,85766066235,0.30
184,199895486317,0.00
185,199895486317,0.00
186,20367337115,6.90
187,199895486317,0.00
188,199895486317,0.00
189,199895486317,0.00
190,199895486317,0.00
191,199895486317,0.00
192,199895486317,0.00
193,199895486317,0.00
194,108521213829,1.00
195,85766066235,0.30
196,199895486317,0.00
197,199895486317,0.00
198,199895486317,0.00
199,199895486317,0.00
200,199895486317,0.00
201,199895486317,0.00
202,199895486317,0.00
203,199895486317,0.00
204,199895486317,0.00
205,4396518058,2.90
206,199895486317,0.00
207,110105068792,72.60
208,4583016053,9.00
209,142376024857,9.70
210,79569824489,0.20
211,199895486317,0.00
212,199895486317,0.00
213,1197856636,4.00
214,83060392419,0.10
215,199895486317,0.00
216,16425131247,4.50
217,83060392419,0.10
218,154726356527,0.80
219,80076365,605.00
220,85766066235,0.30
221,79569824489,0.20
222,199895486317,0.00
223,3603100504,5.00
224,84782577,4069.40
225,86208611,3727.40
226,85766066235,0.30
227,94783369,418.30
228,199895486317,0.00
229,154726356527,0.80
230,199895486317,0.00
231,23795996363,8.40
232,199895486317,0.00
233,199895486317,0.00
234,199895486317,0.00
235,135642539710,0.90
236,125251130881,0.40
237,199895486317,0.00
238,199895486317,0.00
239,47132923,2420.50
240,199895486317,0.00
241,199895486317,0.00
242,79569824489,0.20
243,199895486317,0.00
244,83060392419,0.10
245,199895486317,0.00
246,199895486317,0.00
247,277321179970,0.70
248,612378653,2.00
249,199895486317,0.00
250,89489752,397.20
251,199895486317,0.00
252,15165278392,10.10
253,199895486317,0.00
254,277321179970,0.70
255,1425911958,1.20
256,125251130881,0.40
257,48897749,553.00
258,199895486317,0.00
259,2237290763,1.60
260,85766066235,0.30
261,34779128,753.80
262,199895486317,0.00
263,2624243096,2.30
264,168929195257,39.10
265,1675465947,6.00
266,199895486317,0.00
267,199895486317,0.00
268,11124190561,11.00
269,199895486317,0.00
270,1675465947,6.00
271,79569824489,0.20
272,83060392419,0.10
273,79569824489,0.20
274,199895486317,0.00
275,199895486317,0.00
276,199895486317,0.00
277,3601999651,3.60
278,199895486317,0.00
279,53847023616,23.70
280,199895486317,0.00
281,50039995,5000.00
282,43014989,819.70
283,85766066235,0.30
284,70337017565,52.50
285,108521213829,1.00
286,199895486317,0.00
287,13601199,641.70
288,612378653,2.00
289,79569824489,0.20
290,3603100504,5.00
291,199895486317,0.00
292,125251130881,0.40
293,199895486317,0.00
294,199895486317,0.00
295,315613776,3.00
296,44614267,273.00
297,108521213829,1.00
298,83060392419,0.10
299,1557810541,1.30
300,13012924,664.00
301,199895486317,0.00
302,199895486317,0.00
303,315613776,3.00
304,199895486317,0.00
305,199895486317,0.00
306,18860252,677.60
307,1425911958,1.20
308,67722577,721.90
309,199895486317,0.00
310,199895486317,0.00
311,1425911958,1.20
312,25036160316,4.90
313,199895486317,0.00
314,47581177533,0.60
315,199895486317,0.00
316,30041449631,4.80
317,154726356527,0.80
318,199895486317,0.00
319,47581177533,0.60
320,199895486317,0.00
321,108521213829,1.00
322,13234060,1303.80
323,199895486317,0.00
324,11124190561,11.00
325,47581177533,0.60
326,38334587382,60.00
327,79569824489,0.20
328,199895486317,0.00
329,199895486317,0.00
330,199895486317,0.00
331,47581177533,0.60
332,199895486317,0.00
333,199895486317,0.00
334,199895486317,0.00
335,47581177533,0.60
336,41000681,1441.10
337,282289224917,0.50
338,282289224917,0.50
339,612378653,2.00
340,199895486317,0.00
341,50039995,5000.00
342,125251130881,0.40
343,4583016053,9.00
344,90665330,4158.50
345,1425911958,1.20
346,1877036231,3.20
347,199895486317,0.00
348,79569824489,0.20
349,35230137706,20.50
350,199895486317,0.00
351,282289224917,0.50
352,199895486317,0.00
353,2624243096,2.30
354,2957124586,2.20
355,75164689971,35.30
356,199895486317,0.00
357,199895486317,0.00
358,199895486317,0.00
359,2722576770,2.40
360,199895486317,0.00
361,199895486317,0.00
362,199895486317,0.00
363,85766066235,0.30
364,83060392419,0.10
365,199895486317,0.00
366,282289224917,0.50
367,199895486317,0.00
368,199895486317,0.00
369,108521213829,1.00
370,1425911958,1.20
371,85766066235,0.30
372,199895486317,0.00
373,2072511162,1.40
374,342419485,231.50
375,199895486317,0.00
376,199895486317,0.00
377,7586612,1473.20
378,1557673766,1.50
379,199895486317,0.00
380,199895486317,0.00
381,199895486317,0.00
382,1425911958,1.20
383,199895486317,0.00
384,4396518058,2.90
385,11892078165,30.00
386,70118705,355.70
387,85766066235,0.30
388,4900725713,1.80
389,58406878498,13.90
390,199895486317,0.00
391,612378653,2.00
392,27142704,360.10
393,612378653,2.00
394,1765202099,10.00
395,47581177533,0.60
396,1123053048,169.30
397,199895486317,0.00
398,199895486317,0.00
399,44765647,1275.30
400,199895486317,0.00
401,125251130881,0.40
402,125251130881,0.40
403,79569824489,0.20
404,42750199324,98.40
405,199895486317,0.00
406,135642539710,0.90
407,199895486317,0.00
408,199895486317,0.00
409,135642539710,0.90
410,79569824489,0.20
411,315613776,3.00
412,282879165,247.00
413,47581177533,0.60
414,199895486317,0.00
415,50662579,597.90
416,199895486317,0.00
417,21027426610,46.30
418,1765202099,10.00
419,315613776,3.00
420,85766066235,0.30
421,199895486317,0.00
422,199895486317,0.00
423,199895486317,0.00
424,199895486317,0.00
425,199895486317,0.00
426,31814297765,14.00
427,612378653,2.00
428,1425911958,1.20
429,47581177533,0.60
430,1557673766,1.50
431,2237290763,1.60
432,108521213829,1.00
433,199895486317,0.00
434,199895486317,0.00
435,315613776,3.00
436,4900725713,1.80
437,85766066235,0.30
438,3134113128,1.10
439,47581177533,0.60
440,85766066235,0.30
441,199895486317,0.00
442,83060392419,0.10
443,1468200622,163.70
444,199895486317,0.00
445,199895486317,0.00
446,199895486317,0.00
447,199895486317,0.00
448,13707961911,7.00
449,199895486317,0.00
450,199895486317,0.00
451,199895486317,0.00
452,108521213829,1.00
453,97136891,403.90
454,199895486317,0.00
455,1557810541,1.30
456,55589922,1899.00
457,47581177533,0.60
458,827537279,213.00
459,1557810541,1.30
460,199895486317,0.00
461,60493461586,43.00
462,199895486317,0.00
463,612378653,2.00
464,199895486317,0.00
465,199895486317,0.00
466,199895486317,0.00
467,15121573459,5.10
468,81474056,1082.00
469,282289224917,0.50
470,199895486317,0.00
471,315613776,3.00
472,199895486317,0.00
473,199895486317,0.00
474,199895486317,0.00
475,74193608,938.80
476,282289224917,0.50
477,199895486317,0.00
478,14466990022,40.00
479,199895486317,0.00
480,84782579,450.60
481,199895486317,0.00
482,282289224917,0.50
483,199895486317,0.00
484,110452715292,72.00
485,4396518058,2.90
486,199895486317,0.00
487,21248805191,7.40
488,199895486317,0.00
489,199895486317,0.00
490,199895486317,0.00
491,199895486317,0.00
492,199895486317,0.00
493,199895486317,0.00
494,85766066235,0.30
495,199895486317,0.00
496,44558676,3659.80
497,199895486317,0.00
498,21248786,998.80
499,199895486317,0.00
500,7923519665,3.40
501,108521213829,1.00
502,282289224917,0.50
503,2722576770,2.40
504,199895486317,0.00
505,199895486317,0.00
506,277321179970,0.70
507,199895486317,0.00
508,83060392419,0.10
509,199895486317,0.00
510,77709094,1368.30
511,1557673766,1.50
512,369440902,241.50
513,13929842199,10.20
514,199895486317,0.00
515,109122193122,23.90
516,199895486317,0.00
517,4945097404,2.50
518,1557673766,1.50
519,199895486317,0.00
520,108521213829,1.00
521,282289224917,0.50
522,114048373,334.50
523,108521213829,1.00
524,2957124586,2.20
525,199895486317,0.00
526,199895486317,0.00
527,199895486317,0.00
528,315613776,3.00
529,199895486317,0.00
530,1520918505,1.70
531,47581177533,0.60
532,85766066235,0.30
533,40121640911,4.70
534,1197856636,4.00
535,199895486317,0.00
536,79569824489,0.20
537,199895486317,0.00
538,277321179970,0.70
539,199895486317,0.00
540,199895486317,0.00
541,85766066235,0.30
542,199895486317,0.00
543,612378653,2.00
544,199895486317,0.00
545,7021434883,143.70
546,83060392419,0.10
547,199895486317,0.00
548,199895486317,0.00
549,199895486317,0.00
550,199895486317,0.00
551,83060392419,0.10
552,85766066235,0.30
553,47581177533,0.60
554,315613776,3.00
555,1197856636,4.00
556,85766066235,0.30
557,1532140042,2.10
558,1557673766,1.50
559,28272677,427.10
560,47581177533,0.60
561,2722576770,2.40
562,12693824986,8.30
563,4900725713,1.80
564,199895486317,0.00
565,1765202099,10.00
566,79569824489,0.20
567,32426026,649.90
568,25619286087,21.40
569,199895486317,0.00
570,1877036231,3.20
571,199895486317,0.00
572,199895486317,0.00
573,2957124586,2.20
574,125251130881,0.40
575,85766066235,0.30
576,199895486317,0.00
577,199895486317,0.00
578,199895486317,0.00
579,21248805191,7.40
580,199895486317,0.00
581,199895486317,0.00
582,199895486317,0.00
583,125251130881,0.40
584,41701171416,8.20
585,199895486317,0.00
586,85766066235,0.30
587,315613776,3.00
588,51963999790,58.50
589,6820702048,4.20
590,47581177533,0.60
591,79569824489,0.20
592,199895486317,0.00
593,7112728738,4.30
594,85766066235,0.30
595,85766066235,0.30
596,79569824489,0.20
597,199895486317,0.00
598,199895486317,0.00
599,83060392419,0.10
600,6820702048,4.20
601,282289224917,0.50
602,85766066235,0.30
603,79569824489,0.20
604,199895486317,0.00
605,199895486317,0.00
606,199895486317,0.00
607,57579677366,21.60
608,108521213829,1.00
609,85766066235,0.30
610,79569824489,0.20
611,277321179970,0.70
612,199895486317,0.00
613,199895486317,0.00
614,108521213829,1.00
615,79569824489,0.20
616,199895486317,0.00
617,4396518058,2.90
618,199895486317,0.00
619,125251130881,0.40
620,154726356527,0.80
621,6227699868,3.50
622,199895486317,0.00
623,85766066235,0.30
624,2920269406,3.10
625,199895486317,0.00
626,5026539,3950.50
627,12842118880,6.50
628,1557673766,1.50
629,199895486317,0.00
630,199895486317,0.00
631,199895486317,0.00
632,49942472,1396.50
633,110937619333,60.10
634,199895486317,0.00
635,199895486317,0.00
636,125251130881,0.40
637,277321179970,0.70
638,199895486317,0.00
639,199895486317,0.00
640,199895486317,0.00
641,199895486317,0.00
642,199895486317,0.00
643,47581177533,0.60
644,4900725713,1.80
645,315613776,3.00
646,199895486317,0.00
647,85766066235,0.30
648,199895486317,0.00
649,1765202099,10.00
650,199895486317,0.00
651,199895486317,0.00
652,4396518058,2.90
653,199895486317,0.00
654,315613776,3.00
655,70838967966,34.70
656,83060392419,0.10
657,199895486317,0.00
658,199895486317,0.00
659,199895486317,0.00
660,79569824489,0.20
661,199895486317,0.00
662,199895486317,0.00
663,199895486317,0.00
664,79569824489,0.20
665,199895486317,0.00
666,199895486317,0.00
667,282289224917,0.50
668,199895486317,0.00
669,85766066235,0.30
670,199895486317,0.00
671,199895486317,0.00
672,199895486317,0.00
673,199895486317,0.00
674,199895486317,0.00
675,199895486317,0.00
676,4583016053,9.00
677,47581177533,0.60
678,2722576770,2.40
679,315613776,3.00
680,47581177533,0.60
681,9311098138,8.00
682,199895486317,0.00
683,3270594067,4.60
684,75386948,366.70
685,1425911958,1.20
686,71252229,464.90
687,199895486317,0.00
688,7923519665,3.40
689,1197856636,4.00
690,199895486317,0.00
691,133347725541,47.20
692,1532140042,2.10
693,79569824489,0.20
694,199895486317,0.00
695,125251130881,0.40
696,154726356527,0.80
697,199895486317,0.00
698,315613776,3.00
699,282289224917,0.50
700,7593169253,3.90
701,135642539710,0.90
702,83060392419,0.10
703,2237290763,1.60
704,83060392419,0.10
705,199895486317,0.00
706,199895486317,0.00
707,199895486317,0.00
708,199895486317,0.00
709,199895486317,0.00
710,199895486317,0.00
711,144912887,275.00
712,3270594067,4.60
713,37177754634,23.00
714,199895486317,0.00
715,199895486317,0.00
716,199895486317,0.00
717,158827468483,14.20
718,23921560702,51.90
719,199895486317,0.00
720,6820702048,4.20
721,1675465947,6.00
722,47581177533,0.60
723,199895486317,0.00
724,315613776,3.00
725,199895486317,0.00
726,277321179970,0.70
727,85766066235,0.30
728,199895486317,0.00
729,199895486317,0.00
730,3726971114,2.70
731,79569824489,0.20
732,199895486317,0.00
733,4583016053,9.00
734,315613776,3.00
735,154726356527,0.80
736,277321179970,0.70
737,199895486317,0.00
738,199895486317,0.00
739,125251130881,0.40
740,199895486317,0.00
741,5899738755,1.90
742,199895486317,0.00
743,1197856636,4.00
744,315613776,3.00
745,199895486317,0.00
746,69951045177,50.20
747,315613776,3.00
748,199895486317,0.00
749,5899738755,1.90
750,199895486317,0.00
751,79569824489,0.20
752,199895486317,0.00
753,85766066235,0.30
754,60296131,1983.10
755,199895486317,0.00
756,59354888,1076.30
757,199895486317,0.00
758,199895486317,0.00
759,199895486317,0.00
760,199895486317,0.00
761,2072511162,1.40
762,199895486317,0.00
763,199895486317,0.00
764,108521213829,1.00
765,85766066235,0.30
766,199895486317,0.00
767,199895486317,0.00
768,199895486317,0.00
769,74354465314,9.20
770,199895486317,0.00
771,199895486317,0.00
772,199895486317,0.00
773,4583016053,9.00
774,199895486317,0.00
775,125251130881,0.40
776,49484225124,12.10
777,47581177533,0.60
778,277321179970,0.70
779,83060392419,0.10
780,40121640911,4.70
781,11332752623,10.30
782,9641957339,20.00
783,67826058,1004.30
784,199895486317,0.00
785,83060392419,0.10
786,315613776,3.00
787,79569824489,0.20
788,4513717882,3.30
789,118902570,2410.20
790,199895486317,0.00
791,55957060,552.60
792,12690054278,64.30
793,199895486317,0.00
794,199895486317,0.00
795,35245759586,33.60
796,85766066235,0.30
797,79569824489,0.20
798,79569824489,0.20
799,2624243096,2.30
800,36362620951,13.00
801,199895486317,0.00
802,199895486317,0.00
803,125251130881,0.40
804,108521213829,1.00
805,1425911958,1.20
806,199895486317,0.00
807,199895486317,0.00
808,1425911958,1.20
809,108521213829,1.00
810,199895486317,0.00
811,199895486317,0.00
812,612378653,2.00
813,199895486317,0.00
814,282289224917,0.50
815,199895486317,0.00
816,108521213829,1.00
817,154726356527,0.80
818,282289224917,0.50
819,199895486317,0.00
820,199895486317,0.00
821,85766066235,0.30
822,7923519665,3.40
823,315613776,3.00
824,199895486317,0.00
825,85766066235,0.30
826,199895486317,0.00
827,315613776,3.00
828,209548545,233.30
829,85766066235,0.30
830,199895486317,0.00
831,85766066235,0.30
832,36913030063,18.00
833,2624243096,2.30
834,3134113128,1.10
835,2957124586,2.20
836,2624243096,2.30
837,85766066235,0.30
838,1425911958,1.20
839,11124190561,11.00
840,199895486317,0.00
841,50039995,5000.00
842,9812967858,5.70
843,199895486317,0.00
844,199895486317,0.00
845,199895486317,0.00
846,10048017542,2.80
847,14466990022,40.00
848,84782720,414.50
849,612378653,2.00
850,40059440,1092.50
851,83060392419,0.10
852,83060392419,0.10
853,14466990022,40.00
854,3603100504,5.00
855,250737467,224.00
856,108521213829,1.00
857,54492591384,4.90
858,199895486317,0.00
859,1520918505,1.70
860,199895486317,0.00
861,108521213829,1.00
862,34190853,461.80
863,199895486317,0.00
864,1425911958,1.20
865,199895486317,0.00
866,199895486317,0.00
867,13929842199,10.20
868,77723265,701.50
869,85766066235,0.30
870,1877036231,3.20
871,1425911958,1.20
872,199895486317,0.00
873,199895486317,0.00
874,199895486317,0.00
875,199895486317,0.00
876,83060392419,0.10
877,83060392419,0.10
878,4513717882,3.30
879,199895486317,0.00
880,1532140042,2.10
881,199895486317,0.00
882,47581177533,0.60
883,199895486317,0.00
884,199895486317,0.00
885,3134113128,1.10
886,199895486317,0.00
887,199895486317,0.00
888,199895486317,0.00
889,612378653,2.00
890,2722576770,2.40
891,135642539710,0.90
892,2722576770,2.40
893,6174749,1062.40
894,199895486317,0.00
895,199895486317,0.00
896,79569824489,0.20
897,282289224917,0.50
898,199895486317,0.00
899,199895486317,0.00
900,121843955,712.80
901,94651439,1418.10
902,612378653,2.00
903,79569824489,0.20
904,199895486317,0.00
905,47581177533,0.60
906,83060392419,0.10
907,79120957,1005.50
908,199895486317,0.00
909,154726356527,0.80
910,199895486317,0.00
911,47581177533,0.60
912,199895486317,0.00
913,199895486317,0.00
914,199895486317,0.00
915,16999025,1138.50
916,199895486317,0.00
917,199895486317,0.00
918,199895486317,0.00
919,10418238950,7.20
920,199895486317,0.00
921,199895486317,0.00
922,199895486317,0.00
923,83060392419,0.10
924,85766066235,0.30
925,199895486317,0.00
926,199895486317,0.00
927,85766066235,0.30
928,85766066235,0.30
929,57822349951,46.00
930,1557673766,1.50
931,199895486317,0.00
932,199895486317,0.00
933,199895486317,0.00
934,199895486317,0.00
935,199895486317,0.00
936,119490849,553.80
937,7112728738,4.30
938,199895486317,0.00
939,199895486317,0.00
940,47581177533,0.60
941,1675465947,6.00
942,4945097404,2.50
943,315613776,3.00
944,199895486317,0.00
945,79569824489,0.20
946,199895486317,0.00
947,199895486317,0.00
948,12693824986,8.30
949,3726971114,2.70
950,47581177533,0.60
951,83060392419,0.10
952,199895486317,0.00
953,199895486317,0.00
954,5997252767,6.20
955,85766066235,0.30
956,199895486317,0.00
957,108521213829,1.00
958,199895486317,0.00
959,277321179970,0.70
960,5899738755,1.90
961,199895486317,0.00
962,199895486317,0.00
963,199895486317,0.00
964,199895486317,0.00
965,199895486317,0.00
966,1197856636,4.00
967,47581177533,0.60
968,85766066235,0.30
969,199895486317,0.00
970,21027426610,46.30
971,199895486317,0.00
972,199895486317,0.00
973,199895486317,0.00
974,199895486317,0.00
975,46544641,4038.30
976,199895486317,0.00
977,83060392419,0.10
978,4513717882,3.30
979,199895486317,0.00
980,79569824489,0.20
981,85766066235,0.30
982,199895486317,0.00
983,85766066235,0.30
984,135642539710,0.90
985,199895486317,0.00
986,1557673766,1.50
987,6820702048,4.20
988,85766066235,0.30
989,199895486317,0.00
990,20367337115,6.90
991,154726356527,0.80
992,199895486317,0.00
993,199895486317,0.00
994,199895486317,0.00
995,1675465947,6.00
996,79569824489,0.20
997,199895486317,0.00
998,19178406868,15.00
999,163274441413,22.80
1000,125251130881,0.40
1001,199895486317,0.00
1002,199895486317,0.00
1003,15165278392,10.10
1004,199895486317,0.00
1005,135642539710,0.90
1006,135642539710,0.90
1007,199895486317,0.00
1008,1675465947,6.00
1009,79569824489,0.20
1010,199895486317,0.00
1011,47581177533,0.60
1012,85766066235,0.30
1013,20268258757,85.90
1014,199895486317,0.00
1015,199895486317,0.00
1016,1675465947,6.00
1017,199895486317,0.00
1018,199895486317,0.00
1019,125251130881,0.40
1020,1675465947,6.00
1021,199895486317,0.00
1022,37518345729,8.90
1023,2072511162,1.40
1024,199895486317,0.00
1025,79569824489,0.20
1026,199895486317,0.00
1027,25470197,1020.80
1028,199895486317,0.00
1029,199895486317,0.00
1030,154726356527,0.80
1031,6820702048,4.20
1032,199895486317,0.00
1033,3134113128,1.10
1034,612378653,2.00
1035,199895486317,0.00
1036,199895486317,0.00
1037,2957124586,2.20
1038,199895486317,0.00
1039,108521213829,1.00
1040,125251130881,0.40
1041,108521213829,1.00
1042,199895486317,0.00
1043,79569824489,0.20
1044,199895486317,0.00
1045,1425911958,1.20
1046,135642539710,0.90
1047,83060392419,0.10
1048,199895486317,0.00
1049,135642539710,0.90
1050,109490932,401.30
1051,1877036231,3.20
1052,23601885,774.00
1053,94194990,860.00
1054,199895486317,0.00
1055,199895486317,0.00
1056,1765202099,10.00
1057,199895486317,0.00
1058,2722576770,2.40
1059,83060392419,0.10
1060,47581177533,0.60
1061,154726356527,0.80
1062,199895486317,0.00
1063,2734589141,160.10
1064,315613776,3.00
1065,11786178253,147.50
1066,199895486317,0.00
1067,199895486317,0.00
1068,14189475,2297.90
1069,15121573459,5.10
1070,199895486317,0.00
1071,199895486317,0.00
1072,199895486317,0.00
1073,199895486317,0.00
1074,199895486317,0.00
1075,199895486317,0.00
1076,12277133107,3.80
1077,199895486317,0.00
1078,199895486317,0.00
1079,199895486317,0.00
1080,8894994,692.90
1081,199895486317,0.00
1082,199895486317,0.00
1083,199895486317,0.00
1084,199895486317,0.00
1085,1532140042,2.10
1086,199895486317,0.00
1087,23393903360,9.10
1088,199895486317,0.00
1089,315613776,3.00
1090,1557810541,1.30
1091,122671614,293.30
1092,199895486317,0.00
1093,199895486317,0.00
1094,13700045294,7.50
1095,67134301,721.30
1096,125251130881,0.40
1097,53707439,1129.90
1098,47581177533,0.60
1099,48897747,4002.60
1100,199895486317,0.00
1101,199895486317,0.00
1102,315613776,3.00
1103,315613776,3.00
1104,199895486317,0.00
1105,199895486317,0.00
1106,315613776,3.00
1107,85766066235,0.30
1108,2072511162,1.40
1109,199895486317,0.00
1110,85766066235,0.30
1111,135642539710,0.90
1112,199895486317,0.00
1113,612378653,2.00
1114,199895486317,0.00
1115,125251130881,0.40
1116,199895486317,0.00
1117,199895486317,0.00
1118,199895486317,0.00
1119,199895486317,0.00
1120,199895486317,0.00
1121,1425911958,1.20
1122,199895486317,0.00
1123,44415177043,12.80
1124,199895486317,0.00
1125,71591023,1281.00
1126,199895486317,0.00
1127,85766066235,0.30
1128,47581177533,0.60
1129,163473992,230.80
1130,5365335,4625.90
1131,43401802,324.20
1132,199895486317,0.00
1133,199895486317,0.00
1134,199895486317,0.00
1135,125251130881,0.40
1136,199895486317,0.00
1137,199895486317,0.00
1138,199895486317,0.00
1139,199895486317,0.00
1140,15366023,502.50
1141,2072511162,1.40
1142,199895486317,0.00
1143,277321179970,0.70
1144,47581177533,0.60
1145,199895486317,0.00
1146,282289224917,0.50
1147,199895486317,0.00
1148,199895486317,0.00
1149,199895486317,0.00
1150,199895486317,0.00
1151,199895486317,0.00
1152,85766066235,0.30
1153,11239432591,6.10
1154,199895486317,0.00
1155,199895486317,0.00
1156,199895486317,0.00
1157,199895486317,0.00
1158,199895486317,0.00
1159,54881111,343.30
1160,4513717882,3.30
1161,199895486317,0.00
1162,1675465947,6.00
1163,199895486317,0.00
1164,199895486317,0.00
1165,14466990022,40.00
1166,2624243096,2.30
1167,612378653,2.00
1168,199895486317,0.00
1169,199895486317,0.00
1170,135642539710,0.90
1171,199895486317,0.00
1172,86650886,1328.20
1173,47581177533,0.60
1174,47589372,1993.30
1175,1557673766,1.50
1176,47581177533,0.60
1177,47581177533,0.60
1178,199895486317,0.00
1179,1675465947,6.00
1180,1520918505,1.70
1181,199895486317,0.00
1182,199895486317,0.00
1183,199895486317,0.00
1184,199895486317,0.00
1185,199895486317,0.00
1186,199895486317,0.00
1187,1520918505,1.70
1188,108521213829,1.00
1189,282289224917,0.50
1190,199895486317,0.00
1191,4513717882,3.30
1192,87592125,1219.80
1193,85766066235,0.30
1194,199895486317,0.00
1195,199895486317,0.00
1196,108521213829,1.00
1197,79569824489,0.20
1198,282289224917,0.50
1199,92302180500,17.50
1200,315613776,3.00
1201,1532140042,2.10
1202,4900725713,1.80
1203,199895486317,0.00
1204,154726356527,0.80
1205,199895486317,0.00
1206,65957748,4980.90
1207,25912479,1371.50
1208,50689124463,35.50
1209,12425122,384.80
1210,47581177533,0.60
1211,199895486317,0.00
1212,199895486317,0.00
1213,125251130881,0.40
1214,199895486317,0.00
1215,199895486317,0.00
1216,282289224917,0.50
1217,11239432591,6.10
1218,199895486317,0.00
1219,4513717882,3.30
1220,199895486317,0.00
1221,83060392419,0.10
1222,315613776,3.00
1223,56530810,281.70
1224,199895486317,0.00
1225,47581177533,0.60
1226,199895486317,0.00
1227,612378653,2.00
1228,199895486317,0.00
1229,199895486317,0.00
1230,83060392419,0.10
1231,1665165468,172.60
1232,85766066235,0.30
1233,11124190561,11.00
1234,64192917,628.50
1235,41107459140,7.80
1236,1197856636,4.00
1237,199895486317,0.00
1238,315613776,3.00
1239,125251130881,0.40
1240,79569824489,0.20
1241,1557810541,1.30
1242,199895486317,0.00
1243,79569824489,0.20
1244,168332332306,44.00
1245,1425911958,1.20
1246,125251130881,0.40
1247,199895486317,0.00
1248,199895486317,0.00
1249,199895486317,0.00
1250,47581177533,0.60
1251,154726356527,0.80
1252,612378653,2.00
1253,612378653,2.00
1254,282289224917,0.50
1255,47581177533,0.60
1256,103005100,321.20
1257,199895486317,0.00
1258,315613776,3.00
1259,199895486317,0.00
1260,49942472,1069.20
1261,125251130881,0.40
1262,108521213829,1.00
1263,199895486317,0.00
1264,10048017542,2.80
1265,199895486317,0.00
1266,4900725713,1.80
1267,2072511162,1.40
1268,199895486317,0.00
1269,79569824489,0.20
1270,199895486317,0.00
1271,612378653,2.00
1272,47581177533,0.60
1273,199895486317,0.00
1274,199895486317,0.00
1275,79569824489,0.20
1276,79569824489,0.20
1277,85766066235,0.30
1278,27352683,1233.10
1279,135642539710,0.90
1280,199895486317,0.00
1281,199895486317,0.00
1282,9311098138,8.00
1283,4900725713,1.80
1284,612378653,2.00
1285,125251130881,0.40
1286,199895486317,0.00
1287,5899738755,1.90
1288,199895486317,0.00
1289,199895486317,0.00
1290,612378653,2.00
1291,154726356527,0.80
1292,9043223493,4.10
1293,63016367,4052.30
1294,199895486317,0.00
1295,7115995,1979.60
1296,277321179970,0.70
1297,1425911958,1.20
1298,11332752623,10.30
1299,199895486317,0.00
1300,47581177533,0.60
1301,199895486317,0.00
1302,199895486317,0.00
1303,1675465947,6.00
1304,57133609,569.00
1305,47581177533,0.60
1306,199895486317,0.00
1307,612378653,2.00
1308,108521213829,1.00
1309,108521213829,1.00
1310,47581177533,0.60
1311,199895486317,0.00
1312,3603100504,5.00
1313,85766066235,0.30
1314,199895486317,0.00
1315,199895486317,0.00
1316,199895486317,0.00
1317,199895486317,0.00
1318,25227543010,21.00
1319,199895486317,0.00
1320,199895486317,0.00
1321,26543266,794.20
1322,135642539710,0.90
1323,199895486317,0.00
1324,5899738755,1.90
1325,199895486317,0.00
1326,79569824489,0.20
1327,4945097404,2.50
1328,3134113128,1.10
1329,199895486317,0.00
1330,199895486317,0.00
1331,199895486317,0.00
1332,2624243096,2.30
1333,199895486317,0.00
1334,199895486317,0.00
1335,42282321828,16.20
1336,135642539710,0.90
1337,115151783,3194.20
1338,7112728738,4.30
1339,2920269406,3.10
1340,199895486317,0.00
1341,199895486317,0.00
1342,199895486317,0.00
1343,199895486317,0.00
1344,199895486317,0.00
1345,199895486317,0.00
1346,199895486317,0.00
1347,199895486317,0.00
1348,199895486317,0.00
1349,199895486317,0.00
1350,1675465947,6.00
1351,199895486317,0.00
1352,154726356527,0.80
1353,199895486317,0.00
1354,121843956,2135.40
1355,31494680737,12.70
1356,199895486317,0.00
1357,36362620951,13.00
1358,18559571033,5.40
1359,199895486317,0.00
1360,5030559358,154.60
1361,13929842199,10.20
1362,15165278392,10.10
1363,47581177533,0.60
1364,82285705634,26.30
1365,125251130881,0.40
1366,18559571033,5.40
1367,612378653,2.00
1368,125251130881,0.40
1369,199895486317,0.00
1370,199895486317,0.00
1371,199895486317,0.00
1372,199895486317,0.00
1373,20367337115,6.90
1374,125251130881,0.40
1375,199895486317,0.00
1376,5224867419,159.00
1377,79569824489,0.20
1378,79569824489,0.20
1379,9311098138,8.00
1380,108521213829,1.00
1381,12292821,1792.80
1382,47581177533,0.60
1383,1425911958,1.20
1384,33190829902,21.70
1385,199895486317,0.00
1386,106548782,2672.00
1387,1278105626,189.10
1388,1557810541,1.30
1389,135642539710,0.90
1390,47581177533,0.60
1391,2237290763,1.60
1392,83060392419,0.10
1393,135642539710,0.90
1394,199895486317,0.00
1395,199895486317,0.00
1396,199895486317,0.00
1397,149997980347,10.40
1398,277321179970,0.70
1399,199895486317,0.00
1400,3134113128,1.10
1401,125251130881,0.40
1402,85766066235,0.30
1403,199895486317,0.00
1404,199895486317,0.00
1405,199895486317,0.00
1406,199895486317,0.00
1407,199895486317,0.00
1408,83060392419,0.10
1409,4900725713,1.80
1410,125251130881,0.40
1411,55160056777,11.80
1412,199895486317,0.00
1413,125251130881,0.40
1414,199895486317,0.00
1415,57533930734,24.30
1416,277321179970,0.70
1417,47581177533,0.60
1418,612378653,2.00
1419,199895486317,0.00
1420,199895486317,0.00
1421,47581177533,0.60
1422,82067034,287.80
1423,19178406868,15.00
1424,125251130881,0.40
1425,1520918505,1.70
1426,227426920346,18.40
1427,199895486317,0.00
1428,199895486317,0.00
1429,199895486317,0.00
1430,282289224917,0.50
1431,79569824489,0.20
1432,199895486317,0.00
1433,101522490817,42.10
1434,85766066235,0.30
1435,50883717,1274.40
1436,1557673766,1.50
1437,1877036231,3.20
1438,199895486317,0.00
1439,282289224917,0.50
1440,1765202099,10.00
1441,3601999651,3.60
1442,199895486317,0.00
1443,108521213829,1.00
1444,85766066235,0.30
1445,199895486317,0.00
1446,1675465947,6.00
1447,199895486317,0.00
1448,199895486317,0.00
1449,199895486317,0.00
1450,199895486317,0.00
1451,125251130881,0.40
1452,277321179970,0.70
1453,199895486317,0.00
1454,108521213829,1.00
1455,199895486317,0.00
1456,199895486317,0.00
1457,45956367,774.50
1458,108521213829,1.00
1459,62428090,2517.00
1460,125251130881,0.40
1461,5358128833,130.10
1462,3270594067,4.60
1463,199895486317,0.00
1464,85766066235,0.30
1465,1675465947,6.00
1466,199895486317,0.00
1467,120541751809,14.60
1468,199895486317,0.00
1469,199895486317,0.00
1470,37518345729,8.90
1471,199895486317,0.00
1472,1765202099,10.00
1473,4945097404,2.50
1474,315613776,3.00
1475,4513717882,3.30
1476,135642539710,0.90
1477,199895486317,0.00
1478,11332752623,10.30
1479,6227699868,3.50
1480,83060392419,0.10
1481,199895486317,0.00
1482,199895486317,0.00
1483,199895486317,0.00
1484,57098184,659.30
1485,199895486317,0.00
1486,3671113205,2.60
1487,21027426610,46.30
1488,135642539710,0.90
1489,125251130881,0.40
1490,199895486317,0.00
1491,199895486317,0.00
1492,199895486317,0.00
1493,199895486317,0.00
1494,199895486317,0.00
1495,199895486317,0.00
1496,199895486317,0.00
1497,199895486317,0.00
1498,1675465947,6.00
1499,199895486317,0.00
1500,199895486317,0.00
1501,199895486317,0.00
1502,26543265,888.90
1503,61839819,2733.80
1504,199895486317,0.00
1505,27719816,952.30
1506,199895486317,0.00
1507,199895486317,0.00
1508,108901882,681.60
1509,4513717882,3.30
1510,199895486317,0.00
1511,199895486317,0.00
1512,199895486317,0.00
1513,199895486317,0.00
1514,199895486317,0.00
1515,199895486317,0.00
1516,59529318913,30.60
1517,1765202099,10.00
1518,65943579,1543.10
1519,277321179970,0.70
1520,1520918505,1.70
1521,199895486317,0.00
1522,199895486317,0.00
1523,199895486317,0.00
1524,16194348,236.30
1525,47581177533,0.60
1526,612378653,2.00
1527,199895486317,0.00
1528,2237290763,1.60
1529,85766066235,0.30
1530,199895486317,0.00
1531,85766066235,0.30
1532,199895486317,0.00
1533,199895486317,0.00
1534,15121573459,5.10
1535,34779128,800.20
1536,1675465947,6.00
1537,7813758320,5.80
1538,199895486317,0.00
1539,199895486317,0.00
1540,25227543010,21.00
1541,12277133107,3.80
1542,199895486317,0.00
1543,199895486317,0.00
1544,199895486317,0.00
1545,1532140042,2.10
1546,3671113205,2.60
1547,59495384,322.70
1548,1197856636,4.00
1549,154726356527,0.80
1550,3671113205,2.60
1551,9043223493,4.10
1552,47581177533,0.60
1553,199895486317,0.00
1554,199895486317,0.00
1555,55728792907,61.30
1556,199895486317,0.00
1557,199895486317,0.00
1558,199895486317,0.00
1559,91357093,1501.00
1560,199895486317,0.00
1561,612378653,2.00
1562,1557810541,1.30
1563,199895486317,0.00
1564,1557810541,1.30
1565,9641957339,20.00
1566,108521213829,1.00
1567,85766066235,0.30
1568,315613776,3.00
1569,199895486317,0.00
1570,47581177533,0.60
1571,47581177533,0.60
1572,199895486317,0.00
1573,47581177533,0.60
1574,1675465947,6.00
1575,79569824489,0.20
1576,199895486317,0.00
1577,79569824489,0.20
1578,199895486317,0.00
1579,199895486317,0.00
1580,34882615,1049.80
1581,27719818,571.90
1582,47581177533,0.60
1583,199895486317,0.00
1584,136531375539,12.50
1585,2072511162,1.40
1586,83060392419,0.10
1587,199895486317,0.00
1588,1675465947,6.00
1589,125251130881,0.40
1590,199895486317,0.00
1591,199895486317,0.00
1592,135642539710,0.90
1593,83060392419,0.10
1594,199895486317,0.00
1595,79569824489,0.20
1596,108521213829,1.00
1597,108521213829,1.00
1598,199895486317,0.00
1599,199895486317,0.00
1600,199895486317,0.00
1601,125251130881,0.40
1602,79569824489,0.20
1603,1765202099,10.00
1604,49915350810,20.10
1605,199895486317,0.00
1606,199895486317,0.00
1607,85766066235,0.30
1608,108521213829,1.00
1609,11239432591,6.10
1610,199895486317,0.00
1611,74465785,314.10
1612,108521213829,1.00
1613,59486713,2170.20
1614,1675465947,6.00
1615,199895486317,0.00
1616,199895486317,0.00
1617,199895486317,0.00
1618,1675465947,6.00
1619,3726971114,2.70
1620,47581177533,0.60
1621,199895486317,0.00
1622,199895486317,0.00
1623,199895486317,0.00
1624,315613776,3.00
1625,199895486317,0.00
1626,282289224917,0.50
1627,3601999651,3.60
1628,47581177533,0.60
1629,79569824489,0.20
1630,1675465947,6.00
1631,199895486317,0.00
1632,3671113205,2.60
1633,24003234,246.20
1634,199895486317,0.00
1635,79569824489,0.20
1636,199895486317,0.00
1637,59825510,1399.10
1638,50039995,5000.00
1639,7923519665,3.40
1640,79569824489,0.20
1641,53015680,2990.90
1642,83060392419,0.10
1643,83060392419,0.10
1644,4396518058,2.90
1645,199895486317,0.00
1646,108521213829,1.00
1647,199895486317,0.00
1648,199895486317,0.00
1649,199895486317,0.00
1650,199895486317,0.00
1651,9812967858,5.70
1652,108901886,970.50
1653,79569824489,0.20
1654,79569824489,0.20
1655,315613776,3.00
1656,315613776,3.00
1657,85766066235,0.30
1658,4513717882,3.30
1659,47581177533,0.60
1660,125251130881,0.40
1661,199895486317,0.00
1662,125251130881,0.40
1663,28972271474,7.30
1664,79569824489,0.20
1665,57133612,716.10
1666,79569824489,0.20
1667,199895486317,0.00
1668,199895486317,0.00
1669,3134113128,1.10
1670,1662627215,171.30
1671,141202834527,32.60
1672,7593169253,3.90
1673,199895486317,0.00
1674,282289224917,0.50
1675,199895486317,0.00
1676,6820702048,4.20
1677,58413647,1038.70
1678,23336769301,10.60
1679,3671113205,2.60
1680,199895486317,0.00
1681,199895486317,0.00
1682,199895486317,0.00
1683,199895486317,0.00
1684,108521213829,1.00
1685,199895486317,0.00
1686,47581177533,0.60
1687,199895486317,0.00
1688,315613776,3.00
1689,125251130881,0.40
1690,199895486317,0.00
1691,17884656458,5.60
1692,10048017542,2.80
1693,125251130881,0.40
1694,79569824489,0.20
1695,199895486317,0.00
1696,2957124586,2.20
1697,79569824489,0.20
1698,47581177533,0.60
1699,125251130881,0.40
1700,199895486317,0.00
1701,199895486317,0.00
1702,23426709503,103.30
1703,135642539710,0.90
1704,199895486317,0.00
1705,199895486317,0.00
1706,2920269406,3.10
1707,69708539,1296.10
1708,199895486317,0.00
1709,199895486317,0.00
1710,199895486317,0.00
1711,199895486317,0.00
1712,19352131,1583.10
1713,199895486317,0.00
1714,199895486317,0.00
1715,82429469,2532.60
1716,76475140812,22.40
1717,199895486317,0.00
1718,129390836011,22.70
1719,199895486317,0.00
1720,79569824489,0.20
1721,2920269406,3.10
1722,79569824489,0.20
1723,199895486317,0.00
1724,199895486317,0.00
1725,38647576,1903.10
1726,125251130881,0.40
1727,199895486317,0.00
1728,79569824489,0.20
1729,199895486317,0.00
1730,2957124586,2.20
1731,101255286,398.20
1732,12464445,300.90
1733,199895486317,0.00
1734,199895486317,0.00
1735,612378653,2.00
1736,199895486317,0.00
1737,199895486317,0.00
1738,47581177533,0.60
1739,199895486317,0.00
1740,199895486317,0.00
1741,80062195,1786.50
1742,199895486317,0.00
1743,1765202099,10.00
1744,1557673766,1.50
1745,199895486317,0.00
1746,108521213829,1.00
1747,79569824489,0.20
1748,199895486317,0.00
1749,79569824489,0.20
1750,1197856636,4.00
1751,79569824489,0.20
1752,199895486317,0.00
1753,66003577899,74.60
1754,199895486317,0.00
1755,199895486317,0.00
1756,199895486317,0.00
1757,612378653,2.00
1758,85766066235,0.30
1759,135642539710,0.90
1760,46803716,400.50
1761,47581177533,0.60
1762,199895486317,0.00
1763,612378653,2.00
1764,3178207677,99.90
1765,199895486317,0.00
1766,199895486317,0.00
1767,32529511,1016.40
1768,135642539710,0.90
1769,79569824489,0.20
1770,93606713,2367.70
1771,34068099431,5.10
1772,1520918505,1.70
1773,41695942458,40.30
1774,108521213829,1.00
1775,199895486317,0.00
1776,612378653,2.00
1777,199895486317,0.00
1778,199895486317,0.00
1779,3603100504,5.00
1780,85766066235,0.30
1781,199895486317,0.00
1782,2391191098,127.00
1783,277321179970,0.70
1784,612378653,2.00
1785,108521213829,1.00
1786,1675465947,6.00
1787,102430852,829.80
1788,199895486317,0.00
1789,612378653,2.00
1790,125251130881,0.40
1791,119490850,574.30
1792,199895486317,0.00
1793,199895486317,0.00
1794,13601196,608.70
1795,2722576770,2.40
1796,79569824489,0.20
1797,199895486317,0.00
1798,79569824489,0.20
1799,47581177533,0.60
1800,199895486317,0.00
1801,5899738755,1.90
1802,125251130881,0.40
1803,199895486317,0.00
1804,125251130881,0.40
1805,13707961911,7.00
1806,199895486317,0.00
1807,154726356527,0.80
1808,199895486317,0.00
1809,199895486317,0.00
1810,54047280759,37.60
1811,199895486317,0.00
1812,79569824489,0.20
1813,612378653,2.00
1814,104044925,248.20
1815,135642539710,0.90
1816,199895486317,0.00
1817,53682418652,30.50
1818,2624243096,2.30
1819,199895486317,0.00
1820,199895486317,0.00
1821,199895486317,0.00
1822,24855823937,75.40
1823,199895486317,0.00
1824,125251130881,0.40
1825,83060392419,0.10
1826,199895486317,0.00
1827,135642539710,0.90
1828,199895486317,0.00
1829,1675465947,6.00
1830,199895486317,0.00
1831,199895486317,0.00
1832,199895486317,0.00
1833,199895486317,0.00
1834,199895486317,0.00
1835,199895486317,0.00
1836,56530810,281.70
1837,315613776,3.00
1838,199895486317,0.00
1839,1425911958,1.20
1840,108521213829,1.00
1841,6812533058,3.70
1842,55853575,3124.10
1843,98228851070,25.20
1844,612378653,2.00
1845,199895486317,0.00
1846,83060392419,0.10
1847,199895486317,0.00
1848,1197856636,4.00
1849,15121573459,5.10
1850,199895486317,0.00
1851,277321179970,0.70
1852,36087507,3326.20
1853,199895486317,0.00
1854,50039995,5000.00
1855,135642539710,0.90
1856,5704130,1804.70
1857,154726356527,0.80
1858,199895486317,0.00
1859,154726356527,0.80
1860,60074986,815.20
1861,199895486317,0.00
1862,47581177533,0.60
1863,199895486317,0.00
1864,199895486317,0.00
1865,120079127,467.90
1866,199895486317,0.00
1867,125251130881,0.40
1868,108521213829,1.00
1869,85766066235,0.30
1870,199895486317,0.00
1871,83060392419,0.10
1872,612378653,2.00
1873,199895486317,0.00
1874,315613776,3.00
1875,3603100504,5.00
1876,4583016053,9.00
1877,47581177533,0.60
1878,79569824489,0.20
1879,199895486317,0.00
1880,612378653,2.00
1881,199895486317,0.00
1882,199895486317,0.00
1883,3134113128,1.10
1884,199895486317,0.00
1885,199895486317,0.00
1886,199895486317,0.00
1887,199895486317,0.00
1888,6812533058,3.70
1889,199895486317,0.00
1890,199895486317,0.00
1891,47581177533,0.60
1892,47581177533,0.60
1893,199895486317,0.00
1894,100426374780,31.60
1895,199895486317,0.00
1896,199895486317,0.00
1897,277321179970,0.70
1898,47581177533,0.60
1899,79569824489,0.20
1900,277321179970,0.70
1901,82461006285,17.80
1902,199895486317,0.00
1903,83060392419,0.10
1904,199895486317,0.00
1905,2237290763,1.60
1906,199895486317,0.00
1907,47581177533,0.60
1908,14154047,848.30
1909,612378653,2.00
1910,1425911958,1.20
1911,199895486317,0.00
1912,6812533058,3.70
1913,10482536530,6.30
1914,199895486317,0.00
1915,11379921,3162.30
1916,199895486317,0.00
1917,315613776,3.00
1918,83060392419,0.10
1919,199895486317,0.00
1920,612378653,2.00
1921,80961167294,14.30
1922,1197856636,4.00
1923,108521213829,1.00
1924,108521213829,1.00
1925,199895486317,0.00
1926,39689196565,19.90
1927,315613776,3.00
1928,47581177533,0.60
1929,67355439,1851.80
1930,199895486317,0.00
1931,199895486317,0.00
1932,315613776,3.00
1933,199895486317,0.00
1934,47581177533,0.60
1935,3603100504,5.00
1936,199895486317,0.00
1937,2624243096,2.30
1938,6227699868,3.50
1939,2237290763,1.60
1940,199895486317,0.00
1941,199895486317,0.00
1942,199895486317,0.00
1943,135642539710,0.90
1944,79569824489,0.20
1945,118314300,559.40
1946,93606711,2262.30
1947,60074992,826.60
1948,85766066235,0.30
1949,199895486317,0.00
1950,125251130881,0.40
1951,3134113128,1.10
1952,12763441,1095.30
1953,199895486317,0.00
1954,125251130881,0.40
1955,199895486317,0.00
1956,199895486317,0.00
1957,108521213829,1.00
1958,85766066235,0.30
1959,199895486317,0.00
1960,199895486317,0.00
1961,199895486317,0.00
1962,199895486317,0.00
1963,4513717882,3.30
1964,33470751,1359.50
1965,199895486317,0.00
1966,125251130881,0.40
1967,277321179970,0.70
1968,199895486317,0.00
1969,1197856636,4.00
1970,199895486317,0.00
1971,83060392419,0.10
1972,125251130881,0.40
1973,108521213829,1.00
1974,199895486317,0.00
1975,199895486317,0.00
1976,199895486317,0.00
1977,85766066235,0.30
1978,315613776,3.00
1979,79569824489,0.20
1980,199895486317,0.00
1981,199895486317,0.00
1982,199895486317,0.00
1983,43567840,553.70
1984,12842118880,6.50
1985,199895486317,0.00
1986,315613776,3.00
1987,92768953,1663.80
1988,199895486317,0.00
1989,125251130881,0.40
1990,79569824489,0.20
1991,83060392419,0.10
1992,83060392419,0.10
1993,38205299,3256.90
1994,199895486317,0.00
1995,85766066235,0.30
1996,125251130881,0.40
1997,612378653,2.00
1998,1557673766,1.50
1999,79569824489,0.20
2000,2072511162,1.40
2001,199895486317,0.00
2002,116549467,2249.90
2003,85766066235,0.30
2004,282289224917,0.50
2005,199895486317,0.00
2006,199895486317,0.00
2007,27096115,715.20
2008,13700045294,7.50
2009,42412540,1225.10
2010,199895486317,0.00
2011,199895486317,0.00
2012,199895486317,0.00
2013,85766066235,0.30
2014,199895486317,0.00
2015,135642539710,0.90
2016,199895486317,0.00
2017,199895486317,0.00
2018,2920269406,3.10
2019,199895486317,0.00
2020,199895486317,0.00
2021,199895486317,0.00
2022,69100814418,9.80
2023,199895486317,0.00
2024,108521213829,1.00
2025,3134113128,1.10
2026,199895486317,0.00
2027,199895486317,0.00
2028,120541751809,14.60
2029,199895486317,0.00
2030,135642539710,0.90
2031,4513717882,3.30
2032,199895486317,0.00
2033,199895486317,0.00
2034,79569824489,0.20
2035,3270594067,4.60
2036,282289224917,0.50
2037,315613776,3.00
2038,199895486317,0.00
2039,85766066235,0.30
2040,199895486317,0.00
2041,4777058,2260.60
2042,9311098138,8.00
2043,199895486317,0.00
2044,612378653,2.00
2045,135642539710,0.90
2046,199895486317,0.00
2047,108521213829,1.00
2048,11332752623,10.30
2049,199895486317,0.00
2050,154726356527,0.80
2051,79569824489,0.20
2052,199895486317,0.00
2053,125251130881,0.40
2054,199895486317,0.00
2055,47581177533,0.60
2056,199895486317,0.00
2057,199895486317,0.00
2058,315613776,3.00
2059,97708098110,70.80
2060,199895486317,0.00
2061,45706888,1022.90
2062,199895486317,0.00
2063,4900725713,1.80
2064,4900725713,1.80
2065,17804763446,5.30
2066,199895486317,0.00
2067,76546713,884.40
2068,199895486317,0.00
2069,199895486317,0.00
2070,2722576770,2.40
2071,199895486317,0.00
2072,47581177533,0.60
2073,15121573459,5.10
2074,199895486317,0.00
2075,69848568559,51.00
2076,199895486317,0.00
2077,27432168771,30.60
2078,612378653,2.00
2079,199895486317,0.00
2080,6812533058,3.70
2081,199895486317,0.00
2082,199895486317,0.00
2083,199895486317,0.00
2084,199895486317,0.00
2085,199895486317,0.00
2086,79569824489,0.20
2087,85766066235,0.30
2088,199895486317,0.00
2089,612378653,2.00
2090,199895486317,0.00
2091,109178859,339.50
2092,125251130881,0.40
2093,199895486317,0.00
2094,199895486317,0.00
2095,199895486317,0.00
2096,199895486317,0.00
2097,199895486317,0.00
2098,199895486317,0.00
2099,199895486317,0.00
2100,199895486317,0.00
2101,282289224917,0.50
2102,2072511162,1.40
2103,199895486317,0.00
2104,199895486317,0.00
2105,199895486317,0.00
2106,199895486317,0.00
2107,199895486317,0.00
2108,199895486317,0.00
2109,199895486317,0.00
2110,79569824489,0.20
2111,199895486317,0.00
2112,199895486317,0.00
2113,79569824489,0.20
2114,199895486317,0.00
2115,135642539710,0.90
2116,79569824489,0.20
2117,199895486317,0.00
2118,125251130881,0.40
2119,64531714,1085.30
2120,199895486317,0.00
2121,135642539710,0.90
2122,199895486317,0.00
2123,199895486317,0.00
2124,199895486317,0.00
2125,108521213829,1.00
2126,199895486317,0.00
2127,199895486317,0.00
2128,6480627727,152.30
2129,79569824489,0.20
2130,199895486317,0.00
2131,83060392419,0.10
2132,47581177533,0.60
2133,199895486317,0.00
2134,85766066235,0.30
2135,315613776,3.00
2136,199895486317,0.00
2137,199895486317,0.00
2138,47581177533,0.60
2139,114196367,928.30
2140,199895486317,0.00
2141,199895486317,0.00
2142,108521213829,1.00
2143,47581177533,0.60
2144,117137746,857.20
2145,315613776,3.00
2146,3671113205,2.60
2147,199895486317,0.00
2148,79569824489,0.20
2149,199895486317,0.00
2150,85766066235,0.30
2151,4945097404,2.50
2152,40059442,1376.70
2153,54192227,581.00
2154,199895486317,0.00
2155,5899738755,1.90
2156,199895486317,0.00
2157,199895486317,0.00
2158,199895486317,0.00
2159,199895486317,0.00
2160,282289224917,0.50
2161,7593169253,3.90
2162,108521213829,1.00
2163,1675465947,6.00
2164,108521213829,1.00
2165,25489182045,115.40
2166,315613776,3.00
2167,9007782297,5.50
2168,79569824489,0.20
2169,2624243096,2.30
2170,199895486317,0.00
2171,199895486317,0.00
2172,199895486317,0.00
2173,79569824489,0.20
2174,277321179970,0.70
2175,199895486317,0.00
2176,199895486317,0.00
2177,199895486317,0.00
2178,199895486317,0.00
2179,199895486317,0.00
2180,83060392419,0.10
2181,199895486317,0.00
2182,199895486317,0.00
2183,199895486317,0.00
2184,125251130881,0.40
2185,79569824489,0.20
2186,108521213829,1.00
2187,199895486317,0.00
2188,16411402392,20.20
2189,199895486317,0.00
2190,108521213829,1.00
2191,199895486317,0.00
2192,49484225124,12.10
2193,199895486317,0.00
2194,199895486317,0.00
2195,199895486317,0.00
2196,135642539710,0.90
2197,47581177533,0.60
2198,97136367,2600.70
2199,125251130881,0.40
2200,199895486317,0.00
2201,199895486317,0.00
2202,199895486317,0.00
2203,79569824489,0.20
2204,199895486317,0.00
2205,16411402392,20.20
2206,1425911958,1.20
2207,22682930489,41.00
2208,199895486317,0.00
2209,5899738755,1.90
2210,50039995,5000.00
2211,199895486317,0.00
2212,9641957339,20.00
2213,199895486317,0.00
2214,79569824489,0.20
2215,199895486317,0.00
2216,612378653,2.00
2217,20148387950,10.50
2218,14466990022,40.00
2219,199895486317,0.00
2220,1425911958,1.20
2221,199895486317,0.00
2222,77723265,447.20
2223,135642539710,0.90
2224,79569824489,0.20
2225,95412040003,55.10
2226,199895486317,0.00
2227,85766066235,0.30
2228,199895486317,0.00
2229,56343816006,75.90
2230,6645372,1077.30
2231,2646142070,185.40
2232,199895486317,0.00
2233,282289224917,0.50
2234,199895486317,0.00
2235,125251130881,0.40
2236,47581177533,0.60
2237,3603100504,5.00
2238,125251130881,0.40
2239,3671113205,2.60
2240,199895486317,0.00
2241,125251130881,0.40
2242,1532140042,2.10
2243,2072511162,1.40
2244,21371096260,6.40
2245,154726356527,0.80
2246,4513717882,3.30
2247,282289224917,0.50
2248,199895486317,0.00
2249,18860252,677.60
2250,108521213829,1.00
2251,199895486317,0.00
2252,4396518058,2.90
2253,108521213829,1.00
2254,47581177533,0.60
2255,199895486317,0.00
2256,4900725713,1.80
2257,1197856636,4.00
2258,47581177533,0.60
2259,50662577,908.40
2260,75255702,312.50
2261,72061646,1334.70
2262,79569824489,0.20
2263,199895486317,0.00
2264,199895486317,0.00
2265,41838438,444.50
2266,199895486317,0.00
2267,3368133287,156.10
2268,17884656458,5.60
2269,199895486317,0.00
2270,199895486317,0.00
2271,199895486317,0.00
2272,104195678,2994.00
2273,3134113128,1.10
2274,199895486317,0.00
2275,199895486317,0.00
2276,199895486317,0.00
2277,199895486317,0.00
2278,86282616082,18.50
2279,199895486317,0.00
2280,277321179970,0.70
2281,1557810541,1.30
2282,315613776,3.00
2283,199895486317,0.00
2284,199895486317,0.00
2285,199895486317,0.00
2286,76372366827,25.80
2287,1557673766,1.50
2288,154726356527,0.80
2289,47581177533,0.60
2290,83060392419,0.10
2291,15165278392,10.10
2292,199895486317,0.00
2293,199895486317,0.00
2294,199895486317,0.00
2295,199895486317,0.00
2296,199895486317,0.00
2297,199895486317,0.00
2298,612378653,2.00
2299,612378653,2.00
2300,85766066235,0.30
2301,199895486317,0.00
2302,199895486317,0.00
2303,199895486317,0.00
2304,1197856636,4.00
2305,199895486317,0.00
2306,4900725713,1.80
2307,199895486317,0.00
2308,199895486317,0.00
2309,134518748,255.60
2310,11239432591,6.10
2311,79569824489,0.20
2312,243821712325,13.50
2313,199895486317,0.00
2314,199895486317,0.00
2315,79569824489,0.20
2316,1520918505,1.70
2317,199895486317,0.00
2318,42883161,1114.70
2319,199895486317,0.00
2320,199895486317,0.00
2321,41838440,4875.00
2322,4900725713,1.80
2323,199895486317,0.00
2324,108521213829,1.00
2325,1425911958,1.20
2326,199895486317,0.00
2327,199895486317,0.00
2328,199895486317,0.00
2329,27295836476,68.00
2330,2072511162,1.40
2331,199895486317,0.00
2332,1557810541,1.30
2333,2072511162,1.40
2334,47581177533,0.60
2335,125251130881,0.40
2336,199895486317,0.00
2337,125251130881,0.40
2338,199895486317,0.00
2339,79569824489,0.20
2340,199895486317,0.00
2341,199895486317,0.00
2342,125251130881,0.40
2343,47581177533,0.60
2344,199895486317,0.00
2345,85766066235,0.30
2346,85766066235,0.30
2347,16321434,3523.50
2348,16057783,1679.80
2349,199895486317,0.00
2350,4945097404,2.50
2351,199895486317,0.00
2352,14466990022,40.00
2353,125251130881,0.40
2354,91098591810,10.90
2355,199895486317,0.00
2356,85766066235,0.30
2357,1675465947,6.00
2358,199895486317,0.00
2359,199895486317,0.00
2360,79569824489,0.20
2361,199895486317,0.00
2362,199895486317,0.00
2363,199895486317,0.00
2364,199895486317,0.00
2365,199895486317,0.00
2366,83060392419,0.10
2367,74414749,1266.00
2368,7923519665,3.40
2369,199895486317,0.00
2370,199895486317,0.00
2371,199895486317,0.00
2372,199895486317,0.00
2373,4949231836,135.60
2374,1675465947,6.00
2375,60213876001,12.40
2376,85766066235,0.30
2377,199895486317,0.00
2378,199895486317,0.00
2379,199895486317,0.00
2380,77709094,1420.50
2381,85766066235,0.30
2382,93239577,1015.10
2383,47581177533,0.60
2384,79569824489,0.20
2385,199895486317,0.00
2386,3726971114,2.70
2387,199895486317,0.00
2388,108521213829,1.00
2389,47581177533,0.60
2390,79569824489,0.20
2391,79569824489,0.20
2392,199895486317,0.00
2393,199895486317,0.00
2394,1765202099,10.00
2395,199895486317,0.00
2396,199895486317,0.00
2397,199895486317,0.00
2398,107287135102,24.90
2399,199895486317,0.00
2400,199895486317,0.00
2401,199895486317,0.00
2402,154726356527,0.80
2403,199895486317,0.00
2404,135642539710,0.90
2405,959519576,175.20
2406,1765202099,10.00
2407,199895486317,0.00
2408,1425911958,1.20
2409,199895486317,0.00
2410,79569824489,0.20
2411,282289224917,0.50
2412,13704684,1634.50
2413,199895486317,0.00
2414,199895486317,0.00
2415,21371096260,6.40
2416,12763439,1436.40
2417,1520918505,1.70
2418,129606435,289.60
2419,612378653,2.00
2420,315613776,3.00
2421,125251130881,0.40
2422,199895486317,0.00
2423,199895486317,0.00
2424,8530634511,6.60
2425,6227699868,3.50
2426,3134113128,1.10
2427,277321179970,0.70
2428,1557673766,1.50
2429,52999796877,16.30
2430,199895486317,0.00
2431,25954992,789.50
2432,199895486317,0.00
2433,199895486317,0.00
2434,1197856636,4.00
2435,108521213829,1.00
2436,23884562715,16.00
2437,5899738755,1.90
2438,199895486317,0.00
2439,85766066235,0.30
2440,199895486317,0.00
2441,85766066235,0.30
2442,10048017542,2.80
2443,12842118880,6.50
2444,6227699868,3.50
2445,85766066235,0.30
2446,108521213829,1.00
2447,199895486317,0.00
2448,85766066235,0.30
2449,199895486317,0.00
2450,199895486317,0.00
2451,51186531081,78.00
2452,83060392419,0.10
2453,199895486317,0.00
2454,199895486317,0.00
2455,1675465947,6.00
2456,612378653,2.00
2457,315613776,3.00
2458,199895486317,0.00
2459,3601999651,3.60
2460,315613776,3.00
2461,89532797886,23.80
2462,199895486317,0.00
2463,199895486317,0.00
2464,199895486317,0.00
2465,7813758320,5.80
2466,79569824489,0.20
2467,50039995,5000.00
2468,85766066235,0.30
2469,612378653,2.00
2470,83060392419,0.10
2471,199895486317,0.00
2472,79569824489,0.20
2473,1520918505,1.70
2474,199895486317,0.00
2475,79569824489,0.20
2476,85766066235,0.30
2477,23336769301,10.60
2478,85766066235,0.30
2479,199895486317,0.00
2480,9981756909,4.40
2481,37132235,2656.00
2482,612378653,2.00
2483,3270594067,4.60
2484,3603100504,5.00
2485,199895486317,0.00
2486,199895486317,0.00
2487,1557810541,1.30
2488,83060392419,0.10
2489,199895486317,0.00
2490,108521213829,1.00
2491,1765202099,10.00
2492,199895486317,0.00
2493,41000682,1156.80
2494,85766066235,0.30
2495,50939209355,10.70
2496,199895486317,0.00
2497,4583016053,9.00
2498,7923519665,3.40
2499,1425911958,1.20
2500,58898434,708.80
2501,199895486317,0.00
2502,199895486317,0.00
2503,199895486317,0.00
2504,47581177533,0.60
2505,135642539710,0.90
2506,199895486317,0.00
2507,83060392419,0.10
2508,125251130881,0.40
2509,25036160316,4.90
2510,135642539710,0.90
2511,199895486317,0.00
2512,83060392419,0.10
2513,199895486317,0.00
2514,199895486317,0.00
2515,1425911958,1.20
2516,199895486317,0.00
2517,199895486317,0.00
2518,82491729,353.40
2519,199895486317,0.00
2520,9641957339,20.00
2521,199895486317,0.00
2522,85766066235,0.30
2523,199895486317,0.00
2524,199895486317,0.00
2525,125251130881,0.40
2526,199895486317,0.00
2527,199895486317,0.00
2528,199895486317,0.00
2529,199895486317,0.00
2530,108521213829,1.00
2531,6820702048,4.20
2532,315613776,3.00
2533,199895486317,0.00
2534,612378653,2.00
2535,23366711907,111.70
2536,199895486317,0.00
2537,125251130881,0.40
2538,199895486317,0.00
2539,41939733353,30.80
2540,1557673766,1.50
2541,199895486317,0.00
2542,199895486317,0.00
2543,79120955,1957.00
2544,199895486317,0.00
2545,138447502,3220.80
2546,199895486317,0.00
2547,47581177533,0.60
2548,315613776,3.00
2549,5704133,1886.90
2550,13929842199,10.20
2551,199895486317,0.00
2552,199895486317,0.00
2553,682055626,215.70
2554,199895486317,0.00
2555,199895486317,0.00
2556,135642539710,0.90
2557,199895486317,0.00
2558,79569824489,0.20
2559,199895486317,0.00
2560,71214287686,56.90
2561,1197856636,4.00
2562,199895486317,0.00
2563,199895486317,0.00
2564,135642539710,0.90
2565,49915350810,20.10
2566,125251130881,0.40
2567,76297234,1376.30
2568,199895486317,0.00
2569,154726356527,0.80
2570,199895486317,0.00
2571,199895486317,0.00
2572,108901881,2430.50
2573,56343816006,75.90
2574,277321179970,0.70
2575,66546023,862.10
2576,199895486317,0.00
2577,79569824489,0.20
2578,199895486317,0.00
2579,8527854,1154.10
2580,85766066235,0.30
2581,79569824489,0.20
2582,125251130881,0.40
2583,83060392419,0.10
2584,199895486317,0.00
2585,79569824489,0.20
2586,199895486317,0.00
2587,199895486317,0.00
2588,199895486317,0.00
2589,199895486317,0.00
2590,1557810541,1.30
2591,199895486317,0.00
2592,199895486317,0.00
2593,7923519665,3.40
2594,199895486317,0.00
2595,199895486317,0.00
2596,199895486317,0.00
2597,15121573459,5.10
2598,85766066235,0.30
2599,199895486317,0.00
2600,199895486317,0.00
2601,199895486317,0.00
2602,1557673766,1.50
2603,199895486317,0.00
2604,199895486317,0.00
2605,199895486317,0.00
2606,199895486317,0.00
2607,23512238182,9.30
2608,282289224917,0.50
2609,3270594067,4.60
2610,33014302,913.40
2611,1197856636,4.00
2612,125251130881,0.40
2613,199895486317,0.00
2614,199895486317,0.00
2615,85766066235,0.30
2616,108521213829,1.00
2617,199895486317,0.00
2618,72061644,1403.10
2619,199895486317,0.00
2620,85766066235,0.30
2621,199895486317,0.00
2622,199895486317,0.00
2623,10482536530,6.30
2624,199895486317,0.00
2625,154726356527,0.80
2626,199895486317,0.00
2627,154726356527,0.80
2628,199895486317,0.00
2629,83060392419,0.10
2630,199895486317,0.00
2631,199895486317,0.00
2632,47581177533,0.60
2633,3601999651,3.60
2634,79569824489,0.20
2635,612378653,2.00
2636,282289224917,0.50
2637,85766066235,0.30
2638,8530634511,6.60
2639,4945097404,2.50
2640,47581177533,0.60
2641,199895486317,0.00
2642,199895486317,0.00
2643,14466990022,40.00
2644,108521213829,1.00
2645,108521213829,1.00
2646,199895486317,0.00
2647,199895486317,0.00
2648,199895486317,0.00
2649,199895486317,0.00
2650,11892078165,30.00
2651,199895486317,0.00
2652,125251130881,0.40
2653,199895486317,0.00
2654,6820702048,4.20
2655,199895486317,0.00
2656,1557810541,1.30
2657,199895486317,0.00
2658,199895486317,0.00
2659,1532140042,2.10
2660,1765202099,10.00
2661,125251130881,0.40
2662,79569824489,0.20
2663,79569824489,0.20
2664,16425131247,4.50
2665,199895486317,0.00
2666,199895486317,0.00
2667,125251130881,0.40
2668,4949231836,135.60
2669,612378653,2.00
2670,85766066235,0.30
2671,1557810541,1.30
2672,3603100504,5.00
2673,199895486317,0.00
2674,47581177533,0.60
2675,199895486317,0.00
2676,199895486317,0.00
2677,83060392419,0.10
2678,277321179970,0.70
2679,55957059,571.70
2680,17884656458,5.60
2681,74885372,1233.90
2682,79569824489,0.20
2683,47581177533,0.60
2684,199895486317,0.00
2685,1877036231,3.20
2686,79569824489,0.20
2687,1456872722,196.70
2688,315613776,3.00
2689,125251130881,0.40
2690,56202459612,11.10
2691,199895486317,0.00
2692,9469098,1689.50
2693,612378653,2.00
2694,199895486317,0.00
2695,199895486317,0.00
2696,79569824489,0.20
2697,19911293229,130.60
2698,125251130881,0.40
2699,3134113128,1.10
2700,612378653,2.00
2701,199895486317,0.00
2702,612378653,2.00
2703,199895486317,0.00
2704,1425911958,1.20
2705,199895486317,0.00
2706,199895486317,0.00
2707,108521213829,1.00
2708,199895486317,0.00
2709,199895486317,0.00
2710,199895486317,0.00
2711,36087502,3737.00
2712,199895486317,0.00
2713,199895486317,0.00
2714,199895486317,0.00
2715,199895486317,0.00
2716,7593169253,3.90
2717,199895486317,0.00
2718,108521213829,1.00
2719,277321179970,0.70
2720,118902574,697.90
2721,62591995329,92.40
2722,277321179970,0.70
2723,34190855,2020.30
2724,57170638566,8.60
2725,199895486317,0.00
2726,282289224917,0.50
2727,50039995,5000.00
2728,47581177533,0.60
2729,199895486317,0.00
2730,154726356527,0.80
2731,1675465947,6.00
2732,199895486317,0.00
2733,199895486317,0.00
2734,199895486317,0.00
2735,612378653,2.00
2736,199895486317,0.00
2737,199895486317,0.00
2738,199895486317,0.00
2739,106548789,442.50
2740,85766066235,0.30
2741,6812533058,3.70
2742,7923519665,3.40
2743,199895486317,0.00
2744,7718442,925.80
2745,315613776,3.00
2746,1425911958,1.20
2747,79569824489,0.20
2748,199895486317,0.00
2749,7112728738,4.30
2750,199895486317,0.00
2751,2237290763,1.60
2752,70852190,281.50
2753,83060392419,0.10
2754,199895486317,0.00
2755,2957124586,2.20
2756,16425131247,4.50
2757,1675465947,6.00
2758,2957124586,2.20
2759,199895486317,0.00
2760,79569824489,0.20
2761,282289224917,0.50
2762,315613776,3.00
2763,47581177533,0.60
2764,199895486317,0.00
2765,10048017542,2.80
2766,315613776,3.00
2767,125251130881,0.40
2768,199895486317,0.00
2769,80664645,466.10
2770,125251130881,0.40
2771,199895486317,0.00
2772,2624243096,2.30
2773,199895486317,0.00
2774,199895486317,0.00
2775,199895486317,0.00
2776,1520918505,1.70
2777,125740744,3505.40
2778,3134113128,1.10
2779,9641957339,20.00
2780,1532140042,2.10
2781,83060392419,0.10
2782,85766066235,0.30
2783,3726971114,2.70
2784,199895486317,0.00
2785,1197856636,4.00
2786,125251130881,0.40
2787,37518345729,8.90
2788,199895486317,0.00
2789,135642539710,0.90
2790,282289224917,0.50
2791,199895486317,0.00
2792,199895486317,0.00
2793,125251130881,0.40
2794,199895486317,0.00
2795,199895486317,0.00
2796,3603100504,5.00
2797,2072511162,1.40
2798,612378653,2.00
2799,39636764619,12.30
2800,1425911958,1.20
2801,2237290763,1.60
2802,50039995,5000.00
2803,2237290763,1.60
2804,125251130881,0.40
2805,47581177533,0.60
2806,199895486317,0.00
2807,40038182,508.60
2808,61839818,897.70
2809,50039995,5000.00
2810,2920269406,3.10
2811,125251130881,0.40
2812,199895486317,0.00
2813,2072511162,1.40
2814,1557810541,1.30
2815,108521213829,1.00
2816,11332752623,10.30
2817,1557673766,1.50
2818,47581177533,0.60
2819,47581177533,0.60
2820,612378653,2.00
2821,1765202099,10.00
2822,199895486317,0.00
2823,47581177533,0.60
2824,199895486317,0.00
2825,199895486317,0.00
2826,244846400,255.50
2827,47581177533,0.60
2828,83060392419,0.10
2829,199895486317,0.00
2830,69452842,325.60
2831,199895486317,0.00
2832,2957124586,2.20
2833,612378653,2.00
2834,199895486317,0.00
2835,154726356527,0.80
2836,125251130881,0.40
2837,4396518058,2.90
2838,199895486317,0.00
2839,199895486317,0.00
2840,47581177533,0.60
2841,1425911958,1.20
2842,52061128,333.30
2843,199895486317,0.00
2844,199895486317,0.00
2845,1557810541,1.30
2846,47581177533,0.60
2847,199895486317,0.00
2848,1557810541,1.30
2849,3726971114,2.70
2850,3366654763,163.90
2851,108521213829,1.00
2852,11239432591,6.10
2853,44191541,2036.20
2854,2624243096,2.30
2855,7112728738,4.30
2856,199895486317,0.00
2857,199895486317,0.00
2858,315613776,3.00
2859,282289224917,0.50
2860,79569824489,0.20
2861,199895486317,0.00
2862,47581177533,0.60
2863,199895486317,0.00
2864,1425911958,1.20
2865,199895486317,0.00
2866,125251130881,0.40
2867,199895486317,0.00
2868,2624243096,2.30
2869,1425911958,1.20
2870,118314299,468.40
2871,4513717882,3.30
2872,47581177533,0.60
2873,39636764619,12.30
2874,135642539710,0.90
2875,12367168153,119.80
2876,81003436,1046.90
2877,1675465947,6.00
2878,84768405,1008.50
2879,199895486317,0.00
2880,199895486317,0.00
2881,125251130881,0.40
2882,125251130881,0.40
2883,199895486317,0.00
2884,199895486317,0.00
2885,199895486317,0.00
2886,199895486317,0.00
2887,1557810541,1.30
2888,199895486317,0.00
2889,199895486317,0.00
2890,79569824489,0.20
2891,199895486317,0.00
2892,108521213829,1.00
2893,199895486317,0.00
2894,83060392419,0.10
2895,1520918505,1.70
2896,85766066235,0.30
2897,6812533058,3.70
2898,12277133107,3.80
2899,612378653,2.00
2900,83060392419,0.10
2901,199895486317,0.00
2902,1520918505,1.70
2903,199895486317,0.00
2904,199895486317,0.00
2905,108521213829,1.00
2906,85766066235,0.30
2907,68899125,511.10
2908,199895486317,0.00
2909,43014990,2416.40
2910,2722576770,2.40
2911,24999577,1061.30
2912,1425911958,1.20
2913,199895486317,0.00
2914,315613776,3.00
2915,199895486317,0.00
2916,85766066235,0.30
2917,199895486317,0.00
2918,199895486317,0.00
2919,13929842199,10.20
2920,199895486317,0.00
2921,2072511162,1.40
2922,79569824489,0.20
2923,2072511162,1.40
2924,4583016053,9.00
2925,199895486317,0.00
2926,1675465947,6.00
2927,47581177533,0.60
2928,79569824489,0.20
2929,199895486317,0.00
2930,277321179970,0.70
2931,199895486317,0.00
2932,199895486317,0.00
2933,199895486317,0.00
2934,11814958244,60.60
2935,315613776,3.00
2936,199895486317,0.00
2937,135642539710,0.90
2938,18559571033,5.40
2939,56060544,1203.00
2940,47581177533,0.60
2941,85766066235,0.30
2942,85766066235,0.30
2943,154726356527,0.80
2944,154726356527,0.80
2945,199895486317,0.00
2946,83060392419,0.10
2947,315613776,3.00
2948,1675465947,6.00
2949,315613776,3.00
2950,69237922,1301.60
2951,3134113128,1.10
2952,83060392419,0.10
2953,37872821726,10.80
2954,125251130881,0.40
2955,1557673766,1.50
2956,5997252767,6.20
2957,85766066235,0.30
2958,79569824489,0.20
2959,9286738256,52.40
2960,135642539710,0.90
2961,125251130881,0.40
2962,20148387950,10.50
2963,154726356527,0.80
2964,47581177533,0.60
2965,74781883,976.90
2966,199895486317,0.00
2967,63604643,768.10
2968,199895486317,0.00
2969,6227699868,3.50
2970,1557673766,1.50
2971,73605334,911.10
2972,31814297765,14.00
2973,108521213829,1.00
2974,199895486317,0.00
2975,199895486317,0.00
2976,3603100504,5.00
2977,154726356527,0.80
2978,31814297765,14.00
2979,79569824489,0.20
2980,199895486317,0.00
2981,10048017542,2.80
2982,95371537,2004.50
2983,39118196,1340.00
2984,47581177533,0.60
2985,199895486317,0.00
2986,85766066235,0.30
2987,85766066235,0.30
2988,199895486317,0.00
2989,282289224917,0.50
2990,199895486317,0.00
2991,199895486317,0.00
2992,94180819,1608.90
2993,199895486317,0.00
2994,199895486317,0.00
2995,125251130881,0.40
2996,4900725713,1.80
2997,1425911958,1.20
2998,199895486317,0.00
2999,10048017542,2.80
3000,1557673766,1.50
3001,79569824489,0.20
3002,4945097404,2.50
3003,127858539,3553.40
3004,199895486317,0.00
3005,277321179970,0.70
3006,125251130881,0.40
3007,199895486317,0.00
3008,108521213829,1.00
3009,3134113128,1.10
3010,79569824489,0.20
3011,37024513407,10.40
3012,199895486317,0.00
3013,199895486317,0.00
3014,79569824489,0.20
3015,199895486317,0.00
3016,1425911958,1.20
3017,79569824489,0.20
3018,199895486317,0.00
3019,47581177533,0.60
3020,199895486317,0.00
3021,199895486317,0.00
3022,47581177533,0.60
3023,199895486317,0.00
3024,5997252767,6.20
3025,199895486317,0.00
3026,199895486317,0.00
3027,162667204196,22.90
3028,199895486317,0.00
3029,612378653,2.00
3030,199895486317,0.00
3031,2920269406,3.10
3032,125251130881,0.40
3033,199895486317,0.00
3034,2624243096,2.30
3035,79569824489,0.20
3036,4945097404,2.50
3037,199895486317,0.00
3038,215529313,233.50
3039,47581177533,0.60
3040,199895486317,0.00
3041,17804763446,5.30
3042,199895486317,0.00
3043,135642539710,0.90
3044,4396518058,2.90
3045,2920269406,3.10
3046,107725331,575.30
3047,10418238950,7.20
3048,199895486317,0.00
3049,7923519665,3.40
3050,199895486317,0.00
3051,85766066235,0.30
3052,282289224917,0.50
3053,199895486317,0.00
3054,83606025,658.20
3055,79569824489,0.20
3056,135642539710,0.90
3057,24999575,1599.10
3058,199895486317,0.00
3059,199895486317,0.00
3060,47581177533,0.60
3061,125251130881,0.40
3062,199895486317,0.00
3063,135642539710,0.90
3064,199895486317,0.00
3065,199895486317,0.00
3066,199895486317,0.00
3067,277321179970,0.70
3068,199895486317,0.00
3069,84194299,2629.70
3070,199895486317,0.00
3071,199895486317,0.00
3072,199895486317,0.00
3073,47581177533,0.60
3074,79569824489,0.20
3075,79569824489,0.20
3076,47581177533,0.60
3077,47581177533,0.60
3078,199895486317,0.00
3079,199895486317,0.00
3080,199895486317,0.00
3081,199895486317,0.00
3082,108521213829,1.00
3083,2722576770,2.40
3084,80294476960,43.00
3085,83060392419,0.10
3086,199895486317,0.00
3087,47581177533,0.60
3088,2624243096,2.30
3089,277321179970,0.70
3090,47581177533,0.60
3091,85766066235,0.30
3092,199895486317,0.00
3093,199895486317,0.00
3094,47581177533,0.60
3095,4513717882,3.30
3096,23117095,1164.50
3097,15165278392,10.10
3098,199895486317,0.00
3099,47581177533,0.60
3100,199895486317,0.00
3101,277321179970,0.70
3102,199895486317,0.00
3103,199895486317,0.00
3104,47581177533,0.60
3105,199895486317,0.00
3106,2920269406,3.10
3107,46803716,400.50
3108,53015686,437.10
3109,199895486317,0.00
3110,199895486317,0.00
3111,199895486317,0.00
3112,199895486317,0.00
3113,83060392419,0.10
3114,315613776,3.00
3115,199895486317,0.00
3116,26612529,339.20
3117,199895486317,0.00
3118,199895486317,0.00
3119,199895486317,0.00
3120,47581177533,0.60
3121,199895486317,0.00
3122,135642539710,0.90
3123,199895486317,0.00
3124,199895486317,0.00
3125,125251130881,0.40
3126,11892078165,30.00
3127,199895486317,0.00
3128,97136368,2930.30
3129,135642539710,0.90
3130,612378653,2.00
3131,9174170176,156.70
3132,199895486317,0.00
3133,63604645,728.80
3134,199895486317,0.00
3135,25036160316,4.90
3136,612378653,2.00
3137,199895486317,0.00
3138,315613776,3.00
3139,199895486317,0.00
3140,199895486317,0.00
3141,199895486317,0.00
3142,199895486317,0.00
3143,125251130881,0.40
3144,9981756909,4.40
3145,199895486317,0.00
3146,282289224917,0.50
3147,199895486317,0.00
3148,612378653,2.00
3149,199895486317,0.00
3150,1532140042,2.10
3151,1520918505,1.70
3152,199895486317,0.00
3153,1557810541,1.30
3154,199895486317,0.00
3155,58634257375,11.70
3156,199895486317,0.00
3157,79569824489,0.20
3158,85766066235,0.30
3159,83060392419,0.10
3160,199895486317,0.00
3161,282289224917,0.50
3162,612378653,2.00
3163,199895486317,0.00
3164,47581177533,0.60
3165,199895486317,0.00
3166,199895486317,0.00
3167,55160056777,11.80
3168,2957124586,2.20
3169,51839129,610.90
3170,199895486317,0.00
3171,199895486317,0.00
3172,315613776,3.00
3173,47581177533,0.60
3174,199895486317,0.00
3175,108521213829,1.00
3176,199895486317,0.00
3177,47581177533,0.60
3178,79569824489,0.20
3179,199895486317,0.00
3180,154726356527,0.80
3181,199895486317,0.00
3182,119490851,2827.00
3183,1557810541,1.30
3184,199895486317,0.00
3185,1425911958,1.20
3186,277321179970,0.70
3187,16425131247,4.50
3188,85766066235,0.30
3189,79569824489,0.20
3190,47811324295,88.40
3191,199895486317,0.00
3192,83060392419,0.10
3193,19178406868,15.00
3194,50039995,5000.00
3195,199895486317,0.00
3196,282289224917,0.50
3197,199895486317,0.00
3198,199895486317,0.00
3199,125251130881,0.40
3200,1675465947,6.00
3201,199895486317,0.00
3202,50039995,5000.00
3203,74781885,450.10
3204,19752750180,5.20
3205,199895486317,0.00
3206,199895486317,0.00
3207,199895486317,0.00
3208,315613776,3.00
3209,199895486317,0.00
3210,199895486317,0.00
3211,612378653,2.00
3212,47581177533,0.60
3213,199895486317,0.00
3214,199895486317,0.00
3215,199895486317,0.00
3216,79569824489,0.20
3217,277321179970,0.70
3218,1520918505,1.70
3219,199895486317,0.00
3220,199895486317,0.00
3221,199895486317,0.00
3222,79569824489,0.20
3223,5899738755,1.90
3224,1425911958,1.20
3225,108521213829,1.00
3226,199895486317,0.00
3227,113608090,2053.00
3228,199895486317,0.00
3229,282289224917,0.50
3230,37872821726,10.80
3231,49459321140,24.40
3232,125251130881,0.40
3233,199895486317,0.00
3234,108521213829,1.00
3235,135642539710,0.90
3236,10659816,994.30
3237,83060392419,0.10
3238,89003992,1088.50
3239,1197856636,4.00
3240,199895486317,0.00
3241,79569824489,0.20
3242,199895486317,0.00
3243,13700045294,7.50
3244,47581177533,0.60
3245,47581177533,0.60
3246,199895486317,0.00
3247,23336769301,10.60
3248,199895486317,0.00
3249,85766066235,0.30
3250,79569824489,0.20
3251,199895486317,0.00
3252,2957124586,2.20
3253,1675465947,6.00
3254,282289224917,0.50
3255,79569824489,0.20
3256,47581177533,0.60
3257,12277133107,3.80
3258,612378653,2.00
3259,6820702048,4.20
3260,315613776,3.00
3261,39338486937,6.80
3262,277321179970,0.70
3263,199895486317,0.00
3264,199895486317,0.00
3265,199895486317,0.00
3266,83060392419,0.10
3267,108521213829,1.00
3268,199895486317,0.00
3269,199895486317,0.00
3270,199895486317,0.00
3271,3671113205,2.60
3272,199895486317,0.00
3273,47581177533,0.60
3274,199895486317,0.00
3275,47581177533,0.60
3276,315613776,3.00
3277,199895486317,0.00
3278,199895486317,0.00
3279,199895486317,0.00
3280,315613776,3.00
3281,85766066235,0.30
3282,199895486317,0.00
3283,199895486317,0.00
3284,199895486317,0.00
3285,612378653,2.00
3286,1425911958,1.20
3287,79569824489,0.20
3288,199895486317,0.00
3289,108521213829,1.00
3290,79569824489,0.20
3291,199895486317,0.00
3292,199895486317,0.00
3293,83060392419,0.10
3294,3671113205,2.60
3295,44782305346,22.20
3296,199895486317,0.00
3297,199895486317,0.00
3298,6820702048,4.20
3299,47581177533,0.60
3300,199895486317,0.00
3301,85766066235,0.30
3302,199895486317,0.00
3303,199895486317,0.00
3304,277321179970,0.70
3305,108521213829,1.00
3306,125251130881,0.40
3307,199895486317,0.00
3308,199895486317,0.00
3309,199895486317,0.00
3310,199895486317,0.00
3311,47629798649,8.80
3312,125251130881,0.40
3313,282289224917,0.50
3314,199895486317,0.00
3315,3671113205,2.60
3316,6812533058,3.70
3317,315613776,3.00
3318,199895486317,0.00
3319,199895486317,0.00
3320,3601999651,3.60
3321,1532140042,2.10
3322,79569824489,0.20
3323,108521213829,1.00
3324,42883165,1143.60
3325,199895486317,0.00
3326,199895486317,0.00
3327,17884656458,5.60
3328,277321179970,0.70
3329,199895486317,0.00
3330,85766066235,0.30
3331,612378653,2.00
3332,199895486317,0.00
3333,199895486317,0.00
3334,13497715,3708.30
3335,199895486317,0.00
3336,85766066235,0.30
3337,199895486317,0.00
3338,1765202099,10.00
3339,125251130881,0.40
3340,1774544913,181.80
3341,612378653,2.00
3342,199895486317,0.00
3343,3603100504,5.00
3344,83060392419,0.10
3345,125251130881,0.40
3346,47581177533,0.60
3347,199895486317,0.00
3348,199895486317,0.00
3349,199895486317,0.00
3350,199895486317,0.00
3351,68310884,425.50
3352,154726356527,0.80
3353,1520918505,1.70
3354,199895486317,0.00
3355,1197856636,4.00
3356,282289224917,0.50
3357,199895486317,0.00
3358,199895486317,0.00
3359,85766066235,0.30
3360,199895486317,0.00
3361,85766066235,0.30
3362,199895486317,0.00
3363,4583016053,9.00
3364,199895486317,0.00
3365,79569824489,0.20
3366,199895486317,0.00
3367,154726356527,0.80
3368,199895486317,0.00
3369,199895486317,0.00
3370,199895486317,0.00
3371,85766066235,0.30
3372,199895486317,0.00
3373,108521213829,1.00
3374,199895486317,0.00
3375,199895486317,0.00
3376,89945232,1067.90
3377,199895486317,0.00
3378,7130167,691.80
3379,85766066235,0.30
3380,125251130881,0.40
3381,125251130881,0.40
3382,135642539710,0.90
3383,199895486317,0.00
3384,11332752623,10.30
3385,199895486317,0.00
3386,199895486317,0.00
3387,199895486317,0.00
3388,9641957339,20.00
3389,199895486317,0.00
3390,199895486317,0.00
3391,199895486317,0.00
3392,199895486317,0.00
3393,85766066235,0.30
3394,199895486317,0.00
3395,199895486317,0.00
3396,199895486317,0.00
3397,277321179970,0.70
3398,199895486317,0.00
3399,108521213829,1.00
3400,199895486317,0.00
3401,125251130881,0.40
3402,199895486317,0.00
3403,199895486317,0.00
3404,199895486317,0.00
3405,277321179970,0.70
3406,199895486317,0.00
3407,199895486317,0.00
3408,199895486317,0.00
3409,1532140042,2.10
3410,125251130881,0.40
3411,1197856636,4.00
3412,199895486317,0.00
3413,199895486317,0.00
3414,199895486317,0.00
3415,315613776,3.00
3416,199895486317,0.00
3417,1197856636,4.00
3418,1425911958,1.20
3419,199895486317,0.00
3420,315613776,3.00
3421,47581177533,0.60
3422,199895486317,0.00
3423,199895486317,0.00
3424,1361453978,202.10
3425,3603100504,5.00
3426,61839819,631.50
3427,1557810541,1.30
3428,199895486317,0.00
3429,1557810541,1.30
3430,104783955,787.80
3431,277321179970,0.70
3432,199895486317,0.00
3433,199895486317,0.00
3434,1877036231,3.20
3435,65503466226,11.20
3436,85370851,767.40
3437,18559571033,5.40
3438,1425911958,1.20
3439,199895486317,0.00
3440,199895486317,0.00
3441,108521213829,1.00
3442,315613776,3.00
3443,199895486317,0.00
3444,154726356527,0.80
3445,83060392419,0.10
3446,114196367,648.50
3447,7923519665,3.40
3448,199895486317,0.00
3449,199895486317,0.00
3450,1557673766,1.50
3451,9812967858,5.70
3452,85766066235,0.30
3453,199895486317,0.00
3454,199895486317,0.00
3455,85766066235,0.30
3456,4396518058,2.90
3457,199895486317,0.00
3458,83060392419,0.10
3459,199895486317,0.00
3460,199895486317,0.00
3461,19178406868,15.00
3462,199895486317,0.00
3463,277321179970,0.70
3464,199895486317,0.00
3465,199895486317,0.00
3466,2957124586,2.20
3467,199895486317,0.00
3468,612378653,2.00
3469,7923519665,3.40
3470,315613776,3.00
3471,199895486317,0.00
3472,13700045294,7.50
3473,199895486317,0.00
3474,85766066235,0.30
3475,85766066235,0.30
3476,199895486317,0.00
3477,13601200,520.10
3478,199895486317,0.00
3479,199895486317,0.00
3480,38252264100,106.40
3481,4945097404,2.50
3482,125251130881,0.40
3483,135642539710,0.90
3484,47581177533,0.60
3485,1765202099,10.00
3486,199895486317,0.00
3487,199895486317,0.00
3488,91547609038,31.50
3489,199895486317,0.00
3490,70851276504,45.20
3491,1557673766,1.50
3492,1877036231,3.20
3493,2072511162,1.40
3494,9007782297,5.50
3495,44782305346,22.20
3496,199895486317,0.00
3497,199895486317,0.00
3498,199895486317,0.00
3499,199895486317,0.00
3500,34411992,1648.40
3501,199895486317,0.00
3502,8894993,884.30
3503,199895486317,0.00
3504,83060392419,0.10
3505,277321179970,0.70
3506,85766066235,0.30
3507,199895486317,0.00
3508,199895486317,0.00
3509,118314297,652.70
3510,199895486317,0.00
3511,2920269406,3.10
3512,199895486317,0.00
3513,3134113128,1.10
3514,108521213829,1.00
3515,199895486317,0.00
3516,199895486317,0.00
3517,154726356527,0.80
3518,199895486317,0.00
3519,65503466226,11.20
3520,85766066235,0.30
3521,70186195779,9.50
3522,199895486317,0.00
3523,199895486317,0.00
3524,40121640911,4.70
3525,79569824489,0.20
3526,1675465947,6.00
3527,199895486317,0.00
3528,2624243096,2.30
3529,79569824489,0.20
3530,44540048458,44.90
3531,199895486317,0.00
3532,147592755765,34.00
3533,199895486317,0.00
3534,199895486317,0.00
3535,50939209355,10.70
3536,83060392419,0.10
3537,1557673766,1.50
3538,85766066235,0.30
3539,199895486317,0.00
3540,199895486317,0.00
3541,154726356527,0.80
3542,199895486317,0.00
3543,125251130881,0.40
3544,199895486317,0.00
3545,199895486317,0.00
3546,833750963,203.80
3547,85766066235,0.30
3548,199895486317,0.00
3549,199895486317,0.00
3550,54648679,1201.50
3551,1425911958,1.20
3552,105974678,3852.80
3553,48897750,2941.50
3554,74414750,1195.10
3555,199895486317,0.00
3556,199895486317,0.00
3557,108521213829,1.00
3558,135642539710,0.90
3559,199895486317,0.00
3560,4513717882,3.30
3561,108521213829,1.00
3562,199895486317,0.00
3563,199895486317,0.00
3564,612378653,2.00
3565,43567840,553.70
3566,2624243096,2.30
3567,199895486317,0.00
3568,199895486317,0.00
3569,1877036231,3.20
3570,612378653,2.00
3571,199895486317,0.00
3572,199895486317,0.00
3573,135642539710,0.90
3574,199895486317,0.00
3575,199895486317,0.00
3576,85766066235,0.30
3577,833750963,203.80
3578,199895486317,0.00
3579,154726356527,0.80
3580,79569824489,0.20
3581,612378653,2.00
3582,199895486317,0.00
3583,199895486317,0.00
3584,282289224917,0.50
3585,125251130881,0.40
3586,85766066235,0.30
3587,85766066235,0.30
3588,3134113128,1.10
3589,85709648,1167.40
3590,3671113205,2.60
3591,199895486317,0.00
3592,42438671758,100.90
3593,199895486317,0.00
3594,199895486317,0.00
3595,199895486317,0.00
3596,199895486317,0.00
3597,612378653,2.00
3598,199895486317,0.00
3599,199895486317,0.00
3600,199895486317,0.00
3601,47581177533,0.60
3602,17804763446,5.30
3603,61501020,3452.30
3604,79569824489,0.20
3605,282289224917,0.50
3606,108521213829,1.00
3607,199895486317,0.00
3608,199895486317,0.00
3609,199895486317,0.00
3610,79569824489,0.20
3611,58718951,315.90
3612,49102971578,13.70
3613,315613776,3.00
3614,199895486317,0.00
3615,199895486317,0.00
3616,199895486317,0.00
3617,13929842199,10.20
3618,4513717882,3.30
3619,662499032,193.10
3620,612378653,2.00
3621,199895486317,0.00
3622,199895486317,0.00
3623,199895486317,0.00
3624,21219569716,12.00
3625,199895486317,0.00
3626,41838440,569.80
3627,78650336,1295.80
3628,315613776,3.00
3629,3671113205,2.60
3630,21219569716,12.00
3631,199895486317,0.00
3632,1425911958,1.20
3633,199895486317,0.00
3634,199895486317,0.00
3635,199895486317,0.00
3636,315613776,3.00
3637,83060392419,0.10
3638,199895486317,0.00
3639,199895486317,0.00
3640,199895486317,0.00
3641,199895486317,0.00
3642,108521213829,1.00
3643,199895486317,0.00
3644,199895486317,0.00
3645,6227699868,3.50
3646,282289224917,0.50
3647,108521213829,1.00
3648,85766066235,0.30
3649,3134113128,1.10
3650,199895486317,0.00
3651,282289224917,0.50
3652,1557810541,1.30
3653,79569824489,0.20
3654,199895486317,0.00
3655,1197856636,4.00
3656,237013437,220.30
3657,282289224917,0.50
3658,108521213829,1.00
3659,125251130881,0.40
3660,199895486317,0.00
3661,1675465947,6.00
3662,1425911958,1.20
3663,199895486317,0.00
3664,83060392419,0.10
3665,199895486317,0.00
3666,199895486317,0.00
3667,199895486317,0.00
3668,199895486317,0.00
3669,95371541,869.40
3670,199895486317,0.00
3671,199895486317,0.00
3672,154726356527,0.80
3673,85766066235,0.30
3674,199895486317,0.00
3675,26543264,627.80
3676,199895486317,0.00
3677,199895486317,0.00
3678,85766066235,0.30
3679,67170284,357.20
3680,199895486317,0.00
3681,85766066235,0.30
3682,5365339,434.10
3683,125251130881,0.40
3684,199895486317,0.00
3685,3134113128,1.10
3686,277321179970,0.70
3687,47581177533,0.60
3688,79569824489,0.20
3689,85766066235,0.30
3690,199895486317,0.00
3691,85766066235,0.30
3692,85766066235,0.30
3693,199895486317,0.00
3694,20148387950,10.50
3695,78311542,2773.40
3696,199895486317,0.00
3697,50039995,5000.00
3698,199895486317,0.00
3699,199895486317,0.00
3700,125251130881,0.40
3701,199895486317,0.00
3702,250097797348,13.20
3703,135642539710,0.90
3704,110236990,346.10
3705,83060392419,0.10
3706,199895486317,0.00
3707,54780503,535.70
3708,6542476,376.20
3709,199895486317,0.00
3710,199895486317,0.00
3711,1532140042,2.10
3712,85766066235,0.30
3713,125251130881,0.40
3714,199895486317,0.00
3715,199895486317,0.00
3716,85766066235,0.30
3717,1532140042,2.10
3718,199895486317,0.00
3719,4900725713,1.80
3720,199895486317,0.00
3721,199895486317,0.00
3722,1675465947,6.00
3723,79569824489,0.20
3724,2237290763,1.60
3725,4513717882,3.30
3726,199895486317,0.00
3727,100077748,864.10
3728,199895486317,0.00
3729,199895486317,0.00
3730,199895486317,0.00
3731,199895486317,0.00
3732,65182299989,22.10
3733,2920269406,3.10
3734,199895486317,0.00
3735,47581177533,0.60
3736,199895486317,0.00
3737,75355992,1426.90
3738,199895486317,0.00
3739,1425911958,1.20
3740,1675465947,6.00
3741,21248805191,7.40
3742,199895486317,0.00
3743,199895486317,0.00
3744,199895486317,0.00
3745,104195675,943.30
3746,125251130881,0.40
3747,199895486317,0.00
3748,199895486317,0.00
3749,154726356527,0.80
3750,199895486317,0.00
3751,46485136,321.10
3752,1675465947,6.00
3753,199895486317,0.00
3754,199895486317,0.00
3755,5899738755,1.90
3756,199895486317,0.00
3757,125251130881,0.40
3758,1532140042,2.10
3759,1425911958,1.20
3760,83060392419,0.10
3761,18410891,1807.30
3762,199895486317,0.00
3763,199895486317,0.00
3764,2722576770,2.40
3765,199895486317,0.00
3766,132038165313,12.60
3767,199895486317,0.00
3768,612378653,2.00
3769,199895486317,0.00
3770,85766066235,0.30
3771,199895486317,0.00
3772,101842576,554.80
3773,47581177533,0.60
3774,135642539710,0.90
3775,199895486317,0.00
3776,83060392419,0.10
3777,315613776,3.00
3778,199895486317,0.00
3779,1425911958,1.20
3780,108029327,263.70
3781,31117649,1766.70
3782,199895486317,0.00
3783,79569824489,0.20
3784,612378653,2.00
3785,6820702048,4.20
3786,199895486317,0.00
3787,3726971114,2.70
3788,199895486317,0.00
3789,79569824489,0.20
3790,111254990,2267.70
3791,199895486317,0.00
3792,612378653,2.00
3793,25366713,4437.90
3794,83060392419,0.10
3795,2072511162,1.40
3796,199895486317,0.00
3797,199895486317,0.00
3798,108521213829,1.00
3799,47581177533,0.60
3800,199895486317,0.00
3801,1197856636,4.00
3802,47581177533,0.60
3803,199895486317,0.00
3804,315613776,3.00
3805,85766066235,0.30
3806,83060392419,0.10
3807,199895486317,0.00
3808,37872821726,10.80
3809,83060392419,0.10
3810,3134113128,1.10
3811,199895486317,0.00
3812,85766066235,0.30
3813,85766066235,0.30
3814,199895486317,0.00
3815,135642539710,0.90
3816,52720146,298.00
3817,42412545,1580.90
3818,85766066235,0.30
3819,199895486317,0.00
3820,199895486317,0.00
3821,277321179970,0.70
3822,6227699868,3.50
3823,72428779,475.30
3824,125251130881,0.40
3825,199895486317,0.00
3826,315613776,3.00
3827,83060392419,0.10
3828,199895486317,0.00
3829,199895486317,0.00
3830,199895486317,0.00
3831,199895486317,0.00
3832,199895486317,0.00
3833,199895486317,0.00
3834,315613776,3.00
3835,199895486317,0.00
3836,1197856636,4.00
3837,199895486317,0.00
3838,1197856636,4.00
3839,17130855,613.40
3840,87971604683,32.00
3841,61839817,634.70
3842,199895486317,0.00
3843,85766066235,0.30
3844,199895486317,0.00
3845,199895486317,0.00
3846,45911102,320.60
3847,1520918505,1.70
3848,612378653,2.00
3849,1425911958,1.20
3850,612378653,2.00
3851,79569824489,0.20
3852,1557673766,1.50
3853,74913709,3053.90
3854,199895486317,0.00
3855,2072511162,1.40
3856,612378653,2.00
3857,93606711,881.60
3858,199895486317,0.00
3859,199895486317,0.00
3860,199895486317,0.00
3861,199895486317,0.00
3862,38647576,1190.00
3863,77725262,388.80
3864,43676501806,47.50
3865,199895486317,0.00
3866,199895486317,0.00
3867,4762891,1566.20
3868,63604644,868.00
3869,199895486317,0.00
3870,199895486317,0.00
3871,90667550,389.30
3872,53948095824,21.10
3873,199895486317,0.00
3874,85766066235,0.30
3875,199895486317,0.00
3876,109490159,816.30
3877,91253607,680.30
3878,85766066235,0.30
3879,199895486317,0.00
3880,7813758320,5.80
3881,315613776,3.00
3882,7103899665,101.20
3883,5911100,1342.00
3884,1675465947,6.00
3885,47581177533,0.60
3886,426799282,185.20
3887,199895486317,0.00
3888,4513717882,3.30
3889,199895486317,0.00
3890,47581177533,0.60
3891,1532140042,2.10
3892,199895486317,0.00
3893,199895486317,0.00
3894,199895486317,0.00
3895,315613776,3.00
3896,85766066235,0.30
3897,199895486317,0.00
3898,199895486317,0.00
3899,199895486317,0.00
3900,199895486317,0.00
3901,199895486317,0.00
3902,199895486317,0.00
3903,199895486317,0.00
3904,199895486317,0.00
3905,199895486317,0.00
3906,199895486317,0.00
3907,5997252767,6.20
3908,199895486317,0.00
3909,199895486317,0.00
3910,199895486317,0.00
3911,612378653,2.00
3912,315613776,3.00
3913,199895486317,0.00
3914,79120956,1201.90
3915,6820702048,4.20
3916,199895486317,0.00
3917,199895486317,0.00
3918,199895486317,0.00
3919,199895486317,0.00
3920,5997252767,6.20
3921,199895486317,0.00
3922,108521213829,1.00
3923,3134113128,1.10
3924,154726356527,0.80
3925,199895486317,0.00
3926,91253608,808.80
3927,199895486317,0.00
3928,3726971114,2.70
3929,199895486317,0.00
3930,199895486317,0.00
3931,199895486317,0.00
3932,86650886,1936.70
3933,199895486317,0.00
3934,1675465947,6.00
3935,199895486317,0.00
3936,85766066235,0.30
3937,199895486317,0.00
3938,199895486317,0.00
3939,199895486317,0.00
3940,36543953,466.00
3941,199895486317,0.00
3942,199895486317,0.00
3943,199895486317,0.00
3944,4900725713,1.80
3945,199895486317,0.00
3946,85766066235,0.30
3947,282289224917,0.50
3948,199895486317,0.00
3949,199895486317,0.00
3950,199895486317,0.00
3951,199895486317,0.00
3952,47629798649,8.80
3953,199895486317,0.00
3954,125251130881,0.40
3955,7112728738,4.30
3956,2237290763,1.60
3957,50039995,5000.00
3958,30041449631,4.80
3959,199895486317,0.00
3960,199895486317,0.00
3961,1877036231,3.20
3962,199895486317,0.00
3963,79569824489,0.20
3964,1425911958,1.20
3965,199895486317,0.00
3966,199895486317,0.00
3967,199895486317,0.00
3968,135642539710,0.90
3969,85766066235,0.30
3970,612378653,2.00
3971,199895486317,0.00
3972,277321179970,0.70
3973,199895486317,0.00
3974,83060392419,0.10
3975,1197856636,4.00
3976,108521213829,1.00
3977,108521213829,1.00
3978,199895486317,0.00
3979,199895486317,0.00
3980,21371096260,6.40
3981,47581177533,0.60
3982,1520918505,1.70
3983,6667498952,141.50
3984,72870679,329.00
3985,199895486317,0.00
3986,199895486317,0.00
3987,199895486317,0.00
3988,108521213829,1.00
3989,85766066235,0.30
3990,199895486317,0.00
3991,199895486317,0.00
3992,108521213829,1.00
3993,199895486317,0.00
3994,85766066235,0.30
3995,199895486317,0.00
3996,83356544,1068.60
3997,79569824489,0.20
3998,92650857094,25.10
3999,2722576770,2.40
4000,282289224917,0.50
4001,23336769301,10.60
4002,199895486317,0.00
4003,39338486937,6.80
4004,199895486317,0.00
4005,4945097404,2.50
4006,47581177533,0.60
4007,199895486317,0.00
4008,47581177533,0.60
4009,199895486317,0.00
4010,85766066235,0.30
4011,199895486317,0.00
4012,199895486317,0.00
4013,85766066235,0.30
4014,199895486317,0.00
4015,79569824489,0.20
4016,199895486317,0.00
4017,199895486317,0.00
4018,199895486317,0.00
4019,47132924,591.00
4020,85766066235,0.30
4021,4945097404,2.50
4022,2237290763,1.60
4023,79569824489,0.20
4024,199895486317,0.00
4025,612378653,2.00
4026,135642539710,0.90
4027,199895486317,0.00
4028,55160056777,11.80
4029,199895486317,0.00
4030,612378653,2.00
4031,199895486317,0.00
4032,199895486317,0.00
4033,50039995,5000.00
4034,199895486317,0.00
4035,199895486317,0.00
4036,199895486317,0.00
4037,17719126,715.40
4038,282289224917,0.50
4039,199895486317,0.00
4040,199895486317,0.00
4041,199895486317,0.00
4042,199895486317,0.00
4043,27482269,267.20
4044,199895486317,0.00
4045,7593169253,3.90
4046,199895486317,0.00
4047,85766066235,0.30
4048,2957124586,2.20
4049,20660509,546.80
4050,199895486317,0.00
4051,2722576770,2.40
4052,9043223493,4.10
4053,199895486317,0.00
4054,3603100504,5.00
4055,47581177533,0.60
4056,199895486317,0.00
4057,125251130881,0.40
4058,22853443,1020.70
4059,1877036231,3.20
4060,125251130881,0.40
4061,1197856636,4.00
4062,2624243096,2.30
4063,315613776,3.00
4064,199895486317,0.00
4065,13234061,1571.30
4066,79569824489,0.20
4067,79569824489,0.20
4068,199895486317,0.00
4069,45706886,1329.70
4070,199895486317,0.00
4071,1520918505,1.70
4072,199895486317,0.00
4073,199895486317,0.00
4074,199895486317,0.00
4075,8530634511,6.60
4076,10048017542,2.80
4077,1675465947,6.00
4078,125251130881,0.40
4079,199895486317,0.00
4080,199895486317,0.00
4081,199895486317,0.00
4082,86650888,1068.50
4083,3603100504,5.00
4084,1425911958,1.20
4085,199895486317,0.00
4086,3134113128,1.10
4087,199895486317,0.00
4088,47581177533,0.60
4089,79569824489,0.20
4090,199895486317,0.00
4091,1675465947,6.00
4092,125251130881,0.40
4093,199895486317,0.00
4094,125251130881,0.40
4095,20660509,2675.70
4096,199895486317,0.00
4097,1425911958,1.20
4098,154726356527,0.80
4099,199895486317,0.00
4100,135642539710,0.90
4101,13929842199,10.20
4102,199895486317,0.00
4103,125251130881,0.40
4104,199895486317,0.00
4105,199895486317,0.00
4106,79569824489,0.20
4107,199895486317,0.00
4108,199895486317,0.00
4109,131754004865,32.40
4110,1532140042,2.10
4111,199895486317,0.00
4112,374940588,218.90
4113,282289224917,0.50
4114,199895486317,0.00
4115,199895486317,0.00
4116,4900725713,1.80
4117,199895486317,0.00
4118,79569824489,0.20
4119,84782575,475.40
4120,199895486317,0.00
4121,42457009633,9.40
4122,199895486317,0.00
4123,2072511162,1.40
4124,72532268,1288.70
4125,4945097404,2.50
4126,199895486317,0.00
4127,135642539710,0.90
4128,125251130881,0.40
4129,67237578,238.50
4130,315613776,3.00
4131,199895486317,0.00
4132,47581177533,0.60
4133,79569824489,0.20
4134,74193611,2255.50
4135,277321179970,0.70
4136,199895486317,0.00
4137,199895486317,0.00
4138,282289224917,0.50
4139,282289224917,0.50
4140,199895486317,0.00
4141,277321179970,0.70
4142,315613776,3.00
4143,199895486317,0.00
4144,13707961911,7.00
4145,199895486317,0.00
4146,85766066235,0.30
4147,199895486317,0.00
4148,199895486317,0.00
4149,2957124586,2.20
4150,3601999651,3.60
4151,2072511162,1.40
4152,199895486317,0.00
4153,47581177533,0.60
4154,2072511162,1.40
4155,199895486317,0.00
4156,79569824489,0.20
4157,2237290763,1.60
4158,199895486317,0.00
4159,108521213829,1.00
4160,3134113128,1.10
4161,199895486317,0.00
4162,199895486317,0.00
4163,83060392419,0.10
4164,108521213829,1.00
4165,199895486317,0.00
4166,83060392419,0.10
4167,125251130881,0.40
4168,199895486317,0.00
4169,37723082920,97.10
4170,83060392419,0.10
4171,282289224917,0.50
4172,199895486317,0.00
4173,83060392419,0.10
4174,199895486317,0.00
4175,154726356527,0.80
4176,87496962981,7.90
4177,85766066235,0.30
4178,47581177533,0.60
4179,199895486317,0.00
4180,107642987316,11.60
4181,79569824489,0.20
4182,99692076,342.10
4183,199895486317,0.00
4184,199895486317,0.00
4185,315613776,3.00
4186,199895486317,0.00
4187,199895486317,0.00
4188,10968702294,20.60
4189,83060392419,0.10
4190,282289224917,0.50
4191,199895486317,0.00
4192,83060392419,0.10
4193,83060392419,0.10
4194,199895486317,0.00
4195,1557673766,1.50
4196,199895486317,0.00
4197,3134113128,1.10
4198,1877036231,3.20
4199,22853443,1020.70
4200,199895486317,0.00
4201,2920269406,3.10
4202,60213876001,12.40
4203,199895486317,0.00
4204,2722576770,2.40
4205,199895486317,0.00
4206,199895486317,0.00
4207,199895486317,0.00
4208,199895486317,0.00
4209,47581177533,0.60
4210,277321179970,0.70
4211,154726356527,0.80
4212,199895486317,0.00
4213,199895486317,0.00
4214,85766066235,0.30
4215,50039995,5000.00
4216,135642539710,0.90
4217,199895486317,0.00
4218,199895486317,0.00
4219,277321179970,0.70
4220,1425911958,1.20
4221,135642539710,0.90
4222,1197856636,4.00
4223,413119070,228.30
4224,315613776,3.00
4225,199895486317,0.00
4226,1877036231,3.20
4227,199895486317,0.00
4228,73017061,948.80
4229,315613776,3.00
4230,7593169253,3.90
4231,135642539710,0.90
4232,76336949255,67.30
4233,83060392419,0.10
4234,612378653,2.00
4235,199895486317,0.00
4236,10748656134,150.80
4237,18559571033,5.40
4238,277321179970,0.70
4239,83060392419,0.10
4240,199895486317,0.00
4241,199895486317,0.00
4242,1557810541,1.30
4243,89531778,358.40
4244,8530634511,6.60
4245,199895486317,0.00
4246,79569824489,0.20
4247,9311098138,8.00
4248,135642539710,0.90
4249,199895486317,0.00
4250,1425911958,1.20
4251,129295628352,24.50
4252,2237290763,1.60
4253,199895486317,0.00
4254,85766066235,0.30
4255,108521213829,1.00
4256,154726356527,0.80
4257,31814297765,14.00
4258,199895486317,0.00
4259,15116543,1134.00
4260,199895486317,0.00
4261,4513717882,3.30
4262,3603100504,5.00
4263,199895486317,0.00
4264,315613776,3.00
4265,42426717,4741.70
4266,85766066235,0.30
4267,3603100504,5.00
4268,1197856636,4.00
4269,79569824489,0.20
4270,199895486317,0.00
4271,26543270,637.30
4272,199895486317,0.00
4273,80961167294,14.30
4274,113739920,3497.00
4275,199895486317,0.00
4276,199895486317,0.00
4277,2624243096,2.30
4278,199895486317,0.00
4279,71120403,1651.00
4280,282289224917,0.50
4281,199895486317,0.00
4282,199895486317,0.00
4283,79569824489,0.20
4284,199895486317,0.00
4285,282289224917,0.50
4286,125251130881,0.40
4287,199895486317,0.00
4288,199895486317,0.00
4289,199895486317,0.00
4290,199895486317,0.00
4291,2237290763,1.60
4292,1520918505,1.70
4293,79569824489,0.20
4294,199895486317,0.00
4295,83060392419,0.10
4296,83060392419,0.10
4297,47581177533,0.60
4298,199895486317,0.00
4299,9641957339,20.00
4300,199895486317,0.00
4301,199895486317,0.00
4302,199895486317,0.00
4303,199895486317,0.00
4304,85766066235,0.30
4305,199895486317,0.00
4306,125251130881,0.40
4307,135642539710,0.90
4308,199895486317,0.00
4309,83060392419,0.10
4310,83060392419,0.10
4311,80061345600,17.70
4312,199895486317,0.00
4313,27778891394,6.70
4314,612378653,2.00
4315,199895486317,0.00
4316,17804763446,5.30
4317,79569824489,0.20
4318,4945097404,2.50
4319,199895486317,0.00
4320,58634257375,11.70
4321,79569824489,0.20
4322,79569824489,0.20
4323,10968702294,20.60
4324,60167666464,102.20
4325,199895486317,0.00
4326,199895486317,0.00
4327,199895486317,0.00
4328,199895486317,0.00
4329,199895486317,0.00
4330,199895486317,0.00
4331,199895486317,0.00
4332,1197856636,4.00
4333,199895486317,0.00
4334,199895486317,0.00
4335,9641957339,20.00
4336,125251130881,0.40
4337,108521213829,1.00
4338,199895486317,0.00
4339,85766066235,0.30
4340,199895486317,0.00
4341,1197856636,4.00
4342,13707961911,7.00
4343,199895486317,0.00
4344,199895486317,0.00
4345,199895486317,0.00
4346,85766066235,0.30
4347,7112728738,4.30
4348,1520918505,1.70
4349,199895486317,0.00
4350,79569824489,0.20
4351,199895486317,0.00
4352,108521213829,1.00
4353,13013205,390.60
4354,199895486317,0.00
4355,199895486317,0.00
4356,1520918505,1.70
4357,84194298,961.70
4358,199895486317,0.00
4359,199895486317,0.00
4360,17804763446,5.30
4361,57721884,665.80
4362,1557810541,1.30
4363,2920269406,3.10
4364,83060392419,0.10
4365,199895486317,0.00
4366,13929842199,10.20
4367,199895486317,0.00
4368,199895486317,0.00
4369,15116544,1173.60
4370,199895486317,0.00
4371,11124190561,11.00
4372,2624243096,2.30
4373,199895486317,0.00
4374,199895486317,0.00
4375,199895486317,0.00
4376,108521213829,1.00
4377,135642539710,0.90
4378,20367337115,6.90
4379,80961167294,14.30
4380,135642539710,0.90
4381,43014993,752.80
4382,199895486317,0.00
4383,111254984,2455.30
4384,199895486317,0.00
4385,199895486317,0.00
4386,2957124586,2.20
4387,85766066235,0.30
4388,199895486317,0.00
4389,199895486317,0.00
4390,79569824489,0.20
4391,282289224917,0.50
4392,47581177533,0.60
4393,145236818529,18.70
4394,1197856636,4.00
4395,104783954,943.50
4396,83060392419,0.10
4397,199895486317,0.00
4398,199895486317,0.00
4399,199895486317,0.00
4400,19752750180,5.20
4401,83060392419,0.10
4402,612378653,2.00
4403,199895486317,0.00
4404,612378653,2.00
4405,1557673766,1.50
4406,125251130881,0.40
4407,199895486317,0.00
4408,199895486317,0.00
4409,21371096260,6.40
4410,199895486317,0.00
4411,3134113128,1.10
4412,199895486317,0.00
4413,199895486317,0.00
4414,16543376,382.50
4415,277321179970,0.70
4416,85766066235,0.30
4417,125251130881,0.40
4418,199895486317,0.00
4419,199895486317,0.00
4420,199895486317,0.00
4421,199895486317,0.00
4422,199895486317,0.00
4423,199895486317,0.00
4424,199895486317,0.00
4425,79569824489,0.20
4426,2237290763,1.60
4427,199895486317,0.00
4428,199895486317,0.00
4429,199895486317,0.00
4430,282289224917,0.50
4431,3134113128,1.10
4432,199895486317,0.00
4433,1765202099,10.00
4434,199895486317,0.00
4435,41000681,1437.10
4436,9981756909,4.40
4437,199895486317,0.00
4438,1557810541,1.30
4439,92298335,1511.90
4440,1532140042,2.10
4441,47581177533,0.60
4442,79569824489,0.20
4443,125251130881,0.40
4444,83060392419,0.10
4445,89945228,1799.10
4446,116549467,887.50
4447,199895486317,0.00
4448,199895486317,0.00
4449,30176404,1277.80
4450,135642539710,0.90
4451,99149478340,11.30
4452,199895486317,0.00
4453,83060392419,0.10
4454,4945097404,2.50
4455,125251130881,0.40
4456,199895486317,0.00
4457,199895486317,0.00
4458,32529509,1168.50
4459,199895486317,0.00
4460,199895486317,0.00
4461,199895486317,0.00
4462,202676139848,13.60
4463,1877036231,3.20
4464,70866655495,96.90
4465,199895486317,0.00
4466,199895486317,0.00
4467,37872821726,10.80
4468,199895486317,0.00
4469,199895486317,0.00
4470,282289224917,0.50
4471,199895486317,0.00
4472,612378653,2.00
4473,47581177533,0.60
4474,79569824489,0.20
4475,1197856636,4.00
4476,199895486317,0.00
4477,199895486317,0.00
4478,199895486317,0.00
4479,125251130881,0.40
4480,85766066235,0.30
4481,1425911958,1.20
4482,199895486317,0.00
4483,15692882976,64.00
4484,85766066235,0.30
4485,47581177533,0.60
4486,199895486317,0.00
4487,85766066235,0.30
4488,3671113205,2.60
4489,199895486317,0.00
4490,3134113128,1.10
4491,2624243096,2.30
4492,35353232,1205.00
4493,199895486317,0.00
4494,47581177533,0.60
4495,13707961911,7.00
4496,4583016053,9.00
4497,3134113128,1.10
4498,27432168771,30.60
4499,199895486317,0.00
4500,199895486317,0.00
4501,199895486317,0.00
4502,50039995,5000.00
4503,73002889,1172.50
4504,199895486317,0.00
4505,79569824489,0.20
4506,199895486317,0.00
4507,2624243096,2.30
4508,47581177533,0.60
4509,83060392419,0.10
4510,199895486317,0.00
4511,53015677,971.80
4512,1675465947,6.00
4513,1425911958,1.20
4514,135642539710,0.90
4515,1425911958,1.20
4516,199895486317,0.00
4517,52766198,1204.30
4518,21219569716,12.00
4519,1557673766,1.50
4520,199895486317,0.00
4521,199895486317,0.00
4522,199895486317,0.00
4523,199895486317,0.00
4524,199895486317,0.00
4525,277321179970,0.70
4526,154726356527,0.80
4527,315613776,3.00
4528,47581177533,0.60
4529,199895486317,0.00
4530,21219569716,12.00
4531,282289224917,0.50
4532,108521213829,1.00
4533,47581177533,0.60
4534,154726356527,0.80
4535,79569824489,0.20
4536,47581177533,0.60
4537,199895486317,0.00
4538,199895486317,0.00
4539,199895486317,0.00
4540,108521213829,1.00
4541,199895486317,0.00
4542,85766066235,0.30
4543,146496311268,62.30
4544,2624243096,2.30
4545,199895486317,0.00
4546,199895486317,0.00
4547,37706335,1146.10
4548,1425911958,1.20
4549,612378653,2.00
4550,85766066235,0.30
4551,85766066235,0.30
4552,154726356527,0.80
4553,6043040653,144.40
4554,199895486317,0.00
4555,135642539710,0.90
4556,199895486317,0.00
4557,6812533058,3.70
4558,199895486317,0.00
4559,108521213829,1.00
4560,199895486317,0.00
4561,23512238182,9.30
4562,199895486317,0.00
4563,199895486317,0.00
4564,199895486317,0.00
4565,79569824489,0.20
4566,199895486317,0.00
4567,199895486317,0.00
4568,199895486317,0.00
4569,282289224917,0.50
4570,199895486317,0.00
4571,11332752623,10.30
4572,199895486317,0.00
4573,199895486317,0.00
4574,199895486317,0.00
4575,199895486317,0.00
4576,199895486317,0.00
4577,83060392419,0.10
4578,1557810541,1.30
4579,83060392419,0.10
4580,199895486317,0.00
4581,1520918505,1.70
4582,76651436,246.10
4583,199895486317,0.00
4584,1675465947,6.00
4585,4583016053,9.00
4586,6812533058,3.70
4587,282289224917,0.50
4588,199895486317,0.00
4589,108521213829,1.00
4590,282289224917,0.50
4591,199895486317,0.00
4592,1557673766,1.50
4593,79569824489,0.20
4594,4513717882,3.30
4595,199895486317,0.00
4596,199895486317,0.00
4597,1425911958,1.20
4598,199895486317,0.00
4599,199895486317,0.00
4600,1765202099,10.00
4601,199895486317,0.00
4602,47581177533,0.60
4603,199895486317,0.00
4604,79569824489,0.20
4605,199895486317,0.00
4606,125251130881,0.40
4607,83060392419,0.10
4608,1877036231,3.20
4609,79569824489,0.20
4610,1520918505,1.70
4611,47581177533,0.60
4612,199895486317,0.00
4613,15366026,654.00
4614,612378653,2.00
4615,3134113128,1.10
4616,199895486317,0.00
4617,199895486317,0.00
4618,154726356527,0.80
4619,199895486317,0.00
4620,199895486317,0.00
4621,49984683,257.00
4622,79569824489,0.20
4623,47581177533,0.60
4624,199895486317,0.00
4625,199895486317,0.00
4626,85766066235,0.30
4627,2823276748,44.40
4628,47581177533,0.60
4629,199895486317,0.00
4630,117137742,509.50
4631,199895486317,0.00
4632,199895486317,0.00
4633,6820702048,4.20
4634,199895486317,0.00
4635,612378653,2.00
4636,199895486317,0.00
4637,199895486317,0.00
4638,9812967858,5.70
4639,42457009633,9.40
4640,79569824489,0.20
4641,199895486317,0.00
4642,199895486317,0.00
4643,612378653,2.00
4644,2072511162,1.40
4645,199895486317,0.00
4646,85766066235,0.30
4647,199895486317,0.00
4648,199895486317,0.00
4649,199895486317,0.00
4650,199895486317,0.00
4651,199895486317,0.00
4652,199895486317,0.00
4653,9981756909,4.40
4654,108521213829,1.00
4655,154726356527,0.80
4656,108521213829,1.00
4657,199895486317,0.00
4658,199895486317,0.00
4659,154726356527,0.80
4660,79569824489,0.20
4661,199895486317,0.00
4662,199895486317,0.00
4663,199895486317,0.00
4664,85766066235,0.30
4665,47581177533,0.60
4666,199895486317,0.00
4667,7338609,289.10
4668,146551753453,32.30
4669,125251130881,0.40
4670,199895486317,0.00
4671,79569824489,0.20
4672,199895486317,0.00
4673,85766066235,0.30
4674,199895486317,0.00
4675,199895486317,0.00
4676,1765202099,10.00
4677,199895486317,0.00
4678,21248786,2302.10
4679,135642539710,0.90
4680,85766066235,0.30
4681,3726971114,2.70
4682,199895486317,0.00
4683,199895486317,0.00
4684,199895486317,0.00
4685,1765202099,10.00
4686,85766066235,0.30
4687,74913715,3886.40
4688,125251130881,0.40
4689,85766066235,0.30
4690,199895486317,0.00
4691,199895486317,0.00
4692,612378653,2.00
4693,47581177533,0.60
4694,199895486317,0.00
4695,199895486317,0.00
4696,85766066235,0.30
4697,199895486317,0.00
4698,199895486317,0.00
4699,2260477434,188.00
4700,47581177533,0.60
4701,1532140042,2.10
4702,199895486317,0.00
4703,277321179970,0.70
4704,20644365800,70.40
4705,199895486317,0.00
4706,199895486317,0.00
4707,199895486317,0.00
4708,199895486317,0.00
4709,13704682,1683.00
4710,818991451,218.70
4711,68310848,736.30
4712,53177974053,45.00
4713,199895486317,0.00
4714,199895486317,0.00
4715,315613776,3.00
4716,9007782297,5.50
4717,2237290763,1.60
4718,47581177533,0.60
4719,21248805191,7.40
4720,199895486317,0.00
4721,13929842199,10.20
4722,125251130881,0.40
4723,47581177533,0.60
4724,199895486317,0.00
4725,3671113205,2.60
4726,1877036231,3.20
4727,199895486317,0.00
4728,612378653,2.00
4729,199895486317,0.00
4730,199895486317,0.00
4731,199895486317,0.00
4732,612378653,2.00
4733,199895486317,0.00
4734,315613776,3.00
4735,108906468,383.90
4736,85766066235,0.30
4737,79569824489,0.20
4738,83060392419,0.10
4739,199895486317,0.00
4740,9311098138,8.00
4741,199895486317,0.00
4742,199895486317,0.00
4743,199895486317,0.00
4744,199895486317,0.00
4745,199895486317,0.00
4746,73002888,1407.90
4747,11892078165,30.00
4748,282289224917,0.50
4749,3726971114,2.70
4750,79569824489,0.20
4751,199895486317,0.00
4752,199895486317,0.00
4753,612378653,2.00
4754,83060392419,0.10
4755,199895486317,0.00
4756,199895486317,0.00
4757,199895486317,0.00
4758,3351030,1072.90
4759,282289224917,0.50
4760,199895486317,0.00
4761,42429238,380.40
4762,282289224917,0.50
4763,50039995,5000.00
4764,135642539710,0.90
4765,199895486317,0.00
4766,84768404,1133.50
4767,11239432591,6.10
4768,199895486317,0.00
4769,199895486317,0.00
4770,199895486317,0.00
4771,2237290763,1.60
4772,58310164,742.70
4773,1520918505,1.70
4774,199895486317,0.00
4775,85766066235,0.30
4776,85766066235,0.30
4777,3134113128,1.10
4778,199895486317,0.00
4779,85766066235,0.30
4780,6227699868,3.50
4781,199895486317,0.00
4782,199895486317,0.00
4783,199895486317,0.00
4784,277321179970,0.70
4785,199895486317,0.00
4786,17130852,888.00
4787,315613776,3.00
4788,79569824489,0.20
4789,154726356527,0.80
4790,199895486317,0.00
4791,1557673766,1.50
4792,282289224917,0.50
4793,50039995,5000.00
4794,12842118880,6.50
4795,4945097404,2.50
4796,199895486317,0.00
4797,85766066235,0.30
4798,154726356527,0.80
4799,47581177533,0.60
4800,50939209355,10.70
4801,125251130881,0.40
4802,86547402,895.50
4803,199895486317,0.00
4804,3603100504,5.00
4805,47581177533,0.60
4806,199895486317,0.00
4807,85766066235,0.30
4808,277321179970,0.70
4809,199895486317,0.00
4810,199895486317,0.00
4811,199895486317,0.00
4812,199895486317,0.00
4813,85766066235,0.30
4814,2237290763,1.60
4815,199895486317,0.00
4816,15692882976,64.00
4817,85766066235,0.30
4818,199895486317,0.00
4819,199895486317,0.00
4820,125251130881,0.40
4821,85766066235,0.30
4822,277321179970,0.70
4823,79569824489,0.20
4824,199895486317,0.00
4825,199895486317,0.00
4826,199895486317,0.00
4827,2072511162,1.40
4828,199895486317,0.00
4829,10048017542,2.80
4830,199895486317,0.00
4831,105001322,308.20
4832,79569824489,0.20
4833,67826060,1549.20
4834,199895486317,0.00
4835,199895486317,0.00
4836,134471245,245.30
4837,199895486317,0.00
4838,3603100504,5.00
4839,199895486317,0.00
4840,79569824489,0.20
4841,199895486317,0.00
4842,135642539710,0.90
4843,85766066235,0.30
4844,1197856636,4.00
4845,199895486317,0.00
4846,1675465947,6.00
4847,3671113205,2.60
4848,199895486317,0.00
4849,83060392419,0.10
4850,199895486317,0.00
4851,47581177533,0.60
4852,199895486317,0.00
4853,79569824489,0.20
4854,47581177533,0.60
4855,125251130881,0.40
4856,50039995,5000.00
4857,199895486317,0.00
4858,25227543010,21.00
4859,79569824489,0.20
4860,77031500,3621.30
4861,1520918505,1.70
4862,135642539710,0.90
4863,49486925,392.20
4864,108521213829,1.00
4865,85766066235,0.30
4866,199895486317,0.00
4867,11239432591,6.10
4868,199895486317,0.00
4869,199895486317,0.00
4870,2624243096,2.30
4871,3270594067,4.60
4872,199895486317,0.00
4873,199895486317,0.00
4874,1532140042,2.10
4875,108521213829,1.00
4876,10418238950,7.20
4877,199895486317,0.00
4878,199895486317,0.00
4879,7923519665,3.40
4880,135642539710,0.90
4881,125251130881,0.40
4882,1557810541,1.30
4883,199895486317,0.00
4884,199895486317,0.00
4885,47581177533,0.60
4886,199895486317,0.00
4887,199895486317,0.00
4888,41838438,499.20
4889,22682930489,41.00
4890,199895486317,0.00
4891,199895486317,0.00
4892,277321179970,0.70
4893,79569824489,0.20
4894,199895486317,0.00
4895,85766066235,0.30
4896,199895486317,0.00
4897,199895486317,0.00
4898,277321179970,0.70
4899,199895486317,0.00
4900,3671113205,2.60
4901,85766066235,0.30
4902,79569824489,0.20
4903,135642539710,0.90
4904,199895486317,0.00
4905,55660992876,11.50
4906,21248805191,7.40
4907,199895486317,0.00
4908,93710196,1595.60
4909,108521213829,1.00
4910,125251130881,0.40
4911,3051381873,126.70
4912,1425911958,1.20
4913,138376753985,30.90
4914,1532140042,2.10
4915,47581177533,0.60
4916,1928026889,176.70
4917,199895486317,0.00
4918,85766066235,0.30
4919,199895486317,0.00
4920,612378653,2.00
4921,199895486317,0.00
4922,186483678640,15.60
4923,47581177533,0.60
4924,199895486317,0.00
4925,3603100504,5.00
4926,277321179970,0.70
4927,199895486317,0.00
4928,30661207,428.70
4929,199895486317,0.00
4930,110078436,666.30
4931,90665335,534.20
4932,4513717882,3.30
4933,199895486317,0.00
4934,115961191,536.60
4935,47581177533,0.60
4936,132800054,3332.10
4937,135642539710,0.90
4938,6812533058,3.70
4939,277321179970,0.70
4940,47581177533,0.60
4941,199895486317,0.00
4942,85766066235,0.30
4943,50039995,5000.00
4944,1532140042,2.10
4945,85766066235,0.30
4946,282289224917,0.50
4947,199895486317,0.00
4948,315613776,3.00
4949,108521213829,1.00
4950,3601999651,3.60
4951,199895486317,0.00
4952,199895486317,0.00
4953,315613776,3.00
4954,199895486317,0.00
4955,199895486317,0.00
4956,9641957339,20.00
4957,199895486317,0.00
4958,62428090,2023.80
4959,135642539710,0.90
4960,85766066235,0.30
4961,47581177533,0.60
4962,199895486317,0.00
4963,1197856636,4.00
4964,282289224917,0.50
4965,38308784,2570.80
4966,2072511162,1.40
4967,3603100504,5.00
4968,199895486317,0.00
4969,199895486317,0.00
4970,199895486317,0.00
4971,315613776,3.00
4972,50074298,935.20
4973,79569824489,0.20
4974,1425911958,1.20
4975,199895486317,0.00
4976,47581177533,0.60
4977,79569824489,0.20
4978,199895486317,0.00
4979,79569824489,0.20
4980,199895486317,0.00
4981,154726356527,0.80
4982,1197856636,4.00
4983,1765202099,10.00
4984,125251130881,0.40
4985,108521213829,1.00
4986,199895486317,0.00
4987,315613776,3.00
4988,79569824489,0.20
4989,199895486317,0.00
4990,282289224917,0.50
4991,83060392419,0.10
4992,315613776,3.00
4993,199895486317,0.00
4994,49102971578,13.70
4995,1557673766,1.50
4996,612378653,2.00
4997,44415177043,12.80
4998,1557673766,1.50
4999,9641957339,20.00
5000,85766066235,0.30
5001,199895486317,0.00
5002,11122598582,149.20
5003,199895486317,0.00
5004,1425911958,1.20
5005,1877036231,3.20
5006,199895486317,0.00
5007,282289224917,0.50
5008,42426716,2701.90
5009,315613776,3.00
5010,50039995,5000.00
5011,83060392419,0.10
5012,107642987316,11.60
5013,83060392419,0.10
5014,199895486317,0.00
5015,30176406,1012.20
5016,199895486317,0.00
5017,85766066235,0.30
5018,1217682688,164.70
5019,85766066235,0.30
5020,199895486317,0.00
5021,4583016053,9.00
5022,315613776,3.00
5023,199895486317,0.00
5024,1877036231,3.20
5025,199895486317,0.00
5026,199895486317,0.00
5027,108521213829,1.00
5028,199895486317,0.00
5029,9311098138,8.00
5030,85766066235,0.30
5031,612378653,2.00
5032,1675465947,6.00
5033,277321179970,0.70
5034,125251130881,0.40
5035,55728792907,61.30
5036,135642539710,0.90
5037,199895486317,0.00
5038,199895486317,0.00
5039,154726356527,0.80
5040,135642539710,0.90
5041,79569824489,0.20
5042,108521213829,1.00
5043,53015679,622.10
5044,79569824489,0.20
5045,83060392419,0.10
5046,199895486317,0.00
5047,85766066235,0.30
5048,23336769301,10.60
5049,199895486317,0.00
5050,96091639,3458.40
5051,199895486317,0.00
5052,199895486317,0.00
5053,59787192763,24.00
5054,92298335,1139.00
5055,36913030063,18.00
5056,199895486317,0.00
5057,85766066235,0.30
5058,2237290763,1.60
5059,24778437,826.90
5060,199895486317,0.00
5061,79569824489,0.20
5062,1675465947,6.00
5063,277321179970,0.70
5064,199895486317,0.00
5065,9812967858,5.70
5066,199895486317,0.00
5067,199895486317,0.00
5068,612378653,2.00
5069,199895486317,0.00
5070,1197856636,4.00
5071,315613776,3.00
5072,85766066235,0.30
5073,199895486317,0.00
5074,1675465947,6.00
5075,79569824489,0.20
5076,282289224917,0.50
5077,45976157,359.60
5078,108521213829,1.00
5079,199895486317,0.00
5080,199895486317,0.00
5081,199895486317,0.00
5082,199895486317,0.00
5083,199895486317,0.00
5084,154726356527,0.80
5085,199895486317,0.00
5086,79569824489,0.20
5087,199895486317,0.00
5088,199895486317,0.00
5089,199895486317,0.00
5090,85766066235,0.30
5091,6820702048,4.20
5092,199895486317,0.00
5093,199895486317,0.00
5094,30174667618,79.10
5095,199895486317,0.00
5096,282289224917,0.50
5097,199895486317,0.00
5098,199895486317,0.00
5099,3134113128,1.10
5100,199895486317,0.00
5101,960262098,205.00
5102,19483955,554.50
5103,50689124463,35.50
5104,199895486317,0.00
5105,2237290763,1.60
5106,315613776,3.00
5107,105268746,3510.30
5108,199895486317,0.00
5109,199895486317,0.00
5110,3671113205,2.60
5111,199895486317,0.00
5112,79569824489,0.20
5113,199895486317,0.00
5114,9641957339,20.00
5115,199895486317,0.00
5116,199895486317,0.00
5117,199895486317,0.00
5118,37760185623,12.20
5119,1520918505,1.70
5120,23512238182,9.30
5121,108521213829,1.00
5122,199895486317,0.00
5123,79569824489,0.20
5124,199895486317,0.00
5125,199895486317,0.00
5126,199895486317,0.00
5127,277321179970,0.70
5128,6820702048,4.20
5129,1765202099,10.00
5130,41471304,1665.00
5131,108521213829,1.00
5132,199895486317,0.00
5133,199895486317,0.00
5134,79569824489,0.20
5135,14189475,513.90
5136,154726356527,0.80
5137,199895486317,0.00
5138,199895486317,0.00
5139,16411402392,20.20
5140,13929842199,10.20
5141,118902573,605.30
5142,199895486317,0.00
5143,199895486317,0.00
5144,1557673766,1.50
5145,13707961911,7.00
5146,47581177533,0.60
5147,199895486317,0.00
5148,80664644,701.00
5149,199895486317,0.00
5150,199895486317,0.00
5151,101033162,3566.20
5152,85766066235,0.30
5153,199895486317,0.00
5154,199895486317,0.00
5155,199895486317,0.00
5156,85766066235,0.30
5157,125251130881,0.40
5158,47581177533,0.60
5159,199895486317,0.00
5160,47581177533,0.60
5161,83060392419,0.10
5162,125251130881,0.40
5163,199895486317,0.00
5164,199895486317,0.00
5165,199895486317,0.00
5166,2722576770,2.40
5167,199895486317,0.00
5168,6812533058,3.70
5169,199895486317,0.00
5170,108521213829,1.00
5171,2722576770,2.40
5172,108521213829,1.00
5173,3270594067,4.60
5174,85766066235,0.30
5175,199895486317,0.00
5176,135642539710,0.90
5177,79569824489,0.20
5178,10330253,694.10
5179,199895486317,0.00
5180,315613776,3.00
5181,85766066235,0.30
5182,85766066235,0.30
5183,3134113128,1.10
5184,282289224917,0.50
5185,199895486317,0.00
5186,199895486317,0.00
5187,1765202099,10.00
5188,7593169253,3.90
5189,114696776826,15.70
5190,199895486317,0.00
5191,79569824489,0.20
5192,67722572,644.90
5193,199895486317,0.00
5194,3671113205,2.60
5195,6820702048,4.20
5196,199895486317,0.00
5197,199895486317,0.00
5198,47581177533,0.60
5199,199895486317,0.00
5200,199895486317,0.00
5201,154726356527,0.80
5202,108521213829,1.00
5203,315613776,3.00
5204,27131541,560.80
5205,2072511162,1.40
5206,7144332,3736.20
5207,47581177533,0.60
5208,199895486317,0.00
5209,21219569716,12.00
5210,199895486317,0.00
5211,199895486317,0.00
5212,199895486317,0.00
5213,199895486317,0.00
5214,55285255566,7.10
5215,1520918505,1.70
5216,199895486317,0.00
5217,199895486317,0.00
5218,199895486317,0.00
5219,4900725713,1.80
5220,154726356527,0.80
5221,199895486317,0.00
5222,108521213829,1.00
5223,47581177533,0.60
5224,199895486317,0.00
5225,612378653,2.00
5226,199895486317,0.00
5227,47581177533,0.60
5228,1557810541,1.30
5229,108521213829,1.00
5230,12693824986,8.30
5231,79569824489,0.20
5232,199895486317,0.00
5233,199895486317,0.00
5234,199895486317,0.00
5235,135642539710,0.90
5236,98314742,392.00
5237,93018439,2020.80
5238,199895486317,0.00
5239,1675465947,6.00
5240,125251130881,0.40
5241,199895486317,0.00
5242,1425911958,1.20
5243,199895486317,0.00
5244,10482536530,6.30
5245,108521213829,1.00
5246,77709094,1130.60
5247,10659899,400.60
5248,125251130881,0.40
5249,199895486317,0.00
5250,85766066235,0.30
5251,154726356527,0.80
5252,199895486317,0.00
5253,42804730737,68.50
5254,85766066235,0.30
5255,612378653,2.00
5256,199895486317,0.00
5257,199895486317,0.00
5258,199895486317,0.00
5259,125251130881,0.40
5260,82429469,743.90
5261,199895486317,0.00
5262,199895486317,0.00
5263,135642539710,0.90
5264,58898445,443.20
5265,79569824489,0.20
5266,199895486317,0.00
5267,199895486317,0.00
5268,199895486317,0.00
5269,199895486317,0.00
5270,27778891394,6.70
5271,199895486317,0.00
5272,199895486317,0.00
5273,199895486317,0.00
5274,79569824489,0.20
5275,85766066235,0.30
5276,199895486317,0.00
5277,199895486317,0.00
5278,113019816,689.70
5279,199895486317,0.00
5280,199895486317,0.00
5281,79569824489,0.20
5282,3726971114,2.70
5283,315613776,3.00
5284,1425911958,1.20
5285,2957124586,2.20
5286,2722576770,2.40
5287,199895486317,0.00
5288,199895486317,0.00
5289,199895486317,0.00
5290,6812533058,3.70
5291,47581177533,0.60
5292,199895486317,0.00
5293,282289224917,0.50
5294,65232229670,8.10
5295,85766066235,0.30
5296,199895486317,0.00
5297,199895486317,0.00
5298,1557810541,1.30
5299,199895486317,0.00
5300,9007782297,5.50
5301,544773296,221.90
5302,24190166,874.20
5303,1425911958,1.20
5304,9483270,585.60
5305,7112728738,4.30
5306,199895486317,0.00
5307,199895486317,0.00
5308,199895486317,0.00
5309,160907751830,8.50
5310,199895486317,0.00
5311,199895486317,0.00
5312,125251130881,0.40
5313,10482536530,6.30
5314,612378653,2.00
5315,45956371,627.10
5316,199895486317,0.00
5317,79569824489,0.20
5318,199895486317,0.00
5319,199895486317,0.00
5320,199895486317,0.00
5321,49486023,2617.70
5322,83060392419,0.10
5323,85766066235,0.30
5324,199895486317,0.00
5325,85766066235,0.30
5326,282289224917,0.50
5327,199895486317,0.00
5328,79569824489,0.20
5329,199895486317,0.00
5330,57945912,275.80
5331,1425911958,1.20
5332,199895486317,0.00
5333,199895486317,0.00
5334,1425911958,1.20
5335,199895486317,0.00
5336,2072511162,1.40
5337,47581177533,0.60
5338,1557810541,1.30
5339,199895486317,0.00
5340,260369644,247.10
5341,108521213829,1.00
5342,199895486317,0.00
5343,199895486317,0.00
5344,612378653,2.00
5345,199895486317,0.00
5346,199895486317,0.00
5347,199895486317,0.00
5348,199895486317,0.00
5349,199895486317,0.00
5350,199895486317,0.00
5351,199895486317,0.00
5352,83060392419,0.10
5353,5997252767,6.20
5354,199895486317,0.00
5355,199895486317,0.00
5356,199895486317,0.00
5357,125251130881,0.40
5358,199895486317,0.00
5359,79569824489,0.20
5360,612378653,2.00
5361,199895486317,0.00
5362,199895486317,0.00
5363,199895486317,0.00
5364,199895486317,0.00
5365,10418238950,7.20
5366,199895486317,0.00
5367,108521213829,1.00
5368,79569824489,0.20
5369,4396518058,2.90
5370,612378653,2.00
5371,199895486317,0.00
5372,199895486317,0.00
5373,47581177533,0.60
5374,199895486317,0.00
5375,40323088,3201.80
5376,47581177533,0.60
5377,199895486317,0.00
5378,199895486317,0.00
5379,199895486317,0.00
5380,199895486317,0.00
5381,199895486317,0.00
5382,199895486317,0.00
5383,199895486317,0.00
5384,199895486317,0.00
5385,17884656458,5.60
5386,85766066235,0.30
5387,5899738755,1.90
5388,1197856636,4.00
5389,85766066235,0.30
5390,6820702048,4.20
5391,199895486317,0.00
5392,199895486317,0.00
5393,199895486317,0.00
5394,1197856636,4.00
5395,70997391,319.40
5396,47581177533,0.60
5397,199895486317,0.00
5398,108521213829,1.00
5399,199895486317,0.00
5400,85766066235,0.30
5401,199895486317,0.00
5402,199895486317,0.00
5403,199895486317,0.00
5404,199895486317,0.00
5405,1557810541,1.30
5406,199895486317,0.00
5407,199895486317,0.00
5408,199895486317,0.00
5409,1197856636,4.00
5410,199895486317,0.00
5411,44996329420,36.00
5412,13929842199,10.20
5413,77238473,1613.00
5414,23795996363,8.40
5415,6820702048,4.20
5416,1425911958,1.20
5417,199895486317,0.00
5418,79569824489,0.20
5419,199895486317,0.00
5420,125251130881,0.40
5421,199895486317,0.00
5422,6820702048,4.20
5423,199895486317,0.00
5424,79569824489,0.20
5425,83060392419,0.10
5426,79569824489,0.20
5427,282289224917,0.50
5428,199895486317,0.00
5429,4583016053,9.00
5430,199895486317,0.00
5431,18993599273,42.40
5432,199895486317,0.00
5433,282289224917,0.50
5434,199895486317,0.00
5435,83060392419,0.10
5436,199895486317,0.00
5437,199895486317,0.00
5438,199895486317,0.00
5439,1520918505,1.70
5440,25036160316,4.90
5441,4945097404,2.50
5442,25140541553,7.60
5443,199895486317,0.00
5444,4945097404,2.50
5445,199895486317,0.00
5446,199895486317,0.00
5447,85766066235,0.30
5448,199895486317,0.00
5449,21067141627,20.40
5450,1557673766,1.50
5451,199895486317,0.00
5452,1197856636,4.00
5453,2957803690,183.80
5454,85766066235,0.30
5455,263630708,240.60
5456,79569824489,0.20
5457,199895486317,0.00
5458,9641957339,20.00
5459,1557673766,1.50
5460,59172402073,24.70
5461,1425911958,1.20
5462,4900725713,1.80
5463,199895486317,0.00
5464,199895486317,0.00
5465,199895486317,0.00
5466,199895486317,0.00
5467,14466990022,40.00
5468,199895486317,0.00
5469,612378653,2.00
5470,73017073,433.30
5471,199895486317,0.00
5472,3671113205,2.60
5473,199895486317,0.00
5474,199895486317,0.00
5475,92545854531,18.20
5476,85766066235,0.30
5477,199895486317,0.00
5478,199895486317,0.00
5479,199895486317,0.00
5480,199895486317,0.00
5481,199895486317,0.00
5482,135642539710,0.90
5483,199895486317,0.00
5484,199895486317,0.00
5485,282289224917,0.50
5486,11836373,2620.00
5487,199895486317,0.00
5488,199895486317,0.00
5489,277321179970,0.70
5490,1425911958,1.20
5491,199895486317,0.00
5492,199895486317,0.00
5493,199895486317,0.00
5494,199895486317,0.00
5495,1557673766,1.50
5496,282289224917,0.50
5497,47581177533,0.60
5498,199895486317,0.00
5499,78899819,2745.60
5500,5257638126,119.50
5501,79569824489,0.20
5502,1520918505,1.70
5503,612378653,2.00
5504,47581177533,0.60
5505,27719816,648.20
5506,4945097404,2.50
5507,2722576770,2.40
5508,25394198301,5.90
5509,199895486317,0.00
5510,9043223493,4.10
5511,612378653,2.00
5512,199895486317,0.00
5513,282289224917,0.50
5514,277321179970,0.70
5515,199895486317,0.00
5516,85766066235,0.30
5517,199895486317,0.00
5518,199895486317,0.00
5519,125251130881,0.40
5520,199895486317,0.00
5521,199895486317,0.00
5522,199895486317,0.00
5523,13929842199,10.20
5524,199895486317,0.00
5525,1675465947,6.00
5526,4945097404,2.50
5527,612378653,2.00
5528,199895486317,0.00
5529,47581177533,0.60
5530,199895486317,0.00
5531,11332752623,10.30
5532,2072511162,1.40
5533,199895486317,0.00
5534,199895486317,0.00
5535,108521213829,1.00
5536,199895486317,0.00
5537,1557673766,1.50
5538,612378653,2.00
5539,315613776,3.00
5540,199895486317,0.00
5541,47581177533,0.60
5542,3603100504,5.00
5543,1197856636,4.00
5544,612378653,2.00
5545,199895486317,0.00
5546,199895486317,0.00
5547,1557673766,1.50
5548,199895486317,0.00
5549,85766066235,0.30
5550,199895486317,0.00
5551,55957056,2060.40
5552,199895486317,0.00
5553,199895486317,0.00
5554,4396518058,2.90
5555,155846525,256.10
5556,199895486317,0.00
5557,23336769301,10.60
5558,135642539710,0.90
5559,199895486317,0.00
5560,199895486317,0.00
5561,50039995,5000.00
5562,9641957339,20.00
5563,199895486317,0.00
5564,612378653,2.00
5565,2072511162,1.40
5566,282289224917,0.50
5567,85766066235,0.30
5568,125251130881,0.40
5569,200837421353,14.40
5570,199895486317,0.00
5571,199895486317,0.00
5572,108521213829,1.00
5573,315613776,3.00
5574,86055985,348.90
5575,85766066235,0.30
5576,23601884,538.30
5577,199895486317,0.00
5578,135642539710,0.90
5579,47581177533,0.60
5580,23336769301,10.60
5581,124328882,3662.00
5582,35823852,1644.30
5583,199895486317,0.00
5584,113019813,2338.10
5585,199895486317,0.00
5586,1425911958,1.20
5587,79569824489,0.20
5588,199895486317,0.00
5589,199895486317,0.00
5590,89945232,1506.80
5591,199895486317,0.00
5592,199895486317,0.00
5593,85766066235,0.30
5594,135642539710,0.90
5595,277321179970,0.70
5596,199895486317,0.00
5597,199895486317,0.00
5598,199895486317,0.00
5599,83060392419,0.10
5600,199895486317,0.00
5601,1532140042,2.10
5602,79569824489,0.20
5603,199895486317,0.00
5604,2237290763,1.60
5605,199895486317,0.00
5606,199895486317,0.00
5607,199895486317,0.00
5608,199895486317,0.00
5609,75619644,3211.20
5610,49486022,4334.40
5611,199895486317,0.00
5612,199895486317,0.00
5613,126153606469,27.50
5614,36913030063,18.00
5615,199895486317,0.00
5616,199895486317,0.00
5617,199895486317,0.00
5618,199895486317,0.00
5619,199895486317,0.00
5620,135642539710,0.90
5621,11124190561,11.00
5622,277321179970,0.70
5623,1425911958,1.20
5624,5997252767,6.20
5625,199895486317,0.00
5626,3270594067,4.60
5627,199895486317,0.00
5628,199895486317,0.00
5629,4945097404,2.50
5630,199895486317,0.00
5631,199895486317,0.00
5632,199895486317,0.00
5633,79569824489,0.20
5634,199895486317,0.00
5635,199895486317,0.00
5636,125251130881,0.40
5637,85766066235,0.30
5638,612378653,2.00
5639,199895486317,0.00
5640,199895486317,0.00
5641,24778441,2141.30
5642,199895486317,0.00
5643,85766066235,0.30
5644,135642539710,0.90
5645,6227699868,3.50
5646,199895486317,0.00
5647,199895486317,0.00
5648,98340625,328.60
5649,199895486317,0.00
5650,199895486317,0.00
5651,1425911958,1.20
5652,199895486317,0.00
5653,85766066235,0.30
5654,135642539710,0.90
5655,105372226,553.20
5656,277321179970,0.70
5657,199895486317,0.00
5658,1425911958,1.20
5659,5899738755,1.90
5660,85766066235,0.30
5661,75370162,2266.60
5662,85766066235,0.30
5663,199895486317,0.00
5664,135642539710,0.90
5665,199895486317,0.00
5666,315613776,3.00
5667,2072511162,1.40
5668,83060392419,0.10
5669,16425131247,4.50
5670,282289224917,0.50
5671,612378653,2.00
5672,199895486317,0.00
5673,199895486317,0.00
5674,98369295759,52.10
5675,199895486317,0.00
5676,11124190561,11.00
5677,126364786352,23.60
5678,1532140042,2.10
5679,199895486317,0.00
5680,50939209355,10.70
5681,199895486317,0.00
5682,199895486317,0.00
5683,199895486317,0.00
5684,199895486317,0.00
5685,2722576770,2.40
5686,108521213829,1.00
5687,199895486317,0.00
5688,53603957,514.30
5689,125251130881,0.40
5690,67826060,1249.10
5691,21371096260,6.40
5692,6812533058,3.70
5693,2237290763,1.60
5694,47581177533,0.60
5695,108521213829,1.00
5696,14175301,1391.30
5697,1520918505,1.70
5698,612378653,2.00
5699,2624243096,2.30
5700,108036443461,41.50
5701,135642539710,0.90
5702,199895486317,0.00
5703,199895486317,0.00
5704,1197856636,4.00
5705,108521213829,1.00
5706,30647027,1397.90
5707,92854413,315.70
5708,3134113128,1.10
5709,199895486317,0.00
5710,16999025,1818.40
5711,199895486317,0.00
5712,108521213829,1.00
5713,85766066235,0.30
5714,7813758320,5.80
5715,199895486317,0.00
5716,277321179970,0.70
5717,154726356527,0.80
5718,4900725713,1.80
5719,135642539710,0.90
5720,154726356527,0.80
5721,199895486317,0.00
5722,6812533058,3.70
5723,199895486317,0.00
5724,199895486317,0.00
5725,4513717882,3.30
5726,125251130881,0.40
5727,1197856636,4.00
5728,90077057,691.20
5729,9981756909,4.40
5730,282289224917,0.50
5731,199895486317,0.00
5732,1425911958,1.20
5733,129467904164,31.20
5734,79569824489,0.20
5735,1197856636,4.00
5736,23587716,1565.40
5737,47581177533,0.60
5738,1557810541,1.30
5739,2072511162,1.40
5740,199895486317,0.00
5741,85766066235,0.30
5742,199895486317,0.00
5743,612378653,2.00
5744,47581177533,0.60
5745,199895486317,0.00
5746,199895486317,0.00
5747,108521213829,1.00
5748,79569824489,0.20
5749,199895486317,0.00
5750,199895486317,0.00
5751,199895486317,0.00
5752,199895486317,0.00
5753,83060392419,0.10
5754,83060392419,0.10
5755,199895486317,0.00
5756,199895486317,0.00
5757,199895486317,0.00
5758,85766066235,0.30
5759,1857586881,199.80
5760,108521213829,1.00
5761,79569824489,0.20
5762,16425131247,4.50
5763,199895486317,0.00
5764,199895486317,0.00
5765,199895486317,0.00
5766,612378653,2.00
5767,1557810541,1.30
5768,315613776,3.00
5769,135642539710,0.90
5770,1557673766,1.50
5771,199895486317,0.00
5772,1425911958,1.20
5773,85766066235,0.30
5774,135642539710,0.90
5775,199895486317,0.00
5776,79569824489,0.20
5777,135642539710,0.90
5778,47581177533,0.60
5779,199895486317,0.00
5780,135642539710,0.90
5781,50039995,5000.00
5782,199895486317,0.00
5783,199895486317,0.00
5784,199895486317,0.00
5785,85766066235,0.30
5786,1520918505,1.70
5787,199895486317,0.00
5788,13012922,4525.20
5789,47581177533,0.60
5790,1557810541,1.30
5791,1287892587,202.00
5792,135642539710,0.90
5793,199895486317,0.00
5794,135642539710,0.90
5795,199895486317,0.00
5796,199895486317,0.00
5797,199895486317,0.00
5798,199895486317,0.00
5799,85766066235,0.30
5800,282289224917,0.50
5801,47581177533,0.60
5802,1557673766,1.50
5803,199895486317,0.00
5804,1557810541,1.30
5805,199895486317,0.00
5806,85766066235,0.30
5807,2237290763,1.60
5808,282289224917,0.50
5809,31494680737,12.70
5810,79569824489,0.20
5811,85766066235,0.30
5812,1557810541,1.30
5813,47581177533,0.60
5814,3134113128,1.10
5815,103019123,4086.40
5816,199895486317,0.00
5817,199895486317,0.00
5818,114802141,370.70
5819,85766066235,0.30
5820,199895486317,0.00
5821,199895486317,0.00
5822,199895486317,0.00
5823,154726356527,0.80
5824,70649784,1795.00
5825,199895486317,0.00
5826,1557810541,1.30
5827,199895486317,0.00
5828,199895486317,0.00
5829,10968702294,20.60
5830,199895486317,0.00
5831,79569824489,0.20
5832,51839128,631.90
5833,199895486317,0.00
5834,85766066235,0.30
5835,612378653,2.00
5836,199895486317,0.00
5837,11892078165,30.00
5838,199895486317,0.00
5839,199895486317,0.00
5840,1520918505,1.70
5841,85766066235,0.30
5842,125251130881,0.40
5843,199895486317,0.00
5844,2237290763,1.60
5845,47581177533,0.60
5846,12277133107,3.80
5847,199895486317,0.00
5848,199895486317,0.00
5849,199895486317,0.00
5850,47118752,1917.20
5851,199895486317,0.00
5852,50883718,1190.30
5853,199895486317,0.00
5854,199895486317,0.00
5855,5997252767,6.20
5856,3134113128,1.10
5857,612378653,2.00
5858,13337447,311.10
5859,315613776,3.00
5860,3603100504,5.00
5861,2072511162,1.40
5862,199895486317,0.00
5863,85766066235,0.30
5864,2624243096,2.30
5865,199895486317,0.00
5866,199895486317,0.00
5867,199895486317,0.00
5868,199895486317,0.00
5869,282289224917,0.50
5870,199895486317,0.00
5871,108521213829,1.00
5872,1877036231,3.20
5873,199895486317,0.00
5874,97475164,1133.10
5875,64192920,496.40
5876,1557810541,1.30
5877,199895486317,0.00
5878,64781197,825.70
5879,199895486317,0.00
5880,47581177533,0.60
5881,112328054,3205.20
5882,52295577,1594.00
5883,7112728738,4.30
5884,1877036231,3.20
5885,282289224917,0.50
5886,199895486317,0.00
5887,154726356527,0.80
5888,21067141627,20.40
5889,79569824489,0.20
5890,83060392419,0.10
5891,199895486317,0.00
5892,1675465947,6.00
5893,1675465947,6.00
5894,125251130881,0.40
5895,199895486317,0.00
5896,199895486317,0.00
5897,199895486317,0.00
5898,1557673766,1.50
5899,199895486317,0.00
5900,83060392419,0.10
5901,108521213829,1.00
5902,50074301,681.80
5903,199895486317,0.00
5904,199895486317,0.00
5905,199895486317,0.00
5906,85766066235,0.30
5907,199895486317,0.00
5908,83060392419,0.10
5909,282289224917,0.50
5910,199895486317,0.00
5911,79569824489,0.20
5912,199895486317,0.00
5913,199895486317,0.00
5914,199895486317,0.00
5915,20148387950,10.50
5916,35401693,350.60
5917,199895486317,0.00
5918,2237290763,1.60
5919,108521213829,1.00
5920,199895486317,0.00
5921,199895486317,0.00
5922,7112728738,4.30
5923,899678993,167.20
5924,277321179970,0.70
5925,199895486317,0.00
5926,1425911958,1.20
5927,85766066235,0.30
5928,199895486317,0.00
5929,199895486317,0.00
5930,199895486317,0.00
5931,79569824489,0.20
5932,199895486317,0.00
5933,199895486317,0.00
5934,199895486317,0.00
5935,199895486317,0.00
5936,79569824489,0.20
5937,1197856636,4.00
5938,199895486317,0.00
5939,4396518058,2.90
5940,79569824489,0.20
5941,199895486317,0.00
5942,135642539710,0.90
5943,3134113128,1.10
5944,2072511162,1.40
5945,1557673766,1.50
5946,3603100504,5.00
5947,612378653,2.00
5948,199895486317,0.00
5949,282289224917,0.50
5950,199895486317,0.00
5951,199895486317,0.00
5952,1425911958,1.20
5953,85914536,291.20
5954,35367409,440.00
5955,55660992876,11.50
5956,85766066235,0.30
5957,199895486317,0.00
5958,125251130881,0.40
5959,199895486317,0.00
5960,199895486317,0.00
5961,117890421476,13.30
5962,199895486317,0.00
5963,1197856636,4.00
5964,5997252767,6.20
5965,199895486317,0.00
5966,79569824489,0.20
5967,94651436,1844.10
5968,199895486317,0.00
5969,199895486317,0.00
5970,199895486317,0.00
5971,199895486317,0.00
5972,199895486317,0.00
5973,1425911958,1.20
5974,199895486317,0.00
5975,199895486317,0.00
5976,199895486317,0.00
5977,25394198301,5.90
5978,50702235,353.00
5979,83060392419,0.10
5980,1425911958,1.20
5981,6227699868,3.50
5982,1197856636,4.00
5983,199895486317,0.00
5984,79569824489,0.20
5985,89945234,1270.30
5986,612378653,2.00
5987,199895486317,0.00
5988,199895486317,0.00
5989,199895486317,0.00
5990,37760185623,12.20
5991,199895486317,0.00
5992,282289224917,0.50
5993,85766066235,0.30
5994,199895486317,0.00
5995,199895486317,0.00
5996,199895486317,0.00
5997,2237290763,1.60
5998,108521213829,1.00
5999,1197856636,4.00
6000,9311098138,8.00
6001,199895486317,0.00
6002,79569824489,0.20
6003,1520918505,1.70
6004,199895486317,0.00
6005,126589309054,50.10
6006,199895486317,0.00
6007,25529947,308.50
6008,85766066235,0.30
6009,125251130881,0.40
6010,8098382620,112.00
6011,199895486317,0.00
6012,125251130881,0.40
6013,199895486317,0.00
6014,199895486317,0.00
6015,199895486317,0.00
6016,82429474,2890.10
6017,83060392419,0.10
6018,199895486317,0.00
6019,199895486317,0.00
6020,135642539710,0.90
6021,282289224917,0.50
6022,199895486317,0.00
6023,47581177533,0.60
6024,1425911958,1.20
6025,135642539710,0.90
6026,1425911958,1.20
6027,1675465947,6.00
6028,154726356527,0.80
6029,1425911958,1.20
6030,2624243096,2.30
6031,1425911958,1.20
6032,25394198301,5.90
6033,79569824489,0.20
6034,1675465947,6.00
6035,125251130881,0.40
6036,199895486317,0.00
6037,199895486317,0.00
6038,108521213829,1.00
6039,199895486317,0.00
6040,199895486317,0.00
6041,199895486317,0.00
6042,56545331,835.60
6043,3134113128,1.10
6044,199895486317,0.00
6045,85766066235,0.30
6046,85766066235,0.30
6047,125251130881,0.40
6048,47581177533,0.60
6049,114412124898,62.80
6050,199895486317,0.00
6051,199895486317,0.00
6052,79569824489,0.20
6053,79569824489,0.20
6054,125251130881,0.40
6055,199895486317,0.00
6056,47581177533,0.60
6057,199895486317,0.00
6058,3726971114,2.70
6059,199895486317,0.00
6060,85766066235,0.30
6061,277321179970,0.70
6062,18559571033,5.40
6063,42457009633,9.40
6064,79569824489,0.20
6065,11124190561,11.00
6066,79569824489,0.20
6067,277321179970,0.70
6068,36066799,337.20
6069,1520918505,1.70
6070,612378653,2.00
6071,125251130881,0.40
6072,47581177533,0.60
6073,199895486317,0.00
6074,79569824489,0.20
6075,199895486317,0.00
6076,199895486317,0.00
6077,1877036231,3.20
6078,199895486317,0.00
6079,4945097404,2.50
6080,83060392419,0.10
6081,199895486317,0.00
6082,199895486317,0.00
6083,199895486317,0.00
6084,1557673766,1.50
6085,199895486317,0.00
6086,199895486317,0.00
6087,37177754634,23.00
6088,85766066235,0.30
6089,85766066235,0.30
6090,199895486317,0.00
6091,199895486317,0.00
6092,199895486317,0.00
6093,47581177533,0.60
6094,8306713,735.20
6095,199895486317,0.00
6096,199895486317,0.00
6097,1557810541,1.30
6098,79569824489,0.20
6099,199895486317,0.00
6100,79569824489,0.20
6101,547575319,194.50
6102,199895486317,0.00
6103,85766066235,0.30
6104,199895486317,0.00
6105,85766066235,0.30
6106,199895486317,0.00
6107,199895486317,0.00
6108,85766066235,0.30
6109,199895486317,0.00
6110,85766066235,0.30
6111,1557673766,1.50
6112,282289224917,0.50
6113,1425911958,1.20
6114,44846804642,17.90
6115,1425911958,1.20
6116,82429472,957.30
6117,33602577,452.40
6118,199895486317,0.00
6119,199895486317,0.00
6120,59486710,813.50
6121,199895486317,0.00
6122,125251130881,0.40
6123,3726971114,2.70
6124,1197856636,4.00
6125,71252232,617.40
6126,52999796877,16.30
6127,47581177533,0.60
6128,56558141604,20.70
6129,199895486317,0.00
6130,277321179970,0.70
6131,108521213829,1.00
6132,79569824489,0.20
6133,199895486317,0.00
6134,277321179970,0.70
6135,83060392419,0.10
6136,44846804642,17.90
6137,199895486317,0.00
6138,9641957339,20.00
6139,277321179970,0.70
6140,3134113128,1.10
6141,91357091,1040.10
6142,277321179970,0.70
6143,1425911958,1.20
6144,50039995,5000.00
6145,4168349682,56.60
6146,199895486317,0.00
6147,199895486317,0.00
6148,85766066235,0.30
6149,199895486317,0.00
6150,5997252767,6.20
6151,315613776,3.00
6152,612378653,2.00
6153,125251130881,0.40
6154,1765202099,10.00
6155,199895486317,0.00
6156,47581177533,0.60
6157,199895486317,0.00
6158,199895486317,0.00
6159,83060392419,0.10
6160,108521213829,1.00
6161,1675465947,6.00
6162,79569824489,0.20
6163,19752750180,5.20
6164,79569824489,0.20
6165,45679517,277.10
6166,51354333,1571.80
6167,199895486317,0.00
6168,47581177533,0.60
6169,199895486317,0.00
6170,2722576770,2.40
6171,125251130881,0.40
6172,199895486317,0.00
6173,199895486317,0.00
6174,199895486317,0.00
6175,35230137706,20.50
6176,277321179970,0.70
6177,47581177533,0.60
6178,1675465947,6.00
6179,135642539710,0.90
6180,154726356527,0.80
6181,19891855884,108.80
6182,199895486317,0.00
6183,282289224917,0.50
6184,199895486317,0.00
6185,34779130,937.20
6186,199895486317,0.00
6187,199895486317,0.00
6188,2957124586,2.20
6189,154726356527,0.80
6190,199895486317,0.00
6191,77704304320,21.20
6192,1532140042,2.10
6193,1675465947,6.00
6194,199895486317,0.00
6195,3603100504,5.00
6196,47581177533,0.60
6197,85766066235,0.30
6198,121255680,447.90
6199,199895486317,0.00
6200,4900725713,1.80
6201,199895486317,0.00
6202,767033871,159.70
6203,85766066235,0.30
6204,85766066235,0.30
6205,79569824489,0.20
6206,8306712,589.40
6207,199895486317,0.00
6208,277321179970,0.70
6209,1425911958,1.20
6210,4945097404,2.50
6211,282289224917,0.50
6212,27482269,267.20
6213,199895486317,0.00
6214,1557810541,1.30
6215,79569824489,0.20
6216,612378653,2.00
6217,125251130881,0.40
6218,54192229,2795.40
6219,47581177533,0.60
6220,612378653,2.00
6221,199895486317,0.00
6222,199895486317,0.00
6223,74414750,1321.90
6224,199895486317,0.00
6225,199895486317,0.00
6226,79569824489,0.20
6227,199895486317,0.00
6228,199895486317,0.00
6229,199895486317,0.00
6230,199895486317,0.00
6231,16425131247,4.50
6232,199895486317,0.00
6233,199895486317,0.00
6234,199895486317,0.00
6235,282289224917,0.50
6236,47581177533,0.60
6237,1425911958,1.20
6238,199895486317,0.00
6239,612378653,2.00
6240,79569824489,0.20
6241,199895486317,0.00
6242,199895486317,0.00
6243,108521213829,1.00
6244,282289224917,0.50
6245,199895486317,0.00
6246,79569824489,0.20
6247,199895486317,0.00
6248,47581177533,0.60
6249,50039995,5000.00
6250,199895486317,0.00
6251,125251130881,0.40
6252,199895486317,0.00
6253,199895486317,0.00
6254,108521213829,1.00
6255,83060392419,0.10
6256,79569824489,0.20
6257,315613776,3.00
6258,4583016053,9.00
6259,85766066235,0.30
6260,199895486317,0.00
6261,154726356527,0.80
6262,199895486317,0.00
6263,199895486317,0.00
6264,47581177533,0.60
6265,118902576,535.20
6266,16270103651,47.90
6267,199895486317,0.00
6268,1197856636,4.00
6269,199895486317,0.00
6270,137810966760,20.70
6271,199895486317,0.00
6272,199895486317,0.00
6273,1675465947,6.00
6274,199895486317,0.00
6275,282289224917,0.50
6276,4583016053,9.00
6277,4018165797,156.00
6278,9311098138,8.00
6279,3270594067,4.60
6280,85766066235,0.30
6281,315613776,3.00
6282,85766066235,0.30
6283,199895486317,0.00
6284,95644242198,58.80
6285,199895486317,0.00
6286,79569824489,0.20
6287,199895486317,0.00
6288,199895486317,0.00
6289,1557673766,1.50
6290,199895486317,0.00
6291,1765202099,10.00
6292,108521213829,1.00
6293,1675465947,6.00
6294,199895486317,0.00
6295,4513717882,3.30
6296,42457009633,9.40
6297,277321179970,0.70
6298,199895486317,0.00
6299,199895486317,0.00
6300,91827716,1780.60
6301,1425911958,1.20
6302,83060392419,0.10
6303,2237290763,1.60
6304,277321179970,0.70
6305,79569824489,0.20
6306,315613776,3.00
6307,199895486317,0.00
6308,199895486317,0.00
6309,199895486317,0.00
6310,19752750180,5.20
6311,85766066235,0.30
6312,612378653,2.00
6313,85766066235,0.30
6314,199895486317,0.00
6315,1557673766,1.50
6316,199895486317,0.00
6317,199895486317,0.00
6318,199895486317,0.00
6319,277321179970,0.70
6320,277321179970,0.70
6321,79569824489,0.20
6322,61251542,743.20
6323,108521213829,1.00
6324,199895486317,0.00
6325,41695942458,40.30
6326,199895486317,0.00
6327,3601999651,3.60
6328,315613776,3.00
6329,199895486317,0.00
6330,199895486317,0.00
6331,135642539710,0.90
6332,612378653,2.00
6333,199895486317,0.00
6334,199895486317,0.00
6335,199895486317,0.00
6336,199895486317,0.00
6337,199895486317,0.00
6338,199895486317,0.00
6339,199895486317,0.00
6340,199895486317,0.00
6341,83060392419,0.10
6342,47581177533,0.60
6343,199895486317,0.00
6344,47581177533,0.60
6345,3601999651,3.60
6346,135642539710,0.90
6347,199895486317,0.00
6348,125251130881,0.40
6349,3603100504,5.00
6350,199895486317,0.00
6351,199895486317,0.00
6352,199895486317,0.00
6353,199895486317,0.00
6354,199895486317,0.00
6355,199895486317,0.00
6356,95592679,1692.90
6357,83060392419,0.10
6358,9981756909,4.40
6359,1877036231,3.20
6360,83060392419,0.10
6361,199895486317,0.00
6362,47581177533,0.60
6363,85766066235,0.30
6364,85766066235,0.30
6365,199895486317,0.00
6366,199895486317,0.00
6367,612378653,2.00
6368,1520918505,1.70
6369,199895486317,0.00
6370,199895486317,0.00
6371,199895486317,0.00
6372,2237290763,1.60
6373,85766066235,0.30
6374,36547473,375.50
6375,199895486317,0.00
6376,154726356527,0.80
6377,79569824489,0.20
6378,41250164,500.60
6379,199895486317,0.00
6380,199895486317,0.00
6381,47581177533,0.60
6382,47581177533,0.60
6383,85766066235,0.30
6384,199895486317,0.00
6385,35230137706,20.50
6386,1197856636,4.00
6387,1557673766,1.50
6388,16411402392,20.20
6389,199895486317,0.00
6390,1765202099,10.00
6391,199895486317,0.00
6392,199895486317,0.00
6393,2237290763,1.60
6394,85478699,347.60
6395,199895486317,0.00
6396,64393536,308.00
6397,83060392419,0.10
6398,199895486317,0.00
6399,2722576770,2.40
6400,1765202099,10.00
6401,315613776,3.00
6402,83060392419,0.10
6403,199895486317,0.00
6404,85766066235,0.30
6405,16425131247,4.50
6406,2072511162,1.40
6407,199895486317,0.00
6408,108521213829,1.00
6409,1675465947,6.00
6410,79569824489,0.20
6411,199895486317,0.00
6412,88533367,1870.60
6413,47581177533,0.60
6414,1197856636,4.00
6415,135642539710,0.90
6416,199895486317,0.00
6417,199895486317,0.00
6418,79569824489,0.20
6419,199895486317,0.00
6420,199895486317,0.00
6421,199895486317,0.00
6422,199895486317,0.00
6423,79569824489,0.20
6424,108521213829,1.00
6425,612378653,2.00
6426,2237290763,1.60
6427,199895486317,0.00
6428,85766066235,0.30
6429,85766066235,0.30
6430,199895486317,0.00
6431,16507150,898.70
6432,29611579021,83.00
6433,199895486317,0.00
6434,83060392419,0.10
6435,199895486317,0.00
6436,1877036231,3.20
6437,1425911958,1.20
6438,199895486317,0.00
6439,1557810541,1.30
6440,199895486317,0.00
6441,277321179970,0.70
6442,199895486317,0.00
6443,277321179970,0.70
6444,1675465947,6.00
6445,125251130881,0.40
6446,23393903360,9.10
6447,18410891,1568.00
6448,199895486317,0.00
6449,12763443,1998.60
6450,135642539710,0.90
6451,135642539710,0.90
6452,199895486317,0.00
6453,1197856636,4.00
6454,108521213829,1.00
6455,1197856636,4.00
6456,83060392419,0.10
6457,85766066235,0.30
6458,9981756909,4.40
6459,85766066235,0.30
6460,4057206188,143.00
6461,199895486317,0.00
6462,108521213829,1.00
6463,199895486317,0.00
6464,282289224917,0.50
6465,50039995,5000.00
6466,199895486317,0.00
6467,199895486317,0.00
6468,199895486317,0.00
6469,199895486317,0.00
6470,199895486317,0.00
6471,199895486317,0.00
6472,79569824489,0.20
6473,199895486317,0.00
6474,315613776,3.00
6475,58634257375,11.70
6476,85766066235,0.30
6477,277321179970,0.70
6478,199895486317,0.00
6479,199895486317,0.00
6480,199895486317,0.00
6481,2237290763,1.60
6482,199895486317,0.00
6483,83060392419,0.10
6484,199895486317,0.00
6485,199895486317,0.00
6486,1765202099,10.00
6487,47581177533,0.60
6488,79569824489,0.20
6489,199895486317,0.00
6490,199895486317,0.00
6491,47581177533,0.60
6492,80076370,764.50
6493,169375251169,20.30
6494,77709094,1705.90
6495,277321179970,0.70
6496,612378653,2.00
6497,85766066235,0.30
6498,47581177533,0.60
6499,199895486317,0.00
6500,85766066235,0.30
6501,135642539710,0.90
6502,199895486317,0.00
6503,199895486317,0.00
6504,199895486317,0.00
6505,199895486317,0.00
6506,125251130881,0.40
6507,199895486317,0.00
6508,21219569716,12.00
6509,7593169253,3.90
6510,199895486317,0.00
6511,199895486317,0.00
6512,1557810541,1.30
6513,199895486317,0.00
6514,2072511162,1.40
6515,199895486317,0.00
6516,357771286,217.20
6517,1765202099,10.00
6518,277321179970,0.70
6519,85766066235,0.30
6520,199895486317,0.00
6521,199895486317,0.00
6522,3601999651,3.60
6523,83060392419,0.10
6524,83060392419,0.10
6525,199895486317,0.00
6526,6820702048,4.20
6527,135642539710,0.90
6528,108521213829,1.00
6529,199895486317,0.00
6530,1557810541,1.30
6531,1877036231,3.20
6532,85766066235,0.30
6533,85766066235,0.30
6534,63016371,4442.60
6535,199895486317,0.00
6536,282289224917,0.50
6537,199895486317,0.00
6538,8057236,1510.60
6539,199895486317,0.00
6540,199895486317,0.00
6541,1532140042,2.10
6542,3134113128,1.10
6543,21219569716,12.00
6544,79569824489,0.20
6545,199895486317,0.00
6546,1425911958,1.20
6547,199895486317,0.00
6548,47581177533,0.60
6549,47581177533,0.60
6550,3671113205,2.60
6551,199895486317,0.00
6552,2237290763,1.60
6553,199895486317,0.00
6554,85766066235,0.30
6555,199895486317,0.00
6556,3134113128,1.10
6557,612378653,2.00
6558,199895486317,0.00
6559,4900725713,1.80
6560,125251130881,0.40
6561,11332752623,10.30
6562,199895486317,0.00
6563,199895486317,0.00
6564,125251130881,0.40
6565,199895486317,0.00
6566,199895486317,0.00
6567,83060392419,0.10
6568,2624243096,2.30
6569,12424645,787.10
6570,199895486317,0.00
6571,199895486317,0.00
6572,199895486317,0.00
6573,199895486317,0.00
6574,83060392419,0.10
6575,282289224917,0.50
6576,612378653,2.00
6577,199895486317,0.00
6578,40661887,560.90
6579,1557673766,1.50
6580,199895486317,0.00
6581,199895486317,0.00
6582,4396518058,2.90
6583,199895486317,0.00
6584,68310851,758.80
6585,199895486317,0.00
6586,199895486317,0.00
6587,1557810541,1.30
6588,199895486317,0.00
6589,199895486317,0.00
6590,199895486317,0.00
6591,64781195,2723.30
6592,199895486317,0.00
6593,199895486317,0.00
6594,154726356527,0.80
6595,315613776,3.00
6596,75935309188,14.80
6597,199895486317,0.00
6598,85766066235,0.30
6599,199895486317,0.00
6600,83060392419,0.10
6601,199895486317,0.00
6602,199895486317,0.00
6603,277321179970,0.70
6604,1197856636,4.00
6605,2722576770,2.40
6606,79569824489,0.20
6607,64212930,363.10
6608,19742668,912.30
6609,199895486317,0.00
6610,3603100504,5.00
6611,199895486317,0.00
6612,85766066235,0.30
6613,199895486317,0.00
6614,2722576770,2.40
6615,315613776,3.00
6616,1425911958,1.20
6617,79569824489,0.20
6618,199895486317,0.00
6619,13707961911,7.00
6620,199895486317,0.00
6621,199895486317,0.00
6622,42384201,1264.20
6623,199895486317,0.00
6624,108521213829,1.00
6625,282289224917,0.50
6626,199895486317,0.00
6627,199895486317,0.00
6628,199895486317,0.00
6629,315613776,3.00
6630,108521213829,1.00
6631,199895486317,0.00
6632,125251130881,0.40
6633,14189470,2938.00
6634,9641957339,20.00
6635,199895486317,0.00
6636,199895486317,0.00
6637,199895486317,0.00
6638,282289224917,0.50
6639,199895486317,0.00
6640,9981756909,4.40
6641,199895486317,0.00
6642,199895486317,0.00
6643,3603100504,5.00
6644,199895486317,0.00
6645,199895486317,0.00
6646,108521213829,1.00
6647,199895486317,0.00
6648,83060392419,0.10
6649,85766066235,0.30
6650,79569824489,0.20
6651,79149297,3147.40
6652,16627996529,89.90
6653,199895486317,0.00
6654,199895486317,0.00
6655,199895486317,0.00
6656,172647925,256.70
6657,83016623,274.00
6658,315613776,3.00
6659,199895486317,0.00
6660,85766066235,0.30
6661,2957124586,2.20
6662,199895486317,0.00
6663,199895486317,0.00
6664,85766066235,0.30
6665,315613776,3.00
6666,277321179970,0.70
6667,199895486317,0.00
6668,199895486317,0.00
6669,16411402392,20.20
6670,199895486317,0.00
6671,8530634511,6.60
6672,85766066235,0.30
6673,31851922,3486.00
6674,1197856636,4.00
6675,612378653,2.00
6676,199895486317,0.00
6677,199895486317,0.00
6678,199895486317,0.00
6679,199895486317,0.00
6680,199895486317,0.00
6681,199895486317,0.00
6682,199895486317,0.00
6683,199895486317,0.00
6684,79569824489,0.20
6685,199895486317,0.00
6686,10482536530,6.30
6687,1520918505,1.70
6688,277321179970,0.70
6689,85766066235,0.30
6690,2237290763,1.60
6691,51839125,2125.00
6692,199895486317,0.00
6693,199895486317,0.00
6694,10071544,919.40
6695,199895486317,0.00
6696,199895486317,0.00
6697,85766066235,0.30
6698,47581177533,0.60
6699,7112728738,4.30
6700,199895486317,0.00
6701,1557673766,1.50
6702,199895486317,0.00
6703,3603100504,5.00
6704,199895486317,0.00
6705,199895486317,0.00
6706,125251130881,0.40
6707,199895486317,0.00
6708,2722576770,2.40
6709,612378653,2.00
6710,1197856636,4.00
6711,199895486317,0.00
6712,199895486317,0.00
6713,83060392419,0.10
6714,52427400,937.90
6715,199895486317,0.00
6716,108521213829,1.00
6717,83060392419,0.10
6718,199895486317,0.00
6719,47581177533,0.60
6720,199895486317,0.00
6721,8530634511,6.60
6722,199895486317,0.00
6723,79569824489,0.20
6724,44805382729,20.80
6725,5899738755,1.90
6726,199895486317,0.00
6727,199895486317,0.00
6728,85766066235,0.30
6729,21219569716,12.00
6730,85766066235,0.30
6731,9311098138,8.00
6732,47581177533,0.60
6733,199895486317,0.00
6734,199895486317,0.00
6735,199895486317,0.00
6736,612378653,2.00
6737,1197856636,4.00
6738,83060392419,0.10
6739,199895486317,0.00
6740,1877036231,3.20
6741,85766066235,0.30
6742,79569824489,0.20
6743,125251130881,0.40
6744,199895486317,0.00
6745,199895486317,0.00
6746,199895486317,0.00
6747,10418238950,7.20
6748,199895486317,0.00
6749,199895486317,0.00
6750,79569824489,0.20
6751,199895486317,0.00
6752,199895486317,0.00
6753,199895486317,0.00
6754,2920269406,3.10
6755,492734184,154.10
6756,199895486317,0.00
6757,1197856636,4.00
6758,199895486317,0.00
6759,199895486317,0.00
6760,47581177533,0.60
6761,1765202099,10.00
6762,83060392419,0.10
6763,85766066235,0.30
6764,1557673766,1.50
6765,199895486317,0.00
6766,3270594067,4.60
6767,1197856636,4.00
6768,199895486317,0.00
6769,199895486317,0.00
6770,117726149,418.50
6771,83060392419,0.10
6772,79569824489,0.20
6773,125251130881,0.40
6774,2957124586,2.20
6775,199895486317,0.00
6776,15121573459,5.10
6777,10418238950,7.20
6778,199895486317,0.00
6779,11892078165,30.00
6780,199895486317,0.00
6781,199895486317,0.00
6782,199895486317,0.00
6783,2957124586,2.20
6784,108521213829,1.00
6785,1765202099,10.00
6786,199895486317,0.00
6787,199895486317,0.00
6788,199895486317,0.00
6789,3134113128,1.10
6790,199895486317,0.00
6791,199895486317,0.00
6792,83060392419,0.10
6793,9043223493,4.10
6794,75355988,1053.30
6795,199895486317,0.00
6796,199895486317,0.00
6797,199895486317,0.00
6798,199895486317,0.00
6799,199895486317,0.00
6800,1425911958,1.20
6801,23393903360,9.10
6802,78311539,493.30
6803,1425911958,1.20
6804,199895486317,0.00
6805,47581177533,0.60
6806,11239432591,6.10
6807,83060392419,0.10
6808,79569824489,0.20
6809,199895486317,0.00
6810,35353234,1197.60
6811,199895486317,0.00
6812,2722576770,2.40
6813,125251130881,0.40
6814,199895486317,0.00
6815,282289224917,0.50
6816,85766066235,0.30
6817,68899130,771.20
6818,47581177533,0.60
6819,199895486317,0.00
6820,19742668,912.30
6821,10071541,762.70
6822,1765202099,10.00
6823,199895486317,0.00
6824,199895486317,0.00
6825,199895486317,0.00
6826,199895486317,0.00
6827,199895486317,0.00
6828,108521213829,1.00
6829,199895486317,0.00
6830,199895486317,0.00
6831,13929842199,10.20
6832,199895486317,0.00
6833,50039995,5000.00
6834,47581177533,0.60
6835,199895486317,0.00
6836,199895486317,0.00
6837,199895486317,0.00
6838,2072511162,1.40
6839,282289224917,0.50
6840,1197856636,4.00
6841,2237290763,1.60
6842,199895486317,0.00
6843,1557673766,1.50
6844,79569824489,0.20
6845,1425911958,1.20
6846,199895486317,0.00
6847,1557673766,1.50
6848,125251130881,0.40
6849,34882615,1726.30
6850,199895486317,0.00
6851,199895486317,0.00
6852,108521213829,1.00
6853,199895486317,0.00
6854,1877036231,3.20
6855,14154047,848.30
6856,79569824489,0.20
6857,199895486317,0.00
6858,277321179970,0.70
6859,79569824489,0.20
6860,199895486317,0.00
6861,199895486317,0.00
6862,282289224917,0.50
6863,199895486317,0.00
6864,199895486317,0.00
6865,199895486317,0.00
6866,2957124586,2.20
6867,108521213829,1.00
6868,10048017542,2.80
6869,199895486317,0.00
6870,8307245,379.70
6871,282289224917,0.50
6872,199895486317,0.00
6873,17996016,269.10
6874,1425911958,1.20
6875,199895486317,0.00
6876,28272677,427.10
6877,199895486317,0.00
6878,199895486317,0.00
6879,199895486317,0.00
6880,199895486317,0.00
6881,199895486317,0.00
6882,199895486317,0.00
6883,315613776,3.00
6884,154726356527,0.80
6885,199895486317,0.00
6886,199895486317,0.00
6887,199895486317,0.00
6888,85334878974,16.30
6889,47581177533,0.60
6890,1557673766,1.50
6891,282289224917,0.50
6892,16411402392,20.20
6893,1877036231,3.20
6894,2237290763,1.60
6895,1557810541,1.30
6896,199895486317,0.00
6897,199895486317,0.00
6898,125251130881,0.40
6899,125251130881,0.40
6900,85766066235,0.30
6901,199895486317,0.00
6902,83060392419,0.10
6903,199895486317,0.00
6904,277321179970,0.70
6905,199895486317,0.00
6906,4945097404,2.50
6907,199895486317,0.00
6908,199895486317,0.00
6909,108521213829,1.00
6910,7923519665,3.40
6911,199895486317,0.00
6912,87592128,1901.10
6913,25140541553,7.60
6914,199895486317,0.00
6915,3134113128,1.10
6916,120506475156,21.80
6917,23795996363,8.40
6918,199895486317,0.00
6919,85766066235,0.30
6920,199895486317,0.00
6921,2624243096,2.30
6922,199895486317,0.00
6923,21371096260,6.40
6924,199895486317,0.00
6925,1520918505,1.70
6926,1765202099,10.00
6927,125251130881,0.40
6928,135642539710,0.90
6929,51354334,1048.80
6930,199895486317,0.00
6931,19178406868,15.00
6932,108521213829,1.00
6933,282289224917,0.50
6934,199895486317,0.00
6935,83060392419,0.10
6936,5899738755,1.90
6937,1197856636,4.00
6938,199895486317,0.00
6939,199895486317,0.00
6940,12195058187,130.00
6941,612378653,2.00
6942,199895486317,0.00
6943,199895486317,0.00
6944,199895486317,0.00
6945,85766066235,0.30
6946,37492499024,11.40
6947,199895486317,0.00
6948,83017745,539.10
6949,199895486317,0.00
6950,199895486317,0.00
6951,79569824489,0.20
6952,5899738755,1.90
6953,108521213829,1.00
6954,199895486317,0.00
6955,85766066235,0.30
6956,199895486317,0.00
6957,83060392419,0.10
6958,3270594067,4.60
6959,199895486317,0.00
6960,199895486317,0.00
6961,199895486317,0.00
6962,199895486317,0.00
6963,199895486317,0.00
6964,199895486317,0.00
6965,199895486317,0.00
6966,199895486317,0.00
6967,47581177533,0.60
6968,1557673766,1.50
6969,79569824489,0.20
6970,85766066235,0.30
6971,3603100504,5.00
6972,199895486317,0.00
6973,277321179970,0.70
6974,315613776,3.00
6975,199895486317,0.00
6976,135642539710,0.90
6977,37313080318,32.00
6978,119923249079,21.50
6979,23336769301,10.60
6980,108521213829,1.00
6981,80664646,838.90
6982,9641957339,20.00
6983,63926829,318.20
6984,1765202099,10.00
6985,199895486317,0.00
6986,108521213829,1.00
6987,52295580,1907.30
6988,199895486317,0.00
6989,3134113128,1.10
6990,1675465947,6.00
6991,199895486317,0.00
6992,108521213829,1.00
6993,199895486317,0.00
6994,83060392419,0.10
6995,40661885,795.60
6996,199895486317,0.00
6997,88900508,2477.90
6998,282289224917,0.50
6999,85766066235,0.30
7000,114328194554,70.00
7001,2722576770,2.40
7002,117137743,774.80
7003,92302180500,17.50
7004,199895486317,0.00
7005,199895486317,0.00
7006,199895486317,0.00
7007,83060392419,0.10
7008,199895486317,0.00
7009,199895486317,0.00
7010,135642539710,0.90
7011,612378653,2.00
7012,199895486317,0.00
7013,83060392419,0.10
7014,125251130881,0.40
7015,199895486317,0.00
7016,2624243096,2.30
7017,199895486317,0.00
7018,199895486317,0.00
7019,1557810541,1.30
7020,19352130,1020.90
7021,79569824489,0.20
7022,47581177533,0.60
7023,85766066235,0.30
7024,69100814418,9.80
7025,25140541553,7.60
7026,4513717882,3.30
7027,2237290763,1.60
7028,9641957339,20.00
7029,11239432591,6.10
7030,199895486317,0.00
7031,199895486317,0.00
7032,135642539710,0.90
7033,108521213829,1.00
7034,56202459612,11.10
7035,277321179970,0.70
7036,55025648,294.10
7037,199895486317,0.00
7038,9043223493,4.10
7039,3134113128,1.10
7040,199895486317,0.00
7041,135642539710,0.90
7042,3603100504,5.00
7043,79569824489,0.20
7044,612378653,2.00
7045,13929842199,10.20
7046,277321179970,0.70
7047,154726356527,0.80
7048,1425911958,1.20
7049,125251130881,0.40
7050,1877036231,3.20
7051,4583016053,9.00
7052,199895486317,0.00
7053,199895486317,0.00
7054,199895486317,0.00
7055,199895486317,0.00
7056,79569824489,0.20
7057,199895486317,0.00
7058,199895486317,0.00
7059,47581177533,0.60
7060,74484584936,46.30
7061,4513717882,3.30
7062,85766066235,0.30
7063,215917516823,16.70
7064,83060392419,0.10
7065,125251130881,0.40
7066,199895486317,0.00
7067,199895486317,0.00
7068,145341668877,24.40
7069,199895486317,0.00
7070,199895486317,0.00
7071,199895486317,0.00
7072,41107459140,7.80
7073,199895486317,0.00
7074,13929842199,10.20
7075,282289224917,0.50
7076,199895486317,0.00
7077,79569824489,0.20
7078,199895486317,0.00
7079,199895486317,0.00
7080,108521213829,1.00
7081,83060392419,0.10
7082,612378653,2.00
7083,3603100504,5.00
7084,199895486317,0.00
7085,83060392419,0.10
7086,282289224917,0.50
7087,47581177533,0.60
7088,1557673766,1.50
7089,199895486317,0.00
7090,199895486317,0.00
7091,199895486317,0.00
7092,199895486317,0.00
7093,1197856636,4.00
7094,199895486317,0.00
7095,199895486317,0.00
7096,199895486317,0.00
7097,199895486317,0.00
7098,199895486317,0.00
7099,47581177533,0.60
7100,199895486317,0.00
7101,125251130881,0.40
7102,199895486317,0.00
7103,199895486317,0.00
7104,33190829902,21.70
7105,199895486317,0.00
7106,154726356527,0.80
7107,199895486317,0.00
7108,2920269406,3.10
7109,10048017542,2.80
7110,1532140042,2.10
7111,79569824489,0.20
7112,199895486317,0.00
7113,199895486317,0.00
7114,199895486317,0.00
7115,199895486317,0.00
7116,199895486317,0.00
7117,47581177533,0.60
7118,37177754634,23.00
7119,199895486317,0.00
7120,47581177533,0.60
7121,282289224917,0.50
7122,315613776,3.00
7123,85766066235,0.30
7124,199895486317,0.00
7125,83060392419,0.10
7126,83060392419,0.10
7127,199895486317,0.00
7128,199895486317,0.00
7129,199895486317,0.00
7130,125251130881,0.40
7131,315613776,3.00
7132,125251130881,0.40
7133,199895486317,0.00
7134,83060392419,0.10
7135,125251130881,0.40
7136,154726356527,0.80
7137,199895486317,0.00
7138,21219569716,12.00
7139,47581177533,0.60
7140,1425911958,1.20
7141,79569824489,0.20
7142,199895486317,0.00
7143,83060392419,0.10
7144,108521213829,1.00
7145,612378653,2.00
7146,4396518058,2.90
7147,1557673766,1.50
7148,91098591810,10.90
7149,199895486317,0.00
7150,125251130881,0.40
7151,38334587382,60.00
7152,192839966481,13.40
7153,47581177533,0.60
7154,2722576770,2.40
7155,85766066235,0.30
7156,83060392419,0.10
7157,47581177533,0.60
7158,125251130881,0.40
7159,50039995,5000.00
7160,315613776,3.00
7161,282289224917,0.50
7162,199895486317,0.00
7163,3671113205,2.60
7164,47581177533,0.60
7165,199895486317,0.00
7166,199895486317,0.00
7167,199895486317,0.00
7168,17030029550,124.00
7169,199895486317,0.00
7170,85766066235,0.30
7171,123622948,3338.10
7172,71252229,2708.40
7173,85766066235,0.30
7174,199895486317,0.00
7175,612378653,2.00
7176,612378653,2.00
7177,199895486317,0.00
7178,47581177533,0.60
7179,6812533058,3.70
7180,199895486317,0.00
7181,199895486317,0.00
7182,36543959,918.70
7183,199895486317,0.00
7184,84297786,1499.80
7185,199895486317,0.00
7186,199895486317,0.00
7187,89265060603,68.90
7188,199895486317,0.00
7189,83060392419,0.10
7190,199895486317,0.00
7191,199895486317,0.00
7192,79569824489,0.20
7193,34375366837,22.30
7194,4513717882,3.30
7195,44295027,1210.20
7196,199895486317,0.00
7197,6820702048,4.20
7198,199895486317,0.00
7199,36362620951,13.00
7200,1425911958,1.20
7201,199895486317,0.00
7202,85766066235,0.30
7203,277321179970,0.70
7204,2624243096,2.30
7205,199895486317,0.00
7206,47581177533,0.60
7207,199895486317,0.00
7208,199895486317,0.00
7209,199895486317,0.00
7210,154726356527,0.80
7211,1557673766,1.50
7212,125251130881,0.40
7213,199895486317,0.00
7214,1520918505,1.70
7215,79569824489,0.20
7216,1197856636,4.00
7217,199895486317,0.00
7218,54780509,655.70
7219,2624243096,2.30
7220,44191540,2586.00
7221,199895486317,0.00
7222,282289224917,0.50
7223,30041449631,4.80
7224,57133610,855.80
7225,199895486317,0.00
7226,199895486317,0.00
7227,50353640853,99.80
7228,282289224917,0.50
7229,199895486317,0.00
7230,199895486317,0.00
7231,199895486317,0.00
7232,4900725713,1.80
7233,154726356527,0.80
7234,199895486317,0.00
7235,125251130881,0.40
7236,199895486317,0.00
7237,199895486317,0.00
7238,188498824,251.90
7239,199895486317,0.00
7240,199895486317,0.00
7241,199895486317,0.00
7242,199895486317,0.00
7243,199895486317,0.00
7244,1557673766,1.50
7245,79569824489,0.20
7246,3134113128,1.10
7247,199895486317,0.00
7248,79569824489,0.20
7249,3270594067,4.60
7250,1557810541,1.30
7251,199895486317,0.00
7252,199895486317,0.00
7253,199895486317,0.00
7254,4900725713,1.80
7255,83060392419,0.10
7256,83060392419,0.10
7257,199895486317,0.00
7258,199895486317,0.00
7259,199895486317,0.00
7260,199895486317,0.00
7261,69708540,1393.90
7262,42426830,410.40
7263,108521213829,1.00
7264,199895486317,0.00
7265,199895486317,0.00
7266,83060392419,0.10
7267,2957124586,2.20
7268,1520918505,1.70
7269,79569824489,0.20
7270,47581177533,0.60
7271,16411402392,20.20
7272,199895486317,0.00
7273,100077744,469.70
7274,199895486317,0.00
7275,199895486317,0.00
7276,315613776,3.00
7277,10482536530,6.30
7278,199895486317,0.00
7279,125251130881,0.40
7280,199895486317,0.00
7281,9043223493,4.10
7282,125251130881,0.40
7283,17804763446,5.30
7284,277321179970,0.70
7285,891948315,181.10
7286,4396518058,2.90
7287,8530634511,6.60
7288,44805382729,20.80
7289,47581177533,0.60
7290,85766066235,0.30
7291,47581177533,0.60
7292,12842118880,6.50
7293,1675465947,6.00
7294,1532140042,2.10
7295,199895486317,0.00
7296,199895486317,0.00
7297,199895486317,0.00
7298,9007782297,5.50
7299,199895486317,0.00
7300,199895486317,0.00
7301,199895486317,0.00
7302,47581177533,0.60
7303,4900725713,1.80
7304,199895486317,0.00
7305,199895486317,0.00
7306,3603100504,5.00
7307,85766066235,0.30
7308,199895486317,0.00
7309,199895486317,0.00
7310,199895486317,0.00
7311,199895486317,0.00
7312,5899738755,1.90
7313,199895486317,0.00
7314,282289224917,0.50
7315,47581177533,0.60
7316,2031478546,188.30
7317,199895486317,0.00
7318,4513717882,3.30
7319,612378653,2.00
7320,199895486317,0.00
7321,199895486317,0.00
7322,199895486317,0.00
7323,2072511162,1.40
7324,612378653,2.00
7325,199895486317,0.00
7326,199895486317,0.00
7327,199895486317,0.00
7328,110734442361,44.50
7329,199895486317,0.00
7330,83060392419,0.10
7331,24433138597,6.70
7332,108521213829,1.00
7333,2237290763,1.60
7334,14777751,809.00
7335,199895486317,0.00
7336,85766066235,0.30
7337,199895486317,0.00
7338,85766066235,0.30
7339,83060392419,0.10
7340,612378653,2.00
7341,111843262,2549.50
7342,135642539710,0.90
7343,1197856636,4.00
7344,83060392419,0.10
7345,199895486317,0.00
7346,87273803,345.00
7347,1425911958,1.20
7348,199895486317,0.00
7349,85766066235,0.30
7350,199895486317,0.00
7351,199895486317,0.00
7352,47581177533,0.60
7353,5997252767,6.20
7354,199895486317,0.00
7355,47581177533,0.60
7356,85959125,732.20
7357,199895486317,0.00
7358,125251130881,0.40
7359,191713751,252.90
7360,39485335,869.90
7361,47581177533,0.60
7362,199895486317,0.00
7363,79569824489,0.20
7364,199895486317,0.00
7365,199895486317,0.00
7366,108521213829,1.00
7367,63604646,2897.90
7368,1557810541,1.30
7369,199895486317,0.00
7370,199895486317,0.00
7371,199895486317,0.00
7372,277321179970,0.70
7373,28413649056,42.00
7374,23587716,1192.90
7375,2624243096,2.30
7376,4396518058,2.90
7377,199895486317,0.00
7378,79569824489,0.20
7379,42282321828,16.20
7380,199895486317,0.00
7381,277321179970,0.70
7382,105372228,706.30
7383,79569824489,0.20
7384,277321179970,0.70
7385,47589368,1298.10
7386,125251130881,0.40
7387,13707961911,7.00
7388,1532140042,2.10
7389,85766066235,0.30
7390,9641957339,20.00
7391,199895486317,0.00
7392,19752750180,5.20
7393,315613776,3.00
7394,199895486317,0.00
7395,199895486317,0.00
7396,1425911958,1.20
7397,199895486317,0.00
7398,199895486317,0.00
7399,199895486317,0.00
7400,199895486317,0.00
7401,83060392419,0.10
7402,199895486317,0.00
7403,83060392419,0.10
7404,199895486317,0.00
7405,23013608,794.90
7406,36362620951,13.00
7407,199895486317,0.00
7408,10482536530,6.30
7409,125251130881,0.40
7410,199895486317,0.00
7411,10330253,694.10
7412,282289224917,0.50
7413,6812533058,3.70
7414,199895486317,0.00
7415,199895486317,0.00
7416,199895486317,0.00
7417,199895486317,0.00
7418,122906201322,21.40
7419,199895486317,0.00
7420,3726971114,2.70
7421,2237290763,1.60
7422,199895486317,0.00
7423,1532140042,2.10
7424,277321179970,0.70
7425,85766066235,0.30
7426,277321179970,0.70
7427,199895486317,0.00
7428,3671113205,2.60
7429,83060392419,0.10
7430,1765202099,10.00
7431,85766066235,0.30
7432,199895486317,0.00
7433,2957124586,2.20
7434,1520918505,1.70
7435,50039995,5000.00
7436,315613776,3.00
7437,199895486317,0.00
7438,315613776,3.00
7439,79569824489,0.20
7440,282289224917,0.50
7441,85766066235,0.30
7442,199895486317,0.00
7443,108521213829,1.00
7444,85766066235,0.30
7445,140565292,3800.10
7446,70075681,890.60
7447,47581177533,0.60
7448,199895486317,0.00
7449,79569824489,0.20
7450,282289224917,0.50
7451,83060392419,0.10
7452,199895486317,0.00
7453,199895486317,0.00
7454,199895486317,0.00
7455,83060392419,0.10
7456,282289224917,0.50
7457,2624243096,2.30
7458,199895486317,0.00
7459,199895486317,0.00
7460,1557673766,1.50
7461,119441406268,15.50
7462,199895486317,0.00
7463,199895486317,0.00
7464,199895486317,0.00
7465,1425911958,1.20
7466,199895486317,0.00
7467,83060392419,0.10
7468,199895486317,0.00
7469,199895486317,0.00
7470,282289224917,0.50
7471,199895486317,0.00
7472,4583016053,9.00
7473,199895486317,0.00
7474,1532140042,2.10
7475,37706335,1003.60
7476,135642539710,0.90
7477,99873511301,77.60
7478,41107459140,7.80
7479,1532140042,2.10
7480,85766066235,0.30
7481,50039995,5000.00
7482,199895486317,0.00
7483,57170638566,8.60
7484,199895486317,0.00
7485,125380456971,30.40
7486,85766066235,0.30
7487,1425911958,1.20
7488,199895486317,0.00
7489,199895486317,0.00
7490,1532140042,2.10
7491,612378653,2.00
7492,85766066235,0.30
7493,79569824489,0.20
7494,1532140042,2.10
7495,199895486317,0.00
7496,89474610,1416.90
7497,108674660,336.30
7498,135642539710,0.90
7499,85766066235,0.30
7500,83060392419,0.10
7501,199895486317,0.00
7502,1765202099,10.00
7503,199895486317,0.00
7504,315613776,3.00
7505,83060392419,0.10
7506,1675465947,6.00
7507,1425911958,1.20
7508,277321179970,0.70
7509,199895486317,0.00
7510,315613776,3.00
7511,199895486317,0.00
7512,1675465947,6.00
7513,1520918505,1.70
7514,50039995,5000.00
7515,1877036231,3.20
7516,199895486317,0.00
7517,85766066235,0.30
7518,127314486405,61.80
7519,199895486317,0.00
7520,5997252767,6.20
7521,41000684,1090.20
7522,61839818,848.50
7523,125251130881,0.40
7524,199895486317,0.00
7525,199895486317,0.00
7526,199895486317,0.00
7527,85766066235,0.30
7528,1557673766,1.50
7529,17686039,372.20
7530,199895486317,0.00
7531,3726971114,2.70
7532,1557673766,1.50
7533,199895486317,0.00
7534,199895486317,0.00
7535,199895486317,0.00
7536,199895486317,0.00
7537,199895486317,0.00
7538,79569824489,0.20
7539,199895486317,0.00
7540,85766066235,0.30
7541,85766066235,0.30
7542,108521213829,1.00
7543,199895486317,0.00
7544,108521213829,1.00
7545,79569824489,0.20
7546,199895486317,0.00
7547,108521213829,1.00
7548,154726356527,0.80
7549,199895486317,0.00
7550,199895486317,0.00
7551,85766066235,0.30
7552,199895486317,0.00
7553,3134113128,1.10
7554,199895486317,0.00
7555,199895486317,0.00
7556,199895486317,0.00
7557,199895486317,0.00
7558,199895486317,0.00
7559,199895486317,0.00
7560,199895486317,0.00
7561,4900725713,1.80
7562,199895486317,0.00
7563,612378653,2.00
7564,85766066235,0.30
7565,2237290763,1.60
7566,199895486317,0.00
7567,199895486317,0.00
7568,47581177533,0.60
7569,79569824489,0.20
7570,199895486317,0.00
7571,199895486317,0.00
7572,135642539710,0.90
7573,199895486317,0.00
7574,199895486317,0.00
7575,79569824489,0.20
7576,1877036231,3.20
7577,199895486317,0.00
7578,199895486317,0.00
7579,79569824489,0.20
7580,1675465947,6.00
7581,315613776,3.00
7582,199895486317,0.00
7583,612378653,2.00
7584,199895486317,0.00
7585,199895486317,0.00
7586,1675465947,6.00
7587,199895486317,0.00
7588,199895486317,0.00
7589,199895486317,0.00
7590,199895486317,0.00
7591,199895486317,0.00
7592,199895486317,0.00
7593,83060392419,0.10
7594,282289224917,0.50
7595,47581177533,0.60
7596,23884562715,16.00
7597,3671113205,2.60
7598,98312919,650.90
7599,85766066235,0.30
7600,79569824489,0.20
7601,11239432591,6.10
7602,83060392419,0.10
7603,199895486317,0.00
7604,199895486317,0.00
7605,108521213829,1.00
7606,199895486317,0.00
7607,199895486317,0.00
7608,282289224917,0.50
7609,199895486317,0.00
7610,199895486317,0.00
7611,199895486317,0.00
7612,50039995,5000.00
7613,13929842199,10.20
7614,199895486317,0.00
7615,47581177533,0.60
7616,2072511162,1.40
7617,282289224917,0.50
7618,199895486317,0.00
7619,23512238182,9.30
7620,83060392419,0.10
7621,2072511162,1.40
7622,85766066235,0.30
7623,85766066235,0.30
7624,199895486317,0.00
7625,199895486317,0.00
7626,83060392419,0.10
7627,97962683786,16.60
7628,97725160,404.10
7629,108521213829,1.00
7630,199895486317,0.00
7631,315613776,3.00
7632,83060392419,0.10
7633,277321179970,0.70
7634,72697461961,10.20
7635,1425911958,1.20
7636,199895486317,0.00
7637,7112728738,4.30
7638,199895486317,0.00
7639,199895486317,0.00
7640,199895486317,0.00
7641,79569824489,0.20
7642,83060392419,0.10
7643,3270594067,4.60
7644,47581177533,0.60
7645,199895486317,0.00
7646,199895486317,0.00
7647,612378653,2.00
7648,199895486317,0.00
7649,199895486317,0.00
7650,199895486317,0.00
7651,85766066235,0.30
7652,199895486317,0.00
7653,199895486317,0.00
7654,85766066235,0.30
7655,85766066235,0.30
7656,135642539710,0.90
7657,43603266,600.90
7658,20293370,1524.10
7659,282289224917,0.50
7660,135642539710,0.90
7661,3726971114,2.70
7662,21583966163,129.00
7663,10482536530,6.30
7664,50135993310,39.80
7665,315613776,3.00
7666,199895486317,0.00
7667,50413093,1421.80
7668,199895486317,0.00
7669,199895486317,0.00
7670,199895486317,0.00
7671,199895486317,0.00
7672,199895486317,0.00
7673,199895486317,0.00
7674,199895486317,0.00
7675,315613776,3.00
7676,199895486317,0.00
7677,199895486317,0.00
7678,47581177533,0.60
7679,199895486317,0.00
7680,3134113128,1.10
7681,15121573459,5.10
7682,83060392419,0.10
7683,199895486317,0.00
7684,85766066235,0.30
7685,57721885,466.90
7686,315613776,3.00
7687,315613776,3.00
7688,1675465947,6.00
7689,79569824489,0.20
7690,83060392419,0.10
7691,79569824489,0.20
7692,199895486317,0.00
7693,108521213829,1.00
7694,315613776,3.00
7695,199895486317,0.00
7696,282289224917,0.50
7697,85766066235,0.30
7698,28413649056,42.00
7699,199895486317,0.00
7700,612378653,2.00
7701,612378653,2.00
7702,199895486317,0.00
7703,2237290763,1.60
7704,612378653,2.00
7705,199895486317,0.00
7706,199895486317,0.00
7707,1532140042,2.10
7708,2237290763,1.60
7709,7923519665,3.40
7710,199895486317,0.00
7711,12277133107,3.80
7712,79569824489,0.20
7713,79569824489,0.20
7714,199895486317,0.00
7715,1425911958,1.20
7716,154726356527,0.80
7717,199895486317,0.00
7718,79569824489,0.20
7719,47581177533,0.60
7720,199895486317,0.00
7721,199895486317,0.00
7722,83060392419,0.10
7723,199895486317,0.00
7724,108521213829,1.00
7725,199895486317,0.00
7726,199895486317,0.00
7727,199895486317,0.00
7728,199895486317,0.00
7729,99642770649,23.10
7730,199895486317,0.00
7731,154726356527,0.80
7732,1197856636,4.00
7733,12693824986,8.30
7734,199895486317,0.00
7735,30647026,1028.10
7736,83060392419,0.10
7737,3601999651,3.60
7738,49915350810,20.10
7739,199895486317,0.00
7740,3601999651,3.60
7741,199895486317,0.00
7742,282289224917,0.50
7743,199895486317,0.00
7744,199895486317,0.00
7745,199895486317,0.00
7746,315613776,3.00
7747,135642539710,0.90
7748,199895486317,0.00
7749,199895486317,0.00
7750,199895486317,0.00
7751,7593169253,3.90
7752,37492499024,11.40
7753,64781199,2093.50
7754,199895486317,0.00
7755,199895486317,0.00
7756,47581177533,0.60
7757,199895486317,0.00
7758,1557673766,1.50
7759,30661195,490.60
7760,199895486317,0.00
7761,277321179970,0.70
7762,199895486317,0.00
7763,47581177533,0.60
7764,199895486317,0.00
7765,199895486317,0.00
7766,277321179970,0.70
7767,79569824489,0.20
7768,199895486317,0.00
7769,66884817,1768.80
7770,1197856636,4.00
7771,199895486317,0.00
7772,199895486317,0.00
7773,199895486317,0.00
7774,218375499,236.60
7775,3726971114,2.70
7776,199895486317,0.00
7777,9641957339,20.00
7778,199895486317,0.00
7779,199895486317,0.00
7780,108521213829,1.00
7781,1675465947,6.00
7782,98233698473,8.70
7783,199895486317,0.00
7784,199895486317,0.00
7785,199895486317,0.00
7786,1557810541,1.30
7787,199895486317,0.00
7788,199895486317,0.00
7789,10968702294,20.60
7790,166877214,257.20
7791,3134113128,1.10
7792,1197856636,4.00
7793,199895486317,0.00
7794,199895486317,0.00
7795,315613776,3.00
7796,20367337115,6.90
7797,108521213829,1.00
7798,47581177533,0.60
7799,85766066235,0.30
7800,21219569716,12.00
7801,70663957,458.60
7802,199895486317,0.00
7803,108521213829,1.00
7804,199895486317,0.00
7805,199895486317,0.00
7806,199895486317,0.00
7807,79714264225,9.90
7808,83060392419,0.10
7809,50501566726,34.80
7810,199895486317,0.00
7811,83060392419,0.10
7812,3603100504,5.00
7813,110078433,807.20
7814,282289224917,0.50
7815,77791545,279.30
7816,1776078533,159.60
7817,199895486317,0.00
7818,108521213829,1.00
7819,3603100504,5.00
7820,199895486317,0.00
7821,83060392419,0.10
7822,72249202862,50.00
7823,199895486317,0.00
7824,199895486317,0.00
7825,199895486317,0.00
7826,199895486317,0.00
7827,315613776,3.00
7828,105960502,567.20
7829,2807654629,187.70
7830,199895486317,0.00
7831,79569824489,0.20
7832,199895486317,0.00
7833,199895486317,0.00
7834,199895486317,0.00
7835,23884562715,16.00
7836,199895486317,0.00
7837,21371096260,6.40
7838,199895486317,0.00
7839,199895486317,0.00
7840,199895486317,0.00
7841,85766066235,0.30
7842,199895486317,0.00
7843,83060392419,0.10
7844,199895486317,0.00
7845,4777061,2301.00
7846,3134113128,1.10
7847,199895486317,0.00
7848,79569824489,0.20
7849,4900725713,1.80
7850,110666708,711.00
7851,108901885,591.10
7852,199895486317,0.00
7853,83060392419,0.10
7854,1877036231,3.20
7855,161891119086,32.90
7856,85766066235,0.30
7857,199895486317,0.00
7858,612378653,2.00
7859,83060392419,0.10
7860,30041449631,4.80
7861,150593102,272.90
7862,47581177533,0.60
7863,79569824489,0.20
7864,125251130881,0.40
7865,3601999651,3.60
7866,199895486317,0.00
7867,199895486317,0.00
7868,199895486317,0.00
7869,282289224917,0.50
7870,315613776,3.00
7871,125251130881,0.40
7872,199895486317,0.00
7873,199895486317,0.00
7874,83060392419,0.10
7875,199895486317,0.00
7876,199895486317,0.00
7877,12277133107,3.80
7878,47581177533,0.60
7879,199895486317,0.00
7880,199895486317,0.00
7881,199895486317,0.00
7882,199895486317,0.00
7883,79569824489,0.20
7884,79569824489,0.20
7885,199895486317,0.00
7886,2072511162,1.40
7887,199895486317,0.00
7888,277321179970,0.70
7889,1557810541,1.30
7890,1532140042,2.10
7891,315613776,3.00
7892,199895486317,0.00
7893,199895486317,0.00
7894,125251130881,0.40
7895,47581177533,0.60
7896,199895486317,0.00
7897,1570313220,174.70
7898,199895486317,0.00
7899,199895486317,0.00
7900,85766066235,0.30
7901,1557810541,1.30
7902,83060392419,0.10
7903,30294963120,55.80
7904,47581177533,0.60
7905,108521213829,1.00
7906,199895486317,0.00
7907,125251130881,0.40
7908,9288228424,113.10
7909,199895486317,0.00
7910,8998473,1084.80
7911,199895486317,0.00
7912,199895486317,0.00
7913,51824959,1037.00
7914,108521213829,1.00
7915,1557810541,1.30
7916,85766066235,0.30
7917,199895486317,0.00
7918,199895486317,0.00
7919,612378653,2.00
7920,4057206188,143.00
7921,199895486317,0.00
7922,1520918505,1.70
7923,199895486317,0.00
7924,199895486317,0.00
7925,79569824489,0.20
7926,12842118880,6.50
7927,5899738755,1.90
7928,71530688567,28.30
7929,199895486317,0.00
7930,85766066235,0.30
7931,1557810541,1.30
7932,91857582,369.50
7933,199895486317,0.00
7934,199895486317,0.00
7935,612378653,2.00
7936,53236821,1494.80
7937,199895486317,0.00
7938,199895486317,0.00
7939,168056711023,30.20
7940,47581177533,0.60
7941,199895486317,0.00
7942,2624243096,2.30
7943,47581177533,0.60
7944,85766066235,0.30
7945,199895486317,0.00
7946,199895486317,0.00
7947,199895486317,0.00
7948,14582029004,115.20
7949,199895486317,0.00
7950,47581177533,0.60
7951,199895486317,0.00
7952,79569824489,0.20
7953,186617674,249.70
7954,199895486317,0.00
7955,199895486317,0.00
7956,79569824489,0.20
7957,114443476408,58.70
7958,58898438,658.00
7959,612378653,2.00
7960,1425911958,1.20
7961,125251130881,0.40
7962,125251130881,0.40
7963,47581177533,0.60
7964,1197856636,4.00
7965,6820702048,4.20
7966,199895486317,0.00
7967,199895486317,0.00
7968,22425333,2025.80
7969,21837060,909.90
7970,47581177533,0.60
7971,1675465947,6.00
7972,199895486317,0.00
7973,199895486317,0.00
7974,199895486317,0.00
7975,12842118880,6.50
7976,199895486317,0.00
7977,57579677366,21.60
7978,48897751,480.00
7979,199895486317,0.00
7980,199895486317,0.00
7981,199895486317,0.00
7982,1557810541,1.30
7983,199895486317,0.00
7984,1425911958,1.20
7985,125251130881,0.40
7986,29887542561,120.20
7987,79569824489,0.20
7988,199895486317,0.00
7989,199895486317,0.00
7990,277321179970,0.70
7991,199895486317,0.00
7992,199895486317,0.00
7993,108521213829,1.00
7994,199895486317,0.00
7995,85766066235,0.30
7996,199895486317,0.00
7997,199895486317,0.00
7998,199895486317,0.00
7999,125251130881,0.40
8000,2722576770,2.40
8001,79569824489,0.20
8002,199895486317,0.00
8003,199895486317,0.00
8004,37720507,573.40
8005,199895486317,0.00
8006,154726356527,0.80
8007,199895486317,0.00
8008,199895486317,0.00
8009,199895486317,0.00
8010,1557810541,1.30
8011,1675465947,6.00
8012,199895486317,0.00
8013,73017058,691.90
8014,154726356527,0.80
8015,108521213829,1.00
8016,108521213829,1.00
8017,199895486317,0.00
8018,135642539710,0.90
8019,108521213829,1.00
8020,66164290,320.40
8021,47581177533,0.60
8022,68310855,439.70
8023,199895486317,0.00
8024,199895486317,0.00
8025,1425911958,1.20
8026,612378653,2.00
8027,199895486317,0.00
8028,199895486317,0.00
8029,9483267,600.50
8030,125251130881,0.40
8031,199895486317,0.00
8032,4900725713,1.80
8033,125251130881,0.40
8034,108521213829,1.00
8035,75958436,753.00
8036,79569824489,0.20
8037,199895486317,0.00
8038,199895486317,0.00
8039,199895486317,0.00
8040,199895486317,0.00
8041,199895486317,0.00
8042,125251130881,0.40
8043,38334587382,60.00
8044,199895486317,0.00
8045,199895486317,0.00
8046,11892078165,30.00
8047,135642539710,0.90
8048,110916190,3855.40
8049,47581177533,0.60
8050,199895486317,0.00
8051,199895486317,0.00
8052,282289224917,0.50
8053,47581177533,0.60
8054,315613776,3.00
8055,199895486317,0.00
8056,1197856636,4.00
8057,199895486317,0.00
8058,612378653,2.00
8059,1557810541,1.30
8060,612378653,2.00
8061,199895486317,0.00
8062,77709092,1094.80
8063,43014992,2813.60
8064,1675465947,6.00
8065,65503466226,11.20
8066,2237290763,1.60
8067,199895486317,0.00
8068,199895486317,0.00
8069,1675465947,6.00
8070,199895486317,0.00
8071,4513717882,3.30
8072,199895486317,0.00
8073,85766066235,0.30
8074,79569824489,0.20
8075,85766066235,0.30
8076,154726356527,0.80
8077,51839127,981.50
8078,14466990022,40.00
8079,199895486317,0.00
8080,199895486317,0.00
8081,35353231,1409.30
8082,83060392419,0.10
8083,83060392419,0.10
8084,199895486317,0.00
8085,2624243096,2.30
8086,199895486317,0.00
8087,199895486317,0.00
8088,199895486317,0.00
8089,282289224917,0.50
8090,199895486317,0.00
8091,1197856636,4.00
8092,199895486317,0.00
8093,199895486317,0.00
8094,612378653,2.00
8095,199895486317,0.00
8096,5899738755,1.90
8097,85766066235,0.30
8098,199895486317,0.00
8099,109177312091,22.50
8100,85766066235,0.30
8101,199895486317,0.00
8102,13929842199,10.20
8103,108521213829,1.00
8104,135642539710,0.90
8105,108521213829,1.00
8106,199895486317,0.00
8107,199895486317,0.00
8108,108521213829,1.00
8109,10968702294,20.60
8110,47581177533,0.60
8111,12763441,1508.30
8112,83060392419,0.10
8113,3603100504,5.00
8114,199895486317,0.00
8115,199895486317,0.00
8116,1532140042,2.10
8117,1425911958,1.20
8118,47581177533,0.60
8119,199895486317,0.00
8120,199895486317,0.00
8121,5953609,477.90
8122,14189476,945.80
8123,85766066235,0.30
8124,199895486317,0.00
8125,108521213829,1.00
8126,199895486317,0.00
8127,199895486317,0.00
8128,1197856636,4.00
8129,199895486317,0.00
8130,2920269406,3.10
8131,199895486317,0.00
8132,199895486317,0.00
8133,27131545,2224.50
8134,108521213829,1.00
8135,199895486317,0.00
8136,1520918505,1.70
8137,79569824489,0.20
8138,199895486317,0.00
8139,1557673766,1.50
8140,282289224917,0.50
8141,199895486317,0.00
8142,85766066235,0.30
8143,36913030063,18.00
8144,135642539710,0.90
8145,199895486317,0.00
8146,199895486317,0.00
8147,612378653,2.00
8148,199895486317,0.00
8149,3726971114,2.70
8150,125251130881,0.40
8151,108521213829,1.00
8152,125251130881,0.40
8153,199895486317,0.00
8154,199895486317,0.00
8155,199895486317,0.00
8156,9981756909,4.40
8157,2072511162,1.40
8158,108521213829,1.00
8159,282289224917,0.50
8160,1197856636,4.00
8161,79569824489,0.20
8162,1425911958,1.20
8163,199895486317,0.00
8164,4945097404,2.50
8165,13700045294,7.50
8166,3671113205,2.60
8167,9981756909,4.40
8168,37492499024,11.40
8169,52427406,2213.70
8170,199895486317,0.00
8171,199895486317,0.00
8172,199895486317,0.00
8173,277321179970,0.70
8174,85766066235,0.30
8175,199895486317,0.00
8176,135642539710,0.90
8177,199895486317,0.00
8178,315613776,3.00
8179,1557810541,1.30
8180,1557673766,1.50
8181,199895486317,0.00
8182,19752750180,5.20
8183,79569824489,0.20
8184,79569824489,0.20
8185,199895486317,0.00
8186,35817625326,33.70
8187,199895486317,0.00
8188,199895486317,0.00
8189,86547684,408.60
8190,47581177533,0.60
8191,199895486317,0.00
8192,199895486317,0.00
8193,199895486317,0.00
8194,199895486317,0.00
8195,1425911958,1.20
8196,108521213829,1.00
8197,1557810541,1.30
8198,199895486317,0.00
8199,3601999651,3.60
8200,4513717882,3.30
8201,199895486317,0.00
8202,79569824489,0.20
8203,117890421476,13.30
8204,199895486317,0.00
8205,199895486317,0.00
8206,108521213829,1.00
8207,199895486317,0.00
8208,79569824489,0.20
8209,15121573459,5.10
8210,48597820,292.00
8211,1877036231,3.20
8212,36294473,1020.40
8213,135642539710,0.90
8214,612378653,2.00
8215,9641957339,20.00
8216,199895486317,0.00
8217,85766066235,0.30
8218,47581177533,0.60
8219,2957124586,2.20
8220,612378653,2.00
8221,1765202099,10.00
8222,199895486317,0.00
8223,2072511162,1.40
8224,199895486317,0.00
8225,135642539710,0.90
8226,315613776,3.00
8227,199895486317,0.00
8228,47581177533,0.60
8229,79569824489,0.20
8230,199895486317,0.00
8231,125251130881,0.40
8232,199895486317,0.00
8233,199895486317,0.00
8234,277321179970,0.70
8235,9043223493,4.10
8236,108521213829,1.00
8237,108521213829,1.00
8238,199895486317,0.00
8239,125251130881,0.40
8240,199895486317,0.00
8241,47581177533,0.60
8242,25912479,1371.50
8243,199895486317,0.00
8244,199895486317,0.00
8245,199895486317,0.00
8246,199895486317,0.00
8247,199895486317,0.00
8248,199895486317,0.00
8249,2072511162,1.40
8250,612378653,2.00
8251,3270594067,4.60
8252,2624243096,2.30
8253,53603952,522.10
8254,199895486317,0.00
8255,135642539710,0.90
8256,83060392419,0.10
8257,199895486317,0.00
8258,1425911958,1.20
8259,50039995,5000.00
8260,282289224917,0.50
8261,108521213829,1.00
8262,79569824489,0.20
8263,199895486317,0.00
8264,199895486317,0.00
8265,199895486317,0.00
8266,199895486317,0.00
8267,282289224917,0.50
8268,1197856636,4.00
8269,199895486317,0.00
8270,612378653,2.00
8271,199895486317,0.00
8272,3671113205,2.60
8273,199895486317,0.00
8274,79569824489,0.20
8275,1197856636,4.00
8276,21219569716,12.00
8277,10072498781,76.40
8278,68310848,757.80
8279,199895486317,0.00
8280,8878349862,139.30
8281,11892078165,30.00
8282,199895486317,0.00
8283,199895486317,0.00
8284,199895486317,0.00
8285,1532140042,2.10
8286,199895486317,0.00
8287,199895486317,0.00
8288,108521213829,1.00
8289,2072511162,1.40
8290,50039995,5000.00
8291,101843018,405.90
8292,79569824489,0.20
8293,199895486317,0.00
8294,125251130881,0.40
8295,108521213829,1.00
8296,85766066235,0.30
8297,199895486317,0.00
8298,30072921,884.20
8299,154726356527,0.80
8300,199895486317,0.00
8301,282289224917,0.50
8302,135642539710,0.90
8303,19178406868,15.00
8304,154726356527,0.80
8305,199895486317,0.00
8306,3601999651,3.60
8307,108521213829,1.00
8308,2920269406,3.10
8309,612378653,2.00
8310,199895486317,0.00
8311,1557673766,1.50
8312,1425911958,1.20
8313,2237290763,1.60
8314,199895486317,0.00
8315,199895486317,0.00
8316,315613776,3.00
8317,47581177533,0.60
8318,6812533058,3.70
8319,199895486317,0.00
8320,199895486317,0.00
8321,612378653,2.00
8322,3671113205,2.60
8323,199895486317,0.00
8324,79569824489,0.20
8325,1520918505,1.70
8326,199895486317,0.00
8327,612378653,2.00
8328,1557673766,1.50
8329,3603100504,5.00
8330,199895486317,0.00
8331,125251130881,0.40
8332,108521213829,1.00
8333,125251130881,0.40
8334,4945097404,2.50
8335,199895486317,0.00
8336,199895486317,0.00
8337,135642539710,0.90
8338,199895486317,0.00
8339,1877036231,3.20
8340,79569824489,0.20
8341,199895486317,0.00
8342,612378653,2.00
8343,199895486317,0.00
8344,199895486317,0.00
8345,9043223493,4.10
8346,2920269406,3.10
8347,199895486317,0.00
8348,7813758320,5.80
8349,199895486317,0.00
8350,199895486317,0.00
8351,612378653,2.00
8352,1532140042,2.10
8353,612378653,2.00
8354,7923519665,3.40
8355,315613776,3.00
8356,114784643,662.30
8357,199895486317,0.00
8358,21067141627,20.40
8359,315613776,3.00
8360,11332752623,10.30
8361,199895486317,0.00
8362,199895486317,0.00
8363,2585565885,187.20
8364,199895486317,0.00
8365,47581177533,0.60
8366,58406878498,13.90
8367,31814297765,14.00
8368,199895486317,0.00
8369,11239432591,6.10
8370,7112728738,4.30
8371,10482536530,6.30
8372,13601197,719.10
8373,154726356527,0.80
8374,199895486317,0.00
8375,84194296,832.40
8376,199895486317,0.00
8377,199895486317,0.00
8378,1557810541,1.30
8379,199895486317,0.00
8380,199895486317,0.00
8381,199895486317,0.00
8382,108521213829,1.00
8383,13700045294,7.50
8384,199895486317,0.00
8385,199895486317,0.00
8386,108521213829,1.00
8387,1425911958,1.20
8388,11332752623,10.30
8389,199895486317,0.00
8390,199895486317,0.00
8391,612378653,2.00
8392,199895486317,0.00
8393,114696776826,15.70
8394,199895486317,0.00
8395,20148387950,10.50
8396,199895486317,0.00
8397,199895486317,0.00
8398,199895486317,0.00
8399,17884656458,5.60
8400,612378653,2.00
8401,135642539710,0.90
8402,10968702294,20.60
8403,199895486317,0.00
8404,199895486317,0.00
8405,4900725713,1.80
8406,71840507,2236.00
8407,79569824489,0.20
8408,85766066235,0.30
8409,199895486317,0.00
8410,154726356527,0.80
8411,3601999651,3.60
8412,199895486317,0.00
8413,1425911958,1.20
8414,17940266,1068.30
8415,79569824489,0.20
8416,4945097404,2.50
8417,27778891394,6.70
8418,199895486317,0.00
8419,22123477,265.50
8420,85766066235,0.30
8421,9812967858,5.70
8422,83060392419,0.10
8423,47581177533,0.60
8424,282289224917,0.50
8425,199895486317,0.00
8426,5116601228,162.20
8427,199895486317,0.00
8428,85766066235,0.30
8429,315613776,3.00
8430,5899738755,1.90
8431,199895486317,0.00
8432,47581177533,0.60
8433,4945097404,2.50
8434,154726356527,0.80
8435,7112728738,4.30
8436,199895486317,0.00
8437,79569824489,0.20
8438,612378653,2.00
8439,282289224917,0.50
8440,199895486317,0.00
8441,68395648,347.80
8442,120706130,330.90
8443,199895486317,0.00
8444,282289224917,0.50
8445,199895486317,0.00
8446,199895486317,0.00
8447,199895486317,0.00
8448,1425911958,1.20
8449,199895486317,0.00
8450,199895486317,0.00
8451,94783263,733.50
8452,83060392419,0.10
8453,199895486317,0.00
8454,199895486317,0.00
8455,17884656458,5.60
8456,125251130881,0.40
8457,7923519665,3.40
8458,1557673766,1.50
8459,1557673766,1.50
8460,113817301633,25.10
8461,12693824986,8.30
8462,85766066235,0.30
8463,199895486317,0.00
8464,199895486317,0.00
8465,16411402392,20.20
8466,199895486317,0.00
8467,125251130881,0.40
8468,125251130881,0.40
8469,79569824489,0.20
8470,199895486317,0.00
8471,199895486317,0.00
8472,612378653,2.00
8473,199895486317,0.00
8474,108521213829,1.00
8475,199895486317,0.00
8476,47581177533,0.60
8477,282289224917,0.50
8478,199895486317,0.00
8479,52138900067,38.90
8480,199895486317,0.00
8481,79569824489,0.20
8482,199895486317,0.00
8483,199895486317,0.00
8484,199895486317,0.00
8485,199895486317,0.00
8486,79569824489,0.20
8487,199895486317,0.00
8488,199895486317,0.00
8489,277321179970,0.70
8490,79569824489,0.20
8491,135642539710,0.90
8492,82429469,534.50
8493,199895486317,0.00
8494,282289224917,0.50
8495,199895486317,0.00
8496,199895486317,0.00
8497,199895486317,0.00
8498,85766066235,0.30
8499,199895486317,0.00
8500,277321179970,0.70
8501,199895486317,0.00
8502,282289224917,0.50
8503,79488090,2637.30
8504,154726356527,0.80
8505,79569824489,0.20
8506,60074986,766.40
8507,315613776,3.00
8508,199895486317,0.00
8509,14466990022,40.00
8510,6227699868,3.50
8511,199895486317,0.00
8512,199895486317,0.00
8513,612378653,2.00
8514,1520918505,1.70
8515,108521213829,1.00
8516,47581177533,0.60
8517,199895486317,0.00
8518,282289224917,0.50
8519,83060392419,0.10
8520,199895486317,0.00
8521,83060392419,0.10
8522,199895486317,0.00
8523,199895486317,0.00
8524,83060392419,0.10
8525,277321179970,0.70
8526,612378653,2.00
8527,199895486317,0.00
8528,199895486317,0.00
8529,612378653,2.00
8530,612378653,2.00
8531,199895486317,0.00
8532,135642539710,0.90
8533,6812533058,3.70
8534,277321179970,0.70
8535,38897062,684.30
8536,4513717882,3.30
8537,199895486317,0.00
8538,42384201,1264.20
8539,199895486317,0.00
8540,1557673766,1.50
8541,154726356527,0.80
8542,104783955,2937.90
8543,199895486317,0.00
8544,199895486317,0.00
8545,47581177533,0.60
8546,27096115,715.20
8547,135642539710,0.90
8548,199895486317,0.00
8549,199895486317,0.00
8550,199895486317,0.00
8551,612378653,2.00
8552,1765202099,10.00
8553,199895486317,0.00
8554,10048017542,2.80
8555,199895486317,0.00
8556,282289224917,0.50
8557,15121573459,5.10
8558,199895486317,0.00
8559,121540274278,41.80
8560,1675465947,6.00
8561,199895486317,0.00
8562,47581177533,0.60
8563,125251130881,0.40
8564,199895486317,0.00
8565,199895486317,0.00
8566,1425911958,1.20
8567,199895486317,0.00
8568,4583016053,9.00
8569,25140541553,7.60
8570,199895486317,0.00
8571,85766066235,0.30
8572,282289224917,0.50
8573,83060392419,0.10
8574,47581177533,0.60
8575,53603958,765.40
8576,85766066235,0.30
8577,199895486317,0.00
8578,199895486317,0.00
8579,199895486317,0.00
8580,83606023,4865.40
8581,282289224917,0.50
8582,51250851,2400.00
8583,83060392419,0.10
8584,612378653,2.00
8585,69993511755,94.00
8586,24528959,1138.10
8587,199895486317,0.00
8588,199895486317,0.00
8589,44415177043,12.80
8590,8306713,2613.30
8591,199895486317,0.00
8592,89003988,1171.40
8593,79569824489,0.20
8594,199895486317,0.00
8595,47581177533,0.60
8596,612378653,2.00
8597,1557673766,1.50
8598,199895486317,0.00
8599,199895486317,0.00
8600,8530634511,6.60
8601,199895486317,0.00
8602,94317090162,35.00
8603,612378653,2.00
8604,199895486317,0.00
8605,199895486317,0.00
8606,199895486317,0.00
8607,47581177533,0.60
8608,1557810541,1.30
8609,124213177949,38.10
8610,9939718,1268.40
8611,612378653,2.00
8612,199895486317,0.00
8613,199895486317,0.00
8614,199895486317,0.00
8615,199895486317,0.00
8616,199895486317,0.00
8617,199895486317,0.00
8618,1557673766,1.50
8619,79569824489,0.20
8620,33000132,1897.40
8621,84782571,651.80
8622,15121573459,5.10
8623,154726356527,0.80
8624,199895486317,0.00
8625,8306715,428.00
8626,85766066235,0.30
8627,199895486317,0.00
8628,108521213829,1.00
8629,2920269406,3.10
8630,83060392419,0.10
8631,199895486317,0.00
8632,21067141627,20.40
8633,75370158,557.10
8634,199895486317,0.00
8635,47581177533,0.60
8636,87121506,1442.90
8637,3603100504,5.00
8638,17884656458,5.60
8639,108521213829,1.00
8640,85766066235,0.30
8641,47581177533,0.60
8642,4396518058,2.90
8643,1425911958,1.20
8644,199895486317,0.00
8645,119491231,408.80
8646,12277133107,3.80
8647,47721197,2327.60
8648,199895486317,0.00
8649,199895486317,0.00
8650,83060392419,0.10
8651,199895486317,0.00
8652,83060392419,0.10
8653,199895486317,0.00
8654,199895486317,0.00
8655,277321179970,0.70
8656,40149241,258.70
8657,199895486317,0.00
8658,3726971114,2.70
8659,85766066235,0.30
8660,108521213829,1.00
8661,199895486317,0.00
8662,612378653,2.00
8663,1557673766,1.50
8664,655089386,155.50
8665,2722576770,2.40
8666,199895486317,0.00
8667,2920269406,3.10
8668,199895486317,0.00
8669,55368779,2417.40
8670,125251130881,0.40
8671,79569824489,0.20
8672,199895486317,0.00
8673,9311098138,8.00
8674,50662574,2327.40
8675,199895486317,0.00
8676,108521213829,1.00
8677,86547403,2474.50
8678,199895486317,0.00
8679,199895486317,0.00
8680,22425338,442.20
8681,1197856636,4.00
8682,199895486317,0.00
8683,199895486317,0.00
8684,79569824489,0.20
8685,83060392419,0.10
8686,1675465947,6.00
8687,612378653,2.00
8688,100321166943,33.50
8689,85766066235,0.30
8690,3270594067,4.60
8691,199895486317,0.00
8692,199895486317,0.00
8693,36543953,562.40
8694,1557673766,1.50
8695,1520918505,1.70
8696,199895486317,0.00
8697,111843933,402.90
8698,282289224917,0.50
8699,4513717882,3.30
8700,160499474440,17.00
8701,199895486317,0.00
8702,79569824489,0.20
8703,4900725713,1.80
8704,199895486317,0.00
8705,108521213829,1.00
8706,199895486317,0.00
8707,199895486317,0.00
8708,19178406868,15.00
8709,17940270,1727.50
8710,47581177533,0.60
8711,199895486317,0.00
8712,87121505,1467.00
8713,199895486317,0.00
8714,277321179970,0.70
8715,199895486317,0.00
8716,5899738755,1.90
8717,1557810541,1.30
8718,79569824489,0.20
8719,199895486317,0.00
8720,47581177533,0.60
8721,199895486317,0.00
8722,4900725713,1.80
8723,199895486317,0.00
8724,199895486317,0.00
8725,83060392419,0.10
8726,199895486317,0.00
8727,1532140042,2.10
8728,199895486317,0.00
8729,1425911958,1.20
8730,2572858323,189.80
8731,85766066235,0.30
8732,50039995,5000.00
8733,2237290763,1.60
8734,199895486317,0.00
8735,199895486317,0.00
8736,199895486317,0.00
8737,62649234,1248.40
8738,7593169253,3.90
8739,612378653,2.00
8740,85766066235,0.30
8741,47581177533,0.60
8742,199895486317,0.00
8743,5899738755,1.90
8744,199895486317,0.00
8745,199895486317,0.00
8746,85766066235,0.30
8747,1557810541,1.30
8748,75826612,1880.80
8749,79569824489,0.20
8750,45183723666,65.80
8751,47581177533,0.60
8752,199895486317,0.00
8753,199895486317,0.00
8754,199895486317,0.00
8755,32058890,1713.70
8756,282289224917,0.50
8757,83060392419,0.10
8758,199895486317,0.00
8759,2696622653,191.30
8760,199895486317,0.00
8761,11124190561,11.00
8762,79569824489,0.20
8763,9043223493,4.10
8764,45396539076,10.60
8765,2237290763,1.60
8766,199895486317,0.00
8767,199895486317,0.00
8768,1557810541,1.30
8769,108521213829,1.00
8770,42412542,1736.90
8771,85766066235,0.30
8772,108521213829,1.00
8773,85766066235,0.30
8774,79569824489,0.20
8775,199895486317,0.00
8776,199895486317,0.00
8777,24058335,1827.10
8778,2237290763,1.60
8779,125251130881,0.40
8780,612378653,2.00
8781,199895486317,0.00
8782,47581177533,0.60
8783,79569824489,0.20
8784,1877036231,3.20
8785,199895486317,0.00
8786,199895486317,0.00
8787,4945097404,2.50
8788,79569824489,0.20
8789,199895486317,0.00
8790,79569824489,0.20
8791,199895486317,0.00
8792,199895486317,0.00
8793,199895486317,0.00
8794,47581177533,0.60
8795,85766066235,0.30
8796,199895486317,0.00
8797,4945097404,2.50
8798,108521213829,1.00
8799,1532140042,2.10
8800,199895486317,0.00
8801,199895486317,0.00
8802,80822700117,33.00
8803,199895486317,0.00
8804,379850425,227.40
8805,315613776,3.00
8806,79569824489,0.20
8807,199895486317,0.00
8808,199895486317,0.00
8809,282289224917,0.50
8810,47581177533,0.60
8811,15717767961,65.10
8812,199895486317,0.00
8813,1557810541,1.30
8814,1675465947,6.00
8815,1197856636,4.00
8816,85766066235,0.30
8817,9981756909,4.40
8818,199895486317,0.00
8819,79569824489,0.20
8820,50074297,2067.80
8821,199895486317,0.00
8822,1197856636,4.00
8823,199895486317,0.00
8824,135642539710,0.90
8825,135642539710,0.90
8826,79569824489,0.20
8827,277321179970,0.70
8828,85766066235,0.30
8829,199895486317,0.00
8830,3603100504,5.00
8831,44191538,4238.40
8832,199895486317,0.00
8833,30041449631,4.80
8834,199895486317,0.00
8835,85766066235,0.30
8836,154726356527,0.80
8837,1532140042,2.10
8838,199895486317,0.00
8839,199895486317,0.00
8840,199895486317,0.00
8841,199895486317,0.00
8842,15165278392,10.10
8843,199895486317,0.00
8844,199895486317,0.00
8845,1765202099,10.00
8846,199895486317,0.00
8847,199895486317,0.00
8848,199895486317,0.00
8849,4513717882,3.30
8850,45183723666,65.80
8851,125251130881,0.40
8852,199895486317,0.00
8853,612378653,2.00
8854,21947915464,8.50
8855,199895486317,0.00
8856,46177507,1323.40
8857,199895486317,0.00
8858,1765202099,10.00
8859,83060392419,0.10
8860,315613776,3.00
8861,82461006285,17.80
8862,2957124586,2.20
8863,199895486317,0.00
8864,1425911958,1.20
8865,129848988620,9.60
8866,47581177533,0.60
8867,28125286813,113.40
8868,41250161,2848.90
8869,277321179970,0.70
8870,199895486317,0.00
8871,199895486317,0.00
8872,85766066235,0.30
8873,135642539710,0.90
8874,199895486317,0.00
8875,1675465947,6.00
8876,23884562715,16.00
8877,199895486317,0.00
8878,199895486317,0.00
8879,79569824489,0.20
8880,125251130881,0.40
8881,125251130881,0.40
8882,7813758320,5.80
8883,199895486317,0.00
8884,199895486317,0.00
8885,199895486317,0.00
8886,29484643,707.60
8887,199895486317,0.00
8888,5911100,1342.00
8889,110078433,2865.30
8890,47581177533,0.60
8891,47581177533,0.60
8892,612378653,2.00
8893,199895486317,0.00
8894,79569824489,0.20
8895,47581177533,0.60
8896,135642539710,0.90
8897,199895486317,0.00
8898,1557810541,1.30
8899,678133015,161.70
8900,4900725713,1.80
8901,199895486317,0.00
8902,47581177533,0.60
8903,83060392419,0.10
8904,50074310,432.10
8905,85766066235,0.30
8906,83060392419,0.10
8907,199895486317,0.00
8908,1675465947,6.00
8909,3134113128,1.10
8910,199895486317,0.00
8911,135642539710,0.90
8912,47581177533,0.60
8913,199895486317,0.00
8914,135642539710,0.90
8915,199895486317,0.00
8916,199895486317,0.00
8917,612378653,2.00
8918,199895486317,0.00
8919,1675465947,6.00
8920,70972802,278.00
8921,49471853,1379.30
8922,1425911958,1.20
8923,79569824489,0.20
8924,199895486317,0.00
8925,57098184,659.30
8926,199895486317,0.00
8927,10048017542,2.80
8928,199895486317,0.00
8929,125251130881,0.40
8930,199895486317,0.00
8931,199895486317,0.00
8932,199895486317,0.00
8933,125251130881,0.40
8934,199895486317,0.00
8935,199895486317,0.00
8936,199895486317,0.00
8937,154726356527,0.80
8938,199895486317,0.00
8939,199895486317,0.00
8940,1557810541,1.30
8941,199895486317,0.00
8942,31814297765,14.00
8943,48794261,3256.80
8944,199895486317,0.00
8945,125251130881,0.40
8946,85766066235,0.30
8947,199895486317,0.00
8948,22646473,1521.10
8949,2957124586,2.20
8950,83060392419,0.10
8951,85766066235,0.30
8952,199895486317,0.00
8953,85766066235,0.30
8954,19851089,3148.20
8955,1557810541,1.30
8956,85766066235,0.30
8957,4900725713,1.80
8958,199895486317,0.00
8959,135642539710,0.90
8960,85766066235,0.30
8961,199895486317,0.00
8962,1520918505,1.70
8963,1425911958,1.20
8964,199895486317,0.00
8965,199895486317,0.00
8966,85766066235,0.30
8967,47581177533,0.60
8968,199895486317,0.00
8969,199895486317,0.00
8970,108521213829,1.00
8971,199895486317,0.00
8972,108521213829,1.00
8973,28213173621,124.80
8974,199895486317,0.00
8975,86180266,1941.30
8976,43366337561,71.40
8977,1197856636,4.00
8978,45956372,763.40
8979,83060392419,0.10
8980,199895486317,0.00
8981,27131541,2413.80
8982,3671113205,2.60
8983,612378653,2.00
8984,85370851,951.30
8985,199895486317,0.00
8986,199895486317,0.00
8987,1557810541,1.30
8988,199895486317,0.00
8989,199895486317,0.00
8990,1877036231,3.20
8991,11892078165,30.00
8992,199895486317,0.00
8993,125251130881,0.40
8994,14645924,1405.70
8995,199895486317,0.00
8996,44193520,383.30
8997,79569824489,0.20
8998,199895486317,0.00
8999,39338486937,6.80
9000,2072511162,1.40
9001,6812533058,3.70
9002,199895486317,0.00
9003,199895486317,0.00
9004,199895486317,0.00
9005,79569824489,0.20
9006,315613776,3.00
9007,108521213829,1.00
9008,3270594067,4.60
9009,199895486317,0.00
9010,79569824489,0.20
9011,41471303,1601.60
9012,135642539710,0.90
9013,9311098138,8.00
9014,315613776,3.00
9015,12693824986,8.30
9016,47581177533,0.60
9017,113276530446,62.50
9018,199895486317,0.00
9019,20148387950,10.50
9020,199895486317,0.00
9021,85766066235,0.30
9022,79569824489,0.20
9023,199895486317,0.00
9024,199895486317,0.00
9025,199895486317,0.00
9026,1520918505,1.70
9027,1532140042,2.10
9028,199895486317,0.00
9029,199895486317,0.00
9030,199895486317,0.00
9031,31814297765,14.00
9032,199895486317,0.00
9033,199895486317,0.00
9034,83060392419,0.10
9035,199895486317,0.00
9036,54277446262,92.10
9037,108521213829,1.00
9038,83060392419,0.10
9039,47581177533,0.60
9040,16542579,872.70
9041,199895486317,0.00
9042,199895486317,0.00
9043,199895486317,0.00
9044,85766066235,0.30
9045,85766066235,0.30
9046,199895486317,0.00
9047,83060392419,0.10
9048,4945097404,2.50
9049,4900725713,1.80
9050,199895486317,0.00
9051,13700045294,7.50
9052,199895486317,0.00
9053,199895486317,0.00
9054,2957124586,2.20
9055,199895486317,0.00
9056,79569824489,0.20
9057,199895486317,0.00
9058,199895486317,0.00
9059,1425911958,1.20
9060,199895486317,0.00
9061,85766066235,0.30
9062,315613776,3.00
9063,47581177533,0.60
9064,125251130881,0.40
9065,85766066235,0.30
9066,199895486317,0.00
9067,199895486317,0.00
9068,199895486317,0.00
9069,2237290763,1.60
9070,199895486317,0.00
9071,199895486317,0.00
9072,199895486317,0.00
9073,67134301,2698.60
9074,199895486317,0.00
9075,199895486317,0.00
9076,199895486317,0.00
9077,83060392419,0.10
9078,37492499024,11.40
9079,4583016053,9.00
9080,612378653,2.00
9081,199895486317,0.00
9082,199895486317,0.00
9083,79569824489,0.20
9084,199895486317,0.00
9085,199895486317,0.00
9086,4900725713,1.80
9087,47581177533,0.60
9088,83060392419,0.10
9089,199895486317,0.00
9090,199895486317,0.00
9091,199895486317,0.00
9092,79569824489,0.20
9093,199895486317,0.00
9094,199895486317,0.00
9095,50662574,494.40
9096,125251130881,0.40
9097,2237290763,1.60
9098,199895486317,0.00
9099,85766066235,0.30
9100,199895486317,0.00
9101,1520918505,1.70
9102,199895486317,0.00
9103,199895486317,0.00
9104,199895486317,0.00
9105,199895486317,0.00
9106,125251130881,0.40
9107,199895486317,0.00
9108,1532140042,2.10
9109,154726356527,0.80
9110,315613776,3.00
9111,85766066235,0.30
9112,115961195,495.50
9113,7813758320,5.80
9114,79569824489,0.20
9115,108521213829,1.00
9116,87121508,1835.30
9117,199895486317,0.00
9118,612378653,2.00
9119,79569824489,0.20
9120,36765093,1001.20
9121,199895486317,0.00
9122,1532140042,2.10
9123,17804763446,5.30
9124,199895486317,0.00
9125,1520918505,1.70
9126,83060392419,0.10
9127,1197856636,4.00
9128,199895486317,0.00
9129,199895486317,0.00
9130,199895486317,0.00
9131,199895486317,0.00
9132,49102971578,13.70
9133,315613776,3.00
9134,199895486317,0.00
9135,199895486317,0.00
9136,79569824489,0.20
9137,199895486317,0.00
9138,49001234,1067.60
9139,85766066235,0.30
9140,58898446,435.80
9141,199895486317,0.00
9142,28972271474,7.30
9143,85766066235,0.30
9144,125251130881,0.40
9145,85766066235,0.30
9146,125251130881,0.40
9147,199895486317,0.00
9148,199895486317,0.00
9149,11332752623,10.30
9150,199895486317,0.00
9151,32434589436,21.90
9152,199895486317,0.00
9153,3603100504,5.00
9154,79569824489,0.20
9155,199895486317,0.00
9156,612378653,2.00
9157,199895486317,0.00
9158,199895486317,0.00
9159,34411990,1464.50
9160,8530634511,6.60
9161,41834023,353.60
9162,47581177533,0.60
9163,199895486317,0.00
9164,35955680,2209.80
9165,91253609,581.60
9166,78179713,1186.80
9167,199895486317,0.00
9168,282289224917,0.50
9169,199895486317,0.00
9170,282289224917,0.50
9171,199895486317,0.00
9172,4396518058,2.90
9173,1675465947,6.00
9174,1532140042,2.10
9175,21219569716,12.00
9176,16425131247,4.50
9177,120080213,398.90
9178,6820702048,4.20
9179,1425911958,1.20
9180,79569824489,0.20
9181,199895486317,0.00
9182,85766066235,0.30
9183,199895486317,0.00
9184,199895486317,0.00
9185,199895486317,0.00
9186,199895486317,0.00
9187,1468200622,163.70
9188,125251130881,0.40
9189,3134113128,1.10
9190,83060392419,0.10
9191,199895486317,0.00
9192,16294207,274.90
9193,282289224917,0.50
9194,1167454099,195.20
9195,199895486317,0.00
9196,85766066235,0.30
9197,199895486317,0.00
9198,199895486317,0.00
9199,55160056777,11.80
9200,47581177533,0.60
9201,32434589436,21.90
9202,1557673766,1.50
9203,108521213829,1.00
9204,39338486937,6.80
9205,199895486317,0.00
9206,199895486317,0.00
9207,199895486317,0.00
9208,2237290763,1.60
9209,47581177533,0.60
9210,199895486317,0.00
9211,9641957339,20.00
9212,199895486317,0.00
9213,315613776,3.00
9214,315613776,3.00
9215,315613776,3.00
9216,199895486317,0.00
9217,1557810541,1.30
9218,83060392419,0.10
9219,79569824489,0.20
9220,1557673766,1.50
9221,199895486317,0.00
9222,199895486317,0.00
9223,199895486317,0.00
9224,199895486317,0.00
9225,199895486317,0.00
9226,199895486317,0.00
9227,199895486317,0.00
9228,51839421,403.30
9229,199895486317,0.00
9230,46160835625,110.30
9231,135642539710,0.90
9232,63016367,601.40
9233,9007782297,5.50
9234,199895486317,0.00
9235,199895486317,0.00
9236,85766066235,0.30
9237,100666020,546.00
9238,85766066235,0.30
9239,108521213829,1.00
9240,3671113205,2.60
9241,50039995,5000.00
9242,199895486317,0.00
9243,9441494623,94.80
9244,47581177533,0.60
9245,199895486317,0.00
9246,199895486317,0.00
9247,1425911958,1.20
9248,50039995,5000.00
9249,13707961911,7.00
9250,154726356527,0.80
9251,47581177533,0.60
9252,1197856636,4.00
9253,10418238950,7.20
9254,199895486317,0.00
9255,125251130881,0.40
9256,125251130881,0.40
9257,1765202099,10.00
9258,199895486317,0.00
9259,85766066235,0.30
9260,199895486317,0.00
9261,277321179970,0.70
9262,79569824489,0.20
9263,85766066235,0.30
9264,199895486317,0.00
9265,199895486317,0.00
9266,199895486317,0.00
9267,199895486317,0.00
9268,79569824489,0.20
9269,282289224917,0.50
9270,199895486317,0.00
9271,199895486317,0.00
9272,1557810541,1.30
9273,282289224917,0.50
9274,1197856636,4.00
9275,79569824489,0.20
9276,9043223493,4.10
9277,199895486317,0.00
9278,85766066235,0.30
9279,199895486317,0.00
9280,85766066235,0.30
9281,199895486317,0.00
9282,199895486317,0.00
9283,1557810541,1.30
9284,199895486317,0.00
9285,199895486317,0.00
9286,199895486317,0.00
9287,1675465947,6.00
9288,199895486317,0.00
9289,79569824489,0.20
9290,1520918505,1.70
9291,47581177533,0.60
9292,199895486317,0.00
9293,199895486317,0.00
9294,33019680,370.00
9295,199895486317,0.00
9296,199895486317,0.00
9297,199895486317,0.00
9298,23884562715,16.00
9299,135642539710,0.90
9300,199895486317,0.00
9301,1675465947,6.00
9302,2072511162,1.40
9303,612378653,2.00
9304,282289224917,0.50
9305,199895486317,0.00
9306,50039995,5000.00
9307,100666028,441.20
9308,199895486317,0.00
9309,199895486317,0.00
9310,85766066235,0.30
9311,199895486317,0.00
9312,135642539710,0.90
9313,65232229670,8.10
9314,199895486317,0.00
9315,108521213829,1.00
9316,199895486317,0.00
9317,79569824489,0.20
9318,85766066235,0.30
9319,199895486317,0.00
9320,4945097404,2.50
9321,199895486317,0.00
9322,199895486317,0.00
9323,199895486317,0.00
9324,199895486317,0.00
9325,44765646,1816.30
9326,282289224917,0.50
9327,2722576770,2.40
9328,55957103,421.80
9329,199895486317,0.00
9330,199895486317,0.00
9331,125251130881,0.40
9332,199895486317,0.00
9333,47581177533,0.60
9334,1675465947,6.00
9335,199895486317,0.00
9336,1557810541,1.30
9337,79569824489,0.20
9338,85766066235,0.30
9339,199895486317,0.00
9340,199895486317,0.00
9341,135642539710,0.90
9342,4396518058,2.90
9343,199895486317,0.00
9344,108521213829,1.00
9345,1765202099,10.00
9346,199895486317,0.00
9347,47581177533,0.60
9348,199895486317,0.00
9349,199895486317,0.00
9350,199895486317,0.00
9351,199895486317,0.00
9352,199895486317,0.00
9353,4900725713,1.80
9354,199895486317,0.00
9355,4513717882,3.30
9356,199895486317,0.00
9357,9311098138,8.00
9358,135642539710,0.90
9359,3603100504,5.00
9360,40038182,508.60
9361,79569824489,0.20
9362,1557810541,1.30
9363,13012925,968.00
9364,612378653,2.00
9365,4900725713,1.80
9366,55660992876,11.50
9367,199895486317,0.00
9368,199895486317,0.00
9369,108521213829,1.00
9370,199895486317,0.00
9371,77469345107,12.90
9372,199895486317,0.00
9373,79569824489,0.20
9374,612378653,2.00
9375,199895486317,0.00
9376,83060392419,0.10
9377,199895486317,0.00
9378,199895486317,0.00
9379,199895486317,0.00
9380,83060392419,0.10
9381,40661886,739.60
9382,199895486317,0.00
9383,10071541,787.60
9384,49102971578,13.70
9385,2722576770,2.40
9386,125251130881,0.40
9387,199895486317,0.00
9388,199895486317,0.00
9389,199895486317,0.00
9390,85766066235,0.30
9391,85766066235,0.30
9392,199895486317,0.00
9393,199895486317,0.00
9394,108521213829,1.00
9395,1520918505,1.70
9396,199895486317,0.00
9397,1197856636,4.00
9398,282289224917,0.50
9399,199895486317,0.00
9400,199895486317,0.00
9401,199895486317,0.00
9402,135642539710,0.90
9403,612378653,2.00
9404,85766066235,0.30
9405,199895486317,0.00
9406,1557673766,1.50
9407,85766066235,0.30
9408,315613776,3.00
9409,199895486317,0.00
9410,16528407,1147.50
9411,199895486317,0.00
9412,199895486317,0.00
9413,135642539710,0.90
9414,1675465947,6.00
9415,199895486317,0.00
9416,2072511162,1.40
9417,199895486317,0.00
9418,199895486317,0.00
9419,199895486317,0.00
9420,1705861202,197.80
9421,79569824489,0.20
9422,199895486317,0.00
9423,21234614,1607.90
9424,199895486317,0.00
9425,199895486317,0.00
9426,33941369,1283.50
9427,199895486317,0.00
9428,199895486317,0.00
9429,199895486317,0.00
9430,44846804642,17.90
9431,199895486317,0.00
9432,62015441,338.20
9433,199895486317,0.00
9434,85766066235,0.30
9435,79569824489,0.20
9436,47589372,1419.50
9437,1425911958,1.20
9438,199895486317,0.00
9439,199895486317,0.00
9440,1425911958,1.20
9441,199895486317,0.00
9442,199895486317,0.00
9443,83060392419,0.10
9444,85766066235,0.30
9445,51354338,1927.50
9446,1197856636,4.00
9447,3134113128,1.10
9448,25036160316,4.90
9449,50039995,5000.00
9450,199895486317,0.00
9451,1557673766,1.50
9452,199895486317,0.00
9453,199895486317,0.00
9454,25036160316,4.90
9455,2920269406,3.10
9456,199895486317,0.00
9457,135642539710,0.90
9458,11332752623,10.30
9459,108521213829,1.00
9460,199895486317,0.00
9461,199895486317,0.00
9462,199895486317,0.00
9463,1765202099,10.00
9464,11124190561,11.00
9465,1197856636,4.00
9466,154726356527,0.80
9467,199895486317,0.00
9468,199895486317,0.00
9469,199895486317,0.00
9470,55464587085,30.30
9471,612378653,2.00
9472,7593169253,3.90
9473,63700428307,87.60
9474,199895486317,0.00
9475,2624243096,2.30
9476,108798401,3703.00
9477,21837058,876.10
9478,199895486317,0.00
9479,612378653,2.00
9480,79569824489,0.20
9481,47581177533,0.60
9482,4900725713,1.80
9483,1557673766,1.50
9484,6820702048,4.20
9485,100666021,860.70
9486,199895486317,0.00
9487,2237290763,1.60
9488,199895486317,0.00
9489,199895486317,0.00
9490,4900725713,1.80
9491,199895486317,0.00
9492,199895486317,0.00
9493,3601999651,3.60
9494,85766066235,0.30
9495,282289224917,0.50
9496,6542587,374.40
9497,199895486317,0.00
9498,135642539710,0.90
9499,79569824489,0.20
9500,199895486317,0.00
9501,5899738755,1.90
9502,1425911958,1.20
9503,199895486317,0.00
9504,282289224917,0.50
9505,199895486317,0.00
9506,18881510,1094.70
9507,104195676,2434.80
9508,1877036231,3.20
9509,1557810541,1.30
9510,10418238950,7.20
9511,1994488082,189.00
9512,3603100504,5.00
9513,108521213829,1.00
9514,108521213829,1.00
9515,114784642,2458.20
9516,282289224917,0.50
9517,612378653,2.00
9518,199895486317,0.00
9519,199895486317,0.00
9520,17884656458,5.60
9521,199895486317,0.00
9522,37872821726,10.80
9523,31494680737,12.70
9524,41250159,2111.00
9525,44644701841,38.80
9526,19752750180,5.20
9527,199895486317,0.00
9528,199895486317,0.00
9529,199895486317,0.00
9530,199895486317,0.00
9531,85766066235,0.30
9532,25140541553,7.60
9533,315613776,3.00
9534,282289224917,0.50
9535,199895486317,0.00
9536,199895486317,0.00
9537,135642539710,0.90
9538,199895486317,0.00
9539,135642539710,0.90
9540,199895486317,0.00
9541,79569824489,0.20
9542,282289224917,0.50
9543,199895486317,0.00
9544,199895486317,0.00
9545,50039995,5000.00
9546,50039995,5000.00
9547,199895486317,0.00
9548,1425911958,1.20
9549,125251130881,0.40
9550,11239432591,6.10
9551,1765202099,10.00
9552,199895486317,0.00
9553,199895486317,0.00
9554,83060392419,0.10
9555,199895486317,0.00
9556,47581177533,0.60
9557,199895486317,0.00
9558,612378653,2.00
9559,14108646997,138.30
9560,18559571033,5.40
9561,1675465947,6.00
9562,282289224917,0.50
9563,11239432591,6.10
9564,315613776,3.00
9565,22682930489,41.00
9566,199895486317,0.00
9567,199895486317,0.00
9568,3601999651,3.60
9569,154726356527,0.80
9570,22501561197,9.10
9571,199895486317,0.00
9572,237013437,220.30
9573,612378653,2.00
9574,199895486317,0.00
9575,28972271474,7.30
9576,1877036231,3.20
9577,47581177533,0.60
9578,199895486317,0.00
9579,199895486317,0.00
9580,12277133107,3.80
9581,199895486317,0.00
9582,612378653,2.00
9583,135642539710,0.90
9584,199895486317,0.00
9585,199895486317,0.00
9586,199895486317,0.00
9587,2072511162,1.40
9588,6174750,1330.30
9589,282289224917,0.50
9590,277321179970,0.70
9591,11124190561,11.00
9592,28293922,1714.90
9593,12277133107,3.80
9594,282289224917,0.50
9595,199895486317,0.00
9596,41701171416,8.20
9597,79569824489,0.20
9598,277321179970,0.70
9599,5997252767,6.20
9600,1520918505,1.70
9601,125251130881,0.40
9602,135642539710,0.90
9603,1675465947,6.00
9604,199895486317,0.00
9605,125251130881,0.40
9606,199895486317,0.00
9607,199895486317,0.00
9608,125251130881,0.40
9609,85766066235,0.30
9610,1765202099,10.00
9611,612378653,2.00
9612,199895486317,0.00
9613,199895486317,0.00
9614,79569824489,0.20
9615,199895486317,0.00
9616,76767850,1209.20
9617,199895486317,0.00
9618,83060392419,0.10
9619,79569824489,0.20
9620,21248805191,7.40
9621,99149478340,11.30
9622,199895486317,0.00
9623,315613776,3.00
9624,315613776,3.00
9625,78899819,655.30
9626,19178406868,15.00
9627,199895486317,0.00
9628,154726356527,0.80
9629,199895486317,0.00
9630,37760185623,12.20
9631,199895486317,0.00
9632,47581177533,0.60
9633,199895486317,0.00
9634,199895486317,0.00
9635,7112728738,4.30
9636,199895486317,0.00
9637,277321179970,0.70
9638,199895486317,0.00
9639,1425911958,1.20
9640,1425911958,1.20
9641,108521213829,1.00
9642,199895486317,0.00
9643,6227699868,3.50
9644,85766066235,0.30
9645,612378653,2.00
9646,199895486317,0.00
9647,306657905,244.50
9648,3671113205,2.60
9649,104783954,458.50
9650,199895486317,0.00
9651,199895486317,0.00
9652,199895486317,0.00
9653,199895486317,0.00
9654,199895486317,0.00
9655,135642539710,0.90
9656,11239432591,6.10
9657,199895486317,0.00
9658,199895486317,0.00
9659,79569824489,0.20
9660,199895486317,0.00
9661,133835210,286.20
9662,315613776,3.00
9663,108521213829,1.00
9664,199895486317,0.00
9665,12842118880,6.50
9666,199895486317,0.00
9667,83060392419,0.10
9668,125251130881,0.40
9669,3603100504,5.00
9670,47581177533,0.60
9671,3603100504,5.00
9672,199895486317,0.00
9673,199895486317,0.00
9674,83060392419,0.10
9675,199895486317,0.00
9676,85766066235,0.30
9677,1197856636,4.00
9678,199895486317,0.00
9679,199895486317,0.00
9680,79569824489,0.20
9681,199895486317,0.00
9682,47581177533,0.60
9683,63551922,267.40
9684,199895486317,0.00
9685,2624243096,2.30
9686,199895486317,0.00
9687,199895486317,0.00
9688,199895486317,0.00
9689,99254310359,31.40
9690,1765202099,10.00
9691,83060392419,0.10
9692,199895486317,0.00
9693,2072511162,1.40
9694,199895486317,0.00
9695,199895486317,0.00
9696,199895486317,0.00
9697,54780505,2018.60
9698,50039995,5000.00
9699,47581177533,0.60
9700,199895486317,0.00
9701,2957124586,2.20
9702,4396518058,2.90
9703,1197856636,4.00
9704,199895486317,0.00
9705,199895486317,0.00
9706,199895486317,0.00
9707,97475162,1294.40
9708,199895486317,0.00
9709,50939209355,10.70
9710,85766066235,0.30
9711,199895486317,0.00
9712,199895486317,0.00
9713,11124190561,11.00
9714,11124190561,11.00
9715,1425911958,1.20
9716,1765202099,10.00
9717,13707961911,7.00
9718,43824408,1292.70
9719,315613776,3.00
9720,282289224917,0.50
9721,83060392419,0.10
9722,125251130881,0.40
9723,199895486317,0.00
9724,199895486317,0.00
9725,80062197,1255.60
9726,67148472,3350.30
9727,54648678,1120.30
9728,199895486317,0.00
9729,199895486317,0.00
9730,199895486317,0.00
9731,282289224917,0.50
9732,7923519665,3.40
9733,199895486317,0.00
9734,199895486317,0.00
9735,199895486317,0.00
9736,47581177533,0.60
9737,199895486317,0.00
9738,92298335,1211.90
9739,199895486317,0.00
9740,135642539710,0.90
9741,85766066235,0.30
9742,199895486317,0.00
9743,199895486317,0.00
9744,199895486317,0.00
9745,199895486317,0.00
9746,199895486317,0.00
9747,199895486317,0.00
9748,199895486317,0.00
9749,199895486317,0.00
9750,216801728977,16.90
9751,121843952,2874.20
9752,41834023,353.60
9753,199895486317,0.00
9754,8910642856,123.50
9755,6820702048,4.20
9756,83060392419,0.10
9757,1425911958,1.20
9758,55368779,802.50
9759,199895486317,0.00
9760,199895486317,0.00
9761,79569824489,0.20
9762,199895486317,0.00
9763,135642539710,0.90
9764,57721884,2308.90
9765,282289224917,0.50
9766,85766066235,0.30
9767,47581177533,0.60
9768,4513717882,3.30
9769,31249472,608.00
9770,50039995,5000.00
9771,47581177533,0.60
9772,612378653,2.00
9773,1557673766,1.50
9774,9641957339,20.00
9775,199895486317,0.00
9776,199895486317,0.00
9777,199895486317,0.00
9778,1557810541,1.30
9779,199895486317,0.00
9780,54780508,2533.30
9781,154726356527,0.80
9782,1197856636,4.00
9783,108521213829,1.00
9784,17686039,372.20
9785,20148387950,10.50
9786,125251130881,0.40
9787,3671113205,2.60
9788,2237290763,1.60
9789,199895486317,0.00
9790,199895486317,0.00
9791,199895486317,0.00
9792,13700045294,7.50
9793,199895486317,0.00
9794,154726356527,0.80
9795,89669341561,85.00
9796,199895486317,0.00
9797,12842118880,6.50
9798,108521213829,1.00
9799,125251130881,0.40
9800,199895486317,0.00
9801,79569824489,0.20
9802,3134113128,1.10
9803,199895486317,0.00
9804,15165278392,10.10
9805,4583016053,9.00
9806,199895486317,0.00
9807,199895486317,0.00
9808,199895486317,0.00
9809,85766066235,0.30
9810,109490167,449.50
9811,1532140042,2.10
9812,199895486317,0.00
9813,135642539710,0.90
9814,16321438,3801.90
9815,612378653,2.00
9816,199895486317,0.00
9817,199895486317,0.00
9818,47581177533,0.60
9819,9007782297,5.50
9820,79569824489,0.20
9821,85766066235,0.30
9822,85766066235,0.30
9823,79569824489,0.20
9824,135642539710,0.90
9825,91827715,1569.50
9826,199895486317,0.00
9827,612378653,2.00
9828,135642539710,0.90
9829,199895486317,0.00
9830,199895486317,0.00
9831,125251130881,0.40
9832,17804763446,5.30
9833,199895486317,0.00
9834,199895486317,0.00
9835,103421716,334.40
9836,199895486317,0.00
9837,199895486317,0.00
9838,85766066235,0.30
9839,282289224917,0.50
9840,7112728738,4.30
9841,199895486317,0.00
9842,199895486317,0.00
9843,85766066235,0.30
9844,199895486317,0.00
9845,85766066235,0.30
9846,60089160,3451.00
9847,85766066235,0.30
9848,83060392419,0.10
9849,315613776,3.00
9850,199895486317,0.00
9851,85766066235,0.30
9852,4945097404,2.50
9853,199895486317,0.00
9854,199895486317,0.00
9855,199895486317,0.00
9856,199895486317,0.00
9857,199895486317,0.00
9858,199895486317,0.00
9859,1765202099,10.00
9860,85766066235,0.30
9861,32529509,1653.10
9862,10071541,688.60
9863,199895486317,0.00
9864,47581177533,0.60
9865,199895486317,0.00
9866,199895486317,0.00
9867,199895486317,0.00
9868,85710440163,77.90
9869,78749701,313.40
9870,199895486317,0.00
9871,83060392419,0.10
9872,199895486317,0.00
9873,9311098138,8.00
9874,199895486317,0.00
9875,2624243096,2.30
9876,199895486317,0.00
9877,199895486317,0.00
9878,44191544,531.90
9879,199895486317,0.00
9880,2624243096,2.30
9881,47581177533,0.60
9882,47581177533,0.60
9883,36294473,1433.50
9884,199895486317,0.00
9885,199895486317,0.00
9886,199895486317,0.00
9887,199895486317,0.00
9888,135642539710,0.90
9889,1557673766,1.50
9890,199895486317,0.00
9891,6812533058,3.70
9892,199895486317,0.00
9893,199895486317,0.00
9894,199895486317,0.00
9895,2386394256,190.50
9896,199895486317,0.00
9897,199895486317,0.00
9898,282289224917,0.50
9899,282289224917,0.50
9900,1425911958,1.20
9901,199895486317,0.00
9902,4513717882,3.30
9903,199895486317,0.00
9904,4900725713,1.80
9905,108521213829,1.00
9906,85766066235,0.30
9907,199895486317,0.00
9908,25227543010,21.00
9909,83060392419,0.10
9910,1425911958,1.20
9911,199895486317,0.00
9912,199895486317,0.00
9913,612378653,2.00
9914,199895486317,0.00
9915,83060392419,0.10
9916,79569824489,0.20
9917,32434589436,21.90
9918,199895486317,0.00
9919,74885371,1039.50
9920,199895486317,0.00
9921,199895486317,0.00
9922,199895486317,0.00
9923,199895486317,0.00
9924,154726356527,0.80
9925,199895486317,0.00
9926,15830235344,6.90
9927,199895486317,0.00
9928,199895486317,0.00
9929,199895486317,0.00
9930,199895486317,0.00
9931,199895486317,0.00
9932,108521213829,1.00
9933,1675465947,6.00
9934,47581177533,0.60
9935,1425911958,1.20
9936,199895486317,0.00
9937,83060392419,0.10
9938,199895486317,0.00
9939,85766066235,0.30
9940,612378653,2.00
9941,83060392419,0.10
9942,199895486317,0.00
9943,315613776,3.00
9944,315613776,3.00
9945,277321179970,0.70
9946,199895486317,0.00
9947,199895486317,0.00
9948,4945097404,2.50
9949,199895486317,0.00
9950,199895486317,0.00
9951,315613776,3.00
9952,2722576770,2.40
9953,108521213829,1.00
9954,199895486317,0.00
9955,199895486317,0.00
9956,129335485248,61.10
9957,83060392419,0.10
9958,199895486317,0.00
9959,199895486317,0.00
9960,199895486317,0.00
9961,83060392419,0.10
9962,199895486317,0.00
9963,199895486317,0.00
9964,9311098138,8.00
9965,199895486317,0.00
9966,154726356527,0.80
9967,277321179970,0.70
9968,48769824004,84.30
9969,125251130881,0.40
9970,199895486317,0.00
9971,42426711,477.60
9972,108521213829,1.00
9973,199895486317,0.00
9974,199895486317,0.00
9975,1557673766,1.50
9976,612378653,2.00
9977,9311098138,8.00
9978,125251130881,0.40
9979,199895486317,0.00
9980,85766066235,0.30
9981,1557673766,1.50
9982,2237290763,1.60
9983,199895486317,0.00
9984,1557810541,1.30
9985,10048017542,2.80
9986,1765202099,10.00
9987,199895486317,0.00
9988,199895486317,0.00
9989,1197856636,4.00
9990,199895486317,0.00
9991,108521213829,1.00
9992,83060392419,0.10
9993,199895486317,0.00
9994,199895486317,0.00
9995,199895486317,0.00
9996,199895486317,0.00
9997,199895486317,0.00
9998,108521213829,1.00
9999,199895486317,0.00
