Name,Pig10
Score,0.36626
LockedUpRTP,
Rtp,0.9699999993786319
Win Ranges
0,0.1,1 in 1.410
0.1,1,1 in 4.213
1,2,1 in 42.616
2,3,1 in 990.041
3,5,1 in 524.265
5,10,1 in 226.862
10,20,1 in 105.290
20,50,1 in 111.790
50,100,1 in 304.965
100,200,1 in 1302.301
200,500,1 in 36588.308
500,1000,1 in 94144.677
1000,2000,1 in 118189.623
2000,3000,1 in 242626.278
3000,5001,1 in 181221.430
Distribution
0,199895486317,0.00
1,34764476733,0.60
2,50039995,5000.00
3,2835484791,2.40
4,11164776665,3.90
5,246396345579,0.90
6,2835484791,2.40
7,101928997749,1.00
8,199895486317,0.00
9,62238172679,0.20
10,34764476733,0.60
11,1133679013,3.20
12,199895486317,0.00
13,62238172679,0.20
14,199895486317,0.00
15,163472865191,0.40
16,199895486317,0.00
17,199895486317,0.00
18,34764476733,0.60
19,1680609208,4.00
20,62238172679,0.20
21,199895486317,0.00
22,34764476733,0.60
23,199895486317,0.00
24,972151566,1.30
25,101928997749,1.00
26,7068858213,6.30
27,101928997749,1.00
28,199895486317,0.00
29,199895486317,0.00
30,602338736,1.20
31,199895486317,0.00
32,44540036415,0.30
33,455429765,3.00
34,1282146231,1.50
35,163472865191,0.40
36,199895486317,0.00
37,22476453308,8.20
38,36948154,2302.30
39,199895486317,0.00
40,199895486317,0.00
41,199895486317,0.00
42,62238172679,0.20
43,199895486317,0.00
44,76914928942,22.30
45,44540036415,0.30
46,71477526622,0.50
47,343415361,2.00
48,101928997749,1.00
49,246396345579,0.90
50,44540036415,0.30
51,199895486317,0.00
52,199895486317,0.00
53,44540036415,0.30
54,76511023,372.50
55,199895486317,0.00
56,1282146231,1.50
57,199895486317,0.00
58,11815230216,130.40
59,62238172679,0.20
60,6809361608,4.60
61,199895486317,0.00
62,199895486317,0.00
63,7080090989,1.90
64,199895486317,0.00
65,246396345579,0.90
66,199895486317,0.00
67,31139708803,14.00
68,5386150675,3.70
69,358986793175,0.80
70,199895486317,0.00
71,6500781118,151.50
72,11529917142,7.00
73,199895486317,0.00
74,148283881641,0.10
75,199895486317,0.00
76,44540036415,0.30
77,42229718522,18.00
78,199895486317,0.00
79,199895486317,0.00
80,199895486317,0.00
81,62642390,3773.50
82,62238172679,0.20
83,77678311,3631.80
84,199895486317,0.00
85,59284132,4166.20
86,42123579,551.90
87,2703468428,1.10
88,2061540558,2.30
89,34764476733,0.60
90,199895486317,0.00
91,47026599,2569.00
92,246396345579,0.90
93,199895486317,0.00
94,199895486317,0.00
95,306220722428,0.70
96,455429765,3.00
97,199895486317,0.00
98,44540036415,0.30
99,62238172679,0.20
100,246396345579,0.90
101,163472865191,0.40
102,358986793175,0.80
103,77081911504,26.50
104,602338736,1.20
105,59284148,513.10
106,34764476733,0.60
107,1746989723,6.00
108,1746989723,6.00
109,602338736,1.20
110,44540036415,0.30
111,199895486317,0.00
112,343415361,2.00
113,199895486317,0.00
114,199895486317,0.00
115,602338736,1.20
116,199895486317,0.00
117,199895486317,0.00
118,199895486317,0.00
119,34764476733,0.60
120,199895486317,0.00
121,199895486317,0.00
122,199895486317,0.00
123,199895486317,0.00
124,8001736986,4.40
125,44540036415,0.30
126,343415361,2.00
127,199895486317,0.00
128,44540036415,0.30
129,63644917,407.70
130,48247104025,12.80
131,1282146231,1.50
132,44540036415,0.30
133,26736559938,116.90
134,199895486317,0.00
135,199895486317,0.00
136,199895486317,0.00
137,602338736,1.20
138,199895486317,0.00
139,65276722,891.50
140,10494720658,123.60
141,163472865191,0.40
142,199895486317,0.00
143,1133679013,3.20
144,31519745,1588.30
145,62238172679,0.20
146,66911049,844.70
147,2806707425,1.40
148,62238172679,0.20
149,306220722428,0.70
150,343415361,2.00
151,51855748,3182.90
152,199895486317,0.00
153,199895486317,0.00
154,343415361,2.00
155,62238172679,0.20
156,148283881641,0.10
157,199895486317,0.00
158,101928997749,1.00
159,199895486317,0.00
160,4812552406,2.60
161,199895486317,0.00
162,36996591,898.70
163,45119871,872.00
164,62238172679,0.20
165,44540036415,0.30
166,44540036415,0.30
167,199895486317,0.00
168,199895486317,0.00
169,199895486317,0.00
170,1680609208,4.00
171,1680609208,4.00
172,199895486317,0.00
173,101928997749,1.00
174,67180172869,30.80
175,3245708999,3.10
176,199895486317,0.00
177,199895486317,0.00
178,199895486317,0.00
179,358986793175,0.80
180,71477526622,0.50
181,199895486317,0.00
182,199895486317,0.00
183,44540036415,0.30
184,199895486317,0.00
185,199895486317,0.00
186,9332603762,6.90
187,199895486317,0.00
188,199895486317,0.00
189,199895486317,0.00
190,199895486317,0.00
191,199895486317,0.00
192,199895486317,0.00
193,199895486317,0.00
194,101928997749,1.00
195,44540036415,0.30
196,199895486317,0.00
197,199895486317,0.00
198,199895486317,0.00
199,199895486317,0.00
200,199895486317,0.00
201,199895486317,0.00
202,199895486317,0.00
203,199895486317,0.00
204,199895486317,0.00
205,3550368100,2.90
206,199895486317,0.00
207,31136066994,72.60
208,2392440899,9.00
209,132236358059,9.70
210,62238172679,0.20
211,199895486317,0.00
212,199895486317,0.00
213,1680609208,4.00
214,148283881641,0.10
215,199895486317,0.00
216,9125012774,4.50
217,148283881641,0.10
218,358986793175,0.80
219,57922181,605.00
220,44540036415,0.30
221,62238172679,0.20
222,199895486317,0.00
223,2765384257,5.00
224,75627527,4069.40
225,65911073,3727.40
226,44540036415,0.30
227,48934054,418.30
228,199895486317,0.00
229,358986793175,0.80
230,199895486317,0.00
231,35508091381,8.40
232,199895486317,0.00
233,199895486317,0.00
234,199895486317,0.00
235,246396345579,0.90
236,163472865191,0.40
237,199895486317,0.00
238,199895486317,0.00
239,42940744,2420.50
240,199895486317,0.00
241,199895486317,0.00
242,62238172679,0.20
243,199895486317,0.00
244,148283881641,0.10
245,199895486317,0.00
246,199895486317,0.00
247,306220722428,0.70
248,343415361,2.00
249,199895486317,0.00
250,42127917,397.20
251,199895486317,0.00
252,29137514296,10.10
253,199895486317,0.00
254,306220722428,0.70
255,602338736,1.20
256,163472865191,0.40
257,67728218,553.00
258,199895486317,0.00
259,1362079323,1.60
260,44540036415,0.30
261,62280433,753.80
262,199895486317,0.00
263,2061540558,2.30
264,57853150243,39.10
265,1746989723,6.00
266,199895486317,0.00
267,199895486317,0.00
268,16545492703,11.00
269,199895486317,0.00
270,1746989723,6.00
271,62238172679,0.20
272,148283881641,0.10
273,62238172679,0.20
274,199895486317,0.00
275,199895486317,0.00
276,199895486317,0.00
277,6685381110,3.60
278,199895486317,0.00
279,118864273770,23.70
280,199895486317,0.00
281,50039995,5000.00
282,41851174,819.70
283,44540036415,0.30
284,73403630747,52.50
285,101928997749,1.00
286,199895486317,0.00
287,54653505,641.70
288,343415361,2.00
289,62238172679,0.20
290,2765384257,5.00
291,199895486317,0.00
292,163472865191,0.40
293,199895486317,0.00
294,199895486317,0.00
295,455429765,3.00
296,127131702,273.00
297,101928997749,1.00
298,148283881641,0.10
299,972151566,1.30
300,70452130,664.00
301,199895486317,0.00
302,199895486317,0.00
303,455429765,3.00
304,199895486317,0.00
305,199895486317,0.00
306,23513291,677.60
307,602338736,1.20
308,65821502,721.90
309,199895486317,0.00
310,199895486317,0.00
311,602338736,1.20
312,24321874726,4.90
313,199895486317,0.00
314,34764476733,0.60
315,199895486317,0.00
316,26027409838,4.80
317,358986793175,0.80
318,199895486317,0.00
319,34764476733,0.60
320,199895486317,0.00
321,101928997749,1.00
322,46773575,1303.80
323,199895486317,0.00
324,16545492703,11.00
325,34764476733,0.60
326,44013250322,60.00
327,62238172679,0.20
328,199895486317,0.00
329,199895486317,0.00
330,199895486317,0.00
331,34764476733,0.60
332,199895486317,0.00
333,199895486317,0.00
334,199895486317,0.00
335,34764476733,0.60
336,39146660,1441.10
337,71477526622,0.50
338,71477526622,0.50
339,343415361,2.00
340,199895486317,0.00
341,50039995,5000.00
342,163472865191,0.40
343,2392440899,9.00
344,36403387,4158.50
345,602338736,1.20
346,1133679013,3.20
347,199895486317,0.00
348,62238172679,0.20
349,19004437163,20.50
350,199895486317,0.00
351,71477526622,0.50
352,199895486317,0.00
353,2061540558,2.30
354,2963734257,2.20
355,80226979509,35.30
356,199895486317,0.00
357,199895486317,0.00
358,199895486317,0.00
359,2835484791,2.40
360,199895486317,0.00
361,199895486317,0.00
362,199895486317,0.00
363,44540036415,0.30
364,148283881641,0.10
365,199895486317,0.00
366,71477526622,0.50
367,199895486317,0.00
368,199895486317,0.00
369,101928997749,1.00
370,602338736,1.20
371,44540036415,0.30
372,199895486317,0.00
373,2806707425,1.40
374,395194289,231.50
375,199895486317,0.00
376,199895486317,0.00
377,39146650,1473.20
378,1282146231,1.50
379,199895486317,0.00
380,199895486317,0.00
381,199895486317,0.00
382,602338736,1.20
383,199895486317,0.00
384,3550368100,2.90
385,4848141218,30.00
386,42812472,355.70
387,44540036415,0.30
388,1763030528,1.80
389,86950395429,13.90
390,199895486317,0.00
391,343415361,2.00
392,77718970,360.10
393,343415361,2.00
394,4551716580,10.00
395,34764476733,0.60
396,4655625944,169.30
397,199895486317,0.00
398,199895486317,0.00
399,59630384,1275.30
400,199895486317,0.00
401,163472865191,0.40
402,163472865191,0.40
403,62238172679,0.20
404,39138808479,98.40
405,199895486317,0.00
406,246396345579,0.90
407,199895486317,0.00
408,199895486317,0.00
409,246396345579,0.90
410,62238172679,0.20
411,455429765,3.00
412,353537832,247.00
413,34764476733,0.60
414,199895486317,0.00
415,54653499,597.90
416,199895486317,0.00
417,47888820561,46.30
418,4551716580,10.00
419,455429765,3.00
420,44540036415,0.30
421,199895486317,0.00
422,199895486317,0.00
423,199895486317,0.00
424,199895486317,0.00
425,199895486317,0.00
426,31139708803,14.00
427,343415361,2.00
428,602338736,1.20
429,34764476733,0.60
430,1282146231,1.50
431,1362079323,1.60
432,101928997749,1.00
433,199895486317,0.00
434,199895486317,0.00
435,455429765,3.00
436,1763030528,1.80
437,44540036415,0.30
438,2703468428,1.10
439,34764476733,0.60
440,44540036415,0.30
441,199895486317,0.00
442,148283881641,0.10
443,2682972313,163.70
444,199895486317,0.00
445,199895486317,0.00
446,199895486317,0.00
447,199895486317,0.00
448,11529917142,7.00
449,199895486317,0.00
450,199895486317,0.00
451,199895486317,0.00
452,101928997749,1.00
453,54384199,403.90
454,199895486317,0.00
455,972151566,1.30
456,34134686,1899.00
457,34764476733,0.60
458,1565743760,213.00
459,972151566,1.30
460,199895486317,0.00
461,26146577199,43.00
462,199895486317,0.00
463,343415361,2.00
464,199895486317,0.00
465,199895486317,0.00
466,199895486317,0.00
467,8669357934,5.10
468,51567632,1082.00
469,71477526622,0.50
470,199895486317,0.00
471,455429765,3.00
472,199895486317,0.00
473,199895486317,0.00
474,199895486317,0.00
475,66093879,938.80
476,71477526622,0.50
477,199895486317,0.00
478,8715176373,40.00
479,199895486317,0.00
480,65549147,450.60
481,199895486317,0.00
482,71477526622,0.50
483,199895486317,0.00
484,73016690835,72.00
485,3550368100,2.90
486,199895486317,0.00
487,19241208569,7.40
488,199895486317,0.00
489,199895486317,0.00
490,199895486317,0.00
491,199895486317,0.00
492,199895486317,0.00
493,199895486317,0.00
494,44540036415,0.30
495,199895486317,0.00
496,64930472,3659.80
497,199895486317,0.00
498,62552826,998.80
499,199895486317,0.00
500,6877476350,3.40
501,101928997749,1.00
502,71477526622,0.50
503,2835484791,2.40
504,199895486317,0.00
505,199895486317,0.00
506,306220722428,0.70
507,199895486317,0.00
508,148283881641,0.10
509,199895486317,0.00
510,30865997,1368.30
511,1282146231,1.50
512,303717060,241.50
513,11050714593,10.20
514,199895486317,0.00
515,116954525497,23.90
516,199895486317,0.00
517,4164616375,2.50
518,1282146231,1.50
519,199895486317,0.00
520,101928997749,1.00
521,71477526622,0.50
522,51148397,334.50
523,101928997749,1.00
524,2963734257,2.20
525,199895486317,0.00
526,199895486317,0.00
527,199895486317,0.00
528,455429765,3.00
529,199895486317,0.00
530,3104960440,1.70
531,34764476733,0.60
532,44540036415,0.30
533,52438156036,4.70
534,1680609208,4.00
535,199895486317,0.00
536,62238172679,0.20
537,199895486317,0.00
538,306220722428,0.70
539,199895486317,0.00
540,199895486317,0.00
541,44540036415,0.30
542,199895486317,0.00
543,343415361,2.00
544,199895486317,0.00
545,13086030951,143.70
546,148283881641,0.10
547,199895486317,0.00
548,199895486317,0.00
549,199895486317,0.00
550,199895486317,0.00
551,148283881641,0.10
552,44540036415,0.30
553,34764476733,0.60
554,455429765,3.00
555,1680609208,4.00
556,44540036415,0.30
557,3012979824,2.10
558,1282146231,1.50
559,39175965,427.10
560,34764476733,0.60
561,2835484791,2.40
562,11239171989,8.30
563,1763030528,1.80
564,199895486317,0.00
565,4551716580,10.00
566,62238172679,0.20
567,47843769,649.90
568,58938475142,21.40
569,199895486317,0.00
570,1133679013,3.20
571,199895486317,0.00
572,199895486317,0.00
573,2963734257,2.20
574,163472865191,0.40
575,44540036415,0.30
576,199895486317,0.00
577,199895486317,0.00
578,199895486317,0.00
579,19241208569,7.40
580,199895486317,0.00
581,199895486317,0.00
582,199895486317,0.00
583,163472865191,0.40
584,22476453308,8.20
585,199895486317,0.00
586,44540036415,0.30
587,455429765,3.00
588,147677872246,58.50
589,2677807330,4.20
590,34764476733,0.60
591,62238172679,0.20
592,199895486317,0.00
593,4342371353,4.30
594,44540036415,0.30
595,44540036415,0.30
596,62238172679,0.20
597,199895486317,0.00
598,199895486317,0.00
599,148283881641,0.10
600,2677807330,4.20
601,71477526622,0.50
602,44540036415,0.30
603,62238172679,0.20
604,199895486317,0.00
605,199895486317,0.00
606,199895486317,0.00
607,45152752239,21.60
608,101928997749,1.00
609,44540036415,0.30
610,62238172679,0.20
611,306220722428,0.70
612,199895486317,0.00
613,199895486317,0.00
614,101928997749,1.00
615,62238172679,0.20
616,199895486317,0.00
617,3550368100,2.90
618,199895486317,0.00
619,163472865191,0.40
620,358986793175,0.80
621,11328042856,3.50
622,199895486317,0.00
623,44540036415,0.30
624,3245708999,3.10
625,199895486317,0.00
626,92060504,3950.50
627,6518884530,6.50
628,1282146231,1.50
629,199895486317,0.00
630,199895486317,0.00
631,199895486317,0.00
632,55054231,1396.50
633,133093517119,60.10
634,199895486317,0.00
635,199895486317,0.00
636,163472865191,0.40
637,306220722428,0.70
638,199895486317,0.00
639,199895486317,0.00
640,199895486317,0.00
641,199895486317,0.00
642,199895486317,0.00
643,34764476733,0.60
644,1763030528,1.80
645,455429765,3.00
646,199895486317,0.00
647,44540036415,0.30
648,199895486317,0.00
649,4551716580,10.00
650,199895486317,0.00
651,199895486317,0.00
652,3550368100,2.90
653,199895486317,0.00
654,455429765,3.00
655,107474721013,34.70
656,148283881641,0.10
657,199895486317,0.00
658,199895486317,0.00
659,199895486317,0.00
660,62238172679,0.20
661,199895486317,0.00
662,199895486317,0.00
663,199895486317,0.00
664,62238172679,0.20
665,199895486317,0.00
666,199895486317,0.00
667,71477526622,0.50
668,199895486317,0.00
669,44540036415,0.30
670,199895486317,0.00
671,199895486317,0.00
672,199895486317,0.00
673,199895486317,0.00
674,199895486317,0.00
675,199895486317,0.00
676,2392440899,9.00
677,34764476733,0.60
678,2835484791,2.40
679,455429765,3.00
680,34764476733,0.60
681,7290472237,8.00
682,199895486317,0.00
683,6809361608,4.60
684,32908270,366.70
685,602338736,1.20
686,46481815,464.90
687,199895486317,0.00
688,6877476350,3.40
689,1680609208,4.00
690,199895486317,0.00
691,70724759295,47.20
692,3012979824,2.10
693,62238172679,0.20
694,199895486317,0.00
695,163472865191,0.40
696,358986793175,0.80
697,199895486317,0.00
698,455429765,3.00
699,71477526622,0.50
700,11164776665,3.90
701,246396345579,0.90
702,148283881641,0.10
703,1362079323,1.60
704,148283881641,0.10
705,199895486317,0.00
706,199895486317,0.00
707,199895486317,0.00
708,199895486317,0.00
709,199895486317,0.00
710,199895486317,0.00
711,68913341,275.00
712,6809361608,4.60
713,35362003241,23.00
714,199895486317,0.00
715,199895486317,0.00
716,199895486317,0.00
717,151280376802,14.20
718,46322812067,51.90
719,199895486317,0.00
720,2677807330,4.20
721,1746989723,6.00
722,34764476733,0.60
723,199895486317,0.00
724,455429765,3.00
725,199895486317,0.00
726,306220722428,0.70
727,44540036415,0.30
728,199895486317,0.00
729,199895486317,0.00
730,6952771661,2.70
731,62238172679,0.20
732,199895486317,0.00
733,2392440899,9.00
734,455429765,3.00
735,358986793175,0.80
736,306220722428,0.70
737,199895486317,0.00
738,199895486317,0.00
739,163472865191,0.40
740,199895486317,0.00
741,7080090989,1.90
742,199895486317,0.00
743,1680609208,4.00
744,455429765,3.00
745,199895486317,0.00
746,87800392617,50.20
747,455429765,3.00
748,199895486317,0.00
749,7080090989,1.90
750,199895486317,0.00
751,62238172679,0.20
752,199895486317,0.00
753,44540036415,0.30
754,53310927,1983.10
755,199895486317,0.00
756,48516873,1076.30
757,199895486317,0.00
758,199895486317,0.00
759,199895486317,0.00
760,199895486317,0.00
761,2806707425,1.40
762,199895486317,0.00
763,199895486317,0.00
764,101928997749,1.00
765,44540036415,0.30
766,199895486317,0.00
767,199895486317,0.00
768,199895486317,0.00
769,100162641047,9.20
770,199895486317,0.00
771,199895486317,0.00
772,199895486317,0.00
773,2392440899,9.00
774,199895486317,0.00
775,163472865191,0.40
776,66884221070,12.10
777,34764476733,0.60
778,306220722428,0.70
779,148283881641,0.10
780,52438156036,4.70
781,16557587014,10.30
782,8292862064,20.00
783,28904790,1004.30
784,199895486317,0.00
785,148283881641,0.10
786,455429765,3.00
787,62238172679,0.20
788,1588394240,3.30
789,36675781,2410.20
790,199895486317,0.00
791,69090172,552.60
792,50938969677,64.30
793,199895486317,0.00
794,199895486317,0.00
795,78286865066,33.60
796,44540036415,0.30
797,62238172679,0.20
798,62238172679,0.20
799,2061540558,2.30
800,39293764735,13.00
801,199895486317,0.00
802,199895486317,0.00
803,163472865191,0.40
804,101928997749,1.00
805,602338736,1.20
806,199895486317,0.00
807,199895486317,0.00
808,602338736,1.20
809,101928997749,1.00
810,199895486317,0.00
811,199895486317,0.00
812,343415361,2.00
813,199895486317,0.00
814,71477526622,0.50
815,199895486317,0.00
816,101928997749,1.00
817,358986793175,0.80
818,71477526622,0.50
819,199895486317,0.00
820,199895486317,0.00
821,44540036415,0.30
822,6877476350,3.40
823,455429765,3.00
824,199895486317,0.00
825,44540036415,0.30
826,199895486317,0.00
827,455429765,3.00
828,415931924,233.30
829,44540036415,0.30
830,199895486317,0.00
831,44540036415,0.30
832,42229718522,18.00
833,2061540558,2.30
834,2703468428,1.10
835,2963734257,2.20
836,2061540558,2.30
837,44540036415,0.30
838,602338736,1.20
839,16545492703,11.00
840,199895486317,0.00
841,50039995,5000.00
842,10731695655,5.70
843,199895486317,0.00
844,199895486317,0.00
845,199895486317,0.00
846,10700883024,2.80
847,8715176373,40.00
848,30683858,414.50
849,343415361,2.00
850,46119836,1092.50
851,148283881641,0.10
852,148283881641,0.10
853,8715176373,40.00
854,2765384257,5.00
855,849566986,224.00
856,101928997749,1.00
857,30284293339,4.90
858,199895486317,0.00
859,3104960440,1.70
860,199895486317,0.00
861,101928997749,1.00
862,38037733,461.80
863,199895486317,0.00
864,602338736,1.20
865,199895486317,0.00
866,199895486317,0.00
867,11050714593,10.20
868,29866031,701.50
869,44540036415,0.30
870,1133679013,3.20
871,602338736,1.20
872,199895486317,0.00
873,199895486317,0.00
874,199895486317,0.00
875,199895486317,0.00
876,148283881641,0.10
877,148283881641,0.10
878,1588394240,3.30
879,199895486317,0.00
880,3012979824,2.10
881,199895486317,0.00
882,34764476733,0.60
883,199895486317,0.00
884,199895486317,0.00
885,2703468428,1.10
886,199895486317,0.00
887,199895486317,0.00
888,199895486317,0.00
889,343415361,2.00
890,2835484791,2.40
891,246396345579,0.90
892,2835484791,2.40
893,41325773,1062.40
894,199895486317,0.00
895,199895486317,0.00
896,62238172679,0.20
897,71477526622,0.50
898,199895486317,0.00
899,199895486317,0.00
900,74265574,712.80
901,54400496,1418.10
902,343415361,2.00
903,62238172679,0.20
904,199895486317,0.00
905,34764476733,0.60
906,148283881641,0.10
907,37403367,1005.50
908,199895486317,0.00
909,358986793175,0.80
910,199895486317,0.00
911,34764476733,0.60
912,199895486317,0.00
913,199895486317,0.00
914,199895486317,0.00
915,43504892,1138.50
916,199895486317,0.00
917,199895486317,0.00
918,199895486317,0.00
919,16878386038,7.20
920,199895486317,0.00
921,199895486317,0.00
922,199895486317,0.00
923,148283881641,0.10
924,44540036415,0.30
925,199895486317,0.00
926,199895486317,0.00
927,44540036415,0.30
928,44540036415,0.30
929,59455729208,46.00
930,1282146231,1.50
931,199895486317,0.00
932,199895486317,0.00
933,199895486317,0.00
934,199895486317,0.00
935,199895486317,0.00
936,79985770,553.80
937,4342371353,4.30
938,199895486317,0.00
939,199895486317,0.00
940,34764476733,0.60
941,1746989723,6.00
942,4164616375,2.50
943,455429765,3.00
944,199895486317,0.00
945,62238172679,0.20
946,199895486317,0.00
947,199895486317,0.00
948,11239171989,8.30
949,6952771661,2.70
950,34764476733,0.60
951,148283881641,0.10
952,199895486317,0.00
953,199895486317,0.00
954,4464820305,6.20
955,44540036415,0.30
956,199895486317,0.00
957,101928997749,1.00
958,199895486317,0.00
959,306220722428,0.70
960,7080090989,1.90
961,199895486317,0.00
962,199895486317,0.00
963,199895486317,0.00
964,199895486317,0.00
965,199895486317,0.00
966,1680609208,4.00
967,34764476733,0.60
968,44540036415,0.30
969,199895486317,0.00
970,47888820561,46.30
971,199895486317,0.00
972,199895486317,0.00
973,199895486317,0.00
974,199895486317,0.00
975,71814066,4038.30
976,199895486317,0.00
977,148283881641,0.10
978,1588394240,3.30
979,199895486317,0.00
980,62238172679,0.20
981,44540036415,0.30
982,199895486317,0.00
983,44540036415,0.30
984,246396345579,0.90
985,199895486317,0.00
986,1282146231,1.50
987,2677807330,4.20
988,44540036415,0.30
989,199895486317,0.00
990,9332603762,6.90
991,358986793175,0.80
992,199895486317,0.00
993,199895486317,0.00
994,199895486317,0.00
995,1746989723,6.00
996,62238172679,0.20
997,199895486317,0.00
998,13959418917,15.00
999,164776732874,22.80
1000,163472865191,0.40
1001,199895486317,0.00
1002,199895486317,0.00
1003,29137514296,10.10
1004,199895486317,0.00
1005,246396345579,0.90
1006,246396345579,0.90
1007,199895486317,0.00
1008,1746989723,6.00
1009,62238172679,0.20
1010,199895486317,0.00
1011,34764476733,0.60
1012,44540036415,0.30
1013,60332730507,85.90
1014,199895486317,0.00
1015,199895486317,0.00
1016,1746989723,6.00
1017,199895486317,0.00
1018,199895486317,0.00
1019,163472865191,0.40
1020,1746989723,6.00
1021,199895486317,0.00
1022,32131245732,8.90
1023,2806707425,1.40
1024,199895486317,0.00
1025,62238172679,0.20
1026,199895486317,0.00
1027,61373671,1020.80
1028,199895486317,0.00
1029,199895486317,0.00
1030,358986793175,0.80
1031,2677807330,4.20
1032,199895486317,0.00
1033,2703468428,1.10
1034,343415361,2.00
1035,199895486317,0.00
1036,199895486317,0.00
1037,2963734257,2.20
1038,199895486317,0.00
1039,101928997749,1.00
1040,163472865191,0.40
1041,101928997749,1.00
1042,199895486317,0.00
1043,62238172679,0.20
1044,199895486317,0.00
1045,602338736,1.20
1046,246396345579,0.90
1047,148283881641,0.10
1048,199895486317,0.00
1049,246396345579,0.90
1050,32864669,401.30
1051,1133679013,3.20
1052,62825199,774.00
1053,52746769,860.00
1054,199895486317,0.00
1055,199895486317,0.00
1056,4551716580,10.00
1057,199895486317,0.00
1058,2835484791,2.40
1059,148283881641,0.10
1060,34764476733,0.60
1061,358986793175,0.80
1062,199895486317,0.00
1063,3675395871,160.10
1064,455429765,3.00
1065,5366279917,147.50
1066,199895486317,0.00
1067,199895486317,0.00
1068,60101310,2297.90
1069,8669357934,5.10
1070,199895486317,0.00
1071,199895486317,0.00
1072,199895486317,0.00
1073,199895486317,0.00
1074,199895486317,0.00
1075,199895486317,0.00
1076,4736455294,3.80
1077,199895486317,0.00
1078,199895486317,0.00
1079,199895486317,0.00
1080,60373702,692.90
1081,199895486317,0.00
1082,199895486317,0.00
1083,199895486317,0.00
1084,199895486317,0.00
1085,3012979824,2.10
1086,199895486317,0.00
1087,19732033956,9.10
1088,199895486317,0.00
1089,455429765,3.00
1090,972151566,1.30
1091,95530723,293.30
1092,199895486317,0.00
1093,199895486317,0.00
1094,17505974162,7.50
1095,60101315,721.30
1096,163472865191,0.40
1097,34352597,1129.90
1098,34764476733,0.60
1099,73720795,4002.60
1100,199895486317,0.00
1101,199895486317,0.00
1102,455429765,3.00
1103,455429765,3.00
1104,199895486317,0.00
1105,199895486317,0.00
1106,455429765,3.00
1107,44540036415,0.30
1108,2806707425,1.40
1109,199895486317,0.00
1110,44540036415,0.30
1111,246396345579,0.90
1112,199895486317,0.00
1113,343415361,2.00
1114,199895486317,0.00
1115,163472865191,0.40
1116,199895486317,0.00
1117,199895486317,0.00
1118,199895486317,0.00
1119,199895486317,0.00
1120,199895486317,0.00
1121,602338736,1.20
1122,199895486317,0.00
1123,48247104025,12.80
1124,199895486317,0.00
1125,22803257,1281.00
1126,199895486317,0.00
1127,44540036415,0.30
1128,34764476733,0.60
1129,280289322,230.80
1130,55743062,4625.90
1131,59705742,324.20
1132,199895486317,0.00
1133,199895486317,0.00
1134,199895486317,0.00
1135,163472865191,0.40
1136,199895486317,0.00
1137,199895486317,0.00
1138,199895486317,0.00
1139,199895486317,0.00
1140,38582513,502.50
1141,2806707425,1.40
1142,199895486317,0.00
1143,306220722428,0.70
1144,34764476733,0.60
1145,199895486317,0.00
1146,71477526622,0.50
1147,199895486317,0.00
1148,199895486317,0.00
1149,199895486317,0.00
1150,199895486317,0.00
1151,199895486317,0.00
1152,44540036415,0.30
1153,10823418976,6.10
1154,199895486317,0.00
1155,199895486317,0.00
1156,199895486317,0.00
1157,199895486317,0.00
1158,199895486317,0.00
1159,58706734,343.30
1160,1588394240,3.30
1161,199895486317,0.00
1162,1746989723,6.00
1163,199895486317,0.00
1164,199895486317,0.00
1165,8715176373,40.00
1166,2061540558,2.30
1167,343415361,2.00
1168,199895486317,0.00
1169,199895486317,0.00
1170,246396345579,0.90
1171,199895486317,0.00
1172,63552793,1328.20
1173,34764476733,0.60
1174,29776435,1993.30
1175,1282146231,1.50
1176,34764476733,0.60
1177,34764476733,0.60
1178,199895486317,0.00
1179,1746989723,6.00
1180,3104960440,1.70
1181,199895486317,0.00
1182,199895486317,0.00
1183,199895486317,0.00
1184,199895486317,0.00
1185,199895486317,0.00
1186,199895486317,0.00
1187,3104960440,1.70
1188,101928997749,1.00
1189,71477526622,0.50
1190,199895486317,0.00
1191,1588394240,3.30
1192,53093027,1219.80
1193,44540036415,0.30
1194,199895486317,0.00
1195,199895486317,0.00
1196,101928997749,1.00
1197,62238172679,0.20
1198,71477526622,0.50
1199,35499763746,17.50
1200,455429765,3.00
1201,3012979824,2.10
1202,1763030528,1.80
1203,199895486317,0.00
1204,358986793175,0.80
1205,199895486317,0.00
1206,72358852,4980.90
1207,18047948,1371.50
1208,29246287560,35.50
1209,81100181,384.80
1210,34764476733,0.60
1211,199895486317,0.00
1212,199895486317,0.00
1213,163472865191,0.40
1214,199895486317,0.00
1215,199895486317,0.00
1216,71477526622,0.50
1217,10823418976,6.10
1218,199895486317,0.00
1219,1588394240,3.30
1220,199895486317,0.00
1221,148283881641,0.10
1222,455429765,3.00
1223,51794122,281.70
1224,199895486317,0.00
1225,34764476733,0.60
1226,199895486317,0.00
1227,343415361,2.00
1228,199895486317,0.00
1229,199895486317,0.00
1230,148283881641,0.10
1231,3505937174,172.60
1232,44540036415,0.30
1233,16545492703,11.00
1234,65004326,628.50
1235,18280821715,7.80
1236,1680609208,4.00
1237,199895486317,0.00
1238,455429765,3.00
1239,163472865191,0.40
1240,62238172679,0.20
1241,972151566,1.30
1242,199895486317,0.00
1243,62238172679,0.20
1244,44730590220,44.00
1245,602338736,1.20
1246,163472865191,0.40
1247,199895486317,0.00
1248,199895486317,0.00
1249,199895486317,0.00
1250,34764476733,0.60
1251,358986793175,0.80
1252,343415361,2.00
1253,343415361,2.00
1254,71477526622,0.50
1255,34764476733,0.60
1256,76399938,321.20
1257,199895486317,0.00
1258,455429765,3.00
1259,199895486317,0.00
1260,33045120,1069.20
1261,163472865191,0.40
1262,101928997749,1.00
1263,199895486317,0.00
1264,10700883024,2.80
1265,199895486317,0.00
1266,1763030528,1.80
1267,2806707425,1.40
1268,199895486317,0.00
1269,62238172679,0.20
1270,199895486317,0.00
1271,343415361,2.00
1272,34764476733,0.60
1273,199895486317,0.00
1274,199895486317,0.00
1275,62238172679,0.20
1276,62238172679,0.20
1277,44540036415,0.30
1278,30430184,1233.10
1279,246396345579,0.90
1280,199895486317,0.00
1281,199895486317,0.00
1282,7290472237,8.00
1283,1763030528,1.80
1284,343415361,2.00
1285,163472865191,0.40
1286,199895486317,0.00
1287,7080090989,1.90
1288,199895486317,0.00
1289,199895486317,0.00
1290,343415361,2.00
1291,358986793175,0.80
1292,13673264028,4.10
1293,80530559,4052.30
1294,199895486317,0.00
1295,62463233,1979.60
1296,306220722428,0.70
1297,602338736,1.20
1298,16557587014,10.30
1299,199895486317,0.00
1300,34764476733,0.60
1301,199895486317,0.00
1302,199895486317,0.00
1303,1746989723,6.00
1304,28231691,569.00
1305,34764476733,0.60
1306,199895486317,0.00
1307,343415361,2.00
1308,101928997749,1.00
1309,101928997749,1.00
1310,34764476733,0.60
1311,199895486317,0.00
1312,2765384257,5.00
1313,44540036415,0.30
1314,199895486317,0.00
1315,199895486317,0.00
1316,199895486317,0.00
1317,199895486317,0.00
1318,38557888313,21.00
1319,199895486317,0.00
1320,199895486317,0.00
1321,55743068,794.20
1322,246396345579,0.90
1323,199895486317,0.00
1324,7080090989,1.90
1325,199895486317,0.00
1326,62238172679,0.20
1327,4164616375,2.50
1328,2703468428,1.10
1329,199895486317,0.00
1330,199895486317,0.00
1331,199895486317,0.00
1332,2061540558,2.30
1333,199895486317,0.00
1334,199895486317,0.00
1335,35107990721,16.20
1336,246396345579,0.90
1337,88464965,3194.20
1338,4342371353,4.30
1339,3245708999,3.10
1340,199895486317,0.00
1341,199895486317,0.00
1342,199895486317,0.00
1343,199895486317,0.00
1344,199895486317,0.00
1345,199895486317,0.00
1346,199895486317,0.00
1347,199895486317,0.00
1348,199895486317,0.00
1349,199895486317,0.00
1350,1746989723,6.00
1351,199895486317,0.00
1352,358986793175,0.80
1353,199895486317,0.00
1354,79985760,2135.40
1355,55546750699,12.70
1356,199895486317,0.00
1357,39293764735,13.00
1358,8749008130,5.40
1359,199895486317,0.00
1360,6957462682,154.60
1361,11050714593,10.20
1362,29137514296,10.10
1363,34764476733,0.60
1364,73440606271,26.30
1365,163472865191,0.40
1366,8749008130,5.40
1367,343415361,2.00
1368,163472865191,0.40
1369,199895486317,0.00
1370,199895486317,0.00
1371,199895486317,0.00
1372,199895486317,0.00
1373,9332603762,6.90
1374,163472865191,0.40
1375,199895486317,0.00
1376,8526701327,159.00
1377,62238172679,0.20
1378,62238172679,0.20
1379,7290472237,8.00
1380,101928997749,1.00
1381,36531712,1792.80
1382,34764476733,0.60
1383,602338736,1.20
1384,26582231766,21.70
1385,199895486317,0.00
1386,65276724,2672.00
1387,3502246416,189.10
1388,972151566,1.30
1389,246396345579,0.90
1390,34764476733,0.60
1391,1362079323,1.60
1392,148283881641,0.10
1393,246396345579,0.90
1394,199895486317,0.00
1395,199895486317,0.00
1396,199895486317,0.00
1397,141579648629,10.40
1398,306220722428,0.70
1399,199895486317,0.00
1400,2703468428,1.10
1401,163472865191,0.40
1402,44540036415,0.30
1403,199895486317,0.00
1404,199895486317,0.00
1405,199895486317,0.00
1406,199895486317,0.00
1407,199895486317,0.00
1408,148283881641,0.10
1409,1763030528,1.80
1410,163472865191,0.40
1411,48070968504,11.80
1412,199895486317,0.00
1413,163472865191,0.40
1414,199895486317,0.00
1415,67424780640,24.30
1416,306220722428,0.70
1417,34764476733,0.60
1418,343415361,2.00
1419,199895486317,0.00
1420,199895486317,0.00
1421,34764476733,0.60
1422,100662437,287.80
1423,13959418917,15.00
1424,163472865191,0.40
1425,3104960440,1.70
1426,155901072574,18.40
1427,199895486317,0.00
1428,199895486317,0.00
1429,199895486317,0.00
1430,71477526622,0.50
1431,62238172679,0.20
1432,199895486317,0.00
1433,131045873392,42.10
1434,44540036415,0.30
1435,50478084,1274.40
1436,1282146231,1.50
1437,1133679013,3.20
1438,199895486317,0.00
1439,71477526622,0.50
1440,4551716580,10.00
1441,6685381110,3.60
1442,199895486317,0.00
1443,101928997749,1.00
1444,44540036415,0.30
1445,199895486317,0.00
1446,1746989723,6.00
1447,199895486317,0.00
1448,199895486317,0.00
1449,199895486317,0.00
1450,199895486317,0.00
1451,163472865191,0.40
1452,306220722428,0.70
1453,199895486317,0.00
1454,101928997749,1.00
1455,199895486317,0.00
1456,199895486317,0.00
1457,31500367,774.50
1458,101928997749,1.00
1459,62552813,2517.00
1460,163472865191,0.40
1461,12586446619,130.10
1462,6809361608,4.60
1463,199895486317,0.00
1464,44540036415,0.30
1465,1746989723,6.00
1466,199895486317,0.00
1467,84059812763,14.60
1468,199895486317,0.00
1469,199895486317,0.00
1470,32131245732,8.90
1471,199895486317,0.00
1472,4551716580,10.00
1473,4164616375,2.50
1474,455429765,3.00
1475,1588394240,3.30
1476,246396345579,0.90
1477,199895486317,0.00
1478,16557587014,10.30
1479,11328042856,3.50
1480,148283881641,0.10
1481,199895486317,0.00
1482,199895486317,0.00
1483,199895486317,0.00
1484,32774552,659.30
1485,199895486317,0.00
1486,4812552406,2.60
1487,47888820561,46.30
1488,246396345579,0.90
1489,163472865191,0.40
1490,199895486317,0.00
1491,199895486317,0.00
1492,199895486317,0.00
1493,199895486317,0.00
1494,199895486317,0.00
1495,199895486317,0.00
1496,199895486317,0.00
1497,199895486317,0.00
1498,1746989723,6.00
1499,199895486317,0.00
1500,199895486317,0.00
1501,199895486317,0.00
1502,70996893,888.90
1503,59556524,2733.80
1504,199895486317,0.00
1505,35858600,952.30
1506,199895486317,0.00
1507,199895486317,0.00
1508,36675780,681.60
1509,1588394240,3.30
1510,199895486317,0.00
1511,199895486317,0.00
1512,199895486317,0.00
1513,199895486317,0.00
1514,199895486317,0.00
1515,199895486317,0.00
1516,78981675995,30.60
1517,4551716580,10.00
1518,46773566,1543.10
1519,306220722428,0.70
1520,3104960440,1.70
1521,199895486317,0.00
1522,199895486317,0.00
1523,199895486317,0.00
1524,287405692,236.30
1525,34764476733,0.60
1526,343415361,2.00
1527,199895486317,0.00
1528,1362079323,1.60
1529,44540036415,0.30
1530,199895486317,0.00
1531,44540036415,0.30
1532,199895486317,0.00
1533,199895486317,0.00
1534,8669357934,5.10
1535,72358848,800.20
1536,1746989723,6.00
1537,12808072616,5.80
1538,199895486317,0.00
1539,199895486317,0.00
1540,38557888313,21.00
1541,4736455294,3.80
1542,199895486317,0.00
1543,199895486317,0.00
1544,199895486317,0.00
1545,3012979824,2.10
1546,4812552406,2.60
1547,41811428,322.70
1548,1680609208,4.00
1549,358986793175,0.80
1550,4812552406,2.60
1551,13673264028,4.10
1552,34764476733,0.60
1553,199895486317,0.00
1554,199895486317,0.00
1555,23302949382,61.30
1556,199895486317,0.00
1557,199895486317,0.00
1558,199895486317,0.00
1559,48516870,1501.00
1560,199895486317,0.00
1561,343415361,2.00
1562,972151566,1.30
1563,199895486317,0.00
1564,972151566,1.30
1565,8292862064,20.00
1566,101928997749,1.00
1567,44540036415,0.30
1568,455429765,3.00
1569,199895486317,0.00
1570,34764476733,0.60
1571,34764476733,0.60
1572,199895486317,0.00
1573,34764476733,0.60
1574,1746989723,6.00
1575,62238172679,0.20
1576,199895486317,0.00
1577,62238172679,0.20
1578,199895486317,0.00
1579,199895486317,0.00
1580,30212269,1049.80
1581,82164882,571.90
1582,34764476733,0.60
1583,199895486317,0.00
1584,222281353450,12.50
1585,2806707425,1.40
1586,148283881641,0.10
1587,199895486317,0.00
1588,1746989723,6.00
1589,163472865191,0.40
1590,199895486317,0.00
1591,199895486317,0.00
1592,246396345579,0.90
1593,148283881641,0.10
1594,199895486317,0.00
1595,62238172679,0.20
1596,101928997749,1.00
1597,101928997749,1.00
1598,199895486317,0.00
1599,199895486317,0.00
1600,199895486317,0.00
1601,163472865191,0.40
1602,62238172679,0.20
1603,4551716580,10.00
1604,32054186923,20.10
1605,199895486317,0.00
1606,199895486317,0.00
1607,44540036415,0.30
1608,101928997749,1.00
1609,10823418976,6.10
1610,199895486317,0.00
1611,83116338,314.10
1612,101928997749,1.00
1613,45119872,2170.20
1614,1746989723,6.00
1615,199895486317,0.00
1616,199895486317,0.00
1617,199895486317,0.00
1618,1746989723,6.00
1619,6952771661,2.70
1620,34764476733,0.60
1621,199895486317,0.00
1622,199895486317,0.00
1623,199895486317,0.00
1624,455429765,3.00
1625,199895486317,0.00
1626,71477526622,0.50
1627,6685381110,3.60
1628,34764476733,0.60
1629,62238172679,0.20
1630,1746989723,6.00
1631,199895486317,0.00
1632,4812552406,2.60
1633,362325316,246.20
1634,199895486317,0.00
1635,62238172679,0.20
1636,199895486317,0.00
1637,45248187,1399.10
1638,50039995,5000.00
1639,6877476350,3.40
1640,62238172679,0.20
1641,30138415,2990.90
1642,148283881641,0.10
1643,148283881641,0.10
1644,3550368100,2.90
1645,199895486317,0.00
1646,101928997749,1.00
1647,199895486317,0.00
1648,199895486317,0.00
1649,199895486317,0.00
1650,199895486317,0.00
1651,10731695655,5.70
1652,48933318,970.50
1653,62238172679,0.20
1654,62238172679,0.20
1655,455429765,3.00
1656,455429765,3.00
1657,44540036415,0.30
1658,1588394240,3.30
1659,34764476733,0.60
1660,163472865191,0.40
1661,199895486317,0.00
1662,163472865191,0.40
1663,16394485660,7.30
1664,62238172679,0.20
1665,67183440,716.10
1666,62238172679,0.20
1667,199895486317,0.00
1668,199895486317,0.00
1669,2703468428,1.10
1670,4300824827,171.30
1671,98141430155,32.60
1672,11164776665,3.90
1673,199895486317,0.00
1674,71477526622,0.50
1675,199895486317,0.00
1676,2677807330,4.20
1677,65731914,1038.70
1678,22296429237,10.60
1679,4812552406,2.60
1680,199895486317,0.00
1681,199895486317,0.00
1682,199895486317,0.00
1683,199895486317,0.00
1684,101928997749,1.00
1685,199895486317,0.00
1686,34764476733,0.60
1687,199895486317,0.00
1688,455429765,3.00
1689,163472865191,0.40
1690,199895486317,0.00
1691,16139172352,5.60
1692,10700883024,2.80
1693,163472865191,0.40
1694,62238172679,0.20
1695,199895486317,0.00
1696,2963734257,2.20
1697,62238172679,0.20
1698,34764476733,0.60
1699,163472865191,0.40
1700,199895486317,0.00
1701,199895486317,0.00
1702,21367748262,103.30
1703,246396345579,0.90
1704,199895486317,0.00
1705,199895486317,0.00
1706,3245708999,3.10
1707,59848290,1296.10
1708,199895486317,0.00
1709,199895486317,0.00
1710,199895486317,0.00
1711,199895486317,0.00
1712,53746758,1583.10
1713,199895486317,0.00
1714,199895486317,0.00
1715,39944450,2532.60
1716,118577028731,22.40
1717,199895486317,0.00
1718,56752603098,22.70
1719,199895486317,0.00
1720,62238172679,0.20
1721,3245708999,3.10
1722,62238172679,0.20
1723,199895486317,0.00
1724,199895486317,0.00
1725,58758727,1903.10
1726,163472865191,0.40
1727,199895486317,0.00
1728,62238172679,0.20
1729,199895486317,0.00
1730,2963734257,2.20
1731,76179518,398.20
1732,37919374,300.90
1733,199895486317,0.00
1734,199895486317,0.00
1735,343415361,2.00
1736,199895486317,0.00
1737,199895486317,0.00
1738,34764476733,0.60
1739,199895486317,0.00
1740,199895486317,0.00
1741,55490052,1786.50
1742,199895486317,0.00
1743,4551716580,10.00
1744,1282146231,1.50
1745,199895486317,0.00
1746,101928997749,1.00
1747,62238172679,0.20
1748,199895486317,0.00
1749,62238172679,0.20
1750,1680609208,4.00
1751,62238172679,0.20
1752,199895486317,0.00
1753,29476891358,74.60
1754,199895486317,0.00
1755,199895486317,0.00
1756,199895486317,0.00
1757,343415361,2.00
1758,44540036415,0.30
1759,246396345579,0.90
1760,25013362,400.50
1761,34764476733,0.60
1762,199895486317,0.00
1763,343415361,2.00
1764,17235531353,99.90
1765,199895486317,0.00
1766,199895486317,0.00
1767,35877982,1016.40
1768,246396345579,0.90
1769,62238172679,0.20
1770,48660937,2367.70
1771,17916399267,5.10
1772,3104960440,1.70
1773,79147554993,40.30
1774,101928997749,1.00
1775,199895486317,0.00
1776,343415361,2.00
1777,199895486317,0.00
1778,199895486317,0.00
1779,2765384257,5.00
1780,44540036415,0.30
1781,199895486317,0.00
1782,13134234333,127.00
1783,306220722428,0.70
1784,343415361,2.00
1785,101928997749,1.00
1786,1746989723,6.00
1787,41578801,829.80
1788,199895486317,0.00
1789,343415361,2.00
1790,163472865191,0.40
1791,74537974,574.30
1792,199895486317,0.00
1793,199895486317,0.00
1794,82437284,608.70
1795,2835484791,2.40
1796,62238172679,0.20
1797,199895486317,0.00
1798,62238172679,0.20
1799,34764476733,0.60
1800,199895486317,0.00
1801,7080090989,1.90
1802,163472865191,0.40
1803,199895486317,0.00
1804,163472865191,0.40
1805,11529917142,7.00
1806,199895486317,0.00
1807,358986793175,0.80
1808,199895486317,0.00
1809,199895486317,0.00
1810,69402411842,37.60
1811,199895486317,0.00
1812,62238172679,0.20
1813,343415361,2.00
1814,230431278,248.20
1815,246396345579,0.90
1816,199895486317,0.00
1817,158097038699,30.50
1818,2061540558,2.30
1819,199895486317,0.00
1820,199895486317,0.00
1821,199895486317,0.00
1822,64191025308,75.40
1823,199895486317,0.00
1824,163472865191,0.40
1825,148283881641,0.10
1826,199895486317,0.00
1827,246396345579,0.90
1828,199895486317,0.00
1829,1746989723,6.00
1830,199895486317,0.00
1831,199895486317,0.00
1832,199895486317,0.00
1833,199895486317,0.00
1834,199895486317,0.00
1835,199895486317,0.00
1836,51794122,281.70
1837,455429765,3.00
1838,199895486317,0.00
1839,602338736,1.20
1840,101928997749,1.00
1841,5386150675,3.70
1842,79639542,3124.10
1843,58332322757,25.20
1844,343415361,2.00
1845,199895486317,0.00
1846,148283881641,0.10
1847,199895486317,0.00
1848,1680609208,4.00
1849,8669357934,5.10
1850,199895486317,0.00
1851,306220722428,0.70
1852,47606484,3326.20
1853,199895486317,0.00
1854,50039995,5000.00
1855,246396345579,0.90
1856,65513993,1804.70
1857,358986793175,0.80
1858,199895486317,0.00
1859,358986793175,0.80
1860,62280420,815.20
1861,199895486317,0.00
1862,34764476733,0.60
1863,199895486317,0.00
1864,199895486317,0.00
1865,74810362,467.90
1866,199895486317,0.00
1867,163472865191,0.40
1868,101928997749,1.00
1869,44540036415,0.30
1870,199895486317,0.00
1871,148283881641,0.10
1872,343415361,2.00
1873,199895486317,0.00
1874,455429765,3.00
1875,2765384257,5.00
1876,2392440899,9.00
1877,34764476733,0.60
1878,62238172679,0.20
1879,199895486317,0.00
1880,343415361,2.00
1881,199895486317,0.00
1882,199895486317,0.00
1883,2703468428,1.10
1884,199895486317,0.00
1885,199895486317,0.00
1886,199895486317,0.00
1887,199895486317,0.00
1888,5386150675,3.70
1889,199895486317,0.00
1890,199895486317,0.00
1891,34764476733,0.60
1892,34764476733,0.60
1893,199895486317,0.00
1894,71231699665,31.60
1895,199895486317,0.00
1896,199895486317,0.00
1897,306220722428,0.70
1898,34764476733,0.60
1899,62238172679,0.20
1900,306220722428,0.70
1901,59790548633,17.80
1902,199895486317,0.00
1903,148283881641,0.10
1904,199895486317,0.00
1905,1362079323,1.60
1906,199895486317,0.00
1907,34764476733,0.60
1908,33046947,848.30
1909,343415361,2.00
1910,602338736,1.20
1911,199895486317,0.00
1912,5386150675,3.70
1913,7068858213,6.30
1914,199895486317,0.00
1915,61661795,3162.30
1916,199895486317,0.00
1917,455429765,3.00
1918,148283881641,0.10
1919,199895486317,0.00
1920,343415361,2.00
1921,64520155603,14.30
1922,1680609208,4.00
1923,101928997749,1.00
1924,101928997749,1.00
1925,199895486317,0.00
1926,65315860614,19.90
1927,455429765,3.00
1928,34764476733,0.60
1929,37185444,1851.80
1930,199895486317,0.00
1931,199895486317,0.00
1932,455429765,3.00
1933,199895486317,0.00
1934,34764476733,0.60
1935,2765384257,5.00
1936,199895486317,0.00
1937,2061540558,2.30
1938,11328042856,3.50
1939,1362079323,1.60
1940,199895486317,0.00
1941,199895486317,0.00
1942,199895486317,0.00
1943,246396345579,0.90
1944,62238172679,0.20
1945,54381120,559.40
1946,51384827,2262.30
1947,70996905,826.60
1948,44540036415,0.30
1949,199895486317,0.00
1950,163472865191,0.40
1951,2703468428,1.10
1952,47645227,1095.30
1953,199895486317,0.00
1954,163472865191,0.40
1955,199895486317,0.00
1956,199895486317,0.00
1957,101928997749,1.00
1958,44540036415,0.30
1959,199895486317,0.00
1960,199895486317,0.00
1961,199895486317,0.00
1962,199895486317,0.00
1963,1588394240,3.30
1964,57669177,1359.50
1965,199895486317,0.00
1966,163472865191,0.40
1967,306220722428,0.70
1968,199895486317,0.00
1969,1680609208,4.00
1970,199895486317,0.00
1971,148283881641,0.10
1972,163472865191,0.40
1973,101928997749,1.00
1974,199895486317,0.00
1975,199895486317,0.00
1976,199895486317,0.00
1977,44540036415,0.30
1978,455429765,3.00
1979,62238172679,0.20
1980,199895486317,0.00
1981,199895486317,0.00
1982,199895486317,0.00
1983,15069208,553.70
1984,6518884530,6.50
1985,199895486317,0.00
1986,455429765,3.00
1987,34134687,1663.80
1988,199895486317,0.00
1989,163472865191,0.40
1990,62238172679,0.20
1991,148283881641,0.10
1992,148283881641,0.10
1993,81273882,3256.90
1994,199895486317,0.00
1995,44540036415,0.30
1996,163472865191,0.40
1997,343415361,2.00
1998,1282146231,1.50
1999,62238172679,0.20
2000,2806707425,1.40
2001,199895486317,0.00
2002,47298979,2249.90
2003,44540036415,0.30
2004,71477526622,0.50
2005,199895486317,0.00
2006,199895486317,0.00
2007,33183137,715.20
2008,17505974162,7.50
2009,58322899,1225.10
2010,199895486317,0.00
2011,199895486317,0.00
2012,199895486317,0.00
2013,44540036415,0.30
2014,199895486317,0.00
2015,246396345579,0.90
2016,199895486317,0.00
2017,199895486317,0.00
2018,3245708999,3.10
2019,199895486317,0.00
2020,199895486317,0.00
2021,199895486317,0.00
2022,57296558678,9.80
2023,199895486317,0.00
2024,101928997749,1.00
2025,2703468428,1.10
2026,199895486317,0.00
2027,199895486317,0.00
2028,84059812763,14.60
2029,199895486317,0.00
2030,246396345579,0.90
2031,1588394240,3.30
2032,199895486317,0.00
2033,199895486317,0.00
2034,62238172679,0.20
2035,6809361608,4.60
2036,71477526622,0.50
2037,455429765,3.00
2038,199895486317,0.00
2039,44540036415,0.30
2040,199895486317,0.00
2041,82164898,2260.60
2042,7290472237,8.00
2043,199895486317,0.00
2044,343415361,2.00
2045,246396345579,0.90
2046,199895486317,0.00
2047,101928997749,1.00
2048,16557587014,10.30
2049,199895486317,0.00
2050,358986793175,0.80
2051,62238172679,0.20
2052,199895486317,0.00
2053,163472865191,0.40
2054,199895486317,0.00
2055,34764476733,0.60
2056,199895486317,0.00
2057,199895486317,0.00
2058,455429765,3.00
2059,76384960258,70.80
2060,199895486317,0.00
2061,35224241,1022.90
2062,199895486317,0.00
2063,1763030528,1.80
2064,1763030528,1.80
2065,15631109537,5.30
2066,199895486317,0.00
2067,75899932,884.40
2068,199895486317,0.00
2069,199895486317,0.00
2070,2835484791,2.40
2071,199895486317,0.00
2072,34764476733,0.60
2073,8669357934,5.10
2074,199895486317,0.00
2075,151603110127,51.00
2076,199895486317,0.00
2077,47528348690,30.60
2078,343415361,2.00
2079,199895486317,0.00
2080,5386150675,3.70
2081,199895486317,0.00
2082,199895486317,0.00
2083,199895486317,0.00
2084,199895486317,0.00
2085,199895486317,0.00
2086,62238172679,0.20
2087,44540036415,0.30
2088,199895486317,0.00
2089,343415361,2.00
2090,199895486317,0.00
2091,69623741,339.50
2092,163472865191,0.40
2093,199895486317,0.00
2094,199895486317,0.00
2095,199895486317,0.00
2096,199895486317,0.00
2097,199895486317,0.00
2098,199895486317,0.00
2099,199895486317,0.00
2100,199895486317,0.00
2101,71477526622,0.50
2102,2806707425,1.40
2103,199895486317,0.00
2104,199895486317,0.00
2105,199895486317,0.00
2106,199895486317,0.00
2107,199895486317,0.00
2108,199895486317,0.00
2109,199895486317,0.00
2110,62238172679,0.20
2111,199895486317,0.00
2112,199895486317,0.00
2113,62238172679,0.20
2114,199895486317,0.00
2115,246396345579,0.90
2116,62238172679,0.20
2117,199895486317,0.00
2118,163472865191,0.40
2119,39146662,1085.30
2120,199895486317,0.00
2121,246396345579,0.90
2122,199895486317,0.00
2123,199895486317,0.00
2124,199895486317,0.00
2125,101928997749,1.00
2126,199895486317,0.00
2127,199895486317,0.00
2128,9959711045,152.30
2129,62238172679,0.20
2130,199895486317,0.00
2131,148283881641,0.10
2132,34764476733,0.60
2133,199895486317,0.00
2134,44540036415,0.30
2135,455429765,3.00
2136,199895486317,0.00
2137,199895486317,0.00
2138,34764476733,0.60
2139,29866033,928.30
2140,199895486317,0.00
2141,199895486317,0.00
2142,101928997749,1.00
2143,34764476733,0.60
2144,61463248,857.20
2145,455429765,3.00
2146,4812552406,2.60
2147,199895486317,0.00
2148,62238172679,0.20
2149,199895486317,0.00
2150,44540036415,0.30
2151,4164616375,2.50
2152,50260168,1376.70
2153,32862314,581.00
2154,199895486317,0.00
2155,7080090989,1.90
2156,199895486317,0.00
2157,199895486317,0.00
2158,199895486317,0.00
2159,199895486317,0.00
2160,71477526622,0.50
2161,11164776665,3.90
2162,101928997749,1.00
2163,1746989723,6.00
2164,101928997749,1.00
2165,26706743680,115.40
2166,455429765,3.00
2167,12446552463,5.50
2168,62238172679,0.20
2169,2061540558,2.30
2170,199895486317,0.00
2171,199895486317,0.00
2172,199895486317,0.00
2173,62238172679,0.20
2174,306220722428,0.70
2175,199895486317,0.00
2176,199895486317,0.00
2177,199895486317,0.00
2178,199895486317,0.00
2179,199895486317,0.00
2180,148283881641,0.10
2181,199895486317,0.00
2182,199895486317,0.00
2183,199895486317,0.00
2184,163472865191,0.40
2185,62238172679,0.20
2186,101928997749,1.00
2187,199895486317,0.00
2188,12948734862,20.20
2189,199895486317,0.00
2190,101928997749,1.00
2191,199895486317,0.00
2192,66884221070,12.10
2193,199895486317,0.00
2194,199895486317,0.00
2195,199895486317,0.00
2196,246396345579,0.90
2197,34764476733,0.60
2198,69634943,2600.70
2199,163472865191,0.40
2200,199895486317,0.00
2201,199895486317,0.00
2202,199895486317,0.00
2203,62238172679,0.20
2204,199895486317,0.00
2205,12948734862,20.20
2206,602338736,1.20
2207,44033150241,41.00
2208,199895486317,0.00
2209,7080090989,1.90
2210,50039995,5000.00
2211,199895486317,0.00
2212,8292862064,20.00
2213,199895486317,0.00
2214,62238172679,0.20
2215,199895486317,0.00
2216,343415361,2.00
2217,15499037276,10.50
2218,8715176373,40.00
2219,199895486317,0.00
2220,602338736,1.20
2221,199895486317,0.00
2222,35313862,447.20
2223,246396345579,0.90
2224,62238172679,0.20
2225,123688485711,55.10
2226,199895486317,0.00
2227,44540036415,0.30
2228,199895486317,0.00
2229,21043613062,75.90
2230,58976637,1077.30
2231,3365311886,185.40
2232,199895486317,0.00
2233,71477526622,0.50
2234,199895486317,0.00
2235,163472865191,0.40
2236,34764476733,0.60
2237,2765384257,5.00
2238,163472865191,0.40
2239,4812552406,2.60
2240,199895486317,0.00
2241,163472865191,0.40
2242,3012979824,2.10
2243,2806707425,1.40
2244,22457062991,6.40
2245,358986793175,0.80
2246,1588394240,3.30
2247,71477526622,0.50
2248,199895486317,0.00
2249,23513291,677.60
2250,101928997749,1.00
2251,199895486317,0.00
2252,3550368100,2.90
2253,101928997749,1.00
2254,34764476733,0.60
2255,199895486317,0.00
2256,1763030528,1.80
2257,1680609208,4.00
2258,34764476733,0.60
2259,79168606,908.40
2260,86995345,312.50
2261,61809492,1334.70
2262,62238172679,0.20
2263,199895486317,0.00
2264,199895486317,0.00
2265,42668404,444.50
2266,199895486317,0.00
2267,4007269648,156.10
2268,16139172352,5.60
2269,199895486317,0.00
2270,199895486317,0.00
2271,199895486317,0.00
2272,58739356,2994.00
2273,2703468428,1.10
2274,199895486317,0.00
2275,199895486317,0.00
2276,199895486317,0.00
2277,199895486317,0.00
2278,245523568454,18.50
2279,199895486317,0.00
2280,306220722428,0.70
2281,972151566,1.30
2282,455429765,3.00
2283,199895486317,0.00
2284,199895486317,0.00
2285,199895486317,0.00
2286,102959309831,25.80
2287,1282146231,1.50
2288,358986793175,0.80
2289,34764476733,0.60
2290,148283881641,0.10
2291,29137514296,10.10
2292,199895486317,0.00
2293,199895486317,0.00
2294,199895486317,0.00
2295,199895486317,0.00
2296,199895486317,0.00
2297,199895486317,0.00
2298,343415361,2.00
2299,343415361,2.00
2300,44540036415,0.30
2301,199895486317,0.00
2302,199895486317,0.00
2303,199895486317,0.00
2304,1680609208,4.00
2305,199895486317,0.00
2306,1763030528,1.80
2307,199895486317,0.00
2308,199895486317,0.00
2309,232840311,255.60
2310,10823418976,6.10
2311,62238172679,0.20
2312,249287499419,13.50
2313,199895486317,0.00
2314,199895486317,0.00
2315,62238172679,0.20
2316,3104960440,1.70
2317,199895486317,0.00
2318,43286979,1114.70
2319,199895486317,0.00
2320,199895486317,0.00
2321,78623826,4875.00
2322,1763030528,1.80
2323,199895486317,0.00
2324,101928997749,1.00
2325,602338736,1.20
2326,199895486317,0.00
2327,199895486317,0.00
2328,199895486317,0.00
2329,47387667796,68.00
2330,2806707425,1.40
2331,199895486317,0.00
2332,972151566,1.30
2333,2806707425,1.40
2334,34764476733,0.60
2335,163472865191,0.40
2336,199895486317,0.00
2337,163472865191,0.40
2338,199895486317,0.00
2339,62238172679,0.20
2340,199895486317,0.00
2341,199895486317,0.00
2342,163472865191,0.40
2343,34764476733,0.60
2344,199895486317,0.00
2345,44540036415,0.30
2346,44540036415,0.30
2347,93041112,3523.50
2348,46991484,1679.80
2349,199895486317,0.00
2350,4164616375,2.50
2351,199895486317,0.00
2352,8715176373,40.00
2353,163472865191,0.40
2354,82069353366,10.90
2355,199895486317,0.00
2356,44540036415,0.30
2357,1746989723,6.00
2358,199895486317,0.00
2359,199895486317,0.00
2360,62238172679,0.20
2361,199895486317,0.00
2362,199895486317,0.00
2363,199895486317,0.00
2364,199895486317,0.00
2365,199895486317,0.00
2366,148283881641,0.10
2367,55707968,1266.00
2368,6877476350,3.40
2369,199895486317,0.00
2370,199895486317,0.00
2371,199895486317,0.00
2372,199895486317,0.00
2373,5035076730,135.60
2374,1746989723,6.00
2375,108322184306,12.40
2376,44540036415,0.30
2377,199895486317,0.00
2378,199895486317,0.00
2379,199895486317,0.00
2380,38275007,1420.50
2381,44540036415,0.30
2382,50695987,1015.10
2383,34764476733,0.60
2384,62238172679,0.20
2385,199895486317,0.00
2386,6952771661,2.70
2387,199895486317,0.00
2388,101928997749,1.00
2389,34764476733,0.60
2390,62238172679,0.20
2391,62238172679,0.20
2392,199895486317,0.00
2393,199895486317,0.00
2394,4551716580,10.00
2395,199895486317,0.00
2396,199895486317,0.00
2397,199895486317,0.00
2398,66306318629,24.90
2399,199895486317,0.00
2400,199895486317,0.00
2401,199895486317,0.00
2402,358986793175,0.80
2403,199895486317,0.00
2404,246396345579,0.90
2405,2832600658,175.20
2406,4551716580,10.00
2407,199895486317,0.00
2408,602338736,1.20
2409,199895486317,0.00
2410,62238172679,0.20
2411,71477526622,0.50
2412,32609292,1634.50
2413,199895486317,0.00
2414,199895486317,0.00
2415,22457062991,6.40
2416,54400485,1436.40
2417,3104960440,1.70
2418,67400315,289.60
2419,343415361,2.00
2420,455429765,3.00
2421,163472865191,0.40
2422,199895486317,0.00
2423,199895486317,0.00
2424,15709845480,6.60
2425,11328042856,3.50
2426,2703468428,1.10
2427,306220722428,0.70
2428,1282146231,1.50
2429,102584602015,16.30
2430,199895486317,0.00
2431,32317532,789.50
2432,199895486317,0.00
2433,199895486317,0.00
2434,1680609208,4.00
2435,101928997749,1.00
2436,36553126786,16.00
2437,7080090989,1.90
2438,199895486317,0.00
2439,44540036415,0.30
2440,199895486317,0.00
2441,44540036415,0.30
2442,10700883024,2.80
2443,6518884530,6.50
2444,11328042856,3.50
2445,44540036415,0.30
2446,101928997749,1.00
2447,199895486317,0.00
2448,44540036415,0.30
2449,199895486317,0.00
2450,199895486317,0.00
2451,69898829924,78.00
2452,148283881641,0.10
2453,199895486317,0.00
2454,199895486317,0.00
2455,1746989723,6.00
2456,343415361,2.00
2457,455429765,3.00
2458,199895486317,0.00
2459,6685381110,3.60
2460,455429765,3.00
2461,56256645856,23.80
2462,199895486317,0.00
2463,199895486317,0.00
2464,199895486317,0.00
2465,12808072616,5.80
2466,62238172679,0.20
2467,50039995,5000.00
2468,44540036415,0.30
2469,343415361,2.00
2470,148283881641,0.10
2471,199895486317,0.00
2472,62238172679,0.20
2473,3104960440,1.70
2474,199895486317,0.00
2475,62238172679,0.20
2476,44540036415,0.30
2477,22296429237,10.60
2478,44540036415,0.30
2479,199895486317,0.00
2480,8001736986,4.40
2481,73993187,2656.00
2482,343415361,2.00
2483,6809361608,4.60
2484,2765384257,5.00
2485,199895486317,0.00
2486,199895486317,0.00
2487,972151566,1.30
2488,148283881641,0.10
2489,199895486317,0.00
2490,101928997749,1.00
2491,4551716580,10.00
2492,199895486317,0.00
2493,29122709,1156.80
2494,44540036415,0.30
2495,45111637397,10.70
2496,199895486317,0.00
2497,2392440899,9.00
2498,6877476350,3.40
2499,602338736,1.20
2500,69090169,708.80
2501,199895486317,0.00
2502,199895486317,0.00
2503,199895486317,0.00
2504,34764476733,0.60
2505,246396345579,0.90
2506,199895486317,0.00
2507,148283881641,0.10
2508,163472865191,0.40
2509,24321874726,4.90
2510,246396345579,0.90
2511,199895486317,0.00
2512,148283881641,0.10
2513,199895486317,0.00
2514,199895486317,0.00
2515,602338736,1.20
2516,199895486317,0.00
2517,199895486317,0.00
2518,75933528,353.40
2519,199895486317,0.00
2520,8292862064,20.00
2521,199895486317,0.00
2522,44540036415,0.30
2523,199895486317,0.00
2524,199895486317,0.00
2525,163472865191,0.40
2526,199895486317,0.00
2527,199895486317,0.00
2528,199895486317,0.00
2529,199895486317,0.00
2530,101928997749,1.00
2531,2677807330,4.20
2532,455429765,3.00
2533,199895486317,0.00
2534,343415361,2.00
2535,32147678447,111.70
2536,199895486317,0.00
2537,163472865191,0.40
2538,199895486317,0.00
2539,67180172869,30.80
2540,1282146231,1.50
2541,199895486317,0.00
2542,199895486317,0.00
2543,48081052,1957.00
2544,199895486317,0.00
2545,92060499,3220.80
2546,199895486317,0.00
2547,34764476733,0.60
2548,455429765,3.00
2549,64642356,1886.90
2550,11050714593,10.20
2551,199895486317,0.00
2552,199895486317,0.00
2553,879163026,215.70
2554,199895486317,0.00
2555,199895486317,0.00
2556,246396345579,0.90
2557,199895486317,0.00
2558,62238172679,0.20
2559,199895486317,0.00
2560,91200712215,56.90
2561,1680609208,4.00
2562,199895486317,0.00
2563,199895486317,0.00
2564,246396345579,0.90
2565,32054186923,20.10
2566,163472865191,0.40
2567,54400494,1376.30
2568,199895486317,0.00
2569,358986793175,0.80
2570,199895486317,0.00
2571,199895486317,0.00
2572,76172315,2430.50
2573,21043613062,75.90
2574,306220722428,0.70
2575,63914773,862.10
2576,199895486317,0.00
2577,62238172679,0.20
2578,199895486317,0.00
2579,59630376,1154.10
2580,44540036415,0.30
2581,62238172679,0.20
2582,163472865191,0.40
2583,148283881641,0.10
2584,199895486317,0.00
2585,62238172679,0.20
2586,199895486317,0.00
2587,199895486317,0.00
2588,199895486317,0.00
2589,199895486317,0.00
2590,972151566,1.30
2591,199895486317,0.00
2592,199895486317,0.00
2593,6877476350,3.40
2594,199895486317,0.00
2595,199895486317,0.00
2596,199895486317,0.00
2597,8669357934,5.10
2598,44540036415,0.30
2599,199895486317,0.00
2600,199895486317,0.00
2601,199895486317,0.00
2602,1282146231,1.50
2603,199895486317,0.00
2604,199895486317,0.00
2605,199895486317,0.00
2606,199895486317,0.00
2607,14009758587,9.30
2608,71477526622,0.50
2609,6809361608,4.60
2610,67183438,913.40
2611,1680609208,4.00
2612,163472865191,0.40
2613,199895486317,0.00
2614,199895486317,0.00
2615,44540036415,0.30
2616,101928997749,1.00
2617,199895486317,0.00
2618,61591586,1403.10
2619,199895486317,0.00
2620,44540036415,0.30
2621,199895486317,0.00
2622,199895486317,0.00
2623,7068858213,6.30
2624,199895486317,0.00
2625,358986793175,0.80
2626,199895486317,0.00
2627,358986793175,0.80
2628,199895486317,0.00
2629,148283881641,0.10
2630,199895486317,0.00
2631,199895486317,0.00
2632,34764476733,0.60
2633,6685381110,3.60
2634,62238172679,0.20
2635,343415361,2.00
2636,71477526622,0.50
2637,44540036415,0.30
2638,15709845480,6.60
2639,4164616375,2.50
2640,34764476733,0.60
2641,199895486317,0.00
2642,199895486317,0.00
2643,8715176373,40.00
2644,101928997749,1.00
2645,101928997749,1.00
2646,199895486317,0.00
2647,199895486317,0.00
2648,199895486317,0.00
2649,199895486317,0.00
2650,4848141218,30.00
2651,199895486317,0.00
2652,163472865191,0.40
2653,199895486317,0.00
2654,2677807330,4.20
2655,199895486317,0.00
2656,972151566,1.30
2657,199895486317,0.00
2658,199895486317,0.00
2659,3012979824,2.10
2660,4551716580,10.00
2661,163472865191,0.40
2662,62238172679,0.20
2663,62238172679,0.20
2664,9125012774,4.50
2665,199895486317,0.00
2666,199895486317,0.00
2667,163472865191,0.40
2668,5035076730,135.60
2669,343415361,2.00
2670,44540036415,0.30
2671,972151566,1.30
2672,2765384257,5.00
2673,199895486317,0.00
2674,34764476733,0.60
2675,199895486317,0.00
2676,199895486317,0.00
2677,148283881641,0.10
2678,306220722428,0.70
2679,39399667,571.70
2680,16139172352,5.60
2681,44812366,1233.90
2682,62238172679,0.20
2683,34764476733,0.60
2684,199895486317,0.00
2685,1133679013,3.20
2686,62238172679,0.20
2687,1255970880,196.70
2688,455429765,3.00
2689,163472865191,0.40
2690,116503951556,11.10
2691,199895486317,0.00
2692,60719944,1689.50
2693,343415361,2.00
2694,199895486317,0.00
2695,199895486317,0.00
2696,62238172679,0.20
2697,9210646596,130.60
2698,163472865191,0.40
2699,2703468428,1.10
2700,343415361,2.00
2701,199895486317,0.00
2702,343415361,2.00
2703,199895486317,0.00
2704,602338736,1.20
2705,199895486317,0.00
2706,199895486317,0.00
2707,101928997749,1.00
2708,199895486317,0.00
2709,199895486317,0.00
2710,199895486317,0.00
2711,39107901,3737.00
2712,199895486317,0.00
2713,199895486317,0.00
2714,199895486317,0.00
2715,199895486317,0.00
2716,11164776665,3.90
2717,199895486317,0.00
2718,101928997749,1.00
2719,306220722428,0.70
2720,79985765,697.90
2721,31068503852,92.40
2722,306220722428,0.70
2723,79985770,2020.30
2724,80056880361,8.60
2725,199895486317,0.00
2726,71477526622,0.50
2727,50039995,5000.00
2728,34764476733,0.60
2729,199895486317,0.00
2730,358986793175,0.80
2731,1746989723,6.00
2732,199895486317,0.00
2733,199895486317,0.00
2734,199895486317,0.00
2735,343415361,2.00
2736,199895486317,0.00
2737,199895486317,0.00
2738,199895486317,0.00
2739,43213194,442.50
2740,44540036415,0.30
2741,5386150675,3.70
2742,6877476350,3.40
2743,199895486317,0.00
2744,65549098,925.80
2745,455429765,3.00
2746,602338736,1.20
2747,62238172679,0.20
2748,199895486317,0.00
2749,4342371353,4.30
2750,199895486317,0.00
2751,1362079323,1.60
2752,84236732,281.50
2753,148283881641,0.10
2754,199895486317,0.00
2755,2963734257,2.20
2756,9125012774,4.50
2757,1746989723,6.00
2758,2963734257,2.20
2759,199895486317,0.00
2760,62238172679,0.20
2761,71477526622,0.50
2762,455429765,3.00
2763,34764476733,0.60
2764,199895486317,0.00
2765,10700883024,2.80
2766,455429765,3.00
2767,163472865191,0.40
2768,199895486317,0.00
2769,29593636,466.10
2770,163472865191,0.40
2771,199895486317,0.00
2772,2061540558,2.30
2773,199895486317,0.00
2774,199895486317,0.00
2775,199895486317,0.00
2776,3104960440,1.70
2777,86830626,3505.40
2778,2703468428,1.10
2779,8292862064,20.00
2780,3012979824,2.10
2781,148283881641,0.10
2782,44540036415,0.30
2783,6952771661,2.70
2784,199895486317,0.00
2785,1680609208,4.00
2786,163472865191,0.40
2787,32131245732,8.90
2788,199895486317,0.00
2789,246396345579,0.90
2790,71477526622,0.50
2791,199895486317,0.00
2792,199895486317,0.00
2793,163472865191,0.40
2794,199895486317,0.00
2795,199895486317,0.00
2796,2765384257,5.00
2797,2806707425,1.40
2798,343415361,2.00
2799,95136790325,12.30
2800,602338736,1.20
2801,1362079323,1.60
2802,50039995,5000.00
2803,1362079323,1.60
2804,163472865191,0.40
2805,34764476733,0.60
2806,199895486317,0.00
2807,30867821,508.60
2808,66911049,897.70
2809,50039995,5000.00
2810,3245708999,3.10
2811,163472865191,0.40
2812,199895486317,0.00
2813,2806707425,1.40
2814,972151566,1.30
2815,101928997749,1.00
2816,16557587014,10.30
2817,1282146231,1.50
2818,34764476733,0.60
2819,34764476733,0.60
2820,343415361,2.00
2821,4551716580,10.00
2822,199895486317,0.00
2823,34764476733,0.60
2824,199895486317,0.00
2825,199895486317,0.00
2826,106658651,255.50
2827,34764476733,0.60
2828,148283881641,0.10
2829,199895486317,0.00
2830,34485726,325.60
2831,199895486317,0.00
2832,2963734257,2.20
2833,343415361,2.00
2834,199895486317,0.00
2835,358986793175,0.80
2836,163472865191,0.40
2837,3550368100,2.90
2838,199895486317,0.00
2839,199895486317,0.00
2840,34764476733,0.60
2841,602338736,1.20
2842,35690462,333.30
2843,199895486317,0.00
2844,199895486317,0.00
2845,972151566,1.30
2846,34764476733,0.60
2847,199895486317,0.00
2848,972151566,1.30
2849,6952771661,2.70
2850,7533096421,163.90
2851,101928997749,1.00
2852,10823418976,6.10
2853,36675766,2036.20
2854,2061540558,2.30
2855,4342371353,4.30
2856,199895486317,0.00
2857,199895486317,0.00
2858,455429765,3.00
2859,71477526622,0.50
2860,62238172679,0.20
2861,199895486317,0.00
2862,34764476733,0.60
2863,199895486317,0.00
2864,602338736,1.20
2865,199895486317,0.00
2866,163472865191,0.40
2867,199895486317,0.00
2868,2061540558,2.30
2869,602338736,1.20
2870,48660932,468.40
2871,1588394240,3.30
2872,34764476733,0.60
2873,95136790325,12.30
2874,246396345579,0.90
2875,17968302343,119.80
2876,38275009,1046.90
2877,1746989723,6.00
2878,62681150,1008.50
2879,199895486317,0.00
2880,199895486317,0.00
2881,163472865191,0.40
2882,163472865191,0.40
2883,199895486317,0.00
2884,199895486317,0.00
2885,199895486317,0.00
2886,199895486317,0.00
2887,972151566,1.30
2888,199895486317,0.00
2889,199895486317,0.00
2890,62238172679,0.20
2891,199895486317,0.00
2892,101928997749,1.00
2893,199895486317,0.00
2894,148283881641,0.10
2895,3104960440,1.70
2896,44540036415,0.30
2897,5386150675,3.70
2898,4736455294,3.80
2899,343415361,2.00
2900,148283881641,0.10
2901,199895486317,0.00
2902,3104960440,1.70
2903,199895486317,0.00
2904,199895486317,0.00
2905,101928997749,1.00
2906,44540036415,0.30
2907,41306397,511.10
2908,199895486317,0.00
2909,41306398,2416.40
2910,2835484791,2.40
2911,29994361,1061.30
2912,602338736,1.20
2913,199895486317,0.00
2914,455429765,3.00
2915,199895486317,0.00
2916,44540036415,0.30
2917,199895486317,0.00
2918,199895486317,0.00
2919,11050714593,10.20
2920,199895486317,0.00
2921,2806707425,1.40
2922,62238172679,0.20
2923,2806707425,1.40
2924,2392440899,9.00
2925,199895486317,0.00
2926,1746989723,6.00
2927,34764476733,0.60
2928,62238172679,0.20
2929,199895486317,0.00
2930,306220722428,0.70
2931,199895486317,0.00
2932,199895486317,0.00
2933,199895486317,0.00
2934,38196758213,60.60
2935,455429765,3.00
2936,199895486317,0.00
2937,246396345579,0.90
2938,8749008130,5.40
2939,37839185,1203.00
2940,34764476733,0.60
2941,44540036415,0.30
2942,44540036415,0.30
2943,358986793175,0.80
2944,358986793175,0.80
2945,199895486317,0.00
2946,148283881641,0.10
2947,455429765,3.00
2948,1746989723,6.00
2949,455429765,3.00
2950,61591592,1301.60
2951,2703468428,1.10
2952,148283881641,0.10
2953,29624055337,10.80
2954,163472865191,0.40
2955,1282146231,1.50
2956,4464820305,6.20
2957,44540036415,0.30
2958,62238172679,0.20
2959,120884937801,52.40
2960,246396345579,0.90
2961,163472865191,0.40
2962,15499037276,10.50
2963,358986793175,0.80
2964,34764476733,0.60
2965,57377402,976.90
2966,199895486317,0.00
2967,63642373,768.10
2968,199895486317,0.00
2969,11328042856,3.50
2970,1282146231,1.50
2971,71541676,911.10
2972,31139708803,14.00
2973,101928997749,1.00
2974,199895486317,0.00
2975,199895486317,0.00
2976,2765384257,5.00
2977,358986793175,0.80
2978,31139708803,14.00
2979,62238172679,0.20
2980,199895486317,0.00
2981,10700883024,2.80
2982,71814079,2004.50
2983,41543691,1340.00
2984,34764476733,0.60
2985,199895486317,0.00
2986,44540036415,0.30
2987,44540036415,0.30
2988,199895486317,0.00
2989,71477526622,0.50
2990,199895486317,0.00
2991,199895486317,0.00
2992,28251058,1608.90
2993,199895486317,0.00
2994,199895486317,0.00
2995,163472865191,0.40
2996,1763030528,1.80
2997,602338736,1.20
2998,199895486317,0.00
2999,10700883024,2.80
3000,1282146231,1.50
3001,62238172679,0.20
3002,4164616375,2.50
3003,81273859,3553.40
3004,199895486317,0.00
3005,306220722428,0.70
3006,163472865191,0.40
3007,199895486317,0.00
3008,101928997749,1.00
3009,2703468428,1.10
3010,62238172679,0.20
3011,29275106690,10.40
3012,199895486317,0.00
3013,199895486317,0.00
3014,62238172679,0.20
3015,199895486317,0.00
3016,602338736,1.20
3017,62238172679,0.20
3018,199895486317,0.00
3019,34764476733,0.60
3020,199895486317,0.00
3021,199895486317,0.00
3022,34764476733,0.60
3023,199895486317,0.00
3024,4464820305,6.20
3025,199895486317,0.00
3026,199895486317,0.00
3027,121532969508,22.90
3028,199895486317,0.00
3029,343415361,2.00
3030,199895486317,0.00
3031,3245708999,3.10
3032,163472865191,0.40
3033,199895486317,0.00
3034,2061540558,2.30
3035,62238172679,0.20
3036,4164616375,2.50
3037,199895486317,0.00
3038,260119637,233.50
3039,34764476733,0.60
3040,199895486317,0.00
3041,15631109537,5.30
3042,199895486317,0.00
3043,246396345579,0.90
3044,3550368100,2.90
3045,3245708999,3.10
3046,62552806,575.30
3047,16878386038,7.20
3048,199895486317,0.00
3049,6877476350,3.40
3050,199895486317,0.00
3051,44540036415,0.30
3052,71477526622,0.50
3053,199895486317,0.00
3054,56560232,658.20
3055,62238172679,0.20
3056,246396345579,0.90
3057,49170605,1599.10
3058,199895486317,0.00
3059,199895486317,0.00
3060,34764476733,0.60
3061,163472865191,0.40
3062,199895486317,0.00
3063,246396345579,0.90
3064,199895486317,0.00
3065,199895486317,0.00
3066,199895486317,0.00
3067,306220722428,0.70
3068,199895486317,0.00
3069,36948162,2629.70
3070,199895486317,0.00
3071,199895486317,0.00
3072,199895486317,0.00
3073,34764476733,0.60
3074,62238172679,0.20
3075,62238172679,0.20
3076,34764476733,0.60
3077,34764476733,0.60
3078,199895486317,0.00
3079,199895486317,0.00
3080,199895486317,0.00
3081,199895486317,0.00
3082,101928997749,1.00
3083,2835484791,2.40
3084,109655145498,43.00
3085,148283881641,0.10
3086,199895486317,0.00
3087,34764476733,0.60
3088,2061540558,2.30
3089,306220722428,0.70
3090,34764476733,0.60
3091,44540036415,0.30
3092,199895486317,0.00
3093,199895486317,0.00
3094,34764476733,0.60
3095,1588394240,3.30
3096,48298956,1164.50
3097,29137514296,10.10
3098,199895486317,0.00
3099,34764476733,0.60
3100,199895486317,0.00
3101,306220722428,0.70
3102,199895486317,0.00
3103,199895486317,0.00
3104,34764476733,0.60
3105,199895486317,0.00
3106,3245708999,3.10
3107,25013362,400.50
3108,43758022,437.10
3109,199895486317,0.00
3110,199895486317,0.00
3111,199895486317,0.00
3112,199895486317,0.00
3113,148283881641,0.10
3114,455429765,3.00
3115,199895486317,0.00
3116,53929824,339.20
3117,199895486317,0.00
3118,199895486317,0.00
3119,199895486317,0.00
3120,34764476733,0.60
3121,199895486317,0.00
3122,246396345579,0.90
3123,199895486317,0.00
3124,199895486317,0.00
3125,163472865191,0.40
3126,4848141218,30.00
3127,199895486317,0.00
3128,52746786,2930.30
3129,246396345579,0.90
3130,343415361,2.00
3131,8326208618,156.70
3132,199895486317,0.00
3133,28504074,728.80
3134,199895486317,0.00
3135,24321874726,4.90
3136,343415361,2.00
3137,199895486317,0.00
3138,455429765,3.00
3139,199895486317,0.00
3140,199895486317,0.00
3141,199895486317,0.00
3142,199895486317,0.00
3143,163472865191,0.40
3144,8001736986,4.40
3145,199895486317,0.00
3146,71477526622,0.50
3147,199895486317,0.00
3148,343415361,2.00
3149,199895486317,0.00
3150,3012979824,2.10
3151,3104960440,1.70
3152,199895486317,0.00
3153,972151566,1.30
3154,199895486317,0.00
3155,30148617758,11.70
3156,199895486317,0.00
3157,62238172679,0.20
3158,44540036415,0.30
3159,148283881641,0.10
3160,199895486317,0.00
3161,71477526622,0.50
3162,343415361,2.00
3163,199895486317,0.00
3164,34764476733,0.60
3165,199895486317,0.00
3166,199895486317,0.00
3167,48070968504,11.80
3168,2963734257,2.20
3169,53563943,610.90
3170,199895486317,0.00
3171,199895486317,0.00
3172,455429765,3.00
3173,34764476733,0.60
3174,199895486317,0.00
3175,101928997749,1.00
3176,199895486317,0.00
3177,34764476733,0.60
3178,62238172679,0.20
3179,199895486317,0.00
3180,358986793175,0.80
3181,199895486317,0.00
3182,74265577,2827.00
3183,972151566,1.30
3184,199895486317,0.00
3185,602338736,1.20
3186,306220722428,0.70
3187,9125012774,4.50
3188,44540036415,0.30
3189,62238172679,0.20
3190,59158259413,88.40
3191,199895486317,0.00
3192,148283881641,0.10
3193,13959418917,15.00
3194,50039995,5000.00
3195,199895486317,0.00
3196,71477526622,0.50
3197,199895486317,0.00
3198,199895486317,0.00
3199,163472865191,0.40
3200,1746989723,6.00
3201,199895486317,0.00
3202,50039995,5000.00
3203,61735692,450.10
3204,16872096438,5.20
3205,199895486317,0.00
3206,199895486317,0.00
3207,199895486317,0.00
3208,455429765,3.00
3209,199895486317,0.00
3210,199895486317,0.00
3211,343415361,2.00
3212,34764476733,0.60
3213,199895486317,0.00
3214,199895486317,0.00
3215,199895486317,0.00
3216,62238172679,0.20
3217,306220722428,0.70
3218,3104960440,1.70
3219,199895486317,0.00
3220,199895486317,0.00
3221,199895486317,0.00
3222,62238172679,0.20
3223,7080090989,1.90
3224,602338736,1.20
3225,101928997749,1.00
3226,199895486317,0.00
3227,48660940,2053.00
3228,199895486317,0.00
3229,71477526622,0.50
3230,29624055337,10.80
3231,83445020117,24.40
3232,163472865191,0.40
3233,199895486317,0.00
3234,101928997749,1.00
3235,246396345579,0.90
3236,37765342,994.30
3237,148283881641,0.10
3238,60502022,1088.50
3239,1680609208,4.00
3240,199895486317,0.00
3241,62238172679,0.20
3242,199895486317,0.00
3243,17505974162,7.50
3244,34764476733,0.60
3245,34764476733,0.60
3246,199895486317,0.00
3247,22296429237,10.60
3248,199895486317,0.00
3249,44540036415,0.30
3250,62238172679,0.20
3251,199895486317,0.00
3252,2963734257,2.20
3253,1746989723,6.00
3254,71477526622,0.50
3255,62238172679,0.20
3256,34764476733,0.60
3257,4736455294,3.80
3258,343415361,2.00
3259,2677807330,4.20
3260,455429765,3.00
3261,29031406414,6.80
3262,306220722428,0.70
3263,199895486317,0.00
3264,199895486317,0.00
3265,199895486317,0.00
3266,148283881641,0.10
3267,101928997749,1.00
3268,199895486317,0.00
3269,199895486317,0.00
3270,199895486317,0.00
3271,4812552406,2.60
3272,199895486317,0.00
3273,34764476733,0.60
3274,199895486317,0.00
3275,34764476733,0.60
3276,455429765,3.00
3277,199895486317,0.00
3278,199895486317,0.00
3279,199895486317,0.00
3280,455429765,3.00
3281,44540036415,0.30
3282,199895486317,0.00
3283,199895486317,0.00
3284,199895486317,0.00
3285,343415361,2.00
3286,602338736,1.20
3287,62238172679,0.20
3288,199895486317,0.00
3289,101928997749,1.00
3290,62238172679,0.20
3291,199895486317,0.00
3292,199895486317,0.00
3293,148283881641,0.10
3294,4812552406,2.60
3295,35825838836,22.20
3296,199895486317,0.00
3297,199895486317,0.00
3298,2677807330,4.20
3299,34764476733,0.60
3300,199895486317,0.00
3301,44540036415,0.30
3302,199895486317,0.00
3303,199895486317,0.00
3304,306220722428,0.70
3305,101928997749,1.00
3306,163472865191,0.40
3307,199895486317,0.00
3308,199895486317,0.00
3309,199895486317,0.00
3310,199895486317,0.00
3311,42210962472,8.80
3312,163472865191,0.40
3313,71477526622,0.50
3314,199895486317,0.00
3315,4812552406,2.60
3316,5386150675,3.70
3317,455429765,3.00
3318,199895486317,0.00
3319,199895486317,0.00
3320,6685381110,3.60
3321,3012979824,2.10
3322,62238172679,0.20
3323,101928997749,1.00
3324,32609292,1143.60
3325,199895486317,0.00
3326,199895486317,0.00
3327,16139172352,5.60
3328,306220722428,0.70
3329,199895486317,0.00
3330,44540036415,0.30
3331,343415361,2.00
3332,199895486317,0.00
3333,199895486317,0.00
3334,51202015,3708.30
3335,199895486317,0.00
3336,44540036415,0.30
3337,199895486317,0.00
3338,4551716580,10.00
3339,163472865191,0.40
3340,4206775545,181.80
3341,343415361,2.00
3342,199895486317,0.00
3343,2765384257,5.00
3344,148283881641,0.10
3345,163472865191,0.40
3346,34764476733,0.60
3347,199895486317,0.00
3348,199895486317,0.00
3349,199895486317,0.00
3350,199895486317,0.00
3351,54381522,425.50
3352,358986793175,0.80
3353,3104960440,1.70
3354,199895486317,0.00
3355,1680609208,4.00
3356,71477526622,0.50
3357,199895486317,0.00
3358,199895486317,0.00
3359,44540036415,0.30
3360,199895486317,0.00
3361,44540036415,0.30
3362,199895486317,0.00
3363,2392440899,9.00
3364,199895486317,0.00
3365,62238172679,0.20
3366,199895486317,0.00
3367,358986793175,0.80
3368,199895486317,0.00
3369,199895486317,0.00
3370,199895486317,0.00
3371,44540036415,0.30
3372,199895486317,0.00
3373,101928997749,1.00
3374,199895486317,0.00
3375,199895486317,0.00
3376,56361693,1067.90
3377,199895486317,0.00
3378,33407088,691.80
3379,44540036415,0.30
3380,163472865191,0.40
3381,163472865191,0.40
3382,246396345579,0.90
3383,199895486317,0.00
3384,16557587014,10.30
3385,199895486317,0.00
3386,199895486317,0.00
3387,199895486317,0.00
3388,8292862064,20.00
3389,199895486317,0.00
3390,199895486317,0.00
3391,199895486317,0.00
3392,199895486317,0.00
3393,44540036415,0.30
3394,199895486317,0.00
3395,199895486317,0.00
3396,199895486317,0.00
3397,306220722428,0.70
3398,199895486317,0.00
3399,101928997749,1.00
3400,199895486317,0.00
3401,163472865191,0.40
3402,199895486317,0.00
3403,199895486317,0.00
3404,199895486317,0.00
3405,306220722428,0.70
3406,199895486317,0.00
3407,199895486317,0.00
3408,199895486317,0.00
3409,3012979824,2.10
3410,163472865191,0.40
3411,1680609208,4.00
3412,199895486317,0.00
3413,199895486317,0.00
3414,199895486317,0.00
3415,455429765,3.00
3416,199895486317,0.00
3417,1680609208,4.00
3418,602338736,1.20
3419,199895486317,0.00
3420,455429765,3.00
3421,34764476733,0.60
3422,199895486317,0.00
3423,199895486317,0.00
3424,1676906202,202.10
3425,2765384257,5.00
3426,69090171,631.50
3427,972151566,1.30
3428,199895486317,0.00
3429,972151566,1.30
3430,55198283,787.80
3431,306220722428,0.70
3432,199895486317,0.00
3433,199895486317,0.00
3434,1133679013,3.20
3435,64451359770,11.20
3436,37220548,767.40
3437,8749008130,5.40
3438,602338736,1.20
3439,199895486317,0.00
3440,199895486317,0.00
3441,101928997749,1.00
3442,455429765,3.00
3443,199895486317,0.00
3444,358986793175,0.80
3445,148283881641,0.10
3446,54381119,648.50
3447,6877476350,3.40
3448,199895486317,0.00
3449,199895486317,0.00
3450,1282146231,1.50
3451,10731695655,5.70
3452,44540036415,0.30
3453,199895486317,0.00
3454,199895486317,0.00
3455,44540036415,0.30
3456,3550368100,2.90
3457,199895486317,0.00
3458,148283881641,0.10
3459,199895486317,0.00
3460,199895486317,0.00
3461,13959418917,15.00
3462,199895486317,0.00
3463,306220722428,0.70
3464,199895486317,0.00
3465,199895486317,0.00
3466,2963734257,2.20
3467,199895486317,0.00
3468,343415361,2.00
3469,6877476350,3.40
3470,455429765,3.00
3471,199895486317,0.00
3472,17505974162,7.50
3473,199895486317,0.00
3474,44540036415,0.30
3475,44540036415,0.30
3476,199895486317,0.00
3477,76172302,520.10
3478,199895486317,0.00
3479,199895486317,0.00
3480,22342242443,106.40
3481,4164616375,2.50
3482,163472865191,0.40
3483,246396345579,0.90
3484,34764476733,0.60
3485,4551716580,10.00
3486,199895486317,0.00
3487,199895486317,0.00
3488,158874402533,31.50
3489,199895486317,0.00
3490,56814875312,45.20
3491,1282146231,1.50
3492,1133679013,3.20
3493,2806707425,1.40
3494,12446552463,5.50
3495,35825838836,22.20
3496,199895486317,0.00
3497,199895486317,0.00
3498,199895486317,0.00
3499,199895486317,0.00
3500,43069076,1648.40
3501,199895486317,0.00
3502,48660929,884.30
3503,199895486317,0.00
3504,148283881641,0.10
3505,306220722428,0.70
3506,44540036415,0.30
3507,199895486317,0.00
3508,199895486317,0.00
3509,49478099,652.70
3510,199895486317,0.00
3511,3245708999,3.10
3512,199895486317,0.00
3513,2703468428,1.10
3514,101928997749,1.00
3515,199895486317,0.00
3516,199895486317,0.00
3517,358986793175,0.80
3518,199895486317,0.00
3519,64451359770,11.20
3520,44540036415,0.30
3521,44679665268,9.50
3522,199895486317,0.00
3523,199895486317,0.00
3524,52438156036,4.70
3525,62238172679,0.20
3526,1746989723,6.00
3527,199895486317,0.00
3528,2061540558,2.30
3529,62238172679,0.20
3530,76596955519,44.90
3531,199895486317,0.00
3532,84552733055,34.00
3533,199895486317,0.00
3534,199895486317,0.00
3535,45111637397,10.70
3536,148283881641,0.10
3537,1282146231,1.50
3538,44540036415,0.30
3539,199895486317,0.00
3540,199895486317,0.00
3541,358986793175,0.80
3542,199895486317,0.00
3543,163472865191,0.40
3544,199895486317,0.00
3545,199895486317,0.00
3546,776698627,203.80
3547,44540036415,0.30
3548,199895486317,0.00
3549,199895486317,0.00
3550,64642356,1201.50
3551,602338736,1.20
3552,43684052,3852.80
3553,80802935,2941.50
3554,53746754,1195.10
3555,199895486317,0.00
3556,199895486317,0.00
3557,101928997749,1.00
3558,246396345579,0.90
3559,199895486317,0.00
3560,1588394240,3.30
3561,101928997749,1.00
3562,199895486317,0.00
3563,199895486317,0.00
3564,343415361,2.00
3565,15069208,553.70
3566,2061540558,2.30
3567,199895486317,0.00
3568,199895486317,0.00
3569,1133679013,3.20
3570,343415361,2.00
3571,199895486317,0.00
3572,199895486317,0.00
3573,246396345579,0.90
3574,199895486317,0.00
3575,199895486317,0.00
3576,44540036415,0.30
3577,776698627,203.80
3578,199895486317,0.00
3579,358986793175,0.80
3580,62238172679,0.20
3581,343415361,2.00
3582,199895486317,0.00
3583,199895486317,0.00
3584,71477526622,0.50
3585,163472865191,0.40
3586,44540036415,0.30
3587,44540036415,0.30
3588,2703468428,1.10
3589,46555666,1167.40
3590,4812552406,2.60
3591,199895486317,0.00
3592,40610608124,100.90
3593,199895486317,0.00
3594,199895486317,0.00
3595,199895486317,0.00
3596,199895486317,0.00
3597,343415361,2.00
3598,199895486317,0.00
3599,199895486317,0.00
3600,199895486317,0.00
3601,34764476733,0.60
3602,15631109537,5.30
3603,57412506,3452.30
3604,62238172679,0.20
3605,71477526622,0.50
3606,101928997749,1.00
3607,199895486317,0.00
3608,199895486317,0.00
3609,199895486317,0.00
3610,62238172679,0.20
3611,85076405,315.90
3612,26794364489,13.70
3613,455429765,3.00
3614,199895486317,0.00
3615,199895486317,0.00
3616,199895486317,0.00
3617,11050714593,10.20
3618,1588394240,3.30
3619,2153581044,193.10
3620,343415361,2.00
3621,199895486317,0.00
3622,199895486317,0.00
3623,199895486317,0.00
3624,17276024761,12.00
3625,199895486317,0.00
3626,52746788,569.80
3627,33698855,1295.80
3628,455429765,3.00
3629,4812552406,2.60
3630,17276024761,12.00
3631,199895486317,0.00
3632,602338736,1.20
3633,199895486317,0.00
3634,199895486317,0.00
3635,199895486317,0.00
3636,455429765,3.00
3637,148283881641,0.10
3638,199895486317,0.00
3639,199895486317,0.00
3640,199895486317,0.00
3641,199895486317,0.00
3642,101928997749,1.00
3643,199895486317,0.00
3644,199895486317,0.00
3645,11328042856,3.50
3646,71477526622,0.50
3647,101928997749,1.00
3648,44540036415,0.30
3649,2703468428,1.10
3650,199895486317,0.00
3651,71477526622,0.50
3652,972151566,1.30
3653,62238172679,0.20
3654,199895486317,0.00
3655,1680609208,4.00
3656,228292679,220.30
3657,71477526622,0.50
3658,101928997749,1.00
3659,163472865191,0.40
3660,199895486317,0.00
3661,1746989723,6.00
3662,602338736,1.20
3663,199895486317,0.00
3664,148283881641,0.10
3665,199895486317,0.00
3666,199895486317,0.00
3667,199895486317,0.00
3668,199895486317,0.00
3669,73176022,869.40
3670,199895486317,0.00
3671,199895486317,0.00
3672,358986793175,0.80
3673,44540036415,0.30
3674,199895486317,0.00
3675,81075330,627.80
3676,199895486317,0.00
3677,199895486317,0.00
3678,44540036415,0.30
3679,47167676,357.20
3680,199895486317,0.00
3681,44540036415,0.30
3682,75082988,434.10
3683,163472865191,0.40
3684,199895486317,0.00
3685,2703468428,1.10
3686,306220722428,0.70
3687,34764476733,0.60
3688,62238172679,0.20
3689,44540036415,0.30
3690,199895486317,0.00
3691,44540036415,0.30
3692,44540036415,0.30
3693,199895486317,0.00
3694,15499037276,10.50
3695,66638666,2773.40
3696,199895486317,0.00
3697,50039995,5000.00
3698,199895486317,0.00
3699,199895486317,0.00
3700,163472865191,0.40
3701,199895486317,0.00
3702,249378842898,13.20
3703,246396345579,0.90
3704,65192397,346.10
3705,148283881641,0.10
3706,199895486317,0.00
3707,70179743,535.70
3708,45693735,376.20
3709,199895486317,0.00
3710,199895486317,0.00
3711,3012979824,2.10
3712,44540036415,0.30
3713,163472865191,0.40
3714,199895486317,0.00
3715,199895486317,0.00
3716,44540036415,0.30
3717,3012979824,2.10
3718,199895486317,0.00
3719,1763030528,1.80
3720,199895486317,0.00
3721,199895486317,0.00
3722,1746989723,6.00
3723,62238172679,0.20
3724,1362079323,1.60
3725,1588394240,3.30
3726,199895486317,0.00
3727,79440995,864.10
3728,199895486317,0.00
3729,199895486317,0.00
3730,199895486317,0.00
3731,199895486317,0.00
3732,76614095983,22.10
3733,3245708999,3.10
3734,199895486317,0.00
3735,34764476733,0.60
3736,199895486317,0.00
3737,54836321,1426.90
3738,199895486317,0.00
3739,602338736,1.20
3740,1746989723,6.00
3741,19241208569,7.40
3742,199895486317,0.00
3743,199895486317,0.00
3744,199895486317,0.00
3745,50022881,943.30
3746,163472865191,0.40
3747,199895486317,0.00
3748,199895486317,0.00
3749,358986793175,0.80
3750,199895486317,0.00
3751,37165068,321.10
3752,1746989723,6.00
3753,199895486317,0.00
3754,199895486317,0.00
3755,7080090989,1.90
3756,199895486317,0.00
3757,163472865191,0.40
3758,3012979824,2.10
3759,602338736,1.20
3760,148283881641,0.10
3761,23892816,1807.30
3762,199895486317,0.00
3763,199895486317,0.00
3764,2835484791,2.40
3765,199895486317,0.00
3766,199635710010,12.60
3767,199895486317,0.00
3768,343415361,2.00
3769,199895486317,0.00
3770,44540036415,0.30
3771,199895486317,0.00
3772,50022874,554.80
3773,34764476733,0.60
3774,246396345579,0.90
3775,199895486317,0.00
3776,148283881641,0.10
3777,455429765,3.00
3778,199895486317,0.00
3779,602338736,1.20
3780,101499949,263.70
3781,45030279,1766.70
3782,199895486317,0.00
3783,62238172679,0.20
3784,343415361,2.00
3785,2677807330,4.20
3786,199895486317,0.00
3787,6952771661,2.70
3788,199895486317,0.00
3789,62238172679,0.20
3790,53019179,2267.70
3791,199895486317,0.00
3792,343415361,2.00
3793,50840059,4437.90
3794,148283881641,0.10
3795,2806707425,1.40
3796,199895486317,0.00
3797,199895486317,0.00
3798,101928997749,1.00
3799,34764476733,0.60
3800,199895486317,0.00
3801,1680609208,4.00
3802,34764476733,0.60
3803,199895486317,0.00
3804,455429765,3.00
3805,44540036415,0.30
3806,148283881641,0.10
3807,199895486317,0.00
3808,29624055337,10.80
3809,148283881641,0.10
3810,2703468428,1.10
3811,199895486317,0.00
3812,44540036415,0.30
3813,44540036415,0.30
3814,199895486317,0.00
3815,246396345579,0.90
3816,57183423,298.00
3817,34570511,1580.90
3818,44540036415,0.30
3819,199895486317,0.00
3820,199895486317,0.00
3821,306220722428,0.70
3822,11328042856,3.50
3823,36675768,475.30
3824,163472865191,0.40
3825,199895486317,0.00
3826,455429765,3.00
3827,148283881641,0.10
3828,199895486317,0.00
3829,199895486317,0.00
3830,199895486317,0.00
3831,199895486317,0.00
3832,199895486317,0.00
3833,199895486317,0.00
3834,455429765,3.00
3835,199895486317,0.00
3836,1680609208,4.00
3837,199895486317,0.00
3838,1680609208,4.00
3839,41034024,613.40
3840,56667769082,32.00
3841,44847477,634.70
3842,199895486317,0.00
3843,44540036415,0.30
3844,199895486317,0.00
3845,199895486317,0.00
3846,63147683,320.60
3847,3104960440,1.70
3848,343415361,2.00
3849,602338736,1.20
3850,343415361,2.00
3851,62238172679,0.20
3852,1282146231,1.50
3853,83888803,3053.90
3854,199895486317,0.00
3855,2806707425,1.40
3856,343415361,2.00
3857,41034008,881.60
3858,199895486317,0.00
3859,199895486317,0.00
3860,199895486317,0.00
3861,199895486317,0.00
3862,65949819,1190.00
3863,48399032,388.80
3864,71250184776,47.50
3865,199895486317,0.00
3866,199895486317,0.00
3867,49388520,1566.20
3868,74810354,868.00
3869,199895486317,0.00
3870,199895486317,0.00
3871,35048718,389.30
3872,53848009146,21.10
3873,199895486317,0.00
3874,44540036415,0.30
3875,199895486317,0.00
3876,51657212,816.30
3877,49478094,680.30
3878,44540036415,0.30
3879,199895486317,0.00
3880,12808072616,5.80
3881,455429765,3.00
3882,17239993035,101.20
3883,18810633,1342.00
3884,1746989723,6.00
3885,34764476733,0.60
3886,3543457588,185.20
3887,199895486317,0.00
3888,1588394240,3.30
3889,199895486317,0.00
3890,34764476733,0.60
3891,3012979824,2.10
3892,199895486317,0.00
3893,199895486317,0.00
3894,199895486317,0.00
3895,455429765,3.00
3896,44540036415,0.30
3897,199895486317,0.00
3898,199895486317,0.00
3899,199895486317,0.00
3900,199895486317,0.00
3901,199895486317,0.00
3902,199895486317,0.00
3903,199895486317,0.00
3904,199895486317,0.00
3905,199895486317,0.00
3906,199895486317,0.00
3907,4464820305,6.20
3908,199895486317,0.00
3909,199895486317,0.00
3910,199895486317,0.00
3911,343415361,2.00
3912,455429765,3.00
3913,199895486317,0.00
3914,58976643,1201.90
3915,2677807330,4.20
3916,199895486317,0.00
3917,199895486317,0.00
3918,199895486317,0.00
3919,199895486317,0.00
3920,4464820305,6.20
3921,199895486317,0.00
3922,101928997749,1.00
3923,2703468428,1.10
3924,358986793175,0.80
3925,199895486317,0.00
3926,53836334,808.80
3927,199895486317,0.00
3928,6952771661,2.70
3929,199895486317,0.00
3930,199895486317,0.00
3931,199895486317,0.00
3932,40018304,1936.70
3933,199895486317,0.00
3934,1746989723,6.00
3935,199895486317,0.00
3936,44540036415,0.30
3937,199895486317,0.00
3938,199895486317,0.00
3939,199895486317,0.00
3940,29321256,466.00
3941,199895486317,0.00
3942,199895486317,0.00
3943,199895486317,0.00
3944,1763030528,1.80
3945,199895486317,0.00
3946,44540036415,0.30
3947,71477526622,0.50
3948,199895486317,0.00
3949,199895486317,0.00
3950,199895486317,0.00
3951,199895486317,0.00
3952,42210962472,8.80
3953,199895486317,0.00
3954,163472865191,0.40
3955,4342371353,4.30
3956,1362079323,1.60
3957,50039995,5000.00
3958,26027409838,4.80
3959,199895486317,0.00
3960,199895486317,0.00
3961,1133679013,3.20
3962,199895486317,0.00
3963,62238172679,0.20
3964,602338736,1.20
3965,199895486317,0.00
3966,199895486317,0.00
3967,199895486317,0.00
3968,246396345579,0.90
3969,44540036415,0.30
3970,343415361,2.00
3971,199895486317,0.00
3972,306220722428,0.70
3973,199895486317,0.00
3974,148283881641,0.10
3975,1680609208,4.00
3976,101928997749,1.00
3977,101928997749,1.00
3978,199895486317,0.00
3979,199895486317,0.00
3980,22457062991,6.40
3981,34764476733,0.60
3982,3104960440,1.70
3983,14028854931,141.50
3984,71955891,329.00
3985,199895486317,0.00
3986,199895486317,0.00
3987,199895486317,0.00
3988,101928997749,1.00
3989,44540036415,0.30
3990,199895486317,0.00
3991,199895486317,0.00
3992,101928997749,1.00
3993,199895486317,0.00
3994,44540036415,0.30
3995,199895486317,0.00
3996,41107866,1068.60
3997,62238172679,0.20
3998,50287247547,25.10
3999,2835484791,2.40
4000,71477526622,0.50
4001,22296429237,10.60
4002,199895486317,0.00
4003,29031406414,6.80
4004,199895486317,0.00
4005,4164616375,2.50
4006,34764476733,0.60
4007,199895486317,0.00
4008,34764476733,0.60
4009,199895486317,0.00
4010,44540036415,0.30
4011,199895486317,0.00
4012,199895486317,0.00
4013,44540036415,0.30
4014,199895486317,0.00
4015,62238172679,0.20
4016,199895486317,0.00
4017,199895486317,0.00
4018,199895486317,0.00
4019,76444701,591.00
4020,44540036415,0.30
4021,4164616375,2.50
4022,1362079323,1.60
4023,62238172679,0.20
4024,199895486317,0.00
4025,343415361,2.00
4026,246396345579,0.90
4027,199895486317,0.00
4028,48070968504,11.80
4029,199895486317,0.00
4030,343415361,2.00
4031,199895486317,0.00
4032,199895486317,0.00
4033,50039995,5000.00
4034,199895486317,0.00
4035,199895486317,0.00
4036,199895486317,0.00
4037,44030298,715.40
4038,71477526622,0.50
4039,199895486317,0.00
4040,199895486317,0.00
4041,199895486317,0.00
4042,199895486317,0.00
4043,47761654,267.20
4044,199895486317,0.00
4045,11164776665,3.90
4046,199895486317,0.00
4047,44540036415,0.30
4048,2963734257,2.20
4049,64731928,546.80
4050,199895486317,0.00
4051,2835484791,2.40
4052,13673264028,4.10
4053,199895486317,0.00
4054,2765384257,5.00
4055,34764476733,0.60
4056,199895486317,0.00
4057,163472865191,0.40
4058,13689703,1020.70
4059,1133679013,3.20
4060,163472865191,0.40
4061,1680609208,4.00
4062,2061540558,2.30
4063,455429765,3.00
4064,199895486317,0.00
4065,56361700,1571.30
4066,62238172679,0.20
4067,62238172679,0.20
4068,199895486317,0.00
4069,63988613,1329.70
4070,199895486317,0.00
4071,3104960440,1.70
4072,199895486317,0.00
4073,199895486317,0.00
4074,199895486317,0.00
4075,15709845480,6.60
4076,10700883024,2.80
4077,1746989723,6.00
4078,163472865191,0.40
4079,199895486317,0.00
4080,199895486317,0.00
4081,199895486317,0.00
4082,26725669,1068.50
4083,2765384257,5.00
4084,602338736,1.20
4085,199895486317,0.00
4086,2703468428,1.10
4087,199895486317,0.00
4088,34764476733,0.60
4089,62238172679,0.20
4090,199895486317,0.00
4091,1746989723,6.00
4092,163472865191,0.40
4093,199895486317,0.00
4094,163472865191,0.40
4095,71269299,2675.70
4096,199895486317,0.00
4097,602338736,1.20
4098,358986793175,0.80
4099,199895486317,0.00
4100,246396345579,0.90
4101,11050714593,10.20
4102,199895486317,0.00
4103,163472865191,0.40
4104,199895486317,0.00
4105,199895486317,0.00
4106,62238172679,0.20
4107,199895486317,0.00
4108,199895486317,0.00
4109,136777079145,32.40
4110,3012979824,2.10
4111,199895486317,0.00
4112,1125599259,218.90
4113,71477526622,0.50
4114,199895486317,0.00
4115,199895486317,0.00
4116,1763030528,1.80
4117,199895486317,0.00
4118,62238172679,0.20
4119,56015470,475.40
4120,199895486317,0.00
4121,19048594089,9.40
4122,199895486317,0.00
4123,2806707425,1.40
4124,31519733,1288.70
4125,4164616375,2.50
4126,199895486317,0.00
4127,246396345579,0.90
4128,163472865191,0.40
4129,281371513,238.50
4130,455429765,3.00
4131,199895486317,0.00
4132,34764476733,0.60
4133,62238172679,0.20
4134,75627537,2255.50
4135,306220722428,0.70
4136,199895486317,0.00
4137,199895486317,0.00
4138,71477526622,0.50
4139,71477526622,0.50
4140,199895486317,0.00
4141,306220722428,0.70
4142,455429765,3.00
4143,199895486317,0.00
4144,11529917142,7.00
4145,199895486317,0.00
4146,44540036415,0.30
4147,199895486317,0.00
4148,199895486317,0.00
4149,2963734257,2.20
4150,6685381110,3.60
4151,2806707425,1.40
4152,199895486317,0.00
4153,34764476733,0.60
4154,2806707425,1.40
4155,199895486317,0.00
4156,62238172679,0.20
4157,1362079323,1.60
4158,199895486317,0.00
4159,101928997749,1.00
4160,2703468428,1.10
4161,199895486317,0.00
4162,199895486317,0.00
4163,148283881641,0.10
4164,101928997749,1.00
4165,199895486317,0.00
4166,148283881641,0.10
4167,163472865191,0.40
4168,199895486317,0.00
4169,43984284138,97.10
4170,148283881641,0.10
4171,71477526622,0.50
4172,199895486317,0.00
4173,148283881641,0.10
4174,199895486317,0.00
4175,358986793175,0.80
4176,75025558739,7.90
4177,44540036415,0.30
4178,34764476733,0.60
4179,199895486317,0.00
4180,72585340893,11.60
4181,62238172679,0.20
4182,59855383,342.10
4183,199895486317,0.00
4184,199895486317,0.00
4185,455429765,3.00
4186,199895486317,0.00
4187,199895486317,0.00
4188,10222831263,20.60
4189,148283881641,0.10
4190,71477526622,0.50
4191,199895486317,0.00
4192,148283881641,0.10
4193,148283881641,0.10
4194,199895486317,0.00
4195,1282146231,1.50
4196,199895486317,0.00
4197,2703468428,1.10
4198,1133679013,3.20
4199,13689703,1020.70
4200,199895486317,0.00
4201,3245708999,3.10
4202,108322184306,12.40
4203,199895486317,0.00
4204,2835484791,2.40
4205,199895486317,0.00
4206,199895486317,0.00
4207,199895486317,0.00
4208,199895486317,0.00
4209,34764476733,0.60
4210,306220722428,0.70
4211,358986793175,0.80
4212,199895486317,0.00
4213,199895486317,0.00
4214,44540036415,0.30
4215,50039995,5000.00
4216,246396345579,0.90
4217,199895486317,0.00
4218,199895486317,0.00
4219,306220722428,0.70
4220,602338736,1.20
4221,246396345579,0.90
4222,1680609208,4.00
4223,427640975,228.30
4224,455429765,3.00
4225,199895486317,0.00
4226,1133679013,3.20
4227,199895486317,0.00
4228,28231686,948.80
4229,455429765,3.00
4230,11164776665,3.90
4231,246396345579,0.90
4232,56093298926,67.30
4233,148283881641,0.10
4234,343415361,2.00
4235,199895486317,0.00
4236,6547760920,150.80
4237,8749008130,5.40
4238,306220722428,0.70
4239,148283881641,0.10
4240,199895486317,0.00
4241,199895486317,0.00
4242,972151566,1.30
4243,48793680,358.40
4244,15709845480,6.60
4245,199895486317,0.00
4246,62238172679,0.20
4247,7290472237,8.00
4248,246396345579,0.90
4249,199895486317,0.00
4250,602338736,1.20
4251,154315514574,24.50
4252,1362079323,1.60
4253,199895486317,0.00
4254,44540036415,0.30
4255,101928997749,1.00
4256,358986793175,0.80
4257,31139708803,14.00
4258,199895486317,0.00
4259,57451262,1134.00
4260,199895486317,0.00
4261,1588394240,3.30
4262,2765384257,5.00
4263,199895486317,0.00
4264,455429765,3.00
4265,66911049,4741.70
4266,44540036415,0.30
4267,2765384257,5.00
4268,1680609208,4.00
4269,62238172679,0.20
4270,199895486317,0.00
4271,72086454,637.30
4272,199895486317,0.00
4273,64520155603,14.30
4274,34204883,3497.00
4275,199895486317,0.00
4276,199895486317,0.00
4277,2061540558,2.30
4278,199895486317,0.00
4279,63552798,1651.00
4280,71477526622,0.50
4281,199895486317,0.00
4282,199895486317,0.00
4283,62238172679,0.20
4284,199895486317,0.00
4285,71477526622,0.50
4286,163472865191,0.40
4287,199895486317,0.00
4288,199895486317,0.00
4289,199895486317,0.00
4290,199895486317,0.00
4291,1362079323,1.60
4292,3104960440,1.70
4293,62238172679,0.20
4294,199895486317,0.00
4295,148283881641,0.10
4296,148283881641,0.10
4297,34764476733,0.60
4298,199895486317,0.00
4299,8292862064,20.00
4300,199895486317,0.00
4301,199895486317,0.00
4302,199895486317,0.00
4303,199895486317,0.00
4304,44540036415,0.30
4305,199895486317,0.00
4306,163472865191,0.40
4307,246396345579,0.90
4308,199895486317,0.00
4309,148283881641,0.10
4310,148283881641,0.10
4311,93436943978,17.70
4312,199895486317,0.00
4313,43965639867,6.70
4314,343415361,2.00
4315,199895486317,0.00
4316,15631109537,5.30
4317,62238172679,0.20
4318,4164616375,2.50
4319,199895486317,0.00
4320,30148617758,11.70
4321,62238172679,0.20
4322,62238172679,0.20
4323,10222831263,20.60
4324,25921641878,102.20
4325,199895486317,0.00
4326,199895486317,0.00
4327,199895486317,0.00
4328,199895486317,0.00
4329,199895486317,0.00
4330,199895486317,0.00
4331,199895486317,0.00
4332,1680609208,4.00
4333,199895486317,0.00
4334,199895486317,0.00
4335,8292862064,20.00
4336,163472865191,0.40
4337,101928997749,1.00
4338,199895486317,0.00
4339,44540036415,0.30
4340,199895486317,0.00
4341,1680609208,4.00
4342,11529917142,7.00
4343,199895486317,0.00
4344,199895486317,0.00
4345,199895486317,0.00
4346,44540036415,0.30
4347,4342371353,4.30
4348,3104960440,1.70
4349,199895486317,0.00
4350,62238172679,0.20
4351,199895486317,0.00
4352,101928997749,1.00
4353,80273035,390.60
4354,199895486317,0.00
4355,199895486317,0.00
4356,3104960440,1.70
4357,50840052,961.70
4358,199895486317,0.00
4359,199895486317,0.00
4360,15631109537,5.30
4361,46209428,665.80
4362,972151566,1.30
4363,3245708999,3.10
4364,148283881641,0.10
4365,199895486317,0.00
4366,11050714593,10.20
4367,199895486317,0.00
4368,199895486317,0.00
4369,37403360,1173.60
4370,199895486317,0.00
4371,16545492703,11.00
4372,2061540558,2.30
4373,199895486317,0.00
4374,199895486317,0.00
4375,199895486317,0.00
4376,101928997749,1.00
4377,246396345579,0.90
4378,9332603762,6.90
4379,64520155603,14.30
4380,246396345579,0.90
4381,36403393,752.80
4382,199895486317,0.00
4383,38854904,2455.30
4384,199895486317,0.00
4385,199895486317,0.00
4386,2963734257,2.20
4387,44540036415,0.30
4388,199895486317,0.00
4389,199895486317,0.00
4390,62238172679,0.20
4391,71477526622,0.50
4392,34764476733,0.60
4393,133408624970,18.70
4394,1680609208,4.00
4395,76444712,943.50
4396,148283881641,0.10
4397,199895486317,0.00
4398,199895486317,0.00
4399,199895486317,0.00
4400,16872096438,5.20
4401,148283881641,0.10
4402,343415361,2.00
4403,199895486317,0.00
4404,343415361,2.00
4405,1282146231,1.50
4406,163472865191,0.40
4407,199895486317,0.00
4408,199895486317,0.00
4409,22457062991,6.40
4410,199895486317,0.00
4411,2703468428,1.10
4412,199895486317,0.00
4413,199895486317,0.00
4414,65028602,382.50
4415,306220722428,0.70
4416,44540036415,0.30
4417,163472865191,0.40
4418,199895486317,0.00
4419,199895486317,0.00
4420,199895486317,0.00
4421,199895486317,0.00
4422,199895486317,0.00
4423,199895486317,0.00
4424,199895486317,0.00
4425,62238172679,0.20
4426,1362079323,1.60
4427,199895486317,0.00
4428,199895486317,0.00
4429,199895486317,0.00
4430,71477526622,0.50
4431,2703468428,1.10
4432,199895486317,0.00
4433,4551716580,10.00
4434,199895486317,0.00
4435,30212264,1437.10
4436,8001736986,4.40
4437,199895486317,0.00
4438,972151566,1.30
4439,63552792,1511.90
4440,3012979824,2.10
4441,34764476733,0.60
4442,62238172679,0.20
4443,163472865191,0.40
4444,148283881641,0.10
4445,44594459,1799.10
4446,53291553,887.50
4447,199895486317,0.00
4448,199895486317,0.00
4449,51131810,1277.80
4450,246396345579,0.90
4451,54213994119,11.30
4452,199895486317,0.00
4453,148283881641,0.10
4454,4164616375,2.50
4455,163472865191,0.40
4456,199895486317,0.00
4457,199895486317,0.00
4458,64424448,1168.50
4459,199895486317,0.00
4460,199895486317,0.00
4461,199895486317,0.00
4462,84593945599,13.60
4463,1133679013,3.20
4464,20868322887,96.90
4465,199895486317,0.00
4466,199895486317,0.00
4467,29624055337,10.80
4468,199895486317,0.00
4469,199895486317,0.00
4470,71477526622,0.50
4471,199895486317,0.00
4472,343415361,2.00
4473,34764476733,0.60
4474,62238172679,0.20
4475,1680609208,4.00
4476,199895486317,0.00
4477,199895486317,0.00
4478,199895486317,0.00
4479,163472865191,0.40
4480,44540036415,0.30
4481,602338736,1.20
4482,199895486317,0.00
4483,17125220685,64.00
4484,44540036415,0.30
4485,34764476733,0.60
4486,199895486317,0.00
4487,44540036415,0.30
4488,4812552406,2.60
4489,199895486317,0.00
4490,2703468428,1.10
4491,2061540558,2.30
4492,31083920,1205.00
4493,199895486317,0.00
4494,34764476733,0.60
4495,11529917142,7.00
4496,2392440899,9.00
4497,2703468428,1.10
4498,47528348690,30.60
4499,199895486317,0.00
4500,199895486317,0.00
4501,199895486317,0.00
4502,50039995,5000.00
4503,58540811,1172.50
4504,199895486317,0.00
4505,62238172679,0.20
4506,199895486317,0.00
4507,2061540558,2.30
4508,34764476733,0.60
4509,148283881641,0.10
4510,199895486317,0.00
4511,69090172,971.80
4512,1746989723,6.00
4513,602338736,1.20
4514,246396345579,0.90
4515,602338736,1.20
4516,199895486317,0.00
4517,60284111,1204.30
4518,17276024761,12.00
4519,1282146231,1.50
4520,199895486317,0.00
4521,199895486317,0.00
4522,199895486317,0.00
4523,199895486317,0.00
4524,199895486317,0.00
4525,306220722428,0.70
4526,358986793175,0.80
4527,455429765,3.00
4528,34764476733,0.60
4529,199895486317,0.00
4530,17276024761,12.00
4531,71477526622,0.50
4532,101928997749,1.00
4533,34764476733,0.60
4534,358986793175,0.80
4535,62238172679,0.20
4536,34764476733,0.60
4537,199895486317,0.00
4538,199895486317,0.00
4539,199895486317,0.00
4540,101928997749,1.00
4541,199895486317,0.00
4542,44540036415,0.30
4543,109136137636,62.30
4544,2061540558,2.30
4545,199895486317,0.00
4546,199895486317,0.00
4547,26071933,1146.10
4548,602338736,1.20
4549,343415361,2.00
4550,44540036415,0.30
4551,44540036415,0.30
4552,358986793175,0.80
4553,5415078903,144.40
4554,199895486317,0.00
4555,246396345579,0.90
4556,199895486317,0.00
4557,5386150675,3.70
4558,199895486317,0.00
4559,101928997749,1.00
4560,199895486317,0.00
4561,14009758587,9.30
4562,199895486317,0.00
4563,199895486317,0.00
4564,199895486317,0.00
4565,62238172679,0.20
4566,199895486317,0.00
4567,199895486317,0.00
4568,199895486317,0.00
4569,71477526622,0.50
4570,199895486317,0.00
4571,16557587014,10.30
4572,199895486317,0.00
4573,199895486317,0.00
4574,199895486317,0.00
4575,199895486317,0.00
4576,199895486317,0.00
4577,148283881641,0.10
4578,972151566,1.30
4579,148283881641,0.10
4580,199895486317,0.00
4581,3104960440,1.70
4582,305832391,246.10
4583,199895486317,0.00
4584,1746989723,6.00
4585,2392440899,9.00
4586,5386150675,3.70
4587,71477526622,0.50
4588,199895486317,0.00
4589,101928997749,1.00
4590,71477526622,0.50
4591,199895486317,0.00
4592,1282146231,1.50
4593,62238172679,0.20
4594,1588394240,3.30
4595,199895486317,0.00
4596,199895486317,0.00
4597,602338736,1.20
4598,199895486317,0.00
4599,199895486317,0.00
4600,4551716580,10.00
4601,199895486317,0.00
4602,34764476733,0.60
4603,199895486317,0.00
4604,62238172679,0.20
4605,199895486317,0.00
4606,163472865191,0.40
4607,148283881641,0.10
4608,1133679013,3.20
4609,62238172679,0.20
4610,3104960440,1.70
4611,34764476733,0.60
4612,199895486317,0.00
4613,32862323,654.00
4614,343415361,2.00
4615,2703468428,1.10
4616,199895486317,0.00
4617,199895486317,0.00
4618,358986793175,0.80
4619,199895486317,0.00
4620,199895486317,0.00
4621,183032029,257.00
4622,62238172679,0.20
4623,34764476733,0.60
4624,199895486317,0.00
4625,199895486317,0.00
4626,44540036415,0.30
4627,63546478708,44.40
4628,34764476733,0.60
4629,199895486317,0.00
4630,82709674,509.50
4631,199895486317,0.00
4632,199895486317,0.00
4633,2677807330,4.20
4634,199895486317,0.00
4635,343415361,2.00
4636,199895486317,0.00
4637,199895486317,0.00
4638,10731695655,5.70
4639,19048594089,9.40
4640,62238172679,0.20
4641,199895486317,0.00
4642,199895486317,0.00
4643,343415361,2.00
4644,2806707425,1.40
4645,199895486317,0.00
4646,44540036415,0.30
4647,199895486317,0.00
4648,199895486317,0.00
4649,199895486317,0.00
4650,199895486317,0.00
4651,199895486317,0.00
4652,199895486317,0.00
4653,8001736986,4.40
4654,101928997749,1.00
4655,358986793175,0.80
4656,101928997749,1.00
4657,199895486317,0.00
4658,199895486317,0.00
4659,358986793175,0.80
4660,62238172679,0.20
4661,199895486317,0.00
4662,199895486317,0.00
4663,199895486317,0.00
4664,44540036415,0.30
4665,34764476733,0.60
4666,199895486317,0.00
4667,109997200,289.10
4668,127169429883,32.30
4669,163472865191,0.40
4670,199895486317,0.00
4671,62238172679,0.20
4672,199895486317,0.00
4673,44540036415,0.30
4674,199895486317,0.00
4675,199895486317,0.00
4676,4551716580,10.00
4677,199895486317,0.00
4678,56560236,2302.10
4679,246396345579,0.90
4680,44540036415,0.30
4681,6952771661,2.70
4682,199895486317,0.00
4683,199895486317,0.00
4684,199895486317,0.00
4685,4551716580,10.00
4686,44540036415,0.30
4687,42703457,3886.40
4688,163472865191,0.40
4689,44540036415,0.30
4690,199895486317,0.00
4691,199895486317,0.00
4692,343415361,2.00
4693,34764476733,0.60
4694,199895486317,0.00
4695,199895486317,0.00
4696,44540036415,0.30
4697,199895486317,0.00
4698,199895486317,0.00
4699,3361179683,188.00
4700,34764476733,0.60
4701,3012979824,2.10
4702,199895486317,0.00
4703,306220722428,0.70
4704,41661100051,70.40
4705,199895486317,0.00
4706,199895486317,0.00
4707,199895486317,0.00
4708,199895486317,0.00
4709,61155756,1683.00
4710,549704348,218.70
4711,64187164,736.30
4712,122261579534,45.00
4713,199895486317,0.00
4714,199895486317,0.00
4715,455429765,3.00
4716,12446552463,5.50
4717,1362079323,1.60
4718,34764476733,0.60
4719,19241208569,7.40
4720,199895486317,0.00
4721,11050714593,10.20
4722,163472865191,0.40
4723,34764476733,0.60
4724,199895486317,0.00
4725,4812552406,2.60
4726,1133679013,3.20
4727,199895486317,0.00
4728,343415361,2.00
4729,199895486317,0.00
4730,199895486317,0.00
4731,199895486317,0.00
4732,343415361,2.00
4733,199895486317,0.00
4734,455429765,3.00
4735,36415435,383.90
4736,44540036415,0.30
4737,62238172679,0.20
4738,148283881641,0.10
4739,199895486317,0.00
4740,7290472237,8.00
4741,199895486317,0.00
4742,199895486317,0.00
4743,199895486317,0.00
4744,199895486317,0.00
4745,199895486317,0.00
4746,29776444,1407.90
4747,4848141218,30.00
4748,71477526622,0.50
4749,6952771661,2.70
4750,62238172679,0.20
4751,199895486317,0.00
4752,199895486317,0.00
4753,343415361,2.00
4754,148283881641,0.10
4755,199895486317,0.00
4756,199895486317,0.00
4757,199895486317,0.00
4758,29122708,1072.90
4759,71477526622,0.50
4760,199895486317,0.00
4761,44049964,380.40
4762,71477526622,0.50
4763,50039995,5000.00
4764,246396345579,0.90
4765,199895486317,0.00
4766,47209395,1133.50
4767,10823418976,6.10
4768,199895486317,0.00
4769,199895486317,0.00
4770,199895486317,0.00
4771,1362079323,1.60
4772,59828927,742.70
4773,3104960440,1.70
4774,199895486317,0.00
4775,44540036415,0.30
4776,44540036415,0.30
4777,2703468428,1.10
4778,199895486317,0.00
4779,44540036415,0.30
4780,11328042856,3.50
4781,199895486317,0.00
4782,199895486317,0.00
4783,199895486317,0.00
4784,306220722428,0.70
4785,199895486317,0.00
4786,50840041,888.00
4787,455429765,3.00
4788,62238172679,0.20
4789,358986793175,0.80
4790,199895486317,0.00
4791,1282146231,1.50
4792,71477526622,0.50
4793,50039995,5000.00
4794,6518884530,6.50
4795,4164616375,2.50
4796,199895486317,0.00
4797,44540036415,0.30
4798,358986793175,0.80
4799,34764476733,0.60
4800,45111637397,10.70
4801,163472865191,0.40
4802,60918469,895.50
4803,199895486317,0.00
4804,2765384257,5.00
4805,34764476733,0.60
4806,199895486317,0.00
4807,44540036415,0.30
4808,306220722428,0.70
4809,199895486317,0.00
4810,199895486317,0.00
4811,199895486317,0.00
4812,199895486317,0.00
4813,44540036415,0.30
4814,1362079323,1.60
4815,199895486317,0.00
4816,17125220685,64.00
4817,44540036415,0.30
4818,199895486317,0.00
4819,199895486317,0.00
4820,163472865191,0.40
4821,44540036415,0.30
4822,306220722428,0.70
4823,62238172679,0.20
4824,199895486317,0.00
4825,199895486317,0.00
4826,199895486317,0.00
4827,2806707425,1.40
4828,199895486317,0.00
4829,10700883024,2.80
4830,199895486317,0.00
4831,62624588,308.20
4832,62238172679,0.20
4833,62245328,1549.20
4834,199895486317,0.00
4835,199895486317,0.00
4836,203273681,245.30
4837,199895486317,0.00
4838,2765384257,5.00
4839,199895486317,0.00
4840,62238172679,0.20
4841,199895486317,0.00
4842,246396345579,0.90
4843,44540036415,0.30
4844,1680609208,4.00
4845,199895486317,0.00
4846,1746989723,6.00
4847,4812552406,2.60
4848,199895486317,0.00
4849,148283881641,0.10
4850,199895486317,0.00
4851,34764476733,0.60
4852,199895486317,0.00
4853,62238172679,0.20
4854,34764476733,0.60
4855,163472865191,0.40
4856,50039995,5000.00
4857,199895486317,0.00
4858,38557888313,21.00
4859,62238172679,0.20
4860,53163231,3621.30
4861,3104960440,1.70
4862,246396345579,0.90
4863,73732660,392.20
4864,101928997749,1.00
4865,44540036415,0.30
4866,199895486317,0.00
4867,10823418976,6.10
4868,199895486317,0.00
4869,199895486317,0.00
4870,2061540558,2.30
4871,6809361608,4.60
4872,199895486317,0.00
4873,199895486317,0.00
4874,3012979824,2.10
4875,101928997749,1.00
4876,16878386038,7.20
4877,199895486317,0.00
4878,199895486317,0.00
4879,6877476350,3.40
4880,246396345579,0.90
4881,163472865191,0.40
4882,972151566,1.30
4883,199895486317,0.00
4884,199895486317,0.00
4885,34764476733,0.60
4886,199895486317,0.00
4887,199895486317,0.00
4888,50022890,499.20
4889,44033150241,41.00
4890,199895486317,0.00
4891,199895486317,0.00
4892,306220722428,0.70
4893,62238172679,0.20
4894,199895486317,0.00
4895,44540036415,0.30
4896,199895486317,0.00
4897,199895486317,0.00
4898,306220722428,0.70
4899,199895486317,0.00
4900,4812552406,2.60
4901,44540036415,0.30
4902,62238172679,0.20
4903,246396345579,0.90
4904,199895486317,0.00
4905,34874048349,11.50
4906,19241208569,7.40
4907,199895486317,0.00
4908,24982386,1595.60
4909,101928997749,1.00
4910,163472865191,0.40
4911,22129357548,126.70
4912,602338736,1.20
4913,84082383106,30.90
4914,3012979824,2.10
4915,34764476733,0.60
4916,2296797710,176.70
4917,199895486317,0.00
4918,44540036415,0.30
4919,199895486317,0.00
4920,343415361,2.00
4921,199895486317,0.00
4922,91868630584,15.60
4923,34764476733,0.60
4924,199895486317,0.00
4925,2765384257,5.00
4926,306220722428,0.70
4927,199895486317,0.00
4928,57922495,428.70
4929,199895486317,0.00
4930,70452115,666.30
4931,50567652,534.20
4932,1588394240,3.30
4933,199895486317,0.00
4934,30683195,536.60
4935,34764476733,0.60
4936,82908200,3332.10
4937,246396345579,0.90
4938,5386150675,3.70
4939,306220722428,0.70
4940,34764476733,0.60
4941,199895486317,0.00
4942,44540036415,0.30
4943,50039995,5000.00
4944,3012979824,2.10
4945,44540036415,0.30
4946,71477526622,0.50
4947,199895486317,0.00
4948,455429765,3.00
4949,101928997749,1.00
4950,6685381110,3.60
4951,199895486317,0.00
4952,199895486317,0.00
4953,455429765,3.00
4954,199895486317,0.00
4955,199895486317,0.00
4956,8292862064,20.00
4957,199895486317,0.00
4958,34769039,2023.80
4959,246396345579,0.90
4960,44540036415,0.30
4961,34764476733,0.60
4962,199895486317,0.00
4963,1680609208,4.00
4964,71477526622,0.50
4965,42940737,2570.80
4966,2806707425,1.40
4967,2765384257,5.00
4968,199895486317,0.00
4969,199895486317,0.00
4970,199895486317,0.00
4971,455429765,3.00
4972,79440995,935.20
4973,62238172679,0.20
4974,602338736,1.20
4975,199895486317,0.00
4976,34764476733,0.60
4977,62238172679,0.20
4978,199895486317,0.00
4979,62238172679,0.20
4980,199895486317,0.00
4981,358986793175,0.80
4982,1680609208,4.00
4983,4551716580,10.00
4984,163472865191,0.40
4985,101928997749,1.00
4986,199895486317,0.00
4987,455429765,3.00
4988,62238172679,0.20
4989,199895486317,0.00
4990,71477526622,0.50
4991,148283881641,0.10
4992,455429765,3.00
4993,199895486317,0.00
4994,26794364489,13.70
4995,1282146231,1.50
4996,343415361,2.00
4997,48247104025,12.80
4998,1282146231,1.50
4999,8292862064,20.00
5000,44540036415,0.30
5001,199895486317,0.00
5002,8674044250,149.20
5003,199895486317,0.00
5004,602338736,1.20
5005,1133679013,3.20
5006,199895486317,0.00
5007,71477526622,0.50
5008,61190863,2701.90
5009,455429765,3.00
5010,50039995,5000.00
5011,148283881641,0.10
5012,72585340893,11.60
5013,148283881641,0.10
5014,199895486317,0.00
5015,26289847,1012.20
5016,199895486317,0.00
5017,44540036415,0.30
5018,4949434289,164.70
5019,44540036415,0.30
5020,199895486317,0.00
5021,2392440899,9.00
5022,455429765,3.00
5023,199895486317,0.00
5024,1133679013,3.20
5025,199895486317,0.00
5026,199895486317,0.00
5027,101928997749,1.00
5028,199895486317,0.00
5029,7290472237,8.00
5030,44540036415,0.30
5031,343415361,2.00
5032,1746989723,6.00
5033,306220722428,0.70
5034,163472865191,0.40
5035,23302949382,61.30
5036,246396345579,0.90
5037,199895486317,0.00
5038,199895486317,0.00
5039,358986793175,0.80
5040,246396345579,0.90
5041,62238172679,0.20
5042,101928997749,1.00
5043,29593635,622.10
5044,62238172679,0.20
5045,148283881641,0.10
5046,199895486317,0.00
5047,44540036415,0.30
5048,22296429237,10.60
5049,199895486317,0.00
5050,59046853,3458.40
5051,199895486317,0.00
5052,199895486317,0.00
5053,106472062632,24.00
5054,36313807,1139.00
5055,42229718522,18.00
5056,199895486317,0.00
5057,44540036415,0.30
5058,1362079323,1.60
5059,33407098,826.90
5060,199895486317,0.00
5061,62238172679,0.20
5062,1746989723,6.00
5063,306220722428,0.70
5064,199895486317,0.00
5065,10731695655,5.70
5066,199895486317,0.00
5067,199895486317,0.00
5068,343415361,2.00
5069,199895486317,0.00
5070,1680609208,4.00
5071,455429765,3.00
5072,44540036415,0.30
5073,199895486317,0.00
5074,1746989723,6.00
5075,62238172679,0.20
5076,71477526622,0.50
5077,54515950,359.60
5078,101928997749,1.00
5079,199895486317,0.00
5080,199895486317,0.00
5081,199895486317,0.00
5082,199895486317,0.00
5083,199895486317,0.00
5084,358986793175,0.80
5085,199895486317,0.00
5086,62238172679,0.20
5087,199895486317,0.00
5088,199895486317,0.00
5089,199895486317,0.00
5090,44540036415,0.30
5091,2677807330,4.20
5092,199895486317,0.00
5093,199895486317,0.00
5094,52014801883,79.10
5095,199895486317,0.00
5096,71477526622,0.50
5097,199895486317,0.00
5098,199895486317,0.00
5099,2703468428,1.10
5100,199895486317,0.00
5101,1827953844,205.00
5102,65549102,554.50
5103,29246287560,35.50
5104,199895486317,0.00
5105,1362079323,1.60
5106,455429765,3.00
5107,48913944,3510.30
5108,199895486317,0.00
5109,199895486317,0.00
5110,4812552406,2.60
5111,199895486317,0.00
5112,62238172679,0.20
5113,199895486317,0.00
5114,8292862064,20.00
5115,199895486317,0.00
5116,199895486317,0.00
5117,199895486317,0.00
5118,50550687266,12.20
5119,3104960440,1.70
5120,14009758587,9.30
5121,101928997749,1.00
5122,199895486317,0.00
5123,62238172679,0.20
5124,199895486317,0.00
5125,199895486317,0.00
5126,199895486317,0.00
5127,306220722428,0.70
5128,2677807330,4.20
5129,4551716580,10.00
5130,25636124,1665.00
5131,101928997749,1.00
5132,199895486317,0.00
5133,199895486317,0.00
5134,62238172679,0.20
5135,44575083,513.90
5136,358986793175,0.80
5137,199895486317,0.00
5138,199895486317,0.00
5139,12948734862,20.20
5140,11050714593,10.20
5141,39672060,605.30
5142,199895486317,0.00
5143,199895486317,0.00
5144,1282146231,1.50
5145,11529917142,7.00
5146,34764476733,0.60
5147,199895486317,0.00
5148,37765333,701.00
5149,199895486317,0.00
5150,199895486317,0.00
5151,39434779,3566.20
5152,44540036415,0.30
5153,199895486317,0.00
5154,199895486317,0.00
5155,199895486317,0.00
5156,44540036415,0.30
5157,163472865191,0.40
5158,34764476733,0.60
5159,199895486317,0.00
5160,34764476733,0.60
5161,148283881641,0.10
5162,163472865191,0.40
5163,199895486317,0.00
5164,199895486317,0.00
5165,199895486317,0.00
5166,2835484791,2.40
5167,199895486317,0.00
5168,5386150675,3.70
5169,199895486317,0.00
5170,101928997749,1.00
5171,2835484791,2.40
5172,101928997749,1.00
5173,6809361608,4.60
5174,44540036415,0.30
5175,199895486317,0.00
5176,246396345579,0.90
5177,62238172679,0.20
5178,39856693,694.10
5179,199895486317,0.00
5180,455429765,3.00
5181,44540036415,0.30
5182,44540036415,0.30
5183,2703468428,1.10
5184,71477526622,0.50
5185,199895486317,0.00
5186,199895486317,0.00
5187,4551716580,10.00
5188,11164776665,3.90
5189,87200391875,15.70
5190,199895486317,0.00
5191,62238172679,0.20
5192,51657224,644.90
5193,199895486317,0.00
5194,4812552406,2.60
5195,2677807330,4.20
5196,199895486317,0.00
5197,199895486317,0.00
5198,34764476733,0.60
5199,199895486317,0.00
5200,199895486317,0.00
5201,358986793175,0.80
5202,101928997749,1.00
5203,455429765,3.00
5204,50567663,560.80
5205,2806707425,1.40
5206,54797571,3736.20
5207,34764476733,0.60
5208,199895486317,0.00
5209,17276024761,12.00
5210,199895486317,0.00
5211,199895486317,0.00
5212,199895486317,0.00
5213,199895486317,0.00
5214,94003954863,7.10
5215,3104960440,1.70
5216,199895486317,0.00
5217,199895486317,0.00
5218,199895486317,0.00
5219,1763030528,1.80
5220,358986793175,0.80
5221,199895486317,0.00
5222,101928997749,1.00
5223,34764476733,0.60
5224,199895486317,0.00
5225,343415361,2.00
5226,199895486317,0.00
5227,34764476733,0.60
5228,972151566,1.30
5229,101928997749,1.00
5230,11239171989,8.30
5231,62238172679,0.20
5232,199895486317,0.00
5233,199895486317,0.00
5234,199895486317,0.00
5235,246396345579,0.90
5236,68556623,392.00
5237,60101311,2020.80
5238,199895486317,0.00
5239,1746989723,6.00
5240,163472865191,0.40
5241,199895486317,0.00
5242,602338736,1.20
5243,199895486317,0.00
5244,7068858213,6.30
5245,101928997749,1.00
5246,27597329,1130.60
5247,36950984,400.60
5248,163472865191,0.40
5249,199895486317,0.00
5250,44540036415,0.30
5251,358986793175,0.80
5252,199895486317,0.00
5253,48567644412,68.50
5254,44540036415,0.30
5255,343415361,2.00
5256,199895486317,0.00
5257,199895486317,0.00
5258,199895486317,0.00
5259,163472865191,0.40
5260,47298973,743.90
5261,199895486317,0.00
5262,199895486317,0.00
5263,246396345579,0.90
5264,65004400,443.20
5265,62238172679,0.20
5266,199895486317,0.00
5267,199895486317,0.00
5268,199895486317,0.00
5269,199895486317,0.00
5270,43965639867,6.70
5271,199895486317,0.00
5272,199895486317,0.00
5273,199895486317,0.00
5274,62238172679,0.20
5275,44540036415,0.30
5276,199895486317,0.00
5277,199895486317,0.00
5278,65004317,689.70
5279,199895486317,0.00
5280,199895486317,0.00
5281,62238172679,0.20
5282,6952771661,2.70
5283,455429765,3.00
5284,602338736,1.20
5285,2963734257,2.20
5286,2835484791,2.40
5287,199895486317,0.00
5288,199895486317,0.00
5289,199895486317,0.00
5290,5386150675,3.70
5291,34764476733,0.60
5292,199895486317,0.00
5293,71477526622,0.50
5294,49177633067,8.10
5295,44540036415,0.30
5296,199895486317,0.00
5297,199895486317,0.00
5298,972151566,1.30
5299,199895486317,0.00
5300,12446552463,5.50
5301,476414041,221.90
5302,53836348,874.20
5303,602338736,1.20
5304,33679491,585.60
5305,4342371353,4.30
5306,199895486317,0.00
5307,199895486317,0.00
5308,199895486317,0.00
5309,157599624218,8.50
5310,199895486317,0.00
5311,199895486317,0.00
5312,163472865191,0.40
5313,7068858213,6.30
5314,343415361,2.00
5315,70179724,627.10
5316,199895486317,0.00
5317,62238172679,0.20
5318,199895486317,0.00
5319,199895486317,0.00
5320,199895486317,0.00
5321,54653512,2617.70
5322,148283881641,0.10
5323,44540036415,0.30
5324,199895486317,0.00
5325,44540036415,0.30
5326,71477526622,0.50
5327,199895486317,0.00
5328,62238172679,0.20
5329,199895486317,0.00
5330,149935795,275.80
5331,602338736,1.20
5332,199895486317,0.00
5333,199895486317,0.00
5334,602338736,1.20
5335,199895486317,0.00
5336,2806707425,1.40
5337,34764476733,0.60
5338,972151566,1.30
5339,199895486317,0.00
5340,368031232,247.10
5341,101928997749,1.00
5342,199895486317,0.00
5343,199895486317,0.00
5344,343415361,2.00
5345,199895486317,0.00
5346,199895486317,0.00
5347,199895486317,0.00
5348,199895486317,0.00
5349,199895486317,0.00
5350,199895486317,0.00
5351,199895486317,0.00
5352,148283881641,0.10
5353,4464820305,6.20
5354,199895486317,0.00
5355,199895486317,0.00
5356,199895486317,0.00
5357,163472865191,0.40
5358,199895486317,0.00
5359,62238172679,0.20
5360,343415361,2.00
5361,199895486317,0.00
5362,199895486317,0.00
5363,199895486317,0.00
5364,199895486317,0.00
5365,16878386038,7.20
5366,199895486317,0.00
5367,101928997749,1.00
5368,62238172679,0.20
5369,3550368100,2.90
5370,343415361,2.00
5371,199895486317,0.00
5372,199895486317,0.00
5373,34764476733,0.60
5374,199895486317,0.00
5375,69833486,3201.80
5376,34764476733,0.60
5377,199895486317,0.00
5378,199895486317,0.00
5379,199895486317,0.00
5380,199895486317,0.00
5381,199895486317,0.00
5382,199895486317,0.00
5383,199895486317,0.00
5384,199895486317,0.00
5385,16139172352,5.60
5386,44540036415,0.30
5387,7080090989,1.90
5388,1680609208,4.00
5389,44540036415,0.30
5390,2677807330,4.20
5391,199895486317,0.00
5392,199895486317,0.00
5393,199895486317,0.00
5394,1680609208,4.00
5395,58527968,319.40
5396,34764476733,0.60
5397,199895486317,0.00
5398,101928997749,1.00
5399,199895486317,0.00
5400,44540036415,0.30
5401,199895486317,0.00
5402,199895486317,0.00
5403,199895486317,0.00
5404,199895486317,0.00
5405,972151566,1.30
5406,199895486317,0.00
5407,199895486317,0.00
5408,199895486317,0.00
5409,1680609208,4.00
5410,199895486317,0.00
5411,119600313254,36.00
5412,11050714593,10.20
5413,63334873,1613.00
5414,35508091381,8.40
5415,2677807330,4.20
5416,602338736,1.20
5417,199895486317,0.00
5418,62238172679,0.20
5419,199895486317,0.00
5420,163472865191,0.40
5421,199895486317,0.00
5422,2677807330,4.20
5423,199895486317,0.00
5424,62238172679,0.20
5425,148283881641,0.10
5426,62238172679,0.20
5427,71477526622,0.50
5428,199895486317,0.00
5429,2392440899,9.00
5430,199895486317,0.00
5431,44852605768,42.40
5432,199895486317,0.00
5433,71477526622,0.50
5434,199895486317,0.00
5435,148283881641,0.10
5436,199895486317,0.00
5437,199895486317,0.00
5438,199895486317,0.00
5439,3104960440,1.70
5440,24321874726,4.90
5441,4164616375,2.50
5442,16395419562,7.60
5443,199895486317,0.00
5444,4164616375,2.50
5445,199895486317,0.00
5446,199895486317,0.00
5447,44540036415,0.30
5448,199895486317,0.00
5449,12703663512,20.40
5450,1282146231,1.50
5451,199895486317,0.00
5452,1680609208,4.00
5453,3292096418,183.80
5454,44540036415,0.30
5455,330625690,240.60
5456,62238172679,0.20
5457,199895486317,0.00
5458,8292862064,20.00
5459,1282146231,1.50
5460,68803501267,24.70
5461,602338736,1.20
5462,1763030528,1.80
5463,199895486317,0.00
5464,199895486317,0.00
5465,199895486317,0.00
5466,199895486317,0.00
5467,8715176373,40.00
5468,199895486317,0.00
5469,343415361,2.00
5470,68273243,433.30
5471,199895486317,0.00
5472,4812552406,2.60
5473,199895486317,0.00
5474,199895486317,0.00
5475,195179685061,18.20
5476,44540036415,0.30
5477,199895486317,0.00
5478,199895486317,0.00
5479,199895486317,0.00
5480,199895486317,0.00
5481,199895486317,0.00
5482,246396345579,0.90
5483,199895486317,0.00
5484,199895486317,0.00
5485,71477526622,0.50
5486,78896208,2620.00
5487,199895486317,0.00
5488,199895486317,0.00
5489,306220722428,0.70
5490,602338736,1.20
5491,199895486317,0.00
5492,199895486317,0.00
5493,199895486317,0.00
5494,199895486317,0.00
5495,1282146231,1.50
5496,71477526622,0.50
5497,34764476733,0.60
5498,199895486317,0.00
5499,57377416,2745.60
5500,24900469929,119.50
5501,62238172679,0.20
5502,3104960440,1.70
5503,343415361,2.00
5504,34764476733,0.60
5505,34496653,648.20
5506,4164616375,2.50
5507,2835484791,2.40
5508,40616728241,5.90
5509,199895486317,0.00
5510,13673264028,4.10
5511,343415361,2.00
5512,199895486317,0.00
5513,71477526622,0.50
5514,306220722428,0.70
5515,199895486317,0.00
5516,44540036415,0.30
5517,199895486317,0.00
5518,199895486317,0.00
5519,163472865191,0.40
5520,199895486317,0.00
5521,199895486317,0.00
5522,199895486317,0.00
5523,11050714593,10.20
5524,199895486317,0.00
5525,1746989723,6.00
5526,4164616375,2.50
5527,343415361,2.00
5528,199895486317,0.00
5529,34764476733,0.60
5530,199895486317,0.00
5531,16557587014,10.30
5532,2806707425,1.40
5533,199895486317,0.00
5534,199895486317,0.00
5535,101928997749,1.00
5536,199895486317,0.00
5537,1282146231,1.50
5538,343415361,2.00
5539,455429765,3.00
5540,199895486317,0.00
5541,34764476733,0.60
5542,2765384257,5.00
5543,1680609208,4.00
5544,343415361,2.00
5545,199895486317,0.00
5546,199895486317,0.00
5547,1282146231,1.50
5548,199895486317,0.00
5549,44540036415,0.30
5550,199895486317,0.00
5551,82164881,2060.40
5552,199895486317,0.00
5553,199895486317,0.00
5554,3550368100,2.90
5555,172465934,256.10
5556,199895486317,0.00
5557,22296429237,10.60
5558,246396345579,0.90
5559,199895486317,0.00
5560,199895486317,0.00
5561,50039995,5000.00
5562,8292862064,20.00
5563,199895486317,0.00
5564,343415361,2.00
5565,2806707425,1.40
5566,71477526622,0.50
5567,44540036415,0.30
5568,163472865191,0.40
5569,153123009371,14.40
5570,199895486317,0.00
5571,199895486317,0.00
5572,101928997749,1.00
5573,455429765,3.00
5574,63185703,348.90
5575,44540036415,0.30
5576,68273011,538.30
5577,199895486317,0.00
5578,246396345579,0.90
5579,34764476733,0.60
5580,22296429237,10.60
5581,84869407,3662.00
5582,23239089,1644.30
5583,199895486317,0.00
5584,47026593,2338.10
5585,199895486317,0.00
5586,602338736,1.20
5587,62238172679,0.20
5588,199895486317,0.00
5589,199895486317,0.00
5590,35442158,1506.80
5591,199895486317,0.00
5592,199895486317,0.00
5593,44540036415,0.30
5594,246396345579,0.90
5595,306220722428,0.70
5596,199895486317,0.00
5597,199895486317,0.00
5598,199895486317,0.00
5599,148283881641,0.10
5600,199895486317,0.00
5601,3012979824,2.10
5602,62238172679,0.20
5603,199895486317,0.00
5604,1362079323,1.60
5605,199895486317,0.00
5606,199895486317,0.00
5607,199895486317,0.00
5608,199895486317,0.00
5609,37800433,3211.20
5610,79168603,4334.40
5611,199895486317,0.00
5612,199895486317,0.00
5613,142837002683,27.50
5614,42229718522,18.00
5615,199895486317,0.00
5616,199895486317,0.00
5617,199895486317,0.00
5618,199895486317,0.00
5619,199895486317,0.00
5620,246396345579,0.90
5621,16545492703,11.00
5622,306220722428,0.70
5623,602338736,1.20
5624,4464820305,6.20
5625,199895486317,0.00
5626,6809361608,4.60
5627,199895486317,0.00
5628,199895486317,0.00
5629,4164616375,2.50
5630,199895486317,0.00
5631,199895486317,0.00
5632,199895486317,0.00
5633,62238172679,0.20
5634,199895486317,0.00
5635,199895486317,0.00
5636,163472865191,0.40
5637,44540036415,0.30
5638,343415361,2.00
5639,199895486317,0.00
5640,199895486317,0.00
5641,74265574,2141.30
5642,199895486317,0.00
5643,44540036415,0.30
5644,246396345579,0.90
5645,11328042856,3.50
5646,199895486317,0.00
5647,199895486317,0.00
5648,55238677,328.60
5649,199895486317,0.00
5650,199895486317,0.00
5651,602338736,1.20
5652,199895486317,0.00
5653,44540036415,0.30
5654,246396345579,0.90
5655,29048851,553.20
5656,306220722428,0.70
5657,199895486317,0.00
5658,602338736,1.20
5659,7080090989,1.90
5660,44540036415,0.30
5661,39672054,2266.60
5662,44540036415,0.30
5663,199895486317,0.00
5664,246396345579,0.90
5665,199895486317,0.00
5666,455429765,3.00
5667,2806707425,1.40
5668,148283881641,0.10
5669,9125012774,4.50
5670,71477526622,0.50
5671,343415361,2.00
5672,199895486317,0.00
5673,199895486317,0.00
5674,84256889613,52.10
5675,199895486317,0.00
5676,16545492703,11.00
5677,85611225271,23.60
5678,3012979824,2.10
5679,199895486317,0.00
5680,45111637397,10.70
5681,199895486317,0.00
5682,199895486317,0.00
5683,199895486317,0.00
5684,199895486317,0.00
5685,2835484791,2.40
5686,101928997749,1.00
5687,199895486317,0.00
5688,41578799,514.30
5689,163472865191,0.40
5690,37621270,1249.10
5691,22457062991,6.40
5692,5386150675,3.70
5693,1362079323,1.60
5694,34764476733,0.60
5695,101928997749,1.00
5696,45466104,1391.30
5697,3104960440,1.70
5698,343415361,2.00
5699,2061540558,2.30
5700,133643911287,41.50
5701,246396345579,0.90
5702,199895486317,0.00
5703,199895486317,0.00
5704,1680609208,4.00
5705,101928997749,1.00
5706,58976648,1397.90
5707,58759936,315.70
5708,2703468428,1.10
5709,199895486317,0.00
5710,26071933,1818.40
5711,199895486317,0.00
5712,101928997749,1.00
5713,44540036415,0.30
5714,12808072616,5.80
5715,199895486317,0.00
5716,306220722428,0.70
5717,358986793175,0.80
5718,1763030528,1.80
5719,246396345579,0.90
5720,358986793175,0.80
5721,199895486317,0.00
5722,5386150675,3.70
5723,199895486317,0.00
5724,199895486317,0.00
5725,1588394240,3.30
5726,163472865191,0.40
5727,1680609208,4.00
5728,51112439,691.20
5729,8001736986,4.40
5730,71477526622,0.50
5731,199895486317,0.00
5732,602338736,1.20
5733,82805825070,31.20
5734,62238172679,0.20
5735,1680609208,4.00
5736,60502019,1565.40
5737,34764476733,0.60
5738,972151566,1.30
5739,2806707425,1.40
5740,199895486317,0.00
5741,44540036415,0.30
5742,199895486317,0.00
5743,343415361,2.00
5744,34764476733,0.60
5745,199895486317,0.00
5746,199895486317,0.00
5747,101928997749,1.00
5748,62238172679,0.20
5749,199895486317,0.00
5750,199895486317,0.00
5751,199895486317,0.00
5752,199895486317,0.00
5753,148283881641,0.10
5754,148283881641,0.10
5755,199895486317,0.00
5756,199895486317,0.00
5757,199895486317,0.00
5758,44540036415,0.30
5759,1245447007,199.80
5760,101928997749,1.00
5761,62238172679,0.20
5762,9125012774,4.50
5763,199895486317,0.00
5764,199895486317,0.00
5765,199895486317,0.00
5766,343415361,2.00
5767,972151566,1.30
5768,455429765,3.00
5769,246396345579,0.90
5770,1282146231,1.50
5771,199895486317,0.00
5772,602338736,1.20
5773,44540036415,0.30
5774,246396345579,0.90
5775,199895486317,0.00
5776,62238172679,0.20
5777,246396345579,0.90
5778,34764476733,0.60
5779,199895486317,0.00
5780,246396345579,0.90
5781,50039995,5000.00
5782,199895486317,0.00
5783,199895486317,0.00
5784,199895486317,0.00
5785,44540036415,0.30
5786,3104960440,1.70
5787,199895486317,0.00
5788,65821496,4525.20
5789,34764476733,0.60
5790,972151566,1.30
5791,1428554373,202.00
5792,246396345579,0.90
5793,199895486317,0.00
5794,246396345579,0.90
5795,199895486317,0.00
5796,199895486317,0.00
5797,199895486317,0.00
5798,199895486317,0.00
5799,44540036415,0.30
5800,71477526622,0.50
5801,34764476733,0.60
5802,1282146231,1.50
5803,199895486317,0.00
5804,972151566,1.30
5805,199895486317,0.00
5806,44540036415,0.30
5807,1362079323,1.60
5808,71477526622,0.50
5809,55546750699,12.70
5810,62238172679,0.20
5811,44540036415,0.30
5812,972151566,1.30
5813,34764476733,0.60
5814,2703468428,1.10
5815,79985779,4086.40
5816,199895486317,0.00
5817,199895486317,0.00
5818,56071865,370.70
5819,44540036415,0.30
5820,199895486317,0.00
5821,199895486317,0.00
5822,199895486317,0.00
5823,358986793175,0.80
5824,35660062,1795.00
5825,199895486317,0.00
5826,972151566,1.30
5827,199895486317,0.00
5828,199895486317,0.00
5829,10222831263,20.60
5830,199895486317,0.00
5831,62238172679,0.20
5832,33951872,631.90
5833,199895486317,0.00
5834,44540036415,0.30
5835,343415361,2.00
5836,199895486317,0.00
5837,4848141218,30.00
5838,199895486317,0.00
5839,199895486317,0.00
5840,3104960440,1.70
5841,44540036415,0.30
5842,163472865191,0.40
5843,199895486317,0.00
5844,1362079323,1.60
5845,34764476733,0.60
5846,4736455294,3.80
5847,199895486317,0.00
5848,199895486317,0.00
5849,199895486317,0.00
5850,38275007,1917.20
5851,199895486317,0.00
5852,53093027,1190.30
5853,199895486317,0.00
5854,199895486317,0.00
5855,4464820305,6.20
5856,2703468428,1.10
5857,343415361,2.00
5858,63330536,311.10
5859,455429765,3.00
5860,2765384257,5.00
5861,2806707425,1.40
5862,199895486317,0.00
5863,44540036415,0.30
5864,2061540558,2.30
5865,199895486317,0.00
5866,199895486317,0.00
5867,199895486317,0.00
5868,199895486317,0.00
5869,71477526622,0.50
5870,199895486317,0.00
5871,101928997749,1.00
5872,1133679013,3.20
5873,199895486317,0.00
5874,48081045,1133.10
5875,43213122,496.40
5876,972151566,1.30
5877,199895486317,0.00
5878,31227974,825.70
5879,199895486317,0.00
5880,34764476733,0.60
5881,43030334,3205.20
5882,64860256,1594.00
5883,4342371353,4.30
5884,1133679013,3.20
5885,71477526622,0.50
5886,199895486317,0.00
5887,358986793175,0.80
5888,12703663512,20.40
5889,62238172679,0.20
5890,148283881641,0.10
5891,199895486317,0.00
5892,1746989723,6.00
5893,1746989723,6.00
5894,163472865191,0.40
5895,199895486317,0.00
5896,199895486317,0.00
5897,199895486317,0.00
5898,1282146231,1.50
5899,199895486317,0.00
5900,148283881641,0.10
5901,101928997749,1.00
5902,72086455,681.80
5903,199895486317,0.00
5904,199895486317,0.00
5905,199895486317,0.00
5906,44540036415,0.30
5907,199895486317,0.00
5908,148283881641,0.10
5909,71477526622,0.50
5910,199895486317,0.00
5911,62238172679,0.20
5912,199895486317,0.00
5913,199895486317,0.00
5914,199895486317,0.00
5915,15499037276,10.50
5916,71627885,350.60
5917,199895486317,0.00
5918,1362079323,1.60
5919,101928997749,1.00
5920,199895486317,0.00
5921,199895486317,0.00
5922,4342371353,4.30
5923,4160778208,167.20
5924,306220722428,0.70
5925,199895486317,0.00
5926,602338736,1.20
5927,44540036415,0.30
5928,199895486317,0.00
5929,199895486317,0.00
5930,199895486317,0.00
5931,62238172679,0.20
5932,199895486317,0.00
5933,199895486317,0.00
5934,199895486317,0.00
5935,199895486317,0.00
5936,62238172679,0.20
5937,1680609208,4.00
5938,199895486317,0.00
5939,3550368100,2.90
5940,62238172679,0.20
5941,199895486317,0.00
5942,246396345579,0.90
5943,2703468428,1.10
5944,2806707425,1.40
5945,1282146231,1.50
5946,2765384257,5.00
5947,343415361,2.00
5948,199895486317,0.00
5949,71477526622,0.50
5950,199895486317,0.00
5951,199895486317,0.00
5952,602338736,1.20
5953,48816109,291.20
5954,62825320,440.00
5955,34874048349,11.50
5956,44540036415,0.30
5957,199895486317,0.00
5958,163472865191,0.40
5959,199895486317,0.00
5960,199895486317,0.00
5961,90788578527,13.30
5962,199895486317,0.00
5963,1680609208,4.00
5964,4464820305,6.20
5965,199895486317,0.00
5966,62238172679,0.20
5967,38710830,1844.10
5968,199895486317,0.00
5969,199895486317,0.00
5970,199895486317,0.00
5971,199895486317,0.00
5972,199895486317,0.00
5973,602338736,1.20
5974,199895486317,0.00
5975,199895486317,0.00
5976,199895486317,0.00
5977,40616728241,5.90
5978,61993361,353.00
5979,148283881641,0.10
5980,602338736,1.20
5981,11328042856,3.50
5982,1680609208,4.00
5983,199895486317,0.00
5984,62238172679,0.20
5985,35224246,1270.30
5986,343415361,2.00
5987,199895486317,0.00
5988,199895486317,0.00
5989,199895486317,0.00
5990,50550687266,12.20
5991,199895486317,0.00
5992,71477526622,0.50
5993,44540036415,0.30
5994,199895486317,0.00
5995,199895486317,0.00
5996,199895486317,0.00
5997,1362079323,1.60
5998,101928997749,1.00
5999,1680609208,4.00
6000,7290472237,8.00
6001,199895486317,0.00
6002,62238172679,0.20
6003,3104960440,1.70
6004,199895486317,0.00
6005,63756754548,50.10
6006,199895486317,0.00
6007,88692710,308.50
6008,44540036415,0.30
6009,163472865191,0.40
6010,16254983419,112.00
6011,199895486317,0.00
6012,163472865191,0.40
6013,199895486317,0.00
6014,199895486317,0.00
6015,199895486317,0.00
6016,29321247,2890.10
6017,148283881641,0.10
6018,199895486317,0.00
6019,199895486317,0.00
6020,246396345579,0.90
6021,71477526622,0.50
6022,199895486317,0.00
6023,34764476733,0.60
6024,602338736,1.20
6025,246396345579,0.90
6026,602338736,1.20
6027,1746989723,6.00
6028,358986793175,0.80
6029,602338736,1.20
6030,2061540558,2.30
6031,602338736,1.20
6032,40616728241,5.90
6033,62238172679,0.20
6034,1746989723,6.00
6035,163472865191,0.40
6036,199895486317,0.00
6037,199895486317,0.00
6038,101928997749,1.00
6039,199895486317,0.00
6040,199895486317,0.00
6041,199895486317,0.00
6042,67183450,835.60
6043,2703468428,1.10
6044,199895486317,0.00
6045,44540036415,0.30
6046,44540036415,0.30
6047,163472865191,0.40
6048,34764476733,0.60
6049,58832961059,62.80
6050,199895486317,0.00
6051,199895486317,0.00
6052,62238172679,0.20
6053,62238172679,0.20
6054,163472865191,0.40
6055,199895486317,0.00
6056,34764476733,0.60
6057,199895486317,0.00
6058,6952771661,2.70
6059,199895486317,0.00
6060,44540036415,0.30
6061,306220722428,0.70
6062,8749008130,5.40
6063,19048594089,9.40
6064,62238172679,0.20
6065,16545492703,11.00
6066,62238172679,0.20
6067,306220722428,0.70
6068,56241616,337.20
6069,3104960440,1.70
6070,343415361,2.00
6071,163472865191,0.40
6072,34764476733,0.60
6073,199895486317,0.00
6074,62238172679,0.20
6075,199895486317,0.00
6076,199895486317,0.00
6077,1133679013,3.20
6078,199895486317,0.00
6079,4164616375,2.50
6080,148283881641,0.10
6081,199895486317,0.00
6082,199895486317,0.00
6083,199895486317,0.00
6084,1282146231,1.50
6085,199895486317,0.00
6086,199895486317,0.00
6087,35362003241,23.00
6088,44540036415,0.30
6089,44540036415,0.30
6090,199895486317,0.00
6091,199895486317,0.00
6092,199895486317,0.00
6093,34764476733,0.60
6094,82164883,735.20
6095,199895486317,0.00
6096,199895486317,0.00
6097,972151566,1.30
6098,62238172679,0.20
6099,199895486317,0.00
6100,62238172679,0.20
6101,2031173555,194.50
6102,199895486317,0.00
6103,44540036415,0.30
6104,199895486317,0.00
6105,44540036415,0.30
6106,199895486317,0.00
6107,199895486317,0.00
6108,44540036415,0.30
6109,199895486317,0.00
6110,44540036415,0.30
6111,1282146231,1.50
6112,71477526622,0.50
6113,602338736,1.20
6114,56993221948,17.90
6115,602338736,1.20
6116,81892503,957.30
6117,59828950,452.40
6118,199895486317,0.00
6119,199895486317,0.00
6120,77261877,813.50
6121,199895486317,0.00
6122,163472865191,0.40
6123,6952771661,2.70
6124,1680609208,4.00
6125,30683206,617.40
6126,102584602015,16.30
6127,34764476733,0.60
6128,36099029137,20.70
6129,199895486317,0.00
6130,306220722428,0.70
6131,101928997749,1.00
6132,62238172679,0.20
6133,199895486317,0.00
6134,306220722428,0.70
6135,148283881641,0.10
6136,56993221948,17.90
6137,199895486317,0.00
6138,8292862064,20.00
6139,306220722428,0.70
6140,2703468428,1.10
6141,36967536,1040.10
6142,306220722428,0.70
6143,602338736,1.20
6144,50039995,5000.00
6145,107767767495,56.60
6146,199895486317,0.00
6147,199895486317,0.00
6148,44540036415,0.30
6149,199895486317,0.00
6150,4464820305,6.20
6151,455429765,3.00
6152,343415361,2.00
6153,163472865191,0.40
6154,4551716580,10.00
6155,199895486317,0.00
6156,34764476733,0.60
6157,199895486317,0.00
6158,199895486317,0.00
6159,148283881641,0.10
6160,101928997749,1.00
6161,1746989723,6.00
6162,62238172679,0.20
6163,16872096438,5.20
6164,62238172679,0.20
6165,126393807,277.10
6166,53093021,1571.80
6167,199895486317,0.00
6168,34764476733,0.60
6169,199895486317,0.00
6170,2835484791,2.40
6171,163472865191,0.40
6172,199895486317,0.00
6173,199895486317,0.00
6174,199895486317,0.00
6175,19004437163,20.50
6176,306220722428,0.70
6177,34764476733,0.60
6178,1746989723,6.00
6179,246396345579,0.90
6180,358986793175,0.80
6181,33263258902,108.80
6182,199895486317,0.00
6183,71477526622,0.50
6184,199895486317,0.00
6185,40761625,937.20
6186,199895486317,0.00
6187,199895486317,0.00
6188,2963734257,2.20
6189,358986793175,0.80
6190,199895486317,0.00
6191,124443283010,21.20
6192,3012979824,2.10
6193,1746989723,6.00
6194,199895486317,0.00
6195,2765384257,5.00
6196,34764476733,0.60
6197,44540036415,0.30
6198,80258233,447.90
6199,199895486317,0.00
6200,1763030528,1.80
6201,199895486317,0.00
6202,6069623603,159.70
6203,44540036415,0.30
6204,44540036415,0.30
6205,62238172679,0.20
6206,32589929,589.40
6207,199895486317,0.00
6208,306220722428,0.70
6209,602338736,1.20
6210,4164616375,2.50
6211,71477526622,0.50
6212,47761654,267.20
6213,199895486317,0.00
6214,972151566,1.30
6215,62238172679,0.20
6216,343415361,2.00
6217,163472865191,0.40
6218,56832619,2795.40
6219,34764476733,0.60
6220,343415361,2.00
6221,199895486317,0.00
6222,199895486317,0.00
6223,52875104,1321.90
6224,199895486317,0.00
6225,199895486317,0.00
6226,62238172679,0.20
6227,199895486317,0.00
6228,199895486317,0.00
6229,199895486317,0.00
6230,199895486317,0.00
6231,9125012774,4.50
6232,199895486317,0.00
6233,199895486317,0.00
6234,199895486317,0.00
6235,71477526622,0.50
6236,34764476733,0.60
6237,602338736,1.20
6238,199895486317,0.00
6239,343415361,2.00
6240,62238172679,0.20
6241,199895486317,0.00
6242,199895486317,0.00
6243,101928997749,1.00
6244,71477526622,0.50
6245,199895486317,0.00
6246,62238172679,0.20
6247,199895486317,0.00
6248,34764476733,0.60
6249,50039995,5000.00
6250,199895486317,0.00
6251,163472865191,0.40
6252,199895486317,0.00
6253,199895486317,0.00
6254,101928997749,1.00
6255,148283881641,0.10
6256,62238172679,0.20
6257,455429765,3.00
6258,2392440899,9.00
6259,44540036415,0.30
6260,199895486317,0.00
6261,358986793175,0.80
6262,199895486317,0.00
6263,199895486317,0.00
6264,34764476733,0.60
6265,29866018,535.20
6266,65007129378,47.90
6267,199895486317,0.00
6268,1680609208,4.00
6269,199895486317,0.00
6270,87370991025,20.70
6271,199895486317,0.00
6272,199895486317,0.00
6273,1746989723,6.00
6274,199895486317,0.00
6275,71477526622,0.50
6276,2392440899,9.00
6277,8624541238,156.00
6278,7290472237,8.00
6279,6809361608,4.60
6280,44540036415,0.30
6281,455429765,3.00
6282,44540036415,0.30
6283,199895486317,0.00
6284,38126769637,58.80
6285,199895486317,0.00
6286,62238172679,0.20
6287,199895486317,0.00
6288,199895486317,0.00
6289,1282146231,1.50
6290,199895486317,0.00
6291,4551716580,10.00
6292,101928997749,1.00
6293,1746989723,6.00
6294,199895486317,0.00
6295,1588394240,3.30
6296,19048594089,9.40
6297,306220722428,0.70
6298,199895486317,0.00
6299,199895486317,0.00
6300,62899049,1780.60
6301,602338736,1.20
6302,148283881641,0.10
6303,1362079323,1.60
6304,306220722428,0.70
6305,62238172679,0.20
6306,455429765,3.00
6307,199895486317,0.00
6308,199895486317,0.00
6309,199895486317,0.00
6310,16872096438,5.20
6311,44540036415,0.30
6312,343415361,2.00
6313,44540036415,0.30
6314,199895486317,0.00
6315,1282146231,1.50
6316,199895486317,0.00
6317,199895486317,0.00
6318,199895486317,0.00
6319,306220722428,0.70
6320,306220722428,0.70
6321,62238172679,0.20
6322,59011742,743.20
6323,101928997749,1.00
6324,199895486317,0.00
6325,79147554993,40.30
6326,199895486317,0.00
6327,6685381110,3.60
6328,455429765,3.00
6329,199895486317,0.00
6330,199895486317,0.00
6331,246396345579,0.90
6332,343415361,2.00
6333,199895486317,0.00
6334,199895486317,0.00
6335,199895486317,0.00
6336,199895486317,0.00
6337,199895486317,0.00
6338,199895486317,0.00
6339,199895486317,0.00
6340,199895486317,0.00
6341,148283881641,0.10
6342,34764476733,0.60
6343,199895486317,0.00
6344,34764476733,0.60
6345,6685381110,3.60
6346,246396345579,0.90
6347,199895486317,0.00
6348,163472865191,0.40
6349,2765384257,5.00
6350,199895486317,0.00
6351,199895486317,0.00
6352,199895486317,0.00
6353,199895486317,0.00
6354,199895486317,0.00
6355,199895486317,0.00
6356,48516865,1692.90
6357,148283881641,0.10
6358,8001736986,4.40
6359,1133679013,3.20
6360,148283881641,0.10
6361,199895486317,0.00
6362,34764476733,0.60
6363,44540036415,0.30
6364,44540036415,0.30
6365,199895486317,0.00
6366,199895486317,0.00
6367,343415361,2.00
6368,3104960440,1.70
6369,199895486317,0.00
6370,199895486317,0.00
6371,199895486317,0.00
6372,1362079323,1.60
6373,44540036415,0.30
6374,35882832,375.50
6375,199895486317,0.00
6376,358986793175,0.80
6377,62238172679,0.20
6378,33407103,500.60
6379,199895486317,0.00
6380,199895486317,0.00
6381,34764476733,0.60
6382,34764476733,0.60
6383,44540036415,0.30
6384,199895486317,0.00
6385,19004437163,20.50
6386,1680609208,4.00
6387,1282146231,1.50
6388,12948734862,20.20
6389,199895486317,0.00
6390,4551716580,10.00
6391,199895486317,0.00
6392,199895486317,0.00
6393,1362079323,1.60
6394,55000107,347.60
6395,199895486317,0.00
6396,44888793,308.00
6397,148283881641,0.10
6398,199895486317,0.00
6399,2835484791,2.40
6400,4551716580,10.00
6401,455429765,3.00
6402,148283881641,0.10
6403,199895486317,0.00
6404,44540036415,0.30
6405,9125012774,4.50
6406,2806707425,1.40
6407,199895486317,0.00
6408,101928997749,1.00
6409,1746989723,6.00
6410,62238172679,0.20
6411,199895486317,0.00
6412,25636119,1870.60
6413,34764476733,0.60
6414,1680609208,4.00
6415,246396345579,0.90
6416,199895486317,0.00
6417,199895486317,0.00
6418,62238172679,0.20
6419,199895486317,0.00
6420,199895486317,0.00
6421,199895486317,0.00
6422,199895486317,0.00
6423,62238172679,0.20
6424,101928997749,1.00
6425,343415361,2.00
6426,1362079323,1.60
6427,199895486317,0.00
6428,44540036415,0.30
6429,44540036415,0.30
6430,199895486317,0.00
6431,36996591,898.70
6432,51525696319,83.00
6433,199895486317,0.00
6434,148283881641,0.10
6435,199895486317,0.00
6436,1133679013,3.20
6437,602338736,1.20
6438,199895486317,0.00
6439,972151566,1.30
6440,199895486317,0.00
6441,306220722428,0.70
6442,199895486317,0.00
6443,306220722428,0.70
6444,1746989723,6.00
6445,163472865191,0.40
6446,19732033956,9.10
6447,60284108,1568.00
6448,199895486317,0.00
6449,23674909,1998.60
6450,246396345579,0.90
6451,246396345579,0.90
6452,199895486317,0.00
6453,1680609208,4.00
6454,101928997749,1.00
6455,1680609208,4.00
6456,148283881641,0.10
6457,44540036415,0.30
6458,8001736986,4.40
6459,44540036415,0.30
6460,4811135380,143.00
6461,199895486317,0.00
6462,101928997749,1.00
6463,199895486317,0.00
6464,71477526622,0.50
6465,50039995,5000.00
6466,199895486317,0.00
6467,199895486317,0.00
6468,199895486317,0.00
6469,199895486317,0.00
6470,199895486317,0.00
6471,199895486317,0.00
6472,62238172679,0.20
6473,199895486317,0.00
6474,455429765,3.00
6475,30148617758,11.70
6476,44540036415,0.30
6477,306220722428,0.70
6478,199895486317,0.00
6479,199895486317,0.00
6480,199895486317,0.00
6481,1362079323,1.60
6482,199895486317,0.00
6483,148283881641,0.10
6484,199895486317,0.00
6485,199895486317,0.00
6486,4551716580,10.00
6487,34764476733,0.60
6488,62238172679,0.20
6489,199895486317,0.00
6490,199895486317,0.00
6491,34764476733,0.60
6492,42940735,764.50
6493,129622764988,20.30
6494,44812359,1705.90
6495,306220722428,0.70
6496,343415361,2.00
6497,44540036415,0.30
6498,34764476733,0.60
6499,199895486317,0.00
6500,44540036415,0.30
6501,246396345579,0.90
6502,199895486317,0.00
6503,199895486317,0.00
6504,199895486317,0.00
6505,199895486317,0.00
6506,163472865191,0.40
6507,199895486317,0.00
6508,17276024761,12.00
6509,11164776665,3.90
6510,199895486317,0.00
6511,199895486317,0.00
6512,972151566,1.30
6513,199895486317,0.00
6514,2806707425,1.40
6515,199895486317,0.00
6516,601149024,217.20
6517,4551716580,10.00
6518,306220722428,0.70
6519,44540036415,0.30
6520,199895486317,0.00
6521,199895486317,0.00
6522,6685381110,3.60
6523,148283881641,0.10
6524,148283881641,0.10
6525,199895486317,0.00
6526,2677807330,4.20
6527,246396345579,0.90
6528,101928997749,1.00
6529,199895486317,0.00
6530,972151566,1.30
6531,1133679013,3.20
6532,44540036415,0.30
6533,44540036415,0.30
6534,65821497,4442.60
6535,199895486317,0.00
6536,71477526622,0.50
6537,199895486317,0.00
6538,55707963,1510.60
6539,199895486317,0.00
6540,199895486317,0.00
6541,3012979824,2.10
6542,2703468428,1.10
6543,17276024761,12.00
6544,62238172679,0.20
6545,199895486317,0.00
6546,602338736,1.20
6547,199895486317,0.00
6548,34764476733,0.60
6549,34764476733,0.60
6550,4812552406,2.60
6551,199895486317,0.00
6552,1362079323,1.60
6553,199895486317,0.00
6554,44540036415,0.30
6555,199895486317,0.00
6556,2703468428,1.10
6557,343415361,2.00
6558,199895486317,0.00
6559,1763030528,1.80
6560,163472865191,0.40
6561,16557587014,10.30
6562,199895486317,0.00
6563,199895486317,0.00
6564,163472865191,0.40
6565,199895486317,0.00
6566,199895486317,0.00
6567,148283881641,0.10
6568,2061540558,2.30
6569,28504073,787.10
6570,199895486317,0.00
6571,199895486317,0.00
6572,199895486317,0.00
6573,199895486317,0.00
6574,148283881641,0.10
6575,71477526622,0.50
6576,343415361,2.00
6577,199895486317,0.00
6578,62280422,560.90
6579,1282146231,1.50
6580,199895486317,0.00
6581,199895486317,0.00
6582,3550368100,2.90
6583,199895486317,0.00
6584,39127288,758.80
6585,199895486317,0.00
6586,199895486317,0.00
6587,972151566,1.30
6588,199895486317,0.00
6589,199895486317,0.00
6590,199895486317,0.00
6591,58466969,2723.30
6592,199895486317,0.00
6593,199895486317,0.00
6594,358986793175,0.80
6595,455429765,3.00
6596,51137803271,14.80
6597,199895486317,0.00
6598,44540036415,0.30
6599,199895486317,0.00
6600,148283881641,0.10
6601,199895486317,0.00
6602,199895486317,0.00
6603,306220722428,0.70
6604,1680609208,4.00
6605,2835484791,2.40
6606,62238172679,0.20
6607,59668055,363.10
6608,16975942,912.30
6609,199895486317,0.00
6610,2765384257,5.00
6611,199895486317,0.00
6612,44540036415,0.30
6613,199895486317,0.00
6614,2835484791,2.40
6615,455429765,3.00
6616,602338736,1.20
6617,62238172679,0.20
6618,199895486317,0.00
6619,11529917142,7.00
6620,199895486317,0.00
6621,199895486317,0.00
6622,31231612,1264.20
6623,199895486317,0.00
6624,101928997749,1.00
6625,71477526622,0.50
6626,199895486317,0.00
6627,199895486317,0.00
6628,199895486317,0.00
6629,455429765,3.00
6630,101928997749,1.00
6631,199895486317,0.00
6632,163472865191,0.40
6633,37220547,2938.00
6634,8292862064,20.00
6635,199895486317,0.00
6636,199895486317,0.00
6637,199895486317,0.00
6638,71477526622,0.50
6639,199895486317,0.00
6640,8001736986,4.40
6641,199895486317,0.00
6642,199895486317,0.00
6643,2765384257,5.00
6644,199895486317,0.00
6645,199895486317,0.00
6646,101928997749,1.00
6647,199895486317,0.00
6648,148283881641,0.10
6649,44540036415,0.30
6650,62238172679,0.20
6651,49894562,3147.40
6652,43065636678,89.90
6653,199895486317,0.00
6654,199895486317,0.00
6655,199895486317,0.00
6656,188737766,256.70
6657,145933578,274.00
6658,455429765,3.00
6659,199895486317,0.00
6660,44540036415,0.30
6661,2963734257,2.20
6662,199895486317,0.00
6663,199895486317,0.00
6664,44540036415,0.30
6665,455429765,3.00
6666,306220722428,0.70
6667,199895486317,0.00
6668,199895486317,0.00
6669,12948734862,20.20
6670,199895486317,0.00
6671,15709845480,6.60
6672,44540036415,0.30
6673,82581336,3486.00
6674,1680609208,4.00
6675,343415361,2.00
6676,199895486317,0.00
6677,199895486317,0.00
6678,199895486317,0.00
6679,199895486317,0.00
6680,199895486317,0.00
6681,199895486317,0.00
6682,199895486317,0.00
6683,199895486317,0.00
6684,62238172679,0.20
6685,199895486317,0.00
6686,7068858213,6.30
6687,3104960440,1.70
6688,306220722428,0.70
6689,44540036415,0.30
6690,1362079323,1.60
6691,33679484,2125.00
6692,199895486317,0.00
6693,199895486317,0.00
6694,34769036,919.40
6695,199895486317,0.00
6696,199895486317,0.00
6697,44540036415,0.30
6698,34764476733,0.60
6699,4342371353,4.30
6700,199895486317,0.00
6701,1282146231,1.50
6702,199895486317,0.00
6703,2765384257,5.00
6704,199895486317,0.00
6705,199895486317,0.00
6706,163472865191,0.40
6707,199895486317,0.00
6708,2835484791,2.40
6709,343415361,2.00
6710,1680609208,4.00
6711,199895486317,0.00
6712,199895486317,0.00
6713,148283881641,0.10
6714,79168592,937.90
6715,199895486317,0.00
6716,101928997749,1.00
6717,148283881641,0.10
6718,199895486317,0.00
6719,34764476733,0.60
6720,199895486317,0.00
6721,15709845480,6.60
6722,199895486317,0.00
6723,62238172679,0.20
6724,63508266146,20.80
6725,7080090989,1.90
6726,199895486317,0.00
6727,199895486317,0.00
6728,44540036415,0.30
6729,17276024761,12.00
6730,44540036415,0.30
6731,7290472237,8.00
6732,34764476733,0.60
6733,199895486317,0.00
6734,199895486317,0.00
6735,199895486317,0.00
6736,343415361,2.00
6737,1680609208,4.00
6738,148283881641,0.10
6739,199895486317,0.00
6740,1133679013,3.20
6741,44540036415,0.30
6742,62238172679,0.20
6743,163472865191,0.40
6744,199895486317,0.00
6745,199895486317,0.00
6746,199895486317,0.00
6747,16878386038,7.20
6748,199895486317,0.00
6749,199895486317,0.00
6750,62238172679,0.20
6751,199895486317,0.00
6752,199895486317,0.00
6753,199895486317,0.00
6754,3245708999,3.10
6755,10551269652,154.10
6756,199895486317,0.00
6757,1680609208,4.00
6758,199895486317,0.00
6759,199895486317,0.00
6760,34764476733,0.60
6761,4551716580,10.00
6762,148283881641,0.10
6763,44540036415,0.30
6764,1282146231,1.50
6765,199895486317,0.00
6766,6809361608,4.60
6767,1680609208,4.00
6768,199895486317,0.00
6769,199895486317,0.00
6770,58740217,418.50
6771,148283881641,0.10
6772,62238172679,0.20
6773,163472865191,0.40
6774,2963734257,2.20
6775,199895486317,0.00
6776,8669357934,5.10
6777,16878386038,7.20
6778,199895486317,0.00
6779,4848141218,30.00
6780,199895486317,0.00
6781,199895486317,0.00
6782,199895486317,0.00
6783,2963734257,2.20
6784,101928997749,1.00
6785,4551716580,10.00
6786,199895486317,0.00
6787,199895486317,0.00
6788,199895486317,0.00
6789,2703468428,1.10
6790,199895486317,0.00
6791,199895486317,0.00
6792,148283881641,0.10
6793,13673264028,4.10
6794,35877974,1053.30
6795,199895486317,0.00
6796,199895486317,0.00
6797,199895486317,0.00
6798,199895486317,0.00
6799,199895486317,0.00
6800,602338736,1.20
6801,19732033956,9.10
6802,45937024,493.30
6803,602338736,1.20
6804,199895486317,0.00
6805,34764476733,0.60
6806,10823418976,6.10
6807,148283881641,0.10
6808,62238172679,0.20
6809,199895486317,0.00
6810,53964664,1197.60
6811,199895486317,0.00
6812,2835484791,2.40
6813,163472865191,0.40
6814,199895486317,0.00
6815,71477526622,0.50
6816,44540036415,0.30
6817,52201997,771.20
6818,34764476733,0.60
6819,199895486317,0.00
6820,16975942,912.30
6821,62280435,762.70
6822,4551716580,10.00
6823,199895486317,0.00
6824,199895486317,0.00
6825,199895486317,0.00
6826,199895486317,0.00
6827,199895486317,0.00
6828,101928997749,1.00
6829,199895486317,0.00
6830,199895486317,0.00
6831,11050714593,10.20
6832,199895486317,0.00
6833,50039995,5000.00
6834,34764476733,0.60
6835,199895486317,0.00
6836,199895486317,0.00
6837,199895486317,0.00
6838,2806707425,1.40
6839,71477526622,0.50
6840,1680609208,4.00
6841,1362079323,1.60
6842,199895486317,0.00
6843,1282146231,1.50
6844,62238172679,0.20
6845,602338736,1.20
6846,199895486317,0.00
6847,1282146231,1.50
6848,163472865191,0.40
6849,65296092,1726.30
6850,199895486317,0.00
6851,199895486317,0.00
6852,101928997749,1.00
6853,199895486317,0.00
6854,1133679013,3.20
6855,33046947,848.30
6856,62238172679,0.20
6857,199895486317,0.00
6858,306220722428,0.70
6859,62238172679,0.20
6860,199895486317,0.00
6861,199895486317,0.00
6862,71477526622,0.50
6863,199895486317,0.00
6864,199895486317,0.00
6865,199895486317,0.00
6866,2963734257,2.20
6867,101928997749,1.00
6868,10700883024,2.80
6869,199895486317,0.00
6870,54951940,379.70
6871,71477526622,0.50
6872,199895486317,0.00
6873,103749227,269.10
6874,602338736,1.20
6875,199895486317,0.00
6876,39175965,427.10
6877,199895486317,0.00
6878,199895486317,0.00
6879,199895486317,0.00
6880,199895486317,0.00
6881,199895486317,0.00
6882,199895486317,0.00
6883,455429765,3.00
6884,358986793175,0.80
6885,199895486317,0.00
6886,199895486317,0.00
6887,199895486317,0.00
6888,33112713239,16.30
6889,34764476733,0.60
6890,1282146231,1.50
6891,71477526622,0.50
6892,12948734862,20.20
6893,1133679013,3.20
6894,1362079323,1.60
6895,972151566,1.30
6896,199895486317,0.00
6897,199895486317,0.00
6898,163472865191,0.40
6899,163472865191,0.40
6900,44540036415,0.30
6901,199895486317,0.00
6902,148283881641,0.10
6903,199895486317,0.00
6904,306220722428,0.70
6905,199895486317,0.00
6906,4164616375,2.50
6907,199895486317,0.00
6908,199895486317,0.00
6909,101928997749,1.00
6910,6877476350,3.40
6911,199895486317,0.00
6912,44376542,1901.10
6913,16395419562,7.60
6914,199895486317,0.00
6915,2703468428,1.10
6916,105115954904,21.80
6917,35508091381,8.40
6918,199895486317,0.00
6919,44540036415,0.30
6920,199895486317,0.00
6921,2061540558,2.30
6922,199895486317,0.00
6923,22457062991,6.40
6924,199895486317,0.00
6925,3104960440,1.70
6926,4551716580,10.00
6927,163472865191,0.40
6928,246396345579,0.90
6929,36095895,1048.80
6930,199895486317,0.00
6931,13959418917,15.00
6932,101928997749,1.00
6933,71477526622,0.50
6934,199895486317,0.00
6935,148283881641,0.10
6936,7080090989,1.90
6937,1680609208,4.00
6938,199895486317,0.00
6939,199895486317,0.00
6940,20504729645,130.00
6941,343415361,2.00
6942,199895486317,0.00
6943,199895486317,0.00
6944,199895486317,0.00
6945,44540036415,0.30
6946,31582136640,11.40
6947,199895486317,0.00
6948,37765335,539.10
6949,199895486317,0.00
6950,199895486317,0.00
6951,62238172679,0.20
6952,7080090989,1.90
6953,101928997749,1.00
6954,199895486317,0.00
6955,44540036415,0.30
6956,199895486317,0.00
6957,148283881641,0.10
6958,6809361608,4.60
6959,199895486317,0.00
6960,199895486317,0.00
6961,199895486317,0.00
6962,199895486317,0.00
6963,199895486317,0.00
6964,199895486317,0.00
6965,199895486317,0.00
6966,199895486317,0.00
6967,34764476733,0.60
6968,1282146231,1.50
6969,62238172679,0.20
6970,44540036415,0.30
6971,2765384257,5.00
6972,199895486317,0.00
6973,306220722428,0.70
6974,455429765,3.00
6975,199895486317,0.00
6976,246396345579,0.90
6977,77462217621,32.00
6978,81040312818,21.50
6979,22296429237,10.60
6980,101928997749,1.00
6981,42940746,838.90
6982,8292862064,20.00
6983,30913462,318.20
6984,4551716580,10.00
6985,199895486317,0.00
6986,101928997749,1.00
6987,55054223,1907.30
6988,199895486317,0.00
6989,2703468428,1.10
6990,1746989723,6.00
6991,199895486317,0.00
6992,101928997749,1.00
6993,199895486317,0.00
6994,148283881641,0.10
6995,75627533,795.60
6996,199895486317,0.00
6997,59011749,2477.90
6998,71477526622,0.50
6999,44540036415,0.30
7000,59462696962,70.00
7001,2835484791,2.40
7002,38310122,774.80
7003,35499763746,17.50
7004,199895486317,0.00
7005,199895486317,0.00
7006,199895486317,0.00
7007,148283881641,0.10
7008,199895486317,0.00
7009,199895486317,0.00
7010,246396345579,0.90
7011,343415361,2.00
7012,199895486317,0.00
7013,148283881641,0.10
7014,163472865191,0.40
7015,199895486317,0.00
7016,2061540558,2.30
7017,199895486317,0.00
7018,199895486317,0.00
7019,972151566,1.30
7020,46119841,1020.90
7021,62238172679,0.20
7022,34764476733,0.60
7023,44540036415,0.30
7024,57296558678,9.80
7025,16395419562,7.60
7026,1588394240,3.30
7027,1362079323,1.60
7028,8292862064,20.00
7029,10823418976,6.10
7030,199895486317,0.00
7031,199895486317,0.00
7032,246396345579,0.90
7033,101928997749,1.00
7034,116503951556,11.10
7035,306220722428,0.70
7036,61692344,294.10
7037,199895486317,0.00
7038,13673264028,4.10
7039,2703468428,1.10
7040,199895486317,0.00
7041,246396345579,0.90
7042,2765384257,5.00
7043,62238172679,0.20
7044,343415361,2.00
7045,11050714593,10.20
7046,306220722428,0.70
7047,358986793175,0.80
7048,602338736,1.20
7049,163472865191,0.40
7050,1133679013,3.20
7051,2392440899,9.00
7052,199895486317,0.00
7053,199895486317,0.00
7054,199895486317,0.00
7055,199895486317,0.00
7056,62238172679,0.20
7057,199895486317,0.00
7058,199895486317,0.00
7059,34764476733,0.60
7060,75183549221,46.30
7061,1588394240,3.30
7062,44540036415,0.30
7063,222843046227,16.70
7064,148283881641,0.10
7065,163472865191,0.40
7066,199895486317,0.00
7067,199895486317,0.00
7068,150043585984,24.40
7069,199895486317,0.00
7070,199895486317,0.00
7071,199895486317,0.00
7072,18280821715,7.80
7073,199895486317,0.00
7074,11050714593,10.20
7075,71477526622,0.50
7076,199895486317,0.00
7077,62238172679,0.20
7078,199895486317,0.00
7079,199895486317,0.00
7080,101928997749,1.00
7081,148283881641,0.10
7082,343415361,2.00
7083,2765384257,5.00
7084,199895486317,0.00
7085,148283881641,0.10
7086,71477526622,0.50
7087,34764476733,0.60
7088,1282146231,1.50
7089,199895486317,0.00
7090,199895486317,0.00
7091,199895486317,0.00
7092,199895486317,0.00
7093,1680609208,4.00
7094,199895486317,0.00
7095,199895486317,0.00
7096,199895486317,0.00
7097,199895486317,0.00
7098,199895486317,0.00
7099,34764476733,0.60
7100,199895486317,0.00
7101,163472865191,0.40
7102,199895486317,0.00
7103,199895486317,0.00
7104,26582231766,21.70
7105,199895486317,0.00
7106,358986793175,0.80
7107,199895486317,0.00
7108,3245708999,3.10
7109,10700883024,2.80
7110,3012979824,2.10
7111,62238172679,0.20
7112,199895486317,0.00
7113,199895486317,0.00
7114,199895486317,0.00
7115,199895486317,0.00
7116,199895486317,0.00
7117,34764476733,0.60
7118,35362003241,23.00
7119,199895486317,0.00
7120,34764476733,0.60
7121,71477526622,0.50
7122,455429765,3.00
7123,44540036415,0.30
7124,199895486317,0.00
7125,148283881641,0.10
7126,148283881641,0.10
7127,199895486317,0.00
7128,199895486317,0.00
7129,199895486317,0.00
7130,163472865191,0.40
7131,455429765,3.00
7132,163472865191,0.40
7133,199895486317,0.00
7134,148283881641,0.10
7135,163472865191,0.40
7136,358986793175,0.80
7137,199895486317,0.00
7138,17276024761,12.00
7139,34764476733,0.60
7140,602338736,1.20
7141,62238172679,0.20
7142,199895486317,0.00
7143,148283881641,0.10
7144,101928997749,1.00
7145,343415361,2.00
7146,3550368100,2.90
7147,1282146231,1.50
7148,82069353366,10.90
7149,199895486317,0.00
7150,163472865191,0.40
7151,44013250322,60.00
7152,222026870541,13.40
7153,34764476733,0.60
7154,2835484791,2.40
7155,44540036415,0.30
7156,148283881641,0.10
7157,34764476733,0.60
7158,163472865191,0.40
7159,50039995,5000.00
7160,455429765,3.00
7161,71477526622,0.50
7162,199895486317,0.00
7163,4812552406,2.60
7164,34764476733,0.60
7165,199895486317,0.00
7166,199895486317,0.00
7167,199895486317,0.00
7168,10306574036,124.00
7169,199895486317,0.00
7170,44540036415,0.30
7171,58393105,3338.10
7172,54108722,2708.40
7173,44540036415,0.30
7174,199895486317,0.00
7175,343415361,2.00
7176,343415361,2.00
7177,199895486317,0.00
7178,34764476733,0.60
7179,5386150675,3.70
7180,199895486317,0.00
7181,199895486317,0.00
7182,69634962,918.70
7183,199895486317,0.00
7184,65078173,1499.80
7185,199895486317,0.00
7186,199895486317,0.00
7187,59259177822,68.90
7188,199895486317,0.00
7189,148283881641,0.10
7190,199895486317,0.00
7191,199895486317,0.00
7192,62238172679,0.20
7193,76914928942,22.30
7194,1588394240,3.30
7195,56143780,1210.20
7196,199895486317,0.00
7197,2677807330,4.20
7198,199895486317,0.00
7199,39293764735,13.00
7200,602338736,1.20
7201,199895486317,0.00
7202,44540036415,0.30
7203,306220722428,0.70
7204,2061540558,2.30
7205,199895486317,0.00
7206,34764476733,0.60
7207,199895486317,0.00
7208,199895486317,0.00
7209,199895486317,0.00
7210,358986793175,0.80
7211,1282146231,1.50
7212,163472865191,0.40
7213,199895486317,0.00
7214,3104960440,1.70
7215,62238172679,0.20
7216,1680609208,4.00
7217,199895486317,0.00
7218,44030307,655.70
7219,2061540558,2.30
7220,78896209,2586.00
7221,199895486317,0.00
7222,71477526622,0.50
7223,26027409838,4.80
7224,52474397,855.80
7225,199895486317,0.00
7226,199895486317,0.00
7227,43728481647,99.80
7228,71477526622,0.50
7229,199895486317,0.00
7230,199895486317,0.00
7231,199895486317,0.00
7232,1763030528,1.80
7233,358986793175,0.80
7234,199895486317,0.00
7235,163472865191,0.40
7236,199895486317,0.00
7237,199895486317,0.00
7238,293501796,251.90
7239,199895486317,0.00
7240,199895486317,0.00
7241,199895486317,0.00
7242,199895486317,0.00
7243,199895486317,0.00
7244,1282146231,1.50
7245,62238172679,0.20
7246,2703468428,1.10
7247,199895486317,0.00
7248,62238172679,0.20
7249,6809361608,4.60
7250,972151566,1.30
7251,199895486317,0.00
7252,199895486317,0.00
7253,199895486317,0.00
7254,1763030528,1.80
7255,148283881641,0.10
7256,148283881641,0.10
7257,199895486317,0.00
7258,199895486317,0.00
7259,199895486317,0.00
7260,199895486317,0.00
7261,54836322,1393.90
7262,73723090,410.40
7263,101928997749,1.00
7264,199895486317,0.00
7265,199895486317,0.00
7266,148283881641,0.10
7267,2963734257,2.20
7268,3104960440,1.70
7269,62238172679,0.20
7270,34764476733,0.60
7271,12948734862,20.20
7272,199895486317,0.00
7273,79168605,469.70
7274,199895486317,0.00
7275,199895486317,0.00
7276,455429765,3.00
7277,7068858213,6.30
7278,199895486317,0.00
7279,163472865191,0.40
7280,199895486317,0.00
7281,13673264028,4.10
7282,163472865191,0.40
7283,15631109537,5.30
7284,306220722428,0.70
7285,3410759185,181.10
7286,3550368100,2.90
7287,15709845480,6.60
7288,63508266146,20.80
7289,34764476733,0.60
7290,44540036415,0.30
7291,34764476733,0.60
7292,6518884530,6.50
7293,1746989723,6.00
7294,3012979824,2.10
7295,199895486317,0.00
7296,199895486317,0.00
7297,199895486317,0.00
7298,12446552463,5.50
7299,199895486317,0.00
7300,199895486317,0.00
7301,199895486317,0.00
7302,34764476733,0.60
7303,1763030528,1.80
7304,199895486317,0.00
7305,199895486317,0.00
7306,2765384257,5.00
7307,44540036415,0.30
7308,199895486317,0.00
7309,199895486317,0.00
7310,199895486317,0.00
7311,199895486317,0.00
7312,7080090989,1.90
7313,199895486317,0.00
7314,71477526622,0.50
7315,34764476733,0.60
7316,2738253323,188.30
7317,199895486317,0.00
7318,1588394240,3.30
7319,343415361,2.00
7320,199895486317,0.00
7321,199895486317,0.00
7322,199895486317,0.00
7323,2806707425,1.40
7324,343415361,2.00
7325,199895486317,0.00
7326,199895486317,0.00
7327,199895486317,0.00
7328,116080572998,44.50
7329,199895486317,0.00
7330,148283881641,0.10
7331,23701605965,6.70
7332,101928997749,1.00
7333,1362079323,1.60
7334,39944451,809.00
7335,199895486317,0.00
7336,44540036415,0.30
7337,199895486317,0.00
7338,44540036415,0.30
7339,148283881641,0.10
7340,343415361,2.00
7341,79440987,2549.50
7342,246396345579,0.90
7343,1680609208,4.00
7344,148283881641,0.10
7345,199895486317,0.00
7346,82251507,345.00
7347,602338736,1.20
7348,199895486317,0.00
7349,44540036415,0.30
7350,199895486317,0.00
7351,199895486317,0.00
7352,34764476733,0.60
7353,4464820305,6.20
7354,199895486317,0.00
7355,34764476733,0.60
7356,42395954,732.20
7357,199895486317,0.00
7358,163472865191,0.40
7359,232768961,252.90
7360,71269300,869.90
7361,34764476733,0.60
7362,199895486317,0.00
7363,62238172679,0.20
7364,199895486317,0.00
7365,199895486317,0.00
7366,101928997749,1.00
7367,44847479,2897.90
7368,972151566,1.30
7369,199895486317,0.00
7370,199895486317,0.00
7371,199895486317,0.00
7372,306220722428,0.70
7373,28660817005,42.00
7374,41107861,1192.90
7375,2061540558,2.30
7376,3550368100,2.90
7377,199895486317,0.00
7378,62238172679,0.20
7379,35107990721,16.20
7380,199895486317,0.00
7381,306220722428,0.70
7382,40489233,706.30
7383,62238172679,0.20
7384,306220722428,0.70
7385,28033149,1298.10
7386,163472865191,0.40
7387,11529917142,7.00
7388,3012979824,2.10
7389,44540036415,0.30
7390,8292862064,20.00
7391,199895486317,0.00
7392,16872096438,5.20
7393,455429765,3.00
7394,199895486317,0.00
7395,199895486317,0.00
7396,602338736,1.20
7397,199895486317,0.00
7398,199895486317,0.00
7399,199895486317,0.00
7400,199895486317,0.00
7401,148283881641,0.10
7402,199895486317,0.00
7403,148283881641,0.10
7404,199895486317,0.00
7405,82437271,794.90
7406,39293764735,13.00
7407,199895486317,0.00
7408,7068858213,6.30
7409,163472865191,0.40
7410,199895486317,0.00
7411,39856693,694.10
7412,71477526622,0.50
7413,5386150675,3.70
7414,199895486317,0.00
7415,199895486317,0.00
7416,199895486317,0.00
7417,199895486317,0.00
7418,155969538127,21.40
7419,199895486317,0.00
7420,6952771661,2.70
7421,1362079323,1.60
7422,199895486317,0.00
7423,3012979824,2.10
7424,306220722428,0.70
7425,44540036415,0.30
7426,306220722428,0.70
7427,199895486317,0.00
7428,4812552406,2.60
7429,148283881641,0.10
7430,4551716580,10.00
7431,44540036415,0.30
7432,199895486317,0.00
7433,2963734257,2.20
7434,3104960440,1.70
7435,50039995,5000.00
7436,455429765,3.00
7437,199895486317,0.00
7438,455429765,3.00
7439,62238172679,0.20
7440,71477526622,0.50
7441,44540036415,0.30
7442,199895486317,0.00
7443,101928997749,1.00
7444,44540036415,0.30
7445,47606485,3800.10
7446,76444699,890.60
7447,34764476733,0.60
7448,199895486317,0.00
7449,62238172679,0.20
7450,71477526622,0.50
7451,148283881641,0.10
7452,199895486317,0.00
7453,199895486317,0.00
7454,199895486317,0.00
7455,148283881641,0.10
7456,71477526622,0.50
7457,2061540558,2.30
7458,199895486317,0.00
7459,199895486317,0.00
7460,1282146231,1.50
7461,229834292229,15.50
7462,199895486317,0.00
7463,199895486317,0.00
7464,199895486317,0.00
7465,602338736,1.20
7466,199895486317,0.00
7467,148283881641,0.10
7468,199895486317,0.00
7469,199895486317,0.00
7470,71477526622,0.50
7471,199895486317,0.00
7472,2392440899,9.00
7473,199895486317,0.00
7474,3012979824,2.10
7475,22585346,1003.60
7476,246396345579,0.90
7477,31733495008,77.60
7478,18280821715,7.80
7479,3012979824,2.10
7480,44540036415,0.30
7481,50039995,5000.00
7482,199895486317,0.00
7483,80056880361,8.60
7484,199895486317,0.00
7485,78127657665,30.40
7486,44540036415,0.30
7487,602338736,1.20
7488,199895486317,0.00
7489,199895486317,0.00
7490,3012979824,2.10
7491,343415361,2.00
7492,44540036415,0.30
7493,62238172679,0.20
7494,3012979824,2.10
7495,199895486317,0.00
7496,41979518,1416.90
7497,71775163,336.30
7498,246396345579,0.90
7499,44540036415,0.30
7500,148283881641,0.10
7501,199895486317,0.00
7502,4551716580,10.00
7503,199895486317,0.00
7504,455429765,3.00
7505,148283881641,0.10
7506,1746989723,6.00
7507,602338736,1.20
7508,306220722428,0.70
7509,199895486317,0.00
7510,455429765,3.00
7511,199895486317,0.00
7512,1746989723,6.00
7513,3104960440,1.70
7514,50039995,5000.00
7515,1133679013,3.20
7516,199895486317,0.00
7517,44540036415,0.30
7518,36140571759,61.80
7519,199895486317,0.00
7520,4464820305,6.20
7521,46337751,1090.20
7522,51112445,848.50
7523,163472865191,0.40
7524,199895486317,0.00
7525,199895486317,0.00
7526,199895486317,0.00
7527,44540036415,0.30
7528,1282146231,1.50
7529,24761050,372.20
7530,199895486317,0.00
7531,6952771661,2.70
7532,1282146231,1.50
7533,199895486317,0.00
7534,199895486317,0.00
7535,199895486317,0.00
7536,199895486317,0.00
7537,199895486317,0.00
7538,62238172679,0.20
7539,199895486317,0.00
7540,44540036415,0.30
7541,44540036415,0.30
7542,101928997749,1.00
7543,199895486317,0.00
7544,101928997749,1.00
7545,62238172679,0.20
7546,199895486317,0.00
7547,101928997749,1.00
7548,358986793175,0.80
7549,199895486317,0.00
7550,199895486317,0.00
7551,44540036415,0.30
7552,199895486317,0.00
7553,2703468428,1.10
7554,199895486317,0.00
7555,199895486317,0.00
7556,199895486317,0.00
7557,199895486317,0.00
7558,199895486317,0.00
7559,199895486317,0.00
7560,199895486317,0.00
7561,1763030528,1.80
7562,199895486317,0.00
7563,343415361,2.00
7564,44540036415,0.30
7565,1362079323,1.60
7566,199895486317,0.00
7567,199895486317,0.00
7568,34764476733,0.60
7569,62238172679,0.20
7570,199895486317,0.00
7571,199895486317,0.00
7572,246396345579,0.90
7573,199895486317,0.00
7574,199895486317,0.00
7575,62238172679,0.20
7576,1133679013,3.20
7577,199895486317,0.00
7578,199895486317,0.00
7579,62238172679,0.20
7580,1746989723,6.00
7581,455429765,3.00
7582,199895486317,0.00
7583,343415361,2.00
7584,199895486317,0.00
7585,199895486317,0.00
7586,1746989723,6.00
7587,199895486317,0.00
7588,199895486317,0.00
7589,199895486317,0.00
7590,199895486317,0.00
7591,199895486317,0.00
7592,199895486317,0.00
7593,148283881641,0.10
7594,71477526622,0.50
7595,34764476733,0.60
7596,36553126786,16.00
7597,4812552406,2.60
7598,47026587,650.90
7599,44540036415,0.30
7600,62238172679,0.20
7601,10823418976,6.10
7602,148283881641,0.10
7603,199895486317,0.00
7604,199895486317,0.00
7605,101928997749,1.00
7606,199895486317,0.00
7607,199895486317,0.00
7608,71477526622,0.50
7609,199895486317,0.00
7610,199895486317,0.00
7611,199895486317,0.00
7612,50039995,5000.00
7613,11050714593,10.20
7614,199895486317,0.00
7615,34764476733,0.60
7616,2806707425,1.40
7617,71477526622,0.50
7618,199895486317,0.00
7619,14009758587,9.30
7620,148283881641,0.10
7621,2806707425,1.40
7622,44540036415,0.30
7623,44540036415,0.30
7624,199895486317,0.00
7625,199895486317,0.00
7626,148283881641,0.10
7627,70184228038,16.60
7628,49753255,404.10
7629,101928997749,1.00
7630,199895486317,0.00
7631,455429765,3.00
7632,148283881641,0.10
7633,306220722428,0.70
7634,35390813324,10.20
7635,602338736,1.20
7636,199895486317,0.00
7637,4342371353,4.30
7638,199895486317,0.00
7639,199895486317,0.00
7640,199895486317,0.00
7641,62238172679,0.20
7642,148283881641,0.10
7643,6809361608,4.60
7644,34764476733,0.60
7645,199895486317,0.00
7646,199895486317,0.00
7647,343415361,2.00
7648,199895486317,0.00
7649,199895486317,0.00
7650,199895486317,0.00
7651,44540036415,0.30
7652,199895486317,0.00
7653,199895486317,0.00
7654,44540036415,0.30
7655,44540036415,0.30
7656,246396345579,0.90
7657,75082762,600.90
7658,35660063,1524.10
7659,71477526622,0.50
7660,246396345579,0.90
7661,6952771661,2.70
7662,18675978956,129.00
7663,7068858213,6.30
7664,45903761653,39.80
7665,455429765,3.00
7666,199895486317,0.00
7667,35224243,1421.80
7668,199895486317,0.00
7669,199895486317,0.00
7670,199895486317,0.00
7671,199895486317,0.00
7672,199895486317,0.00
7673,199895486317,0.00
7674,199895486317,0.00
7675,455429765,3.00
7676,199895486317,0.00
7677,199895486317,0.00
7678,34764476733,0.60
7679,199895486317,0.00
7680,2703468428,1.10
7681,8669357934,5.10
7682,148283881641,0.10
7683,199895486317,0.00
7684,44540036415,0.30
7685,53019184,466.90
7686,455429765,3.00
7687,455429765,3.00
7688,1746989723,6.00
7689,62238172679,0.20
7690,148283881641,0.10
7691,62238172679,0.20
7692,199895486317,0.00
7693,101928997749,1.00
7694,455429765,3.00
7695,199895486317,0.00
7696,71477526622,0.50
7697,44540036415,0.30
7698,28660817005,42.00
7699,199895486317,0.00
7700,343415361,2.00
7701,343415361,2.00
7702,199895486317,0.00
7703,1362079323,1.60
7704,343415361,2.00
7705,199895486317,0.00
7706,199895486317,0.00
7707,3012979824,2.10
7708,1362079323,1.60
7709,6877476350,3.40
7710,199895486317,0.00
7711,4736455294,3.80
7712,62238172679,0.20
7713,62238172679,0.20
7714,199895486317,0.00
7715,602338736,1.20
7716,358986793175,0.80
7717,199895486317,0.00
7718,62238172679,0.20
7719,34764476733,0.60
7720,199895486317,0.00
7721,199895486317,0.00
7722,148283881641,0.10
7723,199895486317,0.00
7724,101928997749,1.00
7725,199895486317,0.00
7726,199895486317,0.00
7727,199895486317,0.00
7728,199895486317,0.00
7729,67804314366,23.10
7730,199895486317,0.00
7731,358986793175,0.80
7732,1680609208,4.00
7733,11239171989,8.30
7734,199895486317,0.00
7735,43722809,1028.10
7736,148283881641,0.10
7737,6685381110,3.60
7738,32054186923,20.10
7739,199895486317,0.00
7740,6685381110,3.60
7741,199895486317,0.00
7742,71477526622,0.50
7743,199895486317,0.00
7744,199895486317,0.00
7745,199895486317,0.00
7746,455429765,3.00
7747,246396345579,0.90
7748,199895486317,0.00
7749,199895486317,0.00
7750,199895486317,0.00
7751,11164776665,3.90
7752,31582136640,11.40
7753,43485527,2093.50
7754,199895486317,0.00
7755,199895486317,0.00
7756,34764476733,0.60
7757,199895486317,0.00
7758,1282146231,1.50
7759,38582507,490.60
7760,199895486317,0.00
7761,306220722428,0.70
7762,199895486317,0.00
7763,34764476733,0.60
7764,199895486317,0.00
7765,199895486317,0.00
7766,306220722428,0.70
7767,62238172679,0.20
7768,199895486317,0.00
7769,43940727,1768.80
7770,1680609208,4.00
7771,199895486317,0.00
7772,199895486317,0.00
7773,199895486317,0.00
7774,615245777,236.60
7775,6952771661,2.70
7776,199895486317,0.00
7777,8292862064,20.00
7778,199895486317,0.00
7779,199895486317,0.00
7780,101928997749,1.00
7781,1746989723,6.00
7782,111548308763,8.70
7783,199895486317,0.00
7784,199895486317,0.00
7785,199895486317,0.00
7786,972151566,1.30
7787,199895486317,0.00
7788,199895486317,0.00
7789,10222831263,20.60
7790,169128412,257.20
7791,2703468428,1.10
7792,1680609208,4.00
7793,199895486317,0.00
7794,199895486317,0.00
7795,455429765,3.00
7796,9332603762,6.90
7797,101928997749,1.00
7798,34764476733,0.60
7799,44540036415,0.30
7800,17276024761,12.00
7801,32589942,458.60
7802,199895486317,0.00
7803,101928997749,1.00
7804,199895486317,0.00
7805,199895486317,0.00
7806,199895486317,0.00
7807,61673026378,9.90
7808,148283881641,0.10
7809,62122267721,34.80
7810,199895486317,0.00
7811,148283881641,0.10
7812,2765384257,5.00
7813,70452119,807.20
7814,71477526622,0.50
7815,107573835,279.30
7816,6209219958,159.60
7817,199895486317,0.00
7818,101928997749,1.00
7819,2765384257,5.00
7820,199895486317,0.00
7821,148283881641,0.10
7822,52378951863,50.00
7823,199895486317,0.00
7824,199895486317,0.00
7825,199895486317,0.00
7826,199895486317,0.00
7827,455429765,3.00
7828,32589919,567.20
7829,3590915596,187.70
7830,199895486317,0.00
7831,62238172679,0.20
7832,199895486317,0.00
7833,199895486317,0.00
7834,199895486317,0.00
7835,36553126786,16.00
7836,199895486317,0.00
7837,22457062991,6.40
7838,199895486317,0.00
7839,199895486317,0.00
7840,199895486317,0.00
7841,44540036415,0.30
7842,199895486317,0.00
7843,148283881641,0.10
7844,199895486317,0.00
7845,41578789,2301.00
7846,2703468428,1.10
7847,199895486317,0.00
7848,62238172679,0.20
7849,1763030528,1.80
7850,77534266,711.00
7851,57377406,591.10
7852,199895486317,0.00
7853,148283881641,0.10
7854,1133679013,3.20
7855,49301716215,32.90
7856,44540036415,0.30
7857,199895486317,0.00
7858,343415361,2.00
7859,148283881641,0.10
7860,26027409838,4.80
7861,133900516,272.90
7862,34764476733,0.60
7863,62238172679,0.20
7864,163472865191,0.40
7865,6685381110,3.60
7866,199895486317,0.00
7867,199895486317,0.00
7868,199895486317,0.00
7869,71477526622,0.50
7870,455429765,3.00
7871,163472865191,0.40
7872,199895486317,0.00
7873,199895486317,0.00
7874,148283881641,0.10
7875,199895486317,0.00
7876,199895486317,0.00
7877,4736455294,3.80
7878,34764476733,0.60
7879,199895486317,0.00
7880,199895486317,0.00
7881,199895486317,0.00
7882,199895486317,0.00
7883,62238172679,0.20
7884,62238172679,0.20
7885,199895486317,0.00
7886,2806707425,1.40
7887,199895486317,0.00
7888,306220722428,0.70
7889,972151566,1.30
7890,3012979824,2.10
7891,455429765,3.00
7892,199895486317,0.00
7893,199895486317,0.00
7894,163472865191,0.40
7895,34764476733,0.60
7896,199895486317,0.00
7897,3310440212,174.70
7898,199895486317,0.00
7899,199895486317,0.00
7900,44540036415,0.30
7901,972151566,1.30
7902,148283881641,0.10
7903,55835027897,55.80
7904,34764476733,0.60
7905,101928997749,1.00
7906,199895486317,0.00
7907,163472865191,0.40
7908,16850613488,113.10
7909,199895486317,0.00
7910,35006330,1084.80
7911,199895486317,0.00
7912,199895486317,0.00
7913,35006336,1037.00
7914,101928997749,1.00
7915,972151566,1.30
7916,44540036415,0.30
7917,199895486317,0.00
7918,199895486317,0.00
7919,343415361,2.00
7920,4811135380,143.00
7921,199895486317,0.00
7922,3104960440,1.70
7923,199895486317,0.00
7924,199895486317,0.00
7925,62238172679,0.20
7926,6518884530,6.50
7927,7080090989,1.90
7928,155963234565,28.30
7929,199895486317,0.00
7930,44540036415,0.30
7931,972151566,1.30
7932,31535382,369.50
7933,199895486317,0.00
7934,199895486317,0.00
7935,343415361,2.00
7936,52003458,1494.80
7937,199895486317,0.00
7938,199895486317,0.00
7939,123054036473,30.20
7940,34764476733,0.60
7941,199895486317,0.00
7942,2061540558,2.30
7943,34764476733,0.60
7944,44540036415,0.30
7945,199895486317,0.00
7946,199895486317,0.00
7947,199895486317,0.00
7948,27845432285,115.20
7949,199895486317,0.00
7950,34764476733,0.60
7951,199895486317,0.00
7952,62238172679,0.20
7953,154969047,249.70
7954,199895486317,0.00
7955,199895486317,0.00
7956,62238172679,0.20
7957,46056915591,58.70
7958,54925901,658.00
7959,343415361,2.00
7960,602338736,1.20
7961,163472865191,0.40
7962,163472865191,0.40
7963,34764476733,0.60
7964,1680609208,4.00
7965,2677807330,4.20
7966,199895486317,0.00
7967,199895486317,0.00
7968,41034008,2025.80
7969,58466975,909.90
7970,34764476733,0.60
7971,1746989723,6.00
7972,199895486317,0.00
7973,199895486317,0.00
7974,199895486317,0.00
7975,6518884530,6.50
7976,199895486317,0.00
7977,45152752239,21.60
7978,78351424,480.00
7979,199895486317,0.00
7980,199895486317,0.00
7981,199895486317,0.00
7982,972151566,1.30
7983,199895486317,0.00
7984,602338736,1.20
7985,163472865191,0.40
7986,12868412151,120.20
7987,62238172679,0.20
7988,199895486317,0.00
7989,199895486317,0.00
7990,306220722428,0.70
7991,199895486317,0.00
7992,199895486317,0.00
7993,101928997749,1.00
7994,199895486317,0.00
7995,44540036415,0.30
7996,199895486317,0.00
7997,199895486317,0.00
7998,199895486317,0.00
7999,163472865191,0.40
8000,2835484791,2.40
8001,62238172679,0.20
8002,199895486317,0.00
8003,199895486317,0.00
8004,80258151,573.40
8005,199895486317,0.00
8006,358986793175,0.80
8007,199895486317,0.00
8008,199895486317,0.00
8009,199895486317,0.00
8010,972151566,1.30
8011,1746989723,6.00
8012,199895486317,0.00
8013,50840047,691.90
8014,358986793175,0.80
8015,101928997749,1.00
8016,101928997749,1.00
8017,199895486317,0.00
8018,246396345579,0.90
8019,101928997749,1.00
8020,56059681,320.40
8021,34764476733,0.60
8022,48933402,439.70
8023,199895486317,0.00
8024,199895486317,0.00
8025,602338736,1.20
8026,343415361,2.00
8027,199895486317,0.00
8028,199895486317,0.00
8029,35041427,600.50
8030,163472865191,0.40
8031,199895486317,0.00
8032,1763030528,1.80
8033,163472865191,0.40
8034,101928997749,1.00
8035,38854890,753.00
8036,62238172679,0.20
8037,199895486317,0.00
8038,199895486317,0.00
8039,199895486317,0.00
8040,199895486317,0.00
8041,199895486317,0.00
8042,163472865191,0.40
8043,44013250322,60.00
8044,199895486317,0.00
8045,199895486317,0.00
8046,4848141218,30.00
8047,246396345579,0.90
8048,95982921,3855.40
8049,34764476733,0.60
8050,199895486317,0.00
8051,199895486317,0.00
8052,71477526622,0.50
8053,34764476733,0.60
8054,455429765,3.00
8055,199895486317,0.00
8056,1680609208,4.00
8057,199895486317,0.00
8058,343415361,2.00
8059,972151566,1.30
8060,343415361,2.00
8061,199895486317,0.00
8062,31955570,1094.80
8063,46209417,2813.60
8064,1746989723,6.00
8065,64451359770,11.20
8066,1362079323,1.60
8067,199895486317,0.00
8068,199895486317,0.00
8069,1746989723,6.00
8070,199895486317,0.00
8071,1588394240,3.30
8072,199895486317,0.00
8073,44540036415,0.30
8074,62238172679,0.20
8075,44540036415,0.30
8076,358986793175,0.80
8077,71269296,981.50
8078,8715176373,40.00
8079,199895486317,0.00
8080,199895486317,0.00
8081,57233353,1409.30
8082,148283881641,0.10
8083,148283881641,0.10
8084,199895486317,0.00
8085,2061540558,2.30
8086,199895486317,0.00
8087,199895486317,0.00
8088,199895486317,0.00
8089,71477526622,0.50
8090,199895486317,0.00
8091,1680609208,4.00
8092,199895486317,0.00
8093,199895486317,0.00
8094,343415361,2.00
8095,199895486317,0.00
8096,7080090989,1.90
8097,44540036415,0.30
8098,199895486317,0.00
8099,150050080474,22.50
8100,44540036415,0.30
8101,199895486317,0.00
8102,11050714593,10.20
8103,101928997749,1.00
8104,246396345579,0.90
8105,101928997749,1.00
8106,199895486317,0.00
8107,199895486317,0.00
8108,101928997749,1.00
8109,10222831263,20.60
8110,34764476733,0.60
8111,32173474,1508.30
8112,148283881641,0.10
8113,2765384257,5.00
8114,199895486317,0.00
8115,199895486317,0.00
8116,3012979824,2.10
8117,602338736,1.20
8118,34764476733,0.60
8119,199895486317,0.00
8120,199895486317,0.00
8121,39399669,477.90
8122,53019177,945.80
8123,44540036415,0.30
8124,199895486317,0.00
8125,101928997749,1.00
8126,199895486317,0.00
8127,199895486317,0.00
8128,1680609208,4.00
8129,199895486317,0.00
8130,3245708999,3.10
8131,199895486317,0.00
8132,199895486317,0.00
8133,29866023,2224.50
8134,101928997749,1.00
8135,199895486317,0.00
8136,3104960440,1.70
8137,62238172679,0.20
8138,199895486317,0.00
8139,1282146231,1.50
8140,71477526622,0.50
8141,199895486317,0.00
8142,44540036415,0.30
8143,42229718522,18.00
8144,246396345579,0.90
8145,199895486317,0.00
8146,199895486317,0.00
8147,343415361,2.00
8148,199895486317,0.00
8149,6952771661,2.70
8150,163472865191,0.40
8151,101928997749,1.00
8152,163472865191,0.40
8153,199895486317,0.00
8154,199895486317,0.00
8155,199895486317,0.00
8156,8001736986,4.40
8157,2806707425,1.40
8158,101928997749,1.00
8159,71477526622,0.50
8160,1680609208,4.00
8161,62238172679,0.20
8162,602338736,1.20
8163,199895486317,0.00
8164,4164616375,2.50
8165,17505974162,7.50
8166,4812552406,2.60
8167,8001736986,4.40
8168,31582136640,11.40
8169,36130997,2213.70
8170,199895486317,0.00
8171,199895486317,0.00
8172,199895486317,0.00
8173,306220722428,0.70
8174,44540036415,0.30
8175,199895486317,0.00
8176,246396345579,0.90
8177,199895486317,0.00
8178,455429765,3.00
8179,972151566,1.30
8180,1282146231,1.50
8181,199895486317,0.00
8182,16872096438,5.20
8183,62238172679,0.20
8184,62238172679,0.20
8185,199895486317,0.00
8186,79082855448,33.70
8187,199895486317,0.00
8188,199895486317,0.00
8189,62555117,408.60
8190,34764476733,0.60
8191,199895486317,0.00
8192,199895486317,0.00
8193,199895486317,0.00
8194,199895486317,0.00
8195,602338736,1.20
8196,101928997749,1.00
8197,972151566,1.30
8198,199895486317,0.00
8199,6685381110,3.60
8200,1588394240,3.30
8201,199895486317,0.00
8202,62238172679,0.20
8203,90788578527,13.30
8204,199895486317,0.00
8205,199895486317,0.00
8206,101928997749,1.00
8207,199895486317,0.00
8208,62238172679,0.20
8209,8669357934,5.10
8210,43259280,292.00
8211,1133679013,3.20
8212,63116967,1020.40
8213,246396345579,0.90
8214,343415361,2.00
8215,8292862064,20.00
8216,199895486317,0.00
8217,44540036415,0.30
8218,34764476733,0.60
8219,2963734257,2.20
8220,343415361,2.00
8221,4551716580,10.00
8222,199895486317,0.00
8223,2806707425,1.40
8224,199895486317,0.00
8225,246396345579,0.90
8226,455429765,3.00
8227,199895486317,0.00
8228,34764476733,0.60
8229,62238172679,0.20
8230,199895486317,0.00
8231,163472865191,0.40
8232,199895486317,0.00
8233,199895486317,0.00
8234,306220722428,0.70
8235,13673264028,4.10
8236,101928997749,1.00
8237,101928997749,1.00
8238,199895486317,0.00
8239,163472865191,0.40
8240,199895486317,0.00
8241,34764476733,0.60
8242,18047948,1371.50
8243,199895486317,0.00
8244,199895486317,0.00
8245,199895486317,0.00
8246,199895486317,0.00
8247,199895486317,0.00
8248,199895486317,0.00
8249,2806707425,1.40
8250,343415361,2.00
8251,6809361608,4.60
8252,2061540558,2.30
8253,66911047,522.10
8254,199895486317,0.00
8255,246396345579,0.90
8256,148283881641,0.10
8257,199895486317,0.00
8258,602338736,1.20
8259,50039995,5000.00
8260,71477526622,0.50
8261,101928997749,1.00
8262,62238172679,0.20
8263,199895486317,0.00
8264,199895486317,0.00
8265,199895486317,0.00
8266,199895486317,0.00
8267,71477526622,0.50
8268,1680609208,4.00
8269,199895486317,0.00
8270,343415361,2.00
8271,199895486317,0.00
8272,4812552406,2.60
8273,199895486317,0.00
8274,62238172679,0.20
8275,1680609208,4.00
8276,17276024761,12.00
8277,38630248056,76.40
8278,48660930,757.80
8279,199895486317,0.00
8280,5938589988,139.30
8281,4848141218,30.00
8282,199895486317,0.00
8283,199895486317,0.00
8284,199895486317,0.00
8285,3012979824,2.10
8286,199895486317,0.00
8287,199895486317,0.00
8288,101928997749,1.00
8289,2806707425,1.40
8290,50039995,5000.00
8291,42942773,405.90
8292,62238172679,0.20
8293,199895486317,0.00
8294,163472865191,0.40
8295,101928997749,1.00
8296,44540036415,0.30
8297,199895486317,0.00
8298,64187149,884.20
8299,358986793175,0.80
8300,199895486317,0.00
8301,71477526622,0.50
8302,246396345579,0.90
8303,13959418917,15.00
8304,358986793175,0.80
8305,199895486317,0.00
8306,6685381110,3.60
8307,101928997749,1.00
8308,3245708999,3.10
8309,343415361,2.00
8310,199895486317,0.00
8311,1282146231,1.50
8312,602338736,1.20
8313,1362079323,1.60
8314,199895486317,0.00
8315,199895486317,0.00
8316,455429765,3.00
8317,34764476733,0.60
8318,5386150675,3.70
8319,199895486317,0.00
8320,199895486317,0.00
8321,343415361,2.00
8322,4812552406,2.60
8323,199895486317,0.00
8324,62238172679,0.20
8325,3104960440,1.70
8326,199895486317,0.00
8327,343415361,2.00
8328,1282146231,1.50
8329,2765384257,5.00
8330,199895486317,0.00
8331,163472865191,0.40
8332,101928997749,1.00
8333,163472865191,0.40
8334,4164616375,2.50
8335,199895486317,0.00
8336,199895486317,0.00
8337,246396345579,0.90
8338,199895486317,0.00
8339,1133679013,3.20
8340,62238172679,0.20
8341,199895486317,0.00
8342,343415361,2.00
8343,199895486317,0.00
8344,199895486317,0.00
8345,13673264028,4.10
8346,3245708999,3.10
8347,199895486317,0.00
8348,12808072616,5.80
8349,199895486317,0.00
8350,199895486317,0.00
8351,343415361,2.00
8352,3012979824,2.10
8353,343415361,2.00
8354,6877476350,3.40
8355,455429765,3.00
8356,75082751,662.30
8357,199895486317,0.00
8358,12703663512,20.40
8359,455429765,3.00
8360,16557587014,10.30
8361,199895486317,0.00
8362,199895486317,0.00
8363,3145674745,187.20
8364,199895486317,0.00
8365,34764476733,0.60
8366,86950395429,13.90
8367,31139708803,14.00
8368,199895486317,0.00
8369,10823418976,6.10
8370,4342371353,4.30
8371,7068858213,6.30
8372,77806655,719.10
8373,358986793175,0.80
8374,199895486317,0.00
8375,33407102,832.40
8376,199895486317,0.00
8377,199895486317,0.00
8378,972151566,1.30
8379,199895486317,0.00
8380,199895486317,0.00
8381,199895486317,0.00
8382,101928997749,1.00
8383,17505974162,7.50
8384,199895486317,0.00
8385,199895486317,0.00
8386,101928997749,1.00
8387,602338736,1.20
8388,16557587014,10.30
8389,199895486317,0.00
8390,199895486317,0.00
8391,343415361,2.00
8392,199895486317,0.00
8393,87200391875,15.70
8394,199895486317,0.00
8395,15499037276,10.50
8396,199895486317,0.00
8397,199895486317,0.00
8398,199895486317,0.00
8399,16139172352,5.60
8400,343415361,2.00
8401,246396345579,0.90
8402,10222831263,20.60
8403,199895486317,0.00
8404,199895486317,0.00
8405,1763030528,1.80
8406,75627538,2236.00
8407,62238172679,0.20
8408,44540036415,0.30
8409,199895486317,0.00
8410,358986793175,0.80
8411,6685381110,3.60
8412,199895486317,0.00
8413,602338736,1.20
8414,38492926,1068.30
8415,62238172679,0.20
8416,4164616375,2.50
8417,43965639867,6.70
8418,199895486317,0.00
8419,116344051,265.50
8420,44540036415,0.30
8421,10731695655,5.70
8422,148283881641,0.10
8423,34764476733,0.60
8424,71477526622,0.50
8425,199895486317,0.00
8426,5542820590,162.20
8427,199895486317,0.00
8428,44540036415,0.30
8429,455429765,3.00
8430,7080090989,1.90
8431,199895486317,0.00
8432,34764476733,0.60
8433,4164616375,2.50
8434,358986793175,0.80
8435,4342371353,4.30
8436,199895486317,0.00
8437,62238172679,0.20
8438,343415361,2.00
8439,71477526622,0.50
8440,199895486317,0.00
8441,61024824,347.80
8442,50012805,330.90
8443,199895486317,0.00
8444,71477526622,0.50
8445,199895486317,0.00
8446,199895486317,0.00
8447,199895486317,0.00
8448,602338736,1.20
8449,199895486317,0.00
8450,199895486317,0.00
8451,45664649,733.50
8452,148283881641,0.10
8453,199895486317,0.00
8454,199895486317,0.00
8455,16139172352,5.60
8456,163472865191,0.40
8457,6877476350,3.40
8458,1282146231,1.50
8459,1282146231,1.50
8460,135678666358,25.10
8461,11239171989,8.30
8462,44540036415,0.30
8463,199895486317,0.00
8464,199895486317,0.00
8465,12948734862,20.20
8466,199895486317,0.00
8467,163472865191,0.40
8468,163472865191,0.40
8469,62238172679,0.20
8470,199895486317,0.00
8471,199895486317,0.00
8472,343415361,2.00
8473,199895486317,0.00
8474,101928997749,1.00
8475,199895486317,0.00
8476,34764476733,0.60
8477,71477526622,0.50
8478,199895486317,0.00
8479,31253324548,38.90
8480,199895486317,0.00
8481,62238172679,0.20
8482,199895486317,0.00
8483,199895486317,0.00
8484,199895486317,0.00
8485,199895486317,0.00
8486,62238172679,0.20
8487,199895486317,0.00
8488,199895486317,0.00
8489,306220722428,0.70
8490,62238172679,0.20
8491,246396345579,0.90
8492,70179725,534.50
8493,199895486317,0.00
8494,71477526622,0.50
8495,199895486317,0.00
8496,199895486317,0.00
8497,199895486317,0.00
8498,44540036415,0.30
8499,199895486317,0.00
8500,306220722428,0.70
8501,199895486317,0.00
8502,71477526622,0.50
8503,61463254,2637.30
8504,358986793175,0.80
8505,62238172679,0.20
8506,71541681,766.40
8507,455429765,3.00
8508,199895486317,0.00
8509,8715176373,40.00
8510,11328042856,3.50
8511,199895486317,0.00
8512,199895486317,0.00
8513,343415361,2.00
8514,3104960440,1.70
8515,101928997749,1.00
8516,34764476733,0.60
8517,199895486317,0.00
8518,71477526622,0.50
8519,148283881641,0.10
8520,199895486317,0.00
8521,148283881641,0.10
8522,199895486317,0.00
8523,199895486317,0.00
8524,148283881641,0.10
8525,306220722428,0.70
8526,343415361,2.00
8527,199895486317,0.00
8528,199895486317,0.00
8529,343415361,2.00
8530,343415361,2.00
8531,199895486317,0.00
8532,246396345579,0.90
8533,5386150675,3.70
8534,306220722428,0.70
8535,82437277,684.30
8536,1588394240,3.30
8537,199895486317,0.00
8538,31231612,1264.20
8539,199895486317,0.00
8540,1282146231,1.50
8541,358986793175,0.80
8542,34224257,2937.90
8543,199895486317,0.00
8544,199895486317,0.00
8545,34764476733,0.60
8546,33183137,715.20
8547,246396345579,0.90
8548,199895486317,0.00
8549,199895486317,0.00
8550,199895486317,0.00
8551,343415361,2.00
8552,4551716580,10.00
8553,199895486317,0.00
8554,10700883024,2.80
8555,199895486317,0.00
8556,71477526622,0.50
8557,8669357934,5.10
8558,199895486317,0.00
8559,131755919140,41.80
8560,1746989723,6.00
8561,199895486317,0.00
8562,34764476733,0.60
8563,163472865191,0.40
8564,199895486317,0.00
8565,199895486317,0.00
8566,602338736,1.20
8567,199895486317,0.00
8568,2392440899,9.00
8569,16395419562,7.60
8570,199895486317,0.00
8571,44540036415,0.30
8572,71477526622,0.50
8573,148283881641,0.10
8574,34764476733,0.60
8575,36130995,765.40
8576,44540036415,0.30
8577,199895486317,0.00
8578,199895486317,0.00
8579,199895486317,0.00
8580,38582510,4865.40
8581,71477526622,0.50
8582,78896220,2400.00
8583,148283881641,0.10
8584,343415361,2.00
8585,25208602896,94.00
8586,33698854,1138.10
8587,199895486317,0.00
8588,199895486317,0.00
8589,48247104025,12.80
8590,33951869,2613.30
8591,199895486317,0.00
8592,62463234,1171.40
8593,62238172679,0.20
8594,199895486317,0.00
8595,34764476733,0.60
8596,343415361,2.00
8597,1282146231,1.50
8598,199895486317,0.00
8599,199895486317,0.00
8600,15709845480,6.60
8601,199895486317,0.00
8602,49006255630,35.00
8603,343415361,2.00
8604,199895486317,0.00
8605,199895486317,0.00
8606,199895486317,0.00
8607,34764476733,0.60
8608,972151566,1.30
8609,47362923175,38.10
8610,43940725,1268.40
8611,343415361,2.00
8612,199895486317,0.00
8613,199895486317,0.00
8614,199895486317,0.00
8615,199895486317,0.00
8616,199895486317,0.00
8617,199895486317,0.00
8618,1282146231,1.50
8619,62238172679,0.20
8620,26289847,1897.40
8621,65821502,651.80
8622,8669357934,5.10
8623,358986793175,0.80
8624,199895486317,0.00
8625,70724918,428.00
8626,44540036415,0.30
8627,199895486317,0.00
8628,101928997749,1.00
8629,3245708999,3.10
8630,148283881641,0.10
8631,199895486317,0.00
8632,12703663512,20.40
8633,78351422,557.10
8634,199895486317,0.00
8635,34764476733,0.60
8636,25200286,1442.90
8637,2765384257,5.00
8638,16139172352,5.60
8639,101928997749,1.00
8640,44540036415,0.30
8641,34764476733,0.60
8642,3550368100,2.90
8643,602338736,1.20
8644,199895486317,0.00
8645,77809467,408.80
8646,4736455294,3.80
8647,69090170,2327.60
8648,199895486317,0.00
8649,199895486317,0.00
8650,148283881641,0.10
8651,199895486317,0.00
8652,148283881641,0.10
8653,199895486317,0.00
8654,199895486317,0.00
8655,306220722428,0.70
8656,158368729,258.70
8657,199895486317,0.00
8658,6952771661,2.70
8659,44540036415,0.30
8660,101928997749,1.00
8661,199895486317,0.00
8662,343415361,2.00
8663,1282146231,1.50
8664,7920292455,155.50
8665,2835484791,2.40
8666,199895486317,0.00
8667,3245708999,3.10
8668,199895486317,0.00
8669,75899913,2417.40
8670,163472865191,0.40
8671,62238172679,0.20
8672,199895486317,0.00
8673,7290472237,8.00
8674,67455837,2327.40
8675,199895486317,0.00
8676,101928997749,1.00
8677,28776477,2474.50
8678,199895486317,0.00
8679,199895486317,0.00
8680,65549208,442.20
8681,1680609208,4.00
8682,199895486317,0.00
8683,199895486317,0.00
8684,62238172679,0.20
8685,148283881641,0.10
8686,1746989723,6.00
8687,343415361,2.00
8688,144770969931,33.50
8689,44540036415,0.30
8690,6809361608,4.60
8691,199895486317,0.00
8692,199895486317,0.00
8693,50022877,562.40
8694,1282146231,1.50
8695,3104960440,1.70
8696,199895486317,0.00
8697,32319537,402.90
8698,71477526622,0.50
8699,1588394240,3.30
8700,149716105305,17.00
8701,199895486317,0.00
8702,62238172679,0.20
8703,1763030528,1.80
8704,199895486317,0.00
8705,101928997749,1.00
8706,199895486317,0.00
8707,199895486317,0.00
8708,13959418917,15.00
8709,40672039,1727.50
8710,34764476733,0.60
8711,199895486317,0.00
8712,31083913,1467.00
8713,199895486317,0.00
8714,306220722428,0.70
8715,199895486317,0.00
8716,7080090989,1.90
8717,972151566,1.30
8718,62238172679,0.20
8719,199895486317,0.00
8720,34764476733,0.60
8721,199895486317,0.00
8722,1763030528,1.80
8723,199895486317,0.00
8724,199895486317,0.00
8725,148283881641,0.10
8726,199895486317,0.00
8727,3012979824,2.10
8728,199895486317,0.00
8729,602338736,1.20
8730,1958218672,189.80
8731,44540036415,0.30
8732,50039995,5000.00
8733,1362079323,1.60
8734,199895486317,0.00
8735,199895486317,0.00
8736,199895486317,0.00
8737,55490043,1248.40
8738,11164776665,3.90
8739,343415361,2.00
8740,44540036415,0.30
8741,34764476733,0.60
8742,199895486317,0.00
8743,7080090989,1.90
8744,199895486317,0.00
8745,199895486317,0.00
8746,44540036415,0.30
8747,972151566,1.30
8748,23021166,1880.80
8749,62238172679,0.20
8750,26371735132,65.80
8751,34764476733,0.60
8752,199895486317,0.00
8753,199895486317,0.00
8754,199895486317,0.00
8755,38710837,1713.70
8756,71477526622,0.50
8757,148283881641,0.10
8758,199895486317,0.00
8759,2834787496,191.30
8760,199895486317,0.00
8761,16545492703,11.00
8762,62238172679,0.20
8763,13673264028,4.10
8764,30056844323,10.60
8765,1362079323,1.60
8766,199895486317,0.00
8767,199895486317,0.00
8768,972151566,1.30
8769,101928997749,1.00
8770,63334879,1736.90
8771,44540036415,0.30
8772,101928997749,1.00
8773,44540036415,0.30
8774,62238172679,0.20
8775,199895486317,0.00
8776,199895486317,0.00
8777,36095882,1827.10
8778,1362079323,1.60
8779,163472865191,0.40
8780,343415361,2.00
8781,199895486317,0.00
8782,34764476733,0.60
8783,62238172679,0.20
8784,1133679013,3.20
8785,199895486317,0.00
8786,199895486317,0.00
8787,4164616375,2.50
8788,62238172679,0.20
8789,199895486317,0.00
8790,62238172679,0.20
8791,199895486317,0.00
8792,199895486317,0.00
8793,199895486317,0.00
8794,34764476733,0.60
8795,44540036415,0.30
8796,199895486317,0.00
8797,4164616375,2.50
8798,101928997749,1.00
8799,3012979824,2.10
8800,199895486317,0.00
8801,199895486317,0.00
8802,145578917859,33.00
8803,199895486317,0.00
8804,452523479,227.40
8805,455429765,3.00
8806,62238172679,0.20
8807,199895486317,0.00
8808,199895486317,0.00
8809,71477526622,0.50
8810,34764476733,0.60
8811,44026634112,65.10
8812,199895486317,0.00
8813,972151566,1.30
8814,1746989723,6.00
8815,1680609208,4.00
8816,44540036415,0.30
8817,8001736986,4.40
8818,199895486317,0.00
8819,62238172679,0.20
8820,52474400,2067.80
8821,199895486317,0.00
8822,1680609208,4.00
8823,199895486317,0.00
8824,246396345579,0.90
8825,246396345579,0.90
8826,62238172679,0.20
8827,306220722428,0.70
8828,44540036415,0.30
8829,199895486317,0.00
8830,2765384257,5.00
8831,72358856,4238.40
8832,199895486317,0.00
8833,26027409838,4.80
8834,199895486317,0.00
8835,44540036415,0.30
8836,358986793175,0.80
8837,3012979824,2.10
8838,199895486317,0.00
8839,199895486317,0.00
8840,199895486317,0.00
8841,199895486317,0.00
8842,29137514296,10.10
8843,199895486317,0.00
8844,199895486317,0.00
8845,4551716580,10.00
8846,199895486317,0.00
8847,199895486317,0.00
8848,199895486317,0.00
8849,1588394240,3.30
8850,26371735132,65.80
8851,163472865191,0.40
8852,199895486317,0.00
8853,343415361,2.00
8854,30018013876,8.50
8855,199895486317,0.00
8856,40889959,1323.40
8857,199895486317,0.00
8858,4551716580,10.00
8859,148283881641,0.10
8860,455429765,3.00
8861,59790548633,17.80
8862,2963734257,2.20
8863,199895486317,0.00
8864,602338736,1.20
8865,80592617101,9.60
8866,34764476733,0.60
8867,23526690036,113.40
8868,81620120,2848.90
8869,306220722428,0.70
8870,199895486317,0.00
8871,199895486317,0.00
8872,44540036415,0.30
8873,246396345579,0.90
8874,199895486317,0.00
8875,1746989723,6.00
8876,36553126786,16.00
8877,199895486317,0.00
8878,199895486317,0.00
8879,62238172679,0.20
8880,163472865191,0.40
8881,163472865191,0.40
8882,12808072616,5.80
8883,199895486317,0.00
8884,199895486317,0.00
8885,199895486317,0.00
8886,32317542,707.60
8887,199895486317,0.00
8888,18810633,1342.00
8889,48116146,2865.30
8890,34764476733,0.60
8891,34764476733,0.60
8892,343415361,2.00
8893,199895486317,0.00
8894,62238172679,0.20
8895,34764476733,0.60
8896,246396345579,0.90
8897,199895486317,0.00
8898,972151566,1.30
8899,3224572025,161.70
8900,1763030528,1.80
8901,199895486317,0.00
8902,34764476733,0.60
8903,148283881641,0.10
8904,51929803,432.10
8905,44540036415,0.30
8906,148283881641,0.10
8907,199895486317,0.00
8908,1746989723,6.00
8909,2703468428,1.10
8910,199895486317,0.00
8911,246396345579,0.90
8912,34764476733,0.60
8913,199895486317,0.00
8914,246396345579,0.90
8915,199895486317,0.00
8916,199895486317,0.00
8917,343415361,2.00
8918,199895486317,0.00
8919,1746989723,6.00
8920,128736432,278.00
8921,43940712,1379.30
8922,602338736,1.20
8923,62238172679,0.20
8924,199895486317,0.00
8925,32774552,659.30
8926,199895486317,0.00
8927,10700883024,2.80
8928,199895486317,0.00
8929,163472865191,0.40
8930,199895486317,0.00
8931,199895486317,0.00
8932,199895486317,0.00
8933,163472865191,0.40
8934,199895486317,0.00
8935,199895486317,0.00
8936,199895486317,0.00
8937,358986793175,0.80
8938,199895486317,0.00
8939,199895486317,0.00
8940,972151566,1.30
8941,199895486317,0.00
8942,31139708803,14.00
8943,73429051,3256.80
8944,199895486317,0.00
8945,163472865191,0.40
8946,44540036415,0.30
8947,199895486317,0.00
8948,35224237,1521.10
8949,2963734257,2.20
8950,148283881641,0.10
8951,44540036415,0.30
8952,199895486317,0.00
8953,44540036415,0.30
8954,68199159,3148.20
8955,972151566,1.30
8956,44540036415,0.30
8957,1763030528,1.80
8958,199895486317,0.00
8959,246396345579,0.90
8960,44540036415,0.30
8961,199895486317,0.00
8962,3104960440,1.70
8963,602338736,1.20
8964,199895486317,0.00
8965,199895486317,0.00
8966,44540036415,0.30
8967,34764476733,0.60
8968,199895486317,0.00
8969,199895486317,0.00
8970,101928997749,1.00
8971,199895486317,0.00
8972,101928997749,1.00
8973,13364327042,124.80
8974,199895486317,0.00
8975,53528847,1941.30
8976,67199306802,71.40
8977,1680609208,4.00
8978,47571364,763.40
8979,148283881641,0.10
8980,199895486317,0.00
8981,31772766,2413.80
8982,4812552406,2.60
8983,343415361,2.00
8984,78623831,951.30
8985,199895486317,0.00
8986,199895486317,0.00
8987,972151566,1.30
8988,199895486317,0.00
8989,199895486317,0.00
8990,1133679013,3.20
8991,4848141218,30.00
8992,199895486317,0.00
8993,163472865191,0.40
8994,36313802,1405.70
8995,199895486317,0.00
8996,45680576,383.30
8997,62238172679,0.20
8998,199895486317,0.00
8999,29031406414,6.80
9000,2806707425,1.40
9001,5386150675,3.70
9002,199895486317,0.00
9003,199895486317,0.00
9004,199895486317,0.00
9005,62238172679,0.20
9006,455429765,3.00
9007,101928997749,1.00
9008,6809361608,4.60
9009,199895486317,0.00
9010,62238172679,0.20
9011,29122715,1601.60
9012,246396345579,0.90
9013,7290472237,8.00
9014,455429765,3.00
9015,11239171989,8.30
9016,34764476733,0.60
9017,40413592035,62.50
9018,199895486317,0.00
9019,15499037276,10.50
9020,199895486317,0.00
9021,44540036415,0.30
9022,62238172679,0.20
9023,199895486317,0.00
9024,199895486317,0.00
9025,199895486317,0.00
9026,3104960440,1.70
9027,3012979824,2.10
9028,199895486317,0.00
9029,199895486317,0.00
9030,199895486317,0.00
9031,31139708803,14.00
9032,199895486317,0.00
9033,199895486317,0.00
9034,148283881641,0.10
9035,199895486317,0.00
9036,30567879748,92.10
9037,101928997749,1.00
9038,148283881641,0.10
9039,34764476733,0.60
9040,38310111,872.70
9041,199895486317,0.00
9042,199895486317,0.00
9043,199895486317,0.00
9044,44540036415,0.30
9045,44540036415,0.30
9046,199895486317,0.00
9047,148283881641,0.10
9048,4164616375,2.50
9049,1763030528,1.80
9050,199895486317,0.00
9051,17505974162,7.50
9052,199895486317,0.00
9053,199895486317,0.00
9054,2963734257,2.20
9055,199895486317,0.00
9056,62238172679,0.20
9057,199895486317,0.00
9058,199895486317,0.00
9059,602338736,1.20
9060,199895486317,0.00
9061,44540036415,0.30
9062,455429765,3.00
9063,34764476733,0.60
9064,163472865191,0.40
9065,44540036415,0.30
9066,199895486317,0.00
9067,199895486317,0.00
9068,199895486317,0.00
9069,1362079323,1.60
9070,199895486317,0.00
9071,199895486317,0.00
9072,199895486317,0.00
9073,31772754,2698.60
9074,199895486317,0.00
9075,199895486317,0.00
9076,199895486317,0.00
9077,148283881641,0.10
9078,31582136640,11.40
9079,2392440899,9.00
9080,343415361,2.00
9081,199895486317,0.00
9082,199895486317,0.00
9083,62238172679,0.20
9084,199895486317,0.00
9085,199895486317,0.00
9086,1763030528,1.80
9087,34764476733,0.60
9088,148283881641,0.10
9089,199895486317,0.00
9090,199895486317,0.00
9091,199895486317,0.00
9092,62238172679,0.20
9093,199895486317,0.00
9094,199895486317,0.00
9095,63914765,494.40
9096,163472865191,0.40
9097,1362079323,1.60
9098,199895486317,0.00
9099,44540036415,0.30
9100,199895486317,0.00
9101,3104960440,1.70
9102,199895486317,0.00
9103,199895486317,0.00
9104,199895486317,0.00
9105,199895486317,0.00
9106,163472865191,0.40
9107,199895486317,0.00
9108,3012979824,2.10
9109,358986793175,0.80
9110,455429765,3.00
9111,44540036415,0.30
9112,52474393,495.50
9113,12808072616,5.80
9114,62238172679,0.20
9115,101928997749,1.00
9116,35660064,1835.30
9117,199895486317,0.00
9118,343415361,2.00
9119,62238172679,0.20
9120,59194547,1001.20
9121,199895486317,0.00
9122,3012979824,2.10
9123,15631109537,5.30
9124,199895486317,0.00
9125,3104960440,1.70
9126,148283881641,0.10
9127,1680609208,4.00
9128,199895486317,0.00
9129,199895486317,0.00
9130,199895486317,0.00
9131,199895486317,0.00
9132,26794364489,13.70
9133,455429765,3.00
9134,199895486317,0.00
9135,199895486317,0.00
9136,62238172679,0.20
9137,199895486317,0.00
9138,58540814,1067.60
9139,44540036415,0.30
9140,78351649,435.80
9141,199895486317,0.00
9142,16394485660,7.30
9143,44540036415,0.30
9144,163472865191,0.40
9145,44540036415,0.30
9146,163472865191,0.40
9147,199895486317,0.00
9148,199895486317,0.00
9149,16557587014,10.30
9150,199895486317,0.00
9151,39772218205,21.90
9152,199895486317,0.00
9153,2765384257,5.00
9154,62238172679,0.20
9155,199895486317,0.00
9156,343415361,2.00
9157,199895486317,0.00
9158,199895486317,0.00
9159,43722802,1464.50
9160,15709845480,6.60
9161,26478436,353.60
9162,34764476733,0.60
9163,199895486317,0.00
9164,43485533,2209.80
9165,36675781,581.60
9166,50913906,1186.80
9167,199895486317,0.00
9168,71477526622,0.50
9169,199895486317,0.00
9170,71477526622,0.50
9171,199895486317,0.00
9172,3550368100,2.90
9173,1746989723,6.00
9174,3012979824,2.10
9175,17276024761,12.00
9176,9125012774,4.50
9177,47030764,398.90
9178,2677807330,4.20
9179,602338736,1.20
9180,62238172679,0.20
9181,199895486317,0.00
9182,44540036415,0.30
9183,199895486317,0.00
9184,199895486317,0.00
9185,199895486317,0.00
9186,199895486317,0.00
9187,2682972313,163.70
9188,163472865191,0.40
9189,2703468428,1.10
9190,148283881641,0.10
9191,199895486317,0.00
9192,80222603,274.90
9193,71477526622,0.50
9194,2833437902,195.20
9195,199895486317,0.00
9196,44540036415,0.30
9197,199895486317,0.00
9198,199895486317,0.00
9199,48070968504,11.80
9200,34764476733,0.60
9201,39772218205,21.90
9202,1282146231,1.50
9203,101928997749,1.00
9204,29031406414,6.80
9205,199895486317,0.00
9206,199895486317,0.00
9207,199895486317,0.00
9208,1362079323,1.60
9209,34764476733,0.60
9210,199895486317,0.00
9211,8292862064,20.00
9212,199895486317,0.00
9213,455429765,3.00
9214,455429765,3.00
9215,455429765,3.00
9216,199895486317,0.00
9217,972151566,1.30
9218,148283881641,0.10
9219,62238172679,0.20
9220,1282146231,1.50
9221,199895486317,0.00
9222,199895486317,0.00
9223,199895486317,0.00
9224,199895486317,0.00
9225,199895486317,0.00
9226,199895486317,0.00
9227,199895486317,0.00
9228,80262951,403.30
9229,199895486317,0.00
9230,21989805493,110.30
9231,246396345579,0.90
9232,65004327,601.40
9233,12446552463,5.50
9234,199895486317,0.00
9235,199895486317,0.00
9236,44540036415,0.30
9237,72903635,546.00
9238,44540036415,0.30
9239,101928997749,1.00
9240,4812552406,2.60
9241,50039995,5000.00
9242,199895486317,0.00
9243,43550347717,94.80
9244,34764476733,0.60
9245,199895486317,0.00
9246,199895486317,0.00
9247,602338736,1.20
9248,50039995,5000.00
9249,11529917142,7.00
9250,358986793175,0.80
9251,34764476733,0.60
9252,1680609208,4.00
9253,16878386038,7.20
9254,199895486317,0.00
9255,163472865191,0.40
9256,163472865191,0.40
9257,4551716580,10.00
9258,199895486317,0.00
9259,44540036415,0.30
9260,199895486317,0.00
9261,306220722428,0.70
9262,62238172679,0.20
9263,44540036415,0.30
9264,199895486317,0.00
9265,199895486317,0.00
9266,199895486317,0.00
9267,199895486317,0.00
9268,62238172679,0.20
9269,71477526622,0.50
9270,199895486317,0.00
9271,199895486317,0.00
9272,972151566,1.30
9273,71477526622,0.50
9274,1680609208,4.00
9275,62238172679,0.20
9276,13673264028,4.10
9277,199895486317,0.00
9278,44540036415,0.30
9279,199895486317,0.00
9280,44540036415,0.30
9281,199895486317,0.00
9282,199895486317,0.00
9283,972151566,1.30
9284,199895486317,0.00
9285,199895486317,0.00
9286,199895486317,0.00
9287,1746989723,6.00
9288,199895486317,0.00
9289,62238172679,0.20
9290,3104960440,1.70
9291,34764476733,0.60
9292,199895486317,0.00
9293,199895486317,0.00
9294,45440671,370.00
9295,199895486317,0.00
9296,199895486317,0.00
9297,199895486317,0.00
9298,36553126786,16.00
9299,246396345579,0.90
9300,199895486317,0.00
9301,1746989723,6.00
9302,2806707425,1.40
9303,343415361,2.00
9304,71477526622,0.50
9305,199895486317,0.00
9306,50039995,5000.00
9307,50567746,441.20
9308,199895486317,0.00
9309,199895486317,0.00
9310,44540036415,0.30
9311,199895486317,0.00
9312,246396345579,0.90
9313,49177633067,8.10
9314,199895486317,0.00
9315,101928997749,1.00
9316,199895486317,0.00
9317,62238172679,0.20
9318,44540036415,0.30
9319,199895486317,0.00
9320,4164616375,2.50
9321,199895486317,0.00
9322,199895486317,0.00
9323,199895486317,0.00
9324,199895486317,0.00
9325,23456993,1816.30
9326,71477526622,0.50
9327,2835484791,2.40
9328,41851625,421.80
9329,199895486317,0.00
9330,199895486317,0.00
9331,163472865191,0.40
9332,199895486317,0.00
9333,34764476733,0.60
9334,1746989723,6.00
9335,199895486317,0.00
9336,972151566,1.30
9337,62238172679,0.20
9338,44540036415,0.30
9339,199895486317,0.00
9340,199895486317,0.00
9341,246396345579,0.90
9342,3550368100,2.90
9343,199895486317,0.00
9344,101928997749,1.00
9345,4551716580,10.00
9346,199895486317,0.00
9347,34764476733,0.60
9348,199895486317,0.00
9349,199895486317,0.00
9350,199895486317,0.00
9351,199895486317,0.00
9352,199895486317,0.00
9353,1763030528,1.80
9354,199895486317,0.00
9355,1588394240,3.30
9356,199895486317,0.00
9357,7290472237,8.00
9358,246396345579,0.90
9359,2765384257,5.00
9360,30867821,508.60
9361,62238172679,0.20
9362,972151566,1.30
9363,64731929,968.00
9364,343415361,2.00
9365,1763030528,1.80
9366,34874048349,11.50
9367,199895486317,0.00
9368,199895486317,0.00
9369,101928997749,1.00
9370,199895486317,0.00
9371,71486653923,12.90
9372,199895486317,0.00
9373,62238172679,0.20
9374,343415361,2.00
9375,199895486317,0.00
9376,148283881641,0.10
9377,199895486317,0.00
9378,199895486317,0.00
9379,199895486317,0.00
9380,148283881641,0.10
9381,28504067,739.60
9382,199895486317,0.00
9383,75082753,787.60
9384,26794364489,13.70
9385,2835484791,2.40
9386,163472865191,0.40
9387,199895486317,0.00
9388,199895486317,0.00
9389,199895486317,0.00
9390,44540036415,0.30
9391,44540036415,0.30
9392,199895486317,0.00
9393,199895486317,0.00
9394,101928997749,1.00
9395,3104960440,1.70
9396,199895486317,0.00
9397,1680609208,4.00
9398,71477526622,0.50
9399,199895486317,0.00
9400,199895486317,0.00
9401,199895486317,0.00
9402,246396345579,0.90
9403,343415361,2.00
9404,44540036415,0.30
9405,199895486317,0.00
9406,1282146231,1.50
9407,44540036415,0.30
9408,455429765,3.00
9409,199895486317,0.00
9410,28251059,1147.50
9411,199895486317,0.00
9412,199895486317,0.00
9413,246396345579,0.90
9414,1746989723,6.00
9415,199895486317,0.00
9416,2806707425,1.40
9417,199895486317,0.00
9418,199895486317,0.00
9419,199895486317,0.00
9420,2345515870,197.80
9421,62238172679,0.20
9422,199895486317,0.00
9423,36313806,1607.90
9424,199895486317,0.00
9425,199895486317,0.00
9426,46991486,1283.50
9427,199895486317,0.00
9428,199895486317,0.00
9429,199895486317,0.00
9430,56993221948,17.90
9431,199895486317,0.00
9432,46529779,338.20
9433,199895486317,0.00
9434,44540036415,0.30
9435,62238172679,0.20
9436,46337752,1419.50
9437,602338736,1.20
9438,199895486317,0.00
9439,199895486317,0.00
9440,602338736,1.20
9441,199895486317,0.00
9442,199895486317,0.00
9443,148283881641,0.10
9444,44540036415,0.30
9445,32391390,1927.50
9446,1680609208,4.00
9447,2703468428,1.10
9448,24321874726,4.90
9449,50039995,5000.00
9450,199895486317,0.00
9451,1282146231,1.50
9452,199895486317,0.00
9453,199895486317,0.00
9454,24321874726,4.90
9455,3245708999,3.10
9456,199895486317,0.00
9457,246396345579,0.90
9458,16557587014,10.30
9459,101928997749,1.00
9460,199895486317,0.00
9461,199895486317,0.00
9462,199895486317,0.00
9463,4551716580,10.00
9464,16545492703,11.00
9465,1680609208,4.00
9466,358986793175,0.80
9467,199895486317,0.00
9468,199895486317,0.00
9469,199895486317,0.00
9470,118170373258,30.30
9471,343415361,2.00
9472,11164776665,3.90
9473,42725611928,87.60
9474,199895486317,0.00
9475,2061540558,2.30
9476,98597868,3703.00
9477,63914771,876.10
9478,199895486317,0.00
9479,343415361,2.00
9480,62238172679,0.20
9481,34764476733,0.60
9482,1763030528,1.80
9483,1282146231,1.50
9484,2677807330,4.20
9485,61463264,860.70
9486,199895486317,0.00
9487,1362079323,1.60
9488,199895486317,0.00
9489,199895486317,0.00
9490,1763030528,1.80
9491,199895486317,0.00
9492,199895486317,0.00
9493,6685381110,3.60
9494,44540036415,0.30
9495,71477526622,0.50
9496,56329533,374.40
9497,199895486317,0.00
9498,246396345579,0.90
9499,62238172679,0.20
9500,199895486317,0.00
9501,7080090989,1.90
9502,602338736,1.20
9503,199895486317,0.00
9504,71477526622,0.50
9505,199895486317,0.00
9506,31955561,1094.70
9507,71269299,2434.80
9508,1133679013,3.20
9509,972151566,1.30
9510,16878386038,7.20
9511,3351204763,189.00
9512,2765384257,5.00
9513,101928997749,1.00
9514,101928997749,1.00
9515,73448408,2458.20
9516,71477526622,0.50
9517,343415361,2.00
9518,199895486317,0.00
9519,199895486317,0.00
9520,16139172352,5.60
9521,199895486317,0.00
9522,29624055337,10.80
9523,55546750699,12.70
9524,40761633,2111.00
9525,46614915588,38.80
9526,16872096438,5.20
9527,199895486317,0.00
9528,199895486317,0.00
9529,199895486317,0.00
9530,199895486317,0.00
9531,44540036415,0.30
9532,16395419562,7.60
9533,455429765,3.00
9534,71477526622,0.50
9535,199895486317,0.00
9536,199895486317,0.00
9537,246396345579,0.90
9538,199895486317,0.00
9539,246396345579,0.90
9540,199895486317,0.00
9541,62238172679,0.20
9542,71477526622,0.50
9543,199895486317,0.00
9544,199895486317,0.00
9545,50039995,5000.00
9546,50039995,5000.00
9547,199895486317,0.00
9548,602338736,1.20
9549,163472865191,0.40
9550,10823418976,6.10
9551,4551716580,10.00
9552,199895486317,0.00
9553,199895486317,0.00
9554,148283881641,0.10
9555,199895486317,0.00
9556,34764476733,0.60
9557,199895486317,0.00
9558,343415361,2.00
9559,15056487899,138.30
9560,8749008130,5.40
9561,1746989723,6.00
9562,71477526622,0.50
9563,10823418976,6.10
9564,455429765,3.00
9565,44033150241,41.00
9566,199895486317,0.00
9567,199895486317,0.00
9568,6685381110,3.60
9569,358986793175,0.80
9570,26624357360,9.10
9571,199895486317,0.00
9572,228292679,220.30
9573,343415361,2.00
9574,199895486317,0.00
9575,16394485660,7.30
9576,1133679013,3.20
9577,34764476733,0.60
9578,199895486317,0.00
9579,199895486317,0.00
9580,4736455294,3.80
9581,199895486317,0.00
9582,343415361,2.00
9583,246396345579,0.90
9584,199895486317,0.00
9585,199895486317,0.00
9586,199895486317,0.00
9587,2806707425,1.40
9588,22803259,1330.30
9589,71477526622,0.50
9590,306220722428,0.70
9591,16545492703,11.00
9592,47427302,1714.90
9593,4736455294,3.80
9594,71477526622,0.50
9595,199895486317,0.00
9596,22476453308,8.20
9597,62238172679,0.20
9598,306220722428,0.70
9599,4464820305,6.20
9600,3104960440,1.70
9601,163472865191,0.40
9602,246396345579,0.90
9603,1746989723,6.00
9604,199895486317,0.00
9605,163472865191,0.40
9606,199895486317,0.00
9607,199895486317,0.00
9608,163472865191,0.40
9609,44540036415,0.30
9610,4551716580,10.00
9611,343415361,2.00
9612,199895486317,0.00
9613,199895486317,0.00
9614,62238172679,0.20
9615,199895486317,0.00
9616,33698867,1209.20
9617,199895486317,0.00
9618,148283881641,0.10
9619,62238172679,0.20
9620,19241208569,7.40
9621,54213994119,11.30
9622,199895486317,0.00
9623,455429765,3.00
9624,455429765,3.00
9625,74265590,655.30
9626,13959418917,15.00
9627,199895486317,0.00
9628,358986793175,0.80
9629,199895486317,0.00
9630,50550687266,12.20
9631,199895486317,0.00
9632,34764476733,0.60
9633,199895486317,0.00
9634,199895486317,0.00
9635,4342371353,4.30
9636,199895486317,0.00
9637,306220722428,0.70
9638,199895486317,0.00
9639,602338736,1.20
9640,602338736,1.20
9641,101928997749,1.00
9642,199895486317,0.00
9643,11328042856,3.50
9644,44540036415,0.30
9645,343415361,2.00
9646,199895486317,0.00
9647,399826279,244.50
9648,4812552406,2.60
9649,61463282,458.50
9650,199895486317,0.00
9651,199895486317,0.00
9652,199895486317,0.00
9653,199895486317,0.00
9654,199895486317,0.00
9655,246396345579,0.90
9656,10823418976,6.10
9657,199895486317,0.00
9658,199895486317,0.00
9659,62238172679,0.20
9660,199895486317,0.00
9661,64846491,286.20
9662,455429765,3.00
9663,101928997749,1.00
9664,199895486317,0.00
9665,6518884530,6.50
9666,199895486317,0.00
9667,148283881641,0.10
9668,163472865191,0.40
9669,2765384257,5.00
9670,34764476733,0.60
9671,2765384257,5.00
9672,199895486317,0.00
9673,199895486317,0.00
9674,148283881641,0.10
9675,199895486317,0.00
9676,44540036415,0.30
9677,1680609208,4.00
9678,199895486317,0.00
9679,199895486317,0.00
9680,62238172679,0.20
9681,199895486317,0.00
9682,34764476733,0.60
9683,77905046,267.40
9684,199895486317,0.00
9685,2061540558,2.30
9686,199895486317,0.00
9687,199895486317,0.00
9688,199895486317,0.00
9689,128087498537,31.40
9690,4551716580,10.00
9691,148283881641,0.10
9692,199895486317,0.00
9693,2806707425,1.40
9694,199895486317,0.00
9695,199895486317,0.00
9696,199895486317,0.00
9697,48116152,2018.60
9698,50039995,5000.00
9699,34764476733,0.60
9700,199895486317,0.00
9701,2963734257,2.20
9702,3550368100,2.90
9703,1680609208,4.00
9704,199895486317,0.00
9705,199895486317,0.00
9706,199895486317,0.00
9707,57015429,1294.40
9708,199895486317,0.00
9709,45111637397,10.70
9710,44540036415,0.30
9711,199895486317,0.00
9712,199895486317,0.00
9713,16545492703,11.00
9714,16545492703,11.00
9715,602338736,1.20
9716,4551716580,10.00
9717,11529917142,7.00
9718,46991494,1292.70
9719,455429765,3.00
9720,71477526622,0.50
9721,148283881641,0.10
9722,163472865191,0.40
9723,199895486317,0.00
9724,199895486317,0.00
9725,60066207,1255.60
9726,79639539,3350.30
9727,31519732,1120.30
9728,199895486317,0.00
9729,199895486317,0.00
9730,199895486317,0.00
9731,71477526622,0.50
9732,6877476350,3.40
9733,199895486317,0.00
9734,199895486317,0.00
9735,199895486317,0.00
9736,34764476733,0.60
9737,199895486317,0.00
9738,27815239,1211.90
9739,199895486317,0.00
9740,246396345579,0.90
9741,44540036415,0.30
9742,199895486317,0.00
9743,199895486317,0.00
9744,199895486317,0.00
9745,199895486317,0.00
9746,199895486317,0.00
9747,199895486317,0.00
9748,199895486317,0.00
9749,199895486317,0.00
9750,241499204157,16.90
9751,62825198,2874.20
9752,26478436,353.60
9753,199895486317,0.00
9754,23891641209,123.50
9755,2677807330,4.20
9756,148283881641,0.10
9757,602338736,1.20
9758,31227968,802.50
9759,199895486317,0.00
9760,199895486317,0.00
9761,62238172679,0.20
9762,199895486317,0.00
9763,246396345579,0.90
9764,71541692,2308.90
9765,71477526622,0.50
9766,44540036415,0.30
9767,34764476733,0.60
9768,1588394240,3.30
9769,69907344,608.00
9770,50039995,5000.00
9771,34764476733,0.60
9772,343415361,2.00
9773,1282146231,1.50
9774,8292862064,20.00
9775,199895486317,0.00
9776,199895486317,0.00
9777,199895486317,0.00
9778,972151566,1.30
9779,199895486317,0.00
9780,55198296,2533.30
9781,358986793175,0.80
9782,1680609208,4.00
9783,101928997749,1.00
9784,24761050,372.20
9785,15499037276,10.50
9786,163472865191,0.40
9787,4812552406,2.60
9788,1362079323,1.60
9789,199895486317,0.00
9790,199895486317,0.00
9791,199895486317,0.00
9792,17505974162,7.50
9793,199895486317,0.00
9794,358986793175,0.80
9795,46174017206,85.00
9796,199895486317,0.00
9797,6518884530,6.50
9798,101928997749,1.00
9799,163472865191,0.40
9800,199895486317,0.00
9801,62238172679,0.20
9802,2703468428,1.10
9803,199895486317,0.00
9804,29137514296,10.10
9805,2392440899,9.00
9806,199895486317,0.00
9807,199895486317,0.00
9808,199895486317,0.00
9809,44540036415,0.30
9810,39399707,449.50
9811,3012979824,2.10
9812,199895486317,0.00
9813,246396345579,0.90
9814,44337786,3801.90
9815,343415361,2.00
9816,199895486317,0.00
9817,199895486317,0.00
9818,34764476733,0.60
9819,12446552463,5.50
9820,62238172679,0.20
9821,44540036415,0.30
9822,44540036415,0.30
9823,62238172679,0.20
9824,246396345579,0.90
9825,41979512,1569.50
9826,199895486317,0.00
9827,343415361,2.00
9828,246396345579,0.90
9829,199895486317,0.00
9830,199895486317,0.00
9831,163472865191,0.40
9832,15631109537,5.30
9833,199895486317,0.00
9834,199895486317,0.00
9835,61405318,334.40
9836,199895486317,0.00
9837,199895486317,0.00
9838,44540036415,0.30
9839,71477526622,0.50
9840,4342371353,4.30
9841,199895486317,0.00
9842,199895486317,0.00
9843,44540036415,0.30
9844,199895486317,0.00
9845,44540036415,0.30
9846,85850032,3451.00
9847,44540036415,0.30
9848,148283881641,0.10
9849,455429765,3.00
9850,199895486317,0.00
9851,44540036415,0.30
9852,4164616375,2.50
9853,199895486317,0.00
9854,199895486317,0.00
9855,199895486317,0.00
9856,199895486317,0.00
9857,199895486317,0.00
9858,199895486317,0.00
9859,4551716580,10.00
9860,44540036415,0.30
9861,40018311,1653.10
9862,67728230,688.60
9863,199895486317,0.00
9864,34764476733,0.60
9865,199895486317,0.00
9866,199895486317,0.00
9867,199895486317,0.00
9868,66160069489,77.90
9869,59659490,313.40
9870,199895486317,0.00
9871,148283881641,0.10
9872,199895486317,0.00
9873,7290472237,8.00
9874,199895486317,0.00
9875,2061540558,2.30
9876,199895486317,0.00
9877,199895486317,0.00
9878,59011753,531.90
9879,199895486317,0.00
9880,2061540558,2.30
9881,34764476733,0.60
9882,34764476733,0.60
9883,37839184,1433.50
9884,199895486317,0.00
9885,199895486317,0.00
9886,199895486317,0.00
9887,199895486317,0.00
9888,246396345579,0.90
9889,1282146231,1.50
9890,199895486317,0.00
9891,5386150675,3.70
9892,199895486317,0.00
9893,199895486317,0.00
9894,199895486317,0.00
9895,2912643180,190.50
9896,199895486317,0.00
9897,199895486317,0.00
9898,71477526622,0.50
9899,71477526622,0.50
9900,602338736,1.20
9901,199895486317,0.00
9902,1588394240,3.30
9903,199895486317,0.00
9904,1763030528,1.80
9905,101928997749,1.00
9906,44540036415,0.30
9907,199895486317,0.00
9908,38557888313,21.00
9909,148283881641,0.10
9910,602338736,1.20
9911,199895486317,0.00
9912,199895486317,0.00
9913,343415361,2.00
9914,199895486317,0.00
9915,148283881641,0.10
9916,62238172679,0.20
9917,39772218205,21.90
9918,199895486317,0.00
9919,27161504,1039.50
9920,199895486317,0.00
9921,199895486317,0.00
9922,199895486317,0.00
9923,199895486317,0.00
9924,358986793175,0.80
9925,199895486317,0.00
9926,30682798259,6.90
9927,199895486317,0.00
9928,199895486317,0.00
9929,199895486317,0.00
9930,199895486317,0.00
9931,199895486317,0.00
9932,101928997749,1.00
9933,1746989723,6.00
9934,34764476733,0.60
9935,602338736,1.20
9936,199895486317,0.00
9937,148283881641,0.10
9938,199895486317,0.00
9939,44540036415,0.30
9940,343415361,2.00
9941,148283881641,0.10
9942,199895486317,0.00
9943,455429765,3.00
9944,455429765,3.00
9945,306220722428,0.70
9946,199895486317,0.00
9947,199895486317,0.00
9948,4164616375,2.50
9949,199895486317,0.00
9950,199895486317,0.00
9951,455429765,3.00
9952,2835484791,2.40
9953,101928997749,1.00
9954,199895486317,0.00
9955,199895486317,0.00
9956,44352766518,61.10
9957,148283881641,0.10
9958,199895486317,0.00
9959,199895486317,0.00
9960,199895486317,0.00
9961,148283881641,0.10
9962,199895486317,0.00
9963,199895486317,0.00
9964,7290472237,8.00
9965,199895486317,0.00
9966,358986793175,0.80
9967,306220722428,0.70
9968,27673793957,84.30
9969,163472865191,0.40
9970,199895486317,0.00
9971,60101317,477.60
9972,101928997749,1.00
9973,199895486317,0.00
9974,199895486317,0.00
9975,1282146231,1.50
9976,343415361,2.00
9977,7290472237,8.00
9978,163472865191,0.40
9979,199895486317,0.00
9980,44540036415,0.30
9981,1282146231,1.50
9982,1362079323,1.60
9983,199895486317,0.00
9984,972151566,1.30
9985,10700883024,2.80
9986,4551716580,10.00
9987,199895486317,0.00
9988,199895486317,0.00
9989,1680609208,4.00
9990,199895486317,0.00
9991,101928997749,1.00
9992,148283881641,0.10
9993,199895486317,0.00
9994,199895486317,0.00
9995,199895486317,0.00
9996,199895486317,0.00
9997,199895486317,0.00
9998,101928997749,1.00
9999,199895486317,0.00
