Name,Pig2
Score,0.42495999999999995
LockedUpRTP,
Rtp,96.99999999475567
Win Ranges
0,0.1,1 in never
0.1,1,1 in 202.520
1,2,1 in 116.926
2,3,1 in 37.733
3,5,1 in 25.456
5,10,1 in 7.209
10,20,1 in 4.214
20,50,1 in 3.597
50,100,1 in 81.490
100,200,1 in 129.141
200,500,1 in 4.090
500,1000,1 in 1307.054
1000,2000,1 in 1601.174
2000,3000,1 in 3170.965
3000,5001,1 in 2093.321
Distribution
0,11277652947,115.80
1,501866352,868.10
2,531084861,5000.00
3,140526928940,231.80
4,742483447,512.60
5,512215942,3660.60
6,386842505,4744.80
7,438831304,718.50
8,162555752290,337.40
9,460076077,2308.50
10,529234258,662.50
11,31827061314,208.50
12,430678000,2474.20
13,246707482,696.40
14,531084861,5000.00
15,203519064,1254.90
16,251524398,768.10
17,117909558084,259.70
18,14409270240,85.10
19,520541026,4914.80
20,11812628191,159.20
21,420904735,1536.30
22,453689739,4493.50
23,267055109,639.20
24,130326668821,388.10
25,327104166,1667.00
26,107888143,1289.30
27,481357382,652.50
28,40152226002,389.10
29,452290967,978.90
30,431491613,1398.90
31,527257909,531.50
32,471315996,872.40
33,354515614,1383.50
34,26910857641,184.10
35,423570651,1878.50
36,336026183,516.60
37,626638989,3044.40
38,536070462,2302.30
39,3079472624,133.40
40,459926504,2652.70
41,520070281,2347.40
42,225073839606,302.50
43,1052820678773,12.90
44,320582049395,289.70
45,531084861,5000.00
46,3536791251,120.70
47,735252075457,42.80
48,628409595,3065.30
49,539559766,937.00
50,419430644,1121.30
51,373605140,1140.30
52,8426833932,169.80
53,185378755,1640.70
54,107451584670,372.50
55,471368561,4144.60
56,8959338992,147.70
57,129244939581,363.70
58,6015179605,130.40
59,410694417,844.80
60,231994979,604.70
61,894200509,492.30
62,392135413,1415.80
63,481527092,2406.60
64,208437444899,342.10
65,322375600567,350.40
66,2881938708137,22.00
67,43473755270,79.60
68,368085657370,302.30
69,120482868547,230.10
70,609926043,3268.90
71,3945151814,151.50
72,180284448,1686.00
73,324919093,1855.40
74,213322471650,259.40
75,144368085141,236.70
76,365482538,1251.80
77,243828605,658.40
78,406438114,921.00
79,364294966,1479.10
80,69135813211,396.20
81,531553208,3773.50
82,35857916692,96.70
83,590586578,3631.80
84,319523046,1931.80
85,469835876,4166.20
86,515873441,551.90
87,443068759,2811.30
88,43046622471,85.40
89,445347226,789.00
90,7478375163,141.70
91,213120096,2569.00
92,531084861,5000.00
93,924124218,495.90
94,433721338,2978.30
95,18945886486,410.40
96,261354960,847.40
97,342465911,1223.50
98,584095172,3697.30
99,204882859,1035.00
100,997223694284,13.50
101,984118834,489.20
102,531084861,5000.00
103,531084861,5000.00
104,248961248,998.40
105,649381179,513.10
106,2240782055,466.60
107,525263499,2911.10
108,496060559,836.70
109,406049308,4148.40
110,426439006,1555.00
111,4403393616,122.20
112,531084861,5000.00
113,429595461,975.20
114,530819864,2070.10
115,479791582,662.20
116,19863534881,51.30
117,2505243115,442.20
118,187108383,1120.30
119,158503884747,306.10
120,36214327865,415.60
121,208681321,988.60
122,221138889,2267.70
123,5228482684,152.10
124,548162680,3148.40
125,330675394,1052.80
126,355194768,1723.50
127,431353972,1868.00
128,307817716,530.70
129,23101939974,407.70
130,15593788592,417.20
131,203519064,1254.90
132,502191215,2593.60
133,4956155554,116.90
134,467967407,3105.80
135,209839703,888.00
136,424821944,1319.90
137,153904162,747.00
138,5971816382,174.80
139,537184131,891.50
140,3921859343,123.60
141,238985671,728.50
142,367995727,1233.80
143,414732353,968.60
144,210559975,1588.30
145,350294490,1678.90
146,389566975,844.70
147,356395367,1648.90
148,315921514,1832.30
149,174114051,1799.00
150,409900788,1577.50
151,538921408,3182.90
152,401861736,1536.70
153,108468513888,368.30
154,45997007251,54.20
155,205554607,772.60
156,477902679,774.70
157,166858618,881.60
158,454839869464,320.90
159,383099646,1629.40
160,296132983582,274.70
161,341622996,1899.20
162,243725396,898.70
163,463055892,872.00
164,328513567583,271.70
165,31321592211,403.70
166,7748376631,140.30
167,16951785226,431.40
168,3839738265,165.30
169,345368403,1118.50
170,531084861,5000.00
171,199422789,1255.00
172,11292388567,155.70
173,379885844,1147.80
174,996086458,488.40
175,441863374273,22.40
176,58094243337,60.80
177,526092095,2692.00
178,457533661,4431.60
179,313353878,1998.20
180,3256637337,134.30
181,481552032,2193.00
182,393203119,2581.30
183,370600454,1097.70
184,392050130,654.80
185,162924786,1512.50
186,475718127,858.70
187,507704010,952.90
188,241455555431,335.40
189,355613459,1972.20
190,237944810,609.10
191,375053665046,329.80
192,428261462,682.70
193,312677754,1984.00
194,318521322,511.40
195,2018028178,144.90
196,512940838,613.10
197,114651641778,255.60
198,397992861,1072.80
199,373226902200,291.50
200,9572868798,153.40
201,561064300,3628.50
202,6142502163,104.60
203,4284733893731,18.50
204,193946984,1064.50
205,88566249692,380.50
206,278873524602,262.30
207,23312003517,72.60
208,1231790385795,45.20
209,542254828,814.10
210,393970019,1349.50
211,417593845,4531.40
212,267281496756,268.40
213,232455383,914.50
214,204295477,1021.30
215,530552405,2467.10
216,531084861,5000.00
217,2677254889509,15.70
218,15843802857,175.60
219,269349868,605.00
220,531084861,5000.00
221,438506105,816.70
222,15415343675,72.00
223,311553930,1162.10
224,438324114,4069.40
225,514937454,3727.40
226,453507816,626.90
227,29738197474,418.30
228,511431706,2804.80
229,253576168,611.90
230,386792021,492.70
231,307010538295,279.60
232,416153098,2899.80
233,404890599,1346.20
234,34031316197,399.80
235,431411524,4942.70
236,476974899,661.60
237,4315848476,453.90
238,388549891,1270.20
239,449222530,2420.50
240,439306738,864.70
241,566622713,3239.30
242,556474480,3516.50
243,626622039,3076.20
244,379154616,1428.70
245,371040629,1056.80
246,198070197,652.80
247,357681571,1310.20
248,11299081314,49.90
249,482640274687,337.10
250,39604718818,397.20
251,181634102,1465.40
252,315399373,1588.70
253,11427282335,437.00
254,518209377,580.80
255,443497055,605.70
256,1635987937,473.60
257,440479184,553.00
258,337465285952,281.40
259,372325542,1543.90
260,188064263226,253.60
261,215032608,753.80
262,129816262,706.70
263,222029953,948.50
264,543607657,3096.60
265,459346615,2408.80
266,408057001746,291.00
267,531084861,5000.00
268,15384920022,105.30
269,409340386,906.00
270,416082373,855.90
271,383959249,1646.30
272,428862645,839.30
273,314571321,1712.70
274,405672793,899.00
275,6122846831,130.90
276,17846241039,54.40
277,6863561616,144.00
278,420839656,2417.70
279,728766426,484.90
280,391774860,1302.70
281,531084861,5000.00
282,489922205,819.70
283,478280615,4754.60
284,324580041,1526.10
285,464883113003,300.50
286,203321869,510.80
287,417353828,641.70
288,234350743990,329.50
289,530329963,664.80
290,534866536,859.80
291,129039788,765.80
292,380705748,1118.60
293,939596580519,39.50
294,334711896,1761.70
295,224934232436,310.70
296,101823554297,273.00
297,498572344,629.20
298,1257158609,485.50
299,538406963,2018.80
300,500606106,664.00
301,486326628,2070.90
302,346362647,1134.50
303,2150563997163,33.50
304,365517653,1365.00
305,75352209689,268.00
306,134748525,677.60
307,351532567,1422.80
308,514600586,721.90
309,3062170009,128.40
310,436879490,563.50
311,532880743,2663.00
312,435511603,2043.70
313,304894485363,41.40
314,214819427446,329.60
315,45844989582,405.40
316,944459395255,44.80
317,380465697,1005.80
318,250405549852,265.80
319,54426008275,225.10
320,4000063985,136.10
321,46086987871,199.70
322,413530738,1303.80
323,263479175446,361.20
324,454733505,930.10
325,1651330935912,41.60
326,647734624,3833.80
327,3574179217,152.70
328,156034587,1050.70
329,255602858,701.70
330,156382908,1391.70
331,9910833701,439.00
332,19213878572,210.50
333,413740684,4366.40
334,447003593,807.10
335,392332283,998.50
336,361630081,1441.10
337,472014563,785.40
338,323474647,1574.60
339,531084861,5000.00
340,1330180574307,35.80
341,531084861,5000.00
342,346297774,1290.20
343,1214448332,454.90
344,458318745,4158.50
345,353895754321,305.60
346,18147886798,75.90
347,477795706,2107.70
348,1350259690173,18.10
349,285751970,523.50
350,443056837,655.90
351,134705334211,345.80
352,41782840103,79.00
353,52082676393,369.70
354,26957683241,399.10
355,3073106681769,35.30
356,340398759,1234.80
357,328117558,1008.40
358,42866412260,198.70
359,344915952,494.70
360,376991847,1233.20
361,26347252828,53.60
362,176317218,1067.30
363,598915849,3233.20
364,501687817,684.00
365,171997355816,341.70
366,344366730828,273.40
367,531084861,5000.00
368,189289834022,288.60
369,474460456,4172.00
370,415931527,1041.90
371,97884389,569.00
372,1026649774,495.10
373,534575693,754.60
374,62262183009,231.50
375,170030602,908.80
376,191952675,1643.80
377,411754791,1473.20
378,411916783,1664.90
379,456767863,795.90
380,486287321692,332.50
381,518791200,529.20
382,18608199006,212.10
383,174114051,1799.00
384,415109322,960.80
385,315739831,1028.70
386,355450512687,355.70
387,530633681,3745.50
388,94956296724,223.60
389,222715074016,264.00
390,478484192,570.60
391,500680665,2610.50
392,302290931970,360.10
393,370434898,1516.80
394,357475181,1722.20
395,374886598972,294.90
396,14254096036,169.30
397,338799588,1688.50
398,463844122,676.60
399,201248227,1275.30
400,162234533507,355.30
401,10544137466,156.30
402,542490583,547.90
403,512647061,482.30
404,33749929697,98.40
405,29909419543,95.80
406,530767660,2085.50
407,50160266713,204.90
408,439934573,2950.30
409,1998386704857,36.30
410,323516466,511.30
411,172997271298,379.30
412,85780179340,247.00
413,190239316,1849.10
414,326208089,1362.70
415,536690732,597.90
416,556460501,3609.00
417,522120496,2491.10
418,330011465,1536.40
419,4412580429,149.70
420,33875727699,412.50
421,309860752,1117.70
422,3273928868,158.30
423,193459344,973.50
424,3933525541107,7.20
425,486953907,2151.30
426,391478095,2123.50
427,356352659,1056.00
428,377864284,1893.90
429,453117648,2310.90
430,486840810,830.40
431,172748702,1615.80
432,11601993955,188.00
433,245297317,2770.10
434,415357090,1308.30
435,407380983,1804.90
436,350906484,1962.80
437,632682730,526.30
438,230198535,670.30
439,143577381121,353.50
440,12609145664,159.40
441,268048881,636.10
442,450877724,694.00
443,4097648093,163.70
444,42412134978,200.30
445,525512903,890.30
446,166080274134,243.70
447,539801689,585.50
448,165956896089,377.00
449,415526328,618.10
450,488322560,2545.40
451,398982673,568.40
452,220111209,943.50
453,32092537857,403.90
454,501683247,2019.10
455,248961248,998.40
456,349689519,1899.00
457,28388386809,190.80
458,58211386675,213.00
459,393390569,761.20
460,352156917,1208.50
461,1093187495000,43.00
462,393947469,1062.20
463,170857958784,357.20
464,459445597733,304.20
465,574043352,3224.30
466,18375229927,406.70
467,326921885,1823.10
468,398519249,1082.00
469,235398475,545.20
470,411149634,1861.00
471,466064285,2769.40
472,512269823,3231.10
473,390029216,2010.70
474,345038222,1554.50
475,222828422,938.80
476,444342822,585.40
477,366684195,1992.00
478,211002452,1863.00
479,10013906729,188.10
480,4847855991,450.60
481,229439636,794.10
482,227204146593,372.00
483,371223362,1336.70
484,15415343675,72.00
485,314399382577,287.30
486,212881594,1359.90
487,209230824,816.00
488,531084861,5000.00
489,440511935,919.20
490,320025365,1231.10
491,531084861,5000.00
492,1023938430,458.60
493,499080587,2284.70
494,330693927,1010.60
495,396071488,1385.60
496,575847197,3659.80
497,424704552,871.80
498,495264971,998.80
499,396244473,1044.00
500,42307549799,93.20
501,12976173965,87.10
502,407397729,778.70
503,412866965784,345.40
504,359492499,1370.00
505,428345750,1795.10
506,471738865,574.80
507,321316260,1551.20
508,407302226,1616.50
509,405470419,1445.50
510,388898328,1368.30
511,209171391194,319.60
512,54790292071,241.50
513,261336253,828.60
514,309126887206,289.90
515,8215279119,139.50
516,452165606,674.20
517,474458168,2065.80
518,512144381,522.20
519,1007754301,487.10
520,488354088,2509.60
521,392273012,1729.50
522,413785253570,334.50
523,364953468,1434.10
524,455384122626,343.70
525,446877678,983.00
526,549998818,3565.10
527,107862724,1091.90
528,127241772253,388.70
529,111410044495,231.60
530,407873800971,335.30
531,502255803,884.50
532,12400062938,80.80
533,3487421428584,1.80
534,426733857,753.30
535,519947295,2041.40
536,105618414232,372.30
537,442166288,4518.50
538,268333280,841.60
539,19412889423,198.40
540,794896988,507.80
541,125283593633,386.90
542,7008609677,108.70
543,4427162408,154.30
544,334849287,1047.90
545,8912017045,143.70
546,382599780,1423.30
547,484274539,715.70
548,521487097,2454.30
549,490000226,2636.60
550,2970158545,465.50
551,444874220959,315.30
552,5895783311901,18.30
553,395746046,1285.40
554,269952160,502.60
555,8152168071,422.90
556,6636953788,162.40
557,364492172,1029.00
558,253576168,611.90
559,9955617473,427.10
560,523975305,626.30
561,478050287,3340.40
562,32489236223,98.10
563,401666327,2151.00
564,531084861,5000.00
565,369345225,1654.00
566,102620477676,371.40
567,459892651,649.90
568,1670180645752,21.40
569,476979988,809.60
570,439498852891,340.10
571,396523500,1893.20
572,525219029,2518.90
573,4369043068,102.20
574,16517382857,87.00
575,531084861,5000.00
576,337314970,1641.00
577,522351434,3675.90
578,10585700863,178.50
579,4549717744,122.60
580,312619214,1490.70
581,10187799347,152.50
582,48712147178,409.70
583,473094548,2627.80
584,860455991142,46.30
585,108732770805,258.90
586,993680598,469.60
587,332797328,1326.20
588,1643969818,458.40
589,50464079821,226.00
590,463216667,721.80
591,531084861,5000.00
592,383390501,1407.40
593,328979606,1269.70
594,531084861,5000.00
595,179506968,1321.30
596,41709320490,90.90
597,129052641,1070.20
598,531084861,5000.00
599,430012654,1656.80
600,35612893837,200.40
601,527505586,606.00
602,2702312514,447.50
603,62502957794,215.40
604,443143743,2043.80
605,533412186,3032.30
606,543516975,3345.10
607,531084861,5000.00
608,574943697,3416.90
609,219112346882,20.20
610,214099504,1204.30
611,4408961952,123.00
612,12256174589,196.80
613,253895553,537.10
614,37224955350,395.20
615,469075275,4673.90
616,130795642375,381.40
617,456289507,2010.90
618,5821142201,447.70
619,495489060,825.20
620,4643262189,119.90
621,193898310,1415.70
622,107330603,1125.30
623,420118328,542.70
624,502943409,3555.90
625,155115821240,240.80
626,487269837,3950.50
627,2730974057477,17.50
628,741565416916,25.90
629,187038558,1059.00
630,319125644940,294.40
631,2774427481298,11.10
632,404420721,1396.50
633,198477984,666.70
634,141286989,591.00
635,434195837282,298.80
636,481055481,702.40
637,518243050,575.80
638,215625867,1260.40
639,453310115892,340.20
640,208470346457,339.50
641,3487423797,445.80
642,4289747535,106.50
643,171635827624,297.00
644,531084861,5000.00
645,524452392,2702.10
646,509447297,3263.20
647,524009174,2059.90
648,197265211,1073.70
649,147307187,663.90
650,263697051,646.10
651,229225306,517.90
652,394688833,868.60
653,470273438,571.00
654,434537828,2326.00
655,1824765473288,34.70
656,499138911,2277.90
657,334822767,1149.50
658,13622190363,431.30
659,399180260,1407.50
660,447687682,840.60
661,348303159,1306.50
662,459996704,2540.70
663,409893216,4777.40
664,12805537196,110.50
665,43133539682,219.70
666,214174818,652.30
667,10484784820,97.80
668,222506741,723.50
669,42459155861,58.60
670,376293292,1189.00
671,32139016081,95.30
672,500568606,4182.30
673,608980451,3000.10
674,531084861,5000.00
675,454581362,2180.30
676,392644988,1634.30
677,417624202,595.70
678,574047100,3058.60
679,439193895,890.90
680,13842266772,97.90
681,9763949316,112.90
682,2023252502343,45.40
683,409981966,1964.80
684,102094692775,366.70
685,531084861,5000.00
686,2326251618,464.90
687,129816262,706.70
688,208166240366,37.60
689,3882232034960,7.70
690,155064356,1273.70
691,531084861,5000.00
692,1604234368,478.50
693,531084861,5000.00
694,536916699,2464.40
695,15444554267,433.10
696,27039265329,52.80
697,418704437,894.50
698,27737319112,98.20
699,39624714121,390.70
700,200830872274,245.20
701,2037629467,474.80
702,436904840,2138.60
703,479077035,2421.40
704,412974126,4038.20
705,75858575461,216.70
706,18375229927,406.70
707,2062140560069,28.90
708,618313075,523.40
709,541093746,976.60
710,12840851680,417.70
711,143721904353,275.00
712,183709402,1173.80
713,424509917,1663.10
714,2987404109920,35.00
715,2612372851352,9.50
716,363621808,1805.70
717,13599219899,418.20
718,19707183330,51.90
719,415469420,1439.70
720,406138548,1823.90
721,3543552041,147.50
722,62000428026,67.20
723,389157763,4129.60
724,15466425082,172.20
725,394190165,1237.30
726,516804863,763.10
727,510385284,745.40
728,36033438946,95.10
729,530901364,540.10
730,321463900,1216.40
731,14409270240,85.10
732,548398647,542.10
733,480253838,854.40
734,420823915,1443.80
735,177051307,1938.50
736,242175232428,308.40
737,318585482,1393.60
738,387317398,1070.00
739,477687085,860.40
740,414664757,2767.70
741,428547570,2401.50
742,633970210,3176.40
743,512857996,573.50
744,219452458,825.30
745,48409335680,66.80
746,12610271627,50.20
747,141377780,516.50
748,531084861,5000.00
749,487773203,633.90
750,443849669,2698.70
751,38707279573,200.60
752,388392425,4788.30
753,435432540,2736.40
754,409724545,1983.10
755,166053252222,285.90
756,418966888,1076.30
757,21228738284,76.60
758,1216409747651,30.70
759,174657811,1226.30
760,32140451615,95.90
761,417353967,1968.40
762,29453734853,405.90
763,376550108,1194.00
764,132430226895,239.60
765,411102526,1426.10
766,148507080686,358.90
767,531084861,5000.00
768,123797288225,305.70
769,16913777675,77.00
770,402293791,1347.80
771,395303365,879.80
772,421218904,925.40
773,41246175742,223.20
774,548873657,571.50
775,150573396800,241.40
776,367509251,1583.70
777,175209414203,275.90
778,58386550025,387.10
779,339347322,1439.00
780,1359988370685,45.50
781,593333440,3599.60
782,369794512,1270.00
783,396095814,1004.30
784,420877055,915.20
785,444033863,918.90
786,215035185894,345.70
787,6667010627,184.60
788,502164778,2983.00
789,406980411,2410.20
790,594257859,3531.70
791,205635435,552.60
792,52666807398,64.30
793,526833984,677.00
794,531084861,5000.00
795,3292469360183,33.60
796,494666462,3215.50
797,353521029,1643.00
798,531084861,5000.00
799,433966360,687.60
800,527548204,2797.40
801,8541432125,150.40
802,427860236,2027.80
803,501721116,2031.70
804,23891779560,390.30
805,355098947,1131.90
806,35351648717,193.20
807,850089454,477.70
808,347605286,517.70
809,366311399,1416.30
810,430726319,1336.80
811,8751241707,124.40
812,318475032,1638.00
813,396792957,565.50
814,253265229,811.70
815,593856237748,47.70
816,6794206998,134.50
817,39624714121,390.70
818,469125148,559.00
819,442447794,667.70
820,165592831167,347.30
821,458541607,2225.40
822,414270142403,346.50
823,2268315260,444.30
824,611827882,3270.90
825,515814561,915.70
826,22821613973,90.70
827,490332740,922.00
828,45116392994,233.30
829,225630525,592.00
830,179983968,766.40
831,423267841,725.80
832,185378755,1640.70
833,671491178,509.40
834,432481501,749.10
835,508443054,654.20
836,447652720502,332.60
837,399240976,877.50
838,92504666260,267.20
839,3273928868,158.30
840,208867627,2804.90
841,531084861,5000.00
842,123550121292,350.20
843,361073058,1179.10
844,316096522,1493.20
845,492168671,2931.20
846,374922830,1481.50
847,443992980,2336.60
848,15341287638,414.50
849,412981482,4758.20
850,311280211,1092.50
851,450628266,4839.30
852,485014183,732.90
853,80264112108,243.00
854,91931518812,222.80
855,97537798588,224.00
856,492885205,4100.50
857,3875218170359,4.90
858,516892669,2556.00
859,3536791251,120.70
860,531084861,5000.00
861,425239925,1128.30
862,2607013116,461.80
863,3760078449,136.90
864,36766172635,220.70
865,531084861,5000.00
866,429484004,1082.80
867,7864450785,150.50
868,401557785,701.50
869,9924161594,189.50
870,177198716,1760.00
871,2198496922,156.50
872,3402907352,460.70
873,442861334711,16.00
874,422920081,1451.60
875,422778567,1582.10
876,224429701,965.30
877,259470281528,327.90
878,10013906729,188.10
879,26533510205,189.20
880,251130464,550.10
881,167541394843,325.60
882,179915684560,303.20
883,850622385,506.10
884,224370239,763.20
885,10150553877,435.70
886,163948286559,236.80
887,4108716087,111.60
888,536717291,2725.00
889,419747247,617.60
890,531084861,5000.00
891,710107887,483.60
892,28127279193,401.80
893,423962245,1062.40
894,510024898,824.00
895,257992788,619.00
896,531084861,5000.00
897,6209439420600,6.30
898,35380832665,197.20
899,27753414569,231.90
900,264122951,712.80
901,401023663,1418.10
902,417224902,1401.60
903,574946637,3388.50
904,439098016,4949.10
905,129039788,765.80
906,32682280788,190.40
907,216715461,1005.50
908,20205573188,180.10
909,5188469388,454.20
910,407921848,744.00
911,139801895287,355.50
912,349934512527,294.00
913,23495223986,61.40
914,206495991,1389.60
915,319498534,1138.50
916,338975695,1193.40
917,446916418,2258.40
918,429677861,1785.30
919,7915840120953,9.70
920,152342278,589.60
921,209466732148,303.90
922,208651511,1888.70
923,522534212,942.80
924,234588161646,254.40
925,468290976,4983.40
926,477828351,905.30
927,414993850,1755.50
928,558768505,485.80
929,366720461470,339.00
930,156034587,1050.70
931,450151520,906.10
932,197329731,1217.10
933,14771459440,167.60
934,7190672176,179.10
935,246707482,696.40
936,235185997,553.80
937,586325035,540.20
938,217853588,834.90
939,22199091885,424.70
940,10280056154,177.30
941,215715689,2996.60
942,6910021929,100.80
943,1510055585,463.00
944,398502034,2511.20
945,173247397535,358.00
946,8620980586,174.70
947,216306685,697.00
948,5495071122,162.30
949,311272366,1136.60
950,428817001,1396.10
951,422818541,1341.80
952,7407341172,131.80
953,39414497092,91.80
954,27753414569,231.90
955,442544582,2059.00
956,179063265,1130.60
957,165592831167,347.30
958,374835399,1382.40
959,400672994,4974.30
960,52703576615,241.70
961,241226463,532.30
962,358264143,1683.80
963,340521892,1132.20
964,12225949817,197.40
965,411535565,727.60
966,363069456,1715.00
967,226625078,952.30
968,7011283608,168.10
969,267047479,805.10
970,269516673,782.00
971,384758151,1635.00
972,4966093773,113.60
973,274485173502,10.50
974,143577381121,353.50
975,476005436,4038.30
976,425573529224,301.80
977,20689541405,410.60
978,381058107,1388.40
979,326162889,1865.50
980,487271580,3946.90
981,48761144091,59.10
982,316325013,1715.30
983,525157774,3264.40
984,531084861,5000.00
985,401946460,1943.20
986,403128601,1262.40
987,538919405,3574.30
988,19766996039,174.30
989,411764896,2090.30
990,2418998396131,37.20
991,107330603,1125.30
992,375722308,1059.20
993,303643225,526.90
994,485331956,2743.70
995,157640659,752.80
996,429453650,1267.40
997,62437534356,237.80
998,343960043,1468.20
999,531084861,5000.00
1000,492070934,666.80
1001,19005564883,57.00
1002,5223840667,453.00
1003,202902175574,370.50
1004,428199445,1363.20
1005,21196209223,213.80
1006,538666257,928.70
1007,30853519373,68.70
1008,385722630627,316.20
1009,176177855,1494.30
1010,10617180991,156.80
1011,387820348,2050.10
1012,433727882,4192.40
1013,20834352919,85.90
1014,2198496922,156.50
1015,423040333,1327.40
1016,7412307392,174.50
1017,3884706097,141.10
1018,193513008,1069.20
1019,531084861,5000.00
1020,106012272944,392.90
1021,2612372851352,9.50
1022,4545134185,48.10
1023,5569252602,161.30
1024,531084861,5000.00
1025,1645486047678,31.30
1026,578579289,3266.40
1027,214128693,1020.80
1028,229760184,569.10
1029,248842000,831.00
1030,492918020,2539.90
1031,434636970,696.90
1032,323060608,1457.60
1033,465654094,668.40
1034,376553341,1264.40
1035,23753605473,424.50
1036,228400501625,298.90
1037,6067124640,160.00
1038,510567236,4573.00
1039,4288724088,166.00
1040,498282423,657.90
1041,519992826,2465.00
1042,428429240,2368.00
1043,412295568,2035.80
1044,12646377201,107.90
1045,4009970797171,10.10
1046,310533431,1062.00
1047,479844273,2898.20
1048,409397256,2357.90
1049,534235369,878.10
1050,54831586076,401.30
1051,531084861,5000.00
1052,496354683,774.00
1053,519646961,860.00
1054,374071656,1655.50
1055,3933525541107,7.20
1056,260756966,680.90
1057,5903212037,171.30
1058,406166654,785.80
1059,275473763,3707.20
1060,463239329,670.00
1061,531084861,5000.00
1062,531084861,5000.00
1063,6256630967,160.10
1064,523021608,744.80
1065,3543552041,147.50
1066,320648225,1237.90
1067,512647061,482.30
1068,468434590,2297.90
1069,197790615,593.80
1070,17046956510,212.70
1071,53710725002,377.70
1072,434797371232,331.90
1073,540666450,2891.50
1074,19020830213,73.30
1075,465704030591,337.30
1076,9436531248,115.50
1077,13513049348,102.50
1078,6758809804,174.00
1079,422240603,1178.20
1080,220319895,692.90
1081,569397986,3136.60
1082,233050011,600.50
1083,83387135105,216.20
1084,458527885,976.50
1085,258019201,886.80
1086,408342779,603.00
1087,865516369859,29.30
1088,435182009,824.20
1089,325226495,1778.80
1090,75345162836,263.70
1091,319075040937,293.30
1092,679475735,478.30
1093,135112250096,234.80
1094,429903874,629.40
1095,534731645,721.30
1096,4205251270,141.20
1097,353932964,1129.90
1098,24192614338,201.40
1099,462169232,4002.60
1100,323162962,1890.10
1101,531084861,5000.00
1102,357912903,1630.00
1103,426458062,1036.70
1104,531084861,5000.00
1105,66839801162,387.20
1106,409663455,1198.70
1107,499163316,493.20
1108,412890941,1644.20
1109,388818146549,324.80
1110,530136184,2125.90
1111,17365427268,170.80
1112,7412307392,174.50
1113,225097627081,319.70
1114,3615648420948,8.10
1115,459859162,2260.80
1116,250036905,909.30
1117,20010052217,178.60
1118,425929260,914.60
1119,1372489237,485.30
1120,198185563,1076.70
1121,47852123670,80.10
1122,2784528046,465.10
1123,22209722804,204.20
1124,16913777675,77.00
1125,164016628,1281.00
1126,17577357318,173.80
1127,30853519373,68.70
1128,313001495,1404.70
1129,44124713251,230.80
1130,406836254,4625.90
1131,216718604383,324.20
1132,429449893307,343.90
1133,179266708,546.00
1134,90872498948,223.40
1135,336014418,1440.40
1136,388672383,1569.00
1137,213075716,644.60
1138,21575248144,177.20
1139,531084861,5000.00
1140,401746272,502.50
1141,415880339,677.20
1142,226441701,539.10
1143,684485980,508.70
1144,211597390,779.10
1145,547219754,3314.00
1146,520797195,671.60
1147,482740262,3420.60
1148,77451018496,251.20
1149,392956862,1348.20
1150,1989769798021,18.60
1151,101823554297,273.00
1152,474945390,608.90
1153,169140557,826.40
1154,256779828,660.70
1155,204375862,883.10
1156,169460731190,323.90
1157,403813624,1037.30
1158,448622246,2055.50
1159,128782956169,343.30
1160,502874480,4064.60
1161,42115120678,412.00
1162,204060397,702.10
1163,26292855215,54.90
1164,166615620,1636.10
1165,2355406721559,19.40
1166,638505960,3747.30
1167,204421151504,4.40
1168,247476953,846.20
1169,64237969757,398.50
1170,344135745,1409.80
1171,429611284,1077.50
1172,339419363,1328.20
1173,28324304128,221.60
1174,427201944,1993.30
1175,16316470103,68.30
1176,2045468575662,10.70
1177,238261208,817.10
1178,12117728879,435.60
1179,384748602,1206.90
1180,112007693102,227.70
1181,184537852,1455.60
1182,498345463,3821.90
1183,463862962271,312.90
1184,499336207,584.80
1185,528239804,4402.90
1186,14178044197,187.70
1187,4361674590806,18.40
1188,477258992,945.00
1189,492861384,3603.20
1190,107858325324,390.20
1191,8689580045,438.20
1192,320244414,1219.80
1193,517348291,870.20
1194,27620621890,208.90
1195,522216905,684.90
1196,416231811,1237.00
1197,531084861,5000.00
1198,345249823,1061.10
1199,476515850,885.40
1200,2495696408,453.40
1201,388914005,656.90
1202,422191260,4756.80
1203,17848420771,193.00
1204,212643944,1030.90
1205,338099096,1912.00
1206,467530876,4980.90
1207,119797235,1371.50
1208,513302033,949.80
1209,150437158103,384.80
1210,2742751881,467.70
1211,440642227,4957.40
1212,4501721671440,13.80
1213,436116004,2911.70
1214,24649469443,181.50
1215,539293808,529.40
1216,531084861,5000.00
1217,358363349762,276.30
1218,456943961,2507.70
1219,1053418277140,29.00
1220,191971154595,23.60
1221,6180537677,163.90
1222,207295343,2159.10
1223,119331700466,281.70
1224,198994170,637.20
1225,745918293463,34.50
1226,209883026948,347.00
1227,442509790,611.00
1228,220422402,883.00
1229,408633089,564.50
1230,492704216,623.80
1231,18992779426,172.60
1232,538498074,593.50
1233,2416241203898,7.90
1234,494586641,628.50
1235,191971154595,23.60
1236,408564289,2612.10
1237,450987139329,344.10
1238,469746599,3415.70
1239,245474373,841.40
1240,374013615,1424.70
1241,39939124228,411.50
1242,531084861,5000.00
1243,351521438,1098.20
1244,5396688551071,12.50
1245,82633222055,257.70
1246,381977747,1003.90
1247,180487162,579.80
1248,392010484,950.90
1249,25115005949,408.20
1250,329570442,1183.40
1251,52298969051,84.40
1252,459176349,2857.80
1253,475134172,901.60
1254,7481442919,140.80
1255,469153789,2021.20
1256,140813556795,321.20
1257,352161400,1005.40
1258,214437205,712.50
1259,498211281,718.20
1260,193513008,1069.20
1261,7046661878,420.90
1262,392853532,1432.00
1263,153964099,567.20
1264,547712851,547.30
1265,596694103,527.00
1266,47631222930,81.10
1267,33459172583,195.40
1268,200597212,1945.00
1269,39245692554,88.80
1270,8152168071,422.90
1271,3413646199,126.10
1272,439768765,834.10
1273,422794160,1750.50
1274,7766549436,420.20
1275,449998894,2918.60
1276,229439636,794.10
1277,204421151504,4.40
1278,324314940,1233.10
1279,498272851,4267.90
1280,214222067,1008.10
1281,16913777675,77.00
1282,1415318021862,31.80
1283,508922426,827.80
1284,215659969,1172.90
1285,472654778,818.00
1286,142044902338,311.20
1287,51121581554,52.70
1288,531084861,5000.00
1289,733672488,513.40
1290,167541394843,325.60
1291,463814300,2901.20
1292,71000735664,240.60
1293,446776481,4052.30
1294,531084861,5000.00
1295,382809717,1979.60
1296,27875289355,80.50
1297,391103679,1647.00
1298,531084861,5000.00
1299,33611843216,216.30
1300,490935335,2054.00
1301,531084861,5000.00
1302,213533143,1024.90
1303,493906930,2177.30
1304,97884389,569.00
1305,587773481,3932.50
1306,473220743,871.10
1307,93448609686,374.60
1308,320201690,1899.10
1309,300630940,529.10
1310,381801436,1081.30
1311,495889920377,309.40
1312,314566542,1727.30
1313,1256234323734,18.90
1314,518343720,808.30
1315,1545847401,478.00
1316,529002657,2865.50
1317,399154401,4479.60
1318,560493346,489.70
1319,496837815,2232.40
1320,146639936023,237.70
1321,256156290,794.20
1322,441228809,871.90
1323,261386949,567.50
1324,531084861,5000.00
1325,560493346,489.70
1326,375128811,1275.70
1327,4560312190,430.00
1328,161822271363,280.00
1329,418893747,1011.40
1330,26334777992,189.40
1331,318920085958,353.80
1332,14483227682,162.70
1333,4039492796,444.00
1334,389951123,2572.90
1335,204265875076,305.90
1336,431926188,1016.10
1337,611797491,3194.20
1338,380278654,1400.40
1339,93251298252,225.30
1340,64009006988,398.10
1341,643224223,3068.70
1342,438484752,2049.30
1343,485254967,2761.50
1344,194911513,987.40
1345,429213446,2758.80
1346,566592994,3266.20
1347,333010962,1023.40
1348,434806944,949.30
1349,299424287,3332.10
1350,400255319,1459.80
1351,258346912,608.70
1352,320806197691,360.70
1353,511433656,2928.50
1354,458456428,2135.40
1355,477717985,866.30
1356,531321165,4337.30
1357,223950752,563.40
1358,531084861,5000.00
1359,529005208,4114.20
1360,4327992925,154.60
1361,400843991,1277.90
1362,352497576,514.20
1363,397767086,2120.80
1364,405443313,2744.30
1365,517012543,973.40
1366,500026790,572.30
1367,248706882,590.80
1368,505247367,2826.80
1369,214459426,566.80
1370,466864405,583.10
1371,129039788,765.80
1372,531084861,5000.00
1373,1985448056,120.20
1374,1374678240423,42.20
1375,334310834,1030.20
1376,10870211032,159.00
1377,531084861,5000.00
1378,576820496,3127.60
1379,365542898,1386.00
1380,422705047,1341.20
1381,355047086,1792.80
1382,497977743,703.90
1383,327844861,1292.10
1384,66839801162,387.20
1385,514377217,820.20
1386,471404046,2672.00
1387,27095198054,189.10
1388,1833370081800,11.80
1389,435778138,493.90
1390,448294120,621.20
1391,316628755,1064.10
1392,501268973,781.00
1393,509980080,720.40
1394,380358421,1325.50
1395,371580384,1741.50
1396,3923762648,138.90
1397,311081685597,275.40
1398,235304464690,332.40
1399,380220131,1049.70
1400,265514972,604.10
1401,679808678514,31.20
1402,306586257579,269.20
1403,449631186,575.60
1404,76988165912,245.30
1405,456278868534,302.90
1406,110558131652,328.50
1407,20834352919,85.90
1408,249593911,602.60
1409,393974167,2630.20
1410,466154231,833.70
1411,339080871,1171.20
1412,55399222323,242.10
1413,565681893,3970.10
1414,268880839,2060.50
1415,2021760932562,24.30
1416,20549486998,212.60
1417,562654662,536.30
1418,501346189,4663.30
1419,422176271,1745.40
1420,2517098258,465.60
1421,439486425,931.80
1422,179843555976,287.80
1423,205270856413,288.10
1424,577694879,3515.40
1425,356506114,1499.10
1426,445473694,591.50
1427,531084861,5000.00
1428,44329761443,224.50
1429,5569252602,161.30
1430,15214672067,101.70
1431,92513061978,225.60
1432,55399222323,242.10
1433,12778181836,105.70
1434,387765521,2400.90
1435,363109495,1274.40
1436,518656983,3618.10
1437,393139380,1954.40
1438,480110571,812.50
1439,523799070,2239.10
1440,392498213,896.10
1441,103157985575,370.80
1442,126852916315,237.60
1443,207374767,907.10
1444,414744658,752.90
1445,348591598,1007.40
1446,359660330,1790.20
1447,240690111,637.00
1448,641155448,479.70
1449,409228855,2639.60
1450,13248184877,104.10
1451,250545047043,364.10
1452,175577852296,240.10
1453,220661736,843.50
1454,454021280,585.30
1455,500583643,2202.80
1456,519804452,821.00
1457,235257320,774.50
1458,254981516,645.70
1459,500725791,2517.00
1460,335079188704,296.40
1461,3731897199,130.10
1462,13946726688,81.20
1463,18358399055,173.10
1464,107408684,1033.70
1465,101823554297,273.00
1466,531084861,5000.00
1467,406085891,2694.30
1468,619922384,527.80
1469,415272939,4600.70
1470,186602043547,331.00
1471,518569502,2184.10
1472,414688217,1337.80
1473,10920013028,434.50
1474,177248580011,283.00
1475,235574054,539.30
1476,462241534,2903.50
1477,4475530825,114.50
1478,316247422958,293.40
1479,531084861,5000.00
1480,3574179217,152.70
1481,57747861024,77.70
1482,9294569685,148.50
1483,382064503,1668.00
1484,214767445,659.30
1485,655614942,508.20
1486,330054410,1702.10
1487,599078044,510.40
1488,332860490,1651.90
1489,215158621,908.00
1490,889719422,502.00
1491,460781273,2685.90
1492,514837569,539.80
1493,315748131,1365.10
1494,406843574,2201.10
1495,198185563,1076.70
1496,214222067,1008.10
1497,444169144,532.80
1498,8112456436,143.50
1499,31827061314,208.50
1500,531084861,5000.00
1501,177908304,1066.40
1502,499195966,888.90
1503,417676193,2733.80
1504,39402691596,201.00
1505,226625078,952.30
1506,259697781,828.10
1507,462687345,812.40
1508,451390933,681.60
1509,457725264,555.00
1510,330087428,1061.50
1511,531084861,5000.00
1512,84393050684,225.00
1513,316406649,1090.30
1514,503074438,2061.20
1515,394580874,721.10
1516,2020585017992,30.60
1517,181539853,1119.50
1518,415384168,1543.10
1519,419247719,2167.00
1520,394067153,873.90
1521,4868969749,449.10
1522,10760403618,112.50
1523,3474262585,458.80
1524,161806065033,236.30
1525,222264830,575.30
1526,4422833039,144.80
1527,431756799,541.20
1528,431194511,845.20
1529,431831240,1001.80
1530,433760705,2139.50
1531,89294929360,243.40
1532,7766549436,420.20
1533,259875866241,261.50
1534,394649195,1632.10
1535,534167363,800.20
1536,1008923839340,27.10
1537,245297317,2770.10
1538,10524507102,439.20
1539,29279026081,210.70
1540,255781352,708.60
1541,372344053,1951.10
1542,132959107,648.40
1543,492198852,2903.70
1544,516252211,726.60
1545,252036875,697.90
1546,8402384107,115.90
1547,434129178785,322.70
1548,530326919,696.80
1549,132123495129,323.10
1550,531084861,5000.00
1551,317857662,1372.30
1552,14570368733,186.50
1553,2505243115,442.20
1554,52234425878,79.50
1555,15565955218,61.30
1556,138059057,1607.90
1557,347053584,1465.70
1558,537499660,2656.30
1559,314533393,1501.00
1560,33285592261,417.60
1561,4014732191,149.60
1562,483334238,706.80
1563,2396583084,123.40
1564,539136500,2477.60
1565,298891486546,354.80
1566,266962910,996.40
1567,444527691,2290.20
1568,370626807,1520.30
1569,352766743,1627.10
1570,208698270,650.40
1571,396018313,1464.30
1572,327559537,1651.30
1573,7190672176,179.10
1574,474415224,3711.90
1575,558887070089,43.10
1576,330689468,1046.10
1577,97884389,569.00
1578,543808179,591.80
1579,319056347,1416.00
1580,422839925,1049.80
1581,433660907,571.90
1582,944459395255,44.80
1583,424834707,2207.70
1584,77627895007,291.90
1585,358169820,1759.30
1586,478182956,555.70
1587,450000370,2586.70
1588,531084861,5000.00
1589,20549486998,212.60
1590,74984095694,242.00
1591,1058257591740,14.80
1592,198614668,1357.00
1593,235257320,774.50
1594,531084861,5000.00
1595,255898888,631.40
1596,531084861,5000.00
1597,357965515,1521.60
1598,354959062,1104.40
1599,394520873657,345.60
1600,521106822,486.70
1601,432569238,725.00
1602,3772518837,150.80
1603,3733656563,156.70
1604,38359342989,398.30
1605,436189594,967.60
1606,447545386,4703.70
1607,215785910288,337.80
1608,377783556,1141.40
1609,299783412431,276.00
1610,486172587,2066.80
1611,185044008121,314.10
1612,398609619,1422.30
1613,510101066,2170.20
1614,2806904836,439.30
1615,159233101,1386.30
1616,614551730,3569.60
1617,12717624081,169.40
1618,9565636823,120.30
1619,865333588,474.70
1620,9924161594,189.50
1621,4408961952,123.00
1622,213506664,1950.60
1623,499953591,952.40
1624,531084861,5000.00
1625,472994459,2817.40
1626,467828109,2151.20
1627,479875153,707.90
1628,47198249129,411.20
1629,412022528,923.80
1630,509391310,2126.40
1631,1508725790,481.40
1632,10262120151,177.40
1633,170403312463,246.20
1634,501344220,4306.80
1635,207295343,2159.10
1636,513037011,956.00
1637,351576007,1399.10
1638,418918453,1283.00
1639,397412444,606.40
1640,391549771,1095.70
1641,471450217,2990.90
1642,401125859,1619.70
1643,205197679010,299.10
1644,423389718,1783.30
1645,205554607,772.60
1646,320558467,1268.10
1647,486762578,2254.50
1648,472432827,2259.00
1649,367630654,1493.10
1650,210927251,1221.60
1651,417073274,2277.10
1652,263329529,970.50
1653,203321869,510.80
1654,49454222649,68.80
1655,531084861,5000.00
1656,269349868,605.00
1657,394494007,1102.40
1658,26483293214,69.80
1659,6954126885,445.60
1660,388624596,1481.40
1661,491190947,717.60
1662,41690070847,395.40
1663,13842266772,97.90
1664,168435605927,312.20
1665,470562091,716.10
1666,406710578,1125.10
1667,12400062938,80.80
1668,38025412189,414.10
1669,213992629,1615.30
1670,5903212037,171.30
1671,190460656,1434.20
1672,407922442,2150.80
1673,119797235,1371.50
1674,452489303,910.00
1675,14847611486,73.50
1676,503913757,3099.60
1677,315074548,1038.70
1678,399248378,1756.20
1679,435751515,980.90
1680,3198204459166,43.70
1681,470132647,525.50
1682,312776850,1754.50
1683,47793683620,66.70
1684,344576504,1048.10
1685,417363359,1842.50
1686,495645883,695.40
1687,41786526095,56.00
1688,515999343,589.10
1689,339322008,1065.30
1690,328264580764,40.20
1691,421506440829,332.00
1692,241443523,722.20
1693,216988432,621.70
1694,161112679839,279.00
1695,486296490,859.70
1696,1053499810,496.20
1697,18746204968,100.50
1698,419771980,1183.70
1699,44519668753,72.30
1700,219170705,2485.30
1701,293372421833,362.20
1702,14061849552,103.30
1703,404529119,4106.50
1704,325651477,1860.70
1705,1024024915070,5.00
1706,425700596,794.50
1707,348667192,1296.10
1708,389469068,1608.00
1709,412161844,1394.80
1710,466235902,663.00
1711,52917276688,204.40
1712,430739568,1583.10
1713,244497251,779.90
1714,334138803,1112.00
1715,261929232,2532.60
1716,531299126,4303.70
1717,27875289355,80.50
1718,10767612584,439.80
1719,64028585820,269.50
1720,491449189,606.80
1721,365793471,1029.30
1722,372489700,1351.70
1723,406122931327,302.00
1724,534386531,4312.20
1725,323830377,1903.10
1726,427358505,1640.10
1727,261062070,620.10
1728,311462796,1015.70
1729,18198519512,91.50
1730,232778215,617.70
1731,72818962164,398.20
1732,394584507514,300.90
1733,379604482,1474.10
1734,347783148,1535.40
1735,13274474092,109.10
1736,7273773625,145.20
1737,5909739207296,8.80
1738,12976173965,87.10
1739,577545510,532.50
1740,20965992640,423.80
1741,416766477,1786.50
1742,13724040137,101.30
1743,247688167,909.60
1744,408467648,2905.30
1745,386208421501,339.30
1746,110031032216,232.40
1747,538102156,3003.50
1748,27352947234,403.10
1749,342316780,1466.40
1750,5908860849,135.20
1751,225804123,747.80
1752,210219243,841.30
1753,23592478323,74.60
1754,375334768,1790.90
1755,260161586589,265.40
1756,524101497,861.10
1757,27295122069,185.60
1758,233059278,3054.70
1759,198416942,808.90
1760,31179606978,400.50
1761,268249891,694.50
1762,447195962,786.60
1763,402350776,1903.20
1764,30870480418,99.90
1765,167376912619,349.80
1766,434900993,570.90
1767,318115939,1016.40
1768,527020761,3113.10
1769,380275139,1330.20
1770,482240686,2367.70
1771,3003036343849,5.10
1772,291035424249,268.10
1773,14847611486,73.50
1774,531084861,5000.00
1775,531084861,5000.00
1776,424640852,2901.30
1777,531084861,5000.00
1778,148309486304,282.50
1779,179400011,640.10
1780,8279258645,186.00
1781,42746042187,216.90
1782,7881213424,127.00
1783,16517382857,87.00
1784,188690556,1858.80
1785,290023262,533.40
1786,360653310,1839.70
1787,465733390,829.80
1788,531084861,5000.00
1789,378648925,1266.50
1790,430117810,1422.90
1791,516093778,574.30
1792,502996783,2566.30
1793,19664810292,426.60
1794,258346912,608.70
1795,413735401,4717.30
1796,441479597016,330.40
1797,85780179340,247.00
1798,318292527,1753.70
1799,136249553606,383.80
1800,8821902681,142.70
1801,180050104051,243.10
1802,531084861,5000.00
1803,394372553,1730.30
1804,596123257,3502.60
1805,370403837,1691.80
1806,504389331,921.70
1807,139662992499,356.40
1808,429052380,1629.70
1809,600725349,3770.70
1810,31254366980,398.90
1811,426579304586,298.50
1812,499682817,818.40
1813,395930288,1585.70
1814,183662304981,248.20
1815,386194503943,282.90
1816,428277394,833.20
1817,7927736953,139.40
1818,311541695,1430.90
1819,432113814,639.30
1820,83426305642,392.60
1821,27622877648,62.80
1822,23987754495,75.40
1823,227226838167,365.20
1824,509945453,2274.60
1825,344697237,1844.00
1826,110532854355,348.90
1827,429315917,1192.20
1828,393826698024,321.80
1829,160536006939,379.80
1830,404184176,1188.00
1831,203321869,510.80
1832,494434863,2201.60
1833,422445840,718.80
1834,49659558785,387.90
1835,495709832,626.60
1836,119331700466,281.70
1837,421404760,1475.80
1838,175209414203,275.90
1839,263315946,725.40
1840,531084861,5000.00
1841,364335793,1839.40
1842,527838313,3124.10
1843,3179682912752,25.20
1844,128912614537,234.60
1845,344723088,1059.80
1846,8224673208,148.40
1847,215115081583,299.70
1848,14508954839,205.00
1849,449098194,981.30
1850,376666638,1548.80
1851,604028415,483.20
1852,470719342,3326.20
1853,463564786,682.80
1854,531084861,5000.00
1855,332186192,1056.60
1856,323971314,1804.70
1857,397250038,1011.90
1858,397094352,2312.20
1859,197265211,1073.70
1860,235584175,815.20
1861,531084861,5000.00
1862,28270395758,185.80
1863,16901062017,72.90
1864,352595993540,285.30
1865,2005831519,467.90
1866,429238529,709.90
1867,314445515,1221.90
1868,2361576069,450.90
1869,360312001,1740.40
1870,16036515043,426.70
1871,535845602,602.50
1872,239924992,898.50
1873,47546817055,58.20
1874,258243281797,262.90
1875,230880896,573.30
1876,415358108,799.70
1877,12566580244,104.00
1878,39023089327,196.90
1879,270030909,582.40
1880,312633685,1034.90
1881,393551081568,352.10
1882,550928782,3802.40
1883,407427027526,314.30
1884,52146829723,205.80
1885,183277714590,371.00
1886,24847638234,55.00
1887,454180921,669.00
1888,204229885,794.30
1889,4424449797,457.50
1890,216332989,718.10
1891,174163576,1113.70
1892,504839940,954.50
1893,469062927,4101.10
1894,377448132,1772.80
1895,347783923,1687.30
1896,497830213,627.30
1897,139214054,692.10
1898,35493430880,416.30
1899,28324304128,221.60
1900,330064893,1097.10
1901,188969475,1564.30
1902,527761378,932.50
1903,18024451098,171.20
1904,204375862,883.10
1905,263840632,2441.90
1906,1142581812632,34.40
1907,323287535,1321.40
1908,224375712,848.30
1909,338618843,1386.80
1910,399469939,1561.30
1911,531084861,5000.00
1912,116322131157,261.90
1913,195345773,4106.30
1914,430655439,1155.40
1915,542645059,3162.30
1916,531084861,5000.00
1917,248669372,570.40
1918,391873997955,343.50
1919,451868882,818.30
1920,42641956251,56.50
1921,339599677,1078.30
1922,12951753778,108.20
1923,490770024,2446.60
1924,473890598,889.90
1925,718613944,503.70
1926,3375879130754,19.90
1927,629308491,3490.10
1928,224676023,2303.00
1929,385481949,1851.80
1930,533931505,824.80
1931,618850959877,13.60
1932,363962566,1019.30
1933,43699736898,56.20
1934,63331806436,208.40
1935,426850105,830.00
1936,25567274308,183.20
1937,401422867,800.70
1938,531084861,5000.00
1939,54342393430,408.10
1940,194911513,987.40
1941,527033082,2195.80
1942,313680912,1099.80
1943,3760257674055,7.50
1944,588701339,3663.20
1945,209572298,559.40
1946,206987656,2262.30
1947,133952514,826.60
1948,463921801,2036.80
1949,249021323290,333.20
1950,330488052,1802.30
1951,411427209,4689.20
1952,403537583,1095.30
1953,390703506,1969.50
1954,339453478,1592.40
1955,454365983,942.70
1956,72649446424,248.90
1957,108468513888,368.30
1958,324094367,1212.90
1959,47995756496,406.90
1960,531084861,5000.00
1961,143910804,786.40
1962,211421912,1600.10
1963,46909426998,50.60
1964,311247906,1359.50
1965,422277223,557.90
1966,370110596,1810.60
1967,400689341,1032.30
1968,501122618,3723.90
1969,207420878578,369.90
1970,540704829,2311.60
1971,19863534881,51.30
1972,8003211985,174.40
1973,404094438,1345.30
1974,18115951047,57.70
1975,333129686,1358.80
1976,526049794,604.50
1977,398692063,1375.40
1978,427848778,644.30
1979,465429418,658.50
1980,151131206485,242.50
1981,521764497,546.70
1982,1986606497,470.10
1983,256781236,553.70
1984,430210267,792.50
1985,463074721,899.90
1986,515944990,4651.30
1987,384042794,1663.80
1988,127082671529,254.60
1989,2340182882,471.60
1990,206505907055,245.90
1991,358825672,1469.90
1992,9940403515,150.10
1993,585956300,3256.90
1994,229225306,517.90
1995,531084861,5000.00
1996,364008151,1439.90
1997,22385839456,177.50
1998,8591579218,119.00
1999,5201200311,112.70
2000,168016816255,300.40
2001,697669152,515.80
2002,256970836,2249.90
2003,32533179975,217.50
2004,6001235741,451.30
2005,245371988,831.60
2006,383973282954,335.20
2007,240700155,715.20
2008,423094905,787.30
2009,414546598,1225.10
2010,292754839874,281.80
2011,137785245935,382.70
2012,1630920993817,27.30
2013,424440062,603.70
2014,603532515,3069.40
2015,182143758,1318.50
2016,409613741,1153.60
2017,44131264415,76.80
2018,315821774,1454.40
2019,58244583045,362.40
2020,11540929059,419.30
2021,238414681934,367.90
2022,252709338,2279.30
2023,174618000,1048.20
2024,420050306,2462.80
2025,1097174207,493.70
2026,509284706,845.80
2027,25115005949,408.20
2028,195143014,784.90
2029,43792841104,84.70
2030,467043841,3567.20
2031,14751627665,97.30
2032,442323520,2115.30
2033,10367623773,438.90
2034,256599143,887.00
2035,12610271627,50.20
2036,116047777971,260.60
2037,12037860477,420.10
2038,215915485,1438.60
2039,373697094,1081.90
2040,212011854,1170.20
2041,523735895,2260.60
2042,320551069,1305.60
2043,451913577,998.30
2044,490832471,2113.70
2045,17935826217,192.20
2046,6531994570,131.30
2047,346135817,1144.70
2048,460821010166,302.10
2049,17935826217,192.20
2050,29124811592,208.60
2051,341449135,1358.30
2052,291814019273,359.90
2053,468071828,955.60
2054,428547038,571.40
2055,328067363,1074.20
2056,429129170,4128.30
2057,224572477,679.80
2058,437557199,4085.20
2059,46755557756,70.80
2060,321343180,1248.30
2061,416961856,1022.90
2062,223401339524,331.40
2063,540931831,934.20
2064,10110804624,151.30
2065,92875822717,312.10
2066,236797404984,258.60
2067,213293747,884.40
2068,9078535422,419.80
2069,215035185894,345.70
2070,343675557,1106.80
2071,404515763,1130.20
2072,194159853,840.50
2073,400581119,613.70
2074,426711318,563.60
2075,406765186,619.30
2076,72619595961,233.10
2077,357145935,1347.70
2078,75352209689,268.00
2079,3316015051059,30.20
2080,123371562529,257.20
2081,423986914,497.90
2082,526880343,912.60
2083,322703491,1779.50
2084,408672906,1308.10
2085,321875691,1039.00
2086,1499602846547,5.80
2087,2355406721559,19.40
2088,536009915,2325.20
2089,532901592,804.30
2090,19041580784,195.80
2091,208470346457,339.50
2092,10120921912,157.10
2093,12701658407,168.70
2094,191293368,1010.80
2095,133329671975,258.70
2096,419302410,578.10
2097,78372892501,40.50
2098,531084861,5000.00
2099,159217282,951.80
2100,238152050,821.50
2101,531084861,5000.00
2102,11454305985,179.60
2103,256666051,668.30
2104,26347252828,53.60
2105,611760837,3928.30
2106,382098456,1245.80
2107,519702770587,39.10
2108,78436418814,236.00
2109,374244427,1398.50
2110,6667010627,184.60
2111,311023876,1102.80
2112,409094348,1256.60
2113,470609040,4316.90
2114,198477984,666.70
2115,523714526,815.00
2116,26417865705,67.90
2117,44329761443,224.50
2118,531084861,5000.00
2119,393996248,1085.30
2120,432299245,2899.30
2121,18021247047,170.90
2122,388896852,1957.50
2123,222828422,938.80
2124,55377145152,57.50
2125,5804450227,105.50
2126,347035906,1356.10
2127,59292478566,235.30
2128,5270016829,152.30
2129,263329529,970.50
2130,2022565843,474.20
2131,443781468287,312.00
2132,177051307,1938.50
2133,199506404545,284.10
2134,8794762095,118.20
2135,77297626232,217.60
2136,4205251270,141.20
2137,402508102,1004.90
2138,343406575,1155.50
2139,409953615,928.30
2140,364600225,1192.50
2141,511294213,3689.80
2142,404958973,1170.90
2143,362441306,1074.80
2144,431129428,857.20
2145,257231738,870.40
2146,344915952,494.70
2147,114378586136,273.70
2148,111234095658,385.30
2149,209572298,559.40
2150,171635827624,297.00
2151,222506741,723.50
2152,332349881,1376.70
2153,479859942,581.00
2154,401967532,828.70
2155,2881536822,450.40
2156,4926068446364,17.40
2157,21620739123,75.30
2158,239076542,666.30
2159,358711443,1571.20
2160,425796174,1222.80
2161,479933491,3400.90
2162,4014973404,453.10
2163,148547781574,237.40
2164,527714326,2215.10
2165,5574076549,115.40
2166,617285757,3396.80
2167,44130663226,222.60
2168,509299715,657.60
2169,385729879,1846.80
2170,515785336,604.00
2171,315277810,1107.20
2172,330746377,1180.30
2173,356968462,1415.60
2174,396060216,4393.90
2175,22209722804,204.20
2176,391412190,633.50
2177,324570065,1851.00
2178,2744864520660,33.10
2179,725716684107,47.60
2180,378081006,1407.80
2181,532839804,4617.80
2182,422943456,1616.70
2183,394602349,2391.80
2184,452439931,2398.10
2185,31990173299,414.00
2186,3056866750260,35.40
2187,536883580,814.40
2188,3513100039,458.70
2189,7410411125,140.50
2190,44424917213,202.90
2191,609947679,3471.70
2192,474508367,2592.40
2193,386792021,492.70
2194,1474383374,479.90
2195,158503884747,306.10
2196,512646529,667.40
2197,362864265,1026.90
2198,498464314,2600.70
2199,350772196191,282.60
2200,245474656863,368.20
2201,531084861,5000.00
2202,58550118817,75.20
2203,531084861,5000.00
2204,458924171431,307.20
2205,521106822,486.70
2206,531084861,5000.00
2207,495283229,615.00
2208,7755916414,127.50
2209,324408448,1010.10
2210,447919247,941.60
2211,401368342,832.60
2212,3258707320,134.70
2213,358220930,1915.10
2214,399730206,1478.00
2215,606754294,486.20
2216,64028585820,269.50
2217,1224447668051,30.80
2218,492945339,2644.10
2219,6256630967,160.10
2220,2085472344,474.00
2221,486919360,2387.30
2222,2850666200,447.20
2223,531084861,5000.00
2224,10484784820,97.80
2225,27174148836,55.10
2226,429683605,1250.60
2227,428338450,4040.50
2228,12488326730,185.30
2229,18147886798,75.90
2230,334159708,1077.30
2231,7459802308,185.40
2232,3682255717521,8.30
2233,470484541,618.30
2234,422496900,656.60
2235,3432679484,462.10
2236,471620607,682.50
2237,198614668,1357.00
2238,26505556731,207.90
2239,511559054,935.00
2240,13017630564,111.00
2241,514057104,580.70
2242,6946192645,137.00
2243,496024588,2831.50
2244,531084861,5000.00
2245,94604592984,222.40
2246,508317046,2530.90
2247,502188794,767.60
2248,23701714444,73.20
2249,134748525,677.60
2250,407312784,588.40
2251,20774420746,52.20
2252,531084861,5000.00
2253,445958867,595.40
2254,469525554,714.30
2255,348895411,1207.70
2256,333977719,1388.50
2257,87808398546,397.30
2258,400857461,912.20
2259,479155233,908.40
2260,443499485274,312.50
2261,356186670,1334.70
2262,18331558126,93.40
2263,133347340,634.70
2264,5222816331,154.50
2265,8026406129,444.50
2266,531084861,5000.00
2267,4762183902,156.10
2268,637633242,3540.20
2269,2130277646,133.60
2270,76757817426,265.50
2271,14342925088,187.30
2272,536808895,2994.00
2273,471693989,746.40
2274,531084861,5000.00
2275,227049561,778.30
2276,336385485888,354.90
2277,4595888594361,8.70
2278,199577501107,347.60
2279,452873009,720.60
2280,161663621457,291.20
2281,16813833368,428.90
2282,998987822,488.70
2283,2134964194,471.70
2284,466100157,3013.70
2285,99895970551,389.70
2286,224683661,607.60
2287,1987091016,476.30
2288,401244161,1283.70
2289,363469940,1417.60
2290,336865506,1812.60
2291,3839738265,165.30
2292,5559456369667,0.20
2293,414693718,814.60
2294,429042610,695.80
2295,29772686749,94.90
2296,294339338280,278.40
2297,1968486392,471.80
2298,213075716,644.60
2299,431367147,1659.40
2300,500689151,615.70
2301,468356607,2410.30
2302,224311145,703.50
2303,531084861,5000.00
2304,220796809011,339.20
2305,510752107753,321.50
2306,454647102455,36.00
2307,54039888349,56.40
2308,411478855,2944.40
2309,114651641778,255.60
2310,321920052,1198.50
2311,28334015070,184.80
2312,583273429,3174.80
2313,404587470,575.20
2314,411371348,1684.20
2315,401444025,4356.70
2316,449899477,548.20
2317,266142082,967.70
2318,418060104,1114.70
2319,484187097,820.10
2320,490804830,555.10
2321,437553455,4875.00
2322,507667997,795.10
2323,442334682,2318.10
2324,3694887887,135.40
2325,526162912,2344.70
2326,443066839,2221.80
2327,194159853,840.50
2328,162217470609,292.80
2329,26022291854,68.00
2330,2677254889509,15.70
2331,396890382428,302.70
2332,29905932864,401.70
2333,147591586022,241.20
2334,131734664,645.40
2335,310236452020,361.90
2336,11007881172,154.80
2337,508217975,572.40
2338,527525923,2868.80
2339,26292855215,54.90
2340,531084861,5000.00
2341,1441359447,483.50
2342,345004173,1560.60
2343,214638376104,294.10
2344,209230824,816.00
2345,347979271,1525.20
2346,412994764,1170.40
2347,537130872,3523.50
2348,326794330,1679.80
2349,4263114607,163.10
2350,12798985410,85.70
2351,515784165,738.20
2352,206194258,2565.10
2353,412833496,1679.70
2354,1052820678773,12.90
2355,369384767,1279.50
2356,426820810,4228.10
2357,367970345,1241.70
2358,531084861,5000.00
2359,392713438,1570.20
2360,417786415,2091.50
2361,415416150613,310.30
2362,401954951,1775.50
2363,531084861,5000.00
2364,749262551768,46.60
2365,209550918,1809.20
2366,167149944,1773.60
2367,335516470,1266.00
2368,397076713379,304.80
2369,1036321396,495.40
2370,351381549,1711.40
2371,14799631630,428.80
2372,478283086,4808.00
2373,2159926060,135.60
2374,419361361,621.60
2375,258428808872,364.20
2376,510836032,919.30
2377,493579913,636.20
2378,391568328,643.40
2379,331909573,1413.00
2380,351316313,1420.50
2381,20689541405,410.60
2382,175933648,1015.10
2383,516026779,2330.30
2384,132825064,789.10
2385,2194073684,473.10
2386,310571506,1657.20
2387,28567342879,97.50
2388,429646368,543.00
2389,442163449,4313.40
2390,437033040,619.70
2391,216306685,697.00
2392,170030602,908.80
2393,656142273429,41.50
2394,492970192,869.80
2395,191687452,1268.40
2396,403168886,1819.00
2397,531084861,5000.00
2398,213238625,839.50
2399,233507869,752.30
2400,1643969818,458.40
2401,342948438,1799.20
2402,351976108,1168.70
2403,25466519695,185.00
2404,23891779560,390.30
2405,8844304566,175.20
2406,27473635506,224.30
2407,34090841487,192.90
2408,354200297,1179.80
2409,531084861,5000.00
2410,408239139,1789.50
2411,323891433061,268.50
2412,385308825,1634.50
2413,2340692361,443.70
2414,584212240,3103.30
2415,245371988,831.60
2416,379070992,1436.40
2417,9118390362,146.60
2418,420728928151,289.60
2419,485214052,2772.70
2420,7877874675,131.00
2421,355139922,1397.20
2422,551980926225,26.00
2423,86540793486,397.70
2424,491712684,753.70
2425,531084861,5000.00
2426,369136489,1897.00
2427,429010126,1827.70
2428,245284897,959.80
2429,6954546352542,4.00
2430,328012927,1289.50
2431,475780130,789.50
2432,429765315,605.90
2433,75584571266,220.40
2434,49659558785,387.90
2435,497526023,2430.20
2436,456785376,791.30
2437,248669372,570.40
2438,269516673,782.00
2439,32989499784,191.80
2440,410551511656,295.50
2441,423329995,1495.20
2442,237507044513,323.40
2443,265297393,958.00
2444,51309770402,54.10
2445,166038312,1136.70
2446,528245391,4164.00
2447,339905310,1225.90
2448,373036470,1319.70
2449,142044902338,311.20
2450,521876867,706.10
2451,48349683113,78.00
2452,200072051770,252.40
2453,531084861,5000.00
2454,506772553,810.60
2455,527466226,2540.50
2456,531084861,5000.00
2457,3167012185,118.40
2458,7003795247,429.30
2459,395592093,1881.30
2460,419313051,2066.50
2461,2328253842406,23.80
2462,531084861,5000.00
2463,531084861,5000.00
2464,264887191,535.00
2465,327050855461,278.70
2466,476577009,562.00
2467,531084861,5000.00
2468,271003923850,258.20
2469,446884317,563.70
2470,561984341,3440.70
2471,437484645,972.40
2472,479234154,2380.20
2473,347190122,1377.40
2474,446628892,612.60
2475,1248874915096,39.40
2476,147751573,538.10
2477,351766898,1344.40
2478,366119643578,286.00
2479,1311681690135,46.70
2480,334381683,1989.60
2481,480737172,2656.00
2482,132959107,648.40
2483,401565244,1036.10
2484,214940633,796.50
2485,452054723,607.80
2486,531084861,5000.00
2487,531084861,5000.00
2488,1528932791,476.70
2489,339304713,1860.50
2490,4875781243,149.10
2491,203860558441,253.20
2492,1044129805,496.90
2493,378045928,1156.80
2494,388792402,827.90
2495,216964409,773.10
2496,200755578,743.90
2497,535171956,634.10
2498,222105047624,330.10
2499,388869031,873.10
2500,433981577,708.80
2501,463851753,987.90
2502,228397091,538.30
2503,9141788801,176.50
2504,387797122,1787.00
2505,623798492,3465.30
2506,97908546868,221.30
2507,725624174,508.80
2508,250746293,695.90
2509,20722271975,94.20
2510,172502928090,246.70
2511,482237171,2445.10
2512,409475507,674.70
2513,23101939974,407.70
2514,30621836825,95.70
2515,455340963,2564.50
2516,391500744,1790.80
2517,166858618,881.60
2518,376922840840,353.40
2519,413613457,907.60
2520,216968637,705.70
2521,19533961489,92.20
2522,531084861,5000.00
2523,157640659,752.80
2524,410784005,651.00
2525,393731305,724.30
2526,403314186,789.20
2527,335581055,1635.60
2528,409464493,889.30
2529,771353526,510.10
2530,512553170,718.90
2531,174007183,1003.00
2532,1022286208766,46.80
2533,310502757,1476.50
2534,1082645546,491.70
2535,12205923318,111.70
2536,219792416665,262.00
2537,6566754274,108.30
2538,7593074598,444.10
2539,507501673,2828.30
2540,511324319,4185.60
2541,531084861,5000.00
2542,5060311448,118.30
2543,364921432,1957.00
2544,423076418,2239.60
2545,560116675,3220.80
2546,12225949817,197.40
2547,549798283,551.50
2548,429962110,1181.70
2549,345196552,1886.90
2550,403764643,4330.10
2551,770970340,511.60
2552,74833728337,235.80
2553,81789056276,215.70
2554,3117739441936,6.60
2555,3508088361,162.20
2556,155822929453,237.50
2557,1282248978,486.00
2558,463694498,4058.10
2559,233675007,843.60
2560,336605689,1145.60
2561,475573425,638.40
2562,214099153254,250.50
2563,52082676393,369.70
2564,12481383295,187.20
2565,265514972,604.10
2566,408830001644,46.40
2567,361185209,1376.30
2568,401676080,2020.50
2569,439667672,962.30
2570,512179805,700.70
2571,369470956,1834.90
2572,399323364,2430.50
2573,18147886798,75.90
2574,22401990479,180.80
2575,209373220,862.10
2576,484481325,2498.40
2577,261336253,828.60
2578,433926152,810.90
2579,160809993,1154.10
2580,89829798934,267.40
2581,531084861,5000.00
2582,389010123,908.10
2583,882757935,463.70
2584,236227746,801.20
2585,257231738,870.40
2586,7382856343,432.90
2587,165002684,1822.90
2588,4427162408,154.30
2589,155922851,1473.60
2590,2299332975,469.50
2591,544458624,3421.80
2592,402484801,2385.20
2593,264432953893,265.90
2594,124936837,651.80
2595,357831722,1766.60
2596,420953777,821.40
2597,434271966,759.70
2598,4874785523,111.50
2599,363147160,1263.50
2600,350257050,1070.10
2601,348930077,1847.90
2602,27039265329,52.80
2603,137170040927,267.80
2604,525897376,838.10
2605,113357762713,264.50
2606,416230985,628.80
2607,342500476,1460.70
2608,408681064,1769.00
2609,389367536,711.10
2610,502607174,913.40
2611,387358464,1464.40
2612,372426332,1723.30
2613,499877050,2751.60
2614,236357024044,264.70
2615,206635239816,365.80
2616,403370062,1289.10
2617,250746293,695.90
2618,330041581,1403.10
2619,412379345,1983.50
2620,2955026242717,6.20
2621,2002720101,113.10
2622,398636657,982.30
2623,531084861,5000.00
2624,390079147,1797.70
2625,464548833,2944.10
2626,352181918,1768.40
2627,312391433493,279.90
2628,22816800219,60.50
2629,531084861,5000.00
2630,594255075,3276.20
2631,348415121,1630.50
2632,1350259690173,18.10
2633,512291063,2160.00
2634,66121124766,214.50
2635,587578349,533.80
2636,261716101874,268.30
2637,475299916,2582.70
2638,531084861,5000.00
2639,531084861,5000.00
2640,334867940,1892.50
2641,74984095694,242.00
2642,491438867,830.20
2643,204295477,1021.30
2644,403168297,2019.30
2645,183406234,1036.60
2646,179983968,766.40
2647,134370186,1001.40
2648,530622311,3025.20
2649,531493156,2405.10
2650,216197906,2009.20
2651,412057819,1202.90
2652,334929596,1867.10
2653,3236558626,103.80
2654,15565955218,61.30
2655,573049831,535.50
2656,363176550,1398.60
2657,7984672259,117.40
2658,453310075007,32.50
2659,51058572722,71.60
2660,402394487,1637.10
2661,425438430,1235.70
2662,4365827257,119.60
2663,414469138,1451.80
2664,233675007,843.60
2665,250548229,684.60
2666,237909559996,264.40
2667,203384765590,307.50
2668,2159926060,135.60
2669,174847228,1850.80
2670,526540430,703.70
2671,475256077,964.60
2672,183842817274,306.40
2673,582186057,531.10
2674,362561098432,356.00
2675,355050536,1228.80
2676,524586345,544.90
2677,531084861,5000.00
2678,531084861,5000.00
2679,240576269,571.70
2680,3888048131,145.80
2681,365554213,1233.90
2682,522847498,4031.80
2683,11276199096,96.30
2684,531084861,5000.00
2685,394556735,1974.20
2686,390005063,590.00
2687,15237644388,196.70
2688,309652771,1020.10
2689,1211175393805,29.20
2690,332892940,514.10
2691,172024390,1654.10
2692,326160540,1689.50
2693,519547559,867.40
2694,40152226002,389.10
2695,230847295,2061.90
2696,366956469,1616.20
2697,6417727772,130.60
2698,390690873,2682.00
2699,348554087,1978.70
2700,262271038,811.90
2701,98615159108,391.70
2702,415350281,1508.90
2703,197082485,683.20
2704,6035811910,138.10
2705,451578425,863.00
2706,412800032,969.40
2707,251947320,739.60
2708,494496117,2718.70
2709,395168184,1002.40
2710,357829019,1046.20
2711,497416402,3737.00
2712,450503959,921.10
2713,2552145387354,26.10
2714,397806795,2271.70
2715,47524644147,72.80
2716,501405972,2493.70
2717,412602575,1495.00
2718,1800741989,475.80
2719,54726758708,386.30
2720,252036875,697.90
2721,16209489595,92.40
2722,168435605927,312.20
2723,492260542,2020.30
2724,651468643,520.40
2725,15422363246,173.60
2726,1944228265421,21.60
2727,531084861,5000.00
2728,483157321,769.30
2729,44137361855,198.60
2730,460170303580,308.30
2731,352497576,514.20
2732,124373021200,262.70
2733,365903041,1491.00
2734,7305522079,124.90
2735,618209199,3317.80
2736,28133533812,73.80
2737,209373220,862.10
2738,262330516,2110.60
2739,9018074423,442.50
2740,531084861,5000.00
2741,329594885,1599.70
2742,64756649322,362.60
2743,473680149,4600.20
2744,531084861,5000.00
2745,735252075457,42.80
2746,6437392172,137.90
2747,405296132,4313.60
2748,521708187,970.40
2749,510867336,2232.80
2750,528799625,915.40
2751,424994069,1316.30
2752,307339047513,281.50
2753,123224971365,266.20
2754,2806904836,439.30
2755,67468478930,379.70
2756,395895695,1021.80
2757,300912969,520.20
2758,41876135084,90.80
2759,408146188,926.80
2760,1772771170,478.80
2761,447561145,2902.10
2762,396288359,2531.60
2763,180284448,1686.00
2764,602573790,3047.60
2765,531084861,5000.00
2766,171997355816,341.70
2767,396154112,2915.00
2768,187731040,505.10
2769,2948431552,466.10
2770,499009267,656.70
2771,393440650,1063.10
2772,609082162,3234.80
2773,189345528,1538.50
2774,2347816695,135.90
2775,8272841785,143.90
2776,254453208,529.70
2777,585964857,3505.40
2778,32284906820,216.10
2779,2761534782528,23.30
2780,42349921850,409.30
2781,311193782,1313.60
2782,99805504641,228.00
2783,1867478754543,18.70
2784,88264015205,265.10
2785,328028595,1939.50
2786,327997507467,347.20
2787,470116922,637.90
2788,334421039,1782.70
2789,416365044,982.50
2790,59022462771,388.60
2791,170485215317,373.50
2792,370150373,1480.30
2793,259020626,995.70
2794,49373129543,224.90
2795,531084861,5000.00
2796,6619818488608,8.60
2797,515328890,2087.70
2798,548180880,556.40
2799,368730948,1743.40
2800,268333280,841.60
2801,169254309,1437.50
2802,531084861,5000.00
2803,408250405737,343.00
2804,67214809456,385.90
2805,232856510148,363.00
2806,129184996392,283.80
2807,307033501,508.60
2808,461723717,897.70
2809,531084861,5000.00
2810,335410994,1160.30
2811,9130310452,114.40
2812,391872871,1973.00
2813,510735124,987.30
2814,531084861,5000.00
2815,45992756923,66.20
2816,519824384,875.00
2817,26618038924,402.80
2818,131642546,703.00
2819,153203916,628.70
2820,1078710196,484.70
2821,571218020,3770.50
2822,381442126,1811.50
2823,345770927,1450.70
2824,573608022,539.20
2825,209883026948,347.00
2826,232259417078,255.50
2827,8003211985,174.40
2828,268914096,554.50
2829,52703576615,241.70
2830,167541394843,325.60
2831,483612700,3844.40
2832,131617679,587.60
2833,310903292,1129.40
2834,207285267,561.20
2835,42490741420,86.70
2836,397676324,2432.50
2837,443140787,2103.10
2838,11186833014,154.00
2839,537909535,875.30
2840,425491808,1122.80
2841,23227549161,181.20
2842,191558712458,333.30
2843,369860897,1808.80
2844,11132283960,109.40
2845,338497149,508.40
2846,103469413945,277.50
2847,429804118,806.50
2848,9093941004,113.00
2849,22648147238,187.80
2850,6180537677,163.90
2851,59022462771,388.60
2852,110558131652,328.50
2853,205788626,2036.20
2854,6636953788,162.40
2855,399909660,1666.30
2856,519152107,781.30
2857,522757600,683.00
2858,8753581694,150.90
2859,121559671,1227.40
2860,21228738284,76.60
2861,243110441,2053.00
2862,402119903,991.20
2863,43896002755,75.80
2864,337945312,1117.30
2865,12798985410,85.70
2866,474645246161,334.70
2867,7547850656,104.30
2868,77627895007,291.90
2869,8639149435,176.90
2870,2577350672,468.40
2871,428517403,1650.70
2872,192033533,1144.00
2873,505743889,3692.20
2874,900284517,494.60
2875,9724955109,119.80
2876,531084861,5000.00
2877,10001989346,436.40
2878,354966305,1008.50
2879,3694887887,135.40
2880,414002539,929.70
2881,397120686,2305.20
2882,500622774,2869.20
2883,229421643,710.90
2884,197042398573,371.10
2885,568450526,3903.70
2886,465105161,714.00
2887,394028889,1419.60
2888,206194258,2565.10
2889,12944641629,430.90
2890,256666051,668.30
2891,5892096455,447.60
2892,160809993,1154.10
2893,421978885,926.10
2894,19217373170,87.60
2895,110558131652,328.50
2896,124936837,651.80
2897,222039963,770.20
2898,219967171,944.00
2899,401775067,684.20
2900,486348745,586.40
2901,589649960,3593.20
2902,882757935,463.70
2903,511793557,601.50
2904,544480941,3334.60
2905,166038312,1136.70
2906,310964470,1381.80
2907,739251843,511.10
2908,440761833,2601.10
2909,204284302,2416.40
2910,69780394862,378.20
2911,350731493,1061.30
2912,514894432,805.90
2913,372359937,1219.40
2914,395802352,1658.10
2915,303527631,497.50
2916,204295689,788.80
2917,485456832,593.10
2918,58469433512,63.70
2919,316076365,1431.70
2920,317196281,1825.60
2921,4070436606,119.50
2922,400390904,947.60
2923,416486258842,332.30
2924,11232533674,434.70
2925,391013931,1677.30
2926,749262551768,46.60
2927,525531846,529.80
2928,447733135,848.60
2929,332892940,514.10
2930,376034980,1666.10
2931,356797338,1095.50
2932,136770453,679.30
2933,317785192,1505.80
2934,25360058067,60.60
2935,530984065,753.60
2936,1200500360,490.80
2937,442003167,625.90
2938,157058351875,246.50
2939,416508145,1203.00
2940,414380538,620.80
2941,500451306,699.40
2942,317716176,1569.90
2943,155098306,1005.20
2944,531084861,5000.00
2945,316059532301,269.40
2946,24011925337,50.30
2947,20082072421,427.70
2948,527066236,691.40
2949,531084861,5000.00
2950,185197992,1301.60
2951,11483737569,202.00
2952,17623091999,64.00
2953,488837690,530.10
2954,542032761,610.30
2955,194095291,1081.50
2956,487469951,819.00
2957,494612161,2338.70
2958,123797288225,305.70
2959,43237901397,52.40
2960,331338457,1013.10
2961,5971816382,174.80
2962,253757480,2146.40
2963,531084861,5000.00
2964,12575212661,421.60
2965,518009032,976.90
2966,14751627665,97.30
2967,251524398,768.10
2968,383638758078,350.70
2969,441525635,2863.90
2970,358340349,1751.40
2971,446579177,911.10
2972,362850951,1446.00
2973,617339304,3368.20
2974,523099529,2030.00
2975,182143758,1318.50
2976,184773727,1681.10
2977,14396293574,84.80
2978,30227889589,212.30
2979,7171138246,169.10
2980,586865666,3274.10
2981,441225090,958.90
2982,539799677,2004.50
2983,396425468,1340.00
2984,446054734,792.20
2985,124936837,651.80
2986,531084861,5000.00
2987,531084861,5000.00
2988,241455555431,335.40
2989,456106470,2919.70
2990,25300405067,58.90
2991,465317012,2409.80
2992,311615269,1608.90
2993,531084861,5000.00
2994,193273055200,378.30
2995,467526379,4994.50
2996,531084861,5000.00
2997,1916239870,477.20
2998,399581173643,299.00
2999,84638583412,395.90
3000,984379390834,30.00
3001,484048596,765.20
3002,162566454,1394.00
3003,503003807,3553.40
3004,607221564,3184.40
3005,361881299,1731.60
3006,213533143,1024.90
3007,10151929903,151.40
3008,243256804,529.90
3009,157294683819,308.00
3010,256428425938,257.50
3011,2741059806341,10.40
3012,346291401,1530.70
3013,475074508,932.40
3014,426960457,2694.90
3015,442953599,4380.40
3016,378646474,504.00
3017,501148697,3517.80
3018,8144552419962,19.50
3019,479054892,4930.00
3020,378724990,1563.50
3021,266746355,613.60
3022,138337496268,279.80
3023,266962910,996.40
3024,4000063985,136.10
3025,328504966,1226.00
3026,1294409685210,29.90
3027,387856526,704.50
3028,745918293463,34.50
3029,359558780,1015.00
3030,492523241,582.20
3031,500756547,649.50
3032,1361001205,464.40
3033,263315946,725.40
3034,7158006708,140.00
3035,535300613,807.90
3036,321865849,1427.40
3037,102919622366,230.70
3038,117297551576,233.50
3039,531084861,5000.00
3040,559188359,3318.50
3041,141377780,516.50
3042,403861332,1466.70
3043,175933648,1015.10
3044,3231475557,457.40
3045,475068053,651.30
3046,222264830,575.30
3047,214865908,596.10
3048,4108716087,111.60
3049,580463709,3127.50
3050,423021113,1710.50
3051,5478857921,111.30
3052,233646580,897.30
3053,2870932016928,3.40
3054,464103812,658.20
3055,27744835223,186.10
3056,137745563,721.60
3057,359526346,1599.10
3058,336956181231,270.30
3059,468064537,806.10
3060,26757356545,59.80
3061,393773909,4238.30
3062,421682286,1248.70
3063,12802828908,49.30
3064,9211791666,101.20
3065,45890538647,58.40
3066,187731040,505.10
3067,21634962815,197.50
3068,214390830,1833.50
3069,443102629,2629.70
3070,1710530190,459.80
3071,147883525327,266.40
3072,433796080037,341.40
3073,36873555153,95.50
3074,225630525,592.00
3075,568681985,547.50
3076,21232310054,79.80
3077,318211867,1772.10
3078,209466732148,303.90
3079,505332849,553.30
3080,7959517822,137.70
3081,392083101,1519.70
3082,179487751,1500.20
3083,382191642,1017.70
3084,6752115741,127.90
3085,531084861,5000.00
3086,394998610,1523.90
3087,329189660,1420.70
3088,197790615,593.80
3089,9419720069,146.20
3090,486955149,712.10
3091,458556844,981.70
3092,2507533834881,38.00
3093,43147982071,54.80
3094,1212185054,471.10
3095,1894786430,474.40
3096,325755896,1164.50
3097,531084861,5000.00
3098,468000029,3203.60
3099,426049245,1816.00
3100,6547747809,134.00
3101,12327989811,186.40
3102,41967679154,197.00
3103,227141495,610.90
3104,417277795,924.30
3105,531084861,5000.00
3106,471616893,3706.90
3107,31179606978,400.50
3108,10833307656,437.10
3109,179487751,1500.20
3110,470274200,594.60
3111,507614071,2939.00
3112,2011741831,475.90
3113,981475222349,47.30
3114,526916428,3820.10
3115,566608341,3190.10
3116,220796809011,339.20
3117,531084861,5000.00
3118,318521322,511.40
3119,442247657,499.70
3120,22331988387,425.90
3121,350209952,1667.50
3122,373216067,1624.80
3123,402812393,911.90
3124,3579325136,459.70
3125,5633038936,446.10
3126,479936648,3652.50
3127,23312003517,72.60
3128,403000427,2930.30
3129,580484525,3166.50
3130,363964066,1557.70
3131,3733656563,156.70
3132,246125213303,262.80
3133,531634803,728.80
3134,531084861,5000.00
3135,1093187495000,43.00
3136,353807308,1527.70
3137,402328878,1175.40
3138,182167514085,292.50
3139,345761844,1855.60
3140,6546394164,163.80
3141,171285609,1004.00
3142,367189266785,309.70
3143,42428603883,86.20
3144,381022641,1672.00
3145,267652371,637.30
3146,395319374,645.30
3147,503935110,3323.70
3148,13406903236,430.60
3149,608084327,3567.10
3150,430859822,1441.80
3151,201989957,1578.30
3152,107847968358,226.70
3153,201587344,1064.40
3154,131052731,1452.30
3155,374664648,1466.30
3156,259697781,828.10
3157,137745563,721.60
3158,388844258,850.50
3159,201989957,1578.30
3160,16901062017,72.90
3161,452187842,2377.40
3162,390577488386,312.30
3163,644054815,3906.50
3164,531084861,5000.00
3165,492647751,773.40
3166,641280416,514.70
3167,34676492588,403.30
3168,603499217,3250.00
3169,227141495,610.90
3170,23199663798,396.00
3171,373742254,1794.30
3172,492908186,4058.30
3173,507848597,580.50
3174,378200149,1602.20
3175,410807734,2752.00
3176,407236004,590.50
3177,434559474576,37.70
3178,411057034,846.30
3179,440682745,2236.70
3180,344609669091,301.10
3181,3862266948934,17.60
3182,395415136,2827.00
3183,489503152,624.90
3184,407666593,2419.20
3185,227049561,778.30
3186,3519063634,145.60
3187,181393195,1632.70
3188,531084861,5000.00
3189,507188159,852.30
3190,39473367109,88.40
3191,258053542470,13.70
3192,1985448056,120.20
3193,464316219,699.60
3194,531084861,5000.00
3195,531084861,5000.00
3196,515263458,2958.70
3197,339916805,1694.10
3198,408195211,1763.90
3199,20951001297,422.30
3200,8243159783,441.80
3201,710107887,483.60
3202,531084861,5000.00
3203,1934947597,450.10
3204,416827415,1750.10
3205,122114310814,235.90
3206,365512548,1302.10
3207,514958518,572.80
3208,209968291528,298.10
3209,137170040927,267.80
3210,409252184,1099.60
3211,212214648,621.50
3212,111368333742,270.10
3213,28855943278,187.90
3214,423870214,1542.00
3215,193338962686,350.60
3216,24020545939,180.40
3217,504064158,593.40
3218,554611149,3543.00
3219,7046661878,420.90
3220,477177472,3556.10
3221,427783051,1000.10
3222,1974542610272,38.30
3223,531084861,5000.00
3224,381654805,1210.50
3225,545344121,588.10
3226,353156876,1155.10
3227,243110441,2053.00
3228,407011180,1428.30
3229,356837490,1554.40
3230,2130277646,133.60
3231,1433317212423,24.40
3232,531084861,5000.00
3233,255741398556,25.80
3234,297627322197,287.40
3235,440785906,2618.10
3236,424852138,994.30
3237,3875218170359,4.90
3238,428693233,1088.50
3239,54306668344,407.90
3240,189036632,1043.20
3241,16466147480,53.50
3242,374144403699,43.30
3243,114566732504,297.80
3244,1110799760801,28.70
3245,391470161,4478.90
3246,230847295,2061.90
3247,303222028904,354.20
3248,375576266,1559.20
3249,5201200311,112.70
3250,539300849,2129.10
3251,60073455522,63.80
3252,2449153623,470.30
3253,531084861,5000.00
3254,1212185054,471.10
3255,1675050546504,24.10
3256,339648754,1287.00
3257,453310075007,32.50
3258,423876392,2892.80
3259,59968224902,68.20
3260,88264015205,265.10
3261,7351470960,446.20
3262,493771491,2777.60
3263,254845204702,321.00
3264,7766549436,420.20
3265,410825330,1246.50
3266,269372898703,268.70
3267,92875822717,312.10
3268,515874254,3237.50
3269,529462919,548.60
3270,424638082203,327.00
3271,624709180,3220.70
3272,531084861,5000.00
3273,483605713,3416.20
3274,1004131595138,38.70
3275,419894705,4048.30
3276,208166240366,37.60
3277,294492331913,275.10
3278,465277832,2941.80
3279,2130277646,133.60
3280,5060311448,118.30
3281,107408684,1033.70
3282,427727213,776.70
3283,593856237748,47.70
3284,518059317,702.30
3285,226182211,2211.80
3286,344205389,1841.00
3287,9015740529,101.10
3288,241945337,996.90
3289,317601266499,351.50
3290,424494735,4315.90
3291,519771342,4693.90
3292,402980607,4931.50
3293,456417007,653.70
3294,387545553,709.30
3295,125202631257,238.10
3296,5574076549,115.40
3297,2002720101,113.10
3298,492108212,771.40
3299,365542954,1669.60
3300,419239795,1147.60
3301,424871789,1431.10
3302,58895291356,76.70
3303,537031888,2104.50
3304,520537101,707.80
3305,506803572,2490.60
3306,242294334,854.10
3307,23199663798,396.00
3308,23938157996,420.80
3309,220431286586,333.80
3310,393972317,1261.60
3311,407826080,1025.90
3312,501576679,930.60
3313,205004959,1399.60
3314,176423422,1884.50
3315,168192960,1015.90
3316,2268315260,444.30
3317,224676023,2303.00
3318,7451486768,125.10
3319,406190573,1223.30
3320,531084861,5000.00
3321,13238744211,183.10
3322,469790847,3715.90
3323,425191212,1766.40
3324,323710114,1143.60
3325,18886787407,91.60
3326,209171391194,319.60
3327,501108371,3490.50
3328,176317218,1067.30
3329,199506404545,284.10
3330,488863362,925.30
3331,242095622943,251.60
3332,26618038924,402.80
3333,380870497,1063.60
3334,612672208,3708.30
3335,334154528,1585.40
3336,515771818,945.90
3337,10484784820,97.80
3338,559123806959,15.90
3339,398655518,1304.80
3340,23710985763,181.80
3341,185501737,1852.70
3342,619187830,3626.50
3343,310839667,1366.70
3344,141565900,1302.50
3345,18948595644,181.70
3346,219280596132,326.20
3347,411734855,1377.30
3348,29279026081,210.70
3349,460059048,2482.70
3350,88264015205,265.10
3351,21390773758,425.50
3352,6481451810,159.70
3353,366027425,1152.20
3354,147539382683,242.30
3355,22771948610,179.70
3356,10243789726,53.00
3357,26957683241,399.10
3358,417102636,1052.00
3359,531084861,5000.00
3360,3923762648,138.90
3361,478416567,2195.30
3362,440850150,2355.30
3363,411633299,1604.40
3364,403177271,790.40
3365,114566732504,297.80
3366,5402953329,116.00
3367,463987649,2044.10
3368,264621951,838.00
3369,422361249,724.00
3370,184331855715,352.40
3371,535182486,553.40
3372,343609865,1944.80
3373,62720516559,260.70
3374,601676054,3176.50
3375,630193585,3715.70
3376,364802580,1067.90
3377,513965170,616.40
3378,422461499,691.80
3379,505476392,670.70
3380,129184996392,283.80
3381,7667801500,106.20
3382,461845613,799.20
3383,441863374273,22.40
3384,423314059,1054.50
3385,351395506,1024.10
3386,489535009,766.50
3387,36465047458,412.80
3388,394492492874,352.20
3389,129319709358,283.90
3390,7380381278,128.70
3391,531084861,5000.00
3392,16316470103,68.30
3393,484813456,803.50
3394,256779828,660.70
3395,644379515,488.30
3396,5788617873,436.70
3397,379008918,1917.80
3398,6067124640,160.00
3399,423739950,1147.70
3400,1641295334,463.20
3401,419623023,1491.30
3402,343635846,1775.90
3403,50129677316,72.50
3404,227261710,845.50
3405,456011249,4616.50
3406,171393510409,271.80
3407,188969475,1564.30
3408,465663082,563.80
3409,486093193,2877.10
3410,531084861,5000.00
3411,414828584,1810.50
3412,209263959,2256.50
3413,44894515534,90.20
3414,15176382765,408.90
3415,245963348816,308.80
3416,9496619496,177.90
3417,218615733556,370.60
3418,501378414,2941.90
3419,531084861,5000.00
3420,23525303501,179.00
3421,382600473,1146.40
3422,371528407,1428.90
3423,87887403102,394.60
3424,49240717803,202.10
3425,44124713251,230.80
3426,402097090,631.50
3427,539319546,994.90
3428,342146907,1327.30
3429,15982061531,55.60
3430,410964954,787.80
3431,204421151504,4.40
3432,1348174600865,12.70
3433,28268980792,77.90
3434,541998651,782.20
3435,251255396705,315.70
3436,527374559,767.40
3437,472273048,2837.30
3438,442233184,2083.60
3439,402660998,1727.70
3440,53111136601,376.20
3441,224311145,703.50
3442,448190752,802.40
3443,536247854,696.70
3444,15903118717,68.50
3445,198840420,2412.60
3446,418930481,648.50
3447,168964891,547.00
3448,421990040,697.80
3449,237654960,711.00
3450,18331558126,93.40
3451,518198128,572.50
3452,203863780,842.40
3453,470324052,615.10
3454,34261430400,194.20
3455,411703905,2362.50
3456,53350013649,64.20
3457,555530516,3254.50
3458,197772998,1074.70
3459,313032691793,288.40
3460,531084861,5000.00
3461,524977846,845.60
3462,200134813,802.70
3463,353724796,1325.00
3464,362582896,1308.60
3465,349746002,1692.40
3466,351996999,1577.90
3467,3840232238,143.80
3468,375459159,1960.80
3469,13221477952,184.20
3470,209411422124,373.30
3471,204475392588,311.50
3472,264887191,535.00
3473,10240460978,150.60
3474,413044681336,341.80
3475,375487035775,337.90
3476,531084861,5000.00
3477,543495419,520.10
3478,97884389,569.00
3479,847906022,497.10
3480,4378715403,106.40
3481,78372892501,40.50
3482,358394460,1363.80
3483,429725857,771.10
3484,5729094622,158.40
3485,155098306,1005.20
3486,426249673299,313.90
3487,315345748,1236.80
3488,204882859,1035.00
3489,11052824357,162.10
3490,1231790385795,45.20
3491,5495071122,162.30
3492,57198165159,60.20
3493,1710530190,459.80
3494,96424978226,266.70
3495,31321592211,403.70
3496,2340692361,443.70
3497,391393659,941.30
3498,534389753,4400.60
3499,403035078,1710.30
3500,355273892,1648.40
3501,82377510942,246.10
3502,448625198,884.30
3503,411035253,1890.00
3504,513806613,822.10
3505,613176089,482.20
3506,531363895,2501.50
3507,441275520,778.60
3508,111232562785,296.50
3509,505552556,652.70
3510,160935353070,358.60
3511,487458550,537.20
3512,520818110,773.80
3513,36829633229,395.80
3514,9788437441,114.60
3515,404999583,660.50
3516,263745086,708.70
3517,429147742,649.40
3518,384027756,1590.00
3519,93448609686,374.60
3520,487323433,570.00
3521,359489114,1732.90
3522,531084861,5000.00
3523,22663746033,55.80
3524,531084861,5000.00
3525,508035793530,317.60
3526,429807773,952.80
3527,489168380,3474.60
3528,331017307,1762.60
3529,559212279,3033.10
3530,1332050473756,44.90
3531,411626611,2455.10
3532,173247397535,358.00
3533,531084861,5000.00
3534,531084861,5000.00
3535,22586260029,424.40
3536,414043828,1262.20
3537,488119940,712.90
3538,58244583045,362.40
3539,82633222055,257.70
3540,380771543,1067.70
3541,23592478323,74.60
3542,510570839,4591.60
3543,482077602,902.60
3544,2396583084,123.40
3545,317513076,1368.20
3546,26594570246,203.80
3547,274485173502,10.50
3548,367920344,1456.40
3549,287477914001,261.60
3550,328949920,1201.50
3551,214128693,1020.80
3552,516801828,3852.80
3553,482939982,2941.50
3554,182639664,1195.10
3555,266100038,758.70
3556,404882966,765.00
3557,427099530,1759.10
3558,7309641046401,7.30
3559,10612544741,115.10
3560,384661000995,290.10
3561,5267202318,103.70
3562,20737334393,92.80
3563,160277154943,360.20
3564,147751573,538.10
3565,256781236,553.70
3566,18012675603,177.60
3567,2466156074214,36.40
3568,6546394164,163.80
3569,505368516,902.40
3570,421459103,2489.20
3571,485700385,748.10
3572,345356803,1128.70
3573,490672282,720.20
3574,256286025,547.10
3575,518129425,704.80
3576,255624684,666.10
3577,26594570246,203.80
3578,479815458,927.30
3579,254845204702,321.00
3580,33581854481,221.70
3581,433744810,4032.00
3582,269390153,749.20
3583,511309607,727.10
3584,17942021897,194.80
3585,474688584,2469.10
3586,4164111701,123.80
3587,168541319220,40.90
3588,57259417002,239.10
3589,387554429,1167.40
3590,370507821,1819.20
3591,621943527,3499.10
3592,9104201583,100.90
3593,469411772,2145.00
3594,451397658,4356.50
3595,250676873,556.90
3596,167785955,1651.00
3597,19041580784,195.80
3598,458379122,2057.30
3599,252695848,919.40
3600,428289646,1779.20
3601,4401170172,455.50
3602,57968901538,69.10
3603,537104012,3452.30
3604,2870361856885,18.20
3605,187731040,505.10
3606,2730974057477,17.50
3607,521606187094,322.60
3608,480644325,2123.40
3609,34709305205,90.50
3610,254211374,741.60
3611,507279616164,315.90
3612,12518417895,85.00
3613,503533485,899.80
3614,1833370081800,11.80
3615,467033720,3279.50
3616,204783142,1471.60
3617,4008676889,459.60
3618,239924992,898.50
3619,34913695392,193.10
3620,517332901,534.30
3621,538764344,859.30
3622,345869756,1443.20
3623,345638409,1196.80
3624,328563827,1841.70
3625,2225530657276,19.10
3626,435108448,569.80
3627,329205404,1295.80
3628,505814914,3193.90
3629,382090767,1835.90
3630,428436728,2352.20
3631,2343676331,466.40
3632,6075533797,112.40
3633,23594606112,62.30
3634,531084861,5000.00
3635,24745321161,182.70
3636,256391146,644.40
3637,219170705,2485.30
3638,726412609,479.10
3639,3206029207919,13.20
3640,43546614781,52.30
3641,105618414232,372.30
3642,90056855575,224.80
3643,2668724678,462.20
3644,542551086,523.80
3645,531084861,5000.00
3646,3236558626,103.80
3647,4762845243,113.20
3648,531084861,5000.00
3649,165310755023,295.10
3650,525193645,3005.70
3651,463136480,609.60
3652,2077539176,457.90
3653,163401445964,240.20
3654,400433663,780.60
3655,1178788069568,4.20
3656,20760078600,220.30
3657,136770453,679.30
3658,33581854481,221.70
3659,517823365,3149.30
3660,325783613,1784.70
3661,243574620,669.40
3662,430670910586,35.60
3663,607183795,3520.10
3664,126668929,1239.00
3665,398053525,1128.80
3666,391479638,2913.60
3667,585132578,528.30
3668,631120615,517.10
3669,491695542,869.40
3670,422885796,1087.60
3671,5903212037,171.30
3672,19020830213,73.30
3673,375387805388,296.20
3674,310768622,1340.60
3675,508608196,627.80
3676,235574054,539.30
3677,520009799,2299.20
3678,347793115743,35.10
3679,170857958784,357.20
3680,1499602846547,5.80
3681,392588307,1800.10
3682,6706386453,434.10
3683,428144300,1617.20
3684,473918451,819.30
3685,2418740758242,37.30
3686,159217282,951.80
3687,409567706,988.50
3688,9571046634,157.70
3689,1431235869293,4.60
3690,30745486361,418.60
3691,663190628,513.60
3692,398163918777,290.80
3693,531084861,5000.00
3694,417734527,1136.20
3695,512270410,2773.40
3696,418289368633,23.00
3697,531084861,5000.00
3698,3882232034960,7.70
3699,160426932054,379.50
3700,24350005358,419.70
3701,475257231,2038.40
3702,53063919291,211.70
3703,423676775,1581.50
3704,359457288059,346.10
3705,164120982933,284.40
3706,400575800,919.70
3707,447873867,535.70
3708,53111136601,376.20
3709,531084861,5000.00
3710,344857358,1666.40
3711,109171754071,390.80
3712,235584175,815.20
3713,531084861,5000.00
3714,432949856,2879.60
3715,334918515,1060.70
3716,169460731190,323.90
3717,252644203,559.30
3718,54790292071,241.50
3719,558799844,523.20
3720,420343434,687.20
3721,398703096067,308.70
3722,456143206,2788.30
3723,537446610,4016.50
3724,161090929612,239.00
3725,116322131157,261.90
3726,474514114,2869.40
3727,196791029,864.10
3728,473489008,3142.50
3729,843107779243,34.00
3730,116554300305,256.10
3731,425831710,676.90
3732,531084861,5000.00
3733,287209071135,353.30
3734,360951328,1013.60
3735,9119958094,157.40
3736,102094692775,366.70
3737,370058310,1426.90
3738,270379304,900.60
3739,248148833,743.20
3740,193459344,973.50
3741,329944517,1178.40
3742,19166665585,87.30
3743,398651243,1049.30
3744,531084861,5000.00
3745,415041168,943.30
3746,416361804,498.30
3747,497730326,973.90
3748,374412100,1788.30
3749,381943428678,335.90
3750,318350582,1693.30
3751,191942415963,321.10
3752,440923231,2046.80
3753,465272224,2834.60
3754,17942021897,194.80
3755,2608059843795,47.20
3756,417630907,1453.10
3757,422322978,2048.40
3758,24135462982,200.80
3759,26483293214,69.80
3760,480114181,588.80
3761,337409795,1807.30
3762,170562912,1297.70
3763,531084861,5000.00
3764,270303513,589.80
3765,472493619,869.30
3766,317807466,1054.80
3767,414723897,1551.60
3768,514434287,2933.40
3769,65559837547,233.70
3770,45412534870,65.60
3771,270877134,826.20
3772,562213740,554.80
3773,264362810,598.30
3774,531084861,5000.00
3775,8334663428,440.40
3776,161085036119,280.20
3777,503866730,3158.30
3778,263199447,619.50
3779,395496418,2309.00
3780,75345162836,263.70
3781,376599741,1766.70
3782,201241826,1254.50
3783,263270709,686.80
3784,118252086,1260.20
3785,539749773,4633.80
3786,478305913,4242.00
3787,531084861,5000.00
3788,222039963,770.20
3789,5898968700,434.80
3790,221138889,2267.70
3791,14426698305,107.80
3792,398163038,869.60
3793,535927855,4437.90
3794,352650088,1400.20
3795,469075307,4330.00
3796,483702206,2578.70
3797,366321707,1689.20
3798,323826577,1493.80
3799,3061893510,163.40
3800,494620047,2230.60
3801,378111841,1503.80
3802,27473635506,224.30
3803,399421102,2077.80
3804,339184885,1560.40
3805,10262120151,177.40
3806,532365376,2264.70
3807,494441607,2476.60
3808,28004115643,205.40
3809,17807826572,99.20
3810,392959399,1404.60
3811,179843555976,287.80
3812,174618000,1048.20
3813,449691862,598.20
3814,175396032,1146.20
3815,718556794,502.40
3816,352078699941,298.00
3817,372989691,1580.90
3818,531084861,5000.00
3819,519072383,812.60
3820,224651311,2246.70
3821,29450947743,96.00
3822,529291586,593.30
3823,1917177838,475.30
3824,516706834,4903.40
3825,177248580011,283.00
3826,196051690336,243.90
3827,161229518018,274.10
3828,167376912619,349.80
3829,269390153,749.20
3830,432511407,565.10
3831,213054852919,38.20
3832,447559620,4903.30
3833,5905302922,437.50
3834,441819272,2006.80
3835,490853600,2014.80
3836,383535598,1859.70
3837,7270783938,134.20
3838,392913570,595.30
3839,503707132,613.40
3840,303527631,497.50
3841,133347340,634.70
3842,379703517,1382.30
3843,344602027,1031.10
3844,263840632,2441.90
3845,476836556,2658.60
3846,407276561073,320.60
3847,485300752,2699.40
3848,380845118,1166.90
3849,395081306,658.10
3850,393642184,608.30
3851,531084861,5000.00
3852,381297168,1058.00
3853,259818787,3053.90
3854,122641808757,388.50
3855,19291994540,181.60
3856,782235980776,44.30
3857,166858618,881.60
3858,16409723792,94.70
3859,460320277,847.30
3860,375002744324,319.00
3861,4158163236,145.90
3862,404829910,1190.00
3863,57532301077,388.80
3864,1723698364774,47.50
3865,403218366,504.60
3866,1029651653,471.90
3867,363363719,1566.20
3868,498888925,868.00
3869,6142502163,104.60
3870,427269220,1638.70
3871,60924866966,389.30
3872,3293719637197,21.10
3873,539117916,2064.30
3874,5181732045,103.50
3875,129184996392,283.80
3876,172989160,816.30
3877,511029773,680.30
3878,175719470,1264.70
3879,166438393118,279.40
3880,174254676628,292.00
3881,48858286529,52.50
3882,9211791666,101.20
3883,173197419,1342.00
3884,342762123,1232.50
3885,937049909,491.90
3886,26903177395,185.20
3887,395567112,1480.10
3888,15176382765,408.90
3889,24906936356,420.40
3890,8758517107,121.80
3891,13599219899,418.20
3892,482690224,3892.50
3893,391694246,2040.70
3894,339353431022,359.30
3895,516746105,836.80
3896,350171234,1105.00
3897,531084861,5000.00
3898,490699878,2480.40
3899,344580789252,348.00
3900,207552528,655.30
3901,8258304228,124.30
3902,405793029343,347.90
3903,531084861,5000.00
3904,48442742129,202.40
3905,479934477,3753.70
3906,225474976,894.40
3907,440271007,550.50
3908,4327992925,154.60
3909,607211435,3323.40
3910,261187258231,274.20
3911,58264285138,225.20
3912,33959278859,99.50
3913,53710725002,377.70
3914,359942267,1201.90
3915,97710132271,228.20
3916,327533571,1210.70
3917,735252075457,42.80
3918,351694454,1347.00
3919,426804696,4118.50
3920,8759208892,142.50
3921,381270100,1297.40
3922,459261181,958.10
3923,531084861,5000.00
3924,6693544536,126.20
3925,263034906,872.70
3926,203079069,808.80
3927,207926363,807.70
3928,531084861,5000.00
3929,395189744,768.90
3930,344109615,1288.00
3931,14570180736,194.90
3932,410402026,1936.70
3933,531084861,5000.00
3934,461540479,2315.00
3935,491875052,3178.40
3936,143388068,1401.50
3937,3132733227716,43.90
3938,45533608196,227.40
3939,485097707,757.90
3940,2820811638,466.00
3941,189662575063,312.80
3942,164604119,928.50
3943,391578503,689.20
3944,422695095,1609.10
3945,454480180,2606.80
3946,531084861,5000.00
3947,361062393,1449.60
3948,527462021,4622.60
3949,370558951900,295.70
3950,499147221,2331.40
3951,514929348,910.10
3952,12488326730,185.30
3953,370679156,1179.90
3954,12510882274,181.10
3955,394651691,2209.30
3956,382173720658,292.30
3957,511753530,983.20
3958,414297158,1931.40
3959,3061893510,163.40
3960,531084861,5000.00
3961,1315656777,487.80
3962,531084861,5000.00
3963,403190790,2599.90
3964,492940867,2143.60
3965,177308037,987.20
3966,1057426697,493.00
3967,420728303,2101.10
3968,250177105,953.90
3969,11483737569,202.00
3970,19172198950,411.60
3971,423803397,750.30
3972,469131069,587.00
3973,938743279,492.00
3974,531410687,2343.30
3975,210602058,1645.50
3976,19915090561,90.30
3977,220422402,883.00
3978,391543758,1982.20
3979,225073839606,302.50
3980,327542861,1052.10
3981,417144300,1692.50
3982,448529914,984.00
3983,2031619866,141.50
3984,493029847016,329.00
3985,8942656968,155.60
3986,210825236,748.50
3987,322220831459,270.70
3988,524686207,971.60
3989,2045468575662,10.70
3990,495629103,3587.00
3991,198182396,1309.60
3992,67791911514,215.10
3993,394586121,2303.10
3994,3778622743,139.70
3995,22287612624,64.60
3996,395044729,1068.60
3997,353925084,1357.70
3998,1077667635601,25.10
3999,178121353,1777.90
4000,337803126,1314.80
4001,518464971,959.60
4002,372047698,1318.00
4003,131052731,1452.30
4004,113357762713,264.50
4005,488400091,2435.40
4006,18015082072,195.10
4007,1239546857,483.30
4008,4560312190,430.00
4009,466266446,582.70
4010,430063423,2561.50
4011,129052641,1070.20
4012,3487423797,445.80
4013,531084861,5000.00
4014,486216421603,308.10
4015,203640810,1229.80
4016,641262268,3219.10
4017,541449415,721.70
4018,25960018513,82.60
4019,141286989,591.00
4020,456949526,2629.50
4021,9155724393,442.10
4022,3512491232126,3.80
4023,435532449,708.50
4024,160935353070,358.60
4025,418850440110,315.00
4026,452129987,534.80
4027,4130853185,123.90
4028,455128824,975.10
4029,474399286,580.60
4030,154061662,769.80
4031,442504159,2212.80
4032,507137655,833.60
4033,531084861,5000.00
4034,192721354,1148.20
4035,177317938829,286.20
4036,114378586136,273.70
4037,468794293,715.40
4038,531084861,5000.00
4039,554308246,542.20
4040,18905320726,67.30
4041,23565812363,58.70
4042,226939903,561.70
4043,92504666260,267.20
4044,513075932,971.20
4045,631904302,528.80
4046,11170877487,161.90
4047,141565900,1302.50
4048,436289960,857.90
4049,509492514,546.80
4050,531084861,5000.00
4051,190449001,1195.70
4052,3197467546,127.10
4053,496456438,739.40
4054,503708687,2276.30
4055,1301705572,485.60
4056,462799290971,309.20
4057,517470339,4935.90
4058,160278100,1020.70
4059,396260903943,324.70
4060,453104072,2026.80
4061,461977794,635.60
4062,412287532,2078.20
4063,411552037,2742.30
4064,266142082,967.70
4065,341575533,1571.30
4066,470606169,4576.20
4067,188162358,1168.50
4068,234275896,2429.00
4069,337597497,1329.70
4070,368203770074,342.70
4071,4365827257,119.60
4072,168908915,1014.30
4073,493953511,602.10
4074,850089454,477.70
4075,255624684,666.10
4076,181393195,1632.70
4077,483777049,926.60
4078,207285267,561.20
4079,395964922,1552.20
4080,24859009794,409.80
4081,398142906,985.10
4082,395928727,1068.50
4083,350762011,1582.80
4084,410316098716,328.70
4085,5181732045,103.50
4086,2227588558009,20.00
4087,203511007496,343.60
4088,531084861,5000.00
4089,24011925337,50.30
4090,54329288297,405.70
4091,460727086,2121.20
4092,517478329,4623.90
4093,461878013,571.80
4094,209673252,808.20
4095,416900228,2675.70
4096,1243514778,465.80
4097,214212276,2943.30
4098,373443839,1203.50
4099,108732770805,258.90
4100,503424763,697.30
4101,290554545835,360.60
4102,449155458,2266.00
4103,473722674,651.60
4104,393599861,1365.30
4105,432047634,501.00
4106,140766753208,358.20
4107,7547850656,104.30
4108,143910804,786.40
4109,390948493,881.20
4110,396081530,2605.80
4111,187038558,1059.00
4112,35788723470,218.90
4113,454647116,2163.00
4114,419312666,1149.60
4115,47971987768,62.60
4116,492943100,2884.60
4117,407935651,664.90
4118,10659363973,189.00
4119,1722712793,475.40
4120,453675197,878.00
4121,14342925088,187.30
4122,549992746,3991.10
4123,4130853185,123.90
4124,360578662,1288.70
4125,436834400,2690.80
4126,519143903,2020.90
4127,8685893944,141.30
4128,27473635506,224.30
4129,87467406128,238.50
4130,216968637,705.70
4131,2234992702,468.90
4132,389620960,624.60
4133,481919903,672.40
4134,500121605,2255.50
4135,378633660,1026.60
4136,4851936456,450.00
4137,456168087,797.10
4138,182743372773,289.80
4139,1661188008303,24.70
4140,387715294,874.50
4141,421599026,797.50
4142,248007828,610.50
4143,390231655,1111.90
4144,323352556,1148.60
4145,348289957,1509.00
4146,531084861,5000.00
4147,1927014698064,31.50
4148,409821596,724.40
4149,84659511343,381.30
4150,212643944,1030.90
4151,48493340821,81.00
4152,1053418277140,29.00
4153,2362044201,117.10
4154,572090044,520.00
4155,213220016,931.30
4156,349709631,1771.80
4157,416407549734,292.70
4158,8507946036,145.30
4159,10997063751,178.20
4160,246456973,579.10
4161,425507864,496.40
4162,196600300,796.00
4163,447651404,764.40
4164,257651790,884.20
4165,422665890,1310.90
4166,10498941422,151.80
4167,224934232436,310.70
4168,647618517181,47.10
4169,36457866418,97.10
4170,303643225,526.90
4171,527464458,925.70
4172,483323688384,11.40
4173,621897646,3310.60
4174,361380377,1420.90
4175,531084861,5000.00
4176,408353746650,293.70
4177,555513090,483.70
4178,107451584670,372.50
4179,378615462,1925.20
4180,543567824,3678.40
4181,99300165043,229.40
4182,208437444899,342.10
4183,510602241,668.60
4184,1178788069568,4.20
4185,206852207,1011.20
4186,1272456587,487.50
4187,164604119,928.50
4188,404688933,2074.20
4189,495602740,3812.30
4190,426984260,1015.80
4191,487738729,783.40
4192,243256804,529.90
4193,509184742,949.70
4194,477108683,586.20
4195,1777084037,471.30
4196,377523876,1106.50
4197,2720375774107,26.90
4198,9101537235,429.20
4199,160278100,1020.70
4200,402057514,1471.80
4201,15176382765,408.90
4202,160277154943,360.20
4203,430887362692,339.90
4204,401746272,502.50
4205,531084861,5000.00
4206,402983918,4497.50
4207,199422789,1255.00
4208,541389418,582.80
4209,61917128086,67.70
4210,17807826572,99.20
4211,397514786,1907.10
4212,20386314838,50.10
4213,320314858,1491.90
4214,253793998,622.40
4215,531084861,5000.00
4216,38460168742,92.60
4217,45909177854,86.50
4218,487269330,3918.80
4219,577652811,3881.00
4220,343071209,1182.10
4221,224370239,763.20
4222,256962231456,321.90
4223,115517164793,228.30
4224,352408025,1041.80
4225,3682255717521,8.30
4226,15453415219,106.10
4227,86732884229,223.80
4228,460926234,948.80
4229,77349992857,214.80
4230,407848901,2358.20
4231,398548444,2635.80
4232,18905320726,67.30
4233,528313494,2668.30
4234,388276838,1820.10
4235,522968901,724.80
4236,3772518837,150.80
4237,469120961,730.80
4238,511255641,788.60
4239,379831601,1501.70
4240,3396535505,135.50
4241,171540824661,289.40
4242,10930204673,156.90
4243,260849163621,358.40
4244,312955881,1495.80
4245,148705153922,381.90
4246,267047479,805.10
4247,395712292,1789.10
4248,270390282,631.00
4249,77451018496,251.20
4250,504603605015,330.30
4251,539056575,2211.60
4252,534526363,2318.40
4253,2031619866,141.50
4254,167637429,1189.50
4255,412628874,1621.50
4256,480271808,875.80
4257,49740850597,221.00
4258,445265364,671.80
4259,384701019,1134.00
4260,687219900,505.70
4261,66063877506,385.70
4262,3816356750,113.70
4263,371182000,1122.30
4264,415877884,1254.10
4265,409903198,4741.70
4266,236118601,513.90
4267,531084861,5000.00
4268,17046956510,212.70
4269,78436418814,236.00
4270,364833429,1364.50
4271,267652371,637.30
4272,9162461617,152.00
4273,207402889,980.40
4274,517752214,3497.00
4275,380260227,1483.90
4276,386953030,1642.80
4277,413817997,2701.10
4278,10669301525,436.50
4279,167785955,1651.00
4280,416404540,909.50
4281,491961655,3343.20
4282,416474163,1727.80
4283,15069014491,186.60
4284,432488115,1682.90
4285,327700396,1553.50
4286,54726758708,386.30
4287,312969017,1377.10
4288,117921165,638.30
4289,42024350032,55.30
4290,30916427544,208.10
4291,494650699,561.00
4292,124373021200,262.70
4293,58513796338,407.00
4294,519428602,827.50
4295,483333962,988.00
4296,509967405,2364.00
4297,404984741,1785.90
4298,394437773,726.70
4299,494833150,577.30
4300,5849060427,445.30
4301,440580170,852.90
4302,436536387,870.90
4303,504011436157,313.70
4304,373522712,1908.10
4305,461926145,790.60
4306,462935922477,319.90
4307,531084861,5000.00
4308,17632774573,176.00
4309,50291814274,221.40
4310,244388034690,331.20
4311,377173767,1563.10
4312,15919233498,416.50
4313,426608372,705.40
4314,409298995,2157.70
4315,2917213445,118.60
4316,390840150,1099.00
4317,4475530825,114.50
4318,347364078,1270.50
4319,531084861,5000.00
4320,66063877506,385.70
4321,452915607,908.30
4322,215032608,753.80
4323,539064401,2051.80
4324,4369043068,102.20
4325,1693366802,475.20
4326,183205555359,337.70
4327,392904623,939.80
4328,7926522478,128.20
4329,588357381,539.40
4330,375490383,1088.70
4331,511396103,2951.40
4332,515208472,2322.90
4333,9101537235,429.20
4334,311058101940,44.40
4335,192004472280,253.40
4336,7503953975,125.00
4337,109103626751,248.50
4338,500133921,543.40
4339,266746355,613.60
4340,408427623,712.70
4341,391506536,1413.30
4342,6748546114,144.50
4343,993680598,469.60
4344,1805401294530,22.90
4345,23594606112,62.30
4346,444486887,2319.70
4347,218489599753,293.20
4348,465432092,950.50
4349,395056403,1006.70
4350,403773865,4086.30
4351,177908304,1066.40
4352,333375019,1174.10
4353,116783126743,390.60
4354,622843801,3118.30
4355,19172198950,411.60
4356,9528979327,119.20
4357,528973854,961.70
4358,346934837,1361.50
4359,163202279,811.60
4360,377982578561,283.10
4361,398262175,665.80
4362,408550058,2598.90
4363,504740303490,27.90
4364,322254283,1390.00
4365,120912458610,385.00
4366,12327989811,186.40
4367,413117812,1462.00
4368,211129951,1310.30
4369,187448761,1173.60
4370,210465196,1169.40
4371,581384737,3177.20
4372,49739227551,63.00
4373,12799341329,158.20
4374,530483258,704.20
4375,531084861,5000.00
4376,293215141971,279.20
4377,214973921,922.40
4378,39849763538,53.40
4379,348966127,1119.40
4380,504152426,923.60
4381,157640659,752.80
4382,338692138,1593.30
4383,514404963,2455.30
4384,429135367,1768.60
4385,10182327285,435.50
4386,408984417497,307.80
4387,153246479,595.20
4388,7376494829,148.60
4389,351447134,1688.70
4390,413505384,1407.10
4391,193960502,2099.50
4392,699276890,515.30
4393,531084861,5000.00
4394,12052183385,49.20
4395,220111209,943.50
4396,416872069,2852.70
4397,402319343,837.20
4398,13338443140,50.90
4399,45935188550,90.10
4400,8417229544,103.90
4401,417034329,997.40
4402,424565517,579.30
4403,407768070,862.60
4404,473169148,2225.30
4405,52082676393,369.70
4406,522162851,776.80
4407,226771702,934.90
4408,420068786,1152.40
4409,1004131595138,38.70
4410,536555199,589.20
4411,107888143,1289.30
4412,2551823643,468.60
4413,494443501,4059.60
4414,122039052565,382.50
4415,111512037,1313.50
4416,416111378,2744.50
4417,209703097,813.00
4418,362316321630,353.20
4419,402995775,1601.20
4420,390520771728,313.00
4421,447749438,2434.90
4422,397000563,584.90
4423,168541319220,40.90
4424,345912721,1506.10
4425,34031316197,399.80
4426,72649446424,248.90
4427,46066958908,396.60
4428,465270983,2594.80
4429,387055691,750.70
4430,3548090806335,8.90
4431,22287612624,64.60
4432,15219453337,431.00
4433,637070375,520.80
4434,446175666,935.90
4435,332463701,1437.10
4436,117921165,638.30
4437,466009754,2441.80
4438,2150167341367,21.00
4439,404317337,1511.90
4440,511049202,674.00
4441,347082307,1024.60
4442,524399975,4703.40
4443,238059192,733.70
4444,506920161,2540.00
4445,373815481,1799.10
4446,204071931,887.50
4447,481918958,764.90
4448,284361441749,275.30
4449,383369852,1277.80
4450,322887254,1340.80
4451,480114569,716.30
4452,7041866312,433.50
4453,20008405209,195.30
4454,172989160,816.30
4455,353647941,1288.30
4456,550925269,3185.80
4457,178121353,1777.90
4458,188162358,1168.50
4459,140813556795,321.20
4460,417299947,959.90
4461,275473763,3707.20
4462,210465196,1169.40
4463,1073444721,488.00
4464,29148787007,96.90
4465,597003194,3060.60
4466,202551621863,297.20
4467,391397030,1453.80
4468,404205213,1421.30
4469,2993028299,133.70
4470,416356977,1555.70
4471,7983056884,127.30
4472,238522820,617.40
4473,226962404621,248.80
4474,82556013727,399.00
4475,1415187142136,19.00
4476,4462485619939,6.80
4477,529666098,818.60
4478,525201204,2409.30
4479,491220874,885.60
4480,531084861,5000.00
4481,19598388307,175.80
4482,4403393616,122.20
4483,17623091999,64.00
4484,503041789,2161.60
4485,56789264007,65.90
4486,333243548,1691.20
4487,12828409065,190.10
4488,460208153,2103.90
4489,6667010627,184.60
4490,296075976508,263.10
4491,18198519512,91.50
4492,429630855,1205.00
4493,7002442242,130.70
4494,24462925144,400.60
4495,19522073598,89.60
4496,26120810652,185.10
4497,498551112,572.70
4498,525163175,4791.30
4499,2090545201707,45.60
4500,440572903,545.80
4501,100644620609,252.60
4502,531084861,5000.00
4503,349503675,1172.50
4504,488029172,616.80
4505,24859009794,409.80
4506,404132763,968.20
4507,25813502923,56.70
4508,423096500,2012.00
4509,508307259,2729.80
4510,492100953,626.50
4511,508429011,971.80
4512,17771016040,429.40
4513,498600505,798.30
4514,267263791,856.40
4515,572104987,3782.10
4516,350413745,1435.00
4517,214099504,1204.30
4518,316823888,1457.70
4519,315663764,528.10
4520,555513090,483.70
4521,486605437,897.20
4522,216718604383,324.20
4523,117462540566,266.30
4524,7321598100,120.00
4525,261523720013,261.30
4526,204265875076,305.90
4527,1641295334,463.20
4528,837573042,505.40
4529,418071885,977.50
4530,325680574,1814.30
4531,531084861,5000.00
4532,411715016660,339.60
4533,19005564883,57.00
4534,509424715,3074.70
4535,199338913809,36.10
4536,197772998,1074.70
4537,621003623,3086.70
4538,7803590144,143.30
4539,522995908,609.30
4540,493367300898,316.70
4541,545430395,3172.40
4542,260756966,680.90
4543,42184842009,80.00
4544,233539276,2039.70
4545,206852207,1011.20
4546,587801138,3060.50
4547,316454779,1146.10
4548,192935225307,348.80
4549,2992952252156,21.70
4550,6583285640,127.60
4551,480315874,663.50
4552,519134222,928.60
4553,8572514571,144.40
4554,460004975,2087.00
4555,189583714,1142.60
4556,458775269,617.50
4557,54991411072,61.60
4558,22880670456,184.00
4559,256599143,887.00
4560,381439983,1423.60
4561,339626485024,271.10
4562,1480916504,462.80
4563,560634789,525.00
4564,389872902174,293.60
4565,435778138,493.90
4566,410672755,4038.80
4567,376681712,1204.60
4568,178756145,1126.80
4569,45771617653,85.80
4570,70301007615,214.30
4571,270877134,826.20
4572,529751098,3045.80
4573,412440852,2289.60
4574,611421467,514.40
4575,475257196,674.30
4576,52874537044,211.60
4577,518770933,3021.70
4578,15392687500,188.30
4579,494111558,584.60
4580,507916490,569.40
4581,189662575063,312.80
4582,82377510942,246.10
4583,359908644,1549.10
4584,428656995,688.20
4585,6075533797,112.40
4586,711057899,504.70
4587,132853807192,235.20
4588,542309318,583.50
4589,522998197,682.10
4590,525583807,816.10
4591,138763796642,359.10
4592,3936716320,146.80
4593,340084430,1110.70
4594,225937791,642.80
4595,96424978226,266.70
4596,473188657,574.50
4597,531084861,5000.00
4598,462970601,2558.30
4599,9281643054,190.90
4600,673258328,514.90
4601,355592882,1350.80
4602,495922047,662.40
4603,114151446487,225.80
4604,6858469923,161.60
4605,9671346830,179.20
4606,63001085703,399.70
4607,2688925134,452.50
4608,241226463,532.30
4609,407904981,1614.70
4610,1311739346656,46.90
4611,111368333742,270.10
4612,510392112362,316.00
4613,231649172,654.00
4614,451529758,2751.30
4615,362554775,1678.10
4616,3473567519120,35.50
4617,508522947,685.70
4618,394782405,2198.50
4619,410832800,2025.30
4620,371705232,1579.80
4621,217296034541,257.00
4622,555619139,524.10
4623,486599395,699.70
4624,168541319220,40.90
4625,316402034,1203.30
4626,3731897199,130.10
4627,311058101940,44.40
4628,531084861,5000.00
4629,438338072,2999.10
4630,607783333,509.50
4631,353353558,1738.80
4632,12518417895,85.00
4633,395102351,1144.60
4634,388852348,917.40
4635,597071448,3148.50
4636,597059290,3306.20
4637,466000413,4450.10
4638,274190439,517.30
4639,383949054,1060.60
4640,64028585820,269.50
4641,229766724,742.10
4642,1310684648,487.90
4643,3559733654,444.80
4644,384014718,1421.40
4645,405773731,1491.40
4646,363357112,1819.80
4647,13964398861,109.50
4648,5144198272198,16.60
4649,538793353,623.10
4650,187448761,1173.60
4651,358228834,1556.90
4652,28060805609,193.30
4653,13737346604,166.70
4654,348246685,1229.70
4655,644015227,3729.50
4656,381978233,1209.30
4657,476191655522,325.10
4658,413261950,889.50
4659,452237499,835.30
4660,531084861,5000.00
4661,319499103,1138.60
4662,247915759675,367.60
4663,384167169,1160.50
4664,535087724,822.70
4665,449619711,667.20
4666,157294683819,308.00
4667,356459678176,289.10
4668,5729094622,158.40
4669,394246793,1484.80
4670,4112320839,434.40
4671,240734021448,360.90
4672,4289747535,106.50
4673,522931813,2010.50
4674,150940122895,244.90
4675,420164328,1582.30
4676,487099060,716.90
4677,446562677,971.10
4678,466813266,2302.10
4679,126668929,1239.00
4680,418480535,2615.60
4681,1111047163,485.20
4682,389212073,1364.30
4683,9078535422,419.80
4684,2347816695,135.90
4685,494638896,2130.90
4686,541006264,703.40
4687,531529823,3886.40
4688,249021323290,333.20
4689,48062630984,71.30
4690,14808502867,170.00
4691,41931591640,52.60
4692,457184907,773.70
4693,15919233498,416.50
4694,627445261,3067.30
4695,111368333742,270.10
4696,217554918,615.90
4697,395689249,1364.10
4698,117591342003,342.90
4699,11601993955,188.00
4700,5283826838,449.70
4701,328553204,1723.00
4702,5222816331,154.50
4703,481822054,963.70
4704,46030844012,70.40
4705,534299584,3500.70
4706,414761915,1678.60
4707,2681710485,465.20
4708,454039345,576.30
4709,402936648,1683.00
4710,80363365119,218.70
4711,436949467,736.30
4712,482552360829,335.10
4713,414557716,2979.10
4714,11483737569,202.00
4715,432701390,1104.10
4716,433877423,678.20
4717,48370796567,84.10
4718,510807282,786.00
4719,215625867,1260.40
4720,45162355992,221.20
4721,74782626555,244.00
4722,93388297278,223.90
4723,16473871470,416.40
4724,531084861,5000.00
4725,315663764,528.10
4726,529466704,576.50
4727,144960618140,262.10
4728,45892253537,75.50
4729,389737602,1389.30
4730,451331431,888.10
4731,19213878572,210.50
4732,569360066,3729.20
4733,617284727,3828.90
4734,435722821,806.80
4735,148513505607,383.90
4736,285450269843,41.80
4737,7658180421945,10.00
4738,5728978031,113.50
4739,400246255,1395.70
4740,15593788592,417.20
4741,4263114607,163.10
4742,319807733,1460.00
4743,491247696,570.30
4744,647745457,3135.00
4745,463804880,2907.80
4746,171530243,1407.90
4747,27032955664,192.60
4748,539995418,787.10
4749,5741050170,110.30
4750,180653439108,286.60
4751,457629863,2118.60
4752,394953229,1388.90
4753,175334405,644.70
4754,321544032,1601.00
4755,466976882,3447.10
4756,433990980218,328.00
4757,257992788,619.00
4758,363022271,1072.90
4759,539714974,638.80
4760,478776095,941.00
4761,169351913444,380.40
4762,564468272,492.20
4763,531084861,5000.00
4764,32718467679,91.00
4765,344528433,1142.70
4766,340738984,1133.50
4767,554675698,3185.00
4768,31955157410,196.40
4769,318748345,1683.20
4770,446795358,881.90
4771,531084861,5000.00
4772,515313804,742.70
4773,518307483,2264.10
4774,552279664578,38.10
4775,534948553,802.20
4776,531084861,5000.00
4777,413710834,1503.60
4778,531084861,5000.00
4779,914018979488,28.80
4780,106135071915,230.30
4781,22816800219,60.50
4782,517530733,2411.40
4783,425925433394,37.40
4784,140184490,688.60
4785,270295980,962.20
4786,209839703,888.00
4787,332172717,1091.00
4788,419321663,2417.90
4789,397763588,2612.70
4790,4124178014,151.90
4791,564605743,548.70
4792,32136336624,197.60
4793,531084861,5000.00
4794,1009117943926,33.80
4795,8156528335,117.70
4796,541137090567,30.30
4797,185759653157,241.90
4798,143910804,786.40
4799,350750917,1229.20
4800,52898359159,75.60
4801,208651511,1888.70
4802,413193228,895.50
4803,187217048,1695.70
4804,519205942,573.80
4805,117161491128,353.00
4806,531084861,5000.00
4807,373584258,1996.50
4808,531084861,5000.00
4809,12184063638,419.90
4810,429622099,1741.40
4811,471224884,578.20
4812,407881531,1422.50
4813,505234545,2681.50
4814,136468745,707.30
4815,177522849,1228.50
4816,17623091999,64.00
4817,466017403389,326.10
4818,229872666,539.00
4819,342944504036,350.30
4820,1396536705564,28.00
4821,2198496922,156.50
4822,517016520,2012.20
4823,253650516694,316.30
4824,182743372773,289.80
4825,391449983,4189.00
4826,367966072,1304.40
4827,513114277,3593.30
4828,531084861,5000.00
4829,888665484,497.40
4830,347729474,1026.10
4831,483026110359,308.20
4832,493791781,3090.50
4833,195200084,1549.20
4834,204295689,788.80
4835,419439185,2264.50
4836,76988165912,245.30
4837,54743056123,79.30
4838,3118242485035,34.60
4839,200999339,934.10
4840,13221477952,184.20
4841,129319709358,283.90
4842,342288560,1097.90
4843,508617864,613.50
4844,310405793,1022.70
4845,363638541,1877.90
4846,430056393,1278.30
4847,49493132526,83.60
4848,49373129543,224.90
4849,531084861,5000.00
4850,177300890,1297.30
4851,17079407255,61.70
4852,6127773543,105.00
4853,320630205,1592.30
4854,403353302,773.20
4855,421404880,1118.90
4856,531084861,5000.00
4857,413599155,1125.70
4858,421289737,1315.30
4859,401159968,613.90
4860,630194229,3621.30
4861,338397064,1385.10
4862,260622807487,272.80
4863,94654889106,392.20
4864,27338200022,56.60
4865,344695339,1214.30
4866,136468745,707.30
4867,408044982,660.60
4868,443191622,2307.00
4869,8983304168,174.20
4870,531084861,5000.00
4871,396396331418,323.60
4872,324946729,1626.50
4873,428757820,951.20
4874,531084861,5000.00
4875,233318952,880.20
4876,208867627,2804.90
4877,497926974,582.90
4878,357072551,1552.80
4879,221705520,989.00
4880,50348347587,409.60
4881,257546285,699.10
4882,394691504,861.60
4883,20034565746,178.80
4884,115661831888,256.30
4885,220923352576,329.30
4886,221687927,683.70
4887,45507904412,60.40
4888,840846259,499.20
4889,171285609,1004.00
4890,32533179975,217.50
4891,349942037,1103.40
4892,6542233015,137.20
4893,381119183,1264.60
4894,175740115,1076.00
4895,498408112,2106.10
4896,458343330,2655.20
4897,426295706,1604.80
4898,55397055176,77.20
4899,370374773,1591.00
4900,32140640566,215.20
4901,237603419,682.90
4902,389926438,2783.90
4903,277280135,531.40
4904,309853552,1098.00
4905,445258762,4477.20
4906,184537852,1455.60
4907,387695843,1322.40
4908,382041707,1595.60
4909,528683766,781.20
4910,396264370,2261.40
4911,7010018360,126.70
4912,254303759,532.90
4913,357312147,1592.80
4914,210402537,920.20
4915,531084861,5000.00
4916,10606754443,176.70
4917,147760609219,277.80
4918,175256764,816.80
4919,425798663,1932.90
4920,213842962,646.80
4921,262394791,929.80
4922,462232348,774.20
4923,432534021,870.50
4924,449991935,2325.40
4925,3921859343,123.60
4926,37224955350,395.20
4927,67214809456,385.90
4928,19583390964,428.70
4929,500360958,665.60
4930,239076542,666.30
4931,285989441,534.20
4932,149079173630,240.70
4933,138059057,1607.90
4934,537589614,536.60
4935,38279309249,412.40
4936,299424287,3332.10
4937,259293439,879.30
4938,531084861,5000.00
4939,341930736,1451.00
4940,471359883,564.40
4941,62262183009,231.50
4942,450011522,816.60
4943,531084861,5000.00
4944,486699659,573.20
4945,261386949,567.50
4946,50691201255,66.60
4947,397509806530,286.30
4948,197239234,810.70
4949,414280284,868.80
4950,253042757,2019.80
4951,31478817715,94.10
4952,23869389462,88.10
4953,347054481,1808.70
4954,144960618140,262.10
4955,29124811592,208.60
4956,415269670,1774.80
4957,274190439,517.30
4958,440816481,2023.80
4959,139662992499,356.40
4960,261929232,2532.60
4961,7733930448112,12.10
4962,477969106,960.40
4963,465111418,787.50
4964,207057488,1108.60
4965,480812362,2570.80
4966,4762183902,156.10
4967,263797486241,269.90
4968,413071593,2633.40
4969,9025565991,148.10
4970,34348220813,413.30
4971,32092537857,403.90
4972,510507445,935.20
4973,416941690,1070.40
4974,393433660,1113.40
4975,354728607,1767.50
4976,256156290,794.20
4977,322190693,1076.40
4978,313970765,1886.40
4979,212881594,1359.90
4980,612724505,3621.50
4981,315243444,1091.60
4982,413121752,1459.30
4983,376720452,1478.50
4984,53576583569,58.50
4985,467555446,2269.90
4986,23199663798,396.00
4987,533845759,751.20
4988,447037149,2463.40
4989,4049841337397,14.00
4990,8153543481,131.20
4991,255602858,701.70
4992,440110502,664.50
4993,192935225307,348.80
4994,529886191,2671.00
4995,52962758619,207.50
4996,530202909,929.90
4997,463558414494,333.90
4998,401698477,610.60
4999,466707753368,322.50
5000,2134978382,143.00
5001,395015821,1206.20
5002,8114401442,149.20
5003,387710710,2892.50
5004,318717688,1282.10
5005,419209584,943.90
5006,55399222323,242.10
5007,25361101322,400.10
5008,388524086,2701.90
5009,433747267,2456.10
5010,531084861,5000.00
5011,545714190,584.30
5012,65785036976,212.50
5013,897536174,500.80
5014,243426153009,317.20
5015,183163360,1012.20
5016,51768574180,406.20
5017,38359342989,398.30
5018,11687212001,164.70
5019,36829633229,395.80
5020,254948373539,258.10
5021,172024390,1654.10
5022,479514835,793.10
5023,353553440730,23.40
5024,11165615865,420.70
5025,552801218,3573.70
5026,414825576,1187.80
5027,522410554,3148.70
5028,1023938430,458.60
5029,8653840268,149.80
5030,414197473,1994.00
5031,7997248374,136.30
5032,346734109,1742.30
5033,448929666,881.30
5034,194298027,641.90
5035,15565955218,61.30
5036,60776430424,71.80
5037,363186090,1052.70
5038,183516778,1788.20
5039,158931639,1023.90
5040,512250106,3272.30
5041,531084861,5000.00
5042,64518873235,255.20
5043,246873634,622.10
5044,510625556,2519.80
5045,433819000,2867.30
5046,326217991,1106.20
5047,446948696,553.50
5048,337146331254,288.50
5049,505180243,4012.80
5050,613596134,3458.40
5051,215805021171,311.10
5052,596175556,3215.00
5053,153246479,595.20
5054,421341337,1139.00
5055,131734664,645.40
5056,679808678514,31.20
5057,421601431,1155.80
5058,14853779629,165.40
5059,505377080,826.90
5060,357001225,1228.30
5061,338816927,1193.10
5062,387036019,1740.10
5063,47954894971,204.70
5064,409606012,1135.70
5065,346268380,1185.40
5066,471410504,2446.10
5067,531084861,5000.00
5068,233507869,752.30
5069,2318515494909,16.80
5070,202779504,573.10
5071,103770569,1331.50
5072,542019055,669.80
5073,531084861,5000.00
5074,394593401,1427.70
5075,382689581,1717.30
5076,198766188,1123.80
5077,311329790798,359.60
5078,96424978226,266.70
5079,6147154252,48.40
5080,504617448,2381.00
5081,253650516694,316.30
5082,4671834007,117.20
5083,19707183330,51.90
5084,175010831287,249.60
5085,387857825,1721.50
5086,220680069,870.10
5087,69780394862,378.20
5088,9119262383,154.40
5089,648622600,3757.40
5090,470012391,2193.60
5091,426467655,747.90
5092,547268219,3238.70
5093,172849343,1177.30
5094,44421878796,79.10
5095,413116480,685.60
5096,422143946,1117.90
5097,520575548,2723.00
5098,122453073899,382.20
5099,44130663226,222.60
5100,1077667635601,25.10
5101,14508954839,205.00
5102,268914096,554.50
5103,408183533,1129.10
5104,375749131,1567.20
5105,402082409,1579.60
5106,1104463096648,36.20
5107,480821954,3510.30
5108,174286255,1882.50
5109,24824219399,410.10
5110,401931269,979.30
5111,482090591,865.10
5112,134370186,1001.40
5113,437704847,2072.50
5114,79705979800,251.30
5115,502951516,2777.10
5116,447605068,837.60
5117,424714174,586.80
5118,326279503,1051.60
5119,371186545531,300.20
5120,531084861,5000.00
5121,450882031,2172.10
5122,195200084,1549.20
5123,344429897,1111.60
5124,392114518,1512.60
5125,210219243,841.30
5126,498022607,523.90
5127,328687016,1048.90
5128,396365490,1492.90
5129,503267221,659.20
5130,369982607,1665.00
5131,320736428002,25.00
5132,393827320,792.80
5133,260376081,691.60
5134,1660580608811,35.20
5135,236118601,513.90
5136,520570160,3096.80
5137,156899560,1232.20
5138,109627010651,368.70
5139,401766930,1905.50
5140,470412790,906.70
5141,489881216,605.30
5142,512145657,2009.10
5143,313432707,1361.20
5144,23014446674,199.50
5145,409368950,2154.60
5146,20580056183,198.20
5147,163202279,811.60
5148,493929600,701.00
5149,401588730,776.30
5150,531084861,5000.00
5151,492828662,3566.20
5152,50464079821,226.00
5153,16209489595,92.40
5154,2943353910,463.80
5155,392489266,955.10
5156,275757449441,364.40
5157,245517548,577.00
5158,153246479,595.20
5159,214505392788,250.80
5160,485317420567,322.80
5161,192874936,1142.50
5162,531084861,5000.00
5163,22721200550,178.30
5164,110503008989,229.60
5165,331952562,1116.30
5166,339247256,1056.70
5167,1409265969,483.80
5168,339698565,1110.40
5169,11342396289,112.80
5170,2268315260,444.30
5171,406066076,1050.00
5172,418990447,1238.60
5173,530657857,2694.70
5174,414637343,2501.20
5175,679475735,478.30
5176,454594021,2614.00
5177,372634136,1277.10
5178,251297846,694.10
5179,9155383000,147.00
5180,539842749,3929.70
5181,13752148820,163.00
5182,59571928532,59.40
5183,457348043,673.40
5184,146413527016,385.80
5185,479538237,774.40
5186,255776662,785.20
5187,45162355992,221.20
5188,1879424225587,28.60
5189,313032650,1150.40
5190,507593047,3437.10
5191,531084861,5000.00
5192,474756959,644.90
5193,313950956659,274.40
5194,166615620,1636.10
5195,214740481815,329.70
5196,518234364,4614.70
5197,2702312514,447.50
5198,26071926179,423.10
5199,242175232428,308.40
5200,319363234,1112.80
5201,475525409,2291.50
5202,502155089,997.90
5203,491913618,3401.80
5204,491204390,560.80
5205,398507718,1333.30
5206,478969481,3736.20
5207,359465700,1558.20
5208,366765170,1234.10
5209,383160775,1228.10
5210,351323185,1600.30
5211,402496805797,321.30
5212,507034654,2116.00
5213,209108799,648.80
5214,1433317212423,24.40
5215,867892814583,19.30
5216,424527297,625.10
5217,319357939,1694.50
5218,531084861,5000.00
5219,387207097,1332.90
5220,58264285138,225.20
5221,129052641,1070.20
5222,505703972,3577.90
5223,7287316365,121.70
5224,328264580764,40.20
5225,417892294,1059.60
5226,74833728337,235.80
5227,234909053,555.30
5228,118252086,1260.20
5229,285478071478,267.00
5230,509518691,3014.00
5231,440059300,2149.60
5232,501704155,490.60
5233,339184715,1975.40
5234,44618356456,75.70
5235,412440460909,313.50
5236,88622599063,392.00
5237,391837571,2020.80
5238,240576269,571.70
5239,425881007,1719.30
5240,453954368,2260.40
5241,11115502996,111.90
5242,333917965,1239.20
5243,531084861,5000.00
5244,447901884333,341.90
5245,340502698467,277.20
5246,179063265,1130.60
5247,24462925144,400.60
5248,266100038,758.70
5249,316396992,1073.80
5250,531084861,5000.00
5251,501628791,637.10
5252,432845664,1573.80
5253,15903118717,68.50
5254,12307451934,158.10
5255,6876731817203,15.10
5256,314538586,1204.20
5257,459853020,4871.00
5258,341983532,1243.10
5259,431241354,1544.90
5260,200755578,743.90
5261,169254309,1437.50
5262,505184415,4929.00
5263,482477510,622.70
5264,8437557826,443.20
5265,407094910,1026.30
5266,405516000,583.00
5267,262394791,929.80
5268,3396535505,135.50
5269,433099927,2688.80
5270,531791130,967.40
5271,401345463,1661.30
5272,319891841898,40.60
5273,393739941,810.30
5274,456972292,2245.20
5275,531084861,5000.00
5276,475815080,817.50
5277,243339903,903.40
5278,486282898,689.70
5279,512753154,736.50
5280,389492906,2029.00
5281,3236558626,103.80
5282,49302581883,210.10
5283,238261208,817.10
5284,25158010911,187.60
5285,15415343675,72.00
5286,374250648,1065.00
5287,475312774,3848.90
5288,15237644388,196.70
5289,522436479,3115.20
5290,491358572,4608.00
5291,486205852,574.90
5292,432765533,1378.40
5293,13405419158,164.50
5294,42170473725,234.50
5295,80582609612,222.30
5296,531084861,5000.00
5297,593313734,3510.70
5298,403059865,2574.40
5299,40210522985,50.40
5300,372403153,1302.20
5301,90314480371,221.90
5302,528557873,874.20
5303,351070049,1312.60
5304,485926272,585.60
5305,364101042108,339.70
5306,904766100,496.60
5307,520716132,2201.20
5308,598906229,3506.40
5309,26022291854,68.00
5310,132123495129,323.10
5311,539883645,3188.50
5312,395742690,1665.70
5313,531084861,5000.00
5314,52910098065,210.20
5315,400970956,627.10
5316,154061662,769.80
5317,264118931436,366.00
5318,199498563,939.30
5319,558306449,3362.10
5320,11928313002,186.20
5321,499234994,2617.70
5322,253042757,2019.80
5323,357616449,1507.00
5324,531084861,5000.00
5325,15306758407,106.00
5326,531084861,5000.00
5327,387573854,1329.10
5328,525149303,4354.40
5329,33458016974,190.70
5330,160707464272,275.80
5331,268249891,694.50
5332,20744724501,84.30
5333,467876514,581.40
5334,472555340860,338.30
5335,391678349,1464.60
5336,530002025,577.20
5337,232755192702,307.30
5338,172465495284,358.80
5339,15069014491,186.60
5340,84724224458,247.10
5341,156660427,626.80
5342,197783958949,283.40
5343,531739486,804.40
5344,516029866,2994.70
5345,488072536,737.60
5346,731179626,482.50
5347,141377780,516.50
5348,6141704768264,1.70
5349,486094092,2086.40
5350,64365913049,381.00
5351,405006477,1883.10
5352,521646515,630.20
5353,420811334,2252.70
5354,644986832,3631.00
5355,246975668,2134.70
5356,183516778,1788.20
5357,364998729,1136.10
5358,264309349,824.30
5359,20549486998,212.60
5360,531084861,5000.00
5361,490963371,601.90
5362,331117024,1577.30
5363,12169235204,158.50
5364,5960640738,449.60
5365,1057093014,494.20
5366,394728369,2286.60
5367,565678944,3591.10
5368,151174044,687.70
5369,34094749274,412.10
5370,432073415,632.40
5371,388091113,1306.20
5372,1408168008014,20.10
5373,168435605927,312.20
5374,319457127,1247.90
5375,629364529,3201.80
5376,49740850597,221.00
5377,321290369,1569.10
5378,387124536,1622.10
5379,157938786,1408.00
5380,318804329,1327.60
5381,442146868,641.60
5382,259470281528,327.90
5383,473920690,869.70
5384,527747978,2316.10
5385,111011862,1618.00
5386,235499936,707.60
5387,360136035,1175.00
5388,196600300,796.00
5389,906669604324,39.80
5390,644379515,488.30
5391,205270856413,288.10
5392,131617679,587.60
5393,407366524,1528.90
5394,425748302,1152.30
5395,379776637939,319.40
5396,214459426,566.80
5397,141286989,591.00
5398,390754799,2935.10
5399,28133533812,73.80
5400,487005276,2133.60
5401,542584151,3852.70
5402,355932158,1657.70
5403,2961421275645,31.00
5404,334346452,1709.30
5405,3467689461,461.00
5406,331897383,1943.50
5407,27930376024,186.30
5408,12762374523,51.70
5409,6131478307,128.80
5410,2018028178,144.90
5411,454647102455,36.00
5412,147883525327,266.40
5413,415490555,1613.00
5414,2031619866,141.50
5415,4039492796,444.00
5416,417169153,1342.90
5417,156819415460,239.90
5418,19501523380,84.00
5419,32209683893,194.70
5420,395349791,1742.20
5421,417475767,548.00
5422,414620063,1765.70
5423,8730485638,125.70
5424,440760605569,334.80
5425,414540709420,301.30
5426,109627010651,368.70
5427,390395810,588.30
5428,467661109,2680.60
5429,370684374,1858.20
5430,8844304566,175.20
5431,1113695655387,42.40
5432,514331940,663.40
5433,716395045781,22.60
5434,23375660742,421.50
5435,401084127,1041.50
5436,319068294,1872.10
5437,504977854,758.00
5438,190460656,1434.20
5439,395974338,741.10
5440,609910326,3645.30
5441,37155905023,197.10
5442,442247657,499.70
5443,138409894222,384.20
5444,9582790483,440.80
5445,371067529381,314.70
5446,210929534,925.80
5447,531084861,5000.00
5448,5611444846,172.10
5449,4825284503,454.80
5450,334457199,1774.20
5451,1405924610422,43.50
5452,2495696408,453.40
5453,25358068742,183.80
5454,407622831,761.00
5455,71000735664,240.60
5456,9566740373,147.40
5457,340324686,1968.50
5458,532677843,852.80
5459,434493333,4954.30
5460,389338353,622.50
5461,371710024,1997.00
5462,356088148,1458.10
5463,425433171,545.70
5464,390986807,2180.90
5465,9954540157,152.20
5466,401043885,1180.70
5467,164016628,1281.00
5468,2040216865,472.80
5469,250548229,684.60
5470,11683507808,433.30
5471,351123116595,344.50
5472,336023604,1843.30
5473,404644306,1300.60
5474,483198090,750.10
5475,427900153,1252.10
5476,436057346,2583.40
5477,615535488,3234.50
5478,103157985575,370.80
5479,133952514,826.60
5480,336465114,1027.40
5481,28922958234,192.50
5482,531844128,526.10
5483,531084861,5000.00
5484,12461604870,107.70
5485,230548417,554.40
5486,464573568,2620.00
5487,25960018513,82.60
5488,348479249,1366.00
5489,265303020,865.60
5490,4966093773,113.60
5491,678139937,519.70
5492,459087257,4070.00
5493,480150774,720.10
5494,225097627081,319.70
5495,510342054,3628.60
5496,403349088,1201.70
5497,38040693772,85.50
5498,144213726627,243.20
5499,524490056,2745.60
5500,4070436606,119.50
5501,483154703,633.10
5502,25521022203,77.80
5503,5888638376200,12.60
5504,168541319220,40.90
5505,448563482,648.20
5506,474833446,2042.00
5507,478420626,2756.60
5508,22421740859,179.30
5509,346038808,1339.50
5510,413504309,943.40
5511,23495223986,61.40
5512,16316470103,68.30
5513,450263779,921.40
5514,1606117846,124.60
5515,198070197,652.80
5516,16901062017,72.90
5517,332183295,1192.80
5518,207402889,980.40
5519,477076611,684.40
5520,634846272,3298.10
5521,238234937203,255.40
5522,389175915,2409.40
5523,184567490,1602.30
5524,351906009,1171.30
5525,13946726688,81.20
5526,531084861,5000.00
5527,179266708,546.00
5528,208698270,650.40
5529,529763599,3133.80
5530,531084861,5000.00
5531,375355202,1422.40
5532,132825064,789.10
5533,497876804,920.40
5534,513141709,2383.70
5535,415692576,1145.50
5536,50294619976,205.70
5537,40280022770,200.20
5538,386851553,4287.20
5539,265659175542,359.20
5540,352592128,1113.00
5541,8881613212,149.00
5542,183163360,1012.20
5543,153203916,628.70
5544,375459601,1758.90
5545,4422833039,144.80
5546,396871450,2971.00
5547,156660427,626.80
5548,254641424,2080.10
5549,399901438,4734.00
5550,346393106,1477.10
5551,429254434,2060.40
5552,366432320,1547.50
5553,530241045,953.80
5554,416051968,1210.90
5555,116554300305,256.10
5556,396721415,834.70
5557,226939903,561.70
5558,18577604570,100.20
5559,352567996,1077.40
5560,2280733832443,10.30
5561,531084861,5000.00
5562,406067934,2479.90
5563,504834140,3629.50
5564,165749206,1386.60
5565,35300894217,88.00
5566,24847638234,55.00
5567,19020830213,73.30
5568,325839586,1891.80
5569,385772774,1132.60
5570,305188094,529.30
5571,532480522,3769.60
5572,582477207,516.00
5573,420521071,1773.90
5574,110532854355,348.90
5575,159936517963,317.90
5576,228397091,538.30
5577,216964409,773.10
5578,156653200589,245.60
5579,438826905149,301.00
5580,378117109312,325.70
5581,502938196,3662.00
5582,340847270,1644.30
5583,531084861,5000.00
5584,487010570,2338.10
5585,358911590,1562.00
5586,222105047624,330.10
5587,8417229544,103.90
5588,253757480,2146.40
5589,412200640,4932.60
5590,330095336,1506.80
5591,271545116886,262.20
5592,27145450185,81.40
5593,152342278,589.60
5594,58386550025,387.10
5595,594337671,3153.60
5596,5300112897,453.60
5597,450212495,627.40
5598,60361056125,63.60
5599,349640826,1722.40
5600,8077313122,127.80
5601,382064848,1701.10
5602,530548610,770.30
5603,537978821,984.70
5604,521467764,751.50
5605,229872666,539.00
5606,245374811,971.40
5607,516585031,642.10
5608,407942570,1777.00
5609,469808197,3211.20
5610,402229663,4334.40
5611,397148159,1498.90
5612,428210447,855.10
5613,203863780,842.40
5614,599994719,525.80
5615,7774781099,132.10
5616,531084861,5000.00
5617,488803408,825.00
5618,205004959,1399.60
5619,148309486304,282.50
5620,484264610,858.30
5621,9104201583,100.90
5622,465411556,2633.00
5623,416667203,1415.50
5624,412182375,742.50
5625,97884389,569.00
5626,509130464,2905.10
5627,321935386,1067.50
5628,408200761,1924.00
5629,431585012,642.70
5630,2088529472228,27.80
5631,373510578,1675.70
5632,37979455152,241.00
5633,340541000,1897.20
5634,10497147250,437.60
5635,266844940,793.90
5636,531084861,5000.00
5637,39522248926,395.10
5638,520137128,2152.20
5639,939596580519,39.50
5640,206678700,898.60
5641,430154924,2141.30
5642,246873634,622.10
5643,531084861,5000.00
5644,537988676,3813.10
5645,477523347,4448.20
5646,10284481768,116.60
5647,214973921,922.40
5648,501741562100,328.60
5649,58787209523,206.70
5650,828075660639,34.20
5651,387765239,2622.00
5652,430031799,1017.30
5653,460062986,2324.70
5654,358998789,1428.50
5655,449220340,553.20
5656,2612372851352,9.50
5657,491351721,4154.90
5658,443432555,567.10
5659,424644331,1218.90
5660,38277994908,409.20
5661,540620668,2266.60
5662,347706808,1005.70
5663,401380682,576.00
5664,529182643,671.90
5665,531084861,5000.00
5666,440548861542,331.60
5667,463638312,564.00
5668,414935413,919.50
5669,7171138246,169.10
5670,424734664,2104.70
5671,531084861,5000.00
5672,110558131652,328.50
5673,185044008121,314.10
5674,593856237748,47.70
5675,3256637337,134.30
5676,421057095,829.50
5677,406910103,2482.40
5678,419131647,4489.20
5679,244979031,2182.80
5680,352285865,1742.00
5681,1542520943,483.00
5682,361867805,1061.80
5683,461977665,947.10
5684,4489948218420,2.40
5685,504459456,2706.00
5686,58540878768,74.50
5687,4532007394,442.60
5688,620161938,514.30
5689,590614793,3284.70
5690,316993548,1249.10
5691,515960673,4021.50
5692,458026659,533.70
5693,541923505,604.20
5694,418963426,673.90
5695,12440135590,166.20
5696,396774832,1391.30
5697,4663126848,454.30
5698,422135667,1133.60
5699,531084861,5000.00
5700,5181732045,103.50
5701,89619368202,396.90
5702,452581848,575.70
5703,409768799,1927.10
5704,460803345,698.90
5705,427104113,1918.00
5706,382065231,1397.90
5707,251255396705,315.70
5708,28152306649,205.10
5709,522306233,3387.60
5710,328933822,1818.40
5711,3559733654,444.80
5712,564468272,492.20
5713,362008141,1850.00
5714,376545867071,354.30
5715,426796098,4569.50
5716,51423976616,408.70
5717,208681321,988.60
5718,604028415,483.20
5719,531084861,5000.00
5720,410279285563,345.30
5721,440737963,2721.30
5722,46374708782,74.70
5723,497489536,3234.10
5724,102262983767,288.30
5725,270295980,962.20
5726,638608659,3001.30
5727,490667142,2269.50
5728,457187052,691.20
5729,6586894329,132.40
5730,421378898,1726.20
5731,416452644,820.80
5732,6758809804,174.00
5733,319743656169,275.50
5734,217554918,615.90
5735,330365132729,271.90
5736,414000172,1565.40
5737,460578707,963.40
5738,106303035512,348.70
5739,347145676,1442.60
5740,13338443140,50.90
5741,185618972,1160.70
5742,390009392,2901.50
5743,525421726,913.50
5744,6810943857,108.80
5745,35902197880,413.90
5746,400105174,2028.10
5747,515185056,4041.10
5748,311384951,1444.30
5749,387861072,1385.30
5750,54188399943,64.90
5751,9648089957,157.30
5752,531084861,5000.00
5753,1746837732041,32.10
5754,62736526446,212.80
5755,500948942,655.20
5756,199498563,939.30
5757,471594345,3643.50
5758,204381239575,315.50
5759,18307509641,199.80
5760,420625905,1134.20
5761,19927259277,173.90
5762,532532172,690.90
5763,46884852558,57.60
5764,5002015191,152.90
5765,524906573,935.40
5766,342835669,1200.10
5767,418481002,909.40
5768,60663981235,210.30
5769,390901078,878.40
5770,359739286,1642.10
5771,524689819,784.00
5772,392379890,902.00
5773,509549364519,327.10
5774,493651592,4797.60
5775,385570859,1475.40
5776,307817716,530.70
5777,510560800,994.50
5778,343197730,1078.50
5779,402040968,1019.60
5780,419286113,1291.00
5781,531084861,5000.00
5782,3185591787,458.90
5783,434834259,664.10
5784,207554480615,247.60
5785,9957643871,435.30
5786,394942619,649.00
5787,53467033268,54.70
5788,525163497,4525.20
5789,485200479,4572.60
5790,151174044,687.70
5791,11483737569,202.00
5792,53577081964,83.40
5793,429468199020,306.20
5794,23012227749,182.30
5795,226182211,2211.80
5796,155135747,1294.10
5797,531084861,5000.00
5798,501158184,3342.30
5799,12610271627,50.20
5800,455669821,737.80
5801,8308222047,148.70
5802,32140640566,215.20
5803,502843497,806.70
5804,114378586136,273.70
5805,507239706,668.70
5806,235797128,656.20
5807,418352876,4217.30
5808,420711056,2785.50
5809,200134813,802.70
5810,410024393,1788.60
5811,509023330,638.70
5812,506055906,2970.10
5813,26417865705,67.90
5814,425947001,1107.30
5815,454481540,4086.40
5816,328012027,1114.10
5817,32239510587,98.90
5818,229622970119,370.70
5819,832290539474,21.20
5820,517315295,997.70
5821,93936478037,393.80
5822,20580056183,198.20
5823,2870361856885,18.20
5824,348883541,1795.00
5825,523475895,686.70
5826,420442595,1051.30
5827,353087504,1338.70
5828,378485585,1529.40
5829,525703271,639.40
5830,141883972,677.30
5831,515148071,697.70
5832,474417917,631.90
5833,469331188,2432.10
5834,163202279,811.60
5835,416225120,676.80
5836,681064899,484.60
5837,379858608,1897.30
5838,191558712458,333.30
5839,8425210314,175.90
5840,227710510967,362.90
5841,531084861,5000.00
5842,23987754495,75.40
5843,6262596555498,17.20
5844,413430742,1398.00
5845,817094154,497.80
5846,531084861,5000.00
5847,197071212041,290.70
5848,506459099,886.20
5849,12575212661,421.60
5850,432607847,1917.20
5851,192285307,1108.10
5852,363356399,1190.30
5853,1675050546504,24.10
5854,19213878572,210.50
5855,203640810,1229.80
5856,10280056154,177.30
5857,430242636,2010.20
5858,215805021171,311.10
5859,223401339524,331.40
5860,47355970779,65.00
5861,491677347,705.30
5862,311542329,1680.30
5863,314440002,1249.20
5864,159125337,1128.10
5865,7478941829,136.00
5866,514517660401,328.90
5867,195143014,784.90
5868,398768784,1945.80
5869,342373079,1357.60
5870,360657336,1293.70
5871,1770141399,473.40
5872,406760452,709.40
5873,137745563,721.60
5874,432657061,1133.10
5875,425507864,496.40
5876,394823689,1282.00
5877,60607618400,248.30
5878,517649858,825.70
5879,349114192,1659.00
5880,221687927,683.70
5881,598863596,3205.20
5882,403320799,1594.00
5883,531084861,5000.00
5884,511992121,591.60
5885,213238625,839.50
5886,323047082,1231.80
5887,52021894125,204.60
5888,307649430465,349.10
5889,3403745457,155.10
5890,203794697,1358.70
5891,213293747,884.40
5892,8426833932,169.80
5893,385088984356,286.10
5894,311638691,1283.60
5895,175805076,1245.40
5896,175805076,1245.40
5897,147307187,663.90
5898,531084861,5000.00
5899,9355790850,437.20
5900,531084861,5000.00
5901,80944002268,375.40
5902,467023438,681.80
5903,126668929,1239.00
5904,419142828,1472.20
5905,329849632,1704.80
5906,54426008275,225.10
5907,28131291327,417.50
5908,134748525,677.60
5909,16415779748,170.20
5910,406009110,649.80
5911,511905367,521.80
5912,14772908175,172.30
5913,464461029,4578.40
5914,256286025,547.10
5915,413250727464,28.10
5916,193338962686,350.60
5917,51166287339,210.00
5918,215115081583,299.70
5919,431246774,1618.90
5920,183250548255,355.10
5921,37181663372,414.80
5922,392312773814,318.60
5923,6827102712,167.20
5924,34319880800,91.10
5925,531084861,5000.00
5926,414384861,578.40
5927,14551404095,432.30
5928,84135864657,397.10
5929,159936517963,317.90
5930,245374811,971.40
5931,346501830,1547.90
5932,410703443,2966.00
5933,450599725,891.40
5934,323516466,511.30
5935,9417392522,150.20
5936,3839738265,165.30
5937,92115055475,394.30
5938,531084861,5000.00
5939,366114383731,306.60
5940,390705574,4055.10
5941,184773727,1681.10
5942,116793235848,230.00
5943,31150299116,209.30
5944,141883972,677.30
5945,537922369,999.00
5946,254303759,532.90
5947,386792021,492.70
5948,43250117664,88.90
5949,398438230,2430.90
5950,128782956169,343.30
5951,181622134082,334.40
5952,48099565523,200.70
5953,161663621457,291.20
5954,10362880285,440.00
5955,54790292071,241.50
5956,300912969,520.20
5957,407420849,1522.60
5958,384754807,1342.70
5959,62904984334,384.10
5960,397435265,657.30
5961,406424103,1754.70
5962,531084861,5000.00
5963,23142169586,187.40
5964,126874456517,386.00
5965,10585700863,178.50
5966,9078535422,419.80
5967,363163727,1844.10
5968,27145450185,81.40
5969,345278395490,348.20
5970,818531415,507.10
5971,269813497,522.00
5972,531084861,5000.00
5973,148274985534,383.50
5974,20760078600,220.30
5975,3273928868,158.30
5976,218489599753,293.20
5977,369409399,1006.90
5978,117161491128,353.00
5979,383271117,1726.50
5980,372363023,1904.80
5981,603473150,3721.20
5982,211421912,1600.10
5983,5824443986024,8.00
5984,111232562785,296.50
5985,346601274,1270.30
5986,200999339,934.10
5987,400665054,1447.40
5988,150580613,647.40
5989,356877675,1429.70
5990,333966105148,356.60
5991,536649373,580.40
5992,71168795385,242.70
5993,524603039,2182.60
5994,16579115040,430.80
5995,530557739,2593.00
5996,494741091,710.50
5997,428288322427,323.70
5998,25054211274,423.70
5999,455461299,742.40
6000,345835523,1105.10
6001,352258774,1091.40
6002,134705334211,345.80
6003,15138228378,169.60
6004,1841701351904,19.60
6005,531084861,5000.00
6006,461578421,911.70
6007,475525029097,308.50
6008,512223867,693.00
6009,202837062,840.40
6010,9978917700,112.00
6011,418402032,784.10
6012,957712721,490.10
6013,416361804,498.30
6014,197239234,810.70
6015,323738641,1961.60
6016,438403932,2890.10
6017,403020633,1236.70
6018,235912440,692.00
6019,387682391,1042.50
6020,531084861,5000.00
6021,407577390,1933.10
6022,249043643,851.40
6023,409684831,611.50
6024,57205714716,255.00
6025,458043847,492.50
6026,202837062,840.40
6027,632950810,3231.50
6028,634806182,3878.80
6029,455528191,537.70
6030,1415187142136,19.00
6031,454522334,2862.50
6032,338465655,1351.10
6033,544376394550,14.90
6034,133347340,634.70
6035,15598574663,103.40
6036,362307642,1478.90
6037,189289834022,288.60
6038,1224447668051,30.80
6039,270390282,631.00
6040,432208292,2566.40
6041,217366235,731.60
6042,494657304,835.60
6043,882757935,463.70
6044,463494310,536.70
6045,430243438,1061.90
6046,470115158,2308.40
6047,199028731,1468.40
6048,25260967393,184.70
6049,27622877648,62.80
6050,371440358,1578.50
6051,522076591,4854.50
6052,165542304,1194.10
6053,50839991304,236.60
6054,6599428859,131.40
6055,441085470,585.70
6056,10659363973,189.00
6057,310773338,1124.40
6058,58448918739,208.00
6059,344073171,1906.80
6060,175396032,1146.20
6061,11983519930,111.40
6062,325621715702,360.80
6063,202779504,573.10
6064,102620477676,371.40
6065,559201867,3851.70
6066,316604213,1772.60
6067,179400011,640.10
6068,372951431342,337.20
6069,1661188008303,24.70
6070,414854117,1804.60
6071,25521022203,77.80
6072,2744550688,464.10
6073,285751970,523.50
6074,467623508898,317.10
6075,18608199006,212.10
6076,380993270,1712.20
6077,241597971,819.40
6078,64028585820,269.50
6079,344381640,1301.50
6080,153203916,628.70
6081,312686504,1227.20
6082,486797138,583.60
6083,228347767,584.70
6084,619151811,3951.80
6085,340511142,1209.80
6086,387785767,890.80
6087,377576733795,327.60
6088,354702101,1350.40
6089,531084861,5000.00
6090,438520516277,296.00
6091,451955816,767.00
6092,503928627,779.40
6093,507138806,889.20
6094,441780287,735.20
6095,428289841,723.90
6096,528912839,936.60
6097,220661736,843.50
6098,450202190,547.80
6099,510663057,2836.30
6100,429450517,650.30
6101,34170484845,194.50
6102,255620304,3602.50
6103,403064425,2989.30
6104,63833431735,398.60
6105,528487203,2217.00
6106,402265651,2718.50
6107,300630940,529.10
6108,236930842,781.70
6109,537080658,3130.70
6110,625730480,530.50
6111,39604718818,397.20
6112,212940733,1405.40
6113,504187462,692.80
6114,40244115884,203.50
6115,397586601,1541.40
6116,504711255,957.30
6117,4929274378,452.40
6118,426965037,692.40
6119,332883294,1785.00
6120,439242262,813.50
6121,458073043,740.60
6122,107330603,1125.30
6123,166053252222,285.90
6124,417538897,1404.40
6125,238522820,617.40
6126,213099839681,369.30
6127,455250487,4337.10
6128,622220193395,20.70
6129,492971210,2979.80
6130,469485591,681.90
6131,431357619,662.90
6132,209301239,656.80
6133,389559361,1787.30
6134,4874785523,111.50
6135,531084861,5000.00
6136,1754934967,458.50
6137,461374623,4151.00
6138,306623716,522.40
6139,531084861,5000.00
6140,42170473725,234.50
6141,197316005,1040.10
6142,528699033,881.70
6143,476743835,590.40
6144,430414492792,324.50
6145,27338200022,56.60
6146,103770569,1331.50
6147,13136581484,434.90
6148,338558157,1139.70
6149,25845424016,67.50
6150,14961556585,433.40
6151,1463839214,481.20
6152,527175838,893.80
6153,590568037,3841.00
6154,60986366691,215.30
6155,5594486080,448.10
6156,219392188,711.60
6157,395007469,838.50
6158,531084861,5000.00
6159,141377780,516.50
6160,19328931551,198.80
6161,515879448,3553.10
6162,8152168071,422.90
6163,2172688873,469.00
6164,249593911,602.60
6165,347499404900,277.10
6166,310736047,1571.80
6167,201587344,1064.40
6168,516756299,585.00
6169,188690556,1858.80
6170,531084861,5000.00
6171,500698528,2416.50
6172,329734794,1184.10
6173,117591342003,342.90
6174,512209135,2091.70
6175,163741642,548.10
6176,336282922,1631.20
6177,409189302,1995.40
6178,411647972,2120.10
6179,424836007,962.80
6180,389415632,2095.40
6181,6810943857,108.80
6182,5322589704,448.90
6183,365816262,1327.00
6184,2917213445,118.60
6185,430186868,937.20
6186,407666782,1639.40
6187,4560312190,430.00
6188,1256373133929,33.30
6189,484433341,2892.20
6190,102262983767,288.30
6191,79705979800,251.30
6192,6415230077,133.10
6193,218603084,850.20
6194,504660357,2152.90
6195,631107841,3285.20
6196,261313164,643.90
6197,197783958949,283.40
6198,2597001285,447.90
6199,340133491,1184.70
6200,246469048,855.00
6201,421091411,1940.30
6202,6481451810,159.70
6203,394109547,1542.40
6204,6389396867,159.50
6205,320803674,1546.70
6206,529736808,589.40
6207,437562279,4901.10
6208,518111374,995.00
6209,5996737021,133.90
6210,42768527482,411.30
6211,525349092,684.10
6212,92504666260,267.20
6213,4289747535,106.50
6214,301516323701,269.70
6215,381018596507,303.50
6216,549113697,3090.20
6217,17046956510,212.70
6218,409227729,2795.40
6219,2362044201,117.10
6220,312238463,1956.50
6221,190597212678,296.60
6222,422539875,995.80
6223,350902896,1321.90
6224,408244427,1740.60
6225,370241486705,347.70
6226,1390644053921,24.60
6227,210644015,568.50
6228,77014001747,213.90
6229,213054852919,38.20
6230,379899449,1154.00
6231,163741642,548.10
6232,340259531,1384.90
6233,49019549090,225.90
6234,484137232,791.90
6235,407643367,2065.10
6236,37731948015,201.70
6237,522858208,2808.00
6238,60779152062,240.40
6239,159936517963,317.90
6240,339789685,1315.80
6241,531084861,5000.00
6242,425668416,856.50
6243,531084861,5000.00
6244,153964099,567.20
6245,14396293574,84.80
6246,204475392588,311.50
6247,40152226002,389.10
6248,419157883,1582.40
6249,25148675318,183.30
6250,487342761,3452.40
6251,369166126,1578.00
6252,789183099,501.40
6253,416200942,2700.40
6254,16554884069,167.40
6255,531084861,5000.00
6256,46244070827,393.90
6257,177308037,987.20
6258,295371729382,277.60
6259,2237584476,466.70
6260,194705393,1191.40
6261,493959221,824.10
6262,62133858732,213.50
6263,446330784,622.00
6264,8487996945,125.50
6265,273929208,535.20
6266,1332123149199,47.90
6267,431318666,1009.30
6268,531084861,5000.00
6269,340317364,1005.90
6270,157144587,970.10
6271,488609197,942.60
6272,473021417,2120.40
6273,47146246748,71.50
6274,486592002,642.30
6275,468439265,2612.60
6276,391201090148,284.00
6277,10200858622,156.00
6278,80481574100,397.90
6279,741565416916,25.90
6280,408563915,1806.90
6281,190597212678,296.60
6282,263270709,686.80
6283,10159498383,48.80
6284,17635609486,58.80
6285,2134978382,143.00
6286,1243514778,465.80
6287,157938786,1408.00
6288,34621097221,416.10
6289,238917035810,252.00
6290,392110961,1845.40
6291,2289988014952,31.70
6292,7976471672,124.70
6293,339314236,1021.90
6294,460681084,999.50
6295,471637262,3582.80
6296,531084861,5000.00
6297,43133539682,219.70
6298,157303510619,272.90
6299,39624714121,390.70
6300,313315703,1780.60
6301,96155477521,261.20
6302,384576217249,341.60
6303,197191864,1431.60
6304,412358012,1269.40
6305,461425812,837.40
6306,448321577,4463.80
6307,206495991,1389.60
6308,285989441,534.20
6309,276618660426,357.80
6310,346043375,1802.10
6311,4812996554,453.50
6312,407610860,582.10
6313,1754480612068,22.30
6314,1011065947,497.70
6315,544376394550,14.90
6316,205788626,2036.20
6317,531084861,5000.00
6318,531084861,5000.00
6319,421632234362,336.10
6320,387045733,1032.40
6321,52703576615,241.70
6322,248148833,743.20
6323,413272961,1413.40
6324,35788723470,218.90
6325,436028940,2782.90
6326,357461072,1641.70
6327,499280131,3082.80
6328,488391865,687.30
6329,344457340,501.80
6330,40500763509,92.50
6331,12544954223,166.80
6332,469113988,2106.20
6333,426263596,833.00
6334,376081216405,278.60
6335,152342278,589.60
6336,57707483674,212.40
6337,228347767,584.70
6338,368917176,1541.60
6339,2077539176,457.90
6340,415634081,1555.80
6341,7008609677,108.70
6342,403310782,2013.80
6343,2148533783028,12.40
6344,8484660966,125.20
6345,4875781243,149.10
6346,102262983767,288.30
6347,531084861,5000.00
6348,431912771,1265.40
6349,518234906,4444.00
6350,531084861,5000.00
6351,21772187484,422.50
6352,780538809,507.00
6353,419891502,4083.50
6354,401737720,1342.80
6355,499387865,526.20
6356,422959327,1692.90
6357,531084861,5000.00
6358,501619206,2007.80
6359,98586841788,251.00
6360,514982026,3657.80
6361,398440626,2815.70
6362,3508088361,162.20
6363,7220772183,126.80
6364,32556208115,191.00
6365,387949780,703.60
6366,206232160,1178.60
6367,437854662,609.50
6368,174286255,1882.50
6369,345316252,1600.60
6370,586081424,3012.40
6371,536349202,619.60
6372,27144432282,99.30
6373,150580613,647.40
6374,155586965829,375.50
6375,47424224101,203.70
6376,204284302,2416.40
6377,507102463,712.30
6378,730172410,500.60
6379,456602538,614.40
6380,290023262,533.40
6381,842896085,499.60
6382,185724586,1330.10
6383,4112320839,434.40
6384,7011283608,168.10
6385,121559671,1227.40
6386,193898310,1415.70
6387,385351966,1842.00
6388,6966125615304,2.50
6389,542579076,558.30
6390,2340692361,443.70
6391,29515804199,194.00
6392,407348858,1727.90
6393,532106607,2155.40
6394,199577501107,347.60
6395,2228177005,466.50
6396,157294683819,308.00
6397,373036558,1060.40
6398,246469048,855.00
6399,248842000,831.00
6400,17846241039,54.40
6401,409429112,496.50
6402,432183312,4411.30
6403,430931268,2196.70
6404,418132378,581.70
6405,259020626,995.70
6406,208934474,887.60
6407,3862266948934,17.60
6408,13476568484,98.50
6409,430017913,2945.00
6410,348752697,1142.90
6411,14570368733,186.50
6412,380817033,1870.60
6413,219252704232,373.20
6414,397031475,1588.90
6415,424104152,1092.20
6416,235797128,656.20
6417,419337707,2357.00
6418,413423768,1284.10
6419,398424191,2885.10
6420,111011862,1618.00
6421,496893553402,23.70
6422,532430551,681.30
6423,162217470609,292.80
6424,609020074,3780.40
6425,177522849,1228.50
6426,403218366,504.60
6427,228879769,557.00
6428,398208384,1556.20
6429,378504725,1764.90
6430,493859984,2443.40
6431,243725396,898.70
6432,20775134030,83.00
6433,84659511343,381.30
6434,531084861,5000.00
6435,3197467546,127.10
6436,250177105,953.90
6437,623746815,3862.00
6438,64518873235,255.20
6439,383663114,1461.30
6440,148010780969,377.90
6441,209263959,2256.50
6442,406650010,701.80
6443,1200847383,484.30
6444,413854577,1633.70
6445,12248127584,167.80
6446,233539276,2039.70
6447,329043356,1568.00
6448,19915090561,90.30
6449,416125472,1998.60
6450,2512464964,467.20
6451,18886787407,91.60
6452,1556068653756,17.10
6453,531084861,5000.00
6454,867892814583,19.30
6455,531084861,5000.00
6456,476729451,659.60
6457,80264112108,243.00
6458,395226718,1242.40
6459,161034684,860.70
6460,2134978382,143.00
6461,397439848,1992.40
6462,18115951047,57.70
6463,444737591,592.70
6464,1404129307,482.10
6465,531084861,5000.00
6466,249043643,851.40
6467,318768842,1739.20
6468,513242764,3001.70
6469,510670260,2843.10
6470,338760738,1034.20
6471,26893134638,78.30
6472,35146124578,193.70
6473,342411568,1879.40
6474,565698965,3224.50
6475,349589518748,280.80
6476,358395831,1501.30
6477,463092648,2556.50
6478,629858012,524.80
6479,321468852,1889.80
6480,536544936,796.40
6481,15814722513,432.00
6482,466769366,2483.30
6483,8768635672,122.00
6484,382542943,1098.10
6485,134370186,1001.40
6486,102644417212,227.60
6487,6389396867,159.50
6488,482136643,2923.30
6489,454647102455,36.00
6490,19328931551,198.80
6491,254375526319,367.20
6492,461620501,764.50
6493,184461536496,242.20
6494,343941383,1705.90
6495,954030722648,41.30
6496,6977123640497,7.60
6497,446686558149,332.10
6498,404098848255,313.30
6499,488805647,628.20
6500,531084861,5000.00
6501,317881550,1133.70
6502,265464908,873.20
6503,166438393118,279.40
6504,789689736,481.00
6505,336097997,1096.30
6506,204338900,1253.50
6507,5425951633,114.10
6508,10543946948,49.00
6509,680213909,484.20
6510,212112947233,334.10
6511,360072103,1076.20
6512,251244220,754.20
6513,310443779,1340.30
6514,366694774,1239.30
6515,287265119,546.20
6516,81494982212,217.20
6517,11276199096,96.30
6518,24014332218,71.00
6519,80944002268,375.40
6520,4378715403,106.40
6521,4288724088,166.00
6522,140813556795,321.20
6523,420355254,1718.90
6524,380680098,1482.40
6525,24192614338,201.40
6526,176266026,1892.90
6527,553741331,3390.00
6528,421378580,853.10
6529,613757433,533.00
6530,7559645172,142.20
6531,315748311,1426.80
6532,531084861,5000.00
6533,425288374,1912.40
6534,496729467,4442.60
6535,391663926,1483.20
6536,678297905622,33.40
6537,425239847,604.40
6538,322787597,1510.60
6539,531084861,5000.00
6540,391774325,1512.80
6541,339234854,1026.00
6542,515216825,2145.90
6543,129244939581,363.70
6544,7667801500,106.20
6545,15919314208,189.80
6546,599769705,3744.60
6547,434544740,2199.10
6548,539944534,2045.60
6549,265464908,873.20
6550,8640072872,439.10
6551,85493745153,241.10
6552,590576863,3587.30
6553,571947831,536.10
6554,7111093784017,2.30
6555,517103428,950.60
6556,8103294942,127.20
6557,490803008,2195.00
6558,387342144562,350.00
6559,416379372,587.30
6560,447681199,2879.10
6561,256970836,2249.90
6562,540044433,706.90
6563,13338443140,50.90
6564,437593783,2817.20
6565,336982455,1043.30
6566,426104754,1702.70
6567,353885677,1104.90
6568,409336294,549.50
6569,531084861,5000.00
6570,1008331129,495.60
6571,331989329,1200.70
6572,531084861,5000.00
6573,153904162,747.00
6574,440648409,2553.70
6575,198166301,1072.00
6576,10243789726,53.00
6577,519642734,783.10
6578,487645048,560.90
6579,422398978,616.10
6580,79391755991,400.20
6581,472599488,917.70
6582,2396583084,123.40
6583,112300305564,384.60
6584,464058690,758.80
6585,214740481815,329.70
6586,413250727464,28.10
6587,319087778,1170.00
6588,531084861,5000.00
6589,410819190,720.00
6590,2362946398499,24.20
6591,418524327,2723.30
6592,375799803,1301.70
6593,533335734,702.60
6594,365287559,1609.50
6595,86570182731,394.00
6596,1058257591740,14.80
6597,35739937069,99.40
6598,2148533783028,12.40
6599,331402340,1199.10
6600,532844678,747.10
6601,15819625567,167.30
6602,418776718,1322.10
6603,340789134639,291.70
6604,149809673100,381.70
6605,343593995,1458.80
6606,450191988,749.00
6607,531084861,5000.00
6608,136823656,912.30
6609,395298448,4929.80
6610,410529963,1783.70
6611,660145706765,42.50
6612,531084861,5000.00
6613,7086262513,145.00
6614,230880896,573.30
6615,401773104,989.90
6616,418289368633,23.00
6617,562953346,3493.10
6618,337889760,1931.70
6619,404835830,2204.30
6620,364226059,1153.00
6621,570273437,3775.30
6622,160675083,1264.20
6623,256500763314,368.80
6624,1306241265816,39.30
6625,413622781,1628.60
6626,106962604,1001.50
6627,883979176,497.00
6628,198994170,637.20
6629,10013906729,188.10
6630,133952514,826.60
6631,406182655,1164.20
6632,362541101,1083.30
6633,414618104,2938.00
6634,35321980708,92.30
6635,531315502,674.90
6636,358743478,1028.40
6637,433748857,2119.40
6638,47150732594,69.90
6639,318702558,1127.00
6640,132825064,789.10
6641,7382856343,432.90
6642,342810434,1234.40
6643,58835912289,67.60
6644,309761794,1764.10
6645,389765942,1702.00
6646,412258555,1443.50
6647,443970329,2085.00
6648,317411921,1239.80
6649,225772781,763.60
6650,527536820,2719.10
6651,496615494,3147.40
6652,44025130133,89.90
6653,106962604,1001.50
6654,21196209223,213.80
6655,247771613495,336.00
6656,66966762760,256.70
6657,140690672497,274.00
6658,614574840,3386.40
6659,403908519,2430.40
6660,8526539978,153.80
6661,58244583045,362.40
6662,422644875,1038.10
6663,23402383832,66.40
6664,466639835,740.30
6665,499163316,493.20
6666,193960502,2099.50
6667,433798942,2052.50
6668,409945088,2323.00
6669,459377925,934.80
6670,191293368,1010.80
6671,860191551,494.80
6672,59292478566,235.30
6673,619197690,3486.00
6674,229220769,2162.30
6675,446585103,906.90
6676,141565900,1302.50
6677,535957713,2925.80
6678,496685415,635.80
6679,73988735035,217.70
6680,452493792,774.30
6681,21457544100,176.60
6682,385301516,1635.30
6683,270303513,589.80
6684,521137463,843.40
6685,312856877,1676.80
6686,180653439108,286.60
6687,246456973,579.10
6688,505730408,668.50
6689,117161491128,353.00
6690,6433433296,126.00
6691,494539408,2125.00
6692,392030458276,303.10
6693,8088462567,102.70
6694,252695848,919.40
6695,37979455152,241.00
6696,195177366,636.50
6697,513326161,590.30
6698,205197679010,299.10
6699,13612396024,165.70
6700,450360410,811.50
6701,580461641,3457.70
6702,358219944,1678.00
6703,24135462982,200.80
6704,524268760,3123.80
6705,504630209,2113.20
6706,531084861,5000.00
6707,472997237,786.10
6708,423475740,1419.00
6709,5267202318,103.70
6710,6344802653,159.30
6711,647618517181,47.10
6712,425325054,1045.90
6713,328175821,1330.60
6714,472853436,937.90
6715,418988551,1495.90
6716,30916427544,208.10
6717,165002684,1822.90
6718,632055954,3714.20
6719,528233970,2884.00
6720,53020476838,65.30
6721,426546185,1839.10
6722,24462465999,407.50
6723,531084861,5000.00
6724,531084861,5000.00
6725,414997346270,303.30
6726,2362044201,117.10
6727,255781352,708.60
6728,757059250132,27.00
6729,373057308,1806.30
6730,229240724,725.20
6731,427823606,1583.50
6732,27682894719,97.40
6733,414207651528,293.10
6734,251244220,754.20
6735,531084861,5000.00
6736,410749127,2702.60
6737,281609095648,259.50
6738,161112679839,279.00
6739,366498573,1231.30
6740,1214448332,454.90
6741,185501737,1852.70
6742,389120561,1056.20
6743,8088462567,102.70
6744,117921165,638.30
6745,407973115,1629.20
6746,214051344,858.10
6747,402419645,734.00
6748,435277733,4104.30
6749,177300890,1297.30
6750,531084861,5000.00
6751,437007128,692.30
6752,345479382772,347.40
6753,662661315,518.30
6754,136770453,679.30
6755,11232167643,154.10
6756,171393510409,271.80
6757,519527501,739.00
6758,5788617873,436.70
6759,403647772490,292.60
6760,216715461,1005.50
6761,368017564,1608.50
6762,425267538,1471.90
6763,5971816382,174.80
6764,476259995,3696.80
6765,210929534,925.80
6766,218508144,748.40
6767,489627335309,310.40
6768,362107080,1821.90
6769,531084861,5000.00
6770,24942547351,418.50
6771,432799762,561.60
6772,410522947,841.70
6773,148519943663,282.10
6774,390793036313,301.60
6775,442178313,4410.30
6776,3574179217,152.70
6777,371716527,1154.60
6778,11540929059,419.30
6779,535784466,579.90
6780,209968291528,298.10
6781,345352025,1667.70
6782,452778373,853.80
6783,106303035512,348.70
6784,61251005795,405.10
6785,189505721507,295.00
6786,13519022327,164.40
6787,421631218,1448.70
6788,106492835320,246.80
6789,247688167,909.60
6790,537981523,3473.50
6791,483705175,858.40
6792,151174044,687.70
6793,218508144,748.40
6794,337344205,1053.30
6795,116582374136,233.00
6796,201509802,788.30
6797,317023317,1450.40
6798,64365913049,381.00
6799,408823297537,326.40
6800,345762248972,281.10
6801,467922123,704.10
6802,467777062,493.30
6803,105906874169,231.00
6804,531084861,5000.00
6805,531084861,5000.00
6806,316593323,1245.60
6807,41246175742,223.20
6808,425751682,1509.30
6809,229760184,569.10
6810,412304384,1197.60
6811,199028731,1468.40
6812,211773209,663.70
6813,448731433,576.20
6814,337628742,1583.40
6815,343667255,1713.00
6816,425260323,1874.30
6817,418316444,771.20
6818,441678059,677.50
6819,23701714444,73.20
6820,136823656,912.30
6821,197909495,762.70
6822,637807573,508.10
6823,397065907,1176.10
6824,531084861,5000.00
6825,7157479892,165.50
6826,5811993757673,15.20
6827,68894434919,217.40
6828,531084861,5000.00
6829,45210787718,81.60
6830,4713448474,105.90
6831,393798340,2325.70
6832,406450732,1425.90
6833,531084861,5000.00
6834,317014042,1168.20
6835,100644620609,252.60
6836,828075660639,34.20
6837,510951824,688.10
6838,512362258,2183.10
6839,165187425243,238.30
6840,531084861,5000.00
6841,333459986945,270.60
6842,192033533,1144.00
6843,14003385146,435.00
6844,457459121,676.30
6845,207678026,2047.60
6846,1923887262,122.80
6847,171530243,1407.90
6848,46066958908,396.60
6849,346192714,1726.30
6850,429159373,2485.80
6851,206678700,898.60
6852,1152389495,484.00
6853,358154004,1244.90
6854,2198496922,156.50
6855,224375712,848.30
6856,495354342,2607.80
6857,512322404,993.00
6858,503531274,744.20
6859,5267202318,103.70
6860,258019201,886.80
6861,415528395490,295.30
6862,413188110,1700.00
6863,483323688384,11.40
6864,96155477521,261.20
6865,258053542470,13.70
6866,457618222,778.50
6867,264309349,824.30
6868,500936862,932.60
6869,560150273,3641.80
6870,67468478930,379.70
6871,6464301829,140.70
6872,165749206,1386.60
6873,90933143236,269.10
6874,364435833,1911.30
6875,197316905,981.90
6876,9955617473,427.10
6877,516288221,938.20
6878,460606044,813.80
6879,185197992,1301.60
6880,9147538167,190.00
6881,513701849,982.80
6882,48779015333,410.70
6883,508264480,740.70
6884,309528209,1216.50
6885,131052731,1452.30
6886,426787298,1081.60
6887,973293921,489.80
6888,2698437342187,16.30
6889,213506664,1950.60
6890,69472197566,219.30
6891,365614821,1242.10
6892,501272892,653.60
6893,511089089,842.90
6894,392242404,1621.10
6895,3062170009,128.40
6896,1034405868694,9.20
6897,4455271599,117.60
6898,350425069,1717.80
6899,339106762,1139.50
6900,3884706097,141.10
6901,847568738,462.70
6902,377242581,1596.20
6903,485450393,2140.20
6904,143388068,1401.50
6905,531084861,5000.00
6906,45155663588,72.20
6907,192721354,1148.20
6908,263697051,646.10
6909,480063657522,311.60
6910,7220133431723,2.20
6911,190449001,1195.70
6912,331269611,1901.10
6913,140690672497,274.00
6914,345037485,1565.30
6915,480011046,2392.60
6916,8238502544,137.60
6917,400045164,1245.20
6918,354666789222,294.70
6919,531084861,5000.00
6920,1170869416225,16.70
6921,531084861,5000.00
6922,458864822,622.20
6923,529141665,2940.80
6924,410660068,4828.20
6925,39424681890,51.60
6926,512348571,665.40
6927,443956598,986.60
6928,203511007496,343.60
6929,393593343,1048.80
6930,1606117846,124.60
6931,506624742,537.80
6932,533140380,748.20
6933,26959464250,421.40
6934,531084861,5000.00
6935,271243847,592.80
6936,177033915,951.60
6937,447509113720,317.40
6938,383870562,1152.00
6939,5019404525,450.30
6940,7292257185,130.00
6941,207057488,1108.60
6942,336026183,516.60
6943,12985920780,436.10
6944,187731040,505.10
6945,333632196,1041.00
6946,502310701,944.40
6947,4158163236,145.90
6948,226441701,539.10
6949,390048041,603.80
6950,387930442,1346.40
6951,15756811617,102.40
6952,273226054119,362.80
6953,55300151152,206.90
6954,369247164,1591.10
6955,131475410,690.00
6956,475373126,3324.50
6957,13238744211,183.10
6958,348837547596,341.00
6959,531084861,5000.00
6960,368476810453,294.30
6961,318268723,1386.20
6962,328713391,1337.70
6963,323441167,1619.60
6964,189819070,1415.20
6965,434184457,625.00
6966,554574472,3234.30
6967,346402071,1355.50
6968,60217521673,211.10
6969,59811627265,74.90
6970,1374678240423,42.20
6971,52640315008,60.30
6972,471271300,646.90
6973,17545403171,428.40
6974,1566758404,481.10
6975,353284122,1781.70
6976,227261710,845.50
6977,3396101674694,32.00
6978,215876871447,340.30
6979,6344802653,159.30
6980,304314017163,359.70
6981,471044272,838.90
6982,408634614,2218.80
6983,504504826480,318.20
6984,405701287,778.80
6985,460359262,990.30
6986,469158624,612.80
6987,385225990,1907.30
6988,49019549090,225.90
6989,327630464,1260.00
6990,467143475,766.70
6991,488411571,2800.70
6992,459765236,795.40
6993,427650592,550.60
6994,58192716447,400.80
6995,412382807,795.60
6996,394244715,1367.60
6997,477705548,2477.90
6998,225772781,763.60
6999,431691194,794.70
7000,399284141,2569.40
7001,680213909,484.20
7002,387697683,774.80
7003,1480916504,462.80
7004,28152306649,205.10
7005,14570180736,194.90
7006,215785910288,337.80
7007,472140370,2665.70
7008,176072363452,378.10
7009,484544495,3248.50
7010,531084861,5000.00
7011,446134133,745.30
7012,412482657,1953.30
7013,10442287762,94.60
7014,4643262189,119.90
7015,161822271363,280.00
7016,354743662,1042.00
7017,314911939,1352.10
7018,6706386453,434.10
7019,46789645957,51.20
7020,404103162,1020.90
7021,234275896,2429.00
7022,906669604324,39.80
7023,404810171,1758.40
7024,213992629,1615.30
7025,42141485724,411.70
7026,39811575721,414.30
7027,217853588,834.90
7028,6667010627,184.60
7029,438328388,4005.40
7030,219452458,825.30
7031,414199626,988.80
7032,358841796,1615.90
7033,480611749,4028.60
7034,486352980129,332.20
7035,177198716,1760.00
7036,214638376104,294.10
7037,208638808,1086.90
7038,3385533975,145.70
7039,269952160,502.60
7040,393762622,4200.10
7041,584100518,3534.30
7042,413250727464,28.10
7043,143132765,1727.50
7044,350783869,1129.00
7045,521045177,739.10
7046,141883972,677.30
7047,421550814,1858.00
7048,404497249,1814.00
7049,52383173074,77.50
7050,570033926,485.10
7051,81228661613,223.70
7052,531084861,5000.00
7053,386568761,1512.20
7054,1510055585,463.00
7055,3774586893,454.50
7056,499926723,891.80
7057,88057416338,393.10
7058,402381947,822.00
7059,480917764,859.10
7060,860455991142,46.30
7061,183709402,1173.80
7062,429583794,1801.50
7063,1736173528967,46.00
7064,247771613495,336.00
7065,69739468259,238.00
7066,261354960,847.40
7067,147307187,663.90
7068,396323193,2284.20
7069,555395840542,41.20
7070,378646474,504.00
7071,470853434,593.00
7072,220431286586,333.80
7073,2362044201,117.10
7074,267839067,605.60
7075,314496613,1024.30
7076,158503884747,306.10
7077,420874428,1581.10
7078,263719832,588.60
7079,531084861,5000.00
7080,415751566,1200.50
7081,531084861,5000.00
7082,42746042187,216.90
7083,89829798934,267.40
7084,42364096558,395.30
7085,164012092,1455.80
7086,550941958,3311.60
7087,265297393,958.00
7088,17502040602,103.10
7089,531084861,5000.00
7090,473687088,4240.80
7091,440799773526,305.40
7092,311868888,1500.60
7093,532921670,695.20
7094,14381189579,432.40
7095,15903118717,68.50
7096,402711875491,25.70
7097,435316223,2838.80
7098,466082472,3038.80
7099,45148531756,78.10
7100,129039788,765.80
7101,171540824661,289.40
7102,57099961944,213.20
7103,500376267,773.00
7104,333178249,1450.80
7105,531084861,5000.00
7106,25300405067,58.90
7107,492354223,964.70
7108,411899996,1037.60
7109,635740227,3989.90
7110,889711954,499.80
7111,516916528,2208.80
7112,38842467009,199.90
7113,504740303490,27.90
7114,266492726,846.40
7115,267263791,856.40
7116,400253962,1607.20
7117,394879959,1082.40
7118,526337450,883.50
7119,531084861,5000.00
7120,179506968,1321.30
7121,208934474,887.60
7122,96155477521,261.20
7123,387451778,1217.90
7124,1512970793,484.10
7125,373490249,1266.20
7126,392551976,1216.10
7127,387610810,4775.90
7128,469964445,690.20
7129,426150384,633.60
7130,362593525,1154.80
7131,118252086,1260.20
7132,198182396,1309.60
7133,32223137977,96.40
7134,184567490,1602.30
7135,531084861,5000.00
7136,457083369,2134.10
7137,165542304,1194.10
7138,310832935,1369.50
7139,358838912,1432.40
7140,3174355859,457.70
7141,25104767572,190.30
7142,6533690895,445.70
7143,2697630177425,45.00
7144,491611333,950.40
7145,269860794588,273.60
7146,501175522,3030.70
7147,391939203,946.80
7148,270030909,582.40
7149,193019225,1876.20
7150,531084861,5000.00
7151,211099265,686.40
7152,403183994,564.90
7153,8856389817,113.90
7154,457548531,4742.60
7155,156660427,626.80
7156,395119148,1321.10
7157,155064356,1273.70
7158,66966762760,256.70
7159,531084861,5000.00
7160,482130638,4234.00
7161,66407066448,402.70
7162,178270982755,375.10
7163,235912440,692.00
7164,50131120749,56.80
7165,353580244,1697.10
7166,3512491232126,3.80
7167,511270137,583.90
7168,8230136784,124.00
7169,366488285,1560.70
7170,10219261505,48.20
7171,550940863,3338.10
7172,453788881,2708.40
7173,625624199,3722.50
7174,450196101,2199.80
7175,483216923,2173.20
7176,150490334022,377.80
7177,613176089,482.20
7178,187217048,1695.70
7179,172509301,1292.70
7180,504820534,868.70
7181,531084861,5000.00
7182,495561165,918.70
7183,42704363585,82.80
7184,323352393,1499.80
7185,35663221619,193.50
7186,244388034690,331.20
7187,53057469680,68.90
7188,222029953,948.50
7189,531084861,5000.00
7190,527386812,632.90
7191,393014279,2752.40
7192,400515372,787.00
7193,178756145,1126.80
7194,72619595961,233.10
7195,412003537,1210.20
7196,531084861,5000.00
7197,16253569640,196.10
7198,196397170726,290.50
7199,505915748,690.10
7200,440040147,2302.00
7201,43471730947,91.30
7202,433447652,980.00
7203,136468745,707.30
7204,447228217,825.10
7205,555506534,3681.10
7206,353553440730,23.40
7207,377753905,1769.30
7208,474228247,595.60
7209,395050229,1590.50
7210,400543215,684.50
7211,461864245,637.40
7212,208858743685,246.30
7213,529846421,2676.10
7214,161229518018,274.10
7215,111011862,1618.00
7216,4378715403,106.40
7217,461245414,689.60
7218,390285003,655.70
7219,203079069,808.80
7220,231473755,2586.00
7221,7639825052,140.20
7222,430002390,1182.60
7223,586927283,3339.40
7224,442047678,855.80
7225,287265119,546.20
7226,2600232657,467.10
7227,30520061342,99.80
7228,644037622,3361.10
7229,156382908,1391.70
7230,618850959877,13.60
7231,418809910,1267.80
7232,312787191,1999.30
7233,411723267,1264.80
7234,2893860609658,28.50
7235,369277770,1085.90
7236,414727320,2187.80
7237,66014773853,214.60
7238,101780021934,251.90
7239,392654617,1188.30
7240,326607998,1123.00
7241,434363209056,342.80
7242,148507080686,358.90
7243,533563708,530.20
7244,162757132,1123.10
7245,140184490,688.60
7246,131475410,690.00
7247,531084861,5000.00
7248,24834964650,201.20
7249,1350259690173,18.10
7250,531084861,5000.00
7251,483116026,523.60
7252,531084861,5000.00
7253,15297139546,164.80
7254,531084861,5000.00
7255,531084861,5000.00
7256,2741059806341,10.40
7257,376604818,1405.60
7258,13875562062,165.80
7259,154061662,769.80
7260,546288616,3717.20
7261,347929286,1393.90
7262,18945886486,410.40
7263,263745086,708.70
7264,365560250,1411.00
7265,364279846,1298.40
7266,5898968700,434.80
7267,244979031,2182.80
7268,337561233,1554.30
7269,205635435,552.60
7270,2530855138431,42.10
7271,408398191,775.80
7272,368506314,1928.80
7273,2319663123,469.70
7274,530004004,2089.50
7275,4532007394,442.60
7276,8268053995,121.10
7277,219392188,711.60
7278,371029943,1740.30
7279,5880893640281,12.00
7280,513822767,720.90
7281,33321337954,403.60
7282,338078937,1987.80
7283,313861486283,271.50
7284,538337257,974.20
7285,12510882274,181.10
7286,531084861,5000.00
7287,407186244129,325.30
7288,12993061387,48.50
7289,1387502516,486.10
7290,49218329543,62.40
7291,413645885,1274.00
7292,368960258,1429.60
7293,617403976,3098.50
7294,505997271,614.20
7295,994091687,486.90
7296,4369043068,102.20
7297,433774883,699.80
7298,332029201,1703.30
7299,527008515,2077.30
7300,436042461,2136.80
7301,60924866966,389.30
7302,53281864264,204.30
7303,176266026,1892.90
7304,441589329,2248.10
7305,4097648093,163.70
7306,167655884741,272.70
7307,813183223,502.10
7308,530889434,958.20
7309,23090563621,62.10
7310,319718290,1706.10
7311,168541319220,40.90
7312,172953039,1513.00
7313,161253451,794.90
7314,406826655,751.10
7315,403825076,2414.50
7316,15392687500,188.30
7317,5970605698,451.40
7318,341519220,1207.30
7319,192285307,1108.10
7320,403170088,811.80
7321,64756649322,362.60
7322,6837744034,443.90
7323,162924786,1512.50
7324,316925166,1313.70
7325,531084861,5000.00
7326,414284673,575.00
7327,180487162,579.80
7328,507692601,666.90
7329,789689736,481.00
7330,214191233245,304.30
7331,2483226683716,6.70
7332,409244547,2937.40
7333,451516653,695.70
7334,459179271,809.00
7335,374246825989,351.70
7336,640398041,3367.50
7337,3888048131,145.80
7338,405082231,568.90
7339,221726134920,330.90
7340,189505721507,295.00
7341,539091642,2549.50
7342,604410802,3157.90
7343,336195655,1029.40
7344,1779138938,476.90
7345,41690070847,395.40
7346,402450289623,345.00
7347,422125118,1363.50
7348,219967171,944.00
7349,4164111701,123.80
7350,16517382857,87.00
7351,579509044,3527.80
7352,330977988,1337.90
7353,436035202,803.70
7354,336403647,1150.90
7355,215158621,908.00
7356,496742320,732.20
7357,539757061,2855.00
7358,529157203,2177.50
7359,212281775796,252.90
7360,398770992,869.90
7361,168192960,1015.90
7362,317219911,1235.40
7363,452990091,2768.90
7364,212112947233,334.10
7365,450775344,626.20
7366,429888240,4635.00
7367,394597294,2897.90
7368,159125337,1128.10
7369,490045599,754.10
7370,496076928,764.80
7371,11454305985,179.60
7372,34495769784,99.10
7373,636675603,3780.70
7374,319072573,1192.90
7375,215715689,2996.60
7376,317509039,1834.80
7377,602554984,3480.70
7378,531084861,5000.00
7379,7157479892,165.50
7380,522365771,2322.40
7381,32028527772,95.60
7382,512746661,706.30
7383,517735474,897.90
7384,347206747,1737.50
7385,432181503,1298.10
7386,416825918,4343.90
7387,5425951633,114.10
7388,264621951,838.00
7389,26757356545,59.80
7390,487918368,621.40
7391,24795995276,75.00
7392,266492726,846.40
7393,211707965,1957.90
7394,1934947597,450.10
7395,185799849,1688.90
7396,317683691308,287.60
7397,466289453,740.00
7398,235185997,553.80
7399,4112320839,434.40
7400,30227889589,212.30
7401,562964768,3372.10
7402,533253381,734.70
7403,2557147092124,40.70
7404,495665049,847.10
7405,161253451,794.90
7406,243574620,669.40
7407,5002015191,152.90
7408,2597001285,447.90
7409,315880548,1187.50
7410,383917435,1639.20
7411,251297846,694.10
7412,428162930,975.90
7413,318927345,1721.10
7414,121298196981,390.10
7415,416811140,1671.70
7416,559181406,3906.70
7417,366217042,1982.50
7418,446150535,818.20
7419,179915684560,303.20
7420,53710725002,377.70
7421,531084861,5000.00
7422,6089596520,162.60
7423,375096764,1238.40
7424,534382882,2669.40
7425,9147538167,190.00
7426,483743007,2713.60
7427,2407927409,464.30
7428,18307509641,199.80
7429,644105370,3128.30
7430,325642290,1909.30
7431,451391235,969.10
7432,470919978,2230.80
7433,10604119217,111.80
7434,4160683784,457.30
7435,531084861,5000.00
7436,319891841898,40.60
7437,454878711,775.10
7438,312996811,1113.20
7439,584817230,509.80
7440,28127279193,401.80
7441,237603419,682.90
7442,7386880187112,9.60
7443,352656691,1026.80
7444,452350067,602.90
7445,497425474,3800.10
7446,468562946,890.60
7447,470845845,2406.80
7448,52626368809,383.30
7449,336049849,1381.40
7450,319678854,1686.70
7451,266850393463,264.10
7452,415956342,985.70
7453,10243789726,53.00
7454,424746689,658.90
7455,541769382,991.80
7456,4051335166179,2.90
7457,528763013,3499.00
7458,62550925085,212.20
7459,336894441,1645.90
7460,372996787,1935.80
7461,224683661,607.60
7462,531084861,5000.00
7463,24824219399,410.10
7464,531084861,5000.00
7465,24834964650,201.20
7466,386887155,2478.30
7467,7132693214,136.70
7468,68558528549,214.10
7469,7010282592,446.50
7470,6827102712,167.20
7471,372349943650,349.40
7472,189036632,1043.20
7473,7380979210,146.10
7474,536063361,920.70
7475,429295796,1003.60
7476,47058521945,85.60
7477,14969803906,77.60
7478,531084861,5000.00
7479,338245074,1580.20
7480,570033926,485.10
7481,531084861,5000.00
7482,249098308171,269.00
7483,443947788,786.50
7484,482363676,2097.90
7485,131642546,703.00
7486,409180319,1857.00
7487,431303489,854.50
7488,531084861,5000.00
7489,19501523380,84.00
7490,503823888,2172.70
7491,12256174589,196.80
7492,17635609486,58.80
7493,606754294,486.20
7494,13314700608,160.60
7495,103469413945,277.50
7496,431715249,1416.90
7497,368727468179,336.30
7498,398768228,813.20
7499,7040986853131,11.30
7500,22737425577,207.70
7501,409231936,989.80
7502,184331855715,352.40
7503,134705334211,345.80
7504,405700401,1821.20
7505,138337496268,279.80
7506,259818787,3053.90
7507,262055642015,268.90
7508,6089596520,162.60
7509,1029651653,471.90
7510,310250086,1117.20
7511,426942520,1208.10
7512,342461774,1652.40
7513,103469413945,277.50
7514,398700276,859.00
7515,436263927,784.50
7516,23402383832,66.40
7517,333469801,1918.50
7518,59393447662,61.80
7519,597091981,3198.80
7520,28348656540,208.70
7521,319484662,1090.20
7522,442614826,848.50
7523,12828409065,190.10
7524,253265229,811.70
7525,451574230,2328.30
7526,499839124,2430.70
7527,519943738,2284.10
7528,370425269,1631.80
7529,109333362697,372.20
7530,234909053,555.30
7531,12184063638,419.90
7532,345264620,1056.10
7533,1248874915096,39.40
7534,449221186,2001.40
7535,167397027,1028.20
7536,526085722,3367.10
7537,446025333,2622.10
7538,5804450227,105.50
7539,31191903778,191.50
7540,1951064008,474.60
7541,464635669,605.10
7542,389579786,855.30
7543,403262848,1714.80
7544,252861800,3679.80
7545,928276814,477.60
7546,501503911,736.60
7547,437479220,642.60
7548,228879769,557.00
7549,1531223636,479.60
7550,414571162,1422.60
7551,162566454,1394.00
7552,1216409747651,30.70
7553,311390827,1318.70
7554,16409723792,94.70
7555,131617679,587.60
7556,23869389462,88.10
7557,374937433324,314.40
7558,417151006,711.80
7559,143254547242,236.10
7560,342102259112,293.90
7561,3074625611,459.30
7562,21620739123,75.30
7563,426381296,1206.70
7564,59084554388,70.90
7565,393198254,1474.00
7566,413734466,4626.20
7567,410799373,790.80
7568,531084861,5000.00
7569,425595072,665.90
7570,243339903,903.40
7571,250036905,909.30
7572,323244127,1076.10
7573,417299728,661.30
7574,940690285722,40.10
7575,4705623873,441.20
7576,143132765,1727.50
7577,428398701,1284.90
7578,409156565,2014.90
7579,463679106,4920.60
7580,490673465,2177.20
7581,448808650,559.70
7582,52590922011,239.70
7583,95479551780,227.10
7584,533670794,2145.10
7585,422738884,731.80
7586,9019090118,145.10
7587,4713448474,105.90
7588,411330969141,338.70
7589,410003031,1352.00
7590,322713465,1310.80
7591,321225788354,357.00
7592,419106209,792.90
7593,526051368,2884.20
7594,241597971,819.40
7595,388465205,661.50
7596,486412392,3278.20
7597,153904162,747.00
7598,454507052,650.90
7599,9496619496,177.90
7600,41103936333,216.80
7601,9027403246,179.50
7602,221634295,632.50
7603,215876871447,340.30
7604,630185878,3369.00
7605,482667404,3169.60
7606,75352209689,268.00
7607,7818737228,121.20
7608,15497525440,106.60
7609,203794697,1358.70
7610,399457900,894.70
7611,416326177,1485.40
7612,531084861,5000.00
7613,48052316614,69.70
7614,514807283,983.50
7615,4288724088,166.00
7616,12840851680,417.70
7617,531084861,5000.00
7618,155922851,1473.60
7619,57205714716,255.00
7620,440051292,986.30
7621,514435986,2848.30
7622,487269754,3729.10
7623,489961731,2350.00
7624,424683467,1337.40
7625,413189619,2483.40
7626,332488971,1022.30
7627,107862724,1091.90
7628,50234365307,404.10
7629,539223444,843.80
7630,1606117846,124.60
7631,344915952,494.70
7632,136823656,912.30
7633,522078571,4241.00
7634,7547758868161,10.20
7635,1015875192,493.80
7636,19522073598,89.60
7637,396635472,1657.80
7638,505499807,584.20
7639,537096175,3587.90
7640,220583661,800.00
7641,76635231955,394.70
7642,340886826,1463.40
7643,478654072,578.90
7644,214212276,2943.30
7645,8425210314,175.90
7646,208185356253,369.20
7647,678297905622,33.40
7648,456132165,730.00
7649,485546607,3022.70
7650,471622233,3114.00
7651,550921617,3097.20
7652,391997015,506.60
7653,418545265,1471.20
7654,29629057719,415.20
7655,1242037138,489.50
7656,119331700466,281.70
7657,466054548,600.90
7658,323279532,1524.10
7659,241443523,722.20
7660,607161222,3613.50
7661,232778215,617.70
7662,6751796953,129.00
7663,2331529727,465.90
7664,906669604324,39.80
7665,12798985410,85.70
7666,417312544,1392.50
7667,354642018,1421.80
7668,447886638,606.30
7669,460217701,2021.90
7670,18608199006,212.10
7671,417350870899,294.60
7672,248007828,610.50
7673,4549717744,122.60
7674,216679457197,324.60
7675,464256035,3635.50
7676,29877460914,191.40
7677,469754191,3620.20
7678,431413807,1574.80
7679,394999100,622.90
7680,225474976,894.40
7681,457706153,2330.20
7682,319055752,1854.20
7683,496501770,3123.30
7684,538134643,683.90
7685,2427065652,466.90
7686,243426153009,317.20
7687,531084861,5000.00
7688,407843565250,348.50
7689,345982994,1409.40
7690,189819070,1415.20
7691,107330603,1125.30
7692,503677446,2853.30
7693,3385533975,145.70
7694,20251104747,204.00
7695,9835842370,437.30
7696,355542134,1280.80
7697,486798584,740.20
7698,257620897,632.10
7699,531084861,5000.00
7700,1104463096648,36.20
7701,78372892501,40.50
7702,509892842,2980.70
7703,1841701351904,19.60
7704,476425124,574.10
7705,558279093,3838.20
7706,263199447,619.50
7707,322847596,1442.00
7708,319674879,1647.50
7709,255851522909,362.00
7710,4263114607,163.10
7711,322418539,1940.50
7712,21232310054,79.80
7713,106366881985,253.90
7714,531084861,5000.00
7715,179400011,640.10
7716,518358952,2170.50
7717,516844129,3554.30
7718,28241474363,419.50
7719,332000333,1861.10
7720,409139293,4388.50
7721,404296242,1323.10
7722,461685455,2015.00
7723,405715237,1051.10
7724,20008405209,195.30
7725,131475410,690.00
7726,4854711885337,5.20
7727,496630083,678.30
7728,164120982933,284.40
7729,529291450,883.70
7730,216988432,621.70
7731,1053418277140,29.00
7732,183250548255,355.10
7733,207374767,907.10
7734,352375238,1576.50
7735,423085800,1028.10
7736,384129071372,285.70
7737,1332050473756,44.90
7738,174847228,1850.80
7739,392643328,1882.90
7740,173283826493,275.60
7741,331836756,1932.10
7742,29905932864,401.70
7743,140766753208,358.20
7744,348433092,1122.60
7745,60607618400,248.30
7746,482781245,851.20
7747,545371520,3901.50
7748,90352153762,249.20
7749,8983304168,174.20
7750,426033722,1381.00
7751,214940633,796.50
7752,357609299,1143.90
7753,411001096,2093.50
7754,2018028178,144.90
7755,210402537,920.20
7756,522910441,2706.10
7757,211707965,1957.90
7758,386848149,4505.30
7759,501704155,490.60
7760,420448683,698.60
7761,235398475,545.20
7762,597914996,513.50
7763,169140557,826.40
7764,4112325200,128.90
7765,454826910,551.40
7766,501434032,645.10
7767,325553711,1203.90
7768,446438727,663.80
7769,393169619,1768.80
7770,378634288,1843.50
7771,3236558626,103.80
7772,379310828,1648.70
7773,395097972,1786.90
7774,50839991304,236.60
7775,531084861,5000.00
7776,531084861,5000.00
7777,1093187495000,43.00
7778,417235158,1085.00
7779,107408684,1033.70
7780,160940176465,240.30
7781,380116352,1356.90
7782,13148295729,109.80
7783,1009849982294,47.40
7784,534569598,2606.50
7785,3381714016,461.50
7786,372568485,1664.50
7787,175334405,644.70
7788,375932313,1910.00
7789,220680069,870.10
7790,123371562529,257.20
7791,15190442246,94.80
7792,417085745,714.40
7793,210825236,748.50
7794,458043847,492.50
7795,498397339,2602.60
7796,435258950,4181.10
7797,238059192,733.70
7798,1923887262,122.80
7799,531401245,654.40
7800,408254600,1781.80
7801,1023938430,458.60
7802,531400604,2696.40
7803,6566754274,108.30
7804,347835019,1635.20
7805,372378714,1743.10
7806,252251454621,256.80
7807,2031619866,141.50
7808,504906400,3145.70
7809,563172707039,34.80
7810,531084861,5000.00
7811,417876814,2042.50
7812,96045977518,227.00
7813,472512342,807.20
7814,157169544059,274.50
7815,278933050523,279.30
7816,11109523156,159.60
7817,210602058,1645.50
7818,402756514,705.60
7819,152236790083,379.60
7820,150694489088,278.90
7821,531084861,5000.00
7822,357730684,1769.40
7823,46897327490,86.00
7824,325293998,1414.10
7825,392999080,2998.70
7826,390367811,1896.50
7827,537959675,788.50
7828,153964099,567.20
7829,14178044197,187.70
7830,626999009,521.50
7831,338307635,1023.30
7832,92875822717,312.10
7833,340573009,1404.20
7834,495335876,2876.60
7835,77451018496,251.20
7836,400746753,2873.50
7837,209673252,808.20
7838,1606117846,124.60
7839,319630479,1282.20
7840,5688077769491,14.40
7841,435786353,545.10
7842,105581184259,391.80
7843,473890109,2297.10
7844,464150556,599.40
7845,464677667,2301.00
7846,476248802,3560.90
7847,410479409,748.60
7848,23891779560,390.30
7849,13212608503,107.50
7850,237654960,711.00
7851,421610090,591.10
7852,225937791,642.80
7853,267839067,605.60
7854,124590039731,230.20
7855,204071931,887.50
7856,15645844792,93.90
7857,199657137543,367.00
7858,499756810,704.90
7859,263159976,540.50
7860,520133393,826.00
7861,157303510619,272.90
7862,245829469437,361.50
7863,197082485,683.20
7864,531084861,5000.00
7865,534626186,843.90
7866,408596862,1602.10
7867,418495797,2276.60
7868,350973573,1632.50
7869,215991764,978.10
7870,204060397,702.10
7871,124364429529,235.50
7872,213054852919,38.20
7873,586458841,541.40
7874,129816262,706.70
7875,531084861,5000.00
7876,225584606,570.20
7877,531084861,5000.00
7878,366938540,1086.50
7879,12256174589,196.80
7880,314035309,1653.50
7881,429644466,1344.10
7882,531084861,5000.00
7883,320058981,1472.80
7884,335756001,1701.60
7885,180172800,1128.90
7886,51265237489,206.60
7887,322605514,1527.40
7888,443002352,745.10
7889,280277271444,269.80
7890,531084861,5000.00
7891,439700783,653.20
7892,340988626,1571.70
7893,1923887262,122.80
7894,446116674,2018.30
7895,3816356750,113.70
7896,21634962815,197.50
7897,8620980586,174.70
7898,414381278,1014.80
7899,61358555073,64.80
7900,426532522,556.70
7901,424772821,1334.20
7902,394978782,1501.80
7903,22663746033,55.80
7904,3437502961,141.90
7905,111232562785,296.50
7906,30394101542,415.10
7907,3079472624,133.40
7908,2002720101,113.10
7909,11788074157,166.50
7910,313896880,1084.80
7911,27952666501,421.70
7912,333474934,1660.50
7913,352178109,1037.00
7914,495870137,586.50
7915,164012092,1455.80
7916,244334715,933.20
7917,635753584,3712.40
7918,1577722547072,13.40
7919,180172800,1128.90
7920,2134978382,143.00
7921,87467406128,238.50
7922,34810053250,196.00
7923,3816356750,113.70
7924,387723314,2731.60
7925,728766426,484.90
7926,414269878,868.20
7927,403781975,580.00
7928,361009888076,356.90
7929,531084861,5000.00
7930,9141788801,176.50
7931,237495881424,260.00
7932,186454936561,369.50
7933,3246475537,124.50
7934,167397027,1028.20
7935,523412966,547.70
7936,393510956,1494.80
7937,518334269,2686.80
7938,347066351,1016.30
7939,313443884,1296.00
7940,626550586,3102.60
7941,4124178014,151.90
7942,847568738,462.70
7943,4762845243,113.20
7944,254453208,529.70
7945,273929208,535.20
7946,214819427446,329.60
7947,398896969,1043.90
7948,10087248780,115.20
7949,1472681786868,15.30
7950,202551621863,297.20
7951,119980572210,234.00
7952,213120096,2569.00
7953,235398905977,249.70
7954,238165841,570.10
7955,19533961489,92.20
7956,463333071,527.70
7957,23565812363,58.70
7958,501901075,658.00
7959,164411800651,291.80
7960,1985448056,120.20
7961,391595736,2875.20
7962,446352614,719.80
7963,526972740,3577.00
7964,513658704,4011.00
7965,501333028,752.60
7966,8639149435,176.90
7967,72649446424,248.90
7968,454851675,2025.80
7969,402853727,909.90
7970,528955099,979.00
7971,2125065822,472.50
7972,369458340,1803.60
7973,243828605,658.40
7974,201024672534,375.90
7975,185724586,1330.10
7976,12400062938,80.80
7977,51434360887,81.70
7978,1687252872,480.00
7979,210927251,1221.60
7980,344475150,1294.00
7981,447766210,810.50
7982,531084861,5000.00
7983,59761999104,71.70
7984,450870135489,297.70
7985,4470413048,455.20
7986,1985448056,120.20
7987,213054852919,38.20
7988,494429864,2902.00
7989,423195551,2334.60
7990,364996839,1032.50
7991,67973217708,401.40
7992,531084861,5000.00
7993,376494594,1899.30
7994,488271042,4595.80
7995,5611444846,172.10
7996,247476953,846.20
7997,486016732,2589.70
7998,33050728234,402.90
7999,510077293,650.60
8000,174163576,1113.70
8001,5302815855,116.40
8002,425802713,1113.90
8003,183205555359,337.70
8004,429079622,573.40
8005,18115951047,57.70
8006,558768505,485.80
8007,473573288,701.10
8008,459078421,4166.50
8009,30064557448,98.80
8010,473471486,3155.50
8011,414514286136,304.90
8012,265596028436,260.90
8013,471356207,691.90
8014,469112669,2909.70
8015,2026984420,457.00
8016,195345773,4106.30
8017,499081909,2551.70
8018,535287888,2549.90
8019,381878633,1566.80
8020,475935332219,320.40
8021,3437502961,141.90
8022,8151513031,439.70
8023,370968177,1340.50
8024,1391982416,467.00
8025,389964605,1141.00
8026,495421796,719.60
8027,167637429,1189.50
8028,517831910,3076.50
8029,233050011,600.50
8030,12471451379,165.60
8031,330747337,1913.60
8032,520715989,2401.30
8033,394648042,2880.60
8034,199884901,700.10
8035,509943123,753.00
8036,372728271,1523.30
8037,161085036119,280.20
8038,374806952,1040.90
8039,452465999,792.40
8040,340300763,1190.10
8041,518643475,545.00
8042,265303020,865.60
8043,677667215,506.80
8044,451259283,861.00
8045,409256952,1114.20
8046,11928313002,186.20
8047,608983362,3338.00
8048,514046516,3855.40
8049,552770777,3194.30
8050,12842936724,430.50
8051,403442242,979.90
8052,494689489,3716.50
8053,32319409186,97.20
8054,741565416916,25.90
8055,32721688686,196.50
8056,30066724064,189.60
8057,195570939,1342.60
8058,448366743,757.40
8059,511501947,2184.90
8060,495583502,999.30
8061,482128416,4824.50
8062,342741290,1094.80
8063,433047980,2813.60
8064,85145017365,219.60
8065,389158637,1652.90
8066,365374439,1202.60
8067,18015082072,195.10
8068,354954426,1050.20
8069,107862724,1091.90
8070,42908902243,89.50
8071,1579869929,473.80
8072,329368690,1133.40
8073,531084861,5000.00
8074,13909773714,164.30
8075,119857924,1573.50
8076,435437532,2758.70
8077,430896436,981.50
8078,352354930,1468.00
8079,347605286,517.70
8080,348160775,1199.70
8081,320047817,1409.30
8082,388994561,1323.90
8083,531084861,5000.00
8084,10606754443,176.70
8085,520855353,675.90
8086,531084861,5000.00
8087,123550121292,350.20
8088,114566732504,297.80
8089,354213234,1007.70
8090,342123651,1851.30
8091,209491895971,257.10
8092,117462540566,266.30
8093,6758809804,174.00
8094,404208152,1212.00
8095,463875234,679.00
8096,2018028178,144.90
8097,491110555,792.30
8098,106303035512,348.70
8099,343504183,1082.20
8100,478356359,2706.50
8101,413833092,1163.60
8102,416178004,2460.60
8103,84710189767,396.80
8104,432195855,2103.40
8105,316263392,1648.30
8106,170030602,908.80
8107,250676873,556.90
8108,420657139,4538.30
8109,15224857165,416.00
8110,214390830,1833.50
8111,336323055,1508.30
8112,373762500988,336.50
8113,437424454,919.10
8114,297401185427,261.80
8115,474570454,2352.10
8116,300913879170,272.60
8117,481792223,3019.10
8118,222719368658,316.50
8119,397856712,871.70
8120,531084861,5000.00
8121,1851263956,477.90
8122,443197876,945.80
8123,159217282,951.80
8124,9281643054,190.90
8125,450993894,598.50
8126,361264109,1676.70
8127,486621349,615.30
8128,271243847,592.80
8129,446910032,2640.70
8130,536042652,990.80
8131,8409819748,440.70
8132,521324548,4119.60
8133,399985335,2224.50
8134,52590922011,239.70
8135,1835910107,476.60
8136,382484135749,354.10
8137,119857924,1573.50
8138,506112532,2259.60
8139,421301964362,342.40
8140,512183386,3896.40
8141,425919221,1509.20
8142,24462465999,407.50
8143,2836337536734,3.70
8144,6858469923,161.60
8145,410136059,947.70
8146,456369715,2114.30
8147,525989904,3468.90
8148,168541319220,40.90
8149,418481023,1531.70
8150,537385249,612.20
8151,117909558084,259.70
8152,269813497,522.00
8153,331004335,1980.80
8154,2917213445,118.60
8155,441973071,906.30
8156,467868177,738.10
8157,427612070,2886.20
8158,535521655,2084.10
8159,535253557,3191.50
8160,74899544505,215.80
8161,286251478205,275.70
8162,365077605,1021.60
8163,536381667,678.70
8164,1311681690135,46.70
8165,40437885468,87.40
8166,47145232439,405.30
8167,138763796642,359.10
8168,8619851734,114.00
8169,415600166,2213.70
8170,233059278,3054.70
8171,362985792,1103.60
8172,4412580429,149.70
8173,328615021,1466.20
8174,379972840681,292.20
8175,581811934,523.30
8176,533706836,2551.80
8177,497535394,2958.80
8178,376625353,1199.40
8179,1462568142,482.70
8180,42329277260,199.30
8181,359540241,1670.40
8182,18375229927,406.70
8183,2002720101,113.10
8184,461728806,709.20
8185,4381273580,451.80
8186,926497964395,33.70
8187,380195996,1708.20
8188,388500007,1175.10
8189,42871775886,408.60
8190,277280135,531.40
8191,1757137211,455.90
8192,192874936,1142.50
8193,199951713,1689.30
8194,629305888,3913.20
8195,25899409669,182.50
8196,449931182,2052.40
8197,393233525,1398.40
8198,7310058368737,7.40
8199,12587336927,168.20
8200,143388068,1401.50
8201,315848289,1344.50
8202,118179773744,384.70
8203,423239228,674.10
8204,398852669,676.50
8205,232455383,914.50
8206,2472989273,452.60
8207,14969803906,77.60
8208,146693301777,270.80
8209,21706639718,178.70
8210,174254676628,292.00
8211,75352209689,268.00
8212,531084861,5000.00
8213,111210626617,386.60
8214,4215925396,456.70
8215,139801895287,355.50
8216,498394332,2917.00
8217,471631141,3137.30
8218,486200812,762.30
8219,7190672176,179.10
8220,552279664578,38.10
8221,531084861,5000.00
8222,513131782,3455.90
8223,4956155554,116.90
8224,353966834,1031.20
8225,3945151814,151.50
8226,111512037,1313.50
8227,434906814,867.60
8228,469830153,4985.30
8229,531084861,5000.00
8230,630184780,3379.20
8231,315739301,1182.30
8232,397093208,954.90
8233,435530014,2141.40
8234,2002720101,113.10
8235,352275291,1791.10
8236,2225530657276,19.10
8237,33321337954,403.60
8238,162757132,1123.10
8239,415601596,1502.60
8240,488464077,2095.90
8241,131617679,587.60
8242,119797235,1371.50
8243,96961177159,226.90
8244,7359406344,433.60
8245,77627895007,291.90
8246,172465495284,358.80
8247,440632630,4286.00
8248,1409772979,481.50
8249,1585102153,477.50
8250,531084861,5000.00
8251,435387718,614.80
8252,1606117846,124.60
8253,557519438,522.10
8254,480841520,3376.00
8255,3258707320,134.70
8256,356735759,1503.40
8257,471676429,2053.80
8258,59951120531,399.40
8259,238165841,570.10
8260,393169728758,335.70
8261,372534296,1701.20
8262,157144587,970.10
8263,317518328,1284.60
8264,531084861,5000.00
8265,119524912286,234.30
8266,522447626,3075.10
8267,148519943663,282.10
8268,541772976,3090.30
8269,8220051412,444.70
8270,7459802308,185.40
8271,158931639,1023.90
8272,427631693,1559.70
8273,193946984,1064.50
8274,148904590945,237.20
8275,34816725181,93.10
8276,531084861,5000.00
8277,56883376283,76.40
8278,409008901,757.80
8279,254211374,741.60
8280,7208320755,139.30
8281,531084861,5000.00
8282,492468948,997.10
8283,382962203,1640.00
8284,92063773650,389.50
8285,593856237748,47.70
8286,8279258645,186.00
8287,3756016145339,3.00
8288,492749387,874.90
8289,374925179,1894.50
8290,531084861,5000.00
8291,29453734853,405.90
8292,314630945,1792.00
8293,390348421,1286.30
8294,540728062,2436.80
8295,25099193354,421.20
8296,400048532,839.10
8297,443872870,2127.90
8298,257651790,884.20
8299,306623716,522.40
8300,436106775,2219.10
8301,531084861,5000.00
8302,1013421895,495.30
8303,211002452,1863.00
8304,40235664710,202.50
8305,388881695,1969.00
8306,42054378093,408.00
8307,242294334,854.10
8308,6638393965,139.10
8309,349346068,1540.90
8310,272630792359,365.90
8311,10442287762,94.60
8312,537380994,921.50
8313,167817995,1579.00
8314,115661831888,256.30
8315,315299439,1909.10
8316,224429701,965.30
8317,3936716320,146.80
8318,23891779560,390.30
8319,232755192702,307.30
8320,340956455,1816.20
8321,347080305,1612.60
8322,531084861,5000.00
8323,217366235,731.60
8324,408365338,4634.00
8325,365718209,1333.50
8326,267055109,639.20
8327,457333682787,298.70
8328,431033945,737.70
8329,531084861,5000.00
8330,333748446,1222.10
8331,1294293348116,40.40
8332,216679457197,324.60
8333,213842962,646.80
8334,167655884741,272.70
8335,123550121292,350.20
8336,160707464272,275.80
8337,49684069266,66.10
8338,3760078449,136.90
8339,396799391,1271.50
8340,26505556731,207.90
8341,111512037,1313.50
8342,409980373,1079.20
8343,446831636,898.10
8344,414517046,2301.40
8345,23019020178,183.60
8346,194298027,641.90
8347,12762374523,51.70
8348,5302815855,116.40
8349,525417668,2063.70
8350,252709338,2279.30
8351,500326100,771.90
8352,127082671529,254.60
8353,6424602446,138.60
8354,413783344,599.00
8355,220319895,692.90
8356,462339051,662.30
8357,64518873235,255.20
8358,50291814274,221.40
8359,487618641,2792.20
8360,510000182,678.40
8361,364120066,1499.40
8362,3778622743,139.70
8363,12481383295,187.20
8364,457158969,836.10
8365,127580298112,228.50
8366,7245007346,123.70
8367,331200911,1805.30
8368,419941080,649.20
8369,199951713,1689.30
8370,493787050,3423.80
8371,3167012185,118.40
8372,445506800,719.10
8373,50930052498,390.00
8374,386292856,1244.40
8375,468882489,832.40
8376,229225306,517.90
8377,204381239575,315.50
8378,381498763,1097.00
8379,170562912,1297.70
8380,252861800,3679.80
8381,210644015,568.50
8382,1426787726,484.40
8383,364332570,1171.50
8384,2071652682,452.10
8385,67350352419,218.20
8386,52590922011,239.70
8387,1833370081800,11.80
8388,209769240,791.40
8389,531084861,5000.00
8390,421477427,1093.60
8391,332951296,1575.60
8392,433116811,2044.20
8393,526960604,2204.70
8394,527277302,975.80
8395,320678360,1404.30
8396,220583661,800.00
8397,336799473,1007.20
8398,8164051338,141.80
8399,460449418,930.20
8400,500565427,4040.00
8401,735252075457,42.80
8402,367589076,1218.30
8403,486902803,2822.20
8404,368117081,1968.20
8405,17046956510,212.70
8406,406177228,2236.00
8407,510412946,923.10
8408,569207787,521.40
8409,379086593,1082.90
8410,71854403707,215.00
8411,347980311719,304.10
8412,330268422,1466.60
8413,311648684,1877.10
8414,325527601,1068.30
8415,248706882,590.80
8416,44138084378,72.10
8417,359851440,1023.60
8418,1543685947,477.40
8419,76757817426,265.50
8420,427708978,1360.20
8421,57259417002,239.10
8422,679808678514,31.20
8423,518454935,896.40
8424,196791029,864.10
8425,421096323,1173.50
8426,3508088361,162.20
8427,481894307,878.80
8428,478400132,914.10
8429,1063084429,491.60
8430,3473890187341,41.90
8431,512647061,482.30
8432,490794321,2068.00
8433,339213116,1917.40
8434,121476404307,234.90
8435,562909086,3496.40
8436,339782062,1072.10
8437,168964891,547.00
8438,411942280,829.40
8439,204783142,1471.60
8440,162555752290,337.40
8441,353074645529,347.80
8442,221726134920,330.90
8443,395941955,1575.70
8444,347214766879,276.90
8445,340457523,1694.30
8446,229421643,710.90
8447,257620897,632.10
8448,4014732191,149.60
8449,340917232,1387.50
8450,169460731190,323.90
8451,438621267,733.50
8452,3442368675476,14.20
8453,228983525023,333.60
8454,10243789726,53.00
8455,373442448,1135.60
8456,231649172,654.00
8457,21102416847,178.90
8458,505953896,4484.90
8459,111232562785,296.50
8460,585018090,3883.20
8461,313769736,1360.40
8462,530185847,904.30
8463,403673504,889.40
8464,531084861,5000.00
8465,426004436,1789.80
8466,376614231,1162.80
8467,512238223,2497.00
8468,412399254,1447.90
8469,3499624639346,41.10
8470,230548417,554.40
8471,325759599,1037.20
8472,531084861,5000.00
8473,234350743990,329.50
8474,423914324,634.20
8475,310133668,1527.10
8476,479594211,868.40
8477,485738152,805.80
8478,526007121,3191.40
8479,2714091342293,38.90
8480,16466147480,53.50
8481,2688925134,452.50
8482,366637857,1351.60
8483,51861443843,58.00
8484,420687175,2824.30
8485,245284897,959.80
8486,76757817426,265.50
8487,541137090567,30.30
8488,311749825,1765.20
8489,395744358,1801.70
8490,260376081,691.60
8491,400122650,2003.50
8492,483156617,534.50
8493,7842048538,119.30
8494,441626651927,311.40
8495,1391982416,467.00
8496,439063886,678.10
8497,109789051683,225.40
8498,344457340,501.80
8499,165310755023,295.10
8500,77627895007,291.90
8501,349765938,1331.60
8502,4545134185,48.10
8503,393194517,2637.30
8504,214437205,712.50
8505,428614835,1156.60
8506,179983968,766.40
8507,206880267161,247.40
8508,336850719,1414.40
8509,477987324,727.00
8510,114451066253,384.00
8511,398727545,1909.40
8512,182639664,1195.10
8513,523795948,2645.20
8514,442946670,2489.90
8515,157169544059,274.50
8516,228400501625,298.90
8517,5905302922,437.50
8518,245027438,3504.70
8519,329195722,1418.70
8520,48438999466,82.10
8521,156899560,1232.20
8522,369563409,1497.30
8523,321706421,1381.30
8524,505954153,4787.70
8525,262271038,811.90
8526,440512863020,338.00
8527,198766188,1123.80
8528,174657811,1226.30
8529,8186664504,124.10
8530,57259417002,239.10
8531,312198559,1334.90
8532,417149556,1289.40
8533,246328242855,33.00
8534,514364833,830.30
8535,419569515,684.30
8536,435925234,799.60
8537,587778526,3872.40
8538,160675083,1264.20
8539,405473530,1119.20
8540,49455538555,76.90
8541,514536827,757.00
8542,459982826,2937.90
8543,16606744093,171.70
8544,13035975060,168.30
8545,20722271975,94.20
8546,240700155,715.20
8547,436885301,2201.90
8548,531084861,5000.00
8549,26893134638,78.30
8550,42194911137,89.20
8551,255620304,3602.50
8552,545421669,538.20
8553,405505112,1740.80
8554,471627958,3267.70
8555,5402953329,116.00
8556,181539853,1119.50
8557,363205251,1436.60
8558,2026984420,457.00
8559,514739196,2020.70
8560,532973098,865.80
8561,726412609,479.10
8562,396065125,4209.60
8563,23950531779,183.00
8564,5611444846,172.10
8565,499199813,633.30
8566,368139978,1812.50
8567,54623472792,404.40
8568,3508088361,162.20
8569,210559975,1588.30
8570,82633222055,257.70
8571,200597212,1945.00
8572,313262390,1181.30
8573,37829362171,199.60
8574,415486167,1821.70
8575,514679711,765.40
8576,332491766,1310.50
8577,493263637,906.20
8578,725716684107,47.60
8579,543561517,3320.40
8580,499036802,4865.40
8581,174007183,1003.00
8582,449898225,2400.00
8583,106303035512,348.70
8584,2943288405708,43.20
8585,32700205964,94.00
8586,333479907,1138.10
8587,209703097,813.00
8588,485449279,3943.80
8589,161034684,860.70
8590,426087276,2613.30
8591,531084861,5000.00
8592,420011360,1171.40
8593,110052363449,374.50
8594,226771702,934.90
8595,62720516559,260.70
8596,385821646,1686.90
8597,333088813,1645.30
8598,410498653239,343.80
8599,981475222349,47.30
8600,467777062,493.30
8601,211773209,663.70
8602,186602043547,331.00
8603,232701440,662.00
8604,2550248805930,17.30
8605,4713448474,105.90
8606,30236932032,68.60
8607,365839423,1658.00
8608,215659969,1172.90
8609,212011854,1170.20
8610,191687452,1268.40
8611,132959107,648.40
8612,465253784,2261.70
8613,503259187,790.00
8614,344114959,1151.60
8615,380456209,1679.20
8616,184903554,1016.70
8617,261313164,643.90
8618,212063730,1218.40
8619,531084861,5000.00
8620,313898820,1897.40
8621,124936837,651.80
8622,317147166,1118.70
8623,416503322,1552.50
8624,51780130682,54.00
8625,7919866709,428.00
8626,314646367,1909.90
8627,53606270513,52.00
8628,341033600,1032.10
8629,330920713605,351.30
8630,598955203,3056.50
8631,511504198,2076.90
8632,500022112,776.60
8633,268655308,557.10
8634,6154022411,139.60
8635,45941882780,84.20
8636,320727523,1442.90
8637,419885855,1858.90
8638,24462925144,400.60
8639,139214054,692.10
8640,341757515,1533.80
8641,27753414569,231.90
8642,415308002,2724.90
8643,241070261689,361.60
8644,3158097474039,31.10
8645,24328004879,408.80
8646,325547408,1054.10
8647,532103883,2327.60
8648,6499687333,132.20
8649,15645844792,93.90
8650,489926336,2798.40
8651,363795159,1937.70
8652,522591021,596.30
8653,395425817,819.50
8654,696444703,515.00
8655,45388155385,205.50
8656,133329671975,258.70
8657,625978355,507.50
8658,434494556,4752.50
8659,421568864873,310.20
8660,28348656540,208.70
8661,453813002,533.90
8662,32287082741,95.20
8663,410718512,2337.10
8664,9528304585,155.50
8665,180361664636,278.00
8666,383870638129,350.50
8667,65904688201,216.00
8668,244497251,779.90
8669,468346642,2417.40
8670,77627895007,291.90
8671,531084861,5000.00
8672,237252948986,321.60
8673,474539482,2234.80
8674,519906147,2327.40
8675,26854825493,211.50
8676,970207173,500.30
8677,444498893,2474.50
8678,357822499,1830.40
8679,536501617,798.80
8680,2505243115,442.20
8681,199884901,700.10
8682,28324304128,221.60
8683,526823557,593.20
8684,541763783,637.50
8685,248105949,940.80
8686,221634295,632.50
8687,496885726,2374.50
8688,368365776,1483.60
8689,263159976,540.50
8690,531084861,5000.00
8691,369384209363,331.10
8692,198166301,1072.00
8693,545032512,562.40
8694,4545134185,48.10
8695,89286183924,224.60
8696,22821613973,90.70
8697,33050728234,402.90
8698,408686878,1853.50
8699,361305518,1826.70
8700,24926631790,424.10
8701,255776662,785.20
8702,465270903,548.30
8703,95295692568,244.70
8704,10145824354,195.60
8705,616396356,3826.50
8706,162234533507,355.30
8707,563172707039,34.80
8708,454568454,785.70
8709,143132765,1727.50
8710,49483605819,409.50
8711,200663897,1130.10
8712,431537368,1467.00
8713,392678912,770.00
8714,37979455152,241.00
8715,401510046,2512.80
8716,23014446674,199.50
8717,200663897,1130.10
8718,356266789,1303.70
8719,8466538194,142.40
8720,531084861,5000.00
8721,11900149247,156.60
8722,517057059,2007.90
8723,425925433394,37.40
8724,175256764,816.80
8725,147751573,538.10
8726,58359038836,226.20
8727,490135237,2270.50
8728,427698864,1469.20
8729,474379699,719.40
8730,15919314208,189.80
8731,531084861,5000.00
8732,531084861,5000.00
8733,432571617,1417.80
8734,8279258645,186.00
8735,464299711,673.20
8736,9671346830,179.20
8737,332202592,1248.40
8738,12518417895,85.00
8739,131734664,645.40
8740,225584606,570.20
8741,521380268,3533.30
8742,20251104747,204.00
8743,2850666200,447.20
8744,484742650,2283.40
8745,89294929360,243.40
8746,62904984334,384.10
8747,531084861,5000.00
8748,531084861,5000.00
8749,527168938,633.40
8750,27640221973,65.80
8751,479051093,3184.00
8752,395236529,1808.20
8753,397911583,965.50
8754,522379441,3325.40
8755,384749356,1713.70
8756,428371031,2918.90
8757,238985671,728.50
8758,444685956,748.00
8759,27169206562,191.30
8760,431173472,1289.20
8761,142044902338,311.20
8762,378872411,1115.50
8763,46021949352,90.60
8764,1189881382667,10.60
8765,386884828,1492.70
8766,8444529867,152.40
8767,333209537,1637.00
8768,175740115,1076.00
8769,45547130603,218.00
8770,387805777,1736.90
8771,1757137211,455.90
8772,466000978,4037.80
8773,441494350,2112.10
8774,364592148020,289.20
8775,121559671,1227.40
8776,1361001205,464.40
8777,406029822,1827.10
8778,3413646199,126.10
8779,4112325200,128.90
8780,212063730,1218.40
8781,510867410,720.50
8782,441009843,778.40
8783,26854825493,211.50
8784,1777431715,478.60
8785,527820668,606.10
8786,61112791542,66.00
8787,418199517,983.40
8788,500726611,815.70
8789,264122951,712.80
8790,708163721,518.00
8791,618230072,3944.60
8792,264362810,598.30
8793,132123495129,323.10
8794,12225949817,197.40
8795,394809429,1524.30
8796,386633804,1404.80
8797,418384397,1796.10
8798,428813735,1271.30
8799,185618972,1160.70
8800,590608856,3250.50
8801,479057415,3159.20
8802,449205098,698.30
8803,252644203,559.30
8804,45533608196,227.40
8805,247282078272,309.90
8806,27174148836,55.10
8807,1311739346656,46.90
8808,505754798,3856.80
8809,150580613,647.40
8810,211597390,779.10
8811,57995003433,65.10
8812,525364387,2379.20
8813,497027673434,335.80
8814,9680682950,112.30
8815,633899363,3788.70
8816,20386314838,50.10
8817,39522248926,395.10
8818,531084861,5000.00
8819,398875796,1990.40
8820,489133272,2067.80
8821,559622876,528.60
8822,547254456,3765.90
8823,430002656,1370.90
8824,153956289056,244.30
8825,417699119,1281.20
8826,455370140,2823.40
8827,415514787,2539.50
8828,401779906,2207.00
8829,2578857144098,15.80
8830,432194651,740.80
8831,499030731,4238.40
8832,268048881,636.10
8833,24328004879,408.80
8834,209550918,1809.20
8835,230198535,670.30
8836,211099265,686.40
8837,533362309,723.70
8838,329556189,1661.20
8839,62720516559,260.70
8840,469205456,2081.90
8841,388415765,2914.30
8842,71168795385,242.70
8843,489877188,994.80
8844,504419457,4735.50
8845,3167012185,118.40
8846,2225530657276,19.10
8847,350000920,1368.10
8848,36766172635,220.70
8849,19412889423,198.40
8850,27640221973,65.80
8851,52954613460,391.00
8852,8520707815,443.30
8853,177033915,951.60
8854,3019387190844,8.50
8855,196397170726,290.50
8856,313610575,1323.40
8857,327360471,1017.10
8858,488921965143,311.70
8859,162555752290,337.40
8860,509091821,2622.70
8861,3733656563,156.70
8862,371865659,1627.90
8863,3162371801,460.60
8864,468833948,3919.60
8865,9281643054,190.90
8866,375935340,1116.20
8867,11166225192,113.40
8868,531369698,2848.90
8869,201509802,788.30
8870,422674536,1824.20
8871,673823308,503.50
8872,432356571,767.50
8873,316439659,1105.60
8874,531084861,5000.00
8875,432677584,1999.20
8876,438141443,694.20
8877,25813502923,56.70
8878,361532975,1019.40
8879,5046019246640,18.00
8880,422641475,740.50
8881,419984383,2499.80
8882,1827942857363,28.20
8883,197909495,762.70
8884,11776968078,166.40
8885,400004734,809.80
8886,235499936,707.60
8887,491620191,2396.00
8888,173197419,1342.00
8889,532915293,2865.30
8890,12762374523,51.70
8891,334280949,1451.70
8892,90933143236,269.10
8893,380367127,1490.00
8894,519755885,916.60
8895,10335781210,162.50
8896,214191233245,304.30
8897,565641067,3233.90
8898,267708122,702.70
8899,10586418018,161.70
8900,4828002688,449.30
8901,437695086,825.80
8902,2396530744251,42.30
8903,484473177,828.50
8904,13286901898,432.10
8905,28298663593,193.60
8906,17635609486,58.80
8907,531084861,5000.00
8908,204338900,1253.50
8909,6507670373,126.60
8910,475851426,588.90
8911,426848578,2175.30
8912,927847252,498.80
8913,483942225,813.60
8914,334153745,1909.70
8915,478386292,940.90
8916,55748994429,406.10
8917,3403745457,155.10
8918,387271665,1335.40
8919,90342822893,395.60
8920,180361664636,278.00
8921,432721634,1379.30
8922,298029167090,284.80
8923,14847611486,73.50
8924,74782626555,244.00
8925,214767445,659.30
8926,245517548,577.00
8927,316531405,1766.10
8928,431420565,1707.30
8929,227344055143,337.60
8930,236930842,781.70
8931,248105949,940.80
8932,393133612,967.50
8933,525934942,657.50
8934,229766724,742.10
8935,432966868,1261.10
8936,56543383792,407.60
8937,5478857921,111.30
8938,456039055,2850.90
8939,377880098,1126.40
8940,410407298,1179.70
8941,403850915,1587.80
8942,410738989,2527.80
8943,644105410,3256.80
8944,395416729,2369.30
8945,211129951,1310.30
8946,3444277930103,14.50
8947,176423422,1884.50
8948,373539994,1521.10
8949,531084861,5000.00
8950,40223605760,91.70
8951,368157289,1201.10
8952,10145824354,195.60
8953,524691680,2197.10
8954,535323559,3148.20
8955,92875822717,312.10
8956,20774420746,52.20
8957,56097188724,401.10
8958,1462165808225,13.10
8959,201248227,1275.30
8960,201241826,1254.50
8961,147988613225,237.10
8962,486187890,2411.70
8963,28004115643,205.40
8964,57532301077,388.80
8965,184903554,1016.70
8966,41593676929,82.40
8967,108264972953,385.40
8968,52082676393,369.70
8969,390743854,1704.10
8970,2677254889509,15.70
8971,714032216,512.00
8972,393790317,1205.40
8973,8037107559,124.80
8974,373864711,1566.30
8975,419003930,1941.30
8976,52411812604,71.40
8977,531084861,5000.00
8978,459247981,763.40
8979,22737425577,207.70
8980,227611607597,329.20
8981,485474364,2413.80
8982,526933514,2107.40
8983,245027438,3504.70
8984,392838721,951.30
8985,189345528,1538.50
8986,23090563621,62.10
8987,256391146,644.40
8988,520544678,4474.90
8989,476113462,2237.90
8990,506889712262,324.00
8991,344780629,1497.50
8992,58244583045,362.40
8993,249309872,530.90
8994,336814667,1405.70
8995,13946726688,81.20
8996,52626368809,383.30
8997,502193419,2801.80
8998,45116392994,233.30
8999,175719470,1264.70
9000,10997063751,178.20
9001,383536703549,289.30
9002,447572779,2749.40
9003,496742723,4150.70
9004,540543522,2625.10
9005,518645667,3251.40
9006,531084861,5000.00
9007,605361188,3564.00
9008,3987640238775,15.60
9009,79705979800,251.30
9010,13476568484,98.50
9011,398080504,1601.60
9012,489591692,607.50
9013,423986914,497.90
9014,236118601,513.90
9015,397516087,1740.20
9016,384650943,1328.00
9017,51676172502,62.50
9018,163741642,548.10
9019,489563735,664.30
9020,1934947597,450.10
9021,189583714,1142.60
9022,254641424,2080.10
9023,89863557813,392.70
9024,867892814583,19.30
9025,408091961,809.90
9026,508290883,936.10
9027,366349863,1498.60
9028,69739468259,238.00
9029,57205714716,255.00
9030,534129633,565.80
9031,627467950,3580.20
9032,335288272,1377.90
9033,177967109012,377.20
9034,531084861,5000.00
9035,531084861,5000.00
9036,36080108156,92.10
9037,531084861,5000.00
9038,180487162,579.80
9039,172849343,1177.30
9040,263034906,872.70
9041,508499707,3136.50
9042,207678026,2047.60
9043,445646128,865.00
9044,428006283,1272.80
9045,39933690713,202.60
9046,562884567,3942.30
9047,470607633527,331.50
9048,50930052498,390.00
9049,9027403246,179.50
9050,531084861,5000.00
9051,15982061531,55.60
9052,521005565,668.00
9053,358357095,1396.30
9054,164604119,928.50
9055,219280596132,326.20
9056,242678794146,369.40
9057,197071212041,290.70
9058,182167514085,292.50
9059,9924161594,189.50
9060,172989160,816.30
9061,514407857,4741.40
9062,32617725032,212.00
9063,249309872,530.90
9064,544055606,538.70
9065,43661391153,81.90
9066,2842809720,460.80
9067,412380975,843.10
9068,311530611,1513.30
9069,10725509161,154.90
9070,268880839,2060.50
9071,327592864,1688.40
9072,322921320,1353.90
9073,412283425,2698.60
9074,256962231456,321.90
9075,215991764,978.10
9076,82508024508,396.30
9077,531084861,5000.00
9078,4345516676,456.90
9079,216197906,2009.20
9080,7448086617,128.60
9081,315812397,1374.60
9082,19166665585,87.30
9083,570259243,3228.80
9084,2355406721559,19.40
9085,67174238954,211.30
9086,139214054,692.10
9087,33611843216,216.30
9088,392992053,4055.70
9089,266844940,793.90
9090,473537688,669.20
9091,42170473725,234.50
9092,1923887262,122.80
9093,101780021934,251.90
9094,9599351252,116.70
9095,1096343060,494.40
9096,161253451,794.90
9097,168016816255,300.40
9098,32617725032,212.00
9099,1332123149199,47.90
9100,103770569,1331.50
9101,533619384,4563.30
9102,396963267,2546.50
9103,274211249101,275.20
9104,172748702,1615.80
9105,493742428,3653.20
9106,492109894,710.10
9107,394869846,894.20
9108,424933088,1558.60
9109,531084861,5000.00
9110,254981516,645.70
9111,944459395255,44.80
9112,1005479032,495.50
9113,381595545,1532.40
9114,47798643642,59.20
9115,477186357,823.60
9116,354493224,1835.30
9117,212361590609,43.60
9118,526664269,535.10
9119,333684495,1356.70
9120,353372430,1001.20
9121,203384765590,307.50
9122,333928085,1138.30
9123,841954219,496.00
9124,515248848,2088.50
9125,20184685538,426.40
9126,177033915,951.60
9127,109103626751,248.50
9128,332351444,1346.00
9129,526293655,558.10
9130,421501716,1464.90
9131,731179626,482.50
9132,225804123,747.80
9133,402362480066,303.60
9134,551980926225,26.00
9135,20737334393,92.80
9136,528276258,2285.00
9137,25845424016,67.50
9138,367309777,1067.60
9139,531084861,5000.00
9140,12313501553,435.80
9141,603454130,3822.30
9142,245474373,841.40
9143,413787662,1257.80
9144,641155448,479.70
9145,315708807,1233.30
9146,85493745153,241.10
9147,495313394,2800.20
9148,133164852956,382.40
9149,320620422,1261.70
9150,3519063634,145.60
9151,4409704809110,12.20
9152,413722457,1737.00
9153,111654584623,228.10
9154,409429112,496.50
9155,197316005,1040.10
9156,393975424,1221.50
9157,393001959,1103.90
9158,401607361,1374.80
9159,424575339,1464.50
9160,456357641,834.50
9161,179422197531,353.60
9162,371601961,1306.40
9163,192332027015,370.30
9164,485286273,2209.80
9165,414469408,581.60
9166,368957047,1186.80
9167,411442093,4279.80
9168,227344055143,337.60
9169,413812754,2822.90
9170,21781811134,426.10
9171,175256764,816.80
9172,464252668,3627.00
9173,131722919871,274.90
9174,6127773543,105.00
9175,391464708,4822.10
9176,7660314596,120.40
9177,31254366980,398.90
9178,106962604,1001.50
9179,390416948,994.60
9180,373897934,1425.30
9181,253793998,622.40
9182,194705393,1191.40
9183,361543227,1464.80
9184,316305491,1444.90
9185,406233813,2092.60
9186,172953039,1513.00
9187,4097648093,163.70
9188,218603084,850.20
9189,12274539237,158.00
9190,16473871470,416.40
9191,395191523,1344.00
9192,131722919871,274.90
9193,347730299,1243.90
9194,32998271896,195.20
9195,427063783,2402.90
9196,524692503,2235.60
9197,30236932032,68.60
9198,524613324,905.70
9199,150694489088,278.90
9200,190239316,1849.10
9201,462431187,2318.30
9202,20857699519,176.20
9203,87961025149,392.40
9204,113653971063,387.00
9205,3175945783295,42.70
9206,84724224458,247.10
9207,475976100,4033.60
9208,531084861,5000.00
9209,500674206,2210.00
9210,608092779,3637.30
9211,531084861,5000.00
9212,209301239,656.80
9213,385245344074,335.50
9214,445619586,936.70
9215,357209654,1732.00
9216,502967960,2649.90
9217,312989448,1596.10
9218,531084861,5000.00
9219,7359406344,433.60
9220,395303240,1812.00
9221,543631995,3206.20
9222,826109033,501.20
9223,849129422,496.70
9224,19549526615,176.80
9225,359103848,1533.60
9226,14767607171,169.90
9227,411750258,1822.40
9228,34676492588,403.30
9229,398262491,1268.00
9230,5741050170,110.30
9231,23741160364,184.40
9232,503472934,601.40
9233,2071652682,452.10
9234,346681105,1629.50
9235,506947838536,325.80
9236,25360058067,60.60
9237,179266708,546.00
9238,206987656,2262.30
9239,406863296,2898.10
9240,403180726,655.00
9241,531084861,5000.00
9242,212214648,621.50
9243,15190442246,94.80
9244,31679931806,192.10
9245,168964891,547.00
9246,459144043,854.00
9247,1310579435,482.60
9248,531084861,5000.00
9249,531084861,5000.00
9250,507653613,2245.10
9251,373520107,1914.80
9252,2347816695,135.90
9253,60779152062,240.40
9254,395320543,1073.20
9255,415986119,1196.40
9256,418103076,636.80
9257,396236090,1116.80
9258,549684200,540.90
9259,392290430,1714.40
9260,520655352,2382.80
9261,27620621890,208.90
9262,123224971365,266.20
9263,356710554,1106.30
9264,456153126,559.10
9265,941141987284,22.10
9266,541146417,747.70
9267,43030981100,78.50
9268,531084861,5000.00
9269,426483478,1278.20
9270,209108799,648.80
9271,98023760428,229.00
9272,342235658,1747.70
9273,534388057,4551.10
9274,191952675,1643.80
9275,237944810,609.10
9276,594338631,3230.80
9277,315710251,1785.80
9278,125306458773,229.70
9279,282467854645,366.40
9280,509087666,2645.00
9281,404403729,753.40
9282,467305356,692.70
9283,46548322112,61.90
9284,123797288225,305.70
9285,531084861,5000.00
9286,10145824354,195.60
9287,223950752,563.40
9288,678353827,511.20
9289,309537895,1732.50
9290,328875323,1736.30
9291,524885918,941.20
9292,396370236,798.70
9293,457627821,2271.00
9294,220534000839,370.00
9295,481505692,2204.50
9296,716395045781,22.60
9297,45116392994,233.30
9298,430673900,541.50
9299,475218415,4903.10
9300,245312987789,253.10
9301,58359038836,226.20
9302,487575199,2160.10
9303,385153650,1510.00
9304,1104463096648,36.20
9305,2993028299,133.70
9306,106366881985,253.90
9307,4705623873,441.20
9308,625611230,3221.60
9309,263719832,588.60
9310,18905320726,67.30
9311,18386057436,172.40
9312,327488417,1419.30
9313,480848096,3165.30
9314,470155059,2089.80
9315,1630920993817,27.30
9316,45547130603,218.00
9317,516705915,4846.80
9318,984379390834,30.00
9319,6188214460,136.60
9320,1303021488,463.60
9321,376080508,1394.10
9322,506814498,2906.70
9323,14969803906,77.60
9324,5270016829,152.30
9325,365063429,1816.30
9326,409139101,789.40
9327,491924684,3449.90
9328,27006793396,421.80
9329,440549810,845.40
9330,392435356738,342.20
9331,311058101940,44.40
9332,167817995,1579.00
9333,60779152062,240.40
9334,428241678,1398.10
9335,1303021488,463.60
9336,8097802607,442.30
9337,176177855,1494.30
9338,337973890,1684.90
9339,228049481204,262.60
9340,432975448,1080.70
9341,379647321,1140.80
9342,404542399,2515.40
9343,490904148,728.10
9344,997223694284,13.50
9345,215915485,1438.60
9346,359651296345,344.60
9347,3003036343849,5.10
9348,307860353792,286.70
9349,3158748199,462.00
9350,416939758,2332.40
9351,3403745457,155.10
9352,17079407255,61.70
9353,20569772093,423.90
9354,373635199,1009.10
9355,360563857129,338.60
9356,530591416,751.70
9357,7170046566705,3.60
9358,315414077,1595.20
9359,8029514753,140.10
9360,307033501,508.60
9361,38006594873,194.10
9362,483748056,598.80
9363,461427563,968.00
9364,440644108,4575.10
9365,14396293574,84.80
9366,447585126,797.80
9367,326896573,1043.60
9368,483653767,924.40
9369,128782956169,343.30
9370,531084861,5000.00
9371,12465919323,168.80
9372,15224857165,416.00
9373,12865810663,110.80
9374,6971792646,122.30
9375,409192612,583.30
9376,10442287762,94.60
9377,6746773419,448.50
9378,493174802,2330.50
9379,397624585,4100.30
9380,14610927870,100.10
9381,251947320,739.60
9382,7919866709,428.00
9383,508071806,787.60
9384,865333588,474.70
9385,499876075,2033.90
9386,193019225,1876.20
9387,110052363449,374.50
9388,263937088621,35.90
9389,258148384499,364.30
9390,531084861,5000.00
9391,485220727,2023.30
9392,408567594,2520.30
9393,396955876,1071.10
9394,30827622954,196.30
9395,357519972,1980.40
9396,401958648,823.00
9397,437741480,2535.50
9398,220923352576,329.30
9399,598096065,526.80
9400,330656374,1593.00
9401,403571730,1384.80
9402,138757449834,234.70
9403,131642546,703.00
9404,410760514,2621.30
9405,694208950,516.40
9406,214174818,652.30
9407,531084861,5000.00
9408,37979455152,241.00
9409,212361590609,43.60
9410,394351365,1147.50
9411,400121369,2223.20
9412,437270064,660.40
9413,524485890,2077.70
9414,516762367,2980.10
9415,433965341,994.00
9416,508479792,2579.90
9417,318243318,1198.60
9418,623759378,3218.70
9419,444636381,2680.10
9420,33177680437,197.80
9421,299868031315,274.60
9422,157144587,970.10
9423,138059057,1607.90
9424,564330841,545.50
9425,433934478,2563.90
9426,343975310,1283.50
9427,324130185,1295.90
9428,507377133,851.60
9429,46164101023,86.90
9430,414123592,1195.00
9431,168908915,1014.30
9432,366804141494,338.20
9433,388054314314,297.50
9434,88566249692,380.50
9435,1119189141,492.90
9436,384428543,1419.50
9437,7003795247,429.30
9438,398690193,1735.90
9439,198416942,808.90
9440,31098129308,417.00
9441,326929612,1127.50
9442,757059250132,27.00
9443,33581854481,221.70
9444,424518057,4211.30
9445,389708158,1927.50
9446,316505432,1539.10
9447,531084861,5000.00
9448,422780898,1892.60
9449,531084861,5000.00
9450,531084861,5000.00
9451,245963348816,308.80
9452,14974935941,432.80
9453,700712599,484.80
9454,370430241,1082.50
9455,681064899,484.60
9456,155135747,1294.10
9457,347762831,1474.30
9458,1151404873320,20.40
9459,430652009,4774.80
9460,21196209223,213.80
9461,7046661878,420.90
9462,474800770,897.80
9463,523151648,620.50
9464,472244398,878.30
9465,404437859,606.90
9466,90352153762,249.20
9467,700712599,484.80
9468,257546285,699.10
9469,12611299765,433.80
9470,52626368809,383.30
9471,400415587704,347.50
9472,247282078272,309.90
9473,19217373170,87.60
9474,386978601,1649.40
9475,188832840619,370.10
9476,529735481,3703.00
9477,394489052,876.10
9478,246975668,2134.70
9479,517651178,680.00
9480,551980926225,26.00
9481,6147154252,48.40
9482,267708122,702.70
9483,573944803,3970.40
9484,408958242,1499.90
9485,161034684,860.70
9486,56998534694,73.70
9487,98586841788,251.00
9488,328767614,1488.40
9489,407881305,859.50
9490,2955026242717,6.20
9491,460796941,2647.00
9492,395409531,564.80
9493,110532854355,348.90
9494,623741791,3787.90
9495,388408230,4130.80
9496,172424893824,374.40
9497,197329731,1217.10
9498,446561423,568.10
9499,427137595,2155.70
9500,524940848,686.30
9501,378730634,1390.60
9502,561049984,3991.20
9503,411046893,1084.00
9504,509380097,2011.50
9505,531084861,5000.00
9506,399979954,1094.70
9507,528307590,2434.80
9508,242273707578,251.70
9509,322663430,1009.80
9510,426970983,1638.30
9511,10659363973,189.00
9512,342828079,1410.20
9513,432604018342,315.80
9514,195177366,636.50
9515,526817453,2458.20
9516,260961290,808.40
9517,93950544300,388.90
9518,132731478329,383.10
9519,240690111,637.00
9520,197191864,1431.60
9521,48537091296,57.30
9522,7322525806,134.60
9523,16253569640,196.10
9524,531371841,2111.00
9525,1356793290496,38.80
9526,6910021929,100.80
9527,556329040,546.60
9528,10860646517,153.20
9529,11276199096,96.30
9530,433544843,639.50
9531,91746820453,222.50
9532,17619959052,425.80
9533,489895829,822.90
9534,270379304,900.60
9535,4578759865,455.10
9536,500013701,2304.00
9537,233318952,880.20
9538,5228482684,152.10
9539,1111665192,491.80
9540,17848420771,193.00
9541,244334715,933.20
9542,376713954,1878.90
9543,491990812,3242.70
9544,50839991304,236.60
9545,339879901,1047.70
9546,531084861,5000.00
9547,347419325,1374.10
9548,440911009,2139.80
9549,31150299116,209.30
9550,221705520,989.00
9551,41103936333,216.80
9552,410500200,1924.10
9553,213220016,931.30
9554,473666402101,340.60
9555,207325390948,259.00
9556,185799849,1688.90
9557,372487469,1461.20
9558,499291249,3029.30
9559,6831336661,138.30
9560,3061893510,163.40
9561,354188134,1546.00
9562,531084861,5000.00
9563,399491064,887.80
9564,531084861,5000.00
9565,386024567,1630.90
9566,39601152053,94.30
9567,35820702526,416.70
9568,151554689168,376.50
9569,348276580,1024.80
9570,2761378462646,9.10
9571,500273052,723.60
9572,20760078600,220.30
9573,481126786,608.50
9574,432490777,1079.40
9575,164433026268,248.00
9576,60607618400,248.30
9577,344668412,1362.90
9578,3061893510,163.40
9579,406165252,1818.10
9580,251130464,550.10
9581,491888415,933.10
9582,204229885,794.30
9583,39411360643,50.70
9584,41103963030,409.40
9585,326614158,1304.70
9586,398502920,1554.00
9587,512402757,983.60
9588,401744203,1330.30
9589,167149944,1773.60
9590,6261562908872,14.70
9591,4455271599,117.60
9592,349725833,1714.90
9593,301885800778,358.70
9594,455246187,4552.70
9595,454465651,4610.00
9596,388609116,654.10
9597,954030722648,41.30
9598,24014332218,71.00
9599,526079214,3212.80
9600,626567635,513.30
9601,34604109933,99.00
9602,384847213,1375.70
9603,410984039,1550.20
9604,531084861,5000.00
9605,62472407427,214.20
9606,523424393,584.00
9607,390104473,1967.00
9608,365504551,1426.60
9609,479379762724,324.40
9610,400313613,761.40
9611,344063739,1591.80
9612,416973999,1069.80
9613,360045399465,310.00
9614,387163859,1237.70
9615,153970413372,234.20
9616,420250056,1209.20
9617,534398600,4192.50
9618,384715632,1377.20
9619,510104628,2026.40
9620,129319709358,283.90
9621,9343743530,150.00
9622,511280623,3691.20
9623,27753414569,231.90
9624,941141987284,22.10
9625,207552528,655.30
9626,531084861,5000.00
9627,117921165,638.30
9628,173283826493,275.60
9629,586862508,3780.60
9630,17079407255,61.70
9631,3153450932478,42.00
9632,2012470752,475.10
9633,437574020,613.80
9634,190898254,1008.00
9635,362821548,1594.20
9636,12400062938,80.80
9637,53678526954,405.50
9638,445392304,543.70
9639,3840232238,143.80
9640,16466147480,53.50
9641,531084861,5000.00
9642,353315360,1548.90
9643,195570939,1342.60
9644,387705803,1855.50
9645,531084861,5000.00
9646,143721904353,275.00
9647,184600965916,244.50
9648,66966762760,256.70
9649,1754934967,458.50
9650,62437534356,237.80
9651,426267150,864.80
9652,17422183929,174.60
9653,341556554,1245.90
9654,2881536822,450.40
9655,406965512,796.70
9656,416522848,671.30
9657,346279713,1504.30
9658,1132665544,486.80
9659,20775134030,83.00
9660,449856629,4236.60
9661,177317938829,286.20
9662,407593553,4916.50
9663,363597564,1450.60
9664,427052602,783.20
9665,82863642633,215.50
9666,269952160,502.60
9667,524771796,941.70
9668,456931124,2631.70
9669,4005821249,453.30
9670,309511289,1457.10
9671,37394100546,97.00
9672,333797907,1383.90
9673,409475457,1736.70
9674,1137373686,484.50
9675,1214448332,454.90
9676,51024414277,69.00
9677,12976173965,87.10
9678,253895553,537.10
9679,119857924,1573.50
9680,107888143,1289.30
9681,376219391,1109.30
9682,408873435,666.50
9683,89829798934,267.40
9684,261062070,620.10
9685,516184948,2080.00
9686,1463715455609,3.20
9687,431461164,1485.60
9688,97502000691,228.60
9689,338497149,508.40
9690,531084861,5000.00
9691,32284906820,216.10
9692,319690879,1361.30
9693,803983693,502.70
9694,770172098,498.50
9695,367570914,1539.40
9696,262330516,2110.60
9697,493204622,2018.60
9698,531084861,5000.00
9699,847568738,462.70
9700,589689180,3306.80
9701,13961594503,109.30
9702,5728978031,113.50
9703,333444911,1288.90
9704,406067505,1354.70
9705,518378117,2171.10
9706,461425173,638.60
9707,401825725,1294.40
9708,280118761148,264.20
9709,208638808,1086.90
9710,388569903,976.40
9711,397056202,587.70
9712,134729637437,381.10
9713,373198126,1488.30
9714,428555461,1322.50
9715,346693802,1085.20
9716,391759284,1273.00
9717,22646841268,423.50
9718,172509301,1292.70
9719,475189110,820.40
9720,1727131077901,27.40
9721,166448901,1842.40
9722,432580868,1479.50
9723,455602015,747.40
9724,531533338,3065.20
9725,365575569,1255.60
9726,609985899,3350.30
9727,187108383,1120.30
9728,457618231,2652.90
9729,480612250,2709.20
9730,47896925517,53.10
9731,106492835320,246.80
9732,233646580,897.30
9733,30938242841,98.00
9734,8180515658,132.60
9735,519051689,2980.60
9736,4108716087,111.60
9737,509864959,783.00
9738,423891398,1211.90
9739,317124461,1542.30
9740,7041866312,433.50
9741,1989769798021,18.60
9742,57205714716,255.00
9743,371806785,1911.90
9744,473883349,2474.30
9745,10666373320,115.00
9746,190898254,1008.00
9747,44661103077,204.80
9748,416082809,1597.10
9749,15726385772,168.60
9750,387072520,1029.10
9751,401582626,2874.20
9752,179422197531,353.60
9753,34865035304,415.40
9754,6914727039,123.50
9755,426360352,764.20
9756,419534421,1158.90
9757,268655308,557.10
9758,483882659,802.50
9759,537156710,3226.70
9760,241945337,996.90
9761,475448121858,336.80
9762,400844331,2253.40
9763,350810480,1863.10
9764,414015007,2308.90
9765,428386699,2681.00
9766,42364096558,395.30
9767,212940733,1405.40
9768,506591481,995.40
9769,503378947,608.00
9770,432534548,981.80
9771,7100793071,123.30
9772,14004803141,430.40
9773,573082648,3212.70
9774,8352613457,146.50
9775,214051344,858.10
9776,392064517,1692.70
9777,394500854,766.10
9778,2159926060,135.60
9779,25361101322,400.10
9780,444646833,2533.30
9781,626510251,3886.60
9782,238152050,821.50
9783,373855896,1530.20
9784,109333362697,372.20
9785,260961290,808.40
9786,12037860477,420.10
9787,14409270240,85.10
9788,64756649322,362.60
9789,224572477,679.80
9790,197316905,981.90
9791,423819459,1035.50
9792,231994979,604.70
9793,515716084,872.90
9794,530663582,2830.40
9795,12518417895,85.00
9796,521807954,856.20
9797,428482307,2461.70
9798,531084861,5000.00
9799,512721063,625.50
9800,64756649322,362.60
9801,609822777,520.70
9802,206232160,1178.60
9803,75345162836,263.70
9804,318403056,1906.00
9805,229220769,2162.30
9806,502601055,637.80
9807,374115205,1049.40
9808,354398418,1038.30
9809,14508954839,205.00
9810,6386373149,449.50
9811,237252948986,321.60
9812,457784590,2045.10
9813,209769240,791.40
9814,531553366,3801.90
9815,255898888,631.40
9816,124504833636,235.60
9817,319761938,1677.60
9818,328687845,1334.80
9819,412705805,746.30
9820,487443013,771.80
9821,441688364,683.40
9822,146693301777,270.80
9823,52954613460,391.00
9824,11818902011,157.00
9825,370594162,1569.50
9826,27352947234,403.10
9827,417716450,660.20
9828,398701197,1290.40
9829,456368673,709.70
9830,25361101322,400.10
9831,419662020,1472.10
9832,191942415963,321.10
9833,378507475,1018.40
9834,427787221,762.80
9835,181622134082,334.40
9836,232701440,662.00
9837,538196737,568.60
9838,440430186,831.30
9839,515415818,2384.90
9840,531084861,5000.00
9841,116047777971,260.60
9842,432047634,501.00
9843,446784866,4970.00
9844,531084861,5000.00
9845,506710045,4159.70
9846,641249802,3451.00
9847,476923560,2523.70
9848,348319021607,280.90
9849,454823618,555.90
9850,207926363,807.70
9851,789949459,506.20
9852,382229680,1825.10
9853,421895762,1483.40
9854,53111136601,376.20
9855,498458734,2465.20
9856,472753634017,315.40
9857,407534835,607.90
9858,227611607597,329.20
9859,10456910743,117.90
9860,598916084,3271.10
9861,319619154,1653.10
9862,140184490,688.60
9863,429881363,4956.30
9864,412640623,846.50
9865,2361576069,450.90
9866,445426090,828.80
9867,2472989273,452.60
9868,28268980792,77.90
9869,503295158794,313.40
9870,31596691521,188.60
9871,2806904836,439.30
9872,416243511,1453.60
9873,529772212,3108.80
9874,531084861,5000.00
9875,24795995276,75.00
9876,244528305666,359.80
9877,222719368658,316.50
9878,450431981,531.90
9879,450656276,688.90
9880,147760609219,277.80
9881,358701352,1325.20
9882,11165615865,420.70
9883,318188625,1433.50
9884,1396536705564,28.00
9885,305188094,529.30
9886,44124713251,230.80
9887,486736225,4120.40
9888,224651311,2246.70
9889,62720516559,260.70
9890,369047555,1492.10
9891,531084861,5000.00
9892,15982061531,55.60
9893,229240724,725.20
9894,216332989,718.10
9895,32402982232,190.50
9896,164411800651,291.80
9897,198840420,2412.60
9898,387365492,1731.00
9899,518665524,3450.00
9900,5015131933006,6.10
9901,659625308,503.20
9902,183842817274,306.40
9903,235304464690,332.40
9904,47098465983,67.10
9905,555230752,561.30
9906,402671489,724.50
9907,166448901,1842.40
9908,380589736,1763.80
9909,408837612,1475.10
9910,7459802308,185.40
9911,18688632583,180.00
9912,531084861,5000.00
9913,237507044513,323.40
9914,531084861,5000.00
9915,313986211,1110.80
9916,449293516,2576.00
9917,433486859,895.90
9918,416872584,1079.30
9919,419702980,1039.50
9920,539000451,2533.10
9921,3246475537,124.50
9922,386007688,1097.80
9923,438567643,2222.10
9924,7578381679,446.30
9925,312390115822,349.00
9926,3268765104556,6.90
9927,400553030443,320.50
9928,26957683241,399.10
9929,231473755,2586.00
9930,929170798149,28.40
9931,464651271368,326.90
9932,555395840542,41.20
9933,461387993,4377.90
9934,117591342003,342.90
9935,456202657,2070.60
9936,236227746,801.20
9937,15665365175,176.30
9938,490598777,2423.90
9939,44501656986,199.00
9940,954030722648,41.30
9941,392071235,1361.60
9942,472923719,4291.30
9943,485461565,3587.40
9944,438087081445,297.40
9945,183406234,1036.60
9946,318857722077,276.50
9947,7321134733,441.00
9948,403852167,1005.00
9949,474445368,4931.30
9950,468589482,928.80
9951,9015740529,101.10
9952,531084861,5000.00
9953,504268240530,332.80
9954,214865908,596.10
9955,181634102,1465.40
9956,376169627,1569.80
9957,194095291,1081.50
9958,54102466573,81.80
9959,534107022,588.70
9960,46244070827,393.90
9961,15341287638,414.50
9962,405305677,2348.20
9963,508412952,737.50
9964,394330130,667.50
9965,19005564883,57.00
9966,228983525023,333.60
9967,355089492,1073.40
9968,20744724501,84.30
9969,169140557,826.40
9970,434077389,693.10
9971,928276814,477.60
9972,328949121,1713.60
9973,345630503231,291.30
9974,90933143236,269.10
9975,544479731,3100.00
9976,303527631,497.50
9977,95295692568,244.70
9978,20760078600,220.30
9979,399599049,1505.10
9980,460239405,734.60
9981,413196845,586.60
9982,338042070,1545.10
9983,412137732,731.00
9984,523979854,862.70
9985,4671834007,117.20
9986,525845746,575.50
9987,429215222,573.60
9988,175334405,644.70
9989,259293439,879.30
9990,159233101,1386.30
9991,503053512,981.00
9992,445277385,2221.90
9993,65559837547,233.70
9994,17846241039,54.40
9995,9147538167,190.00
9996,177308037,987.20
9997,391997015,506.60
9998,405216616,1690.90
9999,446319627,732.00
