Name,Pig6
Score,0.4184
LockedUpRTP,
Rtp,96.99999999473759
Win Ranges
0,0.1,1 in never
0.1,1,1 in 274.464
1,2,1 in 104.945
2,3,1 in 62.212
3,5,1 in 25.924
5,10,1 in 8.377
10,20,1 in 3.791
20,50,1 in 3.406
50,100,1 in 2572.662
100,200,1 in 125.445
200,500,1 in 4.097
500,1000,1 in 867.140
1000,2000,1 in 1243.873
2000,3000,1 in 2545.135
3000,5001,1 in 1772.252
Distribution
0,2078713568,115.80
1,460865037,868.10
2,531084861,5000.00
3,173185828977,231.80
4,3568470176,512.60
5,240867673,3660.60
6,546687464,4744.80
7,968854579,718.50
8,71734647961,337.40
9,508967041,2308.50
10,1002619568,662.50
11,20250150428,208.50
12,400846780,2474.20
13,97908100,696.40
14,531084861,5000.00
15,374524159,1254.90
16,89970379,768.10
17,197443768254,259.70
18,502173826,85.10
19,200713987,4914.80
20,10155926722,159.20
21,178103343,1536.30
22,454797139,4493.50
23,182837990,639.20
24,139275652284,388.10
25,342355721,1667.00
26,294464091,1289.30
27,629544898,652.50
28,26115947471,389.10
29,168876213,978.90
30,442151975,1398.90
31,2059356670,531.50
32,552599727,872.40
33,606287857,1383.50
34,33492604186,184.10
35,835386126,1878.50
36,1112150813,516.60
37,1181490625,3044.40
38,849564262,2302.30
39,979924703,133.40
40,60295254,2652.70
41,1033406435,2347.40
42,454113801766,302.50
43,1089085245597,12.90
44,485328732812,289.70
45,531084861,5000.00
46,1967353130,120.70
47,585806601015,42.80
48,195502142,3065.30
49,779749450,937.00
50,636596826,1121.30
51,126329829,1140.30
52,3051690762,169.80
53,134487117,1640.70
54,81342616820,372.50
55,195318524,4144.60
56,1687333412,147.70
57,24591281926,363.70
58,5071903316,130.40
59,996509631,844.80
60,190740012,604.70
61,5210889251,492.30
62,766275425,1415.80
63,1033262876,2406.60
64,220866246559,342.10
65,151425105066,350.40
66,2462780198613,22.00
67,427130538,79.60
68,859730224084,302.30
69,46076825637,230.10
70,1019342643,3268.90
71,5953139245,151.50
72,329070134,1686.00
73,56948168,1855.40
74,83220099884,259.40
75,224976450002,236.70
76,844179314,1251.80
77,28008404,658.40
78,1109414295,921.00
79,433433793,1479.10
80,48549386594,396.20
81,59237608,3773.50
82,3323313525,96.70
83,91677575,3631.80
84,390000282,1931.80
85,330469317,4166.20
86,1235535451,551.90
87,249396661,2811.30
88,1541828059,85.40
89,390987271,789.00
90,9253044517,141.70
91,38247901,2569.00
92,531084861,5000.00
93,2789551615,495.90
94,211589586,2978.30
95,20309473886,410.40
96,349212506,847.40
97,792552942,1223.50
98,1032284543,3697.30
99,342274278,1035.00
100,2357355763693,13.50
101,6947865078,489.20
102,531084861,5000.00
103,531084861,5000.00
104,273709290,998.40
105,632811224,513.10
106,16374698221,466.60
107,135873072,2911.10
108,1039309099,836.70
109,779147583,4148.40
110,100177484,1555.00
111,466735955,122.20
112,531084861,5000.00
113,930897522,975.20
114,173795109,2070.10
115,137234910,662.20
116,525491200,51.30
117,12784675394,442.20
118,76071803,1120.30
119,60101834776,306.10
120,50194343475,415.60
121,108927572,988.60
122,97771320,2267.70
123,4076736457,152.10
124,234439838,3148.40
125,191125902,1052.80
126,217057990,1723.50
127,692713329,1868.00
128,1220677480,530.70
129,16652810853,407.70
130,2706636621,417.20
131,374524159,1254.90
132,87247743,2593.60
133,875566580,116.90
134,753369854,3105.80
135,33309327,888.00
136,455259291,1319.90
137,350142389,747.00
138,8726374353,174.80
139,369156260,891.50
140,1094405071,123.60
141,230533117,728.50
142,701668995,1233.80
143,639045592,968.60
144,432820645,1588.30
145,563071832,1678.90
146,482529248,844.70
147,122006382,1648.90
148,645202894,1832.30
149,374450954,1799.00
150,372876749,1577.50
151,682004228,3182.90
152,104728592,1536.70
153,155087609806,368.30
154,491308602,54.20
155,195206373,772.60
156,579828455,774.70
157,113951217,881.60
158,338535259989,320.90
159,74223035,1629.40
160,400408644670,274.70
161,290440615,1899.20
162,143897413,898.70
163,649789659,872.00
164,54110397140,271.70
165,22027214024,403.70
166,2920225152,140.30
167,4886105792,431.40
168,6058551549,165.30
169,446696401,1118.50
170,531084861,5000.00
171,240509314,1255.00
172,16475165821,155.70
173,70254877,1147.80
174,5076629225,488.40
175,945014567079,22.40
176,1064712180,60.80
177,552203623,2692.00
178,125033567,4431.60
179,238609345,1998.20
180,2439182758,134.30
181,692839680,2193.00
182,298103123,2581.30
183,511253237,1097.70
184,753770983,654.80
185,182094126,1512.50
186,385353022,858.70
187,363873144,952.90
188,252617967568,335.40
189,130425315,1972.20
190,325197716,609.10
191,145187951950,329.80
192,990613947,682.70
193,623476908,1984.00
194,1133558327,511.40
195,3023727278,144.90
196,1083391983,613.10
197,76288216720,255.60
198,398855839,1072.80
199,737395585540,291.50
200,8450815279,153.40
201,1155538655,3628.50
202,1050300336,104.60
203,5109666958756,18.50
204,251385027,1064.50
205,50834943648,380.50
206,250609323724,262.30
207,1044730902,72.60
208,627746615657,45.20
209,412154416,814.10
210,813826649,1349.50
211,530469790,4531.40
212,125968748665,268.40
213,173678058,914.50
214,56839616,1021.30
215,919734849,2467.10
216,531084861,5000.00
217,1321570816860,15.70
218,31501957839,175.60
219,59253411,605.00
220,531084861,5000.00
221,401573510,816.70
222,685627190,72.00
223,70198588,1162.10
224,233165012,4069.40
225,857145628,3727.40
226,476395369,626.90
227,74671643138,418.30
228,281856180,2804.80
229,451068840,611.90
230,306728351,492.70
231,517057631397,279.60
232,617039454,2899.80
233,787959828,1346.20
234,19756064775,399.80
235,768321824,4942.70
236,834640428,661.60
237,19511604316,453.90
238,130574112,1270.20
239,411675794,2420.50
240,1114933542,864.70
241,701471831,3239.30
242,1207434611,3516.50
243,870143400,3076.20
244,126531660,1428.70
245,87770149,1056.80
246,479875132,652.80
247,640959365,1310.20
248,316382997,49.90
249,389902245254,337.10
250,7242708169,397.20
251,385376908,1465.40
252,761942732,1588.70
253,16447105896,437.00
254,828847656,580.80
255,571092657,605.70
256,5258274063,473.60
257,106845417,553.00
258,466784396637,281.40
259,904714309,1543.90
260,319000492235,253.60
261,63054854,753.80
262,334042614,706.70
263,127910304,948.50
264,312255182,3096.60
265,190089931,2408.80
266,227791550317,291.00
267,531084861,5000.00
268,493131840,105.30
269,736516634,906.00
270,288347945,855.90
271,891612535,1646.30
272,1061149063,839.30
273,126364241,1712.70
274,715286321,899.00
275,3867383901,130.90
276,296979915,54.40
277,3446292775,144.00
278,930643388,2417.70
279,2500598230,484.90
280,377132434,1302.70
281,531084861,5000.00
282,228372046,819.70
283,1006185765,4754.60
284,498077282,1526.10
285,565738328308,300.50
286,428693976,510.80
287,337585265,641.70
288,125837058820,329.50
289,1018317015,664.80
290,347490192,859.80
291,197627639,765.80
292,546211687,1118.60
293,889557617263,39.50
294,519695822,1761.70
295,158360137222,310.70
296,148250393820,273.00
297,203567248,629.20
298,8697564621,485.50
299,271249081,2018.80
300,483187265,664.00
301,1000892056,2070.90
302,654009003,1134.50
303,2767671865478,33.50
304,273447635,1365.00
305,107343264055,268.00
306,373554323,677.60
307,597730552,1422.80
308,510194659,721.90
309,2868317464,128.40
310,992999226,563.50
311,508952852,2663.00
312,530612964,2043.70
313,871726413110,41.40
314,263831369235,329.60
315,88266398127,405.40
316,826780462271,44.80
317,130849043,1005.80
318,119557489970,265.80
319,76434809861,225.10
320,1376536164,136.10
321,101852289387,199.70
322,57045958,1303.80
323,236505083537,361.20
324,71964903,930.10
325,2325389576167,41.60
326,960913462,3833.80
327,2702565529,152.70
328,372517208,1050.70
329,273741926,701.70
330,22158235,1391.70
331,26773632686,439.00
332,41667790733,210.50
333,1119709245,4366.40
334,839058241,807.10
335,201164283,998.50
336,467966550,1441.10
337,142223514,785.40
338,532928165,1574.60
339,531084861,5000.00
340,2775143507701,35.80
341,531084861,5000.00
342,320813260,1290.20
343,1632567252,454.90
344,179106077,4158.50
345,480949573351,305.60
346,695953377,75.90
347,1038806101,2107.70
348,1577512134577,18.10
349,1261415016,523.50
350,835234195,655.90
351,89733013127,345.80
352,1153887407,79.00
353,35762014450,369.70
354,47551956197,399.10
355,1900266830936,35.30
356,113615645,1234.80
357,429196331,1008.40
358,79100932922,198.70
359,799380315,494.70
360,839863107,1233.20
361,513824860,53.60
362,221175886,1067.30
363,870117795,3233.20
364,791138950,684.00
365,27266705350,341.70
366,128259702190,273.40
367,531084861,5000.00
368,114448148525,288.60
369,368306663,4172.00
370,627945635,1041.90
371,251591421,569.00
372,5293554613,495.10
373,833730598,754.60
374,55861943927,231.50
375,124875470,908.80
376,190665690,1643.80
377,100260576,1473.20
378,770676112,1664.90
379,206690870,795.90
380,361944001811,332.50
381,2270570665,529.20
382,34616223790,212.10
383,374450954,1799.00
384,276950974,960.80
385,563124167,1028.70
386,342848135622,355.70
387,429001130,3745.50
388,72072581140,223.60
389,149369171161,264.00
390,1114728072,570.60
391,330501986,2610.50
392,358942429905,360.10
393,264707376,1516.80
394,597614702,1722.20
395,1030607082483,294.90
396,6682302625,169.30
397,627947976,1688.50
398,315448845,676.60
399,350795890,1275.30
400,212114903717,355.30
401,18535466536,156.30
402,1092652238,547.90
403,1086170272,482.30
404,460235567,98.40
405,2629955872,95.80
406,692803942,2085.50
407,7578865514,204.90
408,211579462,2950.30
409,1875397680766,36.30
410,355178310,511.30
411,51732938263,379.30
412,151740197861,247.00
413,272816455,1849.10
414,614892399,1362.70
415,1046147011,597.90
416,973916302,3609.00
417,854890161,2491.10
418,251873422,1536.40
419,3249185432,149.70
420,6758393017,412.50
421,628184842,1117.70
422,3442231966,158.30
423,530463608,973.50
424,2726687033775,7.20
425,649660040,2151.30
426,292901976,2123.50
427,161096890,1056.00
428,731531174,1893.90
429,644083599,2310.90
430,363823258,830.40
431,80487292,1615.80
432,36563733058,188.00
433,270678639,2770.10
434,52733594,1308.30
435,766153201,1804.90
436,350973760,1962.80
437,187043248,526.30
438,333278680,670.30
439,179736120137,353.50
440,18957795657,159.40
441,348399684,636.10
442,412259197,694.00
443,2002359743,163.70
444,6018268239,200.30
445,207283699,890.30
446,173376773595,243.70
447,809368358,585.50
448,187116022542,377.00
449,314134745,618.10
450,536013759,2545.40
451,1237814621,568.40
452,506337794,943.50
453,44422091566,403.90
454,244074833,2019.10
455,273709290,998.40
456,415962430,1899.00
457,24832896239,190.80
458,146283172212,213.00
459,477411719,761.20
460,368782657,1208.50
461,553843893755,43.00
462,524597248,1062.20
463,94453507648,357.20
464,60452965246,304.20
465,610655029,3224.30
466,18151151287,406.70
467,346826480,1823.10
468,848891664,1082.00
469,241367580,545.20
470,818047654,1861.00
471,557586724,2769.40
472,649559258,3231.10
473,595560137,2010.70
474,286358831,1554.50
475,173522937,938.80
476,1230969685,585.40
477,822436221,1992.00
478,37147389,1863.00
479,10986644005,188.10
480,10057654666,450.60
481,522205601,794.10
482,182186397751,372.00
483,848571319,1336.70
484,685627190,72.00
485,533158999712,287.30
486,76126801,1359.90
487,179259968,816.00
488,531084861,5000.00
489,439661801,919.20
490,329630330,1231.10
491,531084861,5000.00
492,2571110559,458.60
493,682042905,2284.70
494,364415675,1010.60
495,900488868,1385.60
496,766314176,3659.80
497,298680562,871.80
498,66125317,998.80
499,208859552,1044.00
500,1535853857,93.20
501,868273045,87.10
502,601652712,778.70
503,287103012799,345.40
504,78775639,1370.00
505,536990712,1795.10
506,71108245,574.80
507,515548455,1551.20
508,904700338,1616.50
509,96095211,1445.50
510,865888872,1368.30
511,295956170233,319.60
512,68060112216,241.50
513,57683040,828.60
514,302044752562,289.90
515,6789157246,139.50
516,66600400,674.20
517,325296660,2065.80
518,1055973054,522.20
519,2878172068,487.10
520,660259850,2509.60
521,463610355,1729.50
522,35018544420,334.50
523,191068669,1434.10
524,96460302458,343.70
525,66470862,983.00
526,993353798,3565.10
527,272859818,1091.90
528,83151780460,388.70
529,92702686396,231.60
530,55909219481,335.30
531,596401965,884.50
532,570853655,80.80
533,5936952668552,1.80
534,953391730,753.30
535,681963779,2041.40
536,128001664852,372.30
537,573719309,4518.50
538,135950911,841.60
539,12993173244,198.40
540,4829434165,507.80
541,192756441077,386.90
542,82466791,108.70
543,2433266172,154.30
544,182625543,1047.90
545,11641175826,143.70
546,506913086,1423.30
547,363733145,715.70
548,584605020,2454.30
549,417079496,2636.60
550,16797645701,465.50
551,77049826316,315.30
552,3232128702097,18.30
553,667006320,1285.40
554,921017196,502.60
555,1511516626,422.90
556,7395607808,162.40
557,234546298,1029.00
558,451068840,611.90
559,12459456249,427.10
560,208520191,626.30
561,312226893,3340.40
562,2598188316,98.10
563,1055064915,2151.00
564,531084861,5000.00
565,455071295,1654.00
566,24073946074,371.40
567,662989783,649.90
568,1183837820337,21.40
569,211976544,809.60
570,231398540343,340.10
571,437458614,1893.20
572,92690882,2518.90
573,718488900,102.20
574,635721457,87.00
575,531084861,5000.00
576,359758713,1641.00
577,1168510962,3675.90
578,11702891217,178.50
579,1027598912,122.60
580,459276259,1490.70
581,1050413004,152.50
582,96295675677,409.70
583,854871124,2627.80
584,1349308685273,46.30
585,38050233846,258.90
586,1705980591,469.60
587,126253774,1326.20
588,2004065119,458.40
589,54571025321,226.00
590,520474909,721.80
591,531084861,5000.00
592,887619090,1407.40
593,368611746,1269.70
594,531084861,5000.00
595,175699168,1321.30
596,2906267038,90.90
597,170489160,1070.20
598,531084861,5000.00
599,39802923,1656.80
600,31518762324,200.40
601,392496951,606.00
602,2370816318,447.50
603,106368011354,215.40
604,963255287,2043.80
605,1239912750,3032.30
606,279826566,3345.10
607,531084861,5000.00
608,331692510,3416.90
609,1218213133527,20.20
610,344418994,1204.30
611,1265572026,123.00
612,25897358634,196.80
613,415284166,537.10
614,48980463501,395.20
615,573721639,4673.90
616,14523453725,381.40
617,784829973,2010.90
618,4709218522,447.70
619,931267499,825.20
620,1390228940,119.90
621,32930050,1415.70
622,136547704,1125.30
623,1803876242,542.70
624,214952085,3555.90
625,77183247139,240.80
626,960924119,3950.50
627,2708648418146,17.50
628,708843596535,25.90
629,378975951,1059.00
630,965719077260,294.40
631,1985347013335,11.10
632,325287579,1396.50
633,49274007,666.70
634,25888840,591.00
635,267341308164,298.80
636,747424841,702.40
637,77415512,575.80
638,402738599,1260.40
639,201023328278,340.20
640,41893807203,339.50
641,13023363560,445.80
642,96747256,106.50
643,386817592576,297.00
644,531084861,5000.00
645,708950495,2702.10
646,811770867,3263.20
647,454886272,2059.90
648,192956344,1073.70
649,309007340,663.90
650,545648034,646.10
651,485018254,517.90
652,109981741,868.60
653,432140881,571.00
654,914494878,2326.00
655,1867259247533,34.70
656,795584479,2277.90
657,857192067,1149.50
658,5761404851,431.30
659,204134521,1407.50
660,104043837,840.60
661,840054023,1306.50
662,719724525,2540.70
663,406143023,4777.40
664,319070816,110.50
665,93238890398,219.70
666,212231594,652.30
667,996196159,97.80
668,454721161,723.50
669,1068925526,58.60
670,619428024,1189.00
671,2310932745,95.30
672,427758063,4182.30
673,137104295,3000.10
674,531084861,5000.00
675,195471589,2180.30
676,303604882,1634.30
677,247361125,595.70
678,1259394210,3058.60
679,606903132,890.90
680,605583534,97.90
681,1268039623,112.90
682,2848629601665,45.40
683,441780308,1964.80
684,35577728600,366.70
685,531084861,5000.00
686,4554511019,464.90
687,334042614,706.70
688,1267080983594,37.60
689,2170286005976,7.70
690,417717191,1273.70
691,531084861,5000.00
692,7069955422,478.50
693,531084861,5000.00
694,638755313,2464.40
695,40266841181,433.10
696,483491912,52.80
697,417523584,894.50
698,3059095249,98.20
699,40262930212,390.70
700,247052893549,245.20
701,10303633459,474.80
702,168374004,2138.60
703,319789798,2421.40
704,471019307,4038.20
705,138461288264,216.70
706,18151151287,406.70
707,1528317966767,28.90
708,337405080,523.40
709,666048052,976.60
710,34957162508,417.70
711,277993169913,275.00
712,281680608,1173.80
713,692745565,1663.10
714,2607090273146,35.00
715,1785276133902,9.50
716,394256395,1805.70
717,19929789019,418.20
718,175219514,51.90
719,57274019,1439.70
720,619299114,1823.90
721,6028427350,147.50
722,1982507713,67.20
723,1022396497,4129.60
724,16748641848,172.20
725,160838962,1237.30
726,461036889,763.10
727,131664363,745.40
728,1189551455,95.10
729,1350589179,540.10
730,896069049,1216.40
731,502173826,85.10
732,1707789913,542.10
733,942432826,854.40
734,826831918,1443.80
735,411236108,1938.50
736,173510093506,308.40
737,463526650,1393.60
738,714898331,1070.00
739,763966914,860.40
740,779178375,2767.70
741,838719693,2401.50
742,772808494,3176.40
743,749877776,573.50
744,419485188,825.30
745,358169597,66.80
746,105806746,50.20
747,115910106,516.50
748,531084861,5000.00
749,316732992,633.90
750,157571821,2698.70
751,18081902937,200.60
752,779132122,4788.30
753,184553285,2736.40
754,216963783,1983.10
755,249220619377,285.90
756,117922647,1076.30
757,1156382607,76.60
758,948055539946,30.70
759,253573829,1226.30
760,2345021790,95.90
761,160720108,1968.40
762,40060214491,405.90
763,545886913,1194.00
764,162650196000,239.60
765,83137821,1426.10
766,48785096303,358.90
767,531084861,5000.00
768,59193876446,305.70
769,809552616,77.00
770,376989571,1347.80
771,93087302,879.80
772,1044474056,925.40
773,44571038394,223.20
774,1352800819,571.50
775,84493901827,241.40
776,744657333,1583.70
777,231223860557,275.90
778,85999880274,387.10
779,463593718,1439.00
780,2786623148426,45.50
781,383605584,3599.60
782,593356586,1270.00
783,186943555,1004.30
784,617954921,915.20
785,574290908,918.90
786,144146064160,345.70
787,16097596471,184.60
788,92674748,2983.00
789,681970874,2410.20
790,805259952,3531.70
791,37982747,552.60
792,1192035247,64.30
793,726149784,677.00
794,531084861,5000.00
795,2687931574394,33.60
796,1239887298,3215.50
797,446129641,1643.00
798,531084861,5000.00
799,883246753,687.60
800,919747794,2797.40
801,13939001023,150.40
802,1071153252,2027.80
803,1109019379,2031.70
804,15151277418,390.30
805,649551477,1131.90
806,10738948257,193.20
807,4434739196,477.70
808,331126462,517.70
809,714295303,1416.30
810,225944637,1336.80
811,1818617426,124.40
812,805376270,1638.00
813,1109149146,565.50
814,522208906,811.70
815,284436840814,47.70
816,2486083133,134.50
817,40262930212,390.70
818,1418835283,559.00
819,82336804,667.70
820,135297081070,347.30
821,298154082,2225.40
822,410254204090,346.50
823,9933770071,444.30
824,947954347,3270.90
825,444378461,915.70
826,156739351,90.70
827,844400502,922.00
828,84244461749,233.30
829,503762048,592.00
830,83374545,766.40
831,126305122,725.80
832,134487117,1640.70
833,4149445945,509.40
834,872196024,749.10
835,418087794,654.20
836,375189422671,332.60
837,341716696,877.50
838,119868061815,267.20
839,3442231966,158.30
840,46321273,2804.90
841,531084861,5000.00
842,26458933201,350.20
843,904637715,1179.10
844,320855801,1493.20
845,849435279,2931.20
846,632266601,1481.50
847,130511186,2336.60
848,10448363208,414.50
849,595341847,4758.20
850,174150632,1092.50
851,562901295,4839.30
852,368719911,732.90
853,144618747735,243.00
854,127615991486,222.80
855,221355997569,224.00
856,703453379,4100.50
857,2230102577534,4.90
858,925166405,2556.00
859,1967353130,120.70
860,531084861,5000.00
861,230111630,1128.30
862,6516190681,461.80
863,1814508846,136.90
864,16746590889,220.70
865,531084861,5000.00
866,463715740,1082.80
867,3885380472,150.50
868,233671153,701.50
869,17933309582,189.50
870,190696440,1760.00
871,799603074,156.50
872,11978592115,460.70
873,4243669070914,16.00
874,489751950,1451.60
875,212844890,1582.10
876,317122600,965.30
877,128987017340,327.90
878,10986644005,188.10
879,35754902389,189.20
880,433073594,550.10
881,116614004765,325.60
882,163941351403,303.20
883,4307754176,506.10
884,360370428,763.20
885,49420911765,435.70
886,120047406710,236.80
887,239265098,111.60
888,179171784,2725.00
889,638578411,617.60
890,531084861,5000.00
891,1152771632,483.60
892,66841738624,401.80
893,446350941,1062.40
894,953033461,824.00
895,560416543,619.00
896,531084861,5000.00
897,3473791454606,6.30
898,7393587554,197.20
899,62486172538,231.90
900,454841819,712.80
901,520011460,1418.10
902,602237480,1401.60
903,954469972,3388.50
904,649398931,4949.10
905,197627639,765.80
906,48152382291,190.40
907,214499578,1005.50
908,52633557585,180.10
909,27549657000,454.20
910,699140403,744.00
911,79994755831,355.50
912,610681446107,294.00
913,811643077,61.40
914,41515208,1389.60
915,770567404,1138.50
916,779498113,1193.40
917,563051680,2258.40
918,502389356,1785.30
919,2202322948255,9.70
920,105551952,589.60
921,457081508056,303.90
922,313953489,1888.70
923,336817420,942.80
924,103212560979,254.40
925,1033206763,4983.40
926,671622889,905.30
927,485155735,1755.50
928,1762651548,485.80
929,483597391573,339.00
930,372517208,1050.70
931,763940048,906.10
932,266530747,1217.10
933,24061184257,167.60
934,6953873770,179.10
935,97908100,696.40
936,176733850,553.80
937,481607243,540.20
938,536023935,834.90
939,22297341209,424.70
940,10578277217,177.30
941,127415354,2996.60
942,1078748368,100.80
943,2475693621,463.00
944,108861794,2511.20
945,91230740733,358.00
946,9241195759,174.70
947,182060114,697.00
948,13537116294,162.30
949,230146248,1136.60
950,515579746,1396.10
951,684041792,1341.80
952,3578318625,131.80
953,1978224877,91.80
954,62486172538,231.90
955,244202951,2059.00
956,279445081,1130.60
957,135297081070,347.30
958,442185636,1382.40
959,898061356,4974.30
960,102469734743,241.70
961,305343047,532.30
962,186763470,1683.80
963,399162019,1132.20
964,18546889120,197.40
965,818262458,727.60
966,338156191,1715.00
967,84368486,952.30
968,16699950580,168.10
969,130365010,805.10
970,557680706,782.00
971,229908782,1635.00
972,98209922,113.60
973,2652066407995,10.50
974,179736120137,353.50
975,698056719,4038.30
976,339032600361,301.80
977,13653372923,410.60
978,186898593,1388.40
979,182370906,1865.50
980,409530802,3946.90
981,801898785,59.10
982,575874203,1715.30
983,649588301,3264.40
984,531084861,5000.00
985,273119680,1943.20
986,597735657,1262.40
987,1356641024,3574.30
988,33792691205,174.30
989,957750407,2090.30
990,1340464908090,37.20
991,136547704,1125.30
992,299257215,1059.20
993,1056900141,526.90
994,590024604,2743.70
995,32806679,752.80
996,299202653,1267.40
997,6735996474,237.80
998,558936705,1468.20
999,531084861,5000.00
1000,109948515,666.80
1001,390872863,57.00
1002,26141813084,453.00
1003,67390773002,370.50
1004,762055252,1363.20
1005,40129331985,213.80
1006,568888050,928.70
1007,627906298,68.70
1008,226988264656,316.20
1009,303082490,1494.30
1010,18937560105,156.80
1011,1038927785,2050.10
1012,1130517768,4192.40
1013,944576204,85.90
1014,799603074,156.50
1015,407299249,1327.40
1016,1415277218,174.50
1017,5258498057,141.10
1018,82788505,1069.20
1019,531084861,5000.00
1020,51241708346,392.90
1021,1785276133902,9.50
1022,96167387,48.10
1023,12099118643,161.30
1024,531084861,5000.00
1025,1218552935261,31.30
1026,876613020,3266.40
1027,272955658,1020.80
1028,286264705,569.10
1029,189843836,831.00
1030,525165975,2539.90
1031,358476459,696.90
1032,904797940,1457.60
1033,558695960,668.40
1034,822500302,1264.40
1035,26348580952,424.50
1036,247941028006,298.90
1037,8829414964,160.00
1038,352083463,4573.00
1039,9859214061,166.00
1040,1056702844,657.90
1041,871094768,2465.00
1042,519858159,2368.00
1043,660344032,2035.80
1044,2680723888,107.90
1045,3784951210256,10.10
1046,533275228,1062.00
1047,1054876817,2898.20
1048,552253777,2357.90
1049,77460917,878.10
1050,144851033749,401.30
1051,531084861,5000.00
1052,439879384,774.00
1053,569367463,860.00
1054,489493220,1655.50
1055,2726687033775,7.20
1056,474010878,680.90
1057,2792568752,171.30
1058,547491612,785.80
1059,629668518,3707.20
1060,336588895,670.00
1061,531084861,5000.00
1062,531084861,5000.00
1063,3300953610,160.10
1064,877477884,744.80
1065,6028427350,147.50
1066,762289115,1237.90
1067,1086170272,482.30
1068,352139562,2297.90
1069,104377065,593.80
1070,35077398708,212.70
1071,77917770888,377.70
1072,503364987851,331.90
1073,81862994,2891.50
1074,696075613,73.30
1075,407208810877,337.30
1076,247805517,115.50
1077,952702851,102.50
1078,4164025143,174.00
1079,213004551,1178.20
1080,284395990,692.90
1081,1298251633,3136.60
1082,198068517,600.50
1083,28796632054,216.20
1084,693281514,976.50
1085,92819595,886.80
1086,1027649251,603.00
1087,1240980025007,29.30
1088,698854772,824.20
1089,839656762,1778.80
1090,82838993522,263.70
1091,887129317205,293.30
1092,3315077709,478.30
1093,33350971423,234.80
1094,448888219,629.40
1095,1099334425,721.30
1096,4602461099,141.20
1097,679859358,1129.90
1098,6754436984,201.40
1099,254776413,4002.60
1100,792063981,1890.10
1101,531084861,5000.00
1102,108865700,1630.00
1103,597894025,1036.70
1104,531084861,5000.00
1105,24484113342,387.20
1106,710336589,1198.70
1107,377471773,493.20
1108,156656618,1644.20
1109,358266245557,324.80
1110,530622419,2125.90
1111,31471515863,170.80
1112,1415277218,174.50
1113,247248940553,319.70
1114,2258974610949,8.10
1115,325216546,2260.80
1116,273643763,909.30
1117,5079187526,178.60
1118,618028871,914.60
1119,10058399848,485.30
1120,325003591,1076.70
1121,1569521490,80.10
1122,2926190251,465.10
1123,61475686985,204.20
1124,809552616,77.00
1125,311850915,1281.00
1126,18889929881,173.80
1127,627906298,68.70
1128,191165671,1404.70
1129,68596472742,230.80
1130,98009604,4625.90
1131,209451733009,324.20
1132,98604201243,343.90
1133,61358586,546.00
1134,147486098657,223.40
1135,385773376,1440.40
1136,368418965,1569.00
1137,223239884,644.60
1138,22273025273,177.20
1139,531084861,5000.00
1140,1860821937,502.50
1141,212505149,677.20
1142,381920185,539.10
1143,4561256639,508.70
1144,165829734,779.10
1145,396596590,3314.00
1146,532180222,671.60
1147,331691338,3420.60
1148,63196444485,251.20
1149,549983395,1348.20
1150,1443799260074,18.60
1151,148250393820,273.00
1152,962299726,608.90
1153,25633229,826.40
1154,498917097,660.70
1155,360257039,883.10
1156,199750557243,323.90
1157,109137312,1037.30
1158,487367758,2055.50
1159,502989991789,343.30
1160,503453107,4064.60
1161,4769312798,412.00
1162,549306315,702.10
1163,79410097,54.90
1164,251317921,1636.10
1165,1413465627795,19.40
1166,78693290,3747.30
1167,988549541583,4.40
1168,544131620,846.20
1169,155835601217,398.50
1170,766358076,1409.80
1171,316956468,1077.50
1172,385883343,1328.20
1173,28845352550,221.60
1174,450474517,1993.30
1175,421155862,68.30
1176,2495342329174,10.70
1177,57591207,817.10
1178,16964864477,435.60
1179,796508214,1206.90
1180,103252062523,227.70
1181,169187055,1455.60
1182,253856140,3821.90
1183,730186974757,312.90
1184,228408634,584.80
1185,168281272,4402.90
1186,29121899779,187.70
1187,4273790370508,18.40
1188,611998868,945.00
1189,208433030,3603.20
1190,137761501021,390.20
1191,41436554871,438.20
1192,839759143,1219.80
1193,325825152,870.20
1194,19082500850,208.90
1195,293477281,684.90
1196,705701454,1237.00
1197,531084861,5000.00
1198,351243795,1061.10
1199,747147594,885.40
1200,7493571518,453.40
1201,667192715,656.90
1202,92600439,4756.80
1203,23789958017,193.00
1204,270703110,1030.90
1205,649466267,1912.00
1206,692646378,4980.90
1207,57979339,1371.50
1208,882606455,949.80
1209,107122600730,384.80
1210,2685471809,467.70
1211,838605742,4957.40
1212,3645153959943,13.80
1213,762982081,2911.70
1214,3977995821,181.50
1215,942438858,529.40
1216,531084861,5000.00
1217,486261521155,276.30
1218,276563727,2507.70
1219,499611578676,29.00
1220,434277872146,23.60
1221,641585882,163.90
1222,316670215,2159.10
1223,192717819011,281.70
1224,538401341,637.20
1225,796448137867,34.50
1226,160015337861,347.00
1227,660431904,611.00
1228,211694399,883.00
1229,175460461,564.50
1230,853812346,623.80
1231,16018795273,172.60
1232,1013399427,593.50
1233,5151140135980,7.90
1234,115737871,628.50
1235,434277872146,23.60
1236,233188552,2612.10
1237,335088492446,344.10
1238,312235515,3415.70
1239,508780344,841.40
1240,878994109,1424.70
1241,91274708830,411.50
1242,531084861,5000.00
1243,900602585,1098.20
1244,5882522681677,12.50
1245,147577720623,257.70
1246,143718476,1003.90
1247,155491044,579.80
1248,103990451,950.90
1249,45062485956,408.20
1250,277753964,1183.40
1251,2706001422,84.40
1252,708949918,2857.80
1253,1017570702,901.60
1254,9659770072,140.80
1255,482057135,2021.20
1256,76963428196,321.20
1257,100745248,1005.40
1258,462859024,712.50
1259,428926233,718.20
1260,82788505,1069.20
1261,23891957262,420.90
1262,428880468,1432.00
1263,408393209,567.20
1264,384726004,547.30
1265,2538528675,527.00
1266,1804711558,81.10
1267,35038569325,195.40
1268,153938200,1945.00
1269,1067261778,88.80
1270,1511516626,422.90
1271,2086907304,126.10
1272,633652628,834.10
1273,260416792,1750.50
1274,14115876989,420.20
1275,833268438,2918.60
1276,522205601,794.10
1277,988549541583,4.40
1278,212781852,1233.10
1279,957537543,4267.90
1280,322694518,1008.10
1281,809552616,77.00
1282,1711552809252,31.80
1283,644617336,827.80
1284,177900021,1172.90
1285,66382280,818.00
1286,174584307562,311.20
1287,229207823,52.70
1288,531084861,5000.00
1289,2540728464,513.40
1290,116614004765,325.60
1291,222387515,2901.20
1292,74418167019,240.60
1293,276403642,4052.30
1294,531084861,5000.00
1295,415933320,1979.60
1296,1155626966,80.50
1297,679725524,1647.00
1298,531084861,5000.00
1299,61499502810,216.30
1300,698337130,2054.00
1301,531084861,5000.00
1302,333449424,1024.90
1303,935984109,2177.30
1304,251591421,569.00
1305,941469188,3932.50
1306,423149925,871.10
1307,65830146373,374.60
1308,91607120,1899.10
1309,954330229,529.10
1310,541467034,1081.30
1311,792811807254,309.40
1312,381307182,1727.30
1313,3075874453973,18.90
1314,720603087,808.30
1315,7923441876,478.00
1316,406165215,2865.50
1317,454795148,4479.60
1318,4173260893,489.70
1319,817075789,2232.40
1320,38472715436,237.70
1321,338456674,794.20
1322,801596986,871.90
1323,364949597,567.50
1324,531084861,5000.00
1325,4173260893,489.70
1326,446408065,1275.70
1327,11449760037,430.00
1328,15813939928,280.00
1329,611113690,1011.40
1330,42749878463,189.40
1331,56386184954,353.80
1332,18717500754,162.70
1333,1998870450,444.00
1334,936007158,2572.90
1335,88195848191,305.90
1336,459572526,1016.10
1337,454997596,3194.20
1338,705986425,1400.40
1339,164678506349,225.30
1340,123264587320,398.10
1341,1064742665,3068.70
1342,806378028,2049.30
1343,1092770490,2761.50
1344,43819811,987.40
1345,368364687,2758.80
1346,1220446460,3266.20
1347,896199491,1023.40
1348,817934979,949.30
1349,571284432,3332.10
1350,230112316,1459.80
1351,475282032,608.70
1352,46445063231,360.70
1353,427837530,2928.50
1354,390065705,2135.40
1355,136638138,866.30
1356,238555964,4337.30
1357,644808376,563.40
1358,531084861,5000.00
1359,1076464256,4114.20
1360,2938500294,154.60
1361,264712200,1277.90
1362,198478005,514.20
1363,995488640,2120.80
1364,584627608,2744.30
1365,482457524,973.40
1366,1106030440,572.30
1367,53372768,590.80
1368,498060597,2826.80
1369,106427645,566.80
1370,115777851,583.10
1371,197627639,765.80
1372,531084861,5000.00
1373,85224908,120.20
1374,653599552814,42.20
1375,438124081,1030.20
1376,16581959295,159.00
1377,531084861,5000.00
1378,1012828190,3127.60
1379,809665202,1386.00
1380,801063862,1341.20
1381,584498792,1792.80
1382,974959511,703.90
1383,602225350,1292.10
1384,24484113342,387.20
1385,104421365,820.20
1386,1108965981,2672.00
1387,60091133170,189.10
1388,1661517330167,11.80
1389,3354213525,493.90
1390,144126868,621.20
1391,359854903,1064.10
1392,103998761,781.00
1393,655524434,720.40
1394,567629742,1325.50
1395,511172503,1741.50
1396,2125291913,138.90
1397,347565847366,275.40
1398,35551521138,332.40
1399,282230072,1049.70
1400,442980521,604.10
1401,462738941233,31.20
1402,400811227579,269.20
1403,763563934,575.60
1404,106589482148,245.30
1405,1064948939525,302.90
1406,81766713498,328.50
1407,944576204,85.90
1408,539901999,602.60
1409,389995987,2630.20
1410,234033032,833.70
1411,152269775,1171.20
1412,73190629678,242.10
1413,208429006,3970.10
1414,100445421,2060.50
1415,1252580743261,24.30
1416,5794649002,212.60
1417,268330983,536.30
1418,952123489,4663.30
1419,549908896,1745.40
1420,14431380424,465.60
1421,569163492,931.80
1422,322045546419,287.80
1423,156950084566,288.10
1424,1298252472,3515.40
1425,658298083,1499.10
1426,580926970,591.50
1427,531084861,5000.00
1428,20093136373,224.50
1429,12099118643,161.30
1430,206375703,101.70
1431,178155714262,225.60
1432,73190629678,242.10
1433,1933788403,105.70
1434,990039399,2400.90
1435,904980458,1274.40
1436,1025784276,3618.10
1437,904630115,1954.40
1438,969135533,812.50
1439,260290212,2239.10
1440,449932589,896.10
1441,150339246897,370.80
1442,57489052693,237.60
1443,354698362,907.10
1444,541847384,752.90
1445,896160912,1007.40
1446,463410793,1790.20
1447,525002045,637.00
1448,758463290,479.70
1449,395419700,2639.60
1450,175651688,104.10
1451,210187473978,364.10
1452,51304143482,240.10
1453,203285196,843.50
1454,127074363,585.30
1455,233279579,2202.80
1456,211918167,821.00
1457,506110975,774.50
1458,79488412,645.70
1459,649482552,2517.00
1460,796069220372,296.40
1461,703600746,130.10
1462,672120755,81.20
1463,19190824096,173.10
1464,145896870,1033.70
1465,148250393820,273.00
1466,531084861,5000.00
1467,681907393,2694.30
1468,735753902,527.80
1469,395332262,4600.70
1470,201364534772,331.00
1471,163003951,2184.10
1472,165108680,1337.80
1473,53447661463,434.50
1474,124048832691,283.00
1475,167267499,539.30
1476,298043937,2903.50
1477,905808399,114.50
1478,176871222040,293.40
1479,531084861,5000.00
1480,2702565529,152.70
1481,1953299117,77.70
1482,2689398415,148.50
1483,567334312,1668.00
1484,274346167,659.30
1485,4771541912,508.20
1486,489435947,1702.10
1487,883226602,510.40
1488,268988800,1651.90
1489,230383447,908.00
1490,4886033096,502.00
1491,130488471,2685.90
1492,2037157861,539.80
1493,723126466,1365.10
1494,973960303,2201.10
1495,325003591,1076.70
1496,322694518,1008.10
1497,1180330498,532.80
1498,4238345349,143.50
1499,20250150428,208.50
1500,531084861,5000.00
1501,437326620,1066.40
1502,671669635,888.90
1503,481881843,2733.80
1504,91824040536,201.00
1505,84368486,952.30
1506,392676603,828.10
1507,455599075,812.40
1508,866940759,681.60
1509,919739813,555.00
1510,321225690,1061.50
1511,531084861,5000.00
1512,52750951595,225.00
1513,372870495,1090.30
1514,546957334,2061.20
1515,303902089,721.10
1516,2225089443481,30.60
1517,78394116,1119.50
1518,515501250,1543.10
1519,741370977,2167.00
1520,790631495,873.90
1521,22876099094,449.10
1522,1723456888,112.50
1523,23647532403,458.80
1524,173031912648,236.30
1525,268939793,575.30
1526,2030981578,144.80
1527,1459584806,541.20
1528,898566060,845.20
1529,494334312,1001.80
1530,806382796,2139.50
1531,21625345958,243.40
1532,14115876989,420.20
1533,340059983404,261.50
1534,714302616,1632.10
1535,341769629,800.20
1536,1134664465714,27.10
1537,270678639,2770.10
1538,32575994752,439.20
1539,10085492734,210.70
1540,365479479,708.60
1541,878551072,1951.10
1542,65563356,648.40
1543,865678021,2903.70
1544,963722129,726.60
1545,506391978,697.90
1546,3308707215,115.90
1547,241314876102,322.70
1548,893374389,696.80
1549,82044673949,323.10
1550,531084861,5000.00
1551,671386177,1372.30
1552,11342645635,186.50
1553,12784675394,442.20
1554,1996781047,79.50
1555,553762301,61.30
1556,183361732,1607.90
1557,126276990,1465.70
1558,87268181,2656.30
1559,701344088,1501.00
1560,31348314774,417.60
1561,4564017625,149.60
1562,191247276,706.80
1563,946493527,123.40
1564,1081971763,2477.60
1565,319316760884,354.80
1566,49244627,996.40
1567,49487477,2290.20
1568,584855836,1520.30
1569,887521507,1627.10
1570,163266673,650.40
1571,848607222,1464.30
1572,126339203,1651.30
1573,6953873770,179.10
1574,850659315,3711.90
1575,1268825450218,43.10
1576,814350078,1046.10
1577,251591421,569.00
1578,1019602175,591.80
1579,770877413,1416.00
1580,766467382,1049.80
1581,1057430844,571.90
1582,826780462271,44.80
1583,973997782,2207.70
1584,146942110904,291.90
1585,217001832,1759.30
1586,1306765883,555.70
1587,952260658,2586.70
1588,531084861,5000.00
1589,5794649002,212.60
1590,29079922975,242.00
1591,1954257222469,14.80
1592,20024876,1357.00
1593,506110975,774.50
1594,531084861,5000.00
1595,452811113,631.40
1596,531084861,5000.00
1597,113266501,1521.60
1598,156850930,1104.40
1599,227722649007,345.60
1600,2797064834,486.70
1601,164004864,725.00
1602,6773108848,150.80
1603,3145706945,156.70
1604,36098485196,398.30
1605,752540365,967.60
1606,665619251,4703.70
1607,139356306015,337.80
1608,308285268,1141.40
1609,500655198304,276.00
1610,946983682,2066.80
1611,340395298208,314.10
1612,108901653,1422.30
1613,352198290,2170.20
1614,7292469061,439.30
1615,30773707,1386.30
1616,960941464,3569.60
1617,10226170197,169.40
1618,3370478716,120.30
1619,4997933751,474.70
1620,17933309582,189.50
1621,1265572026,123.00
1622,277107179,1950.60
1623,444491320,952.40
1624,531084861,5000.00
1625,389989290,2817.40
1626,471094483,2151.20
1627,217474964,707.90
1628,75509729198,411.20
1629,460997300,923.80
1630,211654509,2126.40
1631,9447031166,481.40
1632,16522398303,177.40
1633,309446472036,246.20
1634,779137054,4306.80
1635,316670215,2159.10
1636,287816053,956.00
1637,450762235,1399.10
1638,399074474,1283.00
1639,280792780,606.40
1640,264988262,1095.70
1641,189969901,2990.90
1642,251783592,1619.70
1643,318438610481,299.10
1644,229983827,1783.30
1645,195206373,772.60
1646,130682662,1268.10
1647,990203357,2254.50
1648,622594996,2259.00
1649,286170162,1493.10
1650,56696359,1221.60
1651,990165799,2277.10
1652,381756854,970.50
1653,428693976,510.80
1654,1796480045,68.80
1655,531084861,5000.00
1656,59253411,605.00
1657,900366482,1102.40
1658,814347405,69.80
1659,25500601242,445.60
1660,584811664,1481.40
1661,76918025,717.60
1662,64238646603,395.40
1663,605583534,97.90
1664,245654515492,312.20
1665,380029463,716.10
1666,65873752,1125.10
1667,570853655,80.80
1668,4477513988,414.10
1669,430755293,1615.30
1670,2792568752,171.30
1671,376727009,1434.20
1672,909099530,2150.80
1673,57979339,1371.50
1674,314780867,910.00
1675,224766186,73.50
1676,1103641539,3099.60
1677,204503364,1038.70
1678,895998225,1756.20
1679,833552810,980.90
1680,1986039954812,43.70
1681,2926599896,525.50
1682,597688688,1754.50
1683,1005172553,66.70
1684,459662349,1048.10
1685,692806756,1842.50
1686,212969682,695.40
1687,1750517654,56.00
1688,737907729,589.10
1689,857474906,1065.30
1690,922018599642,40.20
1691,415505243850,332.00
1692,255052763,722.20
1693,427504080,621.70
1694,286938252591,279.00
1695,201714052,859.70
1696,4805210735,496.20
1697,1011339435,100.50
1698,701623836,1183.70
1699,1234735505,72.30
1700,305854844,2485.30
1701,75758526190,362.20
1702,721380486,103.30
1703,303429508,4106.50
1704,701482206,1860.70
1705,4572682809752,5.00
1706,796233060,794.50
1707,394474289,1296.10
1708,783631440,1608.00
1709,874500028,1394.80
1710,629743613,663.00
1711,47444377134,204.40
1712,208568118,1583.10
1713,89967586,779.90
1714,104945613,1112.00
1715,559887299,2532.60
1716,579124443,4303.70
1717,1155626966,80.50
1718,40627194475,439.80
1719,119907696948,269.50
1720,1132153643,606.80
1721,200046263,1029.30
1722,740436551,1351.70
1723,743899779325,302.00
1724,216931722,4312.20
1725,485019100,1903.10
1726,376951589,1640.10
1727,442086838,620.10
1728,355605773,1015.70
1729,705325516,91.50
1730,61405168,617.70
1731,55293892806,398.20
1732,441771408856,300.90
1733,688419648,1474.10
1734,433351878,1535.40
1735,857090250,109.10
1736,12758436677,145.20
1737,5660308043742,8.80
1738,868273045,87.10
1739,450813606,532.50
1740,39289436461,423.80
1741,303411716,1786.50
1742,2076597324,101.30
1743,379242970,909.60
1744,611621340,2905.30
1745,116932793323,339.30
1746,28971670048,232.40
1747,1259340038,3003.50
1748,68149786092,403.10
1749,182614888,1466.40
1750,2603870721,135.20
1751,111708067,747.80
1752,141430991,841.30
1753,882276496,74.60
1754,234324511,1790.90
1755,346713850509,265.40
1756,909348695,861.10
1757,6259608906,185.60
1758,571287497,3054.70
1759,95446838,808.90
1760,45992116619,400.50
1761,35857181,694.50
1762,169044295,786.60
1763,710010190,1903.20
1764,2755312406,99.90
1765,110645480541,349.80
1766,883022979,570.90
1767,878757855,1016.40
1768,960984946,3113.10
1769,853046142,1330.20
1770,638745626,2367.70
1771,2331643584249,5.10
1772,491266242398,268.10
1773,224766186,73.50
1774,531084861,5000.00
1775,531084861,5000.00
1776,1130600990,2901.30
1777,531084861,5000.00
1778,277776427527,282.50
1779,353188488,640.10
1780,19925554296,186.00
1781,88660343066,216.90
1782,1506735614,127.00
1783,635721457,87.00
1784,203661770,1858.80
1785,647126425,533.40
1786,147731082,1839.70
1787,1120158002,829.80
1788,531084861,5000.00
1789,377126167,1266.50
1790,169661827,1422.90
1791,1285350912,574.30
1792,546797083,2566.30
1793,38621042011,426.60
1794,475282032,608.70
1795,676423915,4717.30
1796,485216056301,330.40
1797,151740197861,247.00
1798,325101459,1753.70
1799,69087926032,383.80
1800,1909284236,142.70
1801,283227039391,243.10
1802,531084861,5000.00
1803,403010707,1730.30
1804,506866424,3502.60
1805,48397760,1691.80
1806,806531720,921.70
1807,59884212175,356.40
1808,666800006,1629.70
1809,707922304,3770.70
1810,64098693774,398.90
1811,1155546599578,298.50
1812,845083151,818.40
1813,654027109,1585.70
1814,337465298926,248.20
1815,539781169723,282.90
1816,206947360,833.20
1817,3770557759,139.40
1818,74340026,1430.90
1819,1038871697,639.30
1820,118547721584,392.60
1821,264895334,62.80
1822,640996075,75.40
1823,289042350866,365.20
1824,373903112,2274.60
1825,221224804,1844.00
1826,50852326589,348.90
1827,611030323,1192.20
1828,42500328121,321.80
1829,118268956071,379.80
1830,316968398,1188.00
1831,428693976,510.80
1832,217126891,2201.60
1833,348010177,718.80
1834,92448788418,387.90
1835,246982970,626.60
1836,192717819011,281.70
1837,165074771,1475.80
1838,231223860557,275.90
1839,333061878,725.40
1840,531084861,5000.00
1841,316380780,1839.40
1842,474408913,3124.10
1843,2161553910165,25.20
1844,183178965856,234.60
1845,883173933,1059.80
1846,11106029163,148.40
1847,306678298553,299.70
1848,15901709601,205.00
1849,936704450,981.30
1850,753248212,1548.80
1851,2099441278,483.20
1852,1337174694,3326.20
1853,531772304,682.80
1854,531084861,5000.00
1855,800897953,1056.60
1856,264634908,1804.70
1857,334205357,1011.90
1858,189965340,2312.20
1859,192956344,1073.70
1860,498175109,815.20
1861,531084861,5000.00
1862,34637943038,185.80
1863,137622961,72.90
1864,103777117313,285.30
1865,5151165580,467.90
1866,228813372,709.90
1867,295002550,1221.90
1868,11829874688,450.90
1869,679899797,1740.40
1870,53084554554,426.70
1871,1107152429,602.50
1872,392853440,898.50
1873,1764593224,58.20
1874,466099384510,262.90
1875,61911619,573.30
1876,639515105,799.70
1877,234574633,104.00
1878,18449017962,196.90
1879,232829508,582.40
1880,515671257,1034.90
1881,324748001905,352.10
1882,669014231,3802.40
1883,368709108205,314.30
1884,99621886818,205.80
1885,54599690278,371.00
1886,690831401,55.00
1887,969582496,669.00
1888,192644124,794.30
1889,5822317629,457.50
1890,498046059,718.10
1891,361761148,1113.70
1892,114973269,954.50
1893,60164525,4101.10
1894,281999029,1772.80
1895,294831097,1687.30
1896,273844972,627.30
1897,85408547,692.10
1898,48215218633,416.30
1899,28845352550,221.60
1900,178337081,1097.10
1901,76074003,1564.30
1902,185263619,932.50
1903,21767395875,171.20
1904,360257039,883.10
1905,559895278,2441.90
1906,2097834823594,34.40
1907,230050794,1321.40
1908,384597003,848.30
1909,762164444,1386.80
1910,377135559,1561.30
1911,531084861,5000.00
1912,166468250253,261.90
1913,546341414,4106.30
1914,386067263,1155.40
1915,1278798060,3162.30
1916,531084861,5000.00
1917,335653245,570.40
1918,421263275598,343.50
1919,590400263,818.30
1920,824110792,56.50
1921,65803536,1078.30
1922,463511544,108.20
1923,1000867953,2446.60
1924,1104173889,889.90
1925,5498612237,503.70
1926,4224051305324,19.90
1927,416024201,3490.10
1928,232843115,2303.00
1929,472160430,1851.80
1930,1082873622,824.80
1931,2289401907242,13.60
1932,805265065,1019.30
1933,1794750924,56.20
1934,120960328071,208.40
1935,963614901,830.00
1936,34201712104,183.20
1937,531071800,800.70
1938,531084861,5000.00
1939,114432521029,408.10
1940,43819811,987.40
1941,644184889,2195.80
1942,364250892,1099.80
1943,4920431149186,7.50
1944,1142548756,3663.20
1945,521607309,559.40
1946,216680383,2262.30
1947,272478407,826.60
1948,449570069,2036.80
1949,73101358639,333.20
1950,376906137,1802.30
1951,757509491,4689.20
1952,87756217,1095.30
1953,714214879,1969.50
1954,398868681,1592.40
1955,131270263,942.70
1956,11097154085,248.90
1957,155087609806,368.30
1958,70427467,1212.90
1959,55959837025,406.90
1960,531084861,5000.00
1961,99563794,786.40
1962,110709621,1600.10
1963,1362995578,50.60
1964,515407467,1359.50
1965,1018083453,557.90
1966,143615303,1810.60
1967,91814474,1032.30
1968,441968038,3723.90
1969,20301944571,369.90
1970,519815575,2311.60
1971,525491200,51.30
1972,2589490672,174.40
1973,333735089,1345.30
1974,105331382,57.70
1975,467894388,1358.80
1976,835215321,604.50
1977,835577690,1375.40
1978,695984570,644.30
1979,791584393,658.50
1980,257108880087,242.50
1981,1259793051,546.70
1982,1365185615,470.10
1983,784666824,553.70
1984,704094040,792.50
1985,834014473,899.90
1986,514251652,4651.30
1987,203971136,1663.80
1988,113544235593,254.60
1989,10845694303,471.60
1990,316381332529,245.90
1991,44134085,1469.90
1992,10805341522,150.10
1993,986873685,3256.90
1994,485018254,517.90
1995,531084861,5000.00
1996,693037825,1439.90
1997,24704841225,177.50
1998,639396641,119.00
1999,1415931153,112.70
2000,322295814995,300.40
2001,2840130932,515.80
2002,67971447,2249.90
2003,41040406163,217.50
2004,9232424589,451.30
2005,146909944,831.60
2006,545988952488,335.20
2007,462923148,715.20
2008,747688469,787.30
2009,411768878,1225.10
2010,523520441458,281.80
2011,159161067838,382.70
2012,473584419300,27.30
2013,443879134,603.70
2014,195478547,3069.40
2015,396145828,1318.50
2016,623799687,1153.60
2017,427307649,76.80
2018,783661470,1454.40
2019,24692435754,362.40
2020,42472414848,419.30
2021,325577113072,367.90
2022,168045109,2279.30
2023,56850224,1048.20
2024,541449523,2462.80
2025,1000974675,493.70
2026,860851223,845.80
2027,45062485956,408.20
2028,560089448,784.90
2029,2550994816,84.70
2030,772795796,3567.20
2031,1342084622,97.30
2032,276681484,2115.30
2033,12327959606,438.90
2034,363033689,887.00
2035,105806746,50.20
2036,101211392745,260.60
2037,34701381476,420.10
2038,290136302,1438.60
2039,52786299,1081.90
2040,452346991,1170.20
2041,703538764,2260.60
2042,104898778,1305.60
2043,250013211,998.30
2044,255053618,2113.70
2045,4362822831,192.20
2046,3499673645,131.30
2047,723386891,1144.70
2048,867020579002,302.10
2049,4362822831,192.20
2050,3540722821,208.60
2051,498276010,1358.30
2052,193356846438,359.90
2053,104019435,955.60
2054,210138031,571.40
2055,654353331,1074.20
2056,779149550,4128.30
2057,168603594,679.80
2058,503454770,4085.20
2059,149666061,70.80
2060,822765552,1248.30
2061,809911350,1022.90
2062,55100825307,331.40
2063,423017000,934.20
2064,6561699927,151.30
2065,59463847817,312.10
2066,218092233820,258.60
2067,365819505,884.40
2068,18546890016,419.80
2069,144146064160,345.70
2070,831456435,1106.80
2071,818271622,1130.20
2072,265576823,840.50
2073,1037867618,613.70
2074,128289527,563.60
2075,967011592,619.30
2076,115817383752,233.10
2077,541403431,1347.70
2078,107343264055,268.00
2079,1474229755322,30.20
2080,118343572713,257.20
2081,873797973,497.90
2082,606900562,912.60
2083,697123992,1779.50
2084,321171744,1308.10
2085,489564101,1039.00
2086,1611893933001,5.80
2087,1413465627795,19.40
2088,919849702,2325.20
2089,174075105,804.30
2090,2829296674,195.80
2091,41893807203,339.50
2092,11916463310,157.10
2093,17123223975,168.70
2094,314049183,1010.80
2095,18498050213,258.70
2096,514691135,578.10
2097,796800483956,40.50
2098,531084861,5000.00
2099,142737042,951.80
2100,111438125,821.50
2101,531084861,5000.00
2102,22157806273,179.60
2103,455011474,668.30
2104,513824860,53.60
2105,805231318,3928.30
2106,541668228,1245.80
2107,1674665472602,39.10
2108,20669424101,236.00
2109,870309139,1398.50
2110,16097596471,184.60
2111,905167235,1102.80
2112,191089572,1256.60
2113,330462361,4316.90
2114,49274007,666.70
2115,184891531,815.00
2116,397082802,67.90
2117,20093136373,224.50
2118,531084861,5000.00
2119,593526446,1085.30
2120,595425980,2899.30
2121,2829337031,170.90
2122,744616790,1957.50
2123,173522937,938.80
2124,1329209616,57.50
2125,1098951455,105.50
2126,515744758,1356.10
2127,30836178043,235.30
2128,1760053700,152.30
2129,381756854,970.50
2130,10717642858,474.20
2131,620364974068,312.00
2132,411236108,1938.50
2133,275547664527,284.10
2134,3589212050,118.20
2135,146426745703,217.60
2136,4602461099,141.20
2137,187367587,1004.90
2138,515703964,1155.50
2139,920232343,928.30
2140,295228339,1192.50
2141,1324189986,3689.80
2142,351337185,1170.90
2143,706189165,1074.80
2144,488016926,857.20
2145,452028827,870.40
2146,799380315,494.70
2147,117118626728,273.70
2148,90558305815,385.30
2149,521607309,559.40
2150,386817592576,297.00
2151,454721161,723.50
2152,130737740,1376.70
2153,1162192002,581.00
2154,606542278,828.70
2155,9961079606,450.40
2156,3131377635577,17.40
2157,622277315,75.30
2158,414502639,666.30
2159,43964518,1571.20
2160,442216461,1222.80
2161,338203702,3400.90
2162,8138483285,453.10
2163,165497039221,237.40
2164,973903954,2215.10
2165,1074676966,115.40
2166,539274846,3396.80
2167,34093764880,222.60
2168,391304741,657.60
2169,805134275,1846.80
2170,1166380257,604.00
2171,79022434,1107.20
2172,398850026,1180.30
2173,602068196,1415.60
2174,303427603,4393.90
2175,61475686985,204.20
2176,784414625,633.50
2177,230085906,1851.00
2178,2019835989407,33.10
2179,1453457642107,47.60
2180,433295265,1407.80
2181,1038613337,4617.80
2182,636712442,1616.70
2183,530657841,2391.80
2184,87254833,2398.10
2185,73351983198,414.00
2186,2539281913843,35.40
2187,957892788,814.40
2188,8500594645,458.70
2189,5071865538,140.50
2190,37056954972,202.90
2191,331698458,3471.70
2192,65684694,2592.40
2193,306728351,492.70
2194,9000782736,479.90
2195,60101834776,306.10
2196,509844280,667.40
2197,428957934,1026.90
2198,1081942296,2600.70
2199,305544572349,282.60
2200,257970155331,368.20
2201,531084861,5000.00
2202,1156022949,75.20
2203,531084861,5000.00
2204,946044132889,307.20
2205,2797064834,486.70
2206,531084861,5000.00
2207,1025880990,615.00
2208,4181829716,127.50
2209,226153521,1010.10
2210,839298142,941.60
2211,985623420,832.60
2212,3265656260,134.70
2213,480693966,1915.10
2214,701585866,1478.00
2215,2467310819,486.20
2216,119907696948,269.50
2217,663317608835,30.80
2218,1109016497,2644.10
2219,3300953610,160.10
2220,849663175,474.00
2221,708953949,2387.30
2222,4265798173,447.20
2223,531084861,5000.00
2224,996196159,97.80
2225,833309173,55.10
2226,277688801,1250.60
2227,427774621,4040.50
2228,9405752261,185.30
2229,695953377,75.90
2230,619289078,1077.30
2231,3370692365,185.40
2232,2477620526965,8.30
2233,676808577,618.30
2234,299591636,656.60
2235,7489692019,462.10
2236,363625116,682.50
2237,20024876,1357.00
2238,50342590864,207.90
2239,1044946560,935.00
2240,1222287345,111.00
2241,823285483,580.70
2242,3816384822,137.00
2243,379160856,2831.50
2244,531084861,5000.00
2245,46295606869,222.40
2246,1011687829,2530.90
2247,547778775,767.60
2248,780699335,73.20
2249,373554323,677.60
2250,540639766,588.40
2251,881742221,52.20
2252,531084861,5000.00
2253,562127664,595.40
2254,952971966,714.30
2255,243401231,1207.70
2256,134822820,1388.50
2257,98112364664,397.30
2258,509772369,912.20
2259,1120178662,908.40
2260,517440300413,312.50
2261,826990620,1334.70
2262,656563928,93.40
2263,323221476,634.70
2264,7914833062,154.50
2265,23280650564,444.50
2266,531084861,5000.00
2267,1521153403,156.10
2268,798753180,3540.20
2269,212941142,133.60
2270,95923792414,265.50
2271,20190523940,187.30
2272,914355338,2994.00
2273,520707794,746.40
2274,531084861,5000.00
2275,552260701,778.30
2276,382095547548,354.90
2277,4579497626716,8.70
2278,44628907408,347.60
2279,855456757,720.60
2280,198476704745,291.20
2281,30636661135,428.90
2282,5027212495,488.70
2283,10734858827,471.70
2284,649595565,3013.70
2285,68375000667,389.70
2286,468012731,607.60
2287,11234602400,476.30
2288,39905516,1283.70
2289,822717875,1417.60
2290,48278192,1812.60
2291,6058551549,165.30
2292,4102182890786,0.20
2293,433929424,814.60
2294,174278563,695.80
2295,1298185057,94.90
2296,136264724507,278.40
2297,13859244926,471.80
2298,223239884,644.60
2299,87356112,1659.40
2300,986698212,615.70
2301,189956567,2410.30
2302,100962764,703.50
2303,531084861,5000.00
2304,186690433271,339.20
2305,368841455276,321.50
2306,898526286773,36.00
2307,1242444818,56.40
2308,287292450,2944.40
2309,76288216720,255.60
2310,658471286,1198.50
2311,13071823069,184.80
2312,1298280999,3174.80
2313,753407441,575.20
2314,286114612,1684.20
2315,319654116,4356.70
2316,482938791,548.20
2317,157376523,967.70
2318,373071262,1114.70
2319,720752672,820.10
2320,1427555513,555.10
2321,789952670,4875.00
2322,466812340,795.10
2323,865823400,2318.10
2324,2139602522,135.40
2325,725241387,2344.70
2326,282048076,2221.80
2327,265576823,840.50
2328,70199452280,292.80
2329,927912399,68.00
2330,1321570816860,15.70
2331,978565865331,302.70
2332,40588960100,401.70
2333,206110784670,241.20
2334,112681538,645.40
2335,267850528412,361.90
2336,15653336992,154.80
2337,917157577,572.40
2338,535917381,2868.80
2339,79410097,54.90
2340,531084861,5000.00
2341,8821037656,483.50
2342,178007880,1560.60
2343,368921070862,294.10
2344,179259968,816.00
2345,770659232,1525.20
2346,697470677,1170.40
2347,604163210,3523.50
2348,346744841,1679.80
2349,7339589234,163.10
2350,406157948,85.70
2351,698548288,738.20
2352,500414904,2565.10
2353,589072805,1679.70
2354,1089085245597,12.90
2355,788015235,1279.50
2356,768322327,4228.10
2357,243150354,1241.70
2358,531084861,5000.00
2359,727256482,1570.20
2360,211707131,2091.50
2361,120792590798,310.30
2362,43950186,1775.50
2363,531084861,5000.00
2364,1214557605676,46.60
2365,441525926,1809.20
2366,175480476,1773.60
2367,342863241,1266.00
2368,658523132829,304.80
2369,4649454068,495.40
2370,238592234,1711.40
2371,27944003518,428.80
2372,416947654,4808.00
2373,1696550432,135.60
2374,598151374,621.60
2375,149169040637,364.20
2376,438971343,919.30
2377,279034454,636.20
2378,538777073,643.40
2379,718675019,1413.00
2380,282165426,1420.50
2381,13653372923,410.60
2382,32912940,1015.10
2383,692804548,2330.30
2384,269123535,789.10
2385,11691637468,473.10
2386,39708134,1657.20
2387,1250577809,97.50
2388,146275538,543.00
2389,238563409,4313.40
2390,521964041,619.70
2391,182060114,697.00
2392,124875470,908.80
2393,2108270786818,41.50
2394,611958444,869.80
2395,86987891,1268.40
2396,467818812,1819.00
2397,531084861,5000.00
2398,144012437,839.50
2399,495300037,752.30
2400,2004065119,458.40
2401,515376896,1799.20
2402,191109507,1168.70
2403,18287372038,185.00
2404,15151277418,390.30
2405,4331261397,175.20
2406,47786378346,224.30
2407,86322902522,192.90
2408,740514039,1179.80
2409,531084861,5000.00
2410,554246343,1789.50
2411,200120709431,268.50
2412,446396050,1634.50
2413,2810272115,443.70
2414,915535034,3103.30
2415,146909944,831.60
2416,826918677,1436.40
2417,6729276833,146.60
2418,540918551635,289.60
2419,627825719,2772.70
2420,737491933,131.00
2421,874552415,1397.20
2422,603772197744,26.00
2423,95465232392,397.70
2424,266570055,753.70
2425,531084861,5000.00
2426,709914373,1897.00
2427,666698877,1827.70
2428,454810360,959.80
2429,5511672589314,4.00
2430,532722667,1289.50
2431,190945005,789.50
2432,693835078,605.90
2433,25440793178,220.40
2434,92448788418,387.90
2435,779264793,2430.20
2436,298701808,791.30
2437,335653245,570.40
2438,557680706,782.00
2439,74979182086,191.80
2440,730657487492,295.50
2441,238628239,1495.20
2442,147747511632,323.40
2443,187326376,958.00
2444,281367549,54.10
2445,422176616,1136.70
2446,216932378,4164.00
2447,91904952,1225.90
2448,104672614,1319.70
2449,174584307562,311.20
2450,861169161,706.10
2451,656921376,78.00
2452,215012562237,252.40
2453,531084861,5000.00
2454,142248911,810.60
2455,422430413,2540.50
2456,531084861,5000.00
2457,652137098,118.40
2458,12377907984,429.30
2459,437467329,1881.30
2460,298237926,2066.50
2461,1554862270874,23.80
2462,531084861,5000.00
2463,531084861,5000.00
2464,748698013,535.00
2465,248260885058,278.70
2466,1088964010,562.00
2467,531084861,5000.00
2468,216774415489,258.20
2469,135719627,563.70
2470,798766071,3440.70
2471,612289982,972.40
2472,865815533,2380.20
2473,861503740,1377.40
2474,769756224,612.60
2475,848298630239,39.40
2476,522900225,538.10
2477,329638461,1344.40
2478,86489441933,286.00
2479,1194174000576,46.70
2480,450424975,1989.60
2481,1125220021,2656.00
2482,65563356,648.40
2483,857167409,1036.10
2484,387142376,796.50
2485,591016160,607.80
2486,531084861,5000.00
2487,531084861,5000.00
2488,10575042200,476.70
2489,355423853,1860.50
2490,3163733124,149.10
2491,89305700876,253.20
2492,5166721773,496.90
2493,692735827,1156.80
2494,417799451,827.90
2495,470917852,773.10
2496,138801829,743.90
2497,637564218,634.10
2498,68237567492,330.10
2499,936431615,873.10
2500,482634799,708.80
2501,136845264,987.90
2502,887159268,538.30
2503,4904400138,176.50
2504,104714421,1787.00
2505,1175013963,3465.30
2506,195514345846,221.30
2507,627320682,508.80
2508,357403815,695.90
2509,984499659,94.20
2510,143072231264,246.70
2511,260305505,2445.10
2512,1105216388,674.70
2513,16652810853,407.70
2514,677235831,95.70
2515,314280300,2564.50
2516,826789977,1790.80
2517,113951217,881.60
2518,416520114718,353.40
2519,185564334,907.60
2520,208767022,705.70
2521,1034727783,92.20
2522,531084861,5000.00
2523,32806679,752.80
2524,423623117,651.00
2525,585164979,724.30
2526,601973424,789.20
2527,325279219,1635.60
2528,1044877501,889.30
2529,4263512248,510.10
2530,796310961,718.90
2531,424509787,1003.00
2532,2138158849675,46.80
2533,277659869,1476.50
2534,910201555,491.70
2535,2578902726,111.70
2536,84138856412,262.00
2537,937739384,108.30
2538,25284543412,444.10
2539,779193884,2828.30
2540,698056254,4185.60
2541,531084861,5000.00
2542,1792859581,118.30
2543,342368471,1957.00
2544,395398862,2239.60
2545,91705779,3220.80
2546,18546889120,197.40
2547,507027052,551.50
2548,874842551,1181.70
2549,779236408,1886.90
2550,325048277,4330.10
2551,3653779953,511.60
2552,139973016293,235.80
2553,48114532353,215.70
2554,4103069253255,6.60
2555,1933799034,162.20
2556,205434875093,237.50
2557,1471493328,486.00
2558,957537884,4058.10
2559,100562118,843.60
2560,221345618,1145.60
2561,815802401,638.40
2562,98489011869,250.50
2563,35762014450,369.70
2564,32243873160,187.20
2565,442980521,604.10
2566,1801941270246,46.40
2567,580545757,1376.30
2568,795488073,2020.50
2569,1082416743,962.30
2570,314970173,700.70
2571,727355258,1834.90
2572,676520175,2430.50
2573,695953377,75.90
2574,4696516163,180.80
2575,387454729,862.10
2576,76482057,2498.40
2577,57683040,828.60
2578,1104209661,810.90
2579,311869554,1154.10
2580,86906933768,267.40
2581,531084861,5000.00
2582,1126142481,908.10
2583,2892489506,463.70
2584,89908801,801.20
2585,452028827,870.40
2586,12790098287,432.90
2587,223172079,1822.90
2588,2433266172,154.30
2589,288033082,1473.60
2590,8621522053,469.50
2591,1142561172,3421.80
2592,973854861,2385.20
2593,480303418932,265.90
2594,108843510,651.80
2595,796505866,1766.60
2596,509480947,821.40
2597,211962242,759.70
2598,1273259208,111.50
2599,467817101,1263.50
2600,550040299,1070.10
2601,65566485,1847.90
2602,483491912,52.80
2603,118776994360,267.80
2604,1028330315,838.10
2605,184217039513,264.50
2606,540791441,628.80
2607,783599716,1460.70
2608,627992482,1769.00
2609,1039614170,711.10
2610,493492750,913.40
2611,679940828,1464.40
2612,411587552,1723.30
2613,325151236,2751.60
2614,247157543117,264.70
2615,273934317904,365.80
2616,260489239,1289.10
2617,357403815,695.90
2618,203991320,1403.10
2619,186717639,1983.50
2620,2327866756150,6.20
2621,597509963,113.10
2622,688094987,982.30
2623,531084861,5000.00
2624,718691505,1797.70
2625,1000811850,2944.10
2626,216899426,1768.40
2627,332311223202,279.90
2628,324583119,60.50
2629,531084861,5000.00
2630,474448911,3276.20
2631,718712677,1630.50
2632,1577512134577,18.10
2633,979242552,2160.00
2634,46530156165,214.50
2635,1868176499,533.80
2636,298066056695,268.30
2637,973851727,2582.70
2638,531084861,5000.00
2639,531084861,5000.00
2640,740281020,1892.50
2641,29079922975,242.00
2642,87722594,830.20
2643,56839616,1021.30
2644,676649238,2019.30
2645,262287097,1036.60
2646,83374545,766.40
2647,34961779,1001.40
2648,169538164,3025.20
2649,757617885,2405.10
2650,259920156,2009.20
2651,533032000,1202.90
2652,394295154,1867.10
2653,446383576,103.80
2654,553762301,61.30
2655,1063441205,535.50
2656,415976970,1398.60
2657,1749419515,117.40
2658,1385005828845,32.50
2659,393894188,71.60
2660,234383123,1637.10
2661,242968608,1235.70
2662,125361425,119.60
2663,195371477,1451.80
2664,100562118,843.60
2665,219630481,684.60
2666,393701092954,264.40
2667,433238543810,307.50
2668,1696550432,135.60
2669,117136149,1850.80
2670,488228019,703.70
2671,168969756,964.60
2672,259290729537,306.40
2673,165830217,531.10
2674,58409488549,356.00
2675,870354183,1228.80
2676,1024053832,544.90
2677,531084861,5000.00
2678,531084861,5000.00
2679,588160971,571.70
2680,5846502592,145.80
2681,260658525,1233.90
2682,135849303,4031.80
2683,342999813,96.30
2684,531084861,5000.00
2685,100211067,1974.20
2686,910366413,590.00
2687,47847817694,196.70
2688,217399890,1020.10
2689,2644514747354,29.20
2690,110629796,514.10
2691,417759659,1654.10
2692,796474601,1689.50
2693,353009398,867.40
2694,26115947471,389.10
2695,249062722,2061.90
2696,169590005,1616.20
2697,1407488360,130.60
2698,325165569,2682.00
2699,398640148,1978.70
2700,276350888,811.90
2701,77877516636,391.70
2702,48560557,1508.90
2703,119597975,683.20
2704,5239821889,138.10
2705,391041851,863.00
2706,395738144,969.40
2707,495353429,739.60
2708,806255638,2718.70
2709,252061048,1002.40
2710,602486552,1046.20
2711,902545118,3737.00
2712,1001282242,921.10
2713,1851356858199,26.10
2714,444205913,2271.70
2715,811761088,72.80
2716,709003143,2493.70
2717,325286722,1495.00
2718,1197695918,475.80
2719,81894127589,386.30
2720,506391978,697.90
2721,108608345,92.40
2722,245654515492,312.20
2723,65898628,2020.30
2724,2975204928,520.40
2725,17493289303,173.60
2726,2392117975895,21.60
2727,531084861,5000.00
2728,374211127,769.30
2729,26667861509,198.60
2730,89940407415,308.30
2731,198478005,514.20
2732,169480958180,262.70
2733,606228500,1491.00
2734,3001880703,124.90
2735,1142567825,3317.80
2736,483610595,73.80
2737,387454729,862.10
2738,300492305,2110.60
2739,15525561665,442.50
2740,531084861,5000.00
2741,900411036,1599.70
2742,13891081009,362.60
2743,1071056238,4600.20
2744,531084861,5000.00
2745,585806601015,42.80
2746,8571800895,137.90
2747,935902696,4313.60
2748,774364133,970.40
2749,1114397779,2232.80
2750,634090604,915.40
2751,809745092,1316.30
2752,482324116048,281.50
2753,31319401092,266.20
2754,7292469061,439.30
2755,100395401920,379.70
2756,252161968,1021.80
2757,632412579,520.20
2758,2449511659,90.80
2759,142327828,926.80
2760,7538990912,478.80
2761,1006232225,2902.10
2762,76440574,2531.60
2763,329070134,1686.00
2764,1311281166,3047.60
2765,531084861,5000.00
2766,27266705350,341.70
2767,676511776,2915.00
2768,471908052,505.10
2769,5104303094,466.10
2770,505563487,656.70
2771,386042830,1063.10
2772,941486760,3234.80
2773,115052646,1538.50
2774,950633466,135.90
2775,5965796753,143.90
2776,506444329,529.70
2777,1168506925,3505.40
2778,69828836721,216.10
2779,2110459237127,23.30
2780,12527434833,409.30
2781,355469699,1313.60
2782,240901522401,228.00
2783,2749492820987,18.70
2784,52884588633,265.10
2785,104617445,1939.50
2786,344374981995,347.20
2787,740260479,637.90
2788,558700524,1782.70
2789,698472786,982.50
2790,61237567773,388.60
2791,91880462194,373.50
2792,472124559,1480.30
2793,62848374,995.70
2794,49813727615,224.90
2795,531084861,5000.00
2796,5341500950381,8.60
2797,428030262,2087.70
2798,1193170118,556.40
2799,156359489,1743.40
2800,135950911,841.60
2801,244865259,1437.50
2802,531084861,5000.00
2803,3007870569929,343.00
2804,89690741407,385.90
2805,218143499146,363.00
2806,166720837360,283.80
2807,1916208465,508.60
2808,531316773,897.70
2809,531084861,5000.00
2810,135350515,1160.30
2811,2694915943,114.40
2812,532605625,1973.00
2813,865966344,987.30
2814,531084861,5000.00
2815,1309491266,66.20
2816,244337440,875.00
2817,5854587665,402.80
2818,294320203,703.00
2819,193017643,628.70
2820,8334596190,484.70
2821,896057471,3770.50
2822,229899023,1811.50
2823,615193869,1450.70
2824,626863421,539.20
2825,160015337861,347.00
2826,339332842557,255.50
2827,2589490672,174.40
2828,629041163,554.50
2829,102469734743,241.70
2830,116614004765,325.60
2831,1129580725,3844.40
2832,73987676,587.60
2833,325349836,1129.40
2834,481196192,561.20
2835,357185783,86.70
2836,362983416,2432.50
2837,1092775389,2103.10
2838,6737521279,154.00
2839,379832880,875.30
2840,580322127,1122.80
2841,52067018286,181.20
2842,148587792398,333.30
2843,385595102,1808.80
2844,2824253332,109.40
2845,702331407,508.40
2846,36654118757,277.50
2847,417799345,806.50
2848,2347927961,113.00
2849,24825738274,187.80
2850,641585882,163.90
2851,61237567773,388.60
2852,81766713498,328.50
2853,346384022,2036.20
2854,7395607808,162.40
2855,614872557,1666.30
2856,617923167,781.30
2857,926560281,683.00
2858,13525744664,150.90
2859,16129668,1227.40
2860,1156382607,76.60
2861,222089322,2053.00
2862,147132228,991.20
2863,1866007581,75.80
2864,545856811,1117.30
2865,406157948,85.70
2866,194672026685,334.70
2867,395072378,104.30
2868,146942110904,291.90
2869,16917069463,176.90
2870,14331129738,468.40
2871,826825169,1650.70
2872,35174702,1144.00
2873,1324187515,3692.20
2874,3050812863,494.60
2875,4116978873,119.80
2876,531084861,5000.00
2877,23320551061,436.40
2878,766739486,1008.50
2879,2139602522,135.40
2880,1028850324,929.70
2881,730609106,2305.20
2882,768394187,2869.20
2883,333427767,710.90
2884,71074107346,371.10
2885,656035449,3903.70
2886,66252768,714.00
2887,619535238,1419.60
2888,500414904,2565.10
2889,21197747611,430.90
2890,455011474,668.30
2891,5733541429,447.60
2892,311869554,1154.10
2893,450220370,926.10
2894,800365895,87.60
2895,81766713498,328.50
2896,108843510,651.80
2897,406046839,770.20
2898,525096950,944.00
2899,726640407,684.20
2900,256033991,586.40
2901,746859025,3593.20
2902,2892489506,463.70
2903,631849224,601.50
2904,182520777,3334.60
2905,422176616,1136.70
2906,351035006,1381.80
2907,3169841264,511.10
2908,930550236,2601.10
2909,189620231,2416.40
2910,73619405414,378.20
2911,364283388,1061.30
2912,926129084,805.90
2913,329644858,1219.40
2914,178123537,1658.10
2915,459382305,497.50
2916,422231684,788.80
2917,226025784,593.10
2918,193547795,63.70
2919,770514559,1431.70
2920,489465121,1825.60
2921,943444997,119.50
2922,196349857,947.60
2923,291794670180,332.30
2924,43104635582,434.70
2925,558697146,1677.30
2926,1214557605676,46.60
2927,1397076645,529.80
2928,1055795914,848.60
2929,110629796,514.10
2930,826805226,1666.10
2931,870434015,1095.50
2932,132016578,679.30
2933,865990233,1505.80
2934,142821810,60.60
2935,498852744,753.60
2936,4010972743,490.80
2937,896925771,625.90
2938,188216531243,246.50
2939,550215327,1203.00
2940,1053234172,620.80
2941,666970657,699.40
2942,511312503,1569.90
2943,428666642,1005.20
2944,531084861,5000.00
2945,144943152910,269.40
2946,293286855,50.30
2947,11282658843,427.70
2948,272121283,691.40
2949,531084861,5000.00
2950,205884212,1301.60
2951,28547045269,202.00
2952,699170847,64.00
2953,156676572,530.10
2954,567164019,610.30
2955,179954124,1081.50
2956,88009105,819.00
2957,184711794,2338.70
2958,59193876446,305.70
2959,1512389960,52.40
2960,321326339,1013.10
2961,8726374353,174.80
2962,254504078,2146.40
2963,531084861,5000.00
2964,17934080490,421.60
2965,769251583,976.90
2966,1342084622,97.30
2967,89970379,768.10
2968,377538088009,350.70
2969,330545322,2863.90
2970,459252742,1751.40
2971,401804790,911.10
2972,329628983,1446.00
2973,1337201139,3368.20
2974,584723722,2030.00
2975,396145828,1318.50
2976,359305446,1681.10
2977,114158709,84.80
2978,38596565005,212.30
2979,4530634945,169.10
2980,480937836,3274.10
2981,325737288,958.90
2982,395609474,2004.50
2983,740561006,1340.00
2984,99190150,792.20
2985,108843510,651.80
2986,531084861,5000.00
2987,531084861,5000.00
2988,252617967568,335.40
2989,352128816,2919.70
2990,430282793,58.90
2991,60298776,2409.80
2992,649507728,1608.90
2993,531084861,5000.00
2994,15613667709,378.30
2995,719673229,4994.50
2996,531084861,5000.00
2997,5111964100,477.20
2998,195744828874,299.00
2999,125099077672,395.90
3000,751666388184,30.00
3001,520846573,765.20
3002,383207718,1394.00
3003,1194459744,3553.40
3004,208487760,3184.40
3005,550139832,1731.60
3006,333449424,1024.90
3007,6260688752,151.40
3008,638996547,529.90
3009,106582889984,308.00
3010,394716232371,257.50
3011,1340517017285,10.40
3012,87206222,1530.70
3013,439311708,932.40
3014,703515720,2694.90
3015,173695072,4380.40
3016,1416257559,504.00
3017,1337188934,3517.80
3018,5101427754717,19.50
3019,1071055113,4930.00
3020,70135282,1563.50
3021,469483670,613.60
3022,18593859083,279.80
3023,49244627,996.40
3024,1376536164,136.10
3025,282127499,1226.00
3026,2819433426035,29.90
3027,547380757,704.50
3028,796448137867,34.50
3029,377184474,1015.00
3030,822150561,582.20
3031,499620151,649.50
3032,776713591,464.40
3033,333061878,725.40
3034,4764511999,140.00
3035,66002970,807.90
3036,346814669,1427.40
3037,191463935392,230.70
3038,21654290551,233.50
3039,531084861,5000.00
3040,441999581,3318.50
3041,115910106,516.50
3042,532691232,1466.70
3043,32912940,1015.10
3044,1959461107,457.40
3045,321003688,651.30
3046,268939793,575.30
3047,194673728,596.10
3048,239265098,111.60
3049,1097186798,3127.50
3050,684131109,1710.50
3051,656098333,111.30
3052,287126354,897.30
3053,2270906295324,3.40
3054,174979197,658.20
3055,63655889183,186.10
3056,240155592,721.60
3057,506822393,1599.10
3058,267440534752,270.30
3059,839848320,806.10
3060,1022290067,59.80
3061,698060666,4238.30
3062,234371376,1248.70
3063,446861462,49.30
3064,290766614,101.20
3065,498227126,58.40
3066,471908052,505.10
3067,32105561772,197.50
3068,339831535,1833.50
3069,98134075,2629.70
3070,3481461543,459.80
3071,44616973798,266.40
3072,49784475212,341.40
3073,1059762888,95.50
3074,503762048,592.00
3075,666182083,547.50
3076,69349311,79.80
3077,735946270,1772.10
3078,457081508056,303.90
3079,1602373433,553.30
3080,8495516345,137.70
3081,294871151,1519.70
3082,80528272,1500.20
3083,74408766,1017.70
3084,3243621330,127.90
3085,531084861,5000.00
3086,351289916,1523.90
3087,748925515,1420.70
3088,104377065,593.80
3089,7394105251,146.20
3090,422805436,712.10
3091,320574739,981.70
3092,1139344206393,38.00
3093,1825159164,54.80
3094,7823946521,471.10
3095,6779300956,474.40
3096,489954385,1164.50
3097,531084861,5000.00
3098,649605852,3203.60
3099,537156940,1816.00
3100,991974529,134.00
3101,31332928155,186.40
3102,56368470693,197.00
3103,61578257,610.90
3104,1007139326,924.30
3105,531084861,5000.00
3106,312244536,3706.90
3107,45992116619,400.50
3108,35125836767,437.10
3109,80528272,1500.20
3110,144853278,594.60
3111,638643511,2939.00
3112,12565774825,475.90
3113,788008167203,47.30
3114,1285278976,3820.10
3115,1278810093,3190.10
3116,186690433271,339.20
3117,531084861,5000.00
3118,1133558327,511.40
3119,2213372341,499.70
3120,17385928380,425.90
3121,701464377,1667.50
3122,502465471,1624.80
3123,676959632,911.90
3124,13056797122,459.70
3125,20671660016,446.10
3126,954444684,3652.50
3127,1044730902,72.60
3128,535945593,2930.30
3129,435538908,3166.50
3130,230048030,1557.70
3131,3145706945,156.70
3132,268395392532,262.80
3133,515446481,728.80
3134,531084861,5000.00
3135,553843893755,43.00
3136,774846251,1527.70
3137,861407660,1175.40
3138,264825033667,292.50
3139,627763616,1855.60
3140,4833805452,163.80
3141,28579778,1004.00
3142,397900249019,309.70
3143,1535174288,86.20
3144,389924242,1672.00
3145,38850656,637.30
3146,662889542,645.30
3147,993387813,3323.70
3148,38084710580,430.60
3149,1162040276,3567.10
3150,139223928,1441.80
3151,389706754,1578.30
3152,140772211562,226.70
3153,324870995,1064.40
3154,256909007,1452.30
3155,169711425,1466.30
3156,392676603,828.10
3157,240155592,721.60
3158,553129298,850.50
3159,389706754,1578.30
3160,137622961,72.90
3161,941405791,2377.40
3162,184789099188,312.30
3163,824702379,3906.50
3164,531084861,5000.00
3165,985473417,773.40
3166,3376403211,514.70
3167,47211271184,403.30
3168,1045293538,3250.00
3169,61578257,610.90
3170,47640536176,396.00
3171,255869187,1794.30
3172,892667975,4058.30
3173,325328407,580.50
3174,147845995,1602.20
3175,773830373,2752.00
3176,199541311,590.50
3177,1342330089958,37.70
3178,417980001,846.30
3179,914355872,2236.70
3180,803584879582,301.10
3181,1739444259868,17.60
3182,1065725714,2827.00
3183,869509516,624.90
3184,114281795,2419.20
3185,552260701,778.30
3186,3535364092,145.60
3187,28537395,1632.70
3188,531084861,5000.00
3189,774605152,852.30
3190,1403757451,88.40
3191,3065771311432,13.70
3192,85224908,120.20
3193,958308798,699.60
3194,531084861,5000.00
3195,531084861,5000.00
3196,579145557,2958.70
3197,645234115,1694.10
3198,532612902,1763.90
3199,20617840854,422.30
3200,27271991925,441.80
3201,1152771632,483.60
3202,531084861,5000.00
3203,3975283834,450.10
3204,398640171,1750.10
3205,127628570409,235.90
3206,706076688,1302.10
3207,709105366,572.80
3208,68868412116,298.10
3209,118776994360,267.80
3210,844354089,1099.60
3211,480039824,621.50
3212,138382789892,270.10
3213,27399132725,187.90
3214,303437508,1542.00
3215,68935195812,350.60
3216,24608875722,180.40
3217,1077088021,593.40
3218,182507879,3543.00
3219,23891957262,420.90
3220,649575410,3556.10
3221,334399671,1000.10
3222,1967634440955,38.30
3223,531084861,5000.00
3224,351229431,1210.50
3225,1051217390,588.10
3226,865957374,1155.10
3227,222089322,2053.00
3228,671128027,1428.30
3229,191187709,1554.40
3230,212941142,133.60
3231,459675336616,24.40
3232,531084861,5000.00
3233,992134537475,25.80
3234,269660597282,287.40
3235,492736656,2618.10
3236,1044564070,994.30
3237,2230102577534,4.90
3238,706135554,1088.50
3239,33700505696,407.90
3240,162776225,1043.20
3241,670654606,53.50
3242,1693906140034,43.30
3243,136339331628,297.80
3244,2173539672520,28.70
3245,979153830,4478.90
3246,249062722,2061.90
3247,39504047549,354.20
3248,550142186,1559.20
3249,1415931153,112.70
3250,476536654,2129.10
3251,1705434059,63.80
3252,14247884541,470.30
3253,531084861,5000.00
3254,7823946521,471.10
3255,1067399243733,24.10
3256,628256570,1287.00
3257,1385005828845,32.50
3258,795427757,2892.80
3259,2168134570,68.20
3260,52884588633,265.10
3261,23417950660,446.20
3262,703534298,2777.60
3263,216163044892,321.00
3264,14115876989,420.20
3265,342792365,1246.50
3266,287148635349,268.70
3267,59463847817,312.10
3268,1233397342,3237.50
3269,98032695,548.60
3270,57423928628,327.00
3271,532786451,3220.70
3272,531084861,5000.00
3273,960958114,3416.20
3274,861973776685,38.70
3275,800762111,4048.30
3276,1267080983594,37.60
3277,45591502722,275.10
3278,725157026,2941.80
3279,212941142,133.60
3280,1792859581,118.30
3281,145896870,1033.70
3282,120293053,776.70
3283,284436840814,47.70
3284,676980604,702.30
3285,357176951,2211.80
3286,696945658,1841.00
3287,1005307650,101.10
3288,324852644,996.90
3289,243729606549,351.50
3290,806175527,4315.90
3291,238556198,4693.90
3292,438575876,4931.50
3293,266981063,653.70
3294,899439933,709.30
3295,56622039487,238.10
3296,1074676966,115.40
3297,597509963,113.10
3298,515106196,771.40
3299,411653110,1669.60
3300,792428834,1147.60
3301,528388702,1431.10
3302,2288120381,76.70
3303,708984664,2104.50
3304,1115518475,707.80
3305,833349031,2490.60
3306,273816896,854.10
3307,47640536176,396.00
3308,38769709178,420.80
3309,78054526922,333.80
3310,91657227,1261.60
3311,476765336,1025.90
3312,309477498,930.60
3313,363769205,1399.60
3314,253361577,1884.50
3315,216918191,1015.90
3316,9933770071,444.30
3317,232843115,2303.00
3318,3897304963,125.10
3319,351470094,1223.30
3320,531084861,5000.00
3321,27039024418,183.10
3322,1285286230,3715.90
3323,783463856,1766.40
3324,619426791,1143.60
3325,1127790032,91.60
3326,295956170233,319.60
3327,201975120,3490.50
3328,221175886,1067.30
3329,275547664527,284.10
3330,304507010,925.30
3331,273718523421,251.60
3332,5854587665,402.80
3333,710561138,1063.60
3334,441978824,3708.30
3335,532786412,1585.40
3336,1099027079,945.90
3337,996196159,97.80
3338,5575709544090,15.90
3339,861603483,1304.80
3340,45562277812,181.80
3341,266366908,1852.70
3342,1356635555,3626.50
3343,169729865,1366.70
3344,301561052,1302.50
3345,47378502497,181.70
3346,162495318035,326.20
3347,632405187,1377.30
3348,10085492734,210.70
3349,730617728,2482.70
3350,52884588633,265.10
3351,17264099843,425.50
3352,891500796,159.70
3353,316956522,1152.20
3354,145961133099,242.30
3355,23706469189,179.70
3356,343094558,53.00
3357,47551956197,399.10
3358,96177438,1052.00
3359,531084861,5000.00
3360,2125291913,138.90
3361,422444409,2195.30
3362,1011757998,2355.30
3363,662499236,1604.40
3364,314938123,790.40
3365,136339331628,297.80
3366,310908340,116.00
3367,768584690,2044.10
3368,476552212,838.00
3369,569266993,724.00
3370,178619580596,352.40
3371,1496212610,553.40
3372,601916218,1944.80
3373,72368184661,260.70
3374,941511844,3176.50
3375,1162023363,3715.70
3376,290858543,1067.90
3377,309799058,616.40
3378,190438925,691.80
3379,839550118,670.70
3380,166720837360,283.80
3381,186345858,106.20
3382,255872600,799.20
3383,945014567079,22.40
3384,277799362,1054.50
3385,290768547,1024.10
3386,158178175,766.50
3387,47495604731,412.80
3388,153736176874,352.20
3389,189872762052,283.90
3390,3749877653,128.70
3391,531084861,5000.00
3392,421155862,68.30
3393,1131415829,803.50
3394,498917097,660.70
3395,3664084597,488.30
3396,15030799030,436.70
3397,748945539,1917.80
3398,8829414964,160.00
3399,217086511,1147.70
3400,10216067270,463.20
3401,78726979,1491.30
3402,96008177,1775.90
3403,1929818085,72.50
3404,33041522,845.50
3405,476417788,4616.50
3406,82208140364,271.80
3407,76074003,1564.30
3408,1038463802,563.80
3409,817060499,2877.10
3410,531084861,5000.00
3411,761884544,1810.50
3412,24709711,2256.50
3413,1615878103,90.20
3414,4989185024,408.90
3415,232549333559,308.80
3416,17455609151,177.90
3417,170880142243,370.60
3418,1092723840,2941.90
3419,531084861,5000.00
3420,2597525837,179.00
3421,161091308,1146.40
3422,775180669,1428.90
3423,68690330915,394.60
3424,33845862926,202.10
3425,68596472742,230.80
3426,349585014,631.50
3427,709374472,994.90
3428,472268145,1327.30
3429,416380209,55.60
3430,1022854889,787.80
3431,988549541583,4.40
3432,6296050618603,12.70
3433,482405020,77.90
3434,320529937,782.20
3435,199476552179,315.70
3436,450254344,767.40
3437,676500553,2837.30
3438,741386483,2083.60
3439,260220214,1727.70
3440,48205784660,376.20
3441,100962764,703.50
3442,801785929,802.40
3443,936715542,696.70
3444,346020653,68.50
3445,297724346,2412.60
3446,261799872,648.50
3447,566688635,547.00
3448,883264610,697.80
3449,122350253,711.00
3450,656563928,93.40
3451,1077962353,572.50
3452,189781846,842.40
3453,585569496,615.10
3454,38070006233,194.20
3455,606344789,2362.50
3456,1380137862,64.20
3457,967460776,3254.50
3458,353114389,1074.70
3459,369229441860,288.40
3460,531084861,5000.00
3461,882257259,845.60
3462,519620984,802.70
3463,325477233,1325.00
3464,372922886,1308.60
3465,190994812,1692.40
3466,584579058,1577.90
3467,4966029171,143.80
3468,165098495,1960.80
3469,17896028041,184.20
3470,272145806617,373.30
3471,368043126145,311.50
3472,748698013,535.00
3473,12953144767,150.60
3474,239066489596,341.80
3475,533310709695,337.90
3476,531084861,5000.00
3477,1668066236,520.10
3478,251591421,569.00
3479,1990510946,497.10
3480,692634584,106.40
3481,796800483956,40.50
3482,494163845,1363.80
3483,336766784,771.10
3484,11031239498,158.40
3485,428666642,1005.20
3486,352473558843,313.90
3487,213095470,1236.80
3488,342274278,1035.00
3489,5750764751,162.10
3490,627746615657,45.20
3491,13537116294,162.30
3492,926783182,60.20
3493,3481461543,459.80
3494,131182305851,266.70
3495,22027214024,403.70
3496,2810272115,443.70
3497,628205789,941.30
3498,1049430396,4400.60
3499,247407827,1710.30
3500,61443247,1648.40
3501,9703554865,246.10
3502,785122719,884.30
3503,627810389,1890.00
3504,520460921,822.10
3505,2810921940,482.20
3506,562979480,2501.50
3507,860764395,778.60
3508,106478609362,296.50
3509,538270507,652.70
3510,167979362820,358.60
3511,535026608,537.20
3512,936937415,773.80
3513,32838823894,395.80
3514,1350533898,114.60
3515,608124072,660.50
3516,344095348,708.70
3517,663117241,649.40
3518,623488048,1590.00
3519,65830146373,374.60
3520,1377481165,570.00
3521,571801423,1732.90
3522,531084861,5000.00
3523,339614603,55.80
3524,531084861,5000.00
3525,322320365305,317.60
3526,368983472,952.80
3527,1077697274,3474.60
3528,519780222,1762.60
3529,701477975,3033.10
3530,1094934905097,44.90
3531,903570539,2455.10
3532,91230740733,358.00
3533,531084861,5000.00
3534,531084861,5000.00
3535,32848970532,424.40
3536,217246071,1262.20
3537,250084134,712.90
3538,24692435754,362.40
3539,147577720623,257.70
3540,576039825,1067.70
3541,882276496,74.60
3542,481817738,4591.60
3543,1039279902,902.60
3544,946493527,123.40
3545,273329760,1368.20
3546,50753209775,203.80
3547,2652066407995,10.50
3548,286231919,1456.40
3549,459966531254,261.60
3550,208800699,1201.50
3551,272955658,1020.80
3552,863614453,3852.80
3553,871081138,2941.50
3554,404782688,1195.10
3555,549698737,758.70
3556,979539754,765.00
3557,208505031,1759.10
3558,2209272165922,7.30
3559,2073205319,115.10
3560,550132808123,290.10
3561,47068323,103.70
3562,859830129,92.80
3563,37418373457,360.20
3564,522900225,538.10
3565,784666824,553.70
3566,3677183722,177.60
3567,1165004963153,36.40
3568,4833805452,163.80
3569,606717914,902.40
3570,498201236,2489.20
3571,763325396,748.10
3572,195914836,1128.70
3573,855674319,720.20
3574,72594318,547.10
3575,861429602,704.80
3576,212021780,666.10
3577,50753209775,203.80
3578,952546624,927.30
3579,216163044892,321.00
3580,10452975107,221.70
3581,395327102,4032.00
3582,530548798,749.20
3583,893171663,727.10
3584,32955300509,194.80
3585,135943039,2469.10
3586,1200947600,123.80
3587,443372546569,40.90
3588,37475816990,239.10
3589,671550660,1167.40
3590,281953478,1819.20
3591,1311241450,3499.10
3592,335835690,100.90
3593,979273266,2145.00
3594,616969076,4356.50
3595,638228317,556.90
3596,156030074,1651.00
3597,2829296674,195.80
3598,260443889,2057.30
3599,422480903,919.40
3600,870123836,1779.20
3601,23025964483,455.50
3602,541957538,69.10
3603,532815999,3452.30
3604,990761147471,18.20
3605,471908052,505.10
3606,2708648418146,17.50
3607,351782120559,322.60
3608,492728710,2123.40
3609,524399469,90.50
3610,238564931,741.60
3611,491955842034,315.90
3612,284984225,85.00
3613,514895251,899.80
3614,1661517330167,11.80
3615,441996676,3279.50
3616,324831591,1471.60
3617,3512925885,459.60
3618,392853440,898.50
3619,24326643611,193.10
3620,1452208824,534.30
3621,315055839,859.30
3622,338291193,1443.20
3623,472424937,1196.80
3624,312165281,1841.70
3625,1791294903215,19.10
3626,1175188186,569.80
3627,416316615,1295.80
3628,124161901,3193.90
3629,558534970,1835.90
3630,519737135,2352.20
3631,3973395352,466.40
3632,980132779,112.40
3633,720148737,62.30
3634,531084861,5000.00
3635,32693190874,182.70
3636,299040668,644.40
3637,305854844,2485.30
3638,418787908,479.10
3639,4048873383596,13.20
3640,1901740336,52.30
3641,128001664852,372.30
3642,176802632422,224.80
3643,4877086642,462.20
3644,3044768768,523.80
3645,531084861,5000.00
3646,446383576,103.80
3647,263096341,113.20
3648,531084861,5000.00
3649,422116323775,295.10
3650,454982394,3005.70
3651,750267059,609.60
3652,1261450015,457.90
3653,152271911996,240.20
3654,1006955605,780.60
3655,1670592090629,4.20
3656,20907777123,220.30
3657,132016578,679.30
3658,10452975107,221.70
3659,954482739,3149.30
3660,152241994,1784.70
3661,333308421,669.40
3662,1364960623239,35.60
3663,124103726,3520.10
3664,230919503,1239.00
3665,519816098,1128.80
3666,341313204,2913.60
3667,647002494,528.30
3668,1306740094,517.10
3669,650304832,869.40
3670,52809670,1087.60
3671,2792568752,171.30
3672,696075613,73.30
3673,780392550849,296.20
3674,567675646,1340.60
3675,1124845007,627.80
3676,167267499,539.30
3677,395447129,2299.20
3678,2162580244735,35.10
3679,94453507648,357.20
3680,1611893933001,5.80
3681,822397316,1800.10
3682,7598352654,434.10
3683,692770743,1617.20
3684,606563716,819.30
3685,1188237131603,37.30
3686,142737042,951.80
3687,758262405,988.50
3688,16008774537,157.70
3689,2657418135714,4.60
3690,63301281763,418.60
3691,2064445448,513.60
3692,544710362967,290.80
3693,531084861,5000.00
3694,766566134,1136.20
3695,854847941,2773.40
3696,1098269980918,23.00
3697,531084861,5000.00
3698,2170286005976,7.70
3699,85296485233,379.50
3700,64073523033,419.70
3701,687438542,2038.40
3702,42195575341,211.70
3703,576079157,1581.50
3704,79478520286,346.10
3705,89660525250,284.40
3706,985231965,919.70
3707,2147929889,535.70
3708,48205784660,376.20
3709,531084861,5000.00
3710,883020818,1666.40
3711,65512337573,390.80
3712,498175109,815.20
3713,531084861,5000.00
3714,1092750666,2879.60
3715,749287427,1060.70
3716,199750557243,323.90
3717,52880595,559.30
3718,68060112216,241.50
3719,1762635368,523.20
3720,823532949,687.20
3721,245435728372,308.70
3722,308862391,2788.30
3723,298035201,4016.50
3724,133381075889,239.00
3725,166468250253,261.90
3726,638666002,2869.40
3727,192439512,864.10
3728,1097165773,3142.50
3729,2428252484227,34.00
3730,194118613346,256.10
3731,910322518,676.90
3732,531084861,5000.00
3733,207678916077,353.30
3734,519832117,1013.60
3735,1723150339,157.40
3736,35577728600,366.70
3737,805138357,1426.90
3738,184551836,900.60
3739,163113956,743.20
3740,530463608,973.50
3741,420627773,1178.40
3742,1019755348,87.30
3743,831169384,1049.30
3744,531084861,5000.00
3745,1088050812,943.30
3746,1293108719,498.30
3747,790985530,973.90
3748,870069531,1788.30
3749,213368045691,335.90
3750,130473187,1693.30
3751,303925056294,321.10
3752,390169145,2046.80
3753,162951663,2834.60
3754,32955300509,194.80
3755,1219858941285,47.20
3756,281919786,1453.10
3757,806370143,2048.40
3758,27220927742,200.80
3759,814347405,69.80
3760,534054044,588.80
3761,614844042,1807.30
3762,398452900,1297.70
3763,531084861,5000.00
3764,27053939,589.80
3765,941962538,869.30
3766,576325376,1054.80
3767,610691909,1551.60
3768,281868395,2933.40
3769,54026063352,233.70
3770,1135633796,65.60
3771,543831456,826.20
3772,1283658636,554.80
3773,134133980,598.30
3774,531084861,5000.00
3775,5137395109,440.40
3776,84301081577,280.20
3777,1071254095,3158.30
3778,96619204,619.50
3779,341376844,2309.00
3780,82838993522,263.70
3781,303610086,1766.70
3782,337835043,1254.50
3783,25259685,686.80
3784,160398727,1260.20
3785,530474320,4633.80
3786,87197514,4242.00
3787,531084861,5000.00
3788,406046839,770.20
3789,21993203289,434.80
3790,97771320,2267.70
3791,1131025867,107.80
3792,125819877,869.60
3793,465603008,4437.90
3794,411713242,1400.20
3795,157475420,4330.00
3796,633236580,2578.70
3797,705855700,1689.20
3798,104518888,1493.80
3799,6811693723,163.40
3800,119875931,2230.60
3801,316681098,1503.80
3802,47786378346,224.30
3803,573980201,2077.80
3804,325117206,1560.40
3805,16522398303,177.40
3806,757631797,2264.70
3807,698219858,2476.60
3808,10192425108,205.40
3809,949152517,99.20
3810,186708787,1404.60
3811,322045546419,287.80
3812,56850224,1048.20
3813,251718618,598.20
3814,80535130,1146.20
3815,2836244388,502.40
3816,520286573819,298.00
3817,628003367,1580.90
3818,531084861,5000.00
3819,936315121,812.60
3820,562600957,2246.70
3821,2952603176,96.00
3822,231390584,593.30
3823,13688609185,475.30
3824,849417051,4903.40
3825,124048832691,283.00
3826,316134995635,243.90
3827,85690562422,274.10
3828,110645480541,349.80
3829,530548798,749.20
3830,678258775,565.10
3831,478885359237,38.20
3832,898068075,4903.30
3833,2590521703,437.50
3834,622592721,2006.80
3835,941491702,2014.80
3836,696966524,1859.70
3837,2566432469,134.20
3838,76561125,595.30
3839,167708191,613.40
3840,459382305,497.50
3841,323221476,634.70
3842,217142262,1382.30
3843,801139745,1031.10
3844,559895278,2441.90
3845,292720994,2658.60
3846,260534344500,320.60
3847,908962713,2699.40
3848,407367465,1166.90
3849,483825800,658.10
3850,140166642,608.30
3851,531084861,5000.00
3852,736389511,1058.00
3853,652389507,3053.90
3854,177077606358,388.50
3855,53131451819,181.60
3856,1501470470021,44.30
3857,113951217,881.60
3858,1247349131,94.70
3859,1120523422,847.30
3860,69699971444,319.00
3861,2552569610,145.90
3862,852732079,1190.00
3863,17525023330,388.80
3864,2246948016662,47.50
3865,1849002008,504.60
3866,3906347824,471.90
3867,126208204,1566.20
3868,493091333,868.00
3869,1050300336,104.60
3870,813947151,1638.70
3871,75912468751,389.30
3872,2582832528683,21.10
3873,638883105,2064.30
3874,579085099,103.50
3875,166720837360,283.80
3876,20328923,816.30
3877,645367970,680.30
3878,147548852,1264.70
3879,40993720971,279.40
3880,195564280050,292.00
3881,1623509155,52.50
3882,290766614,101.20
3883,56631089,1342.00
3884,355747785,1232.50
3885,2973689750,491.90
3886,41631128972,185.20
3887,372965293,1480.10
3888,4989185024,408.90
3889,36426293883,420.40
3890,1962418937,121.80
3891,19929789019,418.20
3892,1168509023,3892.50
3893,925383192,2040.70
3894,295858272735,359.30
3895,249927974,836.80
3896,753627759,1105.00
3897,531084861,5000.00
3898,98173063,2480.40
3899,188558982605,348.00
3900,355500025,655.30
3901,1860779585,124.30
3902,145666269995,347.90
3903,531084861,5000.00
3904,59593691223,202.40
3905,474392017,3753.70
3906,238612034,894.40
3907,918389351,550.50
3908,2938500294,154.60
3909,604169092,3323.40
3910,113621251091,274.20
3911,57349800853,225.20
3912,782177125,99.50
3913,77917770888,377.70
3914,403098132,1201.90
3915,208865907357,228.20
3916,278013724,1210.70
3917,585806601015,42.80
3918,260358844,1347.00
3919,70981850,4118.50
3920,1117059969,142.50
3921,839767312,1297.40
3922,812309815,958.10
3923,531084861,5000.00
3924,3896646499,126.20
3925,411764402,872.70
3926,314086589,808.80
3927,400770904,807.70
3928,531084861,5000.00
3929,633726736,768.90
3930,593628977,1288.00
3931,26729968218,194.90
3932,844126101,1936.70
3933,531084861,5000.00
3934,676591617,2315.00
3935,526320364,3178.40
3936,36349270,1401.50
3937,2038842235593,43.90
3938,77418834093,227.40
3939,558450007,757.90
3940,15792357251,466.00
3941,324450387019,312.80
3942,342800129,928.50
3943,580497898,689.20
3944,627763322,1609.10
3945,930638749,2606.80
3946,531084861,5000.00
3947,403066681,1449.60
3948,487231182,4622.60
3949,644176746164,295.70
3950,887429367,2331.40
3951,595963759,910.10
3952,9405752261,185.30
3953,165489033,1179.90
3954,10414543042,181.10
3955,357718465,2209.30
3956,793172972315,292.30
3957,233566961,983.20
3958,234201901,1931.40
3959,6811693723,163.40
3960,531084861,5000.00
3961,3616065714,487.80
3962,531084861,5000.00
3963,1076502839,2599.90
3964,157695030,2143.60
3965,250997081,987.20
3966,3549544009,493.00
3967,860479782,2101.10
3968,49224618,953.90
3969,28547045269,202.00
3970,6643212325,411.60
3971,963629890,750.30
3972,538657748,587.00
3973,5688105171,492.00
3974,76522025,2343.30
3975,208031334,1645.50
3976,450287625,90.30
3977,211694399,883.00
3978,177980338,1982.20
3979,454113801766,302.50
3980,684382065,1052.10
3981,831062198,1692.50
3982,887900937,984.00
3983,2716429741,141.50
3984,39624167234,329.00
3985,11270674669,155.60
3986,176711124,748.50
3987,240836667118,270.70
3988,303773022,971.60
3989,2495342329174,10.70
3990,1129586726,3587.00
3991,437298837,1309.60
3992,62492246497,215.10
3993,411621723,2303.10
3994,2886785019,139.70
3995,410101491,64.60
3996,325628521,1068.60
3997,182411263,1357.70
3998,470606754760,25.10
3999,439410526,1777.90
4000,277625967,1314.80
4001,169297970,959.60
4002,104572826,1318.00
4003,256909007,1452.30
4004,184217039513,264.50
4005,238650536,2435.40
4006,22583132616,195.10
4007,1555133587,483.30
4008,11449760037,430.00
4009,1079581707,582.70
4010,660295888,2561.50
4011,170489160,1070.20
4012,13023363560,445.80
4013,531084861,5000.00
4014,218777866761,308.10
4015,162764049,1229.80
4016,351190929,3219.10
4017,1130961196,721.70
4018,881708222,82.60
4019,25888840,591.00
4020,71047709,2629.50
4021,5664445702,442.10
4022,1956756498508,3.80
4023,1125718092,708.50
4024,167979362820,358.60
4025,517665418170,315.00
4026,2089508916,534.80
4027,416493194,123.90
4028,579741433,975.10
4029,531600235,580.60
4030,369989702,769.80
4031,292817966,2212.80
4032,985468598,833.60
4033,531084861,5000.00
4034,104201404,1148.20
4035,153603524259,286.20
4036,117118626728,273.70
4037,1120938413,715.40
4038,531084861,5000.00
4039,1929421005,542.20
4040,503492146,67.30
4041,935469265,58.70
4042,478159392,561.70
4043,119868061815,267.20
4044,1039138814,971.20
4045,969730572,528.80
4046,6604386227,161.90
4047,301561052,1302.50
4048,747451341,857.90
4049,423626057,546.80
4050,531084861,5000.00
4051,430877866,1195.70
4052,2710866160,127.10
4053,347769208,739.40
4054,676568622,2276.30
4055,5031914731,485.60
4056,271594622294,309.20
4057,1011585408,4935.90
4058,368014507,1020.70
4059,361522947777,324.70
4060,725279901,2026.80
4061,1110766790,635.60
4062,914501145,2078.20
4063,552134864,2742.30
4064,157376523,967.70
4065,593459507,1571.30
4066,492629625,4576.20
4067,223271153,1168.50
4068,170707740,2429.00
4069,398929269,1329.70
4070,74936400308,342.70
4071,125361425,119.60
4072,426485878,1014.30
4073,259920154,602.10
4074,4434739196,477.70
4075,212021780,666.10
4076,28537395,1632.70
4077,304130544,926.60
4078,481196192,561.20
4079,247488212,1552.20
4080,54419800814,409.80
4081,672074534,985.10
4082,697575304,1068.50
4083,610727338,1582.80
4084,332130344931,328.70
4085,579085099,103.50
4086,2554445339190,20.00
4087,196703899869,343.60
4088,531084861,5000.00
4089,293286855,50.30
4090,95678672364,405.70
4091,568593920,2121.20
4092,406140266,4623.90
4093,876578811,571.80
4094,549312844,808.20
4095,395440479,2675.70
4096,2715167497,465.80
4097,408520763,2943.30
4098,117894579,1203.50
4099,38050233846,258.90
4100,796283322,697.30
4101,218720721293,360.60
4102,81920922,2266.00
4103,976632155,651.60
4104,403173704,1365.30
4105,207292656,501.00
4106,66769271273,358.20
4107,395072378,104.30
4108,99563794,786.40
4109,990540185,881.20
4110,244032951,2605.80
4111,378975951,1059.00
4112,97813755771,218.90
4113,563047301,2163.00
4114,355537415,1149.60
4115,1946358449,62.60
4116,919753874,2884.60
4117,288016098,664.90
4118,18482408090,189.00
4119,12775451981,475.40
4120,796502676,878.00
4121,20190523940,187.30
4122,1317698144,3991.10
4123,416493194,123.90
4124,442002132,1288.70
4125,617088145,2690.80
4126,276506870,2020.90
4127,3105888160,141.30
4128,47786378346,224.30
4129,111667520138,238.50
4130,208767022,705.70
4131,12107447615,468.90
4132,580183260,624.60
4133,488493566,672.40
4134,1049629708,2255.50
4135,265055785,1026.60
4136,26392480430,450.00
4137,920195213,797.10
4138,212653702168,289.80
4139,1226483881589,24.70
4140,255614468,874.50
4141,477115941,797.50
4142,565744457,610.50
4143,818477108,1111.90
4144,649554679,1148.60
4145,857163230,1509.00
4146,531084861,5000.00
4147,1148631779349,31.50
4148,687929683,724.40
4149,20480301182,381.30
4150,270703110,1030.90
4151,891468040,81.00
4152,499611578676,29.00
4153,143482314,117.10
4154,521277094,520.00
4155,324984752,931.30
4156,260349742,1771.80
4157,364171783363,292.70
4158,7418380517,145.30
4159,11694361034,178.20
4160,347971557,579.10
4161,1880346807,496.40
4162,209102360,796.00
4163,649984368,764.40
4164,63047196,884.20
4165,775110304,1310.90
4166,7293803319,151.80
4167,158360137222,310.70
4168,1231854503063,47.10
4169,1674146675,97.10
4170,1056900141,526.90
4171,174521380,925.70
4172,1118290109876,11.40
4173,1006368932,3310.60
4174,113356608,1420.90
4175,531084861,5000.00
4176,75848959756,293.70
4177,4025613169,483.70
4178,81342616820,372.50
4179,614875414,1925.20
4180,669013490,3678.40
4181,177130265104,229.40
4182,220866246559,342.10
4183,201789176,668.60
4184,1670592090629,4.20
4185,236190772,1011.20
4186,3291405866,487.50
4187,342800129,928.50
4188,427983574,2074.20
4189,545754024,3812.30
4190,308428103,1015.80
4191,314716986,783.40
4192,638996547,529.90
4193,482530692,949.70
4194,569201751,586.20
4195,8199569692,471.30
4196,468028435,1106.50
4197,2508400415405,26.90
4198,31700924526,429.20
4199,368014507,1020.70
4200,372835627,1471.80
4201,4989185024,408.90
4202,37418373457,360.20
4203,146339727045,339.90
4204,1860821937,502.50
4205,531084861,5000.00
4206,800765713,4497.50
4207,240509314,1255.00
4208,447349841,582.80
4209,1137551770,67.70
4210,949152517,99.20
4211,800720018,1907.10
4212,378848611,50.10
4213,783796981,1491.90
4214,487507159,622.40
4215,531084861,5000.00
4216,2527979051,92.60
4217,2014771033,86.50
4218,656028375,3918.80
4219,1330687440,3881.00
4220,178428457,1182.10
4221,360370428,763.20
4222,275056623850,321.90
4223,234331730005,228.30
4224,53014171,1041.80
4225,2477620526965,8.30
4226,1349022716,106.10
4227,166009553644,223.80
4228,179482775,948.80
4229,54444396868,214.80
4230,833360105,2358.20
4231,1049474694,2635.80
4232,503492146,67.30
4233,752177905,2668.30
4234,653688920,1820.10
4235,623412477,724.80
4236,6773108848,150.80
4237,503993274,730.80
4238,763303169,788.60
4239,541359993,1501.70
4240,3808454136,135.50
4241,179956602640,289.40
4242,12649933796,156.90
4243,38748606876,358.40
4244,459167732,1495.80
4245,132663097285,381.90
4246,130365010,805.10
4247,653900073,1789.10
4248,71722690,631.00
4249,63196444485,251.20
4250,549421023848,330.30
4251,471140163,2211.60
4252,849606755,2318.40
4253,2716429741,141.50
4254,244819069,1189.50
4255,420298461,1621.50
4256,93220089,875.80
4257,99464706418,221.00
4258,1115745793,671.80
4259,809532836,1134.00
4260,3880531330,505.70
4261,112787801740,385.70
4262,1092588854,113.70
4263,744642028,1122.30
4264,870359615,1254.10
4265,1033213474,4741.70
4266,536972385,513.90
4267,531084861,5000.00
4268,35077398708,212.70
4269,20669424101,236.00
4270,580651781,1364.50
4271,38850656,637.30
4272,8032252508,152.00
4273,316932780,980.40
4274,201949560,3497.00
4275,818129778,1483.90
4276,835506442,1642.80
4277,384608937,2701.10
4278,6077676121,436.50
4279,156030074,1651.00
4280,768752706,909.50
4281,1207466432,3343.20
4282,95908021,1727.80
4283,30541806869,186.60
4284,493714894,1682.90
4285,524153668,1553.50
4286,81894127589,386.30
4287,688738683,1377.10
4288,80526887,638.30
4289,1806197367,55.30
4290,39630558892,208.10
4291,1086956174,561.00
4292,169480958180,262.70
4293,104246286088,407.00
4294,812811355,827.50
4295,1125753319,988.00
4296,330544460,2364.00
4297,649463228,1785.90
4298,82959280,726.70
4299,972263174,577.30
4300,8541052269,445.30
4301,893777991,852.90
4302,850479036,870.90
4303,325725872075,313.70
4304,441944302,1908.10
4305,401494755,790.60
4306,260497155471,319.90
4307,531084861,5000.00
4308,47519516569,176.00
4309,42542971851,221.40
4310,250525959152,331.20
4311,338126232,1563.10
4312,38091799990,416.50
4313,553526572,705.40
4314,384673435,2157.70
4315,696236232,118.60
4316,161267011,1099.00
4317,905808399,114.50
4318,731723557,1270.50
4319,531084861,5000.00
4320,112787801740,385.70
4321,347770147,908.30
4322,63054854,753.80
4323,536185174,2051.80
4324,718488900,102.20
4325,9832291759,475.20
4326,109833172433,337.70
4327,266189928,939.80
4328,1411447192,128.20
4329,811246809,539.40
4330,857544943,1088.70
4331,1114319037,2951.40
4332,519825047,2322.90
4333,31700924526,429.20
4334,535245473271,44.40
4335,288157173474,253.40
4336,2174213248,125.00
4337,82153325755,248.50
4338,174789128,543.40
4339,469483670,613.60
4340,958312127,712.70
4341,299189722,1413.30
4342,12185429663,144.50
4343,1705980591,469.60
4344,1785418980700,22.90
4345,720148737,62.30
4346,233328664,2319.70
4347,71533760203,293.20
4348,650374215,950.50
4349,156787372,1006.70
4350,265591721,4086.30
4351,437326620,1066.40
4352,507107371,1174.10
4353,13460062241,390.60
4354,156596590,3118.30
4355,6643212325,411.60
4356,1224251254,119.20
4357,341796538,961.70
4358,852773008,1361.50
4359,225857892,811.60
4360,345626190085,283.10
4361,672710754,665.80
4362,417044073,2598.90
4363,890749271585,27.90
4364,256154061,1390.00
4365,56113362943,385.00
4366,31332928155,186.40
4367,424782952,1462.00
4368,63206804,1310.30
4369,402639009,1173.60
4370,128210471,1169.40
4371,1162077273,3177.20
4372,1278141692,63.00
4373,20551124929,158.20
4374,877574723,704.20
4375,531084861,5000.00
4376,115409882956,279.20
4377,33315413,922.40
4378,1432255547,53.40
4379,368706069,1119.40
4380,1126140116,923.60
4381,32806679,752.80
4382,593236310,1593.30
4383,487357443,2455.30
4384,775032800,1768.60
4385,30258331465,435.50
4386,82285424505,307.80
4387,292411754,595.20
4388,12728506172,148.60
4389,411597277,1688.70
4390,814124878,1407.10
4391,59950673,2099.50
4392,1947401003,515.30
4393,531084861,5000.00
4394,176814230,49.20
4395,506337794,943.50
4396,584626607,2852.70
4397,136800326,837.20
4398,633320113,50.90
4399,1209812100,90.10
4400,1055188561,103.90
4401,984890593,997.40
4402,995902524,579.30
4403,422711517,862.60
4404,817069496,2225.30
4405,35762014450,369.70
4406,304187391,776.80
4407,519806466,934.90
4408,714856647,1152.40
4409,861973776685,38.70
4410,941751071,589.20
4411,294464091,1289.30
4412,16160899653,468.60
4413,816975553,4059.60
4414,126105815710,382.50
4415,258421238,1313.50
4416,303460852,2744.50
4417,433288765,813.00
4418,283546593731,353.20
4419,186911492,1601.20
4420,259176641732,313.00
4421,308998005,2434.90
4422,1227705880,584.90
4423,443372546569,40.90
4424,788108486,1506.10
4425,19756064775,399.80
4426,11097154085,248.90
4427,41879440898,396.60
4428,1071144644,2594.80
4429,828575382,750.70
4430,5189379519365,8.90
4431,410101491,64.60
4432,35574688165,431.00
4433,2435647702,520.80
4434,941903741,935.90
4435,364357675,1437.10
4436,80526887,638.30
4437,336041608,2441.80
4438,2251440478812,21.00
4439,735936902,1511.90
4440,169319730,674.00
4441,887490623,1024.60
4442,719676395,4703.40
4443,109062257,733.70
4444,617105871,2540.00
4445,325165009,1799.10
4446,68417941,887.50
4447,185462224,764.90
4448,181757531315,275.30
4449,753695387,1277.80
4450,861532662,1340.80
4451,266292869,716.30
4452,22805834528,433.50
4453,33283310273,195.30
4454,20328923,816.30
4455,57211237,1288.30
4456,98179384,3185.80
4457,439410526,1777.90
4458,223271153,1168.50
4459,76963428196,321.20
4460,347418559,959.90
4461,629668518,3707.20
4462,128210471,1169.40
4463,1070154789,488.00
4464,2453697635,96.90
4465,623640719,3060.60
4466,490873948812,297.20
4467,359865174,1453.80
4468,610795003,1421.30
4469,2039567309,133.70
4470,126276450,1555.70
4471,654837500,127.30
4472,152194964,617.40
4473,121213289913,248.80
4474,51045250117,399.00
4475,2094690671018,19.00
4476,6161928937709,6.80
4477,168757471,818.60
4478,687347656,2409.30
4479,741766843,885.60
4480,531084861,5000.00
4481,30161181103,175.80
4482,466735955,122.20
4483,699170847,64.00
4484,703608118,2161.60
4485,594644783,65.90
4486,282036488,1691.20
4487,1944926448,190.10
4488,108929175,2103.90
4489,16097596471,184.60
4490,301717969974,263.10
4491,705325516,91.50
4492,874681766,1205.00
4493,400627790,130.70
4494,17000836973,400.60
4495,189617426,89.60
4496,36340035195,185.10
4497,201370282,572.70
4498,562902278,4791.30
4499,2756114675430,45.60
4500,404660544,545.80
4501,42245420807,252.60
4502,531084861,5000.00
4503,809796359,1172.50
4504,969359071,616.80
4505,54419800814,409.80
4506,612082888,968.20
4507,908198599,56.70
4508,730697152,2012.00
4509,1108965604,2729.80
4510,411214668,626.50
4511,720227950,971.80
4512,6427010920,429.40
4513,439306680,798.30
4514,336051270,856.40
4515,941455801,3782.10
4516,420250283,1435.00
4517,344418994,1204.30
4518,619374139,1457.70
4519,446379851,528.10
4520,4025613169,483.70
4521,828801294,897.20
4522,209451733009,324.20
4523,204178541594,266.30
4524,3513826285,120.00
4525,65358329382,261.30
4526,88195848191,305.90
4527,10216067270,463.20
4528,2893095560,505.40
4529,423403909,977.50
4530,744669470,1814.30
4531,531084861,5000.00
4532,58428723100,339.60
4533,390872863,57.00
4534,1330720123,3074.70
4535,2675887747363,36.10
4536,353114389,1074.70
4537,1168569076,3086.70
4538,1099993271,143.30
4539,439360903,609.30
4540,403538682385,316.70
4541,299292489,3172.40
4542,474010878,680.90
4543,2028415398,80.00
4544,311298486,2039.70
4545,236190772,1011.20
4546,1077697699,3060.50
4547,636941028,1146.10
4548,123480958734,348.80
4549,2041952350417,21.70
4550,2687423442,127.60
4551,677747317,663.50
4552,287968275,928.60
4553,2119984940,144.40
4554,563045859,2087.00
4555,346577741,1142.60
4556,1149387973,617.50
4557,1432079592,61.60
4558,26890302507,184.00
4559,363033689,887.00
4560,351369777,1423.60
4561,509007761125,271.10
4562,6954992728,462.80
4563,674294669,525.00
4564,763675690400,293.60
4565,3354213525,493.90
4566,238556762,4038.80
4567,757749479,1204.60
4568,212552745,1126.80
4569,2012850753,85.80
4570,76764860589,214.30
4571,543831456,826.20
4572,487433512,3045.80
4573,530697818,2289.60
4574,277946238,514.40
4575,126221587,674.30
4576,79466146100,211.60
4577,299323419,3021.70
4578,5428149612,188.30
4579,341139676,584.60
4580,399482290,569.40
4581,324450387019,312.80
4582,9703554865,246.10
4583,597511166,1549.10
4584,110070385,688.20
4585,980132779,112.40
4586,552991197,504.70
4587,54562128707,235.20
4588,786649947,583.50
4589,958856517,682.10
4590,93314421,816.10
4591,167466535651,359.10
4592,575573692,146.80
4593,528656381,1110.70
4594,434647382,642.80
4595,131182305851,266.70
4596,477445236,574.50
4597,531084861,5000.00
4598,1065772115,2558.30
4599,10543340571,190.90
4600,1006163814,514.90
4601,65859048,1350.80
4602,347653567,662.40
4603,76177158977,225.80
4604,10212189808,161.60
4605,11502187574,179.20
4606,43350261478,399.70
4607,1652324185,452.50
4608,305343047,532.30
4609,571746080,1614.70
4610,1189451785283,46.90
4611,138382789892,270.10
4612,432552892895,316.00
4613,201388158,654.00
4614,827842226,2751.30
4615,407290131,1678.10
4616,1364471307278,35.50
4617,1060853432,685.70
4618,227957406,2198.50
4619,1055109076,2025.30
4620,407400825,1579.80
4621,416918576257,257.00
4622,749830457,524.10
4623,1104121594,699.70
4624,443372546569,40.90
4625,143642285,1203.30
4626,703600746,130.10
4627,535245473271,44.40
4628,531084861,5000.00
4629,119656325,2999.10
4630,1697415482,509.50
4631,727442445,1738.80
4632,284984225,85.00
4633,386158348,1144.60
4634,439635110,917.40
4635,370639443,3148.50
4636,610673796,3306.20
4637,681836658,4450.10
4638,982565744,517.30
4639,572112076,1060.60
4640,119907696948,269.50
4641,54784403,742.10
4642,3071698921,487.90
4643,12722389463,444.80
4644,887553381,1421.40
4645,424666016,1491.40
4646,307769722,1819.80
4647,1641396780,109.50
4648,3998292739192,16.60
4649,84050727,623.10
4650,402639009,1173.60
4651,722975586,1556.90
4652,36496161730,193.30
4653,8375001012,166.70
4654,562961031,1229.70
4655,344669475,3729.50
4656,697083466,1209.30
4657,130941980191,325.10
4658,499209695,889.50
4659,195840177,835.30
4660,531084861,5000.00
4661,377140397,1138.60
4662,90955511682,367.60
4663,844428263,1160.50
4664,66631682,822.70
4665,72249486,667.20
4666,106582889984,308.00
4667,396343469178,289.10
4668,11031239498,158.40
4669,844233877,1484.80
4670,8986056910,434.40
4671,31544942772,360.90
4672,96747256,106.50
4673,990202400,2010.50
4674,203028041731,244.90
4675,122050881,1582.30
4676,941931811,716.90
4677,93121847,971.10
4678,773936952,2302.10
4679,230919503,1239.00
4680,838709184,2615.60
4681,7909049120,485.20
4682,161005418,1364.30
4683,18546890016,419.80
4684,950633466,135.90
4685,800903508,2130.90
4686,98422408,703.40
4687,325214371,3886.40
4688,73101358639,333.20
4689,739345242,71.30
4690,28496389131,170.00
4691,2075345795,52.60
4692,1098729102,773.70
4693,38091799990,416.50
4694,578232872,3067.30
4695,138382789892,270.10
4696,539789476,615.90
4697,433406289,1364.10
4698,784609130875,342.90
4699,36563733058,188.00
4700,20076171470,449.70
4701,658214271,1723.00
4702,7914833062,154.50
4703,698386454,963.70
4704,829189030,70.40
4705,824723545,3500.70
4706,818171646,1678.60
4707,4696390046,465.20
4708,1191199493,576.30
4709,809550600,1683.00
4710,77346478311,218.70
4711,547356670,736.30
4712,541236091867,335.10
4713,590006548,2979.10
4714,28547045269,202.00
4715,623578616,1104.10
4716,158741732,678.20
4717,906183112,84.10
4718,979825740,786.00
4719,402738599,1260.40
4720,47789427958,221.20
4721,13507568885,244.00
4722,55571137258,223.90
4723,8717103247,416.40
4724,531084861,5000.00
4725,446379851,528.10
4726,289070833,576.50
4727,120417409691,262.10
4728,1744786089,75.50
4729,550225198,1389.30
4730,131429548,888.10
4731,41667790733,210.50
4732,454932529,3729.20
4733,214918624,3828.90
4734,909928834,806.80
4735,48626349295,383.90
4736,1305945619403,41.80
4737,2700619285696,10.00
4738,1005839973,113.50
4739,281967623,1395.70
4740,2706636621,417.20
4741,7339589234,163.10
4742,44258442,1460.00
4743,941212334,570.30
4744,98184921,3135.00
4745,681879088,2907.80
4746,411281384,1407.90
4747,71211825914,192.60
4748,77214451,787.10
4749,964409978,110.30
4750,28995710065,286.60
4751,54949530,2118.60
4752,355372728,1388.90
4753,260724215,644.70
4754,238808794,1601.00
4755,565236060,3447.10
4756,237954068996,328.00
4757,560416543,619.00
4758,278133955,1072.90
4759,88654662,638.80
4760,920385363,941.00
4761,83520387166,380.40
4762,3657214860,492.20
4763,531084861,5000.00
4764,2048441057,91.00
4765,861553495,1142.70
4766,727803682,1133.50
4767,176018776,3185.00
4768,90944191321,196.40
4769,242954269,1683.20
4770,195762739,881.90
4771,531084861,5000.00
4772,547630500,742.70
4773,309034073,2264.10
4774,881044592741,38.10
4775,152987229,802.20
4776,531084861,5000.00
4777,705925396,1503.60
4778,531084861,5000.00
4779,1557871102476,28.80
4780,20110441504,230.30
4781,324583119,60.50
4782,833335569,2411.40
4783,894817882362,37.40
4784,117525053,688.60
4785,138496628,962.20
4786,33309327,888.00
4787,152361343,1091.00
4788,1087357769,2417.90
4789,135921214,2612.70
4790,7528097758,151.90
4791,1683983905,548.70
4792,19868236313,197.60
4793,531084861,5000.00
4794,924308758414,33.80
4795,3781898119,117.70
4796,1286301780174,30.30
4797,255639028210,241.90
4798,99563794,786.40
4799,325450399,1229.20
4800,1402272939,75.60
4801,313953489,1888.70
4802,774442079,895.50
4803,80417721,1695.70
4804,1091822014,573.80
4805,48504583633,353.00
4806,531084861,5000.00
4807,303554044,1996.50
4808,531084861,5000.00
4809,17266777182,419.90
4810,662589780,1741.40
4811,1250262331,578.20
4812,476756767,1422.50
4813,1065751520,2681.50
4814,371618387,707.30
4815,238428412,1228.50
4816,699170847,64.00
4817,31998523059,326.10
4818,523663660,539.00
4819,208688222127,350.30
4820,543980688973,28.00
4821,799603074,156.50
4822,411655401,2012.20
4823,337323617355,316.30
4824,212653702168,289.80
4825,481827519,4189.00
4826,567327427,1304.40
4827,883089829,3593.30
4828,531084861,5000.00
4829,2660889493,497.40
4830,243530364,1026.10
4831,453952780664,308.20
4832,169538180,3090.50
4833,140988807,1549.20
4834,422231684,788.80
4835,162979344,2264.50
4836,106589482148,245.30
4837,2467059203,79.30
4838,906250106175,34.60
4839,325054150,934.10
4840,17896028041,184.20
4841,189872762052,283.90
4842,152223028,1097.90
4843,547447781,613.50
4844,187120115,1022.70
4845,389895761,1877.90
4846,697351738,1278.30
4847,340195549,83.60
4848,49813727615,224.90
4849,531084861,5000.00
4850,316110738,1297.30
4851,571710773,61.70
4852,361962333,105.00
4853,493915046,1592.30
4854,325813374,773.20
4855,818180542,1118.90
4856,531084861,5000.00
4857,645595087,1125.70
4858,589294503,1315.30
4859,856316726,613.90
4860,863640709,3621.30
4861,334074590,1385.10
4862,200000163367,272.80
4863,123457263390,392.20
4864,1071986405,56.60
4865,852734258,1214.30
4866,371618387,707.30
4867,1051117597,660.60
4868,487430308,2307.00
4869,8636433197,174.20
4870,531084861,5000.00
4871,536340043628,323.60
4872,632086762,1626.50
4873,331143944,951.20
4874,531084861,5000.00
4875,324893324,880.20
4876,46321273,2804.90
4877,200089391,582.90
4878,718877923,1552.80
4879,132994028,989.00
4880,74697702439,409.60
4881,27639112,699.10
4882,185601922,861.60
4883,17575042795,178.80
4884,193693627458,256.30
4885,148431470458,329.30
4886,117104308,683.70
4887,1726519311,60.40
4888,2545450889,499.20
4889,28579778,1004.00
4890,41040406163,217.50
4891,57178628,1103.40
4892,1143954395,137.20
4893,905070979,1264.60
4894,54584576,1076.00
4895,660436854,2106.10
4896,492676320,2655.20
4897,351273424,1604.80
4898,888358961,77.20
4899,372913372,1591.00
4900,58383936336,215.20
4901,500982478,682.90
4902,660267897,2783.90
4903,194159347,531.40
4904,762137054,1098.00
4905,179099268,4477.20
4906,169187055,1455.60
4907,792354714,1322.40
4908,351304273,1595.60
4909,1071644237,781.20
4910,811764527,2261.40
4911,4149367505,126.70
4912,121501948,532.90
4913,619311037,1592.80
4914,546787336,920.20
4915,531084861,5000.00
4916,5410694148,176.70
4917,183120890769,277.80
4918,290719476,816.80
4919,766105356,1932.90
4920,177133515,646.80
4921,143891200,929.80
4922,147789471,774.20
4923,358679962,870.50
4924,973892348,2325.40
4925,1094405071,123.60
4926,48980463501,395.20
4927,89690741407,385.90
4928,26790275012,428.70
4929,964736220,665.60
4930,414502639,666.30
4931,413880745,534.20
4932,276132191977,240.70
4933,183361732,1607.90
4934,1059989033,536.60
4935,89362809323,412.40
4936,571284432,3332.10
4937,171005360,879.30
4938,531084861,5000.00
4939,303626749,1451.00
4940,182711939,564.40
4941,55861943927,231.50
4942,952553200,816.60
4943,531084861,5000.00
4944,661489406,573.20
4945,364949597,567.50
4946,102673587,66.60
4947,432194001442,286.30
4948,233273382,810.70
4949,666305854,868.80
4950,454506099,2019.80
4951,2241428909,94.10
4952,211285570,88.10
4953,675465907,1808.70
4954,120417409691,262.10
4955,3540722821,208.60
4956,121949777,1774.80
4957,982565744,517.30
4958,130693207,2023.80
4959,59884212175,356.40
4960,559887299,2532.60
4961,5512239221321,12.10
4962,130940067,960.40
4963,774372540,787.50
4964,125904873,1108.60
4965,633256043,2570.80
4966,1521153403,156.10
4967,469357431740,269.90
4968,833238121,2633.40
4969,11171879072,148.10
4970,9108280963,413.30
4971,44422091566,403.90
4972,1007237975,935.20
4973,468025373,1070.40
4974,502451121,1113.40
4975,878724345,1767.50
4976,338456674,794.20
4977,628102186,1076.40
4978,537013518,1886.40
4979,76126801,1359.90
4980,896051012,3621.50
4981,433334201,1091.60
4982,671408962,1459.30
4983,615051705,1478.50
4984,1272852171,58.50
4985,103645224,2269.90
4986,47640536176,396.00
4987,725507143,751.20
4988,784616156,2463.40
4989,3053020650616,14.00
4990,5353940305,131.20
4991,273741926,701.70
4992,845526767,664.50
4993,123480958734,348.80
4994,141358373,2671.00
4995,91369112875,207.50
4996,920790661,929.90
4997,134493970345,333.90
4998,400894008,610.60
4999,486370731789,322.50
5000,696205657,143.00
5001,472437990,1206.20
5002,10608768352,149.20
5003,973830716,2892.50
5004,654031650,1282.10
5005,130915837,943.90
5006,73190629678,242.10
5007,13552824743,400.10
5008,508905675,2701.90
5009,308880201,2456.10
5010,531084861,5000.00
5011,544836685,584.30
5012,144207054588,212.50
5013,4483592524,500.80
5014,315624181646,317.20
5015,359601004,1012.20
5016,117239499136,406.20
5017,36098485196,398.30
5018,15841390304,164.70
5019,32838823894,395.80
5020,306333585127,258.10
5021,417759659,1654.10
5022,77492805,793.10
5023,492587401288,23.40
5024,32257511175,420.70
5025,1356648341,3573.70
5026,679884476,1187.80
5027,526345185,3148.70
5028,2571110559,458.60
5029,13116053917,149.80
5030,493709683,1994.00
5031,2903423084,136.30
5032,727277096,1742.30
5033,920416194,881.30
5034,312522015,641.90
5035,553762301,61.30
5036,1474388751,71.80
5037,498264107,1052.70
5038,71707841,1788.20
5039,203790504,1023.90
5040,273332974,3272.30
5041,531084861,5000.00
5042,77118121634,255.20
5043,452474685,622.10
5044,433233531,2519.80
5045,725162998,2867.30
5046,143936391,1106.20
5047,1245531988,553.50
5048,44483117480,288.50
5049,589933719,4012.80
5050,1155563920,3458.40
5051,80972855086,311.10
5052,980395927,3215.00
5053,292411754,595.20
5054,904636195,1139.00
5055,112681538,645.40
5056,462738941233,31.20
5057,468329323,1155.80
5058,26017540920,165.40
5059,450345570,826.90
5060,390298381,1228.30
5061,433371047,1193.10
5062,744683809,1740.10
5063,70855215809,204.70
5064,710485002,1135.70
5065,584888557,1185.40
5066,411597758,2446.10
5067,531084861,5000.00
5068,495300037,752.30
5069,5245230007338,16.80
5070,491776792,573.10
5071,295786986,1331.50
5072,131612688,669.80
5073,531084861,5000.00
5074,61613181,1427.70
5075,234474984,1717.30
5076,48155695,1123.80
5077,100145290043,359.60
5078,131182305851,266.70
5079,262379632,48.40
5080,584627615,2381.00
5081,337323617355,316.30
5082,169038821,117.20
5083,175219514,51.90
5084,243830082291,249.60
5085,558690416,1721.50
5086,398049585,870.10
5087,73619405414,378.20
5088,3482823321,154.40
5089,928493148,3757.40
5090,990085101,2193.60
5091,109870387,747.90
5092,286320336,3238.70
5093,348722931,1177.30
5094,1478636756,79.10
5095,1094059240,685.60
5096,593785839,1117.90
5097,54823778,2723.00
5098,41265685852,382.20
5099,34093764880,222.60
5100,470606754760,25.10
5101,15901709601,205.00
5102,629041163,554.50
5103,247657021,1129.10
5104,83163520,1567.20
5105,891726178,1579.60
5106,909275043161,36.20
5107,85182277,3510.30
5108,268455278,1882.50
5109,26572641035,410.10
5110,417696243,979.30
5111,774820831,865.10
5112,34961779,1001.40
5113,114450572,2072.50
5114,70331690083,251.30
5115,654836494,2777.10
5116,682202452,837.60
5117,887199824,586.80
5118,212959972,1051.60
5119,435179974697,300.20
5120,531084861,5000.00
5121,914549026,2172.10
5122,140988807,1549.20
5123,468184846,1111.60
5124,632201580,1512.60
5125,141430991,841.30
5126,1760564330,523.90
5127,507160490,1048.90
5128,684187724,1492.90
5129,716354250,659.20
5130,727485708,1665.00
5131,2199614976620,25.00
5132,536285797,792.80
5133,184521474,691.60
5134,1505356743779,35.20
5135,536972385,513.90
5136,500418803,3096.80
5137,171370003,1232.20
5138,92816177978,368.70
5139,294784352,1905.50
5140,757987416,906.70
5141,861725509,605.30
5142,865863573,2009.10
5143,260330556,1361.20
5144,28213464772,199.50
5145,719889650,2154.60
5146,39415281589,198.20
5147,225857892,811.60
5148,49981418,701.00
5149,1007395933,776.30
5150,531084861,5000.00
5151,1304738976,3566.20
5152,54571025321,226.00
5153,108608345,92.40
5154,16987370653,463.80
5155,428347409,955.10
5156,129622329918,364.40
5157,122448170,577.00
5158,292411754,595.20
5159,43931235265,250.80
5160,122194228362,322.80
5161,145412115,1142.50
5162,531084861,5000.00
5163,34201471416,178.30
5164,238063538915,229.60
5165,394758773,1116.30
5166,403072032,1056.70
5167,3154476117,483.80
5168,502520124,1110.40
5169,1819637015,112.80
5170,9933770071,444.30
5171,714620837,1050.00
5172,900510125,1238.60
5173,1108998043,2694.70
5174,779293099,2501.20
5175,3315077709,478.30
5176,746769386,2614.00
5177,891830566,1277.10
5178,235792778,694.10
5179,9419786804,147.00
5180,863606547,3929.70
5181,16653821203,163.00
5182,1759479336,59.40
5183,921230791,673.40
5184,102357574947,385.80
5185,639660241,774.40
5186,433350424,785.20
5187,47789427958,221.20
5188,2570129870918,28.60
5189,442264090,1150.40
5190,707939114,3437.10
5191,531084861,5000.00
5192,950062910,644.90
5193,108597608894,274.40
5194,251317921,1636.10
5195,136770500264,329.70
5196,373708703,4614.70
5197,2370816318,447.50
5198,31621551179,423.10
5199,173510093506,308.40
5200,437775424,1112.80
5201,406305367,2291.50
5202,363546377,997.90
5203,857129497,3401.80
5204,212356896,560.80
5205,805196872,1333.30
5206,98164691,3736.20
5207,524163952,1558.20
5208,666940680,1234.10
5209,593351007,1228.10
5210,852666801,1600.30
5211,484961821437,321.30
5212,395464945,2116.00
5213,553295362,648.80
5214,459675336616,24.40
5215,1838520711987,19.30
5216,236004362,625.10
5217,883094535,1694.50
5218,531084861,5000.00
5219,312340518,1332.90
5220,57349800853,225.20
5221,170489160,1070.20
5222,902551106,3577.90
5223,891661824,121.70
5224,922018599642,40.20
5225,264912089,1059.60
5226,139973016293,235.80
5227,676367128,555.30
5228,160398727,1260.20
5229,494315472748,267.00
5230,513347078,3014.00
5231,919929791,2149.60
5232,3483644414,490.60
5233,212718836,1975.40
5234,2198865561,75.70
5235,611548169158,313.50
5236,152579198768,392.00
5237,822653384,2020.80
5238,588160971,571.70
5239,744563875,1719.30
5240,768562231,2260.40
5241,2704290358,111.90
5242,160811877,1239.20
5243,531084861,5000.00
5244,24900542714,341.90
5245,524455664160,277.20
5246,279445081,1130.60
5247,17000836973,400.60
5248,549698737,758.70
5249,827251233,1073.80
5250,531084861,5000.00
5251,523617934,637.10
5252,723054086,1573.80
5253,346020653,68.50
5254,7603347310,158.10
5255,6226185621801,15.10
5256,424745504,1204.20
5257,654805062,4871.00
5258,334181202,1243.10
5259,415960961,1544.90
5260,138801829,743.90
5261,244865259,1437.50
5262,70974536,4929.00
5263,833529132,622.70
5264,19443142754,443.20
5265,481314113,1026.30
5266,122378806,583.00
5267,143891200,929.80
5268,3808454136,135.50
5269,195414385,2688.80
5270,898866265,967.40
5271,753190696,1661.30
5272,645644159955,40.60
5273,82929319,810.30
5274,876603701,2245.20
5275,531084861,5000.00
5276,768903242,817.50
5277,346885149,903.40
5278,888264072,689.70
5279,77196787,736.50
5280,482042658,2029.00
5281,446383576,103.80
5282,13246156995,210.10
5283,57591207,817.10
5284,70335714483,187.60
5285,685627190,72.00
5286,848640570,1065.00
5287,1129597305,3848.90
5288,47847817694,196.70
5289,967477341,3115.20
5290,87198482,4608.00
5291,97069787,574.90
5292,580270452,1378.40
5293,15279163054,164.50
5294,81516964344,234.50
5295,77892545404,222.30
5296,531084861,5000.00
5297,1006357089,3510.70
5298,368401862,2574.40
5299,1290205939,50.40
5300,705822734,1302.20
5301,197585166832,221.90
5302,126138074,874.20
5303,844074864,1312.60
5304,214932935,585.60
5305,474709512822,339.70
5306,1820202309,496.60
5307,682012556,2201.20
5308,461446048,3506.40
5309,927912399,68.00
5310,82044673949,323.10
5311,1200971122,3188.50
5312,904759007,1665.70
5313,531084861,5000.00
5314,89476750469,210.20
5315,678456988,627.10
5316,369989702,769.80
5317,349807521937,366.00
5318,495428572,939.30
5319,1064711958,3362.10
5320,26596050533,186.20
5321,762994852,2617.70
5322,454506099,2019.80
5323,554570638,1507.00
5324,531084861,5000.00
5325,541215816,106.00
5326,531084861,5000.00
5327,273517478,1329.10
5328,1016991002,4354.40
5329,11812684088,190.70
5330,79335630125,275.80
5331,35857181,694.50
5332,255089593,84.30
5333,474267708,581.40
5334,105434046692,338.30
5335,878953830,1464.60
5336,1177961680,577.20
5337,292116279777,307.30
5338,140630696089,358.80
5339,30541806869,186.60
5340,178673079363,247.10
5341,57013064,626.80
5342,65811917584,283.40
5343,239382943,804.40
5344,1098133397,2994.70
5345,179654454,737.60
5346,374562330,482.50
5347,115910106,516.50
5348,4791515209977,1.70
5349,163168097,2086.40
5350,107046723018,381.00
5351,779088688,1883.10
5352,295544472,630.20
5353,400951716,2252.70
5354,617135239,3631.00
5355,122067220,2134.70
5356,71707841,1788.20
5357,528562014,1136.10
5358,49512440,824.30
5359,5794649002,212.60
5360,531084861,5000.00
5361,1131216792,601.90
5362,377152842,1577.30
5363,2364975806,158.50
5364,29730883368,449.60
5365,1166153412,494.20
5366,1000858160,2286.60
5367,973920433,3591.10
5368,153715018,687.70
5369,58400534103,412.10
5370,823650891,632.40
5371,887428719,1306.20
5372,2003190809211,20.10
5373,245654515492,312.20
5374,697423296,1247.90
5375,1045291293,3201.80
5376,99464706418,221.00
5377,883222764,1569.10
5378,606239931,1622.10
5379,255627076,1408.00
5380,61547294,1327.60
5381,614388629,641.60
5382,128987017340,327.90
5383,217531289,869.70
5384,427944490,2316.10
5385,269827056,1618.00
5386,330664442,707.60
5387,169567019,1175.00
5388,209102360,796.00
5389,511520771716,39.80
5390,3664084597,488.30
5391,156950084566,288.10
5392,73987676,587.60
5393,429123696,1528.90
5394,615379681,1152.30
5395,272275287663,319.40
5396,106427645,566.80
5397,25888840,591.00
5398,287253338,2935.10
5399,483610595,73.80
5400,217044452,2133.60
5401,960932860,3852.70
5402,104545433,1657.70
5403,1187382598384,31.00
5404,251712814,1709.30
5405,3999727620,461.00
5406,701416259,1943.50
5407,31579278883,186.30
5408,532684290,51.70
5409,5446614184,128.80
5410,3023727278,144.90
5411,898526286773,36.00
5412,44616973798,266.40
5413,476556614,1613.00
5414,2716429741,141.50
5415,1998870450,444.00
5416,878730394,1342.90
5417,94272057397,239.90
5418,1318078764,84.00
5419,34673353504,194.70
5420,372694518,1742.20
5421,1107791728,548.00
5422,342449235,1765.70
5423,3655578211,125.70
5424,157247092156,334.80
5425,803266234801,301.30
5426,92816177978,368.70
5427,676194816,588.30
5428,795417017,2680.60
5429,294948851,1858.20
5430,4331261397,175.20
5431,1256346722308,42.40
5432,440175259,663.40
5433,1336092118928,22.60
5434,24654905843,421.50
5435,719156057,1041.50
5436,372722250,1872.10
5437,1076932342,758.00
5438,376727009,1434.20
5439,174685087,741.10
5440,506828213,3645.30
5441,28308451402,197.10
5442,2213372341,499.70
5443,14694950397,384.20
5444,15576135164,440.80
5445,178293420812,314.70
5446,268265776,925.80
5447,531084861,5000.00
5448,12223990701,172.10
5449,27403427159,454.80
5450,870141698,1774.20
5451,1052742904501,43.50
5452,7493571518,453.40
5453,6779939822,183.80
5454,742054927,761.00
5455,74418167019,240.60
5456,4076293585,147.40
5457,390046557,1968.50
5458,849763598,852.80
5459,838602343,4954.30
5460,910118887,622.50
5461,614803772,1997.00
5462,537205965,1458.10
5463,487207369,545.70
5464,249633658,2180.90
5465,2058788853,152.20
5466,870349792,1180.70
5467,311850915,1281.00
5468,14428885176,472.80
5469,219630481,684.60
5470,11303703339,433.30
5471,216786482151,344.50
5472,705803407,1843.30
5473,135078676,1300.60
5474,552703742,750.10
5475,104672004,1252.10
5476,660352070,2583.40
5477,1259360894,3234.50
5478,150339246897,370.80
5479,272478407,826.60
5480,662762147,1027.40
5481,49694600978,192.50
5482,144606572,526.10
5483,531084861,5000.00
5484,933643148,107.70
5485,206779947,554.40
5486,373805273,2620.00
5487,881708222,82.60
5488,52997011,1366.00
5489,403461209,865.60
5490,98209922,113.60
5491,676579237,519.70
5492,984562595,4070.00
5493,1072160045,720.10
5494,247248940553,319.70
5495,506846041,3628.60
5496,822602492,1201.70
5497,2743122289,85.50
5498,163434172076,243.20
5499,195388863,2745.60
5500,943444997,119.50
5501,708410928,633.10
5502,115951285,77.80
5503,4314265894337,12.60
5504,443372546569,40.90
5505,137363921,648.20
5506,930761466,2042.00
5507,254860365,2756.60
5508,54177338911,179.30
5509,511443034,1339.50
5510,547571154,943.40
5511,811643077,61.40
5512,421155862,68.30
5513,93247301,921.40
5514,377007355,124.60
5515,479875132,652.80
5516,137622961,72.90
5517,48400577,1192.80
5518,316932780,980.40
5519,693878968,684.40
5520,1181501225,3298.10
5521,271083482618,255.40
5522,557633612,2409.40
5523,311753282,1602.30
5524,779276783,1171.30
5525,672120755,81.20
5526,531084861,5000.00
5527,61358586,546.00
5528,163266673,650.40
5529,1220404990,3133.80
5530,531084861,5000.00
5531,463603258,1422.40
5532,269123535,789.10
5533,439640330,920.40
5534,60304009,2383.70
5535,442126675,1145.50
5536,121724789707,205.70
5537,5998408176,200.20
5538,1033212688,4287.20
5539,248921886872,359.20
5540,623772673,1113.00
5541,7778354594,149.00
5542,359601004,1012.20
5543,193017643,628.70
5544,623464684,1758.90
5545,2030981578,144.80
5546,422432523,2971.00
5547,57013064,626.80
5548,232845287,2080.10
5549,676422960,4734.00
5550,896044361,1477.10
5551,417137336,2060.40
5552,251804753,1547.50
5553,455282558,953.80
5554,610841305,1210.90
5555,194118613346,256.10
5556,407109632,834.70
5557,478159392,561.70
5558,1674198993,100.20
5559,169583733,1077.40
5560,5414558344267,10.30
5561,531084861,5000.00
5562,287293894,2479.90
5563,909032839,3629.50
5564,177818368,1386.60
5565,1793168205,88.00
5566,690831401,55.00
5567,696075613,73.30
5568,831081347,1891.80
5569,714594780,1132.60
5570,236589770,529.30
5571,617105750,3769.60
5572,2581088367,516.00
5573,714367685,1773.90
5574,50852326589,348.90
5575,172273516740,317.90
5576,887159268,538.30
5577,470917852,773.10
5578,207493674094,245.60
5579,1137261001354,301.00
5580,514003421488,325.70
5581,986875485,3662.00
5582,792259597,1644.30
5583,531084861,5000.00
5584,346792119,2338.10
5585,761959211,1562.00
5586,68237567492,330.10
5587,1055188561,103.90
5588,254504078,2146.40
5589,584534114,4932.60
5590,359805982,1506.80
5591,120732148746,262.20
5592,743631766,81.40
5593,105551952,589.60
5594,85999880274,387.10
5595,999885865,3153.60
5596,10620402726,453.60
5597,1065193929,627.40
5598,1439249361,63.60
5599,316414833,1722.40
5600,3372564339,127.80
5601,645263361,1701.10
5602,958770084,770.30
5603,1023374626,984.70
5604,845159181,751.50
5605,523663660,539.00
5606,73737075,971.40
5607,278394923,642.10
5608,515342657,1777.00
5609,662569236,3211.20
5610,265596497,4334.40
5611,805447530,1498.90
5612,703995993,855.10
5613,189781846,842.40
5614,1660474731,525.80
5615,2582698242,132.10
5616,531084861,5000.00
5617,234394881,825.00
5618,363769205,1399.60
5619,277776427527,282.50
5620,606994994,858.30
5621,335835690,100.90
5622,179154271,2633.00
5623,178224183,1415.50
5624,904490454,742.50
5625,251591421,569.00
5626,227835768,2905.10
5627,896506198,1067.50
5628,255897385,1924.00
5629,505990643,642.70
5630,2187460523950,27.80
5631,623646251,1675.70
5632,52500963308,241.00
5633,537081018,1897.20
5634,7030255591,437.60
5635,233164868,793.90
5636,531084861,5000.00
5637,38540079708,395.10
5638,536046926,2152.20
5639,889557617263,39.50
5640,225247022,898.60
5641,930757569,2141.30
5642,452474685,622.10
5643,531084861,5000.00
5644,429007325,3813.10
5645,989959997,4448.20
5646,3168294565,116.60
5647,33315413,922.40
5648,233925519587,328.60
5649,73348530708,206.70
5650,1421806514971,34.20
5651,125110666,2622.00
5652,351250765,1017.30
5653,135993548,2324.70
5654,338367334,1428.50
5655,453382944,553.20
5656,1785276133902,9.50
5657,1081860326,4154.90
5658,1110838552,567.10
5659,113694450,1218.90
5660,118167586774,409.20
5661,768448248,2266.60
5662,593747029,1005.70
5663,133323406,576.00
5664,1062144699,671.90
5665,531084861,5000.00
5666,142896998440,331.60
5667,847953696,564.00
5668,201758050,919.50
5669,4530634945,169.10
5670,152290938,2104.70
5671,531084861,5000.00
5672,81766713498,328.50
5673,340395298208,314.10
5674,284436840814,47.70
5675,2439182758,134.30
5676,850089242,829.50
5677,957681510,2482.40
5678,968346081,4489.20
5679,508584737,2182.80
5680,48479443,1742.00
5681,3862418955,483.00
5682,645321343,1061.80
5683,893514955,947.10
5684,3191497656715,2.40
5685,946784063,2706.00
5686,372638304,74.50
5687,11599039461,442.60
5688,3042709636,514.30
5689,65740320,3284.70
5690,91718223,1249.10
5691,492644499,4021.50
5692,1026328307,533.70
5693,438126938,604.20
5694,488688484,673.90
5695,27505695173,166.20
5696,243129996,1391.30
5697,12259328065,454.30
5698,230144662,1133.60
5699,531084861,5000.00
5700,579085099,103.50
5701,68578113462,396.90
5702,642996213,575.70
5703,95923456,1927.10
5704,531087608,698.90
5705,688292448,1918.00
5706,130469488,1397.90
5707,199476552179,315.70
5708,3184702827,205.10
5709,1019323283,3387.60
5710,865654993,1818.40
5711,12722389463,444.80
5712,3657214860,492.20
5713,710045764,1850.00
5714,338408123104,354.30
5715,692648154,4569.50
5716,76708100754,408.70
5717,108927572,988.60
5718,2099441278,483.20
5719,531084861,5000.00
5720,372227343807,345.30
5721,779178630,2721.30
5722,2051637778,74.70
5723,876614107,3234.10
5724,72851737958,288.30
5725,138496628,962.20
5726,578248863,3001.30
5727,173805710,2269.50
5728,1045474198,691.20
5729,5893642280,132.40
5730,502460306,1726.20
5731,709335384,820.80
5732,4164025143,174.00
5733,321230402913,275.50
5734,539789476,615.90
5735,85035588892,271.90
5736,247446026,1565.40
5737,995997724,963.40
5738,59583852088,348.70
5739,230247930,1442.60
5740,633320113,50.90
5741,413649548,1160.70
5742,444016683,2901.50
5743,303914479,913.50
5744,385526054,108.80
5745,22758881554,413.90
5746,287513435,2028.10
5747,1022400958,4041.10
5748,268889988,1444.30
5749,143763681,1385.30
5750,1628491111,64.90
5751,19666737916,157.30
5752,531084861,5000.00
5753,2816905423998,32.10
5754,154140117794,212.80
5755,494734978,655.20
5756,495428572,939.30
5757,675503884,3643.50
5758,330487449118,315.50
5759,36731768359,199.80
5760,654083979,1134.20
5761,3606004814,173.90
5762,142446015,690.90
5763,798204397,57.60
5764,6811000535,152.90
5765,55750813,935.40
5766,688780472,1200.10
5767,207255401,909.40
5768,68431315556,210.30
5769,195781078,878.40
5770,121830602,1642.10
5771,584960053,784.00
5772,239095572,902.00
5773,65925519228,327.10
5774,908880993,4797.60
5775,770538326,1475.40
5776,1220677480,530.70
5777,541787596,994.50
5778,480920234,1078.50
5779,416422299,1019.60
5780,649716654,1291.00
5781,531084861,5000.00
5782,11445648865,458.90
5783,196163827,664.10
5784,349910513805,247.60
5785,30959434992,435.30
5786,944662858,649.00
5787,1165602990,54.70
5788,1033215565,4525.20
5789,671022527,4572.60
5790,153715018,687.70
5791,28547045269,202.00
5792,207717339,83.40
5793,1033800211624,306.20
5794,4387120088,182.30
5795,357176951,2211.80
5796,123742796,1294.10
5797,531084861,5000.00
5798,539282790,3342.30
5799,105806746,50.20
5800,77601985,737.80
5801,8698889552,148.70
5802,58383936336,215.20
5803,769148430,806.70
5804,117118626728,273.70
5805,309844934,668.70
5806,165870609,656.20
5807,649404232,4217.30
5808,227830973,2785.50
5809,519620984,802.70
5810,48428461,1788.60
5811,420244522,638.70
5812,135889347,2970.10
5813,397082802,67.90
5814,679921365,1107.30
5815,725078483,4086.40
5816,732154936,1114.10
5817,451065641,98.90
5818,64069448771,370.70
5819,1863759623150,21.20
5820,806942360,997.70
5821,80683749672,393.80
5822,39415281589,198.20
5823,990761147471,18.20
5824,658209421,1795.00
5825,596634310,686.70
5826,576116610,1051.30
5827,506730352,1338.70
5828,714568620,1529.40
5829,78028270,639.40
5830,254629309,677.30
5831,142374674,697.70
5832,431764278,631.90
5833,1081919663,2432.10
5834,225857892,811.60
5835,780192085,676.80
5836,1091682302,484.60
5837,225628157,1897.30
5838,148587792398,333.30
5839,20597449414,175.90
5840,104954132396,362.90
5841,531084861,5000.00
5842,640996075,75.40
5843,4443291748514,17.20
5844,381578908,1398.00
5845,1396773664,497.80
5846,531084861,5000.00
5847,26727471303,290.70
5848,77076275,886.20
5849,17934080490,421.60
5850,234380877,1917.20
5851,337829720,1108.10
5852,883199568,1190.30
5853,1067399243733,24.10
5854,41667790733,210.50
5855,162764049,1229.80
5856,10578277217,177.30
5857,292870361,2010.20
5858,80972855086,311.10
5859,55100825307,331.40
5860,432582084,65.00
5861,920788254,705.30
5862,290570525,1680.30
5863,269111791,1249.20
5864,357174716,1128.10
5865,7004171816,136.00
5866,185611025951,328.90
5867,560089448,784.90
5868,290539249,1945.80
5869,83216529,1357.60
5870,143527683,1293.70
5871,10576821351,473.40
5872,158547043,709.40
5873,240155592,721.60
5874,554484176,1133.10
5875,1880346807,496.40
5876,312413579,1282.00
5877,47909970586,248.30
5878,758304005,825.70
5879,571536786,1659.00
5880,117104308,683.70
5881,195493102,3205.20
5882,489380844,1594.00
5883,531084861,5000.00
5884,840399696,591.60
5885,144012437,839.50
5886,265016092,1231.80
5887,113343684078,204.60
5888,127555393552,349.10
5889,3451428754,155.10
5890,270738637,1358.70
5891,365819505,884.40
5892,3051690762,169.80
5893,113383294425,286.10
5894,403292432,1283.60
5895,134623934,1245.40
5896,134623934,1245.40
5897,309007340,663.90
5898,531084861,5000.00
5899,32412049061,437.20
5900,531084861,5000.00
5901,35132118633,375.40
5902,229119816,681.80
5903,230919503,1239.00
5904,437650132,1472.20
5905,891836469,1704.80
5906,76434809861,225.10
5907,68576937750,417.50
5908,373554323,677.60
5909,32541194327,170.20
5910,473055460,649.80
5911,766505703,521.80
5912,30839752513,172.30
5913,887251200,4578.40
5914,72594318,547.10
5915,905212976234,28.10
5916,68935195812,350.60
5917,72203558204,210.00
5918,306678298553,299.70
5919,554490603,1618.90
5920,93751062437,355.10
5921,60072168638,414.80
5922,197338841471,318.60
5923,15856236175,167.20
5924,682058146,91.10
5925,531084861,5000.00
5926,1254453869,578.40
5927,21648671646,432.30
5928,139510299038,397.10
5929,172273516740,317.90
5930,73737075,971.40
5931,688642650,1547.90
5932,254830633,2966.00
5933,487721364,891.40
5934,355178310,511.30
5935,11398899825,150.20
5936,6058551549,165.30
5937,143563151998,394.30
5938,531084861,5000.00
5939,363541545623,306.60
5940,503445019,4055.10
5941,359305446,1681.10
5942,258900488566,230.00
5943,19667072701,209.30
5944,254629309,677.30
5945,49877599,999.00
5946,121501948,532.90
5947,306728351,492.70
5948,1197971520,88.90
5949,508995917,2430.90
5950,502989991789,343.30
5951,169711799995,334.40
5952,57553347295,200.70
5953,198476704745,291.20
5954,23107070609,440.00
5955,68060112216,241.50
5956,632412579,520.20
5957,44120303,1522.60
5958,160767719,1342.70
5959,112266595612,384.10
5960,726771112,657.30
5961,428939832,1754.70
5962,531084861,5000.00
5963,40175170979,187.40
5964,171440444420,386.00
5965,11702891217,178.50
5966,18546890016,419.80
5967,891638498,1844.10
5968,743631766,81.40
5969,280758508308,348.20
5970,3572420509,507.10
5971,143803852,522.00
5972,531084861,5000.00
5973,73007800289,383.50
5974,20907777123,220.30
5975,3442231966,158.30
5976,71533760203,293.20
5977,861657153,1006.90
5978,48504583633,353.00
5979,480917074,1726.50
5980,303587586,1904.80
5981,435487005,3721.20
5982,110709621,1600.10
5983,3694695981624,8.00
5984,106478609362,296.50
5985,69956652,1270.30
5986,325054150,934.10
5987,887284389,1447.40
5988,156047361,647.40
5989,476550909,1429.70
5990,331782841865,356.60
5991,788154110,580.40
5992,165796423813,242.70
5993,627956582,2182.60
5994,26790907949,430.80
5995,427803724,2593.00
5996,417910005,710.50
5997,571075976669,323.70
5998,73676581042,423.70
5999,331504781,742.40
6000,381599521,1105.10
6001,467892365,1091.40
6002,89733013127,345.80
6003,31410135163,169.60
6004,2377094329730,19.60
6005,531084861,5000.00
6006,331434898,911.70
6007,970041087189,308.50
6008,130941664,693.00
6009,298269194,840.40
6010,3059418042,112.00
6011,428699358,784.10
6012,2282288118,490.10
6013,1293108719,498.30
6014,233273382,810.70
6015,100258025,1961.60
6016,395361389,2890.10
6017,714513039,1236.70
6018,408914704,692.00
6019,878762453,1042.50
6020,531084861,5000.00
6021,563044709,1933.10
6022,325026177,851.40
6023,101087782,611.50
6024,99440331046,255.00
6025,1496651066,492.50
6026,298269194,840.40
6027,701492579,3231.50
6028,240860136,3878.80
6029,583108658,537.70
6030,2094690671018,19.00
6031,416989716,2862.50
6032,645197935,1351.10
6033,2974008073512,14.90
6034,323221476,634.70
6035,1406648334,103.40
6036,744831738,1478.90
6037,114448148525,288.60
6038,663317608835,30.80
6039,71722690,631.00
6040,968449778,2566.40
6041,546912646,731.60
6042,309712481,835.60
6043,2892489506,463.70
6044,2100872630,536.70
6045,438033375,1061.90
6046,281964854,2308.40
6047,326923474,1468.40
6048,46580254963,184.70
6049,264895334,62.80
6050,251650955,1578.50
6051,211527538,4854.50
6052,329191418,1194.10
6053,42238933903,236.60
6054,1087047756,131.40
6055,553484213,585.70
6056,18482408090,189.00
6057,857287004,1124.40
6058,90005589407,208.00
6059,156494446,1906.80
6060,80535130,1146.20
6061,2757496936,111.40
6062,66653573915,360.80
6063,491776792,573.10
6064,24073946074,371.40
6065,837669349,3851.70
6066,160868313,1772.60
6067,353188488,640.10
6068,251986972287,337.20
6069,1226483881589,24.70
6070,610456322,1804.60
6071,115951285,77.80
6072,3996272916,464.10
6073,1261415016,523.50
6074,207976635653,317.10
6075,34616223790,212.10
6076,839748689,1712.20
6077,473958413,819.40
6078,119907696948,269.50
6079,550143060,1301.50
6080,193017643,628.70
6081,584704474,1227.20
6082,613209228,583.60
6083,230237856,584.70
6084,409538627,3951.80
6085,896319755,1209.80
6086,1023457349,890.80
6087,386350793194,327.60
6088,827128056,1350.40
6089,531084861,5000.00
6090,140052711211,296.00
6091,76987727,767.00
6092,931368169,779.40
6093,433839762,889.20
6094,482584969,735.20
6095,893631938,723.90
6096,763264421,936.60
6097,203285196,843.50
6098,1833444361,547.80
6099,81850204,2836.30
6100,613726708,650.30
6101,58548568196,194.50
6102,107472654,3602.50
6103,708908261,2989.30
6104,152330336495,398.60
6105,617213319,2217.00
6106,741369158,2718.50
6107,954330229,529.10
6108,100729859,781.70
6109,1220463291,3130.70
6110,1133089771,530.50
6111,7242708169,397.20
6112,80419050,1405.40
6113,168969289,692.80
6114,82620442580,203.50
6115,589062547,1541.40
6116,666189194,957.30
6117,2169586885,452.40
6118,315480467,692.40
6119,653875614,1785.00
6120,839642196,813.50
6121,628290553,740.60
6122,136547704,1125.30
6123,249220619377,285.90
6124,433518169,1404.40
6125,152194964,617.40
6126,70651344289,369.30
6127,687242432,4337.10
6128,2327393278259,20.70
6129,692699919,2979.80
6130,218243517,681.90
6131,293349030,662.90
6132,358153446,656.80
6133,844033502,1787.30
6134,1273259208,111.50
6135,531084861,5000.00
6136,2816460568,458.50
6137,1098090316,4151.00
6138,1228747666,522.40
6139,531084861,5000.00
6140,81516964344,234.50
6141,298935981,1040.10
6142,1066212564,881.70
6143,129307082,590.40
6144,420584722616,324.50
6145,1071986405,56.60
6146,295786986,1331.50
6147,5891777714,434.90
6148,178528799,1139.70
6149,1118274715,67.50
6150,36669296776,433.40
6151,7962980195,481.20
6152,650184842,893.80
6153,461441010,3841.00
6154,122180114382,215.30
6155,29261552884,448.10
6156,65762048,711.60
6157,693661058,838.50
6158,531084861,5000.00
6159,115910106,516.50
6160,28610099817,198.80
6161,896048436,3553.10
6162,1511516626,422.90
6163,7691057209,469.00
6164,539901999,602.60
6165,240261502355,277.10
6166,316453317,1571.80
6167,324870995,1064.40
6168,311313742,585.00
6169,203661770,1858.80
6170,531084861,5000.00
6171,1103647233,2416.50
6172,814293518,1184.10
6173,784609130875,342.90
6174,411775140,2091.70
6175,435702183,548.10
6176,692772537,1631.20
6177,714241656,1995.40
6178,449505095,2120.10
6179,542028928,962.80
6180,109012564,2095.40
6181,385526054,108.80
6182,22544898752,448.90
6183,57161074,1327.00
6184,696236232,118.60
6185,520019693,937.20
6186,580220310,1639.40
6187,11449760037,430.00
6188,1789267243622,33.30
6189,514296542,2892.20
6190,72851737958,288.30
6191,70331690083,251.30
6192,2588216771,133.10
6193,141357333,850.20
6194,422562641,2152.90
6195,837681243,3285.20
6196,445298217,643.90
6197,65811917584,283.40
6198,9905430808,447.90
6199,299570236,1184.70
6200,338431867,855.00
6201,878554567,1940.30
6202,891500796,159.70
6203,437712256,1542.40
6204,5551551785,159.50
6205,182407779,1546.70
6206,462559777,589.40
6207,427756190,4901.10
6208,1093344847,995.00
6209,383990335,133.90
6210,24074264663,411.30
6211,953305669,684.10
6212,119868061815,267.20
6213,96747256,106.50
6214,510792920730,269.70
6215,706643433235,303.50
6216,279802554,3090.20
6217,35077398708,212.70
6218,71018007,2795.40
6219,143482314,117.10
6220,666660268,1956.50
6221,463797020640,296.60
6222,211840455,995.80
6223,874696177,1321.90
6224,312315686,1740.60
6225,248583598757,347.70
6226,1135918149236,24.60
6227,171455565,568.50
6228,84867659094,213.90
6229,478885359237,38.20
6230,532877283,1154.00
6231,435702183,548.10
6232,511114358,1384.90
6233,58359225060,225.90
6234,753011917,791.90
6235,973955184,2065.10
6236,23247096270,201.70
6237,352152658,2808.00
6238,91478901719,240.40
6239,172273516740,317.90
6240,679756036,1315.80
6241,531084861,5000.00
6242,1115063209,856.50
6243,531084861,5000.00
6244,408393209,567.20
6245,114158709,84.80
6246,368043126145,311.50
6247,26115947471,389.10
6248,861559484,1582.40
6249,34629667672,183.30
6250,1142559573,3452.40
6251,273200541,1578.00
6252,2346867571,501.40
6253,1092749022,2700.40
6254,19324695720,167.40
6255,531084861,5000.00
6256,52025939766,393.90
6257,250997081,987.20
6258,30535498270,277.60
6259,9904996965,466.70
6260,35208245,1191.40
6261,1088226885,824.10
6262,42009197622,213.50
6263,318707878,622.00
6264,970116479,125.50
6265,779457324,535.20
6266,982996106766,47.90
6267,762051685,1009.30
6268,531084861,5000.00
6269,360210787,1005.90
6270,227411025,970.10
6271,147157629,942.60
6272,909059541,2120.40
6273,968902394,71.50
6274,614561849,642.30
6275,249490951,2612.60
6276,478163794955,284.00
6277,14881072378,156.00
6278,28319064483,397.90
6279,708843596535,25.90
6280,303559643,1806.90
6281,463797020640,296.60
6282,25259685,686.80
6283,460647080,48.80
6284,108832066,58.80
6285,696205657,143.00
6286,2715167497,465.80
6287,255627076,1408.00
6288,73890105329,416.10
6289,289177774698,252.00
6290,601816395,1845.40
6291,1971786769322,31.70
6292,1340664992,124.70
6293,290852439,1021.90
6294,428566074,999.50
6295,487389036,3582.80
6296,531084861,5000.00
6297,93238890398,219.70
6298,262361850754,272.90
6299,40262930212,390.70
6300,697040837,1780.60
6301,127059939522,261.20
6302,197703259406,341.60
6303,26488774,1431.60
6304,217303692,1269.40
6305,277267475,837.40
6306,941312564,4463.80
6307,41515208,1389.60
6308,413880745,534.20
6309,356201619528,357.80
6310,355294515,1802.10
6311,28887576971,453.50
6312,212859251,582.10
6313,1684284598830,22.30
6314,2050708071,497.70
6315,2974008073512,14.90
6316,346384022,2036.20
6317,531084861,5000.00
6318,531084861,5000.00
6319,512125018480,336.10
6320,515566675,1032.40
6321,102469734743,241.70
6322,163113956,743.20
6323,165347871,1413.40
6324,97813755771,218.90
6325,963017832,2782.90
6326,744779748,1641.70
6327,1058246796,3082.80
6328,936537779,687.30
6329,373940661,501.80
6330,2941840417,92.50
6331,4455075636,166.80
6332,709027482,2106.20
6333,390647626,833.00
6334,86584524078,278.60
6335,105551952,589.60
6336,119584461410,212.40
6337,230237856,584.70
6338,160742216,1541.60
6339,1261450015,457.90
6340,230034907,1555.80
6341,82466791,108.70
6342,1054941643,2013.80
6343,2758640731194,12.40
6344,2832192024,125.20
6345,3163733124,149.10
6346,72851737958,288.30
6347,531084861,5000.00
6348,472546108,1265.40
6349,395330984,4444.00
6350,531084861,5000.00
6351,75371265740,422.50
6352,3559578581,507.00
6353,125039959,4083.50
6354,762128381,1342.80
6355,2350298945,526.20
6356,883143399,1692.90
6357,531084861,5000.00
6358,184664531,2007.80
6359,125913861243,251.00
6360,208449018,3657.80
6361,919766464,2815.70
6362,1933799034,162.20
6363,2404164121,126.80
6364,75310410255,191.00
6365,314969439,703.60
6366,450209138,1178.60
6367,128733966,609.50
6368,268455278,1882.50
6369,822531415,1600.60
6370,973919339,3012.40
6371,106106045,619.60
6372,1099918835,99.30
6373,156047361,647.40
6374,204482488286,375.50
6375,77117391374,203.70
6376,189620231,2416.40
6377,250333598,712.30
6378,3355403300,500.60
6379,112438436,614.40
6380,647126425,533.40
6381,3370346764,499.60
6382,67502700,1330.10
6383,8986056910,434.40
6384,16699950580,168.10
6385,16129668,1227.40
6386,32930050,1415.70
6387,290562710,1842.00
6388,1956812771182,2.50
6389,293996465,558.30
6390,2810272115,443.70
6391,57128162161,194.00
6392,303602419,1727.90
6393,114338074,2155.40
6394,44628907408,347.60
6395,14635442209,466.50
6396,106582889984,308.00
6397,368685669,1060.40
6398,338431867,855.00
6399,189843836,831.00
6400,296979915,54.40
6401,1520416399,496.50
6402,795359746,4411.30
6403,930608460,2196.70
6404,915819644,581.70
6405,62848374,995.70
6406,298030206,887.60
6407,1739444259868,17.60
6408,1305833495,98.50
6409,762985797,2945.00
6410,325307071,1142.90
6411,11342645635,186.50
6412,532811506,1870.60
6413,246776451651,373.20
6414,796480164,1588.90
6415,208678356,1092.20
6416,165870609,656.20
6417,519822316,2357.00
6418,238630564,1284.10
6419,881913295,2885.10
6420,269827056,1618.00
6421,897928906687,23.70
6422,585439775,681.30
6423,70199452280,292.80
6424,701461226,3780.40
6425,238428412,1228.50
6426,1849002008,504.60
6427,694710657,557.00
6428,610494094,1556.20
6429,208277434,1764.90
6430,633319546,2443.40
6431,143897413,898.70
6432,597664414,83.00
6433,20480301182,381.30
6434,531084861,5000.00
6435,2710866160,127.10
6436,49224618,953.90
6437,91682377,3862.00
6438,77118121634,255.20
6439,230287714,1461.30
6440,75511233806,377.90
6441,24709711,2256.50
6442,1109984915,701.80
6443,8943869764,484.30
6444,212875751,1633.70
6445,18818009326,167.80
6446,311298486,2039.70
6447,731800201,1568.00
6448,450287625,90.30
6449,169453917,1998.60
6450,15877215080,467.20
6451,1127790032,91.60
6452,3474060842751,17.10
6453,531084861,5000.00
6454,1838520711987,19.30
6455,531084861,5000.00
6456,710253699,659.60
6457,144618747735,243.00
6458,303938116,1242.40
6459,169826323,860.70
6460,696205657,143.00
6461,420142135,1992.40
6462,105331382,57.70
6463,244377753,592.70
6464,4996420502,482.10
6465,531084861,5000.00
6466,325026177,851.40
6467,895978507,1739.20
6468,227972924,3001.70
6469,1060287378,2843.10
6470,442138175,1034.20
6471,399585106,78.30
6472,78713985679,193.70
6473,208385112,1879.40
6474,1051760075,3224.50
6475,452815686122,280.80
6476,346715093,1501.30
6477,541424217,2556.50
6478,1880850775,524.80
6479,787798909,1889.80
6480,925756240,796.40
6481,11788174085,432.00
6482,189996303,2483.30
6483,2429776353,122.00
6484,83349579,1098.10
6485,34961779,1001.40
6486,207016609955,227.60
6487,5551551785,159.50
6488,789994011,2923.30
6489,898526286773,36.00
6490,28610099817,198.80
6491,59017601662,367.20
6492,974369380,764.50
6493,281429301394,242.20
6494,381270310,1705.90
6495,393548871820,41.30
6496,3106978364107,7.60
6497,76757543594,332.10
6498,575271392953,313.30
6499,666562450,628.20
6500,531084861,5000.00
6501,147968604,1133.70
6502,108963705,873.20
6503,40993720971,279.40
6504,4591388401,481.00
6505,688815645,1096.30
6506,303204886,1253.50
6507,394665109,114.10
6508,201912928,49.00
6509,3585183012,484.20
6510,92555254011,334.10
6511,650013171,1076.20
6512,373592930,754.20
6513,493758313,1340.30
6514,390126016,1239.30
6515,499745716,546.20
6516,179677667385,217.20
6517,342999813,96.30
6518,880947289,71.00
6519,35132118633,375.40
6520,692634584,106.40
6521,9859214061,166.00
6522,76963428196,321.20
6523,243068230,1718.90
6524,78849852,1482.40
6525,6754436984,201.40
6526,266303125,1892.90
6527,234389865,3390.00
6528,968867755,853.10
6529,2118706301,533.00
6530,5638357207,142.20
6531,822528296,1426.80
6532,531084861,5000.00
6533,588886844,1912.40
6534,76385881,4442.60
6535,48465020,1483.20
6536,537247508292,33.40
6537,532996253,604.40
6538,121814175,1510.60
6539,531084861,5000.00
6540,723127125,1512.80
6541,278009390,1026.00
6542,698330480,2145.90
6543,24591281926,363.70
6544,186345858,106.20
6545,26046246816,189.80
6546,727404148,3744.60
6547,492733428,2199.10
6548,979297774,2045.60
6549,108963705,873.20
6550,22021460832,439.10
6551,109957735348,241.10
6552,169537309,3587.30
6553,1961978893,536.10
6554,5196560014588,2.30
6555,1061257550,950.60
6556,5556523417,127.20
6557,649517252,2195.00
6558,454211797556,350.00
6559,655425429,587.30
6560,211573324,2879.10
6561,67971447,2249.90
6562,758628307,706.90
6563,633320113,50.90
6564,562941346,2817.20
6565,848969417,1043.30
6566,338247106,1702.70
6567,420400406,1104.90
6568,1643646822,549.50
6569,531084861,5000.00
6570,5176245124,495.60
6571,173810285,1200.70
6572,531084861,5000.00
6573,350142389,747.00
6574,179159021,2553.70
6575,329291624,1072.00
6576,343094558,53.00
6577,1103948566,783.10
6578,552335150,560.90
6579,1019660930,616.10
6580,45692237005,400.20
6581,1098555504,917.70
6582,946493527,123.40
6583,71075528452,384.60
6584,785568047,758.80
6585,136770500264,329.70
6586,905212976234,28.10
6587,156669752,1170.00
6588,531084861,5000.00
6589,763553242,720.00
6590,2194322340166,24.20
6591,81865042,2723.30
6592,589298278,1301.70
6593,1131745671,702.60
6594,602030274,1609.50
6595,23632940284,394.00
6596,1954257222469,14.80
6597,671891218,99.40
6598,2758640731194,12.40
6599,480894718,1199.10
6600,385442329,747.10
6601,20697978110,167.30
6602,252000205,1322.10
6603,479520635941,291.70
6604,89312798708,381.70
6605,744845514,1458.80
6606,266240413,749.00
6607,531084861,5000.00
6608,357337052,912.30
6609,806170470,4929.80
6610,325085051,1783.70
6611,2031360589631,42.50
6612,531084861,5000.00
6613,4036907029,145.00
6614,61911619,573.30
6615,211895523,989.90
6616,1098269980918,23.00
6617,130614714,3493.10
6618,463510369,1931.70
6619,595573908,2204.30
6620,852858364,1153.00
6621,428989427,3775.30
6622,443812143,1264.20
6623,49234359846,368.80
6624,2883914102862,39.30
6625,709997695,1628.60
6626,225230457,1001.50
6627,5848136668,497.00
6628,538401341,637.20
6629,10986644005,188.10
6630,272478407,826.60
6631,247343874,1164.20
6632,706155558,1083.30
6633,925136267,2938.00
6634,893621448,92.30
6635,915746428,674.90
6636,346981074,1028.40
6637,109017802,2119.40
6638,137316821,69.90
6639,524585335,1127.00
6640,269123535,789.10
6641,12790098287,432.90
6642,359884446,1234.40
6643,2170050319,67.60
6644,870128492,1764.10
6645,57168068,1702.00
6646,753516154,1443.50
6647,179374937,2085.00
6648,550009250,1239.80
6649,25044025,763.60
6650,935934260,2719.10
6651,1155593710,3147.40
6652,2159674647,89.90
6653,225230457,1001.50
6654,40129331985,213.80
6655,61909872709,336.00
6656,142511851839,256.70
6657,268270591186,274.00
6658,1265810210,3386.40
6659,541388591,2430.40
6660,11244817250,153.80
6661,24692435754,362.40
6662,57559721,1038.10
6663,838533422,66.40
6664,498749352,740.30
6665,377471773,493.20
6666,59950673,2099.50
6667,71129532,2052.50
6668,941467764,2323.00
6669,720134816,934.80
6670,314049183,1010.80
6671,2354773627,494.80
6672,30836178043,235.30
6673,909052636,3486.00
6674,235543521,2162.30
6675,476853429,906.90
6676,301561052,1302.50
6677,1125183313,2925.80
6678,289376191,635.80
6679,70754027791,217.70
6680,715369353,774.30
6681,31343764508,176.60
6682,844246098,1635.30
6683,27053939,589.80
6684,747849190,843.40
6685,411726926,1676.80
6686,28995710065,286.60
6687,347971557,579.10
6688,613091489,668.50
6689,48504583633,353.00
6690,699886368,126.00
6691,417034813,2125.00
6692,961642558530,303.10
6693,983882877,102.70
6694,422480903,919.40
6695,52500963308,241.00
6696,193697920,636.50
6697,77529858,590.30
6698,318438610481,299.10
6699,2442878818,165.70
6700,855412756,811.50
6701,396562282,3457.70
6702,169572394,1678.00
6703,27220927742,200.80
6704,1298250286,3123.80
6705,130690753,2113.20
6706,531084861,5000.00
6707,591004607,786.10
6708,394506491,1419.00
6709,47068323,103.70
6710,11752213006,159.30
6711,1231854503063,47.10
6712,814240022,1045.90
6713,723144076,1330.60
6714,341768189,937.90
6715,653840541,1495.90
6716,39630558892,208.10
6717,223172079,1822.90
6718,818210053,3714.20
6719,60214129,2884.00
6720,1357532786,65.30
6721,818145501,1839.10
6722,27792406928,407.50
6723,531084861,5000.00
6724,531084861,5000.00
6725,360522821265,303.30
6726,143482314,117.10
6727,365479479,708.60
6728,794649021811,27.00
6729,407225082,1806.30
6730,35878647,725.20
6731,723030908,1583.50
6732,347359744,97.40
6733,261338303743,293.10
6734,373592930,754.20
6735,531084861,5000.00
6736,135921683,2702.60
6737,334706759424,259.50
6738,286938252591,279.00
6739,615253136,1231.30
6740,1632567252,454.90
6741,266366908,1852.70
6742,282332994,1056.20
6743,983882877,102.70
6744,80526887,638.30
6745,861455912,1629.20
6746,514353422,858.10
6747,1093452248,734.00
6748,535881473,4104.30
6749,316110738,1297.30
6750,531084861,5000.00
6751,1087828464,692.30
6752,80356297769,347.40
6753,2663767787,518.30
6754,132016578,679.30
6755,14540071036,154.10
6756,82208140364,271.80
6757,590827879,739.00
6758,15030799030,436.70
6759,201609715049,292.60
6760,214499578,1005.50
6761,783733122,1608.50
6762,325192802,1471.90
6763,8726374353,174.80
6764,922012764,3696.80
6765,268265776,925.80
6766,465756198,748.40
6767,398079297792,310.40
6768,48346281,1821.90
6769,531084861,5000.00
6770,39491951928,418.50
6771,188262868,561.60
6772,952686691,841.70
6773,217602393889,282.10
6774,266044030182,301.60
6775,881851382,4410.30
6776,2702565529,152.70
6777,186856716,1154.60
6778,42472414848,419.30
6779,203564993,579.90
6780,68868412116,298.10
6781,428959761,1667.70
6782,310016467,853.80
6783,59583852088,348.70
6784,42959585077,405.10
6785,325972815336,295.00
6786,10630567846,164.40
6787,407339261,1448.70
6788,120256925970,246.80
6789,379242970,909.60
6790,811741125,3473.50
6791,401531988,858.40
6792,153715018,687.70
6793,465756198,748.40
6794,610603504,1053.30
6795,219164595872,233.00
6796,373754192,788.30
6797,814030295,1450.40
6798,107046723018,381.00
6799,57724781234,326.40
6800,153970429778,281.10
6801,390627550,704.10
6802,432270487,493.30
6803,185207121308,231.00
6804,531084861,5000.00
6805,531084861,5000.00
6806,554613425,1245.60
6807,44571038394,223.20
6808,191164431,1509.30
6809,286264705,569.10
6810,208581779,1197.60
6811,326923474,1468.40
6812,552515003,663.70
6813,422034867,576.20
6814,865633880,1583.40
6815,286204212,1713.00
6816,610457206,1874.30
6817,233757681,771.20
6818,888762664,677.50
6819,780699335,73.20
6820,357337052,912.30
6821,62910826,762.70
6822,2500431231,508.10
6823,632348462,1176.10
6824,531084861,5000.00
6825,12462757054,165.50
6826,5128476243087,15.20
6827,186949299585,217.40
6828,531084861,5000.00
6829,2062121246,81.60
6830,208248251,105.90
6831,914341440,2325.70
6832,472241388,1425.90
6833,531084861,5000.00
6834,489509209,1168.20
6835,42245420807,252.60
6836,1421806514971,34.20
6837,50332774,688.10
6838,200885485,2183.10
6839,106074221309,238.30
6840,531084861,5000.00
6841,220328052231,270.60
6842,35174702,1144.00
6843,5366523772,435.00
6844,77554681,676.30
6845,197748874,2047.60
6846,569803666,122.80
6847,411281384,1407.90
6848,41879440898,396.60
6849,169435568,1726.30
6850,541442630,2485.80
6851,225247022,898.60
6852,9585395075,484.00
6853,792221099,1244.90
6854,799603074,156.50
6855,384597003,848.30
6856,1006299660,2607.80
6857,893586564,993.00
6858,563788607,744.20
6859,47068323,103.70
6860,92819595,886.80
6861,1001800097643,295.30
6862,857062021,1700.00
6863,1118290109876,11.40
6864,127059939522,261.20
6865,3065771311432,13.70
6866,120616448,778.50
6867,49512440,824.30
6868,736758394,932.60
6869,1136087437,3641.80
6870,100395401920,379.70
6871,1900791876,140.70
6872,177818368,1386.60
6873,121850134980,269.10
6874,498075407,1911.30
6875,73781217,981.90
6876,12459456249,427.10
6877,114740869,938.20
6878,623141607,813.80
6879,205884212,1301.60
6880,13532590405,190.00
6881,1130870601,982.80
6882,71213376025,410.70
6883,185535710,740.70
6884,506978173,1216.50
6885,256909007,1452.30
6886,416414740,1081.60
6887,7566718907,489.80
6888,6133469064500,16.30
6889,277107179,1950.60
6890,62527247000,219.30
6891,70258870,1242.10
6892,878985924,653.60
6893,601636425,842.90
6894,182625471,1621.10
6895,2868317464,128.40
6896,5914829851673,9.20
6897,527203565,117.60
6898,290547404,1717.80
6899,593337100,1139.50
6900,5258498057,141.10
6901,2956005816,462.70
6902,835631512,1596.20
6903,49629749,2140.20
6904,36349270,1401.50
6905,531084861,5000.00
6906,216824317,72.20
6907,104201404,1148.20
6908,545648034,646.10
6909,781302746186,311.60
6910,3916177403617,2.20
6911,430877866,1195.70
6912,848365132,1901.10
6913,268270591186,274.00
6914,100362689,1565.30
6915,454964181,2392.60
6916,1298032278,137.60
6917,394746340,1245.20
6918,599813866926,294.70
6919,531084861,5000.00
6920,2410257689914,16.70
6921,531084861,5000.00
6922,302927008,622.20
6923,649463325,2940.80
6924,443982905,4828.20
6925,891389888,51.60
6926,797052041,665.40
6927,1033920718,986.60
6928,196703899869,343.60
6929,736446999,1048.80
6930,377007355,124.60
6931,592017970,537.80
6932,590488222,748.20
6933,29433018996,421.40
6934,531084861,5000.00
6935,568413504,592.80
6936,218403655,951.60
6937,591972631988,317.40
6938,394629149,1152.00
6939,8314631513,450.30
6940,1781761546,130.00
6941,125904873,1108.60
6942,1112150813,516.60
6943,3463124296,436.10
6944,471908052,505.10
6945,148325412,1041.00
6946,190724731,944.40
6947,2552569610,145.90
6948,381920185,539.10
6949,360047431,603.80
6950,281847961,1346.40
6951,256832864,102.40
6952,320323220436,362.80
6953,20008561276,206.90
6954,666808385,1591.10
6955,252701218,690.00
6956,999885185,3324.50
6957,27039024418,183.10
6958,54994278574,341.00
6959,531084861,5000.00
6960,415913309742,294.30
6961,294809778,1386.20
6962,740549085,1337.70
6963,385585472,1619.60
6964,65348808,1415.20
6965,460085292,625.00
6966,876624306,3234.30
6967,346824982,1355.50
6968,132476124095,211.10
6969,1919169583,74.90
6970,653599552814,42.20
6971,1511331585,60.30
6972,256276241,646.90
6973,55937570586,428.40
6974,6492493418,481.10
6975,610604304,1781.70
6976,33041522,845.50
6977,1040115886467,32.00
6978,49024611770,340.30
6979,11752213006,159.30
6980,376559987998,359.70
6981,579688744,838.90
6982,773832418,2218.80
6983,500357350509,318.20
6984,314779522,778.80
6985,1022889546,990.30
6986,675464150,612.80
6987,805114016,1907.30
6988,58359225060,225.90
6989,692769631,1260.00
6990,417674743,766.70
6991,49439148,2800.70
6992,969349764,795.40
6993,673545345,550.60
6994,72411603725,400.80
6995,499018529,795.60
6996,204080810,1367.60
6997,768487031,2477.90
6998,25044025,763.60
6999,930884822,794.70
7000,438651207,2569.40
7001,3585183012,484.20
7002,1034119543,774.80
7003,6954992728,462.80
7004,3184702827,205.10
7005,26729968218,194.90
7006,139356306015,337.80
7007,627855464,2665.70
7008,181198054114,378.10
7009,662536891,3248.50
7010,531084861,5000.00
7011,390998763,745.30
7012,247311769,1953.30
7013,497611743,94.60
7014,1390228940,119.90
7015,15813939928,280.00
7016,243431720,1042.00
7017,147964035,1352.10
7018,7598352654,434.10
7019,97941607,51.20
7020,675617595,1020.90
7021,170707740,2429.00
7022,511520771716,39.80
7023,251538377,1758.40
7024,430755293,1615.30
7025,22735534032,411.70
7026,78049357424,414.30
7027,536023935,834.90
7028,16097596471,184.60
7029,76397345,4005.40
7030,419485188,825.30
7031,298976160,988.80
7032,701521413,1615.90
7033,227761024,4028.60
7034,93044758150,332.20
7035,190696440,1760.00
7036,368921070862,294.10
7037,76318389,1086.90
7038,6202996896,145.70
7039,921017196,502.60
7040,816978583,4200.10
7041,649566151,3534.30
7042,905212976234,28.10
7043,233801860,1727.50
7044,571792211,1129.00
7045,239740500,739.10
7046,254629309,677.30
7047,498199460,1858.00
7048,208415270,1814.00
7049,500017080,77.50
7050,1535778233,485.10
7051,33015381269,223.70
7052,531084861,5000.00
7053,407322663,1512.20
7054,2475693621,463.00
7055,7366949006,454.50
7056,752671472,891.80
7057,150003686542,393.10
7058,120588099,822.00
7059,1006602315,859.10
7060,1349308685273,46.30
7061,281680608,1173.80
7062,307772284,1801.50
7063,2425609581415,46.00
7064,61909872709,336.00
7065,54181171062,238.00
7066,349212506,847.40
7067,309007340,663.90
7068,173867528,2284.20
7069,703418152094,41.20
7070,1416257559,504.00
7071,537073996,593.00
7072,78054526922,333.80
7073,143482314,117.10
7074,500051502,605.60
7075,878856249,1024.30
7076,60101834776,306.10
7077,74225057,1581.10
7078,111961942,588.60
7079,531084861,5000.00
7080,853141324,1200.50
7081,531084861,5000.00
7082,88660343066,216.90
7083,86906933768,267.40
7084,60626340520,395.30
7085,272871345,1455.80
7086,208446239,3311.60
7087,187326376,958.00
7088,336331221,103.10
7089,531084861,5000.00
7090,746713782,4240.80
7091,321166253676,305.40
7092,450658347,1500.60
7093,634245152,695.20
7094,54167641768,432.40
7095,346020653,68.50
7096,2026337404982,25.70
7097,281896000,2838.80
7098,902602434,3038.80
7099,2432041748,78.10
7100,197627639,765.80
7101,179956602640,289.40
7102,123947229632,213.20
7103,233723907,773.00
7104,662608007,1450.80
7105,531084861,5000.00
7106,430282793,58.90
7107,752611694,964.70
7108,831204558,1037.60
7109,617104649,3989.90
7110,916974209,499.80
7111,600834596,2208.80
7112,95043087894,199.90
7113,890749271585,27.90
7114,165548266,846.40
7115,336051270,856.40
7116,251621094,1607.20
7117,135386114,1082.40
7118,590577658,883.50
7119,531084861,5000.00
7120,175699168,1321.30
7121,298030206,887.60
7122,127059939522,261.20
7123,775050446,1217.90
7124,10308693114,484.10
7125,524154331,1266.20
7126,65692940,1216.10
7127,481822225,4775.90
7128,525549208,690.20
7129,267755972,633.60
7130,403457907,1154.80
7131,160398727,1260.20
7132,437298837,1309.60
7133,736373127,96.40
7134,311753282,1602.30
7135,531084861,5000.00
7136,590032415,2134.10
7137,329191418,1194.10
7138,571676060,1369.50
7139,44047423,1432.40
7140,10229561103,457.70
7141,60355619630,190.30
7142,4494440134,445.70
7143,2564918631977,45.00
7144,125396668,950.40
7145,282929204455,273.60
7146,467978995,3030.70
7147,412154297,946.80
7148,232829508,582.40
7149,344177499,1876.20
7150,531084861,5000.00
7151,165819874,686.40
7152,728526083,564.90
7153,2075253084,113.90
7154,1130518589,4742.60
7155,57013064,626.80
7156,455118466,1321.10
7157,417717191,1273.70
7158,142511851839,256.70
7159,531084861,5000.00
7160,643994410,4234.00
7161,129634387856,402.70
7162,239505871993,375.10
7163,408914704,692.00
7164,291925078,56.80
7165,515405304,1697.10
7166,1956756498508,3.80
7167,205083264,583.90
7168,2373287629,124.00
7169,108921457,1560.70
7170,443924939,48.20
7171,396561481,3338.10
7172,292687025,2708.40
7173,636581451,3722.50
7174,319769917,2199.80
7175,898160824,2173.20
7176,109533497629,377.80
7177,2810921940,482.20
7178,80417721,1695.70
7179,37261917,1292.70
7180,850489727,868.70
7181,531084861,5000.00
7182,606656676,918.70
7183,861776447,82.80
7184,238755376,1499.80
7185,17755542549,193.50
7186,250525959152,331.20
7187,2244790204,68.90
7188,127910304,948.50
7189,531084861,5000.00
7190,807152834,632.90
7191,903546437,2752.40
7192,515451325,787.00
7193,212552745,1126.80
7194,115817383752,233.10
7195,412070176,1210.20
7196,531084861,5000.00
7197,21936582733,196.10
7198,125249090696,290.50
7199,331928411,690.10
7200,935966074,2302.00
7201,1475395051,91.30
7202,1060619335,980.00
7203,371618387,707.30
7204,244652583,825.10
7205,500370368,3681.10
7206,492587401288,23.40
7207,744534974,1769.30
7208,927451639,595.60
7209,844234056,1590.50
7210,293664116,684.50
7211,452765587,637.40
7212,129749087253,246.30
7213,854879695,2676.10
7214,85690562422,274.10
7215,269827056,1618.00
7216,692634584,106.40
7217,396083281,689.60
7218,55586848,655.70
7219,314086589,808.80
7220,546389554,2586.00
7221,457498047,140.20
7222,697463110,1182.60
7223,552265454,3339.40
7224,363844049,855.80
7225,499745716,546.20
7226,16808779497,467.10
7227,1383835246,99.80
7228,454973446,3361.10
7229,22158235,1391.70
7230,2289401907242,13.60
7231,329472626,1267.80
7232,134785118,1999.30
7233,519785410,1264.80
7234,2599517650642,28.50
7235,74307569,1085.90
7236,709025661,2187.80
7237,66609101484,214.60
7238,37873591081,251.90
7239,723034130,1188.30
7240,606340106,1123.00
7241,620420576446,342.80
7242,48785096303,358.90
7243,386899737,530.20
7244,437436210,1123.10
7245,117525053,688.60
7246,252701218,690.00
7247,531084861,5000.00
7248,5599365159,201.20
7249,1577512134577,18.10
7250,531084861,5000.00
7251,2016642348,523.60
7252,531084861,5000.00
7253,17074502982,164.80
7254,531084861,5000.00
7255,531084861,5000.00
7256,1340517017285,10.40
7257,299216085,1405.60
7258,16579170422,165.80
7259,369989702,769.80
7260,973890694,3717.20
7261,312355938,1393.90
7262,20309473886,410.40
7263,344095348,708.70
7264,165068118,1411.00
7265,329747300,1298.40
7266,21993203289,434.80
7267,508584737,2182.80
7268,524103433,1554.30
7269,37982747,552.60
7270,2699863922265,42.10
7271,601264810,775.80
7272,900373008,1928.80
7273,16390090850,469.70
7274,687363083,2089.50
7275,11599039461,442.60
7276,547011978,121.10
7277,65762048,711.60
7278,870040078,1740.30
7279,5238476936947,12.00
7280,914812236,720.90
7281,8728674592,403.60
7282,87318554,1987.80
7283,260947984399,271.50
7284,925507561,974.20
7285,10414543042,181.10
7286,531084861,5000.00
7287,313152592838,325.30
7288,199063018,48.50
7289,5563171411,486.10
7290,1901101968,62.40
7291,502754969,1274.00
7292,351136627,1429.60
7293,1194494113,3098.50
7294,773660273,614.20
7295,2576360549,486.90
7296,718488900,102.20
7297,1056313818,699.80
7298,714281841,1703.30
7299,752316535,2077.30
7300,633288687,2136.80
7301,75912468751,389.30
7302,111069468702,204.30
7303,266303125,1892.90
7304,487462699,2248.10
7305,2002359743,163.70
7306,89526396175,272.70
7307,4729581317,502.10
7308,785296488,958.20
7309,373370888,62.10
7310,117502292,1706.10
7311,443372546569,40.90
7312,357228058,1513.00
7313,20456416,794.90
7314,190853532,751.10
7315,217053728,2414.50
7316,5428149612,188.30
7317,14534055776,451.40
7318,347003202,1207.30
7319,337829720,1108.10
7320,515188875,811.80
7321,13891081009,362.60
7322,10272950786,443.90
7323,182094126,1512.50
7324,182616582,1313.70
7325,531084861,5000.00
7326,621089358,575.00
7327,155491044,579.80
7328,823630312,666.90
7329,4591388401,481.00
7330,385097472869,304.30
7331,2561889337957,6.70
7332,935951268,2937.40
7333,1115628618,695.70
7334,158530834,809.00
7335,374003757626,351.70
7336,669045852,3367.50
7337,5846502592,145.80
7338,1038705126,568.90
7339,241540603956,330.90
7340,325972815336,295.00
7341,227879995,2549.50
7342,545816777,3157.90
7343,757779447,1029.40
7344,3253163193,476.90
7345,64238646603,395.40
7346,380800136876,345.00
7347,364335774,1363.50
7348,525096950,944.00
7349,1200947600,123.80
7350,635721457,87.00
7351,1058242487,3527.80
7352,558971262,1337.90
7353,1110054811,803.70
7354,316560023,1150.90
7355,230383447,908.00
7356,406862759,732.20
7357,557582513,2855.00
7358,92678007,2177.50
7359,384199409623,252.90
7360,541759603,869.90
7361,216918191,1015.90
7362,268969812,1235.40
7363,833245612,2768.90
7364,92555254011,334.10
7365,203434967,626.20
7366,784549804,4635.00
7367,227804638,2897.90
7368,357174716,1128.10
7369,1006759069,754.10
7370,1055912187,764.80
7371,22157806273,179.60
7372,3526427118,99.10
7373,545756832,3780.70
7374,866001101,1192.90
7375,127415354,2996.60
7376,675413075,1834.80
7377,1200949420,3480.70
7378,531084861,5000.00
7379,12462757054,165.50
7380,406239328,2322.40
7381,3300172586,95.60
7382,50677914,706.30
7383,644519392,897.90
7384,65748069,1737.50
7385,723049900,1298.10
7386,335872477,4343.90
7387,394665109,114.10
7388,476552212,838.00
7389,1022290067,59.80
7390,603560037,621.40
7391,1095571907,75.00
7392,165548266,846.40
7393,195003688,1957.90
7394,3975283834,450.10
7395,402622244,1688.90
7396,243730102076,287.60
7397,910082775,740.00
7398,176733850,553.80
7399,8986056910,434.40
7400,38596565005,212.30
7401,876624685,3372.10
7402,650364499,734.70
7403,2452989419092,40.70
7404,947868061,847.10
7405,20456416,794.90
7406,333308421,669.40
7407,6811000535,152.90
7408,9905430808,447.90
7409,679851547,1187.50
7410,628034565,1639.20
7411,235792778,694.10
7412,725577634,975.90
7413,377005149,1721.10
7414,76359052286,390.10
7415,130513912,1671.70
7416,1187961939,3906.70
7417,662369485,1982.50
7418,423427331,818.20
7419,163941351403,303.20
7420,77917770888,377.70
7421,531084861,5000.00
7422,5330032255,162.60
7423,494014192,1238.40
7424,530579909,2669.40
7425,13532590405,190.00
7426,103522288,2713.60
7427,4163215425,464.30
7428,36731768359,199.80
7429,474429860,3128.30
7430,320839681,1909.30
7431,763720298,969.10
7432,838745641,2230.80
7433,1811538699,111.80
7434,19375871157,457.30
7435,531084861,5000.00
7436,645644159955,40.60
7437,1131563079,775.10
7438,619486122,1113.20
7439,1145336102,509.80
7440,66841738624,401.80
7441,500982478,682.90
7442,4591188125779,9.60
7443,788392125,1026.80
7444,136241756,602.90
7445,221419223,3800.10
7446,936252207,890.60
7447,319762254,2406.80
7448,68687956256,383.30
7449,576274804,1381.40
7450,649543840,1686.70
7451,221870591549,264.10
7452,509781664,985.70
7453,343094558,53.00
7454,304651746,658.90
7455,568992846,991.80
7456,3836654490177,2.90
7457,941477853,3499.00
7458,15632191055,212.20
7459,822508247,1645.90
7460,403032343,1935.80
7461,468012731,607.60
7462,531084861,5000.00
7463,26572641035,410.10
7464,531084861,5000.00
7465,5599365159,201.20
7466,125184425,2478.30
7467,4364272022,136.70
7468,77974308331,214.10
7469,24928621723,446.50
7470,15856236175,167.20
7471,200361704817,349.40
7472,162776225,1043.20
7473,10286690686,146.10
7474,342295272,920.70
7475,710516444,1003.60
7476,929188251,85.60
7477,787526106,77.60
7478,531084861,5000.00
7479,476452713,1580.20
7480,1535778233,485.10
7481,531084861,5000.00
7482,126882241675,269.00
7483,704272739,786.50
7484,941526339,2097.90
7485,294320203,703.00
7486,606107994,1857.00
7487,1082729025,854.50
7488,531084861,5000.00
7489,1318078764,84.00
7490,71059352,2172.70
7491,25897358634,196.80
7492,108832066,58.80
7493,2467310819,486.20
7494,13468003492,160.60
7495,36654118757,277.50
7496,818090360,1416.90
7497,466539154301,336.30
7498,725771400,813.20
7499,6088424817992,11.30
7500,17390495493,207.70
7501,726028845,989.80
7502,178619580596,352.40
7503,89733013127,345.80
7504,549892613,1821.20
7505,18593859083,279.80
7506,652389507,3053.90
7507,292796572904,268.90
7508,5330032255,162.60
7509,3906347824,471.90
7510,242966956,1117.20
7511,152304745,1208.10
7512,675540820,1652.40
7513,36654118757,277.50
7514,406825765,859.00
7515,709767769,784.50
7516,838533422,66.40
7517,714396825,1918.50
7518,1788583668,61.80
7519,403054723,3198.80
7520,7054673806,208.70
7521,580541962,1090.20
7522,1066178614,848.50
7523,1944926448,190.10
7524,522208906,811.70
7525,357554449,2328.30
7526,525224386,2430.70
7527,190048508,2284.10
7528,697045058,1631.80
7529,131221883134,372.20
7530,676367128,555.30
7531,17266777182,419.90
7532,468191648,1056.10
7533,848298630239,39.40
7534,471140634,2001.40
7535,311931824,1028.20
7536,1200966096,3367.10
7537,1006269627,2622.10
7538,1098951455,105.50
7539,45192220353,191.50
7540,7352910705,474.60
7541,1029309647,605.10
7542,136921901,855.30
7543,895979610,1714.80
7544,279373186,3679.80
7545,4169909183,477.60
7546,801550343,736.60
7547,234843361,642.60
7548,694710657,557.00
7549,3617187463,479.60
7550,78964464,1422.60
7551,383207718,1394.00
7552,948055539946,30.70
7553,95974659,1318.70
7554,1247349131,94.70
7555,73987676,587.60
7556,211285570,88.10
7557,410471758700,314.40
7558,666509749,711.80
7559,177967391218,236.10
7560,418177524758,293.90
7561,6395497850,459.30
7562,622277315,75.30
7563,805556586,1206.70
7564,426002490,70.90
7565,429009685,1474.00
7566,222347238,4626.20
7567,699206956,790.80
7568,531084861,5000.00
7569,1013076452,665.90
7570,346885149,903.40
7571,273643763,909.30
7572,675932817,1076.10
7573,461139100,661.30
7574,1032814762388,40.10
7575,9138049529,441.20
7576,233801860,1727.50
7577,680107349,1284.90
7578,373838778,2014.90
7579,1103479509,4920.60
7580,265738745,2177.20
7581,1112146183,559.70
7582,20031259800,239.70
7583,90204979228,227.10
7584,487439525,2145.10
7585,390533708,731.80
7586,5983599736,145.10
7587,208248251,105.90
7588,291270718101,338.70
7589,740479486,1352.00
7590,364423150,1310.80
7591,274337355532,357.00
7592,271616913,792.90
7593,611590428,2884.20
7594,473958413,819.40
7595,353327775,661.50
7596,779319288,3278.20
7597,350142389,747.00
7598,749029488,650.90
7599,17455609151,177.90
7600,87093230434,216.80
7601,14896639727,179.50
7602,433564312,632.50
7603,49024611770,340.30
7604,124118583,3369.00
7605,364158966,3169.60
7606,107343264055,268.00
7607,3431142539,121.20
7608,2203361846,106.60
7609,270738637,1358.70
7610,585605382,894.70
7611,381485020,1485.40
7612,531084861,5000.00
7613,577319830,69.70
7614,1028114366,983.50
7615,9859214061,166.00
7616,34957162508,417.70
7617,531084861,5000.00
7618,288033082,1473.60
7619,99440331046,255.00
7620,185353484,986.30
7621,838624301,2848.30
7622,1239867192,3729.10
7623,687403471,2350.00
7624,208720108,1337.40
7625,454861995,2483.40
7626,745000757,1022.30
7627,272859818,1091.90
7628,119948861504,404.10
7629,731648796,843.80
7630,377007355,124.60
7631,799380315,494.70
7632,357337052,912.30
7633,687238494,4241.00
7634,4622094819617,10.20
7635,6839827615,493.80
7636,189617426,89.60
7637,433347050,1657.80
7638,312346920,584.20
7639,124109025,3587.90
7640,111462034,800.00
7641,91591213639,394.70
7642,615123347,1463.40
7643,223969260,578.90
7644,408520763,2943.30
7645,20597449414,175.90
7646,94328827782,369.20
7647,537247508292,33.40
7648,304339722,730.00
7649,902601473,3022.70
7650,876635207,3114.00
7651,1317735203,3097.20
7652,926569686,506.60
7653,809693651,1471.20
7654,98236148590,415.20
7655,4645515938,489.50
7656,192717819011,281.70
7657,649907982,600.90
7658,273471407,1524.10
7659,255052763,722.20
7660,143584517,3613.50
7661,61405168,617.70
7662,5889008096,129.00
7663,4039621515,465.90
7664,511520771716,39.80
7665,406157948,85.70
7666,714367926,1392.50
7667,351085137,1421.80
7668,553068607,606.30
7669,849514360,2021.90
7670,34616223790,212.10
7671,641337803493,294.60
7672,565744457,610.50
7673,1027598912,122.60
7674,124087195671,324.60
7675,156555955,3635.50
7676,4472986180,191.40
7677,1226908991,3620.20
7678,446359750,1574.80
7679,1018926761,622.90
7680,238612034,894.40
7681,887412193,2330.20
7682,830989203,1854.20
7683,1213965955,3123.30
7684,850820698,683.90
7685,13379717147,466.90
7686,315624181646,317.20
7687,531084861,5000.00
7688,326853955200,348.50
7689,52814276,1409.40
7690,65348808,1415.20
7691,136547704,1125.30
7692,179168732,2853.30
7693,6202996896,145.70
7694,14317444304,204.00
7695,20056497436,437.30
7696,364071104,1280.80
7697,222942613,740.20
7698,463439954,632.10
7699,531084861,5000.00
7700,909275043161,36.20
7701,796800483956,40.50
7702,1119738446,2980.70
7703,2377094329730,19.60
7704,644432958,574.10
7705,1012824422,3838.20
7706,96619204,619.50
7707,839753594,1442.00
7708,294884157,1647.50
7709,133794463162,362.00
7710,7339589234,163.10
7711,70043636,1940.50
7712,69349311,79.80
7713,143278513191,253.90
7714,531084861,5000.00
7715,353188488,640.10
7716,173934732,2170.50
7717,273312673,3554.30
7718,7951172627,419.50
7719,186707238,1861.10
7720,314236978,4388.50
7721,61507238,1323.10
7722,282119166,2015.00
7723,809690073,1051.10
7724,33283310273,195.30
7725,252701218,690.00
7726,5621073472672,5.20
7727,494083688,678.30
7728,89660525250,284.40
7729,1039534873,883.70
7730,427504080,621.70
7731,499611578676,29.00
7732,93751062437,355.10
7733,354698362,907.10
7734,575879763,1576.50
7735,537188364,1028.10
7736,442510219266,285.70
7737,1094934905097,44.90
7738,117136149,1850.80
7739,390000056,1882.90
7740,22929037703,275.60
7741,82934012,1932.10
7742,40588960100,401.70
7743,66769271273,358.20
7744,243381980,1122.60
7745,47909970586,248.30
7746,785581879,851.20
7747,558742746,3901.50
7748,145968720490,249.20
7749,8636433197,174.20
7750,588952518,1381.00
7751,387142376,796.50
7752,563447517,1143.90
7753,719808070,2093.50
7754,3023727278,144.90
7755,546787336,920.20
7756,71022745,2706.10
7757,195003688,1957.90
7758,233149657,4505.30
7759,3483644414,490.60
7760,1077809699,698.60
7761,241367580,545.20
7762,4037591456,513.50
7763,25633229,826.40
7764,939539016,128.90
7765,1088255811,551.40
7766,820729979,645.10
7767,364300812,1203.90
7768,547666510,663.80
7769,39654781,1768.80
7770,329469339,1843.50
7771,446383576,103.80
7772,329405292,1648.70
7773,147899535,1786.90
7774,42238933903,236.60
7775,531084861,5000.00
7776,531084861,5000.00
7777,553843893755,43.00
7778,165617528,1085.00
7779,145896870,1033.70
7780,160360483976,240.30
7781,264928509,1356.90
7782,2476071992,109.80
7783,2507612526666,47.40
7784,741369271,2606.50
7785,12934788140,461.50
7786,662557460,1664.50
7787,260724215,644.70
7788,355340574,1910.00
7789,398049585,870.10
7790,118343572713,257.20
7791,575560781,94.80
7792,558461098,714.40
7793,176711124,748.50
7794,1496651066,492.50
7795,687375862,2602.60
7796,1114304753,4181.10
7797,109062257,733.70
7798,569803666,122.80
7799,527217492,654.40
7800,826877809,1781.80
7801,2571110559,458.60
7802,162971319,2696.40
7803,937739384,108.30
7804,839824369,1635.20
7805,342397093,1743.10
7806,293950598404,256.80
7807,2716429741,141.50
7808,169577323,3145.70
7809,822419614393,34.80
7810,531084861,5000.00
7811,752380796,2042.50
7812,30096531251,227.00
7813,233717960,807.20
7814,71542481618,274.50
7815,553994613236,279.30
7816,7516852259,159.60
7817,208031334,1645.50
7818,893145665,705.60
7819,153793987046,379.60
7820,285118220888,278.90
7821,531084861,5000.00
7822,264660666,1769.40
7823,1611013532,86.00
7824,826774415,1414.10
7825,860281714,2998.70
7826,891739628,1896.50
7827,1104111276,788.50
7828,408393209,567.20
7829,29121899779,187.70
7830,2422657880,521.50
7831,714375592,1023.30
7832,59463847817,312.10
7833,468097004,1404.20
7834,162946067,2876.60
7835,63196444485,251.20
7836,854887081,2873.50
7837,549312844,808.20
7838,377007355,124.60
7839,359831727,1282.20
7840,4497898315952,14.40
7841,890885292,545.10
7842,46283400906,391.80
7843,573801957,2297.10
7844,414413033,599.40
7845,411654245,2301.00
7846,377095845,3560.90
7847,866150026,748.60
7848,15151277418,390.30
7849,1003565638,107.50
7850,122350253,711.00
7851,645530150,591.10
7852,434647382,642.80
7853,500051502,605.60
7854,73547584865,230.20
7855,68417941,887.50
7856,725861016,93.90
7857,198650975889,367.00
7858,99113474,704.90
7859,624006372,540.50
7860,579717972,826.00
7861,262361850754,272.90
7862,251607761990,361.50
7863,119597975,683.20
7864,531084861,5000.00
7865,731644334,843.90
7866,169461036,1602.10
7867,427902249,2276.60
7868,835629561,1632.50
7869,76364310,978.10
7870,549306315,702.10
7871,109668601956,235.50
7872,478885359237,38.20
7873,1414134850,541.40
7874,334042614,706.70
7875,531084861,5000.00
7876,674335397,570.20
7877,531084861,5000.00
7878,463616491,1086.50
7879,25897358634,196.80
7880,602076827,1653.50
7881,126500288,1344.10
7882,531084861,5000.00
7883,472190322,1472.80
7884,251634873,1701.60
7885,292549644,1128.90
7886,107343973255,206.60
7887,645118024,1527.40
7888,385074781,745.10
7889,88007983918,269.80
7890,531084861,5000.00
7891,1008305824,653.20
7892,121875305,1571.70
7893,569803666,122.80
7894,855032113,2018.30
7895,1092588854,113.70
7896,32105561772,197.50
7897,9241195759,174.70
7898,368645627,1014.80
7899,989279321,64.80
7900,1311308493,556.70
7901,775279486,1334.20
7902,381458297,1501.80
7903,339614603,55.80
7904,1999632206,141.90
7905,106478609362,296.50
7906,16236848455,415.10
7907,979924703,133.40
7908,597509963,113.10
7909,2367667877,166.50
7910,736421437,1084.80
7911,40413141428,421.70
7912,39833412,1660.50
7913,299304291,1037.00
7914,841124714,586.50
7915,272871345,1455.80
7916,25057194,933.20
7917,643062670,3712.40
7918,3321111903076,13.40
7919,292549644,1128.90
7920,696205657,143.00
7921,111667520138,238.50
7922,90211521321,196.00
7923,1092588854,113.70
7924,546784537,2731.60
7925,2500598230,484.90
7926,125548622,868.20
7927,74911946,580.00
7928,183945453094,356.90
7929,531084861,5000.00
7930,4904400138,176.50
7931,301952268200,260.00
7932,255894727613,369.50
7933,414772012,124.50
7934,311931824,1028.20
7935,399342729,547.70
7936,770733065,1494.80
7937,589992054,2686.80
7938,152583148,1016.30
7939,156834041,1296.00
7940,286307308,3102.60
7941,7528097758,151.90
7942,2956005816,462.70
7943,263096341,113.20
7944,506444329,529.70
7945,779457324,535.20
7946,263831369235,329.60
7947,48915070,1043.90
7948,857978472,115.20
7949,5862930948247,15.30
7950,490873948812,297.20
7951,31401216320,234.00
7952,38247901,2569.00
7953,186518717708,249.70
7954,352653715,570.10
7955,1034727783,92.20
7956,1908017339,527.70
7957,935469265,58.70
7958,845823791,658.00
7959,449364517626,291.80
7960,85224908,120.20
7961,984592281,2875.20
7962,1045343585,719.80
7963,1350160182,3577.00
7964,162885334,4011.00
7965,114928018,752.60
7966,16917069463,176.90
7967,11097154085,248.90
7968,822510028,2025.80
7969,876897004,909.90
7970,288200015,979.00
7971,4863996735,472.50
7972,424663246,1803.60
7973,28008404,658.40
7974,70845346531,375.90
7975,67502700,1330.10
7976,570853655,80.80
7977,651727531,81.70
7978,9430527689,480.00
7979,56696359,1221.60
7980,783920535,1294.00
7981,125591342,810.50
7982,531084861,5000.00
7983,1439994423,71.70
7984,1081505166409,297.70
7985,3020282026,455.20
7986,85224908,120.20
7987,478885359237,38.20
7988,746786654,2902.00
7989,189988514,2334.60
7990,567374163,1032.50
7991,102490053650,401.40
7992,531084861,5000.00
7993,186667535,1899.30
7994,346669413,4595.80
7995,12223990701,172.10
7996,544131620,846.20
7997,627855201,2589.70
7998,61382906724,402.90
7999,960920627,650.60
8000,361761148,1113.70
8001,1510104544,116.40
8002,53073498,1113.90
8003,109833172433,337.70
8004,239164348,573.40
8005,105331382,57.70
8006,1762651548,485.80
8007,179888171,701.10
8008,784552924,4166.50
8009,2386254914,98.80
8010,467967993,3155.50
8011,246015430387,304.90
8012,234533982664,260.90
8013,617973328,691.90
8014,487275789,2909.70
8015,5911732423,457.00
8016,546341414,4106.30
8017,627884059,2551.70
8018,687339276,2549.90
8019,372929310,1566.80
8020,335058846521,320.40
8021,1999632206,141.90
8022,30523872026,439.70
8023,416256960,1340.50
8024,7462245687,467.00
8025,606610722,1141.00
8026,434156962,719.60
8027,244819069,1189.50
8028,266825924,3076.50
8029,198068517,600.50
8030,17044874222,165.60
8031,433197609,1913.60
8032,546835183,2401.30
8033,606230232,2880.60
8034,320016460,700.10
8035,660770009,753.00
8036,801019774,1523.30
8037,84301081577,280.20
8038,282322055,1040.90
8039,558393896,792.40
8040,614960971,1190.10
8041,1791527332,545.00
8042,403461209,865.60
8043,2552414643,506.80
8044,574219779,861.00
8045,757901095,1114.20
8046,26596050533,186.20
8047,124137076,3338.00
8048,390082172,3855.40
8049,1330720710,3194.30
8050,15306030437,430.50
8051,812460774,979.90
8052,1019312556,3716.50
8053,1918786007,97.20
8054,708843596535,25.90
8055,62125324958,196.50
8056,27963320090,189.60
8057,143150809,1342.60
8058,525840434,757.40
8059,909103575,2184.90
8060,958208834,999.30
8061,557501178,4824.50
8062,580537132,1094.80
8063,281850994,2813.60
8064,54451440783,219.60
8065,385698254,1652.90
8066,121916712,1202.60
8067,22583132616,195.10
8068,230426669,1050.20
8069,272859818,1091.90
8070,2396160123,89.50
8071,3885394502,473.80
8072,857494537,1133.40
8073,531084861,5000.00
8074,10585857560,164.30
8075,266991677,1573.50
8076,903546108,2758.70
8077,985590700,981.50
8078,680017005,1468.00
8079,331126462,517.70
8080,727481405,1199.70
8081,615146002,1409.30
8082,173752249,1323.90
8083,531084861,5000.00
8084,5410694148,176.70
8085,1083249219,675.90
8086,531084861,5000.00
8087,26458933201,350.20
8088,136339331628,297.80
8089,533305951,1007.70
8090,143593152,1851.30
8091,202598485234,257.10
8092,204178541594,266.30
8093,4164025143,174.00
8094,485540580,1212.00
8095,460928979,679.00
8096,3023727278,144.90
8097,109617411,792.30
8098,59583852088,348.70
8099,451056298,1082.20
8100,562999191,2706.50
8101,178318933,1163.60
8102,271134092,2460.60
8103,49378378658,396.80
8104,449621664,2103.40
8105,130549461,1648.30
8106,124875470,908.80
8107,638228317,556.90
8108,665617297,4538.30
8109,33587065083,416.00
8110,339831535,1833.50
8111,39918849,1508.30
8112,188519953609,336.50
8113,898617856,919.10
8114,443192987166,261.80
8115,422411352,2352.10
8116,491902390967,272.60
8117,201972202,3019.10
8118,321906927645,316.50
8119,218085701,871.70
8120,531084861,5000.00
8121,2902554763,477.90
8122,952789305,945.80
8123,142737042,951.80
8124,10543340571,190.90
8125,619030758,598.50
8126,623510147,1676.70
8127,167007302,615.30
8128,568413504,592.80
8129,617066157,2640.70
8130,855683133,990.80
8131,29749843158,440.70
8132,1114297786,4119.60
8133,855007527,2224.50
8134,20031259800,239.70
8135,3992520678,476.60
8136,283649974444,354.10
8137,266991677,1573.50
8138,779266358,2259.60
8139,401009873206,342.40
8140,552238024,3896.40
8141,126383833,1509.20
8142,27792406928,407.50
8143,2827704088588,3.70
8144,10212189808,161.60
8145,839068643,947.70
8146,692873272,2114.30
8147,467921103,3468.90
8148,443372546569,40.90
8149,822667325,1531.70
8150,1057276087,612.20
8151,197443768254,259.70
8152,143803852,522.00
8153,844145799,1980.80
8154,696236232,118.60
8155,769353868,906.30
8156,758297523,738.10
8157,833229124,2886.20
8158,979378818,2084.10
8159,1103664703,3191.50
8160,55125540259,215.80
8161,131681836398,275.70
8162,779301776,1021.60
8163,521187866,678.70
8164,1194174000576,46.70
8165,2768447541,87.40
8166,118424132488,405.30
8167,167466535651,359.10
8168,2715927784,114.00
8169,200801802,2213.70
8170,571287497,3054.70
8171,416491564,1103.60
8172,3249185432,149.70
8173,52634422,1466.20
8174,289783177856,292.20
8175,2978866928,523.30
8176,1125216080,2551.80
8177,233176672,2958.80
8178,122110980,1199.40
8179,2585739763,482.70
8180,24140634803,199.30
8181,139300239,1670.40
8182,18151151287,406.70
8183,597509963,113.10
8184,369358931,709.20
8185,3965405634,451.80
8186,2718743155466,33.70
8187,822365085,1708.20
8188,675476866,1175.10
8189,37060669252,408.60
8190,194159347,531.40
8191,1347821703,455.90
8192,145412115,1142.50
8193,54449681,1689.30
8194,208446739,3913.20
8195,54939019471,182.50
8196,811867441,2052.40
8197,511088186,1398.40
8198,3217120872534,7.40
8199,17952190671,168.20
8200,36349270,1401.50
8201,822780921,1344.50
8202,189197940032,384.70
8203,834784317,674.10
8204,455574001,676.50
8205,173678058,914.50
8206,9189394657,452.60
8207,787526106,77.60
8208,15371669609,270.80
8209,3074917788,178.70
8210,195564280050,292.00
8211,107343264055,268.00
8212,531084861,5000.00
8213,69749259353,386.60
8214,6600767672,456.70
8215,79994755831,355.50
8216,352132168,2917.00
8217,1226947325,3137.30
8218,1109411922,762.30
8219,6953873770,179.10
8220,881044592741,38.10
8221,531084861,5000.00
8222,623598263,3455.90
8223,875566580,116.90
8224,774995020,1031.20
8225,5953139245,151.50
8226,258421238,1313.50
8227,396425809,867.60
8228,789943648,4985.30
8229,531084861,5000.00
8230,1239879264,3379.20
8231,83028519,1182.30
8232,649949480,954.90
8233,1103586495,2141.40
8234,597509963,113.10
8235,251529642,1791.10
8236,1791294903215,19.10
8237,8728674592,403.60
8238,437436210,1123.10
8239,606395455,1502.60
8240,865865562,2095.90
8241,73987676,587.60
8242,57979339,1371.50
8243,136870406555,226.90
8244,3869674028,433.60
8245,146942110904,291.90
8246,140630696089,358.80
8247,303438383,4286.00
8248,8868962463,481.50
8249,6432751166,477.50
8250,531084861,5000.00
8251,57044028,614.80
8252,377007355,124.60
8253,2446454817,522.10
8254,1194457665,3376.00
8255,3265656260,134.70
8256,338154804,1503.40
8257,1017239483,2053.80
8258,42210516181,399.40
8259,352653715,570.10
8260,108391262059,335.70
8261,688535693,1701.20
8262,227411025,970.10
8263,407609584,1284.60
8264,531084861,5000.00
8265,53481804063,234.30
8266,474467119,3075.10
8267,217602393889,282.10
8268,65757509,3090.30
8269,23496712164,444.70
8270,3370692365,185.40
8271,203790504,1023.90
8272,212735150,1559.70
8273,251385027,1064.50
8274,304620600560,237.20
8275,2377454846,93.10
8276,531084861,5000.00
8277,2328148432,76.40
8278,456057424,757.80
8279,238564931,741.60
8280,3752253732,139.30
8281,531084861,5000.00
8282,698425513,997.10
8283,394477593,1640.00
8284,32468614684,389.50
8285,284436840814,47.70
8286,19925554296,186.00
8287,4434176998562,3.00
8288,423197854,874.90
8289,558603854,1894.50
8290,531084861,5000.00
8291,40060214491,405.90
8292,255900726,1792.00
8293,147888842,1286.30
8294,1092856870,2436.80
8295,39472114794,421.20
8296,628528714,839.10
8297,557770302,2127.90
8298,63047196,884.20
8299,1228747666,522.40
8300,482051183,2219.10
8301,531084861,5000.00
8302,5470499341,495.30
8303,37147389,1863.00
8304,89341182016,202.50
8305,545660766,1969.00
8306,105946354976,408.00
8307,273816896,854.10
8308,3432678689,139.10
8309,718880393,1540.90
8310,159434114248,365.90
8311,497611743,94.60
8312,347489564,921.50
8313,97714458,1579.00
8314,193693627458,256.30
8315,757623062,1909.10
8316,317122600,965.30
8317,575573692,146.80
8318,15151277418,390.30
8319,292116279777,307.30
8320,134819134,1816.20
8321,147908897,1612.60
8322,531084861,5000.00
8323,546912646,731.60
8324,98003907,4634.00
8325,234319125,1333.50
8326,182837990,639.20
8327,72803285517,298.70
8328,460978733,737.70
8329,531084861,5000.00
8330,801303749,1222.10
8331,1865588062519,40.40
8332,124087195671,324.60
8333,177133515,646.80
8334,89526396175,272.70
8335,26458933201,350.20
8336,79335630125,275.80
8337,518714082,66.10
8338,1814508846,136.90
8339,766399821,1271.50
8340,50342590864,207.90
8341,258421238,1313.50
8342,822861300,1079.20
8343,136611049,898.10
8344,795442070,2301.40
8345,36837785779,183.60
8346,312522015,641.90
8347,532684290,51.70
8348,1510104544,116.40
8349,644210426,2063.70
8350,168045109,2279.30
8351,579951892,771.90
8352,113544235593,254.60
8353,472641009,138.60
8354,968893420,599.00
8355,284395990,692.90
8356,591258732,662.30
8357,77118121634,255.20
8358,42542971851,221.40
8359,1044067779,2792.20
8360,704486805,678.40
8361,91578740,1499.40
8362,2886785019,139.70
8363,32243873160,187.20
8364,304446556,836.10
8365,130351495424,228.50
8366,4586824952,123.70
8367,225608583,1805.30
8368,554256140,649.20
8369,54449681,1689.30
8370,201985986,3423.80
8371,652137098,118.40
8372,217760554,719.10
8373,11673133851,390.00
8374,342522037,1244.40
8375,1023446553,832.40
8376,485018254,517.90
8377,330487449118,315.50
8378,865765337,1097.00
8379,398452900,1297.70
8380,279373186,3679.80
8381,171455565,568.50
8382,5083034510,484.40
8383,165444843,1171.50
8384,2976349926,452.10
8385,111192288624,218.20
8386,20031259800,239.70
8387,1661517330167,11.80
8388,327648075,791.40
8389,531084861,5000.00
8390,658261653,1093.60
8391,671288974,1575.60
8392,681930484,2044.20
8393,303616786,2204.70
8394,612168055,975.80
8395,636637465,1404.30
8396,111462034,800.00
8397,675766928,1007.20
8398,5805535566,141.80
8399,752965590,930.20
8400,849410775,4040.00
8401,585806601015,42.80
8402,355575837,1218.30
8403,1130565204,2822.20
8404,818051718,1968.20
8405,35077398708,212.70
8406,768473809,2236.00
8407,915403836,923.10
8408,452981156,521.40
8409,506981642,1082.90
8410,128726690538,215.00
8411,1073379402186,304.10
8412,766379192,1466.60
8413,186801070,1877.10
8414,355830104,1068.30
8415,53372768,590.80
8416,2036003480,72.10
8417,286671954,1023.60
8418,2324163192,477.40
8419,95923792414,265.50
8420,623555101,1360.20
8421,37475816990,239.10
8422,462738941233,31.20
8423,460685972,896.40
8424,192439512,864.10
8425,429346749,1173.50
8426,1933799034,162.20
8427,731223686,878.80
8428,1012011416,914.10
8429,3869806525,491.60
8430,2832482129884,41.90
8431,1086170272,482.30
8432,336135850,2068.00
8433,87214063,1917.40
8434,36194132904,234.90
8435,474432665,3496.40
8436,304068173,1072.10
8437,566688635,547.00
8438,255809842,829.40
8439,324831591,1471.60
8440,71734647961,337.40
8441,386989071537,347.80
8442,241540603956,330.90
8443,403129852,1575.70
8444,538795836982,276.90
8445,82855310,1694.30
8446,333427767,710.90
8447,463439954,632.10
8448,4564017625,149.60
8449,779162036,1387.50
8450,199750557243,323.90
8451,320412341,733.50
8452,3763402706780,14.20
8453,17663763557,333.60
8454,343094558,53.00
8455,316569825,1135.60
8456,201388158,654.00
8457,42900973615,178.90
8458,487232275,4484.90
8459,106478609362,296.50
8460,299260183,3883.20
8461,377021182,1360.40
8462,563310072,904.30
8463,66600618,889.40
8464,531084861,5000.00
8465,714290117,1789.80
8466,563073577,1162.80
8467,681891003,2497.00
8468,883014017,1447.90
8469,1858883371691,41.10
8470,206779947,554.40
8471,191340426,1037.20
8472,531084861,5000.00
8473,125837058820,329.50
8474,692236540,634.20
8475,498347108,1527.10
8476,1039224760,868.40
8477,683071769,805.80
8478,98207256,3191.40
8479,2001052973434,38.90
8480,670654606,53.50
8481,1652324185,452.50
8482,381446954,1351.60
8483,1569802318,58.00
8484,817041524,2824.30
8485,454810360,959.80
8486,95923792414,265.50
8487,1286301780174,30.30
8488,186690368,1765.20
8489,883127335,1801.70
8490,184521474,691.60
8491,525291993,2003.50
8492,2116014479,534.50
8493,3974623277,119.30
8494,498580109767,311.40
8495,7462245687,467.00
8496,493242452,678.10
8497,46638252827,225.40
8498,373940661,501.80
8499,422116323775,295.10
8500,146942110904,291.90
8501,844457667,1331.60
8502,96167387,48.10
8503,243997492,2637.30
8504,462859024,712.50
8505,338516549,1156.60
8506,83374545,766.40
8507,132441515131,247.40
8508,779487336,1414.40
8509,461547678,727.00
8510,173346388412,384.00
8511,143430410,1909.40
8512,404782688,1195.10
8513,914349630,2645.20
8514,1022537190,2489.90
8515,71542481618,274.50
8516,247941028006,298.90
8517,2590521703,437.50
8518,623189419,3504.70
8519,723302888,1418.70
8520,570660105,82.10
8521,171370003,1232.20
8522,770673160,1497.30
8523,896260031,1381.30
8524,227742449,4787.70
8525,276350888,811.90
8526,200944542824,338.00
8527,48155695,1123.80
8528,253573829,1226.30
8529,5107295315,124.10
8530,37475816990,239.10
8531,472180090,1334.90
8532,463517104,1289.40
8533,2320956199723,33.00
8534,595959313,830.30
8535,217846895,684.30
8536,547217174,799.60
8537,909033160,3872.40
8538,443812143,1264.20
8539,766550580,1119.20
8540,1607187924,76.90
8541,1088469797,757.00
8542,535944755,2937.90
8543,31657360872,171.70
8544,32828076824,168.30
8545,984499659,94.20
8546,462923148,715.20
8547,1076699430,2201.90
8548,531084861,5000.00
8549,399585106,78.30
8550,2779188828,89.20
8551,107472654,3602.50
8552,321438476,538.20
8553,74329812,1740.80
8554,467929105,3267.70
8555,310908340,116.00
8556,78394116,1119.50
8557,770733770,1436.60
8558,5911732423,457.00
8559,709082340,2020.70
8560,1007371394,865.80
8561,418787908,479.10
8562,827800046,4209.60
8563,29191156799,183.00
8564,12223990701,172.10
8565,866555998,633.30
8566,91519477,1812.50
8567,29466974914,404.40
8568,1933799034,162.20
8569,432820645,1588.30
8570,147577720623,257.70
8571,153938200,1945.00
8572,870070843,1181.30
8573,47098104134,199.60
8574,536913659,1821.70
8575,234320624,765.40
8576,601949914,1310.50
8577,855690440,906.20
8578,1453457642107,47.60
8579,935019646,3320.40
8580,433169410,4865.40
8581,424509787,1003.00
8582,1087404305,2400.00
8583,59583852088,348.70
8584,1931384270451,43.20
8585,2767542734,94.00
8586,783861012,1138.10
8587,433288765,813.00
8588,986860953,3943.80
8589,169826323,860.70
8590,292721637,2613.30
8591,531084861,5000.00
8592,771063630,1171.40
8593,11305742913,374.50
8594,519806466,934.90
8595,72368184661,260.70
8596,766235174,1686.90
8597,394504615,1645.30
8598,247563950065,343.80
8599,788008167203,47.30
8600,432270487,493.30
8601,552515003,663.70
8602,201364534772,331.00
8603,560755967,662.00
8604,4398667789324,17.30
8605,208248251,105.90
8606,588917641,68.60
8607,385663183,1658.00
8608,177900021,1172.90
8609,452346991,1170.20
8610,86987891,1268.40
8611,65563356,648.40
8612,271156690,2261.70
8613,1082835568,790.00
8614,489855397,1151.60
8615,290490598,1679.20
8616,186480239,1016.70
8617,445298217,643.90
8618,273024724,1218.40
8619,531084861,5000.00
8620,597582714,1897.40
8621,108843510,651.80
8622,623846128,1118.70
8623,290767167,1552.50
8624,1650713793,54.00
8625,3519842091,428.00
8626,294821412,1909.90
8627,821819876,52.00
8628,316695392,1032.10
8629,365487929827,351.30
8630,130634110,3056.50
8631,1087385917,2076.90
8632,936381529,776.60
8633,69389315,557.10
8634,5312084564,139.60
8635,599892524,84.20
8636,338064891,1442.90
8637,584698878,1858.90
8638,17000836973,400.60
8639,85408547,692.10
8640,480937539,1533.80
8641,62486172538,231.90
8642,314302386,2724.90
8643,369329584623,361.60
8644,1517719927869,31.10
8645,57200093989,408.80
8646,493996565,1054.10
8647,379217559,2327.60
8648,4934034361,132.20
8649,725861016,93.90
8650,962969754,2798.40
8651,277611946,1937.70
8652,696838805,596.30
8653,725531087,819.50
8654,3655428686,515.00
8655,76439888236,205.50
8656,18498050213,258.70
8657,3361181626,507.50
8658,498035108,4752.50
8659,526884591879,310.20
8660,7054673806,208.70
8661,1032649542,533.90
8662,2780698551,95.20
8663,233236086,2337.10
8664,10237937334,155.50
8665,273260124087,278.00
8666,70273491931,350.50
8667,30364098275,216.00
8668,89967586,779.90
8669,800820027,2417.40
8670,146942110904,291.90
8671,531084861,5000.00
8672,62023022655,321.60
8673,703688854,2234.80
8674,692834747,2327.40
8675,8040225352,211.50
8676,5839698028,500.30
8677,400817480,2474.50
8678,195480142,1830.40
8679,747708982,798.80
8680,12784675394,442.20
8681,320016460,700.10
8682,28845352550,221.60
8683,704106845,593.20
8684,382014782,637.50
8685,473597678,940.80
8686,433564312,632.50
8687,1033310612,2374.50
8688,95908930,1483.60
8689,624006372,540.50
8690,531084861,5000.00
8691,36151068198,331.10
8692,329291624,1072.00
8693,1240305194,562.40
8694,96167387,48.10
8695,200872909938,224.60
8696,156739351,90.70
8697,61382906724,402.90
8698,489426118,1853.50
8699,476533070,1826.70
8700,23443154497,424.10
8701,433350424,785.20
8702,168275172,548.30
8703,51041908291,244.70
8704,4190876089,195.60
8705,454954603,3826.50
8706,212114903717,355.30
8707,822419614393,34.80
8708,1099167673,785.70
8709,233801860,1727.50
8710,59725599215,409.50
8711,35185361,1130.10
8712,277585426,1467.00
8713,780009867,770.00
8714,52500963308,241.00
8715,595430759,2512.80
8716,28213464772,199.50
8717,35185361,1130.10
8718,610601080,1303.70
8719,7289413738,142.40
8720,531084861,5000.00
8721,3622725372,156.60
8722,130692567,2007.90
8723,894817882362,37.40
8724,290719476,816.80
8725,522900225,538.10
8726,29998923840,226.20
8727,1076620675,2270.50
8728,299484802,1469.20
8729,909931691,719.40
8730,26046246816,189.80
8731,531084861,5000.00
8732,531084861,5000.00
8733,242992443,1417.80
8734,19925554296,186.00
8735,331263033,673.20
8736,11502187574,179.20
8737,251887812,1248.40
8738,284984225,85.00
8739,112681538,645.40
8740,674335397,570.20
8741,844159846,3533.30
8742,14317444304,204.00
8743,4265798173,447.20
8744,271151600,2283.40
8745,21625345958,243.40
8746,112266595612,384.10
8747,531084861,5000.00
8748,531084861,5000.00
8749,599743954,633.40
8750,412592338,65.80
8751,1103638473,3184.00
8752,307767074,1808.20
8753,969279272,965.50
8754,1064736503,3325.40
8755,234252835,1713.70
8756,433211562,2918.90
8757,230533117,728.50
8758,158235299,748.00
8759,5256023212,191.30
8760,169508828,1289.20
8761,174584307562,311.20
8762,792546468,1115.50
8763,2970223419,90.60
8764,6369683127703,10.60
8765,576219777,1492.70
8766,17453051278,152.40
8767,234370650,1637.00
8768,54584576,1076.00
8769,65339944258,218.00
8770,731799770,1736.90
8771,1347821703,455.90
8772,600751546,4037.80
8773,811676209,2112.10
8774,318659989882,289.20
8775,16129668,1227.40
8776,776713591,464.40
8777,818052418,1827.10
8778,2086907304,126.10
8779,939539016,128.90
8780,273024724,1218.40
8781,498961715,720.50
8782,1077348574,778.40
8783,8040225352,211.50
8784,6385734011,478.60
8785,168457852,606.10
8786,1693806599,66.00
8787,136603930,983.40
8788,601534895,815.70
8789,454841819,712.80
8790,1662080445,518.00
8791,1006329300,3944.60
8792,134133980,598.30
8793,82044673949,323.10
8794,18546889120,197.40
8795,532947408,1524.30
8796,428951186,1404.80
8797,459290119,1796.10
8798,852906565,1271.30
8799,413649548,1160.70
8800,850651166,3250.50
8801,772846989,3159.20
8802,174633386,698.30
8803,52880595,559.30
8804,77418834093,227.40
8805,448651298884,309.90
8806,833309173,55.10
8807,1189451785283,46.90
8808,390080232,3856.80
8809,156047361,647.40
8810,165829734,779.10
8811,2183496650,65.10
8812,546789589,2379.20
8813,166199504832,335.80
8814,1072920687,112.30
8815,1239876689,3788.70
8816,378848611,50.10
8817,38540079708,395.10
8818,531084861,5000.00
8819,874221661,1990.40
8820,400823867,2067.80
8821,2172066751,528.60
8822,72215722,3765.90
8823,666733153,1370.90
8824,222584864884,244.30
8825,403182598,1281.20
8826,757543017,2823.40
8827,341391146,2539.50
8828,1033362913,2207.00
8829,4884524900483,15.80
8830,720372268,740.80
8831,546690389,4238.40
8832,348399684,636.10
8833,57200093989,408.80
8834,441525926,1809.20
8835,333278680,670.30
8836,165819874,686.40
8837,336580727,723.70
8838,701466792,1661.20
8839,72368184661,260.70
8840,433277872,2081.90
8841,530514731,2914.30
8842,165796423813,242.70
8843,990710879,994.80
8844,643987935,4735.50
8845,652137098,118.40
8846,1791294903215,19.10
8847,160971910,1368.10
8848,16746590889,220.70
8849,12993173244,198.40
8850,412592338,65.80
8851,91978724203,391.00
8852,30992303741,443.30
8853,218403655,951.60
8854,4037396355898,8.50
8855,125249090696,290.50
8856,485287729,1323.40
8857,108955403,1017.10
8858,499898486761,311.70
8859,71734647961,337.40
8860,54818972,2622.70
8861,3145706945,156.70
8862,134899317,1627.90
8863,11254588276,460.60
8864,1317695797,3919.60
8865,10543340571,190.90
8866,360156345,1116.20
8867,1511538136,113.40
8868,930543742,2848.90
8869,373754192,788.30
8870,70027262,1824.20
8871,1494735569,503.50
8872,520726489,767.50
8873,420732397,1105.60
8874,531084861,5000.00
8875,610418098,1999.20
8876,196683408,694.20
8877,908198599,56.70
8878,156579222,1019.40
8879,3690820061058,18.00
8880,515260831,740.50
8881,260261121,2499.80
8882,1237115241886,28.20
8883,62910826,762.70
8884,6406919615,166.40
8885,401228538,809.80
8886,330664442,707.60
8887,141401417,2396.00
8888,56631089,1342.00
8889,633227449,2865.30
8890,532684290,51.70
8891,593262729,1451.70
8892,121850134980,269.10
8893,688548667,1490.00
8894,747301803,916.60
8895,2535924127,162.50
8896,385097472869,304.30
8897,1350186807,3233.90
8898,49591169,702.70
8899,15642342848,161.70
8900,17644950246,449.30
8901,823155692,825.80
8902,2783962743058,42.30
8903,342466748,828.50
8904,26528392189,432.10
8905,69785589208,193.60
8906,108832066,58.80
8907,531084861,5000.00
8908,303204886,1253.50
8909,718033534,126.60
8910,130366187,588.90
8911,676692117,2175.30
8912,1793155050,498.80
8913,947421931,813.60
8914,186742496,1909.70
8915,314984813,940.90
8916,108253719991,406.10
8917,3451428754,155.10
8918,450937925,1335.40
8919,21805917300,395.60
8920,273260124087,278.00
8921,420591381,1379.30
8922,372210572802,284.80
8923,224766186,73.50
8924,13507568885,244.00
8925,274346167,659.30
8926,122448170,577.00
8927,550035435,1766.10
8928,333943403,1707.30
8929,152575202543,337.60
8930,100729859,781.70
8931,473597678,940.80
8932,271942416,967.50
8933,629971298,657.50
8934,54784403,742.10
8935,44223504,1261.10
8936,73870041554,407.60
8937,656098333,111.30
8938,606228285,2850.90
8939,420396041,1126.40
8940,312557341,1179.70
8941,190990588,1587.80
8942,622458819,2527.80
8943,727401013,3256.80
8944,406257165,2369.30
8945,63206804,1310.30
8946,4797201076225,14.50
8947,253361577,1884.50
8948,381606668,1521.10
8949,531084861,5000.00
8950,2833519521,91.70
8951,766670895,1201.10
8952,4190876089,195.60
8953,817229875,2197.10
8954,656081760,3148.20
8955,59463847817,312.10
8956,881742221,52.20
8957,73955781707,401.10
8958,5892953561034,13.10
8959,350795890,1275.30
8960,337835043,1254.50
8961,254546975166,237.10
8962,1000890848,2411.70
8963,10192425108,205.40
8964,17525023330,388.80
8965,186480239,1016.70
8966,694009248,82.40
8967,188135900334,385.40
8968,35762014450,369.70
8969,718671232,1704.10
8970,1321570816860,15.70
8971,1430613962,512.00
8972,887747847,1205.40
8973,5085374668,124.80
8974,217096773,1566.30
8975,403043170,1941.30
8976,1401870355,71.40
8977,531084861,5000.00
8978,639211090,763.40
8979,17390495493,207.70
8980,155558256700,329.20
8981,427888836,2413.80
8982,622555020,2107.40
8983,623189419,3504.70
8984,1082611737,951.30
8985,115052646,1538.50
8986,373370888,62.10
8987,299040668,644.40
8988,227745657,4474.90
8989,676533481,2237.90
8990,234991076471,324.00
8991,878902773,1497.50
8992,24692435754,362.40
8993,391070421,530.90
8994,632442385,1405.70
8995,672120755,81.20
8996,68687956256,383.30
8997,173769294,2801.80
8998,84244461749,233.30
8999,147548852,1264.70
9000,11694361034,178.20
9001,217410638398,289.30
9002,1092700513,2749.40
9003,65579820,4150.70
9004,552221796,2625.10
9005,610643274,3251.40
9006,531084861,5000.00
9007,1259317606,3564.00
9008,2539716851998,15.60
9009,70331690083,251.30
9010,1305833495,98.50
9011,528505030,1601.60
9012,1108282123,607.50
9013,873797973,497.90
9014,536972385,513.90
9015,113239259,1740.20
9016,614956465,1328.00
9017,2139858865,62.50
9018,435702183,548.10
9019,969780937,664.30
9020,3975283834,450.10
9021,346577741,1142.60
9022,232845287,2080.10
9023,78563532721,392.70
9024,1838520711987,19.30
9025,358063092,809.90
9026,1060858999,936.10
9027,204228515,1498.60
9028,54181171062,238.00
9029,99440331046,255.00
9030,1194109148,565.80
9031,876618725,3580.20
9032,904762436,1377.90
9033,136116829884,377.20
9034,531084861,5000.00
9035,531084861,5000.00
9036,262554554,92.10
9037,531084861,5000.00
9038,155491044,579.80
9039,348722931,1177.30
9040,411764402,872.70
9041,422531262,3136.50
9042,197748874,2047.60
9043,407009641,865.00
9044,597642922,1272.80
9045,95439412846,202.60
9046,1142560913,3942.30
9047,378981968635,331.50
9048,11673133851,390.00
9049,14896639727,179.50
9050,531084861,5000.00
9051,416380209,55.60
9052,391021101,668.00
9053,346713686,1396.30
9054,342800129,928.50
9055,162495318035,326.20
9056,275170439327,369.40
9057,26727471303,290.70
9058,264825033667,292.50
9059,17933309582,189.50
9060,20328923,816.30
9061,249366098,4741.40
9062,50616206442,212.00
9063,391070421,530.90
9064,906865614,538.70
9065,2219070041,81.90
9066,12047471584,460.80
9067,217659719,843.10
9068,813899067,1513.30
9069,12083801462,154.90
9070,100445421,2060.50
9071,753440251,1688.40
9072,286527696,1353.90
9073,930603978,2698.60
9074,275056623850,321.90
9075,76364310,978.10
9076,55786613470,396.30
9077,531084861,5000.00
9078,25187754179,456.90
9079,259920156,2009.20
9080,2538880679,128.60
9081,709978742,1374.60
9082,1019755348,87.30
9083,707962727,3228.80
9084,1413465627795,19.40
9085,152918654114,211.30
9086,85408547,692.10
9087,61499502810,216.30
9088,606150663,4055.70
9089,233164868,793.90
9090,1050800159,669.20
9091,81516964344,234.50
9092,569803666,122.80
9093,37873591081,251.90
9094,692895383,116.70
9095,1375621868,494.40
9096,20456416,794.90
9097,322295814995,300.40
9098,50616206442,212.00
9099,982996106766,47.90
9100,295786986,1331.50
9101,708859841,4563.30
9102,130546439,2546.50
9103,336101266307,275.20
9104,80487292,1615.80
9105,266817829,3653.20
9106,163687584,710.10
9107,720796307,894.20
9108,524251195,1558.60
9109,531084861,5000.00
9110,79488412,645.70
9111,826780462271,44.80
9112,6375636982,495.50
9113,160880048,1532.40
9114,1366216417,59.20
9115,742030572,823.60
9116,204100474,1835.30
9117,573279551888,43.60
9118,492177083,535.10
9119,822613318,1356.70
9120,52730227,1001.20
9121,433238543810,307.50
9122,104963005,1138.30
9123,6207023150,496.00
9124,1119944512,2088.50
9125,48237840681,426.40
9126,218403655,951.60
9127,82153325755,248.50
9128,537064118,1346.00
9129,1301195501,558.10
9130,839803353,1464.90
9131,374562330,482.50
9132,111708067,747.80
9133,617190785186,303.60
9134,603772197744,26.00
9135,859830129,92.80
9136,525187808,2285.00
9137,1118274715,67.50
9138,39748587,1067.60
9139,531084861,5000.00
9140,22543413284,435.80
9141,286284320,3822.30
9142,508780344,841.40
9143,113625310,1257.80
9144,758463290,479.70
9145,256147166,1233.30
9146,109957735348,241.10
9147,860319510,2800.20
9148,71463999903,382.40
9149,346786836,1261.70
9150,3535364092,145.60
9151,3786725021867,12.20
9152,359863399,1737.00
9153,90061496034,228.10
9154,1520416399,496.50
9155,298935981,1040.10
9156,403079151,1221.50
9157,156911711,1103.90
9158,78628733,1374.80
9159,679990340,1464.50
9160,595912904,834.50
9161,107516762722,353.60
9162,152263871,1306.40
9163,81474644303,370.30
9164,422449039,2209.80
9165,1134046284,581.60
9166,52930228,1186.80
9167,1065646983,4279.80
9168,152575202543,337.60
9169,1022450548,2822.90
9170,62890762442,426.10
9171,290719476,816.80
9172,299262161,3627.00
9173,142242333984,274.90
9174,361962333,105.00
9175,519660938,4822.10
9176,1705083645,120.40
9177,64098693774,398.90
9178,225230457,1001.50
9179,374044849,994.60
9180,459134360,1425.30
9181,487507159,622.40
9182,35208245,1191.40
9183,589191977,1464.80
9184,740335064,1444.90
9185,1119973873,2092.60
9186,357228058,1513.00
9187,2002359743,163.70
9188,141357333,850.20
9189,1877794438,158.00
9190,8717103247,416.40
9191,891788629,1344.00
9192,142242333984,274.90
9193,394723137,1243.90
9194,68174323404,195.20
9195,471081944,2402.90
9196,384623031,2235.60
9197,588917641,68.60
9198,796498490,905.70
9199,285118220888,278.90
9200,272816455,1849.10
9201,817133270,2318.30
9202,35463394866,176.20
9203,55557197610,392.40
9204,21021073265,387.00
9205,1928910928174,42.70
9206,178673079363,247.10
9207,919696900,4033.60
9208,531084861,5000.00
9209,568562762,2210.00
9210,1051748964,3637.30
9211,531084861,5000.00
9212,358153446,656.80
9213,177271262326,335.50
9214,952491004,936.70
9215,749014141,1732.00
9216,535955025,2649.90
9217,831046070,1596.10
9218,531084861,5000.00
9219,3869674028,433.60
9220,281803355,1812.00
9221,208440130,3206.20
9222,2566165975,501.20
9223,6439427403,496.70
9224,28290801438,176.80
9225,632255633,1533.60
9226,10434986854,169.90
9227,498203806,1822.40
9228,47211271184,403.30
9229,463813111,1268.00
9230,964409978,110.30
9231,43566782590,184.40
9232,473936708,601.40
9233,2976349926,452.10
9234,645099613,1629.50
9235,568317509652,325.80
9236,142821810,60.60
9237,61358586,546.00
9238,216680383,2262.30
9239,92680591,2898.10
9240,391512040,655.00
9241,531084861,5000.00
9242,480039824,621.50
9243,575560781,94.80
9244,55597655594,192.10
9245,566688635,547.00
9246,125792636,854.00
9247,8713932676,482.60
9248,531084861,5000.00
9249,531084861,5000.00
9250,763135748,2245.10
9251,390067415,1914.80
9252,950633466,135.90
9253,91478901719,240.40
9254,714443458,1073.20
9255,454857037,1196.40
9256,387402984,636.80
9257,117941291,1116.80
9258,1086965717,540.90
9259,234402281,1714.40
9260,417005024,2382.80
9261,19082500850,208.90
9262,31319401092,266.20
9263,485667276,1106.30
9264,320939274,559.10
9265,983087218088,22.10
9266,439499667,747.70
9267,1241528630,78.50
9268,531084861,5000.00
9269,502446026,1278.20
9270,553295362,648.80
9271,54556875295,229.00
9272,511070294,1747.70
9273,1011593251,4551.10
9274,190665690,1643.80
9275,325197716,609.10
9276,1032330193,3230.80
9277,515498851,1785.80
9278,126771192045,229.70
9279,66598006154,366.40
9280,930611989,2645.00
9281,201391553,753.40
9282,77179072,692.70
9283,310454644,61.90
9284,59193876446,305.70
9285,531084861,5000.00
9286,4190876089,195.60
9287,644808376,563.40
9288,4191174541,511.20
9289,338233891,1732.50
9290,510988623,1736.30
9291,1131445948,941.20
9292,461370407,798.70
9293,60358884,2271.00
9294,248637039755,370.00
9295,903609417,2204.50
9296,1336092118928,22.60
9297,84244461749,233.30
9298,1104011510,541.50
9299,1006185430,4903.10
9300,112862880499,253.10
9301,29998923840,226.20
9302,449534340,2160.10
9303,567512173,1510.00
9304,909275043161,36.20
9305,2039567309,133.70
9306,143278513191,253.90
9307,9138049529,441.20
9308,565267354,3221.60
9309,111961942,588.60
9310,503492146,67.30
9311,14701849343,172.40
9312,870117671,1419.30
9313,753394733,3165.30
9314,703599129,2089.80
9315,473584419300,27.30
9316,65339944258,218.00
9317,546693312,4846.80
9318,751666388184,30.00
9319,5622018650,136.60
9320,10032254098,463.60
9321,476798876,1394.10
9322,98091310,2906.70
9323,787526106,77.60
9324,1760053700,152.30
9325,506814043,1816.30
9326,109399567,789.40
9327,1071228735,3449.90
9328,74720147953,421.80
9329,995896246,845.40
9330,328521042865,342.20
9331,535245473271,44.40
9332,97714458,1579.00
9333,91478901719,240.40
9334,208390699,1398.10
9335,10032254098,463.60
9336,26827124280,442.30
9337,303082490,1494.30
9338,134883803,1684.90
9339,477883821726,262.60
9340,792663872,1080.70
9341,57472968,1140.80
9342,746772858,2515.40
9343,547809165,728.10
9344,2357355763693,13.50
9345,290136302,1438.60
9346,468336692280,344.60
9347,2331643584249,5.10
9348,449071869967,286.70
9349,6993317999,462.00
9350,71056676,2332.40
9351,3451428754,155.10
9352,571710773,61.70
9353,34820551396,423.90
9354,251916100,1009.10
9355,306926047795,338.60
9356,861423976,751.70
9357,5659739928072,3.60
9358,273280459,1595.20
9359,7717998282,140.10
9360,1916208465,508.60
9361,4463937232,194.10
9362,307135740,598.80
9363,709775938,968.00
9364,216942079,4575.10
9365,114158709,84.80
9366,179742724,797.80
9367,610858751,1043.60
9368,131077976,924.40
9369,502989991789,343.30
9370,531084861,5000.00
9371,18392693252,168.80
9372,33587065083,416.00
9373,1257840885,110.80
9374,2006753047,122.30
9375,505556139,583.30
9376,497611743,94.60
9377,23007353055,448.50
9378,1011779436,2330.50
9379,984567225,4100.30
9380,188214024,100.10
9381,495353429,739.60
9382,3519842091,428.00
9383,185339013,787.60
9384,4997933751,474.70
9385,346932018,2033.90
9386,344177499,1876.20
9387,11305742913,374.50
9388,1812159011730,35.90
9389,83197928351,364.30
9390,531084861,5000.00
9391,195490653,2023.30
9392,427844752,2520.30
9393,455175920,1071.10
9394,12394680206,196.30
9395,87219354,1980.40
9396,585050038,823.00
9397,190003547,2535.50
9398,148431470458,329.30
9399,783250888,526.80
9400,277707883,1593.00
9401,139214788,1384.80
9402,202894221118,234.70
9403,294320203,703.00
9404,433249726,2621.30
9405,1609345187,516.40
9406,212231594,652.30
9407,531084861,5000.00
9408,52500963308,241.00
9409,573279551888,43.60
9410,688687883,1147.50
9411,1087384107,2223.20
9412,234746389,660.40
9413,568484869,2077.70
9414,454829892,2980.10
9415,688112556,994.00
9416,649537883,2579.90
9417,225814512,1198.60
9418,1356659551,3218.70
9419,400779372,2680.10
9420,22492702059,197.80
9421,264984529522,274.60
9422,227411025,970.10
9423,183361732,1607.90
9424,1692270527,545.50
9425,271046064,2563.90
9426,796688386,1283.50
9427,883155443,1295.90
9428,336468922,851.60
9429,2783776786,86.90
9430,533124510,1195.00
9431,426485878,1014.30
9432,382712572229,338.20
9433,881560987616,297.50
9434,50834943648,380.50
9435,4695647491,492.90
9436,896165523,1419.50
9437,12377907984,429.30
9438,580440912,1735.90
9439,95446838,808.90
9440,80861547407,417.00
9441,481005084,1127.50
9442,794649021811,27.00
9443,10452975107,221.70
9444,725078314,4211.30
9445,744597341,1927.50
9446,195350286,1539.10
9447,531084861,5000.00
9448,238592946,1892.60
9449,531084861,5000.00
9450,531084861,5000.00
9451,232549333559,308.80
9452,20757110111,432.80
9453,2484039687,484.80
9454,204058464,1082.50
9455,1091682302,484.60
9456,123742796,1294.10
9457,169394054,1474.30
9458,2529057044898,20.40
9459,1011581536,4774.80
9460,40129331985,213.80
9461,23891957262,420.90
9462,996169033,897.80
9463,697071144,620.50
9464,633591049,878.30
9465,324188642,606.90
9466,145968720490,249.20
9467,2484039687,484.80
9468,27639112,699.10
9469,44642847625,433.80
9470,68687956256,383.30
9471,336083430923,347.50
9472,448651298884,309.90
9473,800365895,87.60
9474,632372766,1649.40
9475,274300726749,370.10
9476,1285284853,3703.00
9477,461033216,876.10
9478,122067220,2134.70
9479,460981441,680.00
9480,603772197744,26.00
9481,262379632,48.40
9482,49591169,702.70
9483,253842483,3970.40
9484,130485650,1499.90
9485,169826323,860.70
9486,1014288085,73.70
9487,125913861243,251.00
9488,606212453,1488.40
9489,320032596,859.50
9490,2327866756150,6.20
9491,417073883,2647.00
9492,1359333301,564.80
9493,50852326589,348.90
9494,1265814058,3787.90
9495,298032784,4130.80
9496,195459690772,374.40
9497,266530747,1217.10
9498,538426851,568.10
9499,790084893,2155.70
9500,953225091,686.30
9501,407311334,1390.60
9502,1090652335,3991.20
9503,121940544,1084.00
9504,563075054,2011.50
9505,531084861,5000.00
9506,412009674,1094.70
9507,330555225,2434.80
9508,206668718425,251.70
9509,597937213,1009.80
9510,891767273,1638.30
9511,18482408090,189.00
9512,870306871,1410.20
9513,486690274003,315.80
9514,193697920,636.50
9515,968449509,2458.20
9516,103314907,808.40
9517,23018187732,388.90
9518,211660358376,383.10
9519,525002045,637.00
9520,26488774,1431.60
9521,1134311240,57.30
9522,942799218,134.60
9523,21936582733,196.10
9524,146949583,2111.00
9525,1090631377859,38.80
9526,1078748368,100.80
9527,658993639,546.60
9528,17716326952,153.20
9529,342999813,96.30
9530,495756876,639.50
9531,171882129517,222.50
9532,36885338594,425.80
9533,963774981,822.90
9534,184551836,900.60
9535,16390719396,455.10
9536,487403187,2304.00
9537,324893324,880.20
9538,4076736457,152.10
9539,2905095873,491.80
9540,23789958017,193.00
9541,25057194,933.20
9542,796550240,1878.90
9543,150085343,3242.70
9544,42238933903,236.60
9545,835723146,1047.70
9546,531084861,5000.00
9547,403237015,1374.10
9548,498256833,2139.80
9549,19667072701,209.30
9550,132994028,989.00
9551,87093230434,216.80
9552,169438687,1924.10
9553,324984752,931.30
9554,130165849986,340.60
9555,401648585727,259.00
9556,402622244,1688.90
9557,368547805,1461.20
9558,344709709,3029.30
9559,1983320137,138.30
9560,6811693723,163.40
9561,204199759,1546.00
9562,531084861,5000.00
9563,460710797,887.80
9564,531084861,5000.00
9565,303437688,1630.90
9566,700904546,94.30
9567,7308969760,416.70
9568,110125140738,376.50
9569,563007233,1024.80
9570,4809835096765,9.10
9571,298558209,723.60
9572,20907777123,220.30
9573,424269343,608.50
9574,571787851,1079.40
9575,97782287848,248.00
9576,47909970586,248.30
9577,454936310,1362.90
9578,6811693723,163.40
9579,545713795,1818.10
9580,433073594,550.10
9581,153081151,933.10
9582,192644124,794.30
9583,558068204,50.70
9584,47484284169,409.40
9585,658429509,1304.70
9586,498265992,1554.00
9587,579437654,983.60
9588,632139761,1330.30
9589,175480476,1773.60
9590,3129038110461,14.70
9591,527203565,117.60
9592,848351685,1714.90
9593,153448861569,358.70
9594,487225053,4552.70
9595,303429624,4610.00
9596,71893024,654.10
9597,393548871820,41.30
9598,880947289,71.00
9599,409545780,3212.80
9600,3173958151,513.30
9601,2469998176,99.00
9602,593467484,1375.70
9603,173781865,1550.20
9604,531084861,5000.00
9605,152989786723,214.20
9606,1179133542,584.00
9607,225572245,1967.00
9608,420502569,1426.60
9609,166873099137,324.40
9610,417551403,761.40
9611,861395154,1591.80
9612,645684506,1069.80
9613,527418573931,310.00
9614,839772128,1237.70
9615,202004635798,234.20
9616,212729741,1209.20
9617,519656349,4192.50
9618,364108317,1377.20
9619,1119793581,2026.40
9620,189872762052,283.90
9621,2487383258,150.00
9622,746847872,3691.20
9623,62486172538,231.90
9624,983087218088,22.10
9625,355500025,655.30
9626,531084861,5000.00
9627,80526887,638.30
9628,22929037703,275.60
9629,188976242,3780.60
9630,571710773,61.70
9631,2554475601949,42.00
9632,9661867304,475.10
9633,448826511,613.80
9634,430934851,1008.00
9635,234544899,1594.20
9636,570853655,80.80
9637,57646458698,405.50
9638,1084871546,543.70
9639,4966029171,143.80
9640,670654606,53.50
9641,531084861,5000.00
9642,601891285,1548.90
9643,143150809,1342.60
9644,532602610,1855.50
9645,531084861,5000.00
9646,277993169913,275.00
9647,145659667700,244.50
9648,142511851839,256.70
9649,2816460568,458.50
9650,6735996474,237.80
9651,1082520085,864.80
9652,34624406166,174.60
9653,260327164,1245.90
9654,9961079606,450.40
9655,666432982,796.70
9656,256063359,671.30
9657,57257660,1504.30
9658,7232737609,486.80
9659,597664414,83.00
9660,714275732,4236.60
9661,153603524259,286.20
9662,135852318,4916.50
9663,178373243,1450.60
9664,93250484,783.20
9665,42733176006,215.50
9666,921017196,502.60
9667,752682068,941.70
9668,325088321,2631.70
9669,28663675934,453.30
9670,481088048,1457.10
9671,2211160615,97.00
9672,70187422,1383.90
9673,117506710,1736.70
9674,2883774532,484.50
9675,1632567252,454.90
9676,1161585058,69.00
9677,868273045,87.10
9678,415284166,537.10
9679,266991677,1573.50
9680,294464091,1289.30
9681,610931738,1109.30
9682,878437535,666.50
9683,86906933768,267.40
9684,442086838,620.10
9685,76470405,2080.00
9686,5388069182182,3.20
9687,44001707,1485.60
9688,153417325163,228.60
9689,702331407,508.40
9690,531084861,5000.00
9691,69828836721,216.10
9692,130855892,1361.30
9693,2782761664,502.70
9694,4849726694,498.50
9695,714337533,1539.40
9696,300492305,2110.60
9697,930711865,2018.60
9698,531084861,5000.00
9699,2956005816,462.70
9700,1337198178,3306.80
9701,1492515090,109.30
9702,1005839973,113.50
9703,740502745,1288.90
9704,593494506,1354.70
9705,1022587144,2171.10
9706,251419803,638.60
9707,783547821,1294.40
9708,252527348454,264.20
9709,76318389,1086.90
9710,628481550,976.40
9711,859460774,587.70
9712,30302700881,381.10
9713,796744989,1488.30
9714,766315867,1322.50
9715,212880582,1085.20
9716,619501885,1273.00
9717,39662993003,423.50
9718,37261917,1292.70
9719,812819879,820.40
9720,1670172036365,27.40
9721,404726357,1842.40
9722,403172435,1479.50
9723,860788096,747.40
9724,59293203,3065.20
9725,217241992,1255.60
9726,98191437,3350.30
9727,76071803,1120.30
9728,49472014,2652.90
9729,908985178,2709.20
9730,1939254230,53.10
9731,120256925970,246.80
9732,287126354,897.30
9733,545273041,98.00
9734,4098750337,132.60
9735,719699233,2980.60
9736,239265098,111.60
9737,309597611,783.00
9738,390381378,1211.90
9739,333798921,1542.30
9740,22805834528,433.50
9741,1443799260074,18.60
9742,99440331046,255.00
9743,705566334,1911.90
9744,292753729,2474.30
9745,3246510330,115.00
9746,430934851,1008.00
9747,10670585267,204.80
9748,178233004,1597.10
9749,23866850014,168.60
9750,433287931,1029.10
9751,622406304,2874.20
9752,107516762722,353.60
9753,38245831325,415.40
9754,843568739,123.50
9755,515277334,764.20
9756,308232284,1158.90
9757,69389315,557.10
9758,526280746,802.50
9759,163059853,3226.70
9760,324852644,996.90
9761,297351656052,336.80
9762,1103650234,2253.40
9763,329389983,1863.10
9764,103601514,2308.90
9765,757578392,2681.00
9766,60626340520,395.30
9767,80419050,1405.40
9768,282681040,995.40
9769,401797416,608.00
9770,909245085,981.80
9771,3229459285,123.30
9772,10348122738,430.40
9773,1285310498,3212.70
9774,3389333798,146.50
9775,514353422,858.10
9776,614911025,1692.70
9777,666440187,766.10
9778,1696550432,135.60
9779,13552824743,400.10
9780,584594191,2533.30
9781,1194457702,3886.60
9782,111438125,821.50
9783,839987835,1530.20
9784,131221883134,372.20
9785,103314907,808.40
9786,34701381476,420.10
9787,502173826,85.10
9788,13891081009,362.60
9789,168603594,679.80
9790,73781217,981.90
9791,905165918,1035.50
9792,190740012,604.70
9793,839784083,872.90
9794,822410142,2830.40
9795,284984225,85.00
9796,1001873102,856.20
9797,254860908,2461.70
9798,531084861,5000.00
9799,159725091,625.50
9800,13891081009,362.60
9801,2688097116,520.70
9802,450209138,1178.60
9803,82838993522,263.70
9804,350961859,1906.00
9805,235543521,2162.30
9806,126878540,637.80
9807,533214952,1049.40
9808,48954114,1038.30
9809,15901709601,205.00
9810,17213075298,449.50
9811,62023022655,321.60
9812,952328559,2045.10
9813,327648075,791.40
9814,72209751,3801.90
9815,452811113,631.40
9816,284348136335,235.60
9817,485141077,1677.60
9818,416216335,1334.80
9819,520540116,746.30
9820,428440449,771.80
9821,531406741,683.40
9822,15371669609,270.80
9823,91978724203,391.00
9824,18156827741,157.00
9825,701621880,1569.50
9826,68149786092,403.10
9827,396386409,660.20
9828,597798418,1290.40
9829,704356053,709.70
9830,13552824743,400.10
9831,563253485,1472.10
9832,303925056294,321.10
9833,243137555,1018.40
9834,493627406,762.80
9835,169711799995,334.40
9836,560755967,662.00
9837,1009226070,568.60
9838,747259162,831.30
9839,563006080,2384.90
9840,531084861,5000.00
9841,101211392745,260.60
9842,207292656,501.00
9843,925093070,4970.00
9844,531084861,5000.00
9845,168292964,4159.70
9846,1298241903,3451.00
9847,1119750165,2523.70
9848,395910606058,280.90
9849,1604592788,555.90
9850,400770904,807.70
9851,2848916282,506.20
9852,381422777,1825.10
9853,212786010,1483.40
9854,48205784660,376.20
9855,346814832,2465.20
9856,382144057318,315.40
9857,618406211,607.90
9858,155558256700,329.20
9859,1501362976,117.90
9860,883092795,3271.10
9861,826698635,1653.10
9862,117525053,688.60
9863,238562861,4956.30
9864,936722867,846.50
9865,11829874688,450.90
9866,585431157,828.80
9867,9189394657,452.60
9868,482405020,77.90
9869,647728641227,313.40
9870,25902504655,188.60
9871,7292469061,439.30
9872,104866333,1453.60
9873,221435502,3108.80
9874,531084861,5000.00
9875,1095571907,75.00
9876,52834648496,359.80
9877,321906927645,316.50
9878,542082201,531.90
9879,856154604,688.90
9880,183120890769,277.80
9881,338338109,1325.20
9882,32257511175,420.70
9883,160739203,1433.50
9884,543980688973,28.00
9885,236589770,529.30
9886,68596472742,230.80
9887,552094040,4120.40
9888,562600957,2246.70
9889,72368184661,260.70
9890,61356076,1492.10
9891,531084861,5000.00
9892,416380209,55.60
9893,35878647,725.20
9894,498046059,718.10
9895,33917670161,190.50
9896,449364517626,291.80
9897,297724346,2412.60
9898,736089475,1731.00
9899,318748517,3450.00
9900,6105062552331,6.10
9901,4599060660,503.20
9902,259290729537,306.40
9903,35551521138,332.40
9904,1776813302,67.10
9905,398871119,561.30
9906,514790783,724.50
9907,404726357,1842.40
9908,143556998,1763.80
9909,48530263,1475.10
9910,3370692365,185.40
9911,36211458911,180.00
9912,531084861,5000.00
9913,147747511632,323.40
9914,531084861,5000.00
9915,602041182,1110.80
9916,644056860,2576.00
9917,428545959,895.90
9918,40263284,1079.30
9919,463563664,1039.50
9920,1060312055,2533.10
9921,414772012,124.50
9922,545900032,1097.80
9923,573920038,2222.10
9924,11594616566,446.30
9925,393827029343,349.00
9926,2273139228969,6.90
9927,116878398117,320.50
9928,47551956197,399.10
9929,546389554,2586.00
9930,1506314640275,28.40
9931,582836643203,326.90
9932,703418152094,41.20
9933,865630134,4377.90
9934,784609130875,342.90
9935,179398633,2070.60
9936,89908801,801.20
9937,16430472203,176.30
9938,898219884,2423.90
9939,64328808748,199.00
9940,393548871820,41.30
9941,805304316,1361.60
9942,1044018886,4291.30
9943,1090666055,3587.40
9944,609767812271,297.40
9945,262287097,1036.60
9946,422496289883,276.50
9947,23614687520,441.00
9948,295462237,1005.00
9949,633176250,4931.30
9950,898600884,928.80
9951,1005307650,101.10
9952,531084861,5000.00
9953,453112799842,332.80
9954,194673728,596.10
9955,385376908,1465.40
9956,904607047,1569.80
9957,179954124,1081.50
9958,2529312883,81.80
9959,312171159,588.70
9960,52025939766,393.90
9961,10448363208,414.50
9962,514366713,2348.20
9963,536553713,737.50
9964,93617226,667.50
9965,390872863,57.00
9966,17663763557,333.60
9967,70463602,1073.40
9968,255089593,84.30
9969,25633229,826.40
9970,969096474,693.10
9971,4169909183,477.60
9972,242875023,1713.60
9973,616964317645,291.30
9974,121850134980,269.10
9975,299305275,3100.00
9976,459382305,497.50
9977,51041908291,244.70
9978,20907777123,220.30
9979,684102932,1505.10
9980,958646155,734.60
9981,155818836,586.60
9982,896162082,1545.10
9983,433805245,731.00
9984,98932840,862.70
9985,169038821,117.20
9986,586915020,575.50
9987,423064608,573.60
9988,260724215,644.70
9989,171005360,879.30
9990,30773707,1386.30
9991,861119680,981.00
9992,822510796,2221.90
9993,54026063352,233.70
9994,296979915,54.40
9995,13532590405,190.00
9996,250997081,987.20
9997,926569686,506.60
9998,761984238,1690.90
9999,207475859,732.00
