Name,Pig3
Score,0.42208
LockedUpRTP,
Rtp,96.99999999476732
Win Ranges
0,0.1,1 in never
0.1,1,1 in 359.924
1,2,1 in 142.880
2,3,1 in 65.899
3,5,1 in 23.027
5,10,1 in 8.576
10,20,1 in 3.902
20,50,1 in 3.561
50,100,1 in 16.058
100,200,1 in 15.236
200,500,1 in 9.588
500,1000,1 in 23.982
1000,2000,1 in 286.428
2000,3000,1 in 5495.860
3000,5001,1 in 2767.676
Distribution
0,138074908414,115.80
1,12985304308,868.10
2,531084861,5000.00
3,99212458704,231.80
4,44692891752,512.60
5,384034079,3660.60
6,264192458,4744.80
7,23043856328,718.50
8,22665664342,337.40
9,326873944,2308.50
10,25806725425,662.50
11,69269182181,208.50
12,211565836,2474.20
13,14078420319,696.40
14,531084861,5000.00
15,1208001528,1254.90
16,12847821825,768.10
17,43728965549,259.70
18,88941853012,85.10
19,287506186,4914.80
20,147072142071,159.20
21,678419841,1536.30
22,252544799,4493.50
23,16707039865,639.20
24,70499958456,388.10
25,344272163,1667.00
26,732450550,1289.30
27,34836128308,652.50
28,25383067939,389.10
29,9765871018,978.90
30,1214431459,1398.90
31,52724474510,531.50
32,17389594107,872.40
33,1155348264,1383.50
34,105520250730,184.10
35,256329626,1878.50
36,19153576015,516.60
37,247162140,3044.40
38,228517908,2302.30
39,71328518622,133.40
40,223155170,2652.70
41,302075975,2347.40
42,34935141954,302.50
43,1076691065143,12.90
44,76668679426,289.70
45,531084861,5000.00
46,79313275753,120.70
47,659635079948,42.80
48,255251012,3065.30
49,14613117676,937.00
50,4082191300,1121.30
51,3249035126,1140.30
52,72579945241,169.80
53,191091673,1640.70
54,33134883830,372.50
55,213898039,4144.60
56,121096463473,147.70
57,34901927507,363.70
58,150976222341,130.40
59,16169105445,844.80
60,16355475681,604.70
61,41763829286,492.30
62,1118915876,1415.80
63,230061064,2406.60
64,45397037551,342.10
65,87557780720,350.40
66,1677395447691,22.00
67,280826628514,79.60
68,100176123511,302.30
69,135644466005,230.10
70,333246457,3268.90
71,60217652618,151.50
72,152346256,1686.00
73,288145772,1855.40
74,125705401165,259.40
75,107906014020,236.70
76,2118663648,1251.80
77,16181199818,658.40
78,11109419670,921.00
79,867084504,1479.10
80,55701335315,396.20
81,367838042,3773.50
82,249012597501,96.70
83,357529062,3631.80
84,232908304,1931.80
85,316953343,4166.20
86,34260624542,551.90
87,286361666,2811.30
88,247118258395,85.40
89,16427318131,789.00
90,137631800087,141.70
91,131540341,2569.00
92,531084861,5000.00
93,46874922771,495.90
94,266092164,2978.30
95,29355336811,410.40
96,7818031176,847.40
97,2419439836,1223.50
98,303065699,3697.30
99,3373220891,1035.00
100,2096864431145,13.50
101,39031796892,489.20
102,531084861,5000.00
103,531084861,5000.00
104,4716509701,998.40
105,34834508701,513.10
106,41103549288,466.60
107,310861226,2911.10
108,18192936188,836.70
109,220645963,4148.40
110,454134235,1555.00
111,70794143913,122.20
112,531084861,5000.00
113,9936077024,975.20
114,229341006,2070.10
115,34794439592,662.20
116,128859252997,51.30
117,22111789454,442.20
118,2540368819,1120.30
119,24965558942,306.10
120,51012463746,415.60
121,4122035600,988.60
122,108243604,2267.70
123,78861372933,152.10
124,350942571,3148.40
125,4658106611,1052.80
126,339272930,1723.50
127,228424342,1868.00
128,17342634315,530.70
129,26075889483,407.70
130,32638162522,417.20
131,1208001528,1254.90
132,268623703,2593.60
133,74842200160,116.90
134,247157183,3105.80
135,6203305654,888.00
136,2085575759,1319.90
137,6526495672,747.00
138,46372755235,174.80
139,15786801856,891.50
140,61201551504,123.60
141,11343934459,728.50
142,2881789507,1233.80
143,10518833408,968.60
144,214633769,1588.30
145,285338459,1678.90
146,14660860234,844.70
147,403584376,1648.90
148,202083589,1832.30
149,141587640,1799.00
150,555205543,1577.50
151,340650305,3182.90
152,550199331,1536.70
153,35917961984,368.30
154,236484446931,54.20
155,10082384621,772.60
156,25591681285,774.70
157,5763705487,881.60
158,63688221737,320.90
159,436211505,1629.40
160,96380971316,274.70
161,285193066,1899.20
162,7110767385,898.70
163,12627153278,872.00
164,89068695551,271.70
165,33772915179,403.70
166,141372452232,140.30
167,59188021717,431.40
168,34222035300,165.30
169,4216593963,1118.50
170,531084861,5000.00
171,1145285003,1255.00
172,103468910387,155.70
173,4335602963,1147.80
174,55937980235,488.40
175,836887982246,22.40
176,187695048767,60.80
177,223764944,2692.00
178,318187645,4431.60
179,240572259,1998.20
180,69332677983,134.30
181,275813072,2193.00
182,296216898,2581.30
183,4844113076,1097.70
184,30778452629,654.80
185,400183238,1512.50
186,18786927302,858.70
187,12541667622,952.90
188,41821726682,335.40
189,237041563,1972.20
190,17290528867,609.10
191,68683058537,329.80
192,23425068805,682.70
193,208992402,1984.00
194,22052229361,511.40
195,40096791392,144.90
196,29116795108,613.10
197,49826764775,255.60
198,4813655561,1072.80
199,84349262907,291.50
200,131370361221,153.40
201,275112452,3628.50
202,57628286342,104.60
203,5618652453455,18.50
204,3227661534,1064.50
205,37986809674,380.50
206,119099781396,262.30
207,126586363183,72.60
208,1054816933670,45.20
209,22217830822,814.10
210,1417195108,1349.50
211,230459494,4531.40
212,105181040350,268.40
213,6054410197,914.50
214,4029140248,1021.30
215,326972394,2467.10
216,531084861,5000.00
217,1482651261317,15.70
218,98550474800,175.60
219,20614248505,605.00
220,531084861,5000.00
221,15346403031,816.70
222,75207515489,72.00
223,4234073584,1162.10
224,295492086,4069.40
225,291311526,3727.40
226,26895844569,626.90
227,54339769953,418.30
228,240947591,2804.80
229,20156810268,611.90
230,18328764445,492.70
231,117507867885,279.60
232,277730939,2899.80
233,1310642068,1346.20
234,32212137390,399.80
235,220031102,4942.70
236,36245825705,661.60
237,42567610170,453.90
238,2170433308,1270.20
239,223962133,2420.50
240,17699534503,864.70
241,388472313,3239.30
242,286168295,3516.50
243,345040866,3076.20
244,1013593841,1428.70
245,6944229242,1056.80
246,14620132583,652.80
247,2152212065,1310.20
248,70806536431,49.90
249,63827487852,337.10
250,28117801722,397.20
251,503713874,1465.40
252,386822227,1588.70
253,56322928603,437.00
254,29979077568,580.80
255,40176831194,605.70
256,48569052944,473.60
257,40966930047,553.00
258,107152441669,281.40
259,464509384,1543.90
260,117375585869,253.60
261,11872237437,753.80
262,7840016479,706.70
263,6129402002,948.50
264,378887043,3096.60
265,238071069,2408.80
266,79246142127,291.00
267,531084861,5000.00
268,159532055063,105.30
269,16415457519,906.00
270,13119083470,855.90
271,442790578,1646.30
272,19451636316,839.30
273,313474258,1712.70
274,14970644077,899.00
275,129643267157,130.90
276,82248278960,54.40
277,134118222900,144.00
278,309830994,2417.70
279,25064305874,484.90
280,1821296387,1302.70
281,531084861,5000.00
282,17179949060,819.70
283,304075504,4754.60
284,609540764,1526.10
285,84001755063,300.50
286,16868558041,510.80
287,37968525975,641.70
288,40115401322,329.50
289,33570435519,664.80
290,15475980424,859.80
291,6636584260,765.80
292,4913968338,1118.60
293,685370643741,39.50
294,238317016,1761.70
295,41886213546,310.70
296,28653628039,273.00
297,39760158530,629.20
298,58249295962,485.50
299,321358558,2018.80
300,30328850268,664.00
301,235509825,2070.90
302,3910795188,1134.50
303,1903416721601,33.50
304,1544800527,1365.00
305,28389976618,268.00
306,9144310159,677.60
307,1139267351,1422.80
308,24377347855,721.90
309,70026795632,128.40
310,42599074949,563.50
311,220724397,2663.00
312,261608244,2043.70
313,1005863608523,41.40
314,34277075669,329.60
315,51698456110,405.40
316,441264420650,44.80
317,8124728490,1005.80
318,78032899232,265.80
319,51360892181,225.10
320,58038405889,136.10
321,128544644044,199.70
322,1565623192,1303.80
323,68485585443,361.20
324,13760664738,930.10
325,2018248116453,41.60
326,265529801,3833.80
327,47028124655,152.70
328,3453229842,1050.70
329,14445429163,701.70
330,475401588,1391.70
331,49070176283,439.00
332,47770030445,210.50
333,244564353,4366.40
334,15149478119,807.10
335,8565470376,998.50
336,1030606983,1441.10
337,23565725853,785.40
338,504771160,1574.60
339,531084861,5000.00
340,1165318523815,35.80
341,531084861,5000.00
342,2382451175,1290.20
343,16717533142,454.90
344,289347788,4158.50
345,73044550050,305.60
346,89758934878,75.90
347,244658434,2107.70
348,777072996545,18.10
349,17763893066,523.50
350,26792046456,655.90
351,25570240748,345.80
352,242375240214,79.00
353,15315772339,369.70
354,19246374854,399.10
355,1929907947325,35.30
356,2641632966,1234.80
357,6147239484,1008.40
358,116496423921,198.70
359,19098998869,494.70
360,2962169691,1233.20
361,87405994181,53.60
362,3052891097,1067.30
363,376680077,3233.20
364,32992738210,684.00
365,32242852081,341.70
366,105801615153,273.40
367,531084861,5000.00
368,42311061654,288.60
369,224332604,4172.00
370,7113501396,1041.90
371,6146438278,569.00
372,48485009162,495.10
373,22370411973,754.60
374,44114904823,231.50
375,3540254767,908.80
376,203513012,1643.80
377,884438012,1473.20
378,352394708,1664.90
379,21700170183,795.90
380,84734711587,332.50
381,50461450142,529.20
382,35088476055,212.10
383,141587640,1799.00
384,10422423852,960.80
385,6867216939,1028.70
386,67707712794,355.70
387,328081120,3745.50
388,132912327268,223.60
389,83159759389,264.00
390,36482786355,570.60
391,263098620,2610.50
392,63062902863,360.10
393,716157135,1516.80
394,357550771,1722.20
395,105890541620,294.90
396,101831005826,169.30
397,309605304,1688.50
398,24179790938,676.60
399,848399907,1275.30
400,38040243837,355.30
401,148711913701,156.30
402,39994204739,547.90
403,18873713472,482.30
404,254257089543,98.40
405,209837224995,95.80
406,274233945,2085.50
407,114866924139,204.90
408,224399753,2950.30
409,2135733259334,36.30
410,22161714571,511.30
411,68530952074,379.30
412,50889467541,247.00
413,102648055,1849.10
414,1209755297,1362.70
415,40520172598,597.90
416,345771917,3609.00
417,244131661,2491.10
418,522322233,1536.40
419,77055322025,149.70
420,69099378682,412.50
421,3891103037,1117.70
422,36295747383,158.30
423,5372275642,973.50
424,2563715525115,7.20
425,221669717,2151.30
426,325551880,2123.50
427,6941006530,1056.00
428,268039484,1893.90
429,316995984,2310.90
430,13862885816,830.40
431,187856543,1615.80
432,70858133285,188.00
433,124776957,2770.10
434,1621977597,1308.30
435,275173800,1804.90
436,276083244,1962.80
437,40362018346,526.30
438,16284300846,670.30
439,39039310514,353.50
440,141956062306,159.40
441,19505960714,636.10
442,33933540963,694.00
443,49169659315,163.70
444,125301013498,200.30
445,14638999505,890.30
446,128901552489,243.70
447,43149588584,585.50
448,56354252971,377.00
449,33517293675,618.10
450,311518260,2545.40
451,46184638302,568.40
452,4999321425,943.50
453,31439408101,403.90
454,217751982,2019.10
455,4716509701,998.40
456,287443641,1899.00
457,129547395455,190.80
458,105296679349,213.00
459,18557499729,761.20
460,2966107123,1208.50
461,465895900087,43.00
462,4565188559,1062.20
463,34163109621,357.20
464,93856668529,304.20
465,380398950,3224.30
466,21096845036,406.70
467,244174054,1823.10
468,4417621588,1082.00
469,25362658266,545.20
470,277869342,1861.00
471,304121481,2769.40
472,313413737,3231.10
473,282042677,2010.70
474,527357958,1554.50
475,6365316078,938.80
476,31593122182,585.40
477,211853069,1992.00
478,107221479,1863.00
479,35390450886,188.10
480,53317890059,450.60
481,10938713899,794.10
482,81669523006,372.00
483,1292188391,1336.70
484,75207515489,72.00
485,107209416982,287.30
486,592567230,1359.90
487,8656933726,816.00
488,531084861,5000.00
489,13400884047,919.20
490,2774349490,1231.10
491,531084861,5000.00
492,20477732524,458.60
493,324561696,2284.70
494,6946406631,1010.60
495,1491778103,1385.60
496,323695080,3659.80
497,18590019018,871.80
498,11466001701,998.80
499,7293128247,1044.00
500,218495551806,93.20
501,91838816546,87.10
502,25307512402,778.70
503,83172477656,345.40
504,1233085418,1370.00
505,223456910,1795.10
506,35119580037,574.80
507,645000056,1551.20
508,509327962,1616.50
509,737134882,1445.50
510,1176199000,1368.30
511,34361800359,319.60
512,28612765766,241.50
513,7898835544,828.60
514,74499537897,289.90
515,160559282927,139.50
516,30390298629,674.20
517,300473994,2065.80
518,51571188575,522.20
519,50391511578,487.10
520,206043889,2509.60
521,368837690,1729.50
522,61053207849,334.50
523,1086493841,1434.10
524,62456612281,343.70
525,11008543629,983.00
526,292020270,3565.10
527,2051018149,1091.90
528,78901547433,388.70
529,90006095102,231.60
530,74768567103,335.30
531,13576997331,884.50
532,47576960031,80.80
533,5110884379875,1.80
534,18822437362,753.30
535,213155773,2041.40
536,39312473177,372.30
537,311425565,4518.50
538,6841755840,841.60
539,71888733795,198.40
540,54239755027,507.80
541,77897354695,386.90
542,57005852868,108.70
543,55110443282,154.30
544,5613745897,1047.90
545,143535963141,143.70
546,1038696877,1423.30
547,28404732702,715.70
548,208545494,2454.30
549,315845196,2636.60
550,51397597399,465.50
551,90782601047,315.30
552,5911962276873,18.30
553,2059488772,1285.40
554,11893755756,502.60
555,18477082008,422.90
556,72079798726,162.40
557,6539109445,1029.00
558,20156810268,611.90
559,22607352079,427.10
560,33163203309,626.30
561,382565599,3340.40
562,263413263028,98.10
563,223472259,2151.00
564,531084861,5000.00
565,391806533,1654.00
566,38576287210,371.40
567,33869440323,649.90
568,1845891656723,21.40
569,17300962908,809.60
570,63294246289,340.10
571,269828887,1893.20
572,210326648,2518.90
573,46719806991,102.20
574,72520791087,87.00
575,531084861,5000.00
576,448992353,1641.00
577,266258347,3675.90
578,64635411857,178.50
579,65920866308,122.60
580,691589291,1490.70
581,112506064946,152.50
582,66958886330,409.70
583,230551528,2627.80
584,826232463976,46.30
585,56943423962,258.90
586,30501363515,469.60
587,1937494976,1326.20
588,21019718499,458.40
589,56331748610,226.00
590,26423096774,721.80
591,531084861,5000.00
592,1126362603,1407.40
593,2210873352,1269.70
594,531084861,5000.00
595,884153904,1321.30
596,202359035096,90.90
597,2035272574,1070.20
598,531084861,5000.00
599,397712268,1656.80
600,142863304586,200.40
601,41118637174,606.00
602,23698845609,447.50
603,126457000128,215.40
604,283091292,2043.80
605,390719085,3032.30
606,339906968,3345.10
607,531084861,5000.00
608,281017694,3416.90
609,2011998066768,20.20
610,1506342376,1204.30
611,57238116886,123.00
612,36741469436,196.80
613,21962101050,537.10
614,24339131730,395.20
615,216354472,4673.90
616,55055910282,381.40
617,280760185,2010.90
618,48230504686,447.70
619,19932005242,825.20
620,81285149081,119.90
621,427932701,1415.70
622,1226705527,1125.30
623,49136607815,542.70
624,269227766,3555.90
625,130331790161,240.80
626,388461900,3950.50
627,2583228482090,17.50
628,727840170046,25.90
629,3131210442,1059.00
630,96533104703,294.40
631,6161282423122,11.10
632,1202408845,1396.50
633,11651630497,666.70
634,13783304215,591.00
635,95777334837,298.80
636,30312294390,702.40
637,34589295065,575.80
638,1383117397,1260.40
639,76565598715,340.20
640,35576387694,339.50
641,33075207978,445.80
642,45839550519,106.50
643,38850524755,297.00
644,531084861,5000.00
645,270973325,2702.10
646,310456769,3263.20
647,323422328,2059.90
648,2409875912,1073.70
649,10988363764,663.90
650,19007299785,646.10
651,17685877596,517.90
652,14743435066,868.60
653,42494376314,571.00
654,259200509,2326.00
655,2520188013234,34.70
656,293888083,2277.90
657,4123085605,1149.50
658,51606296233,431.30
659,1279463156,1407.50
660,17551670272,840.60
661,2108696779,1306.50
662,220747086,2540.70
663,285049115,4777.40
664,141144379423,110.50
665,60649251390,219.70
666,16713461776,652.30
667,94289801570,97.80
668,14243475885,723.50
669,204816832912,58.60
670,2869463441,1189.00
671,185937295986,95.30
672,237817262,4182.30
673,250125366,3000.10
674,531084861,5000.00
675,300848441,2180.30
676,379536299,1634.30
677,35336233462,595.70
678,260438093,3058.60
679,16183689062,890.90
680,136022197456,97.90
681,132162657112,112.90
682,1326856299150,45.40
683,225385235,1964.80
684,28971088592,366.70
685,531084861,5000.00
686,43987766600,464.90
687,7840016479,706.70
688,463931965595,37.60
689,1935395712050,7.70
690,869864494,1273.70
691,531084861,5000.00
692,50308611957,478.50
693,531084861,5000.00
694,207297974,2464.40
695,46336814971,433.10
696,125737129662,52.80
697,15742058296,894.50
698,216247633751,98.20
699,20809765393,390.70
700,94221187848,245.20
701,47500596385,474.80
702,256743759,2138.60
703,261930850,2421.40
704,267276380,4038.20
705,128173771561,216.70
706,21096845036,406.70
707,1196177063169,28.90
708,39356251895,523.40
709,9880683339,976.60
710,28629692767,417.70
711,53380093748,275.00
712,1561567815,1173.80
713,348490104,1663.10
714,2290864496736,35.00
715,1104607539296,9.50
716,234848698,1805.70
717,32806582525,418.20
718,105529434774,51.90
719,824997535,1439.70
720,244439847,1823.90
721,57685415770,147.50
722,192539968150,67.20
723,288122902,4129.60
724,143192607050,172.20
725,1997886999,1237.30
726,26881094153,763.10
727,26551401811,745.40
728,283808628801,95.10
729,48019400515,540.10
730,2998680036,1216.40
731,88941853012,85.10
732,42602512083,542.10
733,18965463793,854.40
734,812869036,1443.80
735,91713086,1938.50
736,35647148167,308.40
737,1384616782,1393.60
738,4566430827,1070.00
739,14561900903,860.40
740,304160844,2767.70
741,213455077,2401.50
742,369345326,3176.40
743,29846776084,573.50
744,7574381237,825.30
745,192927157463,66.80
746,68579456956,50.20
747,10371748931,516.50
748,531084861,5000.00
749,33531176290,633.90
750,274064549,2698.70
751,149496218801,200.60
752,281980381,4788.30
753,328711016,2736.40
754,212193081,1983.10
755,42197050130,285.90
756,4280994896,1076.30
757,110979118403,76.60
758,831066076299,30.70
759,1168674548,1226.30
760,278061707209,95.90
761,199545720,1968.40
762,35207000271,405.90
763,3497741260,1194.00
764,88107158467,239.60
765,1125406223,1426.10
766,35997097140,358.90
767,531084861,5000.00
768,34893501223,305.70
769,62035507505,77.00
770,1544810427,1347.80
771,15181612062,879.80
772,13145191704,925.40
773,46229000457,223.20
774,30978974424,571.50
775,100106690751,241.40
776,485364180,1583.70
777,38535579355,275.90
778,26557763277,387.10
779,769491399,1439.00
780,1346178931995,45.50
781,256697927,3599.60
782,2027211420,1270.00
783,6437994651,1004.30
784,11206998056,915.20
785,13327966068,918.90
786,32027455019,345.70
787,35654316923,184.60
788,208446302,2983.00
789,228226326,2410.20
790,272919060,3531.70
791,16120588581,552.60
792,189981833334,64.30
793,34340231883,677.00
794,531084861,5000.00
795,1618843595655,33.60
796,309745011,3215.50
797,344159324,1643.00
798,531084861,5000.00
799,22574596130,687.60
800,225607405,2797.40
801,138642448538,150.40
802,238796426,2027.80
803,227694774,2031.70
804,17386187272,390.30
805,3899402246,1131.90
806,123252712524,193.20
807,19834108267,477.70
808,20119342388,517.70
809,944861441,1416.30
810,1431540816,1336.80
811,110520704351,124.40
812,404984206,1638.00
813,31010400857,565.50
814,11352881973,811.70
815,674042453348,47.70
816,153567600349,134.50
817,20809765393,390.70
818,43736459012,559.00
819,26452067447,667.70
820,41040960208,347.30
821,224234960,2225.40
822,57712165352,346.50
823,17845165953,444.30
824,374473803,3270.90
825,15197092855,915.70
826,122431085559,90.70
827,10102387898,922.00
828,44022506733,233.30
829,20872923286,592.00
830,8814859562,766.40
831,27652642085,725.80
832,191091673,1640.70
833,39541168648,509.40
834,23033247093,749.10
835,34740619448,654.20
836,64368987235,332.60
837,15516615589,877.50
838,32762866781,267.20
839,36295747383,158.30
840,104537677,2804.90
841,531084861,5000.00
842,29881862704,350.20
843,3901632590,1179.10
844,603568599,1493.20
845,276496237,2931.20
846,802812863,1481.50
847,254833579,2336.60
848,36300484723,414.50
849,271551333,4758.20
850,4714598562,1092.50
851,302839533,4839.30
852,29751335913,732.90
853,49677577545,243.00
854,113939786442,222.80
855,105932880157,224.00
856,289962603,4100.50
857,2501899555263,4.90
858,272879584,2556.00
859,79313275753,120.70
860,531084861,5000.00
861,3471705012,1128.30
862,47079424075,461.80
863,51940780398,136.90
864,69245090608,220.70
865,531084861,5000.00
866,6357296361,1082.80
867,129884714116,150.50
868,27917178334,701.50
869,44150484999,189.50
870,134638163,1760.00
871,39720452790,156.50
872,62973631060,460.70
873,5496747238543,16.00
874,1084811147,1451.60
875,389276267,1582.10
876,5217866747,965.30
877,37243346055,327.90
878,35390450886,188.10
879,149391987671,189.20
880,20542073944,550.10
881,22581028517,325.60
882,34038842156,303.20
883,48595080373,506.10
884,10471506468,763.20
885,50180392422,435.70
886,125359448445,236.80
887,50008205415,111.60
888,241589388,2725.00
889,33799515728,617.60
890,531084861,5000.00
891,21586562529,483.60
892,23821030658,401.80
893,6012845051,1062.40
894,15508431863,824.00
895,20753726219,619.00
896,531084861,5000.00
897,5221108244142,6.30
898,128686406425,197.20
899,23510090316,231.90
900,14058694495,712.80
901,1192300604,1418.10
902,894598379,1401.60
903,394337197,3388.50
904,218797711,4949.10
905,6636584260,765.80
906,146760678198,190.40
907,3135852480,1005.50
908,154497935004,180.10
909,54832454465,454.20
910,20798726624,744.00
911,40328478896,355.50
912,76079149283,294.00
913,112249066117,61.40
914,564351455,1389.60
915,3463766083,1138.50
916,3093704976,1193.40
917,300774754,2258.40
918,241649748,1785.30
919,6005580798341,9.70
920,14512070619,589.60
921,36657010575,303.90
922,131074026,1888.70
923,10403191243,942.80
924,113470419804,254.40
925,231065276,4983.40
926,15400025729,905.30
927,289748391,1755.50
928,21572570883,485.80
929,79368139616,339.00
930,3453229842,1050.70
931,14453730459,906.10
932,1241211434,1217.10
933,130790758988,167.60
934,32665919471,179.10
935,14078420319,696.40
936,18209699413,553.80
937,48681334775,540.20
938,10238415251,834.90
939,62618925053,424.70
940,49435152336,177.30
941,152656551,2996.60
942,50983684616,100.80
943,27228810333,463.00
944,317063897,2511.20
945,32343973445,358.00
946,63707949770,174.70
947,13268551736,697.00
948,60313561239,162.30
949,4110259769,1136.60
950,1143545401,1396.10
951,1220996682,1341.80
952,141799065896,131.80
953,242989062229,91.80
954,23510090316,231.90
955,277681292,2059.00
956,2034462675,1130.60
957,41040960208,347.30
958,1075895666,1382.40
959,210208033,4974.30
960,42989119811,241.70
961,21348332078,532.30
962,324919009,1683.80
963,5054596633,1132.20
964,36225190399,197.40
965,30016762283,727.60
966,328303456,1715.00
967,4973063251,952.30
968,55881835355,168.10
969,10497337501,805.10
970,12589147255,782.00
971,494444871,1635.00
972,57278961209,113.60
973,2621493206448,10.50
974,39039310514,353.50
975,312673625,4038.30
976,68033105083,301.80
977,30366520583,410.60
978,1107857633,1388.40
979,215043020,1865.50
980,361226216,3946.90
981,194766136363,59.10
982,312836648,1715.30
983,314875488,3264.40
984,531084861,5000.00
985,205998432,1943.20
986,2629924189,1262.40
987,315598168,3574.30
988,144506136166,174.30
989,318413878,2090.30
990,1312897429613,37.20
991,1226705527,1125.30
992,5882395200,1059.20
993,17710587322,526.90
994,305326255,2743.70
995,8926729344,752.80
996,2667396982,1267.40
997,66783681697,237.80
998,776605830,1468.20
999,531084861,5000.00
1000,28920543997,666.80
1001,66349851205,57.00
1002,53806844390,453.00
1003,55917767103,370.50
1004,1241285379,1363.20
1005,31241830608,213.80
1006,14091204275,928.70
1007,135427220393,68.70
1008,85497748268,316.20
1009,337477821,1494.30
1010,110255188008,156.80
1011,330429627,2050.10
1012,277088478,4192.40
1013,103549244755,85.90
1014,39720452790,156.50
1015,1745065362,1327.40
1016,72817480458,174.50
1017,80217024958,141.10
1018,2938170101,1069.20
1019,531084861,5000.00
1020,69964284906,392.90
1021,1104607539296,9.50
1022,23645853302,48.10
1023,53370254178,161.30
1024,531084861,5000.00
1025,2444717849310,31.30
1026,392136404,3266.40
1027,2753882927,1020.80
1028,16569198025,569.10
1029,9726881286,831.00
1030,307230777,2539.90
1031,30752325752,696.90
1032,718727881,1457.60
1033,35068473591,668.40
1034,1991476592,1264.40
1035,64759814050,424.50
1036,49811962779,298.90
1037,69437305682,160.00
1038,262965664,4573.00
1039,41017116028,166.00
1040,24178172110,657.90
1041,319567449,2465.00
1042,215978101,2368.00
1043,301994185,2035.80
1044,113357648326,107.90
1045,4392066921593,10.10
1046,6261344126,1062.00
1047,302274882,2898.20
1048,324718375,2357.90
1049,17686168203,878.10
1050,48142964612,401.30
1051,531084861,5000.00
1052,20714782313,774.00
1053,14766256783,860.00
1054,306043634,1655.50
1055,2563715525115,7.20
1056,15165422383,680.90
1057,38464025395,171.30
1058,22063175500,785.80
1059,166620532,3707.20
1060,25801586533,670.00
1061,531084861,5000.00
1062,531084861,5000.00
1063,78693288504,160.10
1064,24866610440,744.80
1065,57685415770,147.50
1066,2173941254,1237.90
1067,18873713472,482.30
1068,235941408,2297.90
1069,18762666223,593.80
1070,35562150672,212.70
1071,19401961901,377.70
1072,74280479432,331.90
1073,234801669,2891.50
1074,86589952036,73.30
1075,77572815668,337.30
1076,106716292416,115.50
1077,146235397825,102.50
1078,52005307894,174.00
1079,2754596788,1178.20
1080,15369689336,692.90
1081,289832663,3136.60
1082,20368149660,600.50
1083,113026737514,216.20
1084,9176325279,976.50
1085,7998309928,886.80
1086,28114784470,603.00
1087,1009612429799,29.30
1088,20459661903,824.20
1089,243891892,1778.80
1090,26820282820,263.70
1091,86497259042,293.30
1092,27143596592,478.30
1093,116686998686,234.80
1094,38824470780,629.40
1095,27863284676,721.30
1096,79605677351,141.20
1097,3573794933,1129.90
1098,68763197369,201.40
1099,217592701,4002.60
1100,197913327,1890.10
1101,531084861,5000.00
1102,343790837,1630.00
1103,5593250108,1036.70
1104,531084861,5000.00
1105,37207445665,387.20
1106,2655034544,1198.70
1107,28326585587,493.20
1108,408176008,1644.20
1109,90555008806,324.80
1110,221028720,2125.90
1111,150263290160,170.80
1112,72817480458,174.50
1113,33876594686,319.70
1114,3346885831535,8.10
1115,233148118,2260.80
1116,7585047238,909.30
1117,142649247939,178.60
1118,12224429079,914.60
1119,42094558480,485.30
1120,2775301630,1076.70
1121,218829080597,80.10
1122,40570143782,465.10
1123,56974123793,204.20
1124,62035507505,77.00
1125,1061991182,1281.00
1126,136101862268,173.80
1127,135427220393,68.70
1128,1128652235,1404.70
1129,41596474266,230.80
1130,265428817,4625.90
1131,38972046999,324.20
1132,59131680214,343.90
1133,14376059488,546.00
1134,100311339150,223.40
1135,877742839,1440.40
1136,417606073,1569.00
1137,15069826704,644.60
1138,121369526168,177.20
1139,531084861,5000.00
1140,17792596298,502.50
1141,27332366628,677.20
1142,23925951065,539.10
1143,43889116174,508.70
1144,12248653558,779.10
1145,313372216,3314.00
1146,30349827036,671.60
1147,347259303,3420.60
1148,30963367053,251.20
1149,1809617461,1348.20
1150,1568444261815,18.60
1151,28653628039,273.00
1152,40317896954,608.90
1153,4850967394,826.40
1154,14191513262,660.70
1155,8834868651,883.10
1156,23283698824,323.90
1157,6607610584,1037.30
1158,268479957,2055.50
1159,27075016538,343.30
1160,210219440,4064.60
1161,50494947876,412.00
1162,11398236330,702.10
1163,100617040199,54.90
1164,203796331,1636.10
1165,2001809295007,19.40
1166,325896887,3747.30
1167,1582901564926,4.40
1168,6577345021,846.20
1169,50436411675,398.50
1170,1157679028,1409.80
1171,6087068172,1077.50
1172,1539547299,1328.20
1173,37134879337,221.60
1174,247605212,1993.30
1175,64826607496,68.30
1176,1143286241179,10.70
1177,10376147123,817.10
1178,53246747645,435.60
1179,2586905615,1206.90
1180,95195715741,227.70
1181,392708257,1455.60
1182,345024881,3821.90
1183,97421322154,312.90
1184,35933457542,584.80
1185,237827504,4402.90
1186,74194659398,187.70
1187,4634018859565,18.40
1188,11731776705,945.00
1189,313392121,3603.20
1190,67809719752,390.20
1191,43252779147,438.20
1192,2751303969,1219.80
1193,12213265377,870.20
1194,64411250092,208.90
1195,26593655646,684.90
1196,2136243005,1237.00
1197,531084861,5000.00
1198,5569026705,1061.10
1199,12928628760,885.40
1200,30499735200,453.40
1201,32289522605,656.90
1202,231687289,4756.80
1203,75125543843,193.00
1204,3024511146,1030.90
1205,252858414,1912.00
1206,300999749,4980.90
1207,380768364,1371.50
1208,11277534404,949.80
1209,67855942866,384.80
1210,52601114115,467.70
1211,230458662,4957.40
1212,5894664176580,13.80
1213,253232289,2911.70
1214,121370872975,181.50
1215,39846978512,529.40
1216,531084861,5000.00
1217,93165563725,276.30
1218,298092980,2507.70
1219,310973443825,29.00
1220,733954078117,23.60
1221,50827505929,163.90
1222,116963188,2159.10
1223,35968993427,281.70
1224,13780540031,637.20
1225,781682543910,34.50
1226,38101491806,347.00
1227,41372456357,611.00
1228,8296902534,883.00
1229,33623264697,564.50
1230,39345365759,623.80
1231,149872722716,172.60
1232,38393693933,593.50
1233,6395192145300,7.90
1234,28611277511,628.50
1235,733954078117,23.60
1236,288164250,2612.10
1237,74089297936,344.10
1238,386284946,3415.70
1239,9654462655,841.40
1240,825534908,1424.70
1241,60423896351,411.50
1242,531084861,5000.00
1243,4968386460,1098.20
1244,2988316609604,12.50
1245,28087822545,257.70
1246,7850557466,1003.90
1247,14134969610,579.80
1248,12405071832,950.90
1249,26380501907,408.20
1250,2557966846,1183.40
1251,205645230948,84.40
1252,293706915,2857.80
1253,14762893315,901.60
1254,111896776441,140.80
1255,215717874,2021.20
1256,25587653226,321.20
1257,6324738584,1005.40
1258,10416464026,712.50
1259,21887070022,718.20
1260,2938170101,1069.20
1261,21690822689,420.90
1262,932663295,1432.00
1263,12597579271,567.20
1264,43174461984,547.30
1265,46165141387,527.00
1266,251067947048,81.10
1267,127768874436,195.40
1268,118150285,1945.00
1269,254021704546,88.80
1270,18477082008,422.90
1271,80704922811,126.10
1272,17029120481,834.10
1273,341742182,1750.50
1274,22314379698,420.20
1275,263654033,2918.60
1276,10938713899,794.10
1277,1582901564926,4.40
1278,2759473921,1233.10
1279,326161559,4267.90
1280,3368067566,1008.10
1281,62035507505,77.00
1282,2520005121927,31.80
1283,14070519266,827.80
1284,1916472278,1172.90
1285,17365413830,818.00
1286,27286142483,311.20
1287,262047808681,52.70
1288,531084861,5000.00
1289,37281693400,513.40
1290,22581028517,325.60
1291,242808894,2901.20
1292,48174353298,240.60
1293,285681030,4052.30
1294,531084861,5000.00
1295,240261716,1979.60
1296,121973845853,80.50
1297,306682469,1647.00
1298,531084861,5000.00
1299,54081388924,216.30
1300,333875622,2054.00
1301,531084861,5000.00
1302,3272158647,1024.90
1303,225435363,2177.30
1304,6146438278,569.00
1305,297160304,3932.50
1306,13127435885,871.10
1307,26247868721,374.60
1308,229992619,1899.10
1309,21968598009,529.10
1310,5451659123,1081.30
1311,73578379044,309.40
1312,276116663,1727.30
1313,4188500267125,18.90
1314,20900196752,808.30
1315,43480548806,478.00
1316,278961685,2865.50
1317,298549680,4479.60
1318,22996862598,489.70
1319,299933528,2232.40
1320,135125094282,237.70
1321,12020373144,794.20
1322,17033536858,871.90
1323,22965977322,567.50
1324,531084861,5000.00
1325,22996862598,489.70
1326,1688469761,1275.70
1327,15458775600,430.00
1328,49687865637,280.00
1329,8233698358,1011.40
1330,114192005122,189.40
1331,70671837607,353.80
1332,146194820245,162.70
1333,25549808537,444.00
1334,233657539,2572.90
1335,50907773861,305.90
1336,5440222970,1016.10
1337,332508127,3194.20
1338,897275730,1400.40
1339,114982592597,225.30
1340,61497319505,398.10
1341,287645383,3068.70
1342,282066731,2049.30
1343,262453231,2761.50
1344,5678241303,987.40
1345,238470187,2758.80
1346,307527748,3266.20
1347,6725656874,1023.40
1348,12982739198,949.30
1349,166265523,3332.10
1350,728622432,1459.80
1351,16906337865,608.70
1352,60816313641,360.70
1353,324966275,2928.50
1354,209032560,2135.40
1355,18927460164,866.30
1356,217572566,4337.30
1357,18946188958,563.40
1358,531084861,5000.00
1359,206544009,4114.20
1360,57799031307,154.60
1361,1824369853,1277.90
1362,19785771357,514.20
1363,296327979,2120.80
1364,229879520,2744.30
1365,8215055387,973.40
1366,32333048084,572.30
1367,15489534978,590.80
1368,269182560,2826.80
1369,20939655834,566.80
1370,37904319605,583.10
1371,6636584260,765.80
1372,531084861,5000.00
1373,25869258129,120.20
1374,716381157268,42.20
1375,5779081381,1030.20
1376,133041063305,159.00
1377,531084861,5000.00
1378,278781556,3127.60
1379,1502801672,1386.00
1380,1849555107,1341.20
1381,211425655,1792.80
1382,24764351172,703.90
1383,1893111589,1292.10
1384,37207445665,387.20
1385,22054508131,820.20
1386,306607416,2672.00
1387,138558668147,189.10
1388,985288108739,11.80
1389,21337056821,493.90
1390,34483632146,621.20
1391,4750406565,1064.10
1392,20293209919,781.00
1393,30104781356,720.40
1394,1742706742,1325.50
1395,280272637,1741.50
1396,70885054195,138.90
1397,115736967432,275.40
1398,37070462309,332.40
1399,6392721933,1049.70
1400,21030714288,604.10
1401,475026333935,31.20
1402,116953164601,269.20
1403,36452654633,575.60
1404,41789081575,245.30
1405,88279721488,302.90
1406,17848703775,328.50
1407,103549244755,85.90
1408,18044049476,602.60
1409,276576451,2630.20
1410,17294700775,833.70
1411,4073397355,1171.20
1412,36370357207,242.10
1413,389913609,3970.10
1414,157578507,2060.50
1415,2186029707326,24.30
1416,39473764137,212.60
1417,48487084710,536.30
1418,266648435,4663.30
1419,285979709,1745.40
1420,53370205540,465.60
1421,12403903743,931.80
1422,56912024954,287.80
1423,55679821711,288.10
1424,290547951,3515.40
1425,766878259,1499.10
1426,40198802840,591.50
1427,531084861,5000.00
1428,69836070396,224.50
1429,53370254178,161.30
1430,114724892987,101.70
1431,110957411560,225.60
1432,36370357207,242.10
1433,102003570547,105.70
1434,217153951,2400.90
1435,1983773329,1274.40
1436,294227071,3618.10
1437,181729051,1954.40
1438,20169806896,812.50
1439,208083313,2239.10
1440,15938522491,896.10
1441,38501368486,370.80
1442,85616742084,237.60
1443,6890613206,907.10
1444,25239241631,752.90
1445,8437504698,1007.40
1446,265164514,1790.20
1447,18263806961,637.00
1448,21135806267,479.70
1449,270422916,2639.60
1450,108257145385,104.10
1451,54790620601,364.10
1452,132873545948,240.10
1453,9973344492,843.50
1454,32030155441,585.30
1455,297267372,2202.80
1456,20265099743,821.00
1457,10315996789,774.50
1458,13858662031,645.70
1459,328715449,2517.00
1460,81175307868,296.40
1461,75492644014,130.10
1462,74650822014,81.20
1463,153582463646,173.10
1464,2574469782,1033.70
1465,28653628039,273.00
1466,531084861,5000.00
1467,302873142,2694.30
1468,34545581548,527.80
1469,251314221,4600.70
1470,30566438050,331.00
1471,217326006,2184.10
1472,1695789168,1337.80
1473,47550411710,434.50
1474,56623192280,283.00
1475,23093989836,539.30
1476,245241962,2903.50
1477,72660109150,114.50
1478,77081927033,293.40
1479,531084861,5000.00
1480,47028124655,152.70
1481,226557098803,77.70
1482,111963919200,148.50
1483,310753305,1668.00
1484,16384953775,659.30
1485,37364738363,508.20
1486,396033114,1702.10
1487,36842203055,510.40
1488,310419178,1651.90
1489,7021320369,908.00
1490,38284389579,502.00
1491,247088944,2685.90
1492,36395239735,539.80
1493,1058090016,1365.10
1494,276996513,2201.10
1495,2775301630,1076.70
1496,3368067566,1008.10
1497,47743583400,532.80
1498,120216273416,143.50
1499,69269182181,208.50
1500,531084861,5000.00
1501,2247970335,1066.40
1502,13987451574,888.90
1503,256903695,2733.80
1504,122873568459,201.00
1505,4973063251,952.30
1506,9784374023,828.10
1507,17397853168,812.40
1508,34079743575,681.60
1509,40478819535,555.00
1510,6831069559,1061.50
1511,531084861,5000.00
1512,118753682105,225.00
1513,5694951953,1090.30
1514,331478875,2061.20
1515,25720743743,721.10
1516,1816287529224,30.60
1517,2452238140,1119.50
1518,536413394,1543.10
1519,244184035,2167.00
1520,17294514125,873.90
1521,45591794568,449.10
1522,112078384013,112.50
1523,50922754217,458.80
1524,108292333555,236.30
1525,22727624544,575.30
1526,73385771605,144.80
1527,36649893947,541.20
1528,14440731660,845.20
1529,7203070519,1001.80
1530,231828060,2139.50
1531,55201166202,243.40
1532,22314379698,420.20
1533,87155277197,261.50
1534,424523435,1632.10
1535,17000267206,800.20
1536,1507528514295,27.10
1537,124776957,2770.10
1538,50174766911,439.20
1539,56631992282,210.70
1540,10661606495,708.60
1541,260998302,1951.10
1542,9723601470,648.40
1543,249553718,2903.70
1544,25460704717,726.60
1545,11604751844,697.90
1546,105206272080,115.90
1547,98372106937,322.70
1548,22281095732,696.80
1549,33113851802,323.10
1550,531084861,5000.00
1551,1441105801,1372.30
1552,71777438369,186.50
1553,22111789454,442.20
1554,255294314531,79.50
1555,84778675655,61.30
1556,158249041,1607.90
1557,821965314,1465.70
1558,296817130,2656.30
1559,672021395,1501.00
1560,61572801895,417.60
1561,52916800920,149.60
1562,27779867876,706.80
1563,51263182172,123.40
1564,275370407,2477.60
1565,66767677559,354.80
1566,5245195521,996.40
1567,214505642,2290.20
1568,616801083,1520.30
1569,504545341,1627.10
1570,15294107529,650.40
1571,646342569,1464.30
1572,381156219,1651.30
1573,32665919471,179.10
1574,325157579,3711.90
1575,2400594669426,43.10
1576,4779535342,1046.10
1577,6146438278,569.00
1578,43874885884,591.80
1579,815975734,1416.00
1580,5289305866,1049.80
1581,40176756679,571.90
1582,441264420650,44.80
1583,212137202,2207.70
1584,19276816657,291.90
1585,343405031,1759.30
1586,40313647402,555.70
1587,327476965,2586.70
1588,531084861,5000.00
1589,39473764137,212.60
1590,44597922123,242.00
1591,1276354922073,14.80
1592,766746984,1357.00
1593,10315996789,774.50
1594,531084861,5000.00
1595,18775345422,631.40
1596,531084861,5000.00
1597,499335067,1521.60
1598,5776026696,1104.40
1599,87399524539,345.60
1600,29198920110,486.70
1601,27087027458,725.00
1602,63419494222,150.80
1603,48551605548,156.70
1604,28588494154,398.30
1605,9533055974,967.60
1606,244572791,4703.70
1607,32977571921,337.80
1608,4845541326,1141.40
1609,98822140318,276.00
1610,298515901,2066.80
1611,41930823187,314.10
1612,844723412,1422.30
1613,223114543,2170.20
1614,20452349020,439.30
1615,652260298,1386.30
1616,273634018,3569.60
1617,123085967513,169.40
1618,123584241297,120.30
1619,29173839028,474.70
1620,44150484999,189.50
1621,57238116886,123.00
1622,109366853,1950.60
1623,10695773959,952.40
1624,531084861,5000.00
1625,271606245,2817.40
1626,222318704,2151.20
1627,23009340859,707.90
1628,71298427708,411.20
1629,13371145094,923.80
1630,311718283,2126.40
1631,54067258133,481.40
1632,55848337805,177.40
1633,91213251722,246.20
1634,261747596,4306.80
1635,116963188,2159.10
1636,9648825803,956.00
1637,1131622240,1399.10
1638,1839797981,1283.00
1639,28995882563,606.40
1640,5514424733,1095.70
1641,291871682,2990.90
1642,367414045,1619.70
1643,51611872398,299.10
1644,292265273,1783.30
1645,10082384621,772.60
1646,2334741173,1268.10
1647,244266065,2254.50
1648,282393932,2259.00
1649,572204598,1493.10
1650,1665210192,1221.60
1651,259429938,2277.10
1652,5727356799,970.50
1653,16868558041,510.80
1654,255233916456,68.80
1655,531084861,5000.00
1656,20614248505,605.00
1657,5197179700,1102.40
1658,105597788648,69.80
1659,51112775178,445.60
1660,634368669,1481.40
1661,20393994651,717.60
1662,38512449897,395.40
1663,136022197456,97.90
1664,30551766278,312.20
1665,28429641892,716.10
1666,5270848183,1125.10
1667,47576960031,80.80
1668,58850563650,414.10
1669,244843408,1615.30
1670,38464025395,171.30
1671,431446692,1434.20
1672,223568297,2150.80
1673,380768364,1371.50
1674,10817835058,910.00
1675,90478513783,73.50
1676,296483085,3099.60
1677,6319973424,1038.70
1678,338966559,1756.20
1679,12030351809,980.90
1680,1125229049682,43.70
1681,35548060796,525.50
1682,308359700,1754.50
1683,202257030690,66.70
1684,5341970277,1048.10
1685,199972608,1842.50
1686,21869900530,695.40
1687,181304388205,56.00
1688,41132754943,589.10
1689,4595721768,1065.30
1690,539567468964,40.20
1691,76236741913,332.00
1692,14475046088,722.20
1693,15351554650,621.70
1694,43822825188,279.00
1695,12537309864,859.70
1696,38217422642,496.20
1697,144812755583,100.50
1698,3109813185,1183.70
1699,193685796665,72.30
1700,148432747,2485.30
1701,65174585062,362.20
1702,101848519381,103.30
1703,224325624,4106.50
1704,297171369,1860.70
1705,2507956574483,5.00
1706,17328626350,794.50
1707,2247410900,1296.10
1708,512357445,1608.00
1709,1408599468,1394.80
1710,35060856464,663.00
1711,121089063158,204.40
1712,469758054,1583.10
1713,12240883048,779.90
1714,3621333090,1112.00
1715,157013034,2532.60
1716,219413891,4303.70
1717,121973845853,80.50
1718,50087739562,439.80
1719,21360778540,269.50
1720,40868249163,606.80
1721,6561003110,1029.30
1722,1468225764,1351.70
1723,100289245330,302.00
1724,223720187,4312.20
1725,230752396,1903.10
1726,320236984,1640.10
1727,13230476648,620.10
1728,8361350038,1015.70
1729,132505075405,91.50
1730,17484583503,617.70
1731,65616244549,398.20
1732,92390744407,300.90
1733,693122150,1474.10
1734,556233435,1535.40
1735,153494820181,109.10
1736,131292495514,145.20
1737,2124747094077,8.80
1738,91838816546,87.10
1739,51216904967,532.50
1740,60813524532,423.80
1741,292478782,1786.50
1742,150640351891,101.30
1743,6090972346,909.60
1744,266714062,2905.30
1745,72960128553,339.30
1746,118040124374,232.40
1747,254517094,3003.50
1748,31379170340,403.10
1749,1011978809,1466.40
1750,103031765716,135.20
1751,14034184462,747.80
1752,9520222717,841.30
1753,131997378667,74.60
1754,322423338,1790.90
1755,83911773011,265.40
1756,13975733049,861.10
1757,128830051689,185.60
1758,178804023,3054.70
1759,10934034753,808.90
1760,33981300993,400.50
1761,15138506578,694.50
1762,19068514610,786.60
1763,274073958,1903.20
1764,271405567226,99.90
1765,30788601948,349.80
1766,34052757466,570.90
1767,8561433387,1016.40
1768,367127980,3113.10
1769,1368227781,1330.20
1770,299530867,2367.70
1771,2716488151367,5.10
1772,107349428552,268.10
1773,90478513783,73.50
1774,531084861,5000.00
1775,531084861,5000.00
1776,282639019,2901.30
1777,531084861,5000.00
1778,45656326721,282.50
1779,12342811094,640.10
1780,41761159388,186.00
1781,57214816210,216.90
1782,140374779524,127.00
1783,72520791087,87.00
1784,100404688,1858.80
1785,25011037632,533.40
1786,222713913,1839.70
1787,20394044625,829.80
1788,531084861,5000.00
1789,1772244058,1266.50
1790,1236800191,1422.90
1791,37017151384,574.30
1792,207841998,2566.30
1793,50506299398,426.60
1794,16906337865,608.70
1795,307746975,4717.30
1796,85221975102,330.40
1797,50889467541,247.00
1798,254828594,1753.70
1799,65988885161,383.80
1800,132096816029,142.70
1801,111998086708,243.10
1802,531084861,5000.00
1803,311301450,1730.30
1804,253000503,3502.60
1805,369434800,1691.80
1806,11694121406,921.70
1807,40774206897,356.40
1808,473389211,1629.70
1809,268456814,3770.70
1810,33588744728,398.90
1811,94249005527,298.50
1812,20787821157,818.40
1813,588399608,1585.70
1814,97227973455,248.20
1815,89444441121,282.90
1816,16193826033,833.20
1817,117742070963,139.40
1818,924154033,1430.90
1819,34220155251,639.30
1820,52731556150,392.60
1821,133734299686,62.80
1822,97579218287,75.40
1823,67036119873,365.20
1824,277867362,2274.60
1825,193382245,1844.00
1826,24151502093,348.90
1827,3140415441,1192.20
1828,66283022474,321.80
1829,55055610477,379.80
1830,2823580094,1188.00
1831,16868558041,510.80
1832,309671844,2201.60
1833,21377016952,718.80
1834,35717260502,387.90
1835,39813577275,626.60
1836,35968993427,281.70
1837,920627666,1475.80
1838,38535579355,275.90
1839,15053077239,725.40
1840,531084861,5000.00
1841,226212257,1839.40
1842,345030781,3124.10
1843,930888744492,25.20
1844,130277229883,234.60
1845,6908195021,1059.80
1846,127377306533,148.40
1847,52615224894,299.70
1848,42055888900,205.00
1849,8699401082,981.30
1850,627190603,1548.80
1851,22222555182,483.20
1852,308963784,3326.20
1853,29573672824,682.80
1854,531084861,5000.00
1855,5691964573,1056.60
1856,246681587,1804.70
1857,5601147576,1011.90
1858,216271967,2312.20
1859,2409875912,1073.70
1860,8056787908,815.20
1861,531084861,5000.00
1862,116125370121,185.80
1863,72687775699,72.90
1864,79424999870,285.30
1865,55012387929,467.90
1866,22085361128,709.90
1867,3331992349,1221.90
1868,29618801683,450.90
1869,317959448,1740.40
1870,64332051543,426.70
1871,43141986692,602.50
1872,5982334326,898.50
1873,265075279983,58.20
1874,99071490131,262.90
1875,16876450402,573.30
1876,18932604735,799.70
1877,103105540006,104.00
1878,109919474806,196.90
1879,19980088452,582.40
1880,7892046741,1034.90
1881,85844041518,352.10
1882,309708957,3802.40
1883,98257502122,314.30
1884,120964895726,205.80
1885,82268877060,371.00
1886,99367232291,55.00
1887,28465002181,669.00
1888,11854722835,794.30
1889,47640973221,457.50
1890,13450723866,718.10
1891,1923015863,1113.70
1892,13725374708,954.50
1893,300399108,4101.10
1894,315199489,1772.80
1895,412680086,1687.30
1896,26329879358,627.30
1897,9017978011,692.10
1898,57101544790,416.30
1899,37134879337,221.60
1900,6001106791,1097.10
1901,263923237,1564.30
1902,12230467178,932.50
1903,138097286859,171.20
1904,8834868651,883.10
1905,142931123,2441.90
1906,1975852384237,34.40
1907,1534656502,1321.40
1908,9038774781,848.30
1909,965957930,1386.80
1910,620585496,1561.30
1911,531084861,5000.00
1912,45853281225,261.90
1913,158781731,4106.30
1914,3273116182,1155.40
1915,384790023,3162.30
1916,531084861,5000.00
1917,16691981072,570.40
1918,92226087119,343.50
1919,20624353168,818.30
1920,180474101648,56.50
1921,5376371315,1078.30
1922,123994802676,108.20
1923,268700448,2446.60
1924,12748588770,889.90
1925,43718486609,503.70
1926,3399678251068,19.90
1927,306748748,3490.10
1928,137343547,2303.00
1929,263730262,1851.80
1930,14384093345,824.80
1931,2985846642803,13.60
1932,8141612689,1019.30
1933,235949775289,56.20
1934,102124862038,208.40
1935,14617687219,830.00
1936,142109712929,183.20
1937,22076737339,800.70
1938,531084861,5000.00
1939,56648996823,408.10
1940,5678241303,987.40
1941,306671055,2195.80
1942,4563752775,1099.80
1943,5672070965791,7.50
1944,319249794,3663.20
1945,20287530510,559.40
1946,119908078,2262.30
1947,5329996123,826.60
1948,226711552,2036.80
1949,36510706196,333.20
1950,305498726,1802.30
1951,319409342,4689.20
1952,4816171219,1095.30
1953,261133658,1969.50
1954,520019130,1592.40
1955,14347279803,942.70
1956,31197243103,248.90
1957,35917961984,368.30
1958,2427439697,1212.90
1959,61307303308,406.90
1960,531084861,5000.00
1961,5617882456,786.40
1962,266562799,1600.10
1963,198866242154,50.60
1964,1293269496,1359.50
1965,40639397741,557.90
1966,257742103,1810.60
1967,5533275414,1032.30
1968,345030258,3723.90
1969,62005666791,369.90
1970,247564255,2311.60
1971,128859252997,51.30
1972,77080701885,174.40
1973,1467939520,1345.30
1974,73264185556,57.70
1975,1288121644,1358.80
1976,33460899609,604.50
1977,1546209947,1375.40
1978,36524320030,644.30
1979,33477244089,658.50
1980,111213634273,242.50
1981,49395431326,546.70
1982,58379669068,470.10
1983,21609047718,553.70
1984,21809150481,792.50
1985,16477011413,899.90
1986,297316443,4651.30
1987,333370472,1663.80
1988,42572587897,254.60
1989,51360335266,471.60
1990,101153189512,245.90
1991,907786424,1469.90
1992,140787571237,150.10
1993,324447861,3256.90
1994,17685877596,517.90
1995,531084861,5000.00
1996,755463146,1439.90
1997,108759854871,177.50
1998,118685062186,119.00
1999,60907758540,112.70
2000,39882923254,300.40
2001,51909036836,515.80
2002,134432698,2249.90
2003,52304201535,217.50
2004,41541290773,451.30
2005,8893961093,831.60
2006,85487873171,335.20
2007,10004497897,715.20
2008,23417674719,787.30
2009,2400711228,1225.10
2010,83712365755,281.80
2011,55414489548,382.70
2012,1083143405663,27.30
2013,34675272036,603.70
2014,255243364,3069.40
2015,949685505,1318.50
2016,3388328357,1153.60
2017,230491469347,76.80
2018,745872872,1454.40
2019,14265236782,362.40
2020,30091764472,419.30
2021,80163586994,367.90
2022,125385112,2279.30
2023,3202886661,1048.20
2024,213424567,2462.80
2025,39008523174,493.70
2026,13752989603,845.80
2027,26380501907,408.20
2028,10897585789,784.90
2029,280596783524,84.70
2030,334732058,3567.20
2031,93407181541,97.30
2032,317745385,2115.30
2033,52359250849,438.90
2034,8175750504,887.00
2035,68579456956,50.20
2036,54972059644,260.60
2037,26088195471,420.10
2038,549790392,1438.60
2039,5037276823,1081.90
2040,1722042230,1170.20
2041,254661791,2260.60
2042,1971404944,1305.60
2043,7643289203,998.30
2044,245015141,2113.70
2045,56920993912,192.20
2046,146688429766,131.30
2047,4498562214,1144.70
2048,86729425473,302.10
2049,56920993912,192.20
2050,59802082074,208.60
2051,1668496255,1358.30
2052,75317752015,359.90
2053,11639190791,955.60
2054,30364410864,571.40
2055,4746573237,1074.20
2056,283210665,4128.30
2057,15379388945,679.80
2058,321871415,4085.20
2059,225175205223,70.80
2060,2161102868,1248.30
2061,5241114166,1022.90
2062,45435175439,331.40
2063,13294086558,934.20
2064,143963888071,151.30
2065,23894474296,312.10
2066,87550729597,258.60
2067,8674994905,884.40
2068,16830620519,419.80
2069,32027455019,345.70
2070,4499001582,1106.80
2071,4974073322,1130.20
2072,10059151046,840.50
2073,39403039273,613.70
2074,45307645846,563.60
2075,37715197468,619.30
2076,62997031819,233.10
2077,1688251680,1347.70
2078,28389976618,268.00
2079,2367221506147,30.20
2080,46949232783,257.20
2081,18488163687,497.90
2082,11923273883,912.60
2083,310703493,1779.50
2084,1420656668,1308.10
2085,7435454746,1039.00
2086,1863513843333,5.80
2087,2001809295007,19.40
2088,329253199,2325.20
2089,18016048203,804.30
2090,52973237361,195.80
2091,35576387694,339.50
2092,144395885833,157.10
2093,127639518127,168.70
2094,3026879665,1010.80
2095,46829183251,258.70
2096,38837197605,578.10
2097,345075624759,40.50
2098,531084861,5000.00
2099,4259425059,951.80
2100,11272705695,821.50
2101,531084861,5000.00
2102,70042949384,179.60
2103,16480868160,668.30
2104,87405994181,53.60
2105,252287317,3928.30
2106,2746205922,1245.80
2107,920770943621,39.10
2108,42890255244,236.00
2109,987433784,1398.50
2110,35654316923,184.60
2111,4569264426,1102.80
2112,1940920077,1256.60
2113,226163185,4316.90
2114,11651630497,666.70
2115,22709261284,815.00
2116,124027347398,67.90
2117,69836070396,224.50
2118,531084861,5000.00
2119,5571390094,1085.30
2120,285752165,2899.30
2121,142873299256,170.90
2122,218394839,1957.50
2123,6365316078,938.80
2124,224817428769,57.50
2125,77957850494,105.50
2126,1279675536,1356.10
2127,57492025803,235.30
2128,75083162649,152.30
2129,5727356799,970.50
2130,56368999977,474.20
2131,65861329233,312.00
2132,91713086,1938.50
2133,44203197021,284.10
2134,125061781999,118.20
2135,90392392046,217.60
2136,79605677351,141.20
2137,8137959809,1004.90
2138,4583226982,1155.50
2139,12543791702,928.30
2140,3851170322,1192.50
2141,286156337,3689.80
2142,2834657545,1170.90
2143,5796894023,1074.80
2144,18850892275,857.20
2145,6421023023,870.40
2146,19098998869,494.70
2147,37321272538,273.70
2148,77574082419,385.30
2149,20287530510,559.40
2150,38850524755,297.00
2151,14243475885,723.50
2152,1530339554,1376.70
2153,34731926992,581.00
2154,20102668437,828.70
2155,26491551607,450.40
2156,4611063813363,17.40
2157,114984928872,75.30
2158,18224015042,666.30
2159,511811389,1571.20
2160,3380505258,1222.80
2161,359041152,3400.90
2162,47622319137,453.10
2163,132466102447,237.40
2164,236093666,2215.10
2165,71463457472,115.40
2166,328836978,3396.80
2167,50795548638,222.60
2168,26521699922,657.60
2169,263562962,1846.80
2170,38809173268,604.00
2171,5140562055,1107.20
2172,3995581454,1180.30
2173,1025599611,1415.60
2174,304690078,4393.90
2175,56974123793,204.20
2176,30480696927,633.50
2177,278256015,1851.00
2178,2286627390856,33.10
2179,685478606486,47.60
2180,1146748195,1407.80
2181,316946772,4617.80
2182,384314865,1616.70
2183,267583143,2391.80
2184,294500358,2398.10
2185,66335020221,414.00
2186,2267917147855,35.40
2187,22065819386,814.40
2188,42718940467,458.70
2189,146214668883,140.50
2190,96800053834,202.90
2191,253741411,3471.70
2192,217698177,2592.40
2193,18328764445,492.70
2194,43374350621,479.90
2195,24965558942,306.10
2196,27159249501,667.40
2197,5522214068,1026.90
2198,324980910,2600.70
2199,100825540908,282.60
2200,76760544327,368.20
2201,531084861,5000.00
2202,238377122150,75.20
2203,531084861,5000.00
2204,86071143202,307.20
2205,29198920110,486.70
2206,531084861,5000.00
2207,31343423787,615.00
2208,148901906197,127.50
2209,7141577652,1010.10
2210,13731246598,941.60
2211,19750781826,832.60
2212,52437458077,134.70
2213,238843072,1915.10
2214,703702593,1478.00
2215,26693585243,486.20
2216,21360778540,269.50
2217,537603664184,30.80
2218,245835396,2644.10
2219,78693288504,160.10
2220,40862988733,474.00
2221,222114593,2387.30
2222,31651835255,447.20
2223,531084861,5000.00
2224,94289801570,97.80
2225,99642479940,55.10
2226,2450852327,1250.60
2227,321256905,4040.50
2228,50485759520,185.30
2229,89758934878,75.90
2230,5214595975,1077.30
2231,35953946788,185.40
2232,1194873097184,8.30
2233,37660435890,618.30
2234,28573958919,656.60
2235,57304434135,462.10
2236,30319706161,682.50
2237,766746984,1357.00
2238,61275895301,207.90
2239,14420684877,935.00
2240,139657567411,111.00
2241,43867098905,580.70
2242,130327718215,137.00
2243,317647852,2831.50
2244,531084861,5000.00
2245,124634805710,222.40
2246,273477090,2530.90
2247,21604386316,767.60
2248,134599063520,73.20
2249,9144310159,677.60
2250,30409910493,588.40
2251,89418828007,52.20
2252,531084861,5000.00
2253,28686479763,595.40
2254,28227850302,714.30
2255,3499881559,1207.70
2256,1317817898,1388.50
2257,61371259748,397.30
2258,14307752420,912.20
2259,13590918807,908.40
2260,77963991381,312.50
2261,1464840620,1334.70
2262,136001728580,93.40
2263,11552985826,634.70
2264,51192969216,154.50
2265,54496140601,444.50
2266,531084861,5000.00
2267,57716540629,156.10
2268,315594093,3540.20
2269,50086221468,133.60
2270,38954651936,265.50
2271,54457171663,187.30
2272,270970033,2994.00
2273,25981509075,746.40
2274,531084861,5000.00
2275,12548444386,778.30
2276,70222873578,354.90
2277,5894256900502,8.70
2278,41422029212,347.60
2279,28332904448,720.60
2280,44007757382,291.20
2281,44193320736,428.90
2282,38423513516,488.70
2283,48587383627,471.70
2284,338431555,3013.70
2285,78051766682,389.70
2286,14976449135,607.60
2287,55259540638,476.30
2288,2025396039,1283.70
2289,946034479,1417.60
2290,285684243,1812.60
2291,34222035300,165.30
2292,3128158090333,0.20
2293,20025780895,814.60
2294,32365559245,695.80
2295,271855598858,94.90
2296,91141456525,278.40
2297,57424434420,471.80
2298,15069826704,644.60
2299,357680005,1659.40
2300,35080461213,615.70
2301,214088883,2410.30
2302,14306010235,703.50
2303,531084861,5000.00
2304,37284030060,339.20
2305,90561000440,321.50
2306,750326450893,36.00
2307,205946520681,56.40
2308,328025755,2944.40
2309,49826764775,255.60
2310,3494398492,1198.50
2311,142277678141,184.80
2312,300152400,3174.80
2313,40274550524,575.20
2314,383118249,1684.20
2315,278925728,4356.70
2316,45811151407,548.20
2317,4446740045,967.70
2318,5357538507,1114.70
2319,22357961417,820.10
2320,36483874956,555.10
2321,301616166,4875.00
2322,19043008449,795.10
2323,232808006,2318.10
2324,81172296780,135.40
2325,289208882,2344.70
2326,207053324,2221.80
2327,10059151046,840.50
2328,40926093760,292.80
2329,130047859690,68.00
2330,1482651261317,15.70
2331,80693787924,302.70
2332,23900162927,401.70
2333,97168483767,241.20
2334,9635694581,645.40
2335,86093810441,361.90
2336,125190784996,154.80
2337,46861286344,572.40
2338,328627158,2868.80
2339,100617040199,54.90
2340,531084861,5000.00
2341,46303555386,483.50
2342,522506926,1560.60
2343,37921729109,294.10
2344,8656933726,816.00
2345,679595494,1525.20
2346,3497486079,1170.40
2347,247886167,3523.50
2348,401695462,1679.80
2349,45631006342,163.10
2350,68660199549,85.70
2351,28764436950,738.20
2352,126618925,2565.10
2353,380959113,1679.70
2354,1076691065143,12.90
2355,1757476865,1279.50
2356,253158013,4228.10
2357,2226154068,1241.70
2358,531084861,5000.00
2359,412050286,1570.20
2360,325159904,2091.50
2361,102295844028,310.30
2362,266371479,1775.50
2363,531084861,5000.00
2364,703071811629,46.60
2365,122814620,1809.20
2366,131476117,1773.60
2367,1796967746,1266.00
2368,79459787520,304.80
2369,39160844585,495.40
2370,381393416,1711.40
2371,46800551087,428.80
2372,215115954,4808.00
2373,39611858176,135.60
2374,33045328045,621.60
2375,70480717969,364.20
2376,14547822186,919.30
2377,27039444353,636.20
2378,36176480482,643.40
2379,1274423507,1413.00
2380,861622669,1420.50
2381,30366520583,410.60
2382,3344326313,1015.10
2383,222297813,2330.30
2384,5755756747,789.10
2385,43596270320,473.10
2386,438457845,1657.20
2387,248644326706,97.50
2388,33232982306,543.00
2389,247646354,4313.40
2390,36735762383,619.70
2391,13268551736,697.00
2392,3540254767,908.80
2393,911850685832,41.50
2394,15744112159,869.80
2395,1084803567,1268.40
2396,201170929,1819.00
2397,531084861,5000.00
2398,7900695087,839.50
2399,10314452724,752.30
2400,21019718499,458.40
2401,255067940,1799.20
2402,3754222843,1168.70
2403,102180212874,185.00
2404,17386187272,390.30
2405,69516290787,175.20
2406,46583626519,224.30
2407,113397448379,192.90
2408,3880974106,1179.80
2409,531084861,5000.00
2410,282766706,1789.50
2411,97842021946,268.50
2412,374729178,1634.50
2413,15142802169,443.70
2414,340614435,3103.30
2415,8893961093,831.60
2416,908214091,1436.40
2417,104251318292,146.60
2418,90442509909,289.60
2419,286369060,2772.70
2420,115936163326,131.00
2421,1344045392,1397.20
2422,593668319998,26.00
2423,65866134132,397.70
2424,26017948149,753.70
2425,531084861,5000.00
2426,283625461,1897.00
2427,297732733,1827.70
2428,6379940263,959.80
2429,3289298610646,4.00
2430,1817817387,1289.50
2431,16775251846,789.50
2432,34797330791,605.90
2433,141793007216,220.40
2434,35717260502,387.90
2435,296905932,2430.20
2436,23621762078,791.30
2437,16691981072,570.40
2438,12589147255,782.00
2439,130995277708,191.80
2440,93860998838,295.50
2441,734783361,1495.20
2442,43373858143,323.40
2443,5154827775,958.00
2444,243032662562,54.10
2445,2499335650,1136.70
2446,260517208,4164.00
2447,2086985819,1225.90
2448,1383632405,1319.70
2449,27286142483,311.20
2450,32543090691,706.10
2451,236724394176,78.00
2452,84324461510,252.40
2453,531084861,5000.00
2454,17941173346,810.60
2455,243412757,2540.50
2456,531084861,5000.00
2457,48997736628,118.40
2458,29779668450,429.30
2459,245269917,1881.30
2460,292196687,2066.50
2461,1348574273022,23.80
2462,531084861,5000.00
2463,531084861,5000.00
2464,25982297690,535.00
2465,107328181849,278.70
2466,44492968538,562.00
2467,531084861,5000.00
2468,105880422767,258.20
2469,36956908462,563.70
2470,281732545,3440.70
2471,8272219424,972.40
2472,304376510,2380.20
2473,1527889961,1377.40
2474,27321704449,612.60
2475,986696514237,39.40
2476,11926378500,538.10
2477,1433115492,1344.40
2478,81791544855,286.00
2479,1246463907391,46.70
2480,245413925,1989.60
2481,291257533,2656.00
2482,9723601470,648.40
2483,6537747180,1036.10
2484,8651967192,796.50
2485,30018401176,607.80
2486,531084861,5000.00
2487,531084861,5000.00
2488,45786707530,476.70
2489,269583259,1860.50
2490,50824354470,149.10
2491,98050273313,253.20
2492,56756236590,496.90
2493,3968639089,1156.80
2494,21928754590,827.90
2495,10016657524,773.10
2496,13556051139,743.90
2497,27120917090,634.10
2498,31396302822,330.10
2499,14505200428,873.10
2500,22946335879,708.80
2501,11220839854,987.90
2502,22234090613,538.30
2503,72005758490,176.50
2504,302116737,1787.00
2505,287635645,3465.30
2506,135083549828,221.30
2507,48990008217,508.80
2508,16807726298,695.90
2509,108274632323,94.20
2510,123004245082,246.70
2511,236119493,2445.10
2512,28201127090,674.70
2513,26075889483,407.70
2514,231468356982,95.70
2515,253841439,2564.50
2516,326860699,1790.80
2517,5763705487,881.60
2518,57941191099,353.40
2519,12891265039,907.60
2520,11489633526,705.70
2521,141231821876,92.20
2522,531084861,5000.00
2523,8926729344,752.80
2524,30608297115,651.00
2525,21943245569,724.30
2526,22331467337,789.20
2527,323252735,1635.60
2528,17006779896,889.30
2529,41029810583,510.10
2530,22251680150,718.90
2531,3337947275,1003.00
2532,2160085256815,46.80
2533,964303288,1476.50
2534,53058985824,491.70
2535,107179697491,111.70
2536,95410565709,262.00
2537,61696477273,108.30
2538,51706109942,444.10
2539,221948663,2828.30
2540,213297147,4185.60
2541,531084861,5000.00
2542,77302407728,118.30
2543,202305918,1957.00
2544,311560872,2239.60
2545,356078945,3220.80
2546,36225190399,197.40
2547,36914739044,551.50
2548,3469833639,1181.70
2549,237894363,1886.90
2550,288129674,4330.10
2551,53608604327,511.60
2552,43679398316,235.80
2553,130123838426,215.70
2554,6144936926922,6.60
2555,38284311794,162.20
2556,103850208709,237.50
2557,47660377592,486.00
2558,214519389,4058.10
2559,7690004293,843.60
2560,3579936232,1145.60
2561,32076116050,638.40
2562,84367711108,250.50
2563,15315772339,369.70
2564,71970622223,187.20
2565,21030714288,604.10
2566,1637798158904,46.40
2567,1459817723,1376.30
2568,312856962,2020.50
2569,9211321003,962.30
2570,32081820529,700.70
2571,223530625,1834.90
2572,253996916,2430.50
2573,89758934878,75.90
2574,150831694997,180.80
2575,8057422565,862.10
2576,236678616,2498.40
2577,7898835544,828.60
2578,21850636262,810.90
2579,1742743960,1154.10
2580,35336381767,267.40
2581,531084861,5000.00
2582,11572885706,908.10
2583,15180704705,463.70
2584,9305889622,801.20
2585,6421023023,870.40
2586,26450825809,432.90
2587,133921732,1822.90
2588,55110443282,154.30
2589,376604391,1473.60
2590,46217670033,469.50
2591,359044042,3421.80
2592,271898161,2385.20
2593,115089211538,265.90
2594,8296873726,651.80
2595,223744324,1766.60
2596,22552951303,821.40
2597,22007734276,759.70
2598,73946066917,111.50
2599,2026137726,1263.50
2600,5636512481,1070.10
2601,299759724,1847.90
2602,125737129662,52.80
2603,50185418037,267.80
2604,20447708610,838.10
2605,42665739692,264.50
2606,29731756660,628.80
2607,968135754,1460.70
2608,234314631,1769.00
2609,29827921948,711.10
2610,16084522341,913.40
2611,973920966,1464.40
2612,356580192,1723.30
2613,313360070,2751.60
2614,97067438568,264.70
2615,65459502014,365.80
2616,2021824470,1289.10
2617,16807726298,695.90
2618,1361850402,1403.10
2619,274946394,1983.50
2620,1964538955042,6.20
2621,30448488990,113.10
2622,10855234670,982.30
2623,531084861,5000.00
2624,326087863,1797.70
2625,240347551,2944.10
2626,238353519,1768.40
2627,81005410629,279.90
2628,102281519929,60.50
2629,531084861,5000.00
2630,275824234,3276.20
2631,345083585,1630.50
2632,777072996545,18.10
2633,296402165,2160.00
2634,128640878275,214.50
2635,42533812124,533.80
2636,114354347394,268.30
2637,262449711,2582.70
2638,531084861,5000.00
2639,531084861,5000.00
2640,249281572,1892.50
2641,44597922123,242.00
2642,17425708222,830.20
2643,4029140248,1021.30
2644,267878467,2019.30
2645,2819921787,1036.60
2646,8814859562,766.40
2647,2780470251,1001.40
2648,389953780,3025.20
2649,255875667,2405.10
2650,166596793,2009.20
2651,2414673653,1202.90
2652,242519104,1867.10
2653,38634444621,103.80
2654,84778675655,61.30
2655,51995644845,535.50
2656,971321687,1398.60
2657,114076856540,117.40
2658,1245221234027,32.50
2659,194511886149,71.60
2660,315264941,1637.10
2661,2784220945,1235.70
2662,66811926020,119.60
2663,808213777,1451.80
2664,7690004293,843.60
2665,14838870904,684.60
2666,99948104412,264.40
2667,34285031785,307.50
2668,39611858176,135.60
2669,124636273,1850.80
2670,30502181936,703.70
2671,12717430079,964.60
2672,48527999144,306.40
2673,41447772217,531.10
2674,60039509743,356.00
2675,2333477380,1228.80
2676,33642596814,544.90
2677,531084861,5000.00
2678,531084861,5000.00
2679,22185811369,571.70
2680,68799047232,145.80
2681,2820495629,1233.90
2682,278317494,4031.80
2683,83516229858,96.30
2684,531084861,5000.00
2685,273461066,1974.20
2686,34770217231,590.00
2687,60331006642,196.70
2688,6061133171,1020.10
2689,1835985731131,29.20
2690,21848664213,514.10
2691,184103454,1654.10
2692,397641227,1689.50
2693,14521282353,867.40
2694,25383067939,389.10
2695,153131717,2061.90
2696,366230271,1616.20
2697,124474282494,130.60
2698,278989068,2682.00
2699,209406214,1978.70
2700,7604634133,811.90
2701,71117236138,391.70
2702,544352812,1508.90
2703,12840092923,683.20
2704,137867318221,138.10
2705,12753053380,863.00
2706,12160956580,969.40
2707,11894476236,739.60
2708,245867817,2718.70
2709,5825557782,1002.40
2710,6107406417,1046.20
2711,380350878,3737.00
2712,10225026703,921.10
2713,2388608681680,26.10
2714,229976499,2271.70
2715,196997962549,72.80
2716,288901052,2493.70
2717,671109414,1495.00
2718,40210938849,475.80
2719,34201907687,386.30
2720,11604751844,697.90
2721,136675042379,92.40
2722,30551766278,312.20
2723,233635127,2020.30
2724,35101686283,520.40
2725,139372040540,173.60
2726,2171856620944,21.60
2727,531084861,5000.00
2728,16974486384,769.30
2729,108392826157,198.60
2730,81969095214,308.30
2731,19785771357,514.20
2732,41069235663,262.70
2733,771103874,1491.00
2734,102294019799,124.90
2735,300130943,3317.80
2736,138413975788,73.80
2737,8057422565,862.10
2738,112580299,2110.60
2739,44089134268,442.50
2740,531084861,5000.00
2741,411789165,1599.70
2742,17076385434,362.60
2743,253162903,4600.20
2744,531084861,5000.00
2745,659635079948,42.80
2746,110222468073,137.90
2747,250703581,4313.60
2748,10685390062,970.40
2749,302965420,2232.80
2750,12397136217,915.40
2751,1490821622,1316.30
2752,101885112406,281.50
2753,53342764252,266.20
2754,20452349020,439.30
2755,30497922117,379.70
2756,7335626209,1021.80
2757,20244542673,520.20
2758,208799525403,90.80
2759,14796697696,926.80
2760,50832570363,478.80
2761,304711324,2902.10
2762,316483137,2531.60
2763,152346256,1686.00
2764,308225689,3047.60
2765,531084861,5000.00
2766,32242852081,341.70
2767,328020616,2915.00
2768,8915751509,505.10
2769,40343054265,466.10
2770,32589381123,656.70
2771,6954776180,1063.10
2772,307496303,3234.80
2773,312290378,1538.50
2774,49137830068,135.90
2775,120187908861,143.90
2776,18276599505,529.70
2777,393637744,3505.40
2778,71981681385,216.10
2779,1602452843906,23.30
2780,63598422286,409.30
2781,1426307543,1313.60
2782,117744019027,228.00
2783,5825304810515,18.70
2784,34081707955,265.10
2785,280247906,1939.50
2786,86886647444,347.20
2787,27358529942,637.90
2788,283139690,1782.70
2789,9763462814,982.50
2790,34086286817,388.60
2791,61695839541,373.50
2792,777405441,1480.30
2793,3687594168,995.70
2794,45878883769,224.90
2795,531084861,5000.00
2796,4343775944149,8.60
2797,295432422,2087.70
2798,41535363282,556.40
2799,341598845,1743.40
2800,6841755840,841.60
2801,491915055,1437.50
2802,531084861,5000.00
2803,76640973108,343.00
2804,31051233551,385.90
2805,84466702112,363.00
2806,34685894538,283.80
2807,21220095791,508.60
2808,15299530497,897.70
2809,531084861,5000.00
2810,4490386360,1160.30
2811,133450504048,114.40
2812,202752120,1973.00
2813,10977084754,987.30
2814,531084861,5000.00
2815,231194769133,66.20
2816,17922229291,875.00
2817,27822999928,402.80
2818,7270025131,703.00
2819,12177625008,628.70
2820,47934494937,484.70
2821,289807954,3770.50
2822,296343092,1811.50
2823,739104969,1450.70
2824,43593216160,539.20
2825,38101491806,347.00
2826,118304708127,255.50
2827,77080701885,174.40
2828,18780441574,554.50
2829,42989119811,241.70
2830,22581028517,325.60
2831,358263446,3844.40
2832,8342860943,587.60
2833,5129288879,1129.40
2834,17046522150,561.20
2835,213733582199,86.70
2836,219569284,2432.50
2837,218618287,2103.10
2838,149037007098,154.00
2839,14250352506,875.30
2840,4387385377,1122.80
2841,101131078682,181.20
2842,33625071957,333.30
2843,245809435,1808.80
2844,123463164542,109.40
2845,25772961820,508.40
2846,28342638710,277.50
2847,15358004264,806.50
2848,110276469177,113.00
2849,120274964851,187.80
2850,50827505929,163.90
2851,34086286817,388.60
2852,17848703775,328.50
2853,145595072,2036.20
2854,72079798726,162.40
2855,321594327,1666.30
2856,18875123661,781.30
2857,29882760698,683.00
2858,122003353784,150.90
2859,1017690031,1227.40
2860,110979118403,76.60
2861,138366259,2053.00
2862,9002546580,991.20
2863,278216410714,75.80
2864,3711576781,1117.30
2865,68660199549,85.70
2866,85291056472,334.70
2867,67455133391,104.30
2868,19276816657,291.90
2869,64656422429,176.90
2870,58881867211,468.40
2871,309057525,1650.70
2872,2352684416,1144.00
2873,288356878,3692.20
2874,40540813708,494.60
2875,156474357124,119.80
2876,531084861,5000.00
2877,63273064535,436.40
2878,7471045270,1008.50
2879,81172296780,135.40
2880,10631758904,929.70
2881,308445556,2305.20
2882,223787569,2869.20
2883,14652154590,710.90
2884,59869071473,371.10
2885,293489790,3903.70
2886,22587711033,714.00
2887,1072103664,1419.60
2888,126618925,2565.10
2889,60953168027,430.90
2890,16480868160,668.30
2891,54509481344,447.60
2892,1742743960,1154.10
2893,13743491571,926.10
2894,93294234489,87.60
2895,17848703775,328.50
2896,8296873726,651.80
2897,12410554491,770.20
2898,5526391658,944.00
2899,30951887233,684.20
2900,44073339565,586.40
2901,379624739,3593.20
2902,15180704705,463.70
2903,27897675257,601.50
2904,254487842,3334.60
2905,2499335650,1136.70
2906,1073397462,1381.80
2907,43102167696,511.10
2908,241571672,2601.10
2909,110724398,2416.40
2910,33327064529,378.20
2911,6253755111,1061.30
2912,22713087626,805.90
2913,3038930079,1219.40
2914,408883596,1658.10
2915,15023178854,497.50
2916,7890279358,788.80
2917,37174404963,593.10
2918,213576831335,63.70
2919,1072527026,1431.70
2920,297356784,1825.60
2921,75339753357,119.50
2922,13095880973,947.60
2923,90743689506,332.30
2924,52877413842,434.70
2925,321544788,1677.30
2926,703071811629,46.60
2927,40300640972,529.80
2928,19704656154,848.60
2929,21848664213,514.10
2930,412064077,1666.10
2931,4891582962,1095.50
2932,8481858987,679.30
2933,712191004,1505.80
2934,118248928320,60.60
2935,21281635161,753.60
2936,48484796667,490.80
2937,29431017454,625.90
2938,123820437435,246.50
2939,3496531474,1203.00
2940,33585628540,620.80
2941,25350017890,699.40
2942,448109468,1569.90
2943,4106117431,1005.20
2944,531084861,5000.00
2945,113229186211,269.40
2946,120265651573,50.30
2947,59323837498,427.70
2948,33812316263,691.40
2949,531084861,5000.00
2950,954169551,1301.60
2951,35517157908,202.00
2952,61911784535,64.00
2953,36120394051,530.10
2954,31501718708,610.30
2955,2577780950,1081.50
2956,20999232304,819.00
2957,258451824,2338.70
2958,34893501223,305.70
2959,264408241950,52.40
2960,7476325876,1013.10
2961,46372755235,174.80
2962,106204681,2146.40
2963,531084861,5000.00
2964,29416632554,421.60
2965,10905641792,976.90
2966,93407181541,97.30
2967,12847821825,768.10
2968,82917483564,350.70
2969,216387595,2863.90
2970,315733707,1751.40
2971,10986036678,911.10
2972,833359074,1446.00
2973,393622987,3368.20
2974,263948040,2030.00
2975,949685505,1318.50
2976,208477081,1681.10
2977,80351100962,84.80
2978,69704437599,212.30
2979,77970315720,169.10
2980,267019825,3274.10
2981,9893292732,958.90
2982,250825685,2004.50
2983,1553507065,1340.00
2984,16485530505,792.20
2985,8296873726,651.80
2986,531084861,5000.00
2987,531084861,5000.00
2988,41821726682,335.40
2989,244017011,2919.70
2990,92984349681,58.90
2991,222086917,2409.80
2992,377258398,1608.90
2993,531084861,5000.00
2994,75327960255,378.30
2995,246402317,4994.50
2996,531084861,5000.00
2997,44025893447,477.20
2998,86720297998,299.00
2999,71146737311,395.90
3000,1334136847865,30.00
3001,22027020636,765.20
3002,600683739,1394.00
3003,341352763,3553.40
3004,340623821,3184.40
3005,351678113,1731.60
3006,3272158647,1024.90
3007,135514071470,151.40
3008,23703134997,529.90
3009,29328254285,308.00
3010,80764595402,257.50
3011,1459122677830,10.40
3012,681375459,1530.70
3013,9426640315,932.40
3014,226203238,2694.90
3015,234138817,4380.40
3016,23003833412,504.00
3017,372999592,3517.80
3018,4488986049224,19.50
3019,269105412,4930.00
3020,530885239,1563.50
3021,14339753138,613.60
3022,39969734198,279.80
3023,5245195521,996.40
3024,58038405889,136.10
3025,2607695489,1226.00
3026,2408238958261,29.90
3027,32577455593,704.50
3028,781682543910,34.50
3029,8450192648,1015.00
3030,29524791587,582.20
3031,34843735783,649.50
3032,20031078124,464.40
3033,15053077239,725.40
3034,149288061267,140.00
3035,20002862683,807.90
3036,912806212,1427.40
3037,92824909028,230.70
3038,111254442803,233.50
3039,531084861,5000.00
3040,272915272,3318.50
3041,10371748931,516.50
3042,714327758,1466.70
3043,3344326313,1015.10
3044,59726232280,457.40
3045,34166313158,651.30
3046,22727624544,575.30
3047,16066222900,596.10
3048,50008205415,111.60
3049,289845117,3127.50
3050,339528333,1710.50
3051,72116857461,111.30
3052,7805531525,897.30
3053,2370609027484,3.40
3054,31607796310,658.20
3055,133885801687,186.10
3056,9784362288,721.60
3057,476062485,1599.10
3058,85883128221,270.30
3059,16088257407,806.10
3060,98286588887,59.80
3061,299789710,4238.30
3062,2879757121,1248.70
3063,71409932845,49.30
3064,57191154320,101.20
3065,249813783572,58.40
3066,8915751509,505.10
3067,52500411460,197.50
3068,131392170,1833.50
3069,291844011,2629.70
3070,31030905294,459.80
3071,45947616859,266.40
3072,77095895597,341.40
3073,205993770149,95.50
3074,20872923286,592.00
3075,32853553392,547.50
3076,121323941745,79.80
3077,280922534,1772.10
3078,36657010575,303.90
3079,33486723987,553.30
3080,160382005820,137.70
3081,578726665,1519.70
3082,419326729,1500.20
3083,8132542977,1017.70
3084,151028836785,127.90
3085,531084861,5000.00
3086,654737281,1523.90
3087,993059051,1420.70
3088,18762666223,593.80
3089,113355937541,146.20
3090,20258584098,712.10
3091,8939779255,981.70
3092,946734427997,38.00
3093,211868808724,54.80
3094,22260991766,471.10
3095,57252892848,474.40
3096,3162331773,1164.50
3097,531084861,5000.00
3098,272197905,3203.60
3099,249597674,1816.00
3100,106113609537,134.00
3101,76244815615,186.40
3102,126491807258,197.00
3103,19089967215,610.90
3104,10419928791,924.30
3105,531084861,5000.00
3106,280973649,3706.90
3107,33981300993,400.50
3108,60991068032,437.10
3109,419326729,1500.20
3110,41209682663,594.60
3111,227428838,2939.00
3112,45202198569,475.90
3113,664002758613,47.30
3114,342085697,3820.10
3115,354606690,3190.10
3116,37284030060,339.20
3117,531084861,5000.00
3118,22052229361,511.40
3119,26678010480,499.70
3120,65272155216,425.90
3121,388590469,1667.50
3122,470176581,1624.80
3123,13048563966,911.90
3124,54240198845,459.70
3125,59924471015,446.10
3126,347970564,3652.50
3127,126586363183,72.60
3128,250129623,2930.30
3129,333253708,3166.50
3130,427885244,1557.70
3131,48551605548,156.70
3132,79547878255,262.80
3133,23065701110,728.80
3134,531084861,5000.00
3135,465895900087,43.00
3136,528452495,1527.70
3137,4104798775,1175.40
3138,37415807225,292.50
3139,220205915,1855.60
3140,65710630262,163.80
3141,3113187844,1004.00
3142,98799963906,309.70
3143,211996551222,86.20
3144,396459254,1672.00
3145,18360453254,637.30
3146,37151412764,645.30
3147,321489654,3323.70
3148,49133242453,430.60
3149,253041893,3567.10
3150,993021634,1441.80
3151,202242484,1578.30
3152,103040496227,226.70
3153,3431679436,1064.40
3154,255940050,1452.30
3155,934982526,1466.30
3156,9784374023,828.10
3157,9784362288,721.60
3158,15237407836,850.50
3159,202242484,1578.30
3160,72687775699,72.90
3161,217848215,2377.40
3162,66562904766,312.30
3163,392121565,3906.50
3164,531084861,5000.00
3165,16601565509,773.40
3166,48665165435,514.70
3167,23776711784,403.30
3168,285397421,3250.00
3169,19089967215,610.90
3170,24522417318,396.00
3171,286110840,1794.30
3172,312656370,4058.30
3173,29135187930,580.50
3174,431864435,1602.20
3175,208432450,2752.00
3176,38867454001,590.50
3177,1395678051449,37.70
3178,13342687109,846.30
3179,215438383,2236.70
3180,82798578528,301.10
3181,2847297167892,17.60
3182,217632106,2827.00
3183,32904520098,624.90
3184,325158366,2419.20
3185,12548444386,778.30
3186,79854699741,145.60
3187,214608530,1632.70
3188,531084861,5000.00
3189,17936676677,852.30
3190,233496997349,88.40
3191,1233040755488,13.70
3192,25869258129,120.20
3193,26892344419,699.60
3194,531084861,5000.00
3195,531084861,5000.00
3196,237866359,2958.70
3197,374077159,1694.10
3198,304332789,1763.90
3199,68367845581,422.30
3200,65912108173,441.80
3201,21586562529,483.60
3202,531084861,5000.00
3203,20278575193,450.10
3204,357530308,1750.10
3205,123923734826,235.90
3206,1878163806,1302.10
3207,45839390369,572.80
3208,44121137965,298.10
3209,50185418037,267.80
3210,5251299271,1099.60
3211,18667425015,621.50
3212,37649874345,270.10
3213,117673605954,187.90
3214,513695067,1542.00
3215,38612267795,350.60
3216,149481343842,180.40
3217,37732788029,593.40
3218,312657456,3543.00
3219,21690822689,420.90
3220,378142921,3556.10
3221,6670015414,1000.10
3222,1486013580423,38.30
3223,531084861,5000.00
3224,2997978134,1210.50
3225,39879495483,588.10
3226,3565114593,1155.10
3227,138366259,2053.00
3228,851891900,1428.30
3229,586958300,1554.40
3230,50086221468,133.60
3231,501923540268,24.40
3232,531084861,5000.00
3233,1283587817682,25.80
3234,113565992722,287.40
3235,243435895,2618.10
3236,7703445179,994.30
3237,2501899555263,4.90
3238,5975812164,1088.50
3239,48106698963,407.90
3240,3623064606,1043.20
3241,77528058141,53.50
3242,2632321005649,43.30
3243,23088177639,297.80
3244,1705397337045,28.70
3245,264191771,4478.90
3246,153131717,2061.90
3247,58438625342,354.20
3248,497007030,1559.20
3249,60907758540,112.70
3250,226586118,2129.10
3251,174276309362,63.80
3252,60194831547,470.30
3253,531084861,5000.00
3254,22260991766,471.10
3255,541544325615,24.10
3256,2425242986,1287.00
3257,1245221234027,32.50
3258,281455623,2892.80
3259,226272349833,68.20
3260,34081707955,265.10
3261,44488890826,446.20
3262,250748014,2777.60
3263,44801967768,321.00
3264,22314379698,420.20
3265,2736676486,1246.50
3266,121491550032,268.70
3267,23894474296,312.10
3268,308963285,3237.50
3269,49061872794,548.60
3270,92015071793,327.00
3271,384819903,3220.70
3272,531084861,5000.00
3273,269932352,3416.20
3274,1079208773674,38.70
3275,312062625,4048.30
3276,463931965595,37.60
3277,78630603818,275.10
3278,310239591,2941.80
3279,50086221468,133.60
3280,77302407728,118.30
3281,2574469782,1033.70
3282,20483763915,776.70
3283,674042453348,47.70
3284,31186449496,702.30
3285,146405274,2211.80
3286,253338349,1841.00
3287,64132802477,101.10
3288,5147412468,996.90
3289,82172964285,351.50
3290,226163104,4315.90
3291,323699487,4693.90
3292,241502444,4931.50
3293,37850746644,653.70
3294,27812693236,709.30
3295,95834079343,238.10
3296,71463457472,115.40
3297,30448488990,113.10
3298,26515837903,771.40
3299,438265156,1669.60
3300,4276567521,1147.60
3301,1134033530,1431.10
3302,211413843331,76.70
3303,231630489,2104.50
3304,30553056005,707.80
3305,295050797,2490.60
3306,9886905498,854.10
3307,24522417318,396.00
3308,62964823120,420.80
3309,30785721312,333.80
3310,2509784871,1261.60
3311,5884740467,1025.90
3312,9718553110,930.60
3313,570968448,1399.60
3314,102981756,1884.50
3315,2698118222,1015.90
3316,17845165953,444.30
3317,137343547,2303.00
3318,137643643849,125.10
3319,2937956099,1223.30
3320,531084861,5000.00
3321,61960467413,183.10
3322,388474921,3715.90
3323,321066777,1766.40
3324,4016624071,1143.60
3325,107722270060,91.60
3326,34361800359,319.60
3327,349477631,3490.50
3328,3052891097,1067.30
3329,44203197021,284.10
3330,14362298606,925.30
3331,111626903960,251.60
3332,27822999928,402.80
3333,6743121903,1063.60
3334,363446244,3708.30
3335,466641947,1585.40
3336,13662799380,945.90
3337,94289801570,97.80
3338,5570541747316,15.90
3339,2101506554,1304.80
3340,115512764786,181.80
3341,122915169,1852.70
3342,301620635,3626.50
3343,1621301879,1366.70
3344,488394301,1302.50
3345,133499364389,181.70
3346,32320509926,326.20
3347,1332371941,1377.30
3348,56631992282,210.70
3349,246536541,2482.70
3350,34081707955,265.10
3351,50674126703,425.50
3352,52568892474,159.70
3353,3216315128,1152.20
3354,107297585514,242.30
3355,148203984258,179.70
3356,50358830121,53.00
3357,19246374854,399.10
3358,6799215749,1052.00
3359,531084861,5000.00
3360,70885054195,138.90
3361,207944388,2195.30
3362,236302938,2355.30
3363,397149757,1604.40
3364,25048598520,790.40
3365,23088177639,297.80
3366,70866480475,116.00
3367,247729067,2044.10
3368,9253805629,838.00
3369,30641544730,724.00
3370,34094097481,352.40
3371,37667075983,553.40
3372,272982131,1944.80
3373,21028062712,260.70
3374,368578465,3176.50
3375,301612027,3715.70
3376,4737067759,1067.90
3377,26727015686,616.40
3378,31413217651,691.80
3379,27037329271,670.70
3380,34685894538,283.80
3381,52380903899,106.20
3382,18011080283,799.20
3383,836887982246,22.40
3384,5293028546,1054.50
3385,7265436743,1024.10
3386,26739619320,766.50
3387,56092221684,412.80
3388,89494998597,352.20
3389,29418643007,283.90
3390,108057914019,128.70
3391,531084861,5000.00
3392,64826607496,68.30
3393,22181963006,803.50
3394,14191513262,660.70
3395,19837097976,488.30
3396,21847810517,436.70
3397,268858683,1917.80
3398,69437305682,160.00
3399,3446182760,1147.70
3400,27625360961,463.20
3401,657697230,1491.30
3402,302493386,1775.90
3403,210039632671,72.50
3404,9515937175,845.50
3405,229842413,4616.50
3406,52413598949,271.80
3407,263923237,1564.30
3408,37309323038,563.80
3409,272839631,2877.10
3410,531084861,5000.00
3411,320865853,1810.50
3412,136604117,2256.50
3413,222120927029,90.20
3414,22973752730,408.90
3415,48780480650,308.80
3416,76948216871,177.90
3417,77682953019,370.60
3418,267308143,2941.90
3419,531084861,5000.00
3420,122175721301,179.00
3421,3276555704,1146.40
3422,1023868625,1428.90
3423,62638773624,394.60
3424,118394493466,202.10
3425,41596474266,230.80
3426,29588262305,631.50
3427,7530893346,994.90
3428,1734753822,1327.30
3429,87548853139,55.60
3430,19606037216,787.80
3431,1582901564926,4.40
3432,3172634431028,12.70
3433,129208550181,77.90
3434,18387302417,782.20
3435,49925502224,315.70
3436,22677459599,767.40
3437,240956750,2837.30
3438,284338847,2083.60
3439,349257932,1727.70
3440,22576370362,376.20
3441,14306010235,703.50
3442,19165369795,802.40
3443,28571473844,696.70
3444,92689734180,68.50
3445,155517187,2412.60
3446,36241894939,648.50
3447,13393652220,547.00
3448,28415487153,697.80
3449,12781625455,711.00
3450,136001728580,93.40
3451,33645968942,572.50
3452,7096602212,842.40
3453,40522168462,615.10
3454,98946017039,194.20
3455,304473129,2362.50
3456,257809116137,64.20
3457,364177610,3254.50
3458,2762144855,1074.70
3459,85532577273,288.40
3460,531084861,5000.00
3461,17748322871,845.60
3462,10380866580,802.70
3463,1876743409,1325.00
3464,1929736520,1308.60
3465,304626505,1692.40
3466,552087007,1577.90
3467,73126978540,143.80
3468,232084224,1960.80
3469,59530444751,184.20
3470,74468440111,373.30
3471,33187788270,311.50
3472,25982297690,535.00
3473,116908122445,150.60
3474,59766848555,341.80
3475,83573530978,337.90
3476,531084861,5000.00
3477,36242714305,520.10
3478,6146438278,569.00
3479,46514061664,497.10
3480,46240777534,106.40
3481,345075624759,40.50
3482,1356690065,1363.80
3483,18669472726,771.10
3484,68359251498,158.40
3485,4106117431,1005.20
3486,102075176905,313.90
3487,2904827294,1236.80
3488,3373220891,1035.00
3489,107835348520,162.10
3490,1054816933670,45.20
3491,60313561239,162.30
3492,182848900492,60.20
3493,31030905294,459.80
3494,29527784163,266.70
3495,33772915179,403.70
3496,15142802169,443.70
3497,10816707379,941.30
3498,307750313,4400.60
3499,376582254,1710.30
3500,373285548,1648.40
3501,65067338805,246.10
3502,14831775821,884.30
3503,204412313,1890.00
3504,15988999745,822.10
3505,24460949403,482.20
3506,245957781,2501.50
3507,25899165790,778.60
3508,18328147509,296.50
3509,33675008083,652.70
3510,28022267920,358.60
3511,47114168604,537.20
3512,26260158798,773.80
3513,31412768546,395.80
3514,135893847387,114.60
3515,28398782042,660.50
3516,12234300116,708.70
3517,25125707107,649.40
3518,449356119,1590.00
3519,26247868721,374.60
3520,43853210151,570.00
3521,262734469,1732.90
3522,531084861,5000.00
3523,102844001044,55.80
3524,531084861,5000.00
3525,65245558809,317.60
3526,9978482924,952.80
3527,375945711,3474.60
3528,262716114,1762.60
3529,270697212,3033.10
3530,690483200287,44.90
3531,324475382,2455.10
3532,32343973445,358.00
3533,531084861,5000.00
3534,531084861,5000.00
3535,49133196792,424.40
3536,2387939333,1262.20
3537,22662693680,712.90
3538,14265236782,362.40
3539,28087822545,257.70
3540,6856043057,1067.70
3541,131997378667,74.60
3542,239664971,4591.60
3543,14330526917,902.60
3544,51263182172,123.40
3545,1397471138,1368.20
3546,55087458477,203.80
3547,2621493206448,10.50
3548,732783175,1456.40
3549,116814298678,261.60
3550,2598689609,1201.50
3551,2753882927,1020.80
3552,350900397,3852.80
3553,208447898,2941.50
3554,1264013944,1195.10
3555,10416559641,758.70
3556,22295576472,765.00
3557,329683972,1759.10
3558,6096334173502,7.30
3559,121005763253,115.10
3560,78664824226,290.10
3561,43439228457,103.70
3562,131334167052,92.80
3563,31195401599,360.20
3564,11926378500,538.10
3565,21609047718,553.70
3566,139090573457,177.60
3567,2149227978418,36.40
3568,65710630262,163.80
3569,16292500066,902.40
3570,275958038,2489.20
3571,18868028955,748.10
3572,4339884158,1128.70
3573,22748884488,720.20
3574,21834617755,547.10
3575,27519031509,704.80
3576,14249036829,666.10
3577,55087458477,203.80
3578,11074108700,927.30
3579,44801967768,321.00
3580,36682930603,221.70
3581,228617259,4032.00
3582,10282927644,749.20
3583,20608789087,727.10
3584,65943927943,194.80
3585,261914244,2469.10
3586,79181080192,123.80
3587,382492898978,40.90
3588,43002441187,239.10
3589,2815560655,1167.40
3590,285270729,1819.20
3591,367136845,3499.10
3592,62160200073,100.90
3593,224849758,2145.00
3594,324938707,4356.50
3595,18250245649,556.90
3596,205694336,1651.00
3597,52973237361,195.80
3598,261957725,2057.30
3599,6769265825,919.40
3600,303859763,1779.20
3601,43218558621,455.50
3602,226098234768,69.10
3603,346520505,3452.30
3604,1216528467166,18.20
3605,8915751509,505.10
3606,2583228482090,17.50
3607,80284442127,322.60
3608,300587205,2123.40
3609,209809891796,90.50
3610,13243792273,741.60
3611,90002881175,315.90
3612,51717232185,85.00
3613,16419896556,899.80
3614,985288108739,11.80
3615,289867513,3279.50
3616,313949701,1471.60
3617,51165698831,459.60
3618,5982334326,898.50
3619,141144386423,193.10
3620,43163190046,534.30
3621,14545210042,859.30
3622,1015982931,1443.20
3623,3093841315,1196.80
3624,258425964,1841.70
3625,2066899372231,19.10
3626,44679171564,569.80
3627,1774995137,1295.80
3628,393653026,3193.90
3629,231811025,1835.90
3630,323498919,2352.20
3631,55819042771,466.40
3632,72756727514,112.40
3633,132316941002,62.30
3634,531084861,5000.00
3635,128926605334,182.70
3636,13032334161,644.40
3637,148432747,2485.30
3638,23592562825,479.10
3639,2549688274831,13.20
3640,184436957726,52.30
3641,39312473177,372.30
3642,119345300009,224.80
3643,46674018439,462.20
3644,51461794032,523.80
3645,531084861,5000.00
3646,38634444621,103.80
3647,59095420165,113.20
3648,531084861,5000.00
3649,37884460039,295.10
3650,373788568,3005.70
3651,27863655282,609.60
3652,26359909289,457.90
3653,98474307996,240.20
3654,17710997226,780.60
3655,2200606210411,4.20
3656,32268772181,220.30
3657,8481858987,679.30
3658,36682930603,221.70
3659,364224842,3149.30
3660,288278225,1784.70
3661,12957103781,669.40
3662,1898042756457,35.60
3663,321463232,3520.10
3664,983259165,1239.00
3665,4760384806,1128.80
3666,310840133,2913.60
3667,33707491059,528.30
3668,49183300604,517.10
3669,13599492817,869.40
3670,4510524826,1087.60
3671,38464025395,171.30
3672,86589952036,73.30
3673,94236071121,296.20
3674,1358641328,1340.60
3675,28665601466,627.80
3676,23093989836,539.30
3677,248235735,2299.20
3678,2241583437707,35.10
3679,34163109621,357.20
3680,1863513843333,5.80
3681,244942212,1800.10
3682,23802845000,434.10
3683,380727366,1617.20
3684,17373397047,819.30
3685,1971562583818,37.30
3686,4259425059,951.80
3687,8764657239,988.50
3688,105660130736,157.70
3689,2596871981217,4.60
3690,54958573736,418.60
3691,42620237764,513.60
3692,83093244251,290.80
3693,531084861,5000.00
3694,3453159925,1136.20
3695,263012080,2773.40
3696,1136686763027,23.00
3697,531084861,5000.00
3698,1935395712050,7.70
3699,77753190685,379.50
3700,45839072628,419.70
3701,294151174,2038.40
3702,94227553910,211.70
3703,530555571,1581.50
3704,86381740546,346.10
3705,56118388303,284.40
3706,12549959792,919.70
3707,48658172674,535.70
3708,22576370362,376.20
3709,531084861,5000.00
3710,284812471,1666.40
3711,57873830178,390.80
3712,8056787908,815.20
3713,531084861,5000.00
3714,253191464,2879.60
3715,6349724867,1060.70
3716,23283698824,323.90
3717,22768510051,559.30
3718,28612765766,241.50
3719,38572139464,523.20
3720,32683248636,687.20
3721,86965789273,308.70
3722,244034592,2788.30
3723,277077327,4016.50
3724,120236890323,239.00
3725,45853281225,261.90
3726,236634514,2869.40
3727,6442122016,864.10
3728,346561183,3142.50
3729,2434082431619,34.00
3730,58318342217,256.10
3731,24891609743,676.90
3732,531084861,5000.00
3733,79968035160,353.30
3734,7964148646,1013.60
3735,150346192595,157.40
3736,28971088592,366.70
3737,1219575378,1426.90
3738,6062405787,900.60
3739,10180692777,743.20
3740,5372275642,973.50
3741,4062673669,1178.40
3742,132961655039,87.30
3743,7213341100,1049.30
3744,531084861,5000.00
3745,13102251160,943.30
3746,21845274344,498.30
3747,11252419966,973.90
3748,300861271,1788.30
3749,78333467295,335.90
3750,361062054,1693.30
3751,43657540560,321.10
3752,282791033,2046.80
3753,220720873,2834.60
3754,65943927943,194.80
3755,2410901574400,47.20
3756,869439079,1453.10
3757,215359474,2048.40
3758,64811847882,200.80
3759,105597788648,69.80
3760,34200093458,588.80
3761,265586517,1807.30
3762,885692487,1297.70
3763,531084861,5000.00
3764,18876327634,589.80
3765,14066646568,869.30
3766,5177244040,1054.80
3767,463463304,1551.60
3768,249507728,2933.40
3769,65954757072,233.70
3770,244446504777,65.60
3771,7426443258,826.20
3772,49681354476,554.80
3773,19783474038,598.30
3774,531084861,5000.00
3775,61915069804,440.40
3776,45383586469,280.20
3777,344291560,3158.30
3778,15638841098,619.50
3779,214373160,2309.00
3780,26820282820,263.70
3781,223049718,1766.70
3782,1177876501,1254.50
3783,14711139105,686.80
3784,842444868,1260.20
3785,320016659,4633.80
3786,318183592,4242.00
3787,531084861,5000.00
3788,12410554491,770.20
3789,31912815835,434.80
3790,108243604,2267.70
3791,102126423019,107.80
3792,18880654880,869.60
3793,321256925,4437.90
3794,987086085,1400.20
3795,236589597,4330.00
3796,217086557,2578.70
3797,366706746,1689.20
3798,645113615,1493.80
3799,38974454647,163.40
3800,305415399,2230.60
3801,725187959,1503.80
3802,46583626519,224.30
3803,246468627,2077.80
3804,592101909,1560.40
3805,55848337805,177.40
3806,290980490,2264.70
3807,318366002,2476.60
3808,69372097319,205.40
3809,129654846179,99.20
3810,1318532859,1404.60
3811,56912024954,287.80
3812,3202886661,1048.20
3813,34771567741,598.20
3814,1902859036,1146.20
3815,44501375945,502.40
3816,90529982045,298.00
3817,400222149,1580.90
3818,531084861,5000.00
3819,21290849054,812.60
3820,122457990,2246.70
3821,288914979227,96.00
3822,29684999097,593.30
3823,44706240181,475.30
3824,319409661,4903.40
3825,56623192280,283.00
3826,129066476101,243.90
3827,50531213625,274.10
3828,30788601948,349.80
3829,10282927644,749.20
3830,39804501189,565.10
3831,609777181067,38.20
3832,301613962,4903.30
3833,32294455675,437.50
3834,341726973,2006.80
3835,234062097,2014.80
3836,193168027,1859.70
3837,154797654209,134.20
3838,28444169140,595.30
3839,27104103713,613.40
3840,15023178854,497.50
3841,11552985826,634.70
3842,982169967,1382.30
3843,5440510178,1031.10
3844,142931123,2441.90
3845,238539272,2658.60
3846,77125449692,320.60
3847,321895905,2699.40
3848,3785858834,1166.90
3849,24233777458,658.10
3850,39011017067,608.30
3851,531084861,5000.00
3852,6141676544,1058.00
3853,184674948,3053.90
3854,59941467363,388.50
3855,127725214155,181.60
3856,2654883474818,44.30
3857,5763705487,881.60
3858,137253829752,94.70
3859,15564797379,847.30
3860,77213066175,319.00
3861,66221725087,145.90
3862,3705317529,1190.00
3863,34505469857,388.80
3864,1434162501999,47.50
3865,19278038912,504.60
3866,28761781392,471.90
3867,435769201,1566.20
3868,16346982802,868.00
3869,57628286342,104.60
3870,479062298,1638.70
3871,32022127098,389.30
3872,2097866429232,21.10
3873,304228977,2064.30
3874,38592957035,103.50
3875,34685894538,283.80
3876,7393394684,816.30
3877,27086438090,680.30
3878,1238459763,1264.70
3879,48808564252,279.40
3880,44715896119,292.00
3881,200204488045,52.50
3882,57191154320,101.20
3883,671005346,1342.00
3884,2671241083,1232.50
3885,37885696949,491.90
3886,117981254277,185.20
3887,671906542,1480.10
3888,22973752730,408.90
3889,67832668401,420.40
3890,117513845444,121.80
3891,32806582525,418.20
3892,267720808,3892.50
3893,241039463,2040.70
3894,87388192501,359.30
3895,20141756798,836.80
3896,4273097327,1105.00
3897,531084861,5000.00
3898,320792416,2480.40
3899,66235212645,348.00
3900,18698540488,655.30
3901,146174259450,124.30
3902,68128425310,347.90
3903,531084861,5000.00
3904,119704777464,202.40
3905,294231380,3753.70
3906,7954902780,894.40
3907,40385286578,550.50
3908,57799031307,154.60
3909,308962211,3323.40
3910,109079725012,274.20
3911,48724669519,225.20
3912,185527707886,99.50
3913,19401961901,377.70
3914,3507930144,1201.90
3915,115077117474,228.20
3916,3436639762,1210.70
3917,659635079948,42.80
3918,1462377195,1347.00
3919,221874694,4118.50
3920,138479822664,142.50
3921,2211039158,1297.40
3922,10000896547,958.10
3923,531084861,5000.00
3924,119050304686,126.20
3925,5981350268,872.70
3926,9267393857,808.80
3927,9985919551,807.70
3928,531084861,5000.00
3929,20309079807,768.90
3930,2055935926,1288.00
3931,48694236277,194.90
3932,247516432,1936.70
3933,531084861,5000.00
3934,253737388,2315.00
3935,372321017,3178.40
3936,309615653,1401.50
3937,1506618795569,43.90
3938,66398866968,227.40
3939,23903010385,757.90
3940,50277048013,466.00
3941,34381709147,312.80
3942,4092577014,928.50
3943,23110007281,689.20
3944,356739704,1609.10
3945,325649392,2606.80
3946,531084861,5000.00
3947,997110925,1449.60
3948,237202566,4622.60
3949,74151668165,295.70
3950,311990860,2331.40
3951,12923389562,910.10
3952,50485759520,185.30
3953,3724064468,1179.90
3954,49703280085,181.10
3955,330505286,2209.30
3956,111316802848,292.30
3957,10999886312,983.20
3958,189508064,1931.40
3959,38974454647,163.40
3960,531084861,5000.00
3961,39174890610,487.80
3962,531084861,5000.00
3963,266751408,2599.90
3964,222422002,2143.60
3965,3419275205,987.20
3966,43209110156,493.00
3967,315368899,2101.10
3968,5445520989,953.90
3969,35517157908,202.00
3970,24732533943,411.60
3971,28485733855,750.30
3972,30521692873,587.00
3973,51818594276,492.00
3974,267124611,2343.30
3975,224641322,1645.50
3976,105150841416,90.30
3977,8296902534,883.00
3978,259644967,1982.20
3979,34935141954,302.50
3980,4699712584,1052.10
3981,311561662,1692.50
3982,10048329329,984.00
3983,31225612774,141.50
3984,95886072813,329.00
3985,133200954133,155.60
3986,9850506626,748.50
3987,78286621372,270.70
3988,10008134917,971.60
3989,1143286241179,10.70
3990,281735194,3587.00
3991,692683558,1309.60
3992,122244831963,215.10
3993,323874169,2303.10
3994,57800686815,139.70
3995,91414054364,64.60
3996,6816547325,1068.60
3997,1544165810,1357.70
3998,922676054962,25.10
3999,112621935,1777.90
4000,2051100520,1314.80
4001,9764967719,959.60
4002,1856748481,1318.00
4003,255940050,1452.30
4004,42665739692,264.50
4005,207356691,2435.40
4006,73104632658,195.10
4007,50786914896,483.30
4008,15458775600,430.00
4009,42948726956,582.70
4010,272231595,2561.50
4011,2035272574,1070.20
4012,33075207978,445.80
4013,531084861,5000.00
4014,70387947405,308.10
4015,1624729797,1229.80
4016,349443775,3219.10
4017,27654583076,721.70
4018,138320231174,82.60
4019,13783304215,591.00
4020,247715421,2629.50
4021,46761193736,442.10
4022,1376967747484,3.80
4023,25939229108,708.50
4024,28022267920,358.60
4025,98577031460,315.00
4026,37448618896,534.80
4027,68973480768,123.90
4028,11958137746,975.10
4029,36937604994,580.60
4030,5649175398,769.80
4031,315635809,2212.80
4032,18431131655,833.60
4033,531084861,5000.00
4034,1943753126,1148.20
4035,57355491427,286.20
4036,37321272538,273.70
4037,25698319860,715.40
4038,531084861,5000.00
4039,39718141640,542.20
4040,81903479943,67.30
4041,131645692820,58.70
4042,17070456968,561.70
4043,32762866781,267.20
4044,11543725502,971.20
4045,45359269568,528.80
4046,151401331477,161.90
4047,488394301,1302.50
4048,14544487051,857.90
4049,48247797229,546.80
4050,531084861,5000.00
4051,1393346366,1195.70
4052,79176167582,127.10
4053,25789029621,739.40
4054,219517604,2276.30
4055,41728515744,485.60
4056,104292435730,309.20
4057,312656163,4935.90
4058,3637464464,1020.70
4059,81877397607,324.70
4060,324919216,2026.80
4061,28806097004,635.60
4062,251429112,2078.20
4063,210855972,2742.30
4064,4446740045,967.70
4065,414915412,1571.30
4066,262355522,4576.20
4067,1384308508,1168.50
4068,112866060,2429.00
4069,1613548993,1329.70
4070,59740179098,342.70
4071,66811926020,119.60
4072,3153087269,1014.30
4073,39743854983,602.10
4074,19834108267,477.70
4075,14249036829,666.10
4076,214608530,1632.70
4077,12137727625,926.60
4078,17046522150,561.20
4079,564368330,1552.20
4080,27210574757,409.80
4081,8954534232,985.10
4082,6125638000,1068.50
4083,550172897,1582.80
4084,70610453552,328.70
4085,38592957035,103.50
4086,2708249232783,20.00
4087,34349169272,343.60
4088,531084861,5000.00
4089,120265651573,50.30
4090,59730588577,405.70
4091,264705161,2121.20
4092,293028799,4623.90
4093,40808299750,571.80
4094,7744758447,808.20
4095,229936320,2675.70
4096,30583749157,465.80
4097,107273102,2943.30
4098,3529554938,1203.50
4099,56943423962,258.90
4100,32221695640,697.30
4101,84222234932,360.60
4102,329723701,2266.00
4103,31631161094,651.60
4104,1169112498,1365.30
4105,20521964778,501.00
4106,42966542360,358.20
4107,67455133391,104.30
4108,5617882456,786.40
4109,16908219021,881.20
4110,247730061,2605.80
4111,3131210442,1059.00
4112,71183738319,218.90
4113,263474005,2163.00
4114,3791005458,1149.60
4115,237926270853,62.60
4116,223758187,2884.60
4117,31974313230,664.90
4118,48291874078,189.00
4119,56643498961,475.40
4120,17347989630,878.00
4121,54457171663,187.30
4122,283934607,3991.10
4123,68973480768,123.90
4124,1966458619,1288.70
4125,267957360,2690.80
4126,331200996,2020.90
4127,108835046916,141.30
4128,46583626519,224.30
4129,47354043862,238.50
4130,11489633526,705.70
4131,60422620617,468.90
4132,32622491873,624.60
4133,34463931322,672.40
4134,234448448,2255.50
4135,6067125403,1026.60
4136,59631236597,450.00
4137,16537888669,797.10
4138,39799025779,289.80
4139,839010589735,24.70
4140,17605689116,874.50
4141,16607162251,797.50
4142,16945186778,610.50
4143,4004713264,1111.90
4144,4382426690,1148.60
4145,732724570,1509.00
4146,531084861,5000.00
4147,2086392059897,31.50
4148,25981422215,724.40
4149,31388709778,381.30
4150,3024511146,1030.90
4151,200473093173,81.00
4152,310973443825,29.00
4153,26766999282,117.10
4154,36759504112,520.00
4155,5114261485,931.30
4156,226496958,1771.80
4157,106761496005,292.70
4158,117964150678,145.30
4159,54610390191,178.20
4160,14664249259,579.10
4161,19637367358,496.40
4162,8781372746,796.00
4163,18927077721,764.40
4164,6021346952,884.20
4165,1691031876,1310.90
4166,121309736781,151.80
4167,41886213546,310.70
4168,1106991731263,47.10
4169,181904151434,97.10
4170,17710587322,526.90
4171,14052622958,925.70
4172,1952778072111,11.40
4173,359774743,3310.60
4174,1133620893,1420.90
4175,531084861,5000.00
4176,84703300098,293.70
4177,24587212396,483.70
4178,33134883830,372.50
4179,195131004,1925.20
4180,306036344,3678.40
4181,132294924799,229.40
4182,45397037551,342.10
4183,33547087296,668.60
4184,2200606210411,4.20
4185,3710289238,1011.20
4186,48023870326,487.50
4187,4092577014,928.50
4188,278571876,2074.20
4189,314093356,3812.30
4190,6653056926,1015.80
4191,20851025474,783.40
4192,23703134997,529.90
4193,10966936446,949.70
4194,45550363565,586.20
4195,52783696199,471.30
4196,4581153929,1106.50
4197,2375506946157,26.90
4198,30630786402,429.20
4199,3637464464,1020.70
4200,684271075,1471.80
4201,22973752730,408.90
4202,31195401599,360.20
4203,89434535028,339.90
4204,17792596298,502.50
4205,531084861,5000.00
4206,327386807,4497.50
4207,1145285003,1255.00
4208,39486604180,582.80
4209,185411551172,67.70
4210,129654846179,99.20
4211,199286704,1907.10
4212,90767801856,50.10
4213,632271691,1491.90
4214,13342063462,622.40
4215,531084861,5000.00
4216,237790962938,92.60
4217,240481312485,86.50
4218,364153436,3918.80
4219,353129546,3881.00
4220,3041683956,1182.10
4221,10471506468,763.20
4222,41278116522,321.90
4223,102048466775,228.30
4224,5848089350,1041.80
4225,1194873097184,8.30
4226,154456082813,106.10
4227,132840074136,223.80
4228,12165353905,948.80
4229,127194169070,214.80
4230,314896796,2358.20
4231,328092080,2635.80
4232,81903479943,67.30
4233,313938395,2668.30
4234,306190511,1820.10
4235,19832459696,724.80
4236,63419494222,150.80
4237,28474045147,730.80
4238,24963521393,788.60
4239,824925636,1501.70
4240,58963794275,135.50
4241,35836767260,289.40
4242,127335837434,156.90
4243,72615089629,358.40
4244,568487823,1495.80
4245,52098417300,381.90
4246,10497337501,805.10
4247,321012507,1789.10
4248,15041899215,631.00
4249,30963367053,251.20
4250,63834699750,330.30
4251,319362536,2211.60
4252,223551584,2318.40
4253,31225612774,141.50
4254,1808912195,1189.50
4255,484626383,1621.50
4256,14536929247,875.80
4257,53538943929,221.00
4258,23031312813,671.80
4259,4849877023,1134.00
4260,38131983617,505.70
4261,32857840348,385.70
4262,50859745410,113.70
4263,3719682563,1122.30
4264,2219659578,1254.10
4265,212664224,4741.70
4266,12857329681,513.90
4267,531084861,5000.00
4268,35562150672,212.70
4269,42890255244,236.00
4270,1342442211,1364.50
4271,18360453254,637.30
4272,103819182574,152.00
4273,4377272697,980.40
4274,278770039,3497.00
4275,823395861,1483.90
4276,335380872,1642.80
4277,301688383,2701.10
4278,44354423669,436.50
4279,205694336,1651.00
4280,12339537912,909.50
4281,360502517,3343.20
4282,318224585,1727.80
4283,73631449953,186.60
4284,376727112,1682.90
4285,441938083,1553.50
4286,34201907687,386.30
4287,1175174334,1377.10
4288,9526507224,638.30
4289,270627040244,55.30
4290,73313049387,208.10
4291,37943768243,561.00
4292,41069235663,262.70
4293,63230430688,407.00
4294,14208834993,827.50
4295,7835832694,988.00
4296,306877838,2364.00
4297,274642301,1785.90
4298,25223939436,726.70
4299,41807077369,577.30
4300,59937127735,445.30
4301,17935698652,852.90
4302,18084926831,870.90
4303,101378966127,313.70
4304,271410323,1908.10
4305,18769833802,790.60
4306,73177386452,319.90
4307,531084861,5000.00
4308,111653978112,176.00
4309,51890117408,221.40
4310,36242565726,331.20
4311,491411622,1563.10
4312,34393080518,416.50
4313,22999649302,705.40
4314,226465092,2157.70
4315,52958917415,118.60
4316,5973016154,1099.00
4317,72660109150,114.50
4318,2117153451,1270.50
4319,531084861,5000.00
4320,32857840348,385.70
4321,14612107232,908.30
4322,11872237437,753.80
4323,271205396,2051.80
4324,46719806991,102.20
4325,48588986874,475.20
4326,39170283783,337.70
4327,13663856184,939.80
4328,137924265124,128.20
4329,33828147421,539.40
4330,6276281259,1088.70
4331,232986752,2951.40
4332,275762972,2322.90
4333,30630786402,429.20
4334,821998825580,44.40
4335,125866723163,253.40
4336,139167270044,125.00
4337,42338177756,248.50
4338,35872714788,543.40
4339,14339753138,613.60
4340,30162284891,712.70
4341,1294431193,1413.30
4342,125294886044,144.50
4343,30501363515,469.60
4344,1914545621710,22.90
4345,132316941002,62.30
4346,305232293,2319.70
4347,36900685427,293.20
4348,12084405997,950.50
4349,7410000349,1006.70
4350,256846007,4086.30
4351,2247970335,1066.40
4352,3652037650,1174.10
4353,68011551053,390.60
4354,304543041,3118.30
4355,24732533943,411.60
4356,160721514830,119.20
4357,10635683767,961.70
4358,1346953991,1361.50
4359,6772752686,811.60
4360,86564606917,283.10
4361,28247506063,665.80
4362,296778293,2598.90
4363,1174900992050,27.90
4364,1291502744,1390.00
4365,54386745101,385.00
4366,76244815615,186.40
4367,1025840575,1462.00
4368,856270152,1310.30
4369,1347471206,1173.60
4370,2172010776,1169.40
4371,376677683,3177.20
4372,257231918421,63.00
4373,128962597481,158.20
4374,31193738798,704.20
4375,531084861,5000.00
4376,115042697536,279.20
4377,5656399160,922.40
4378,266497713885,53.40
4379,4568518379,1119.40
4380,12742550882,923.60
4381,8926729344,752.80
4382,415655115,1593.30
4383,255735566,2455.30
4384,284181090,1768.60
4385,68146294612,435.50
4386,101879940667,307.80
4387,9427894276,595.20
4388,128868550535,148.60
4389,415071247,1688.70
4390,1292129013,1407.10
4391,144280742,2099.50
4392,39255428751,515.30
4393,531084861,5000.00
4394,68324064436,49.20
4395,4999321425,943.50
4396,291277117,2852.70
4397,17044742860,837.20
4398,63139937378,50.90
4399,270534366318,90.10
4400,50793000039,103.90
4401,11249859098,997.40
4402,46116858134,579.30
4403,14920355315,862.60
4404,316070714,2225.30
4405,15315772339,369.70
4406,23509373845,776.80
4407,5822495763,934.90
4408,3283952751,1152.40
4409,1079208773674,38.70
4410,41799884649,589.20
4411,732450550,1289.30
4412,57574289391,468.60
4413,221873011,4059.60
4414,74252754411,382.50
4415,628993302,1313.50
4416,283272621,2744.50
4417,8399467752,813.00
4418,73994160580,353.20
4419,409469861,1601.20
4420,69875660691,313.00
4421,312847344,2434.90
4422,31976674166,584.90
4423,382492898978,40.90
4424,604704811,1506.10
4425,32212137390,399.80
4426,31197243103,248.90
4427,34702524984,396.60
4428,213936096,2594.80
4429,18606155134,750.70
4430,2660059389965,8.90
4431,91414054364,64.60
4432,55004252052,431.00
4433,50035913355,520.80
4434,9383220385,935.90
4435,885672437,1437.10
4436,9526507224,638.30
4437,211635952,2441.80
4438,2676336182649,21.00
4439,556731184,1511.90
4440,24630928916,674.00
4441,7203487113,1024.60
4442,226165933,4703.40
4443,12761763072,733.70
4444,211573377,2540.00
4445,283268026,1799.10
4446,8193894162,887.50
4447,26979868020,764.90
4448,108205125303,275.30
4449,2422864956,1277.80
4450,1241077124,1340.80
4451,28885795565,716.30
4452,21541199850,433.50
4453,64745625965,195.30
4454,7393394684,816.30
4455,2094028916,1288.30
4456,364931903,3185.80
4457,112621935,1777.90
4458,1384308508,1168.50
4459,25587653226,321.20
4460,9627541314,959.90
4461,166620532,3707.20
4462,2172010776,1169.40
4463,39264077210,488.00
4464,188912164068,96.90
4465,341347073,3060.60
4466,48689613095,297.20
4467,792310201,1453.80
4468,865509181,1421.30
4469,80757945855,133.70
4470,489348740,1555.70
4471,132449431272,127.30
4472,20410933361,617.40
4473,127297254183,248.80
4474,71710317871,399.00
4475,1960449622512,19.00
4476,6079722926058,6.80
4477,21878713813,818.60
4478,233132383,2409.30
4479,17709203140,885.60
4480,531084861,5000.00
4481,104958072579,175.80
4482,70794143913,122.20
4483,61911784535,64.00
4484,302576189,2161.60
4485,214959537670,65.90
4486,299569291,1691.20
4487,48315584280,190.10
4488,274073909,2103.90
4489,35654316923,184.60
4490,119236659223,263.10
4491,132505075405,91.50
4492,2480063021,1205.00
4493,125993106781,130.70
4494,16745515826,400.60
4495,110988888753,89.60
4496,128660861073,185.10
4497,40537349572,572.70
4498,231689857,4791.30
4499,2431963478414,45.60
4500,41536714872,545.80
4501,59847213776,252.60
4502,531084861,5000.00
4503,3920494504,1172.50
4504,36237081698,616.80
4505,27210574757,409.80
4506,11097029930,968.20
4507,90272814015,56.70
4508,274295514,2012.00
4509,212138901,2729.80
4510,35063698704,626.50
4511,8821465095,971.80
4512,63038256369,429.40
4513,16516885628,798.30
4514,8837982581,856.40
4515,344280195,3782.10
4516,815517857,1435.00
4517,1506342376,1204.30
4518,811072198,1457.70
4519,20486237081,528.10
4520,24587212396,483.70
4521,14172886440,897.20
4522,38972046999,324.20
4523,56888926758,266.30
4524,133022289471,120.00
4525,83705221845,261.30
4526,50907773861,305.90
4527,27625360961,463.20
4528,41527392886,505.40
4529,12055055223,977.50
4530,285480138,1814.30
4531,531084861,5000.00
4532,64462845027,339.60
4533,66349851205,57.00
4534,335471724,3074.70
4535,1457920509272,36.10
4536,2762144855,1074.70
4537,387025298,3086.70
4538,157815152430,143.30
4539,27564192868,609.30
4540,71580497734,316.70
4541,329624644,3172.40
4542,15165422383,680.90
4543,243779532209,80.00
4544,159025109,2039.70
4545,3710289238,1011.20
4546,310479488,3060.50
4547,3344833740,1146.10
4548,34460892802,348.80
4549,1007893418579,21.70
4550,127571930749,127.60
4551,30233892936,663.50
4552,15179172063,928.60
4553,103190707887,144.40
4554,252379436,2087.00
4555,1694999403,1142.60
4556,40968057346,617.50
4557,231805256486,61.60
4558,140174936485,184.00
4559,8175750504,887.00
4560,781225327,1423.60
4561,100791501951,271.10
4562,22002475257,462.80
4563,44198725566,525.00
4564,79525055079,293.60
4565,21337056821,493.90
4566,271563298,4038.80
4567,3455989652,1204.60
4568,2580411443,1126.80
4569,194756313155,85.80
4570,105487313070,214.30
4571,7426443258,826.20
4572,276634957,3045.80
4573,239678545,2289.60
4574,39859475340,514.40
4575,24946031873,674.30
4576,101591897495,211.60
4577,255280121,3021.70
4578,62943524371,188.30
4579,42221448584,584.60
4580,37758270374,569.40
4581,34381709147,312.80
4582,65067338805,246.10
4583,610752831,1549.10
4584,22663617920,688.20
4585,72756727514,112.40
4586,54252767338,504.70
4587,121384866561,235.20
4588,30458755742,583.50
4589,28912107483,682.10
4590,16193169304,816.10
4591,29441440172,359.10
4592,51816323652,146.80
4593,4516899797,1110.70
4594,15989908304,642.80
4595,29527784163,266.70
4596,42287982374,574.50
4597,531084861,5000.00
4598,234886333,2558.30
4599,44693504218,190.90
4600,36010256543,514.90
4601,1361082403,1350.80
4602,30954254702,662.40
4603,108277390573,225.80
4604,50369290582,161.60
4605,55538166406,179.20
4606,73679120652,399.70
4607,24820951747,452.50
4608,21348332078,532.30
4609,363355735,1614.70
4610,471716715347,46.90
4611,37649874345,270.10
4612,69089306200,316.00
4613,18731510844,654.00
4614,242181368,2751.30
4615,275596120,1678.10
4616,1137435177695,35.50
4617,34190989802,685.70
4618,281281235,2198.50
4619,322609298,2025.30
4620,505559272,1579.80
4621,106310623089,257.00
4622,50419162348,524.10
4623,26573439220,699.70
4624,382492898978,40.90
4625,2839768864,1203.30
4626,75492644014,130.10
4627,821998825580,44.40
4628,531084861,5000.00
4629,328014451,2999.10
4630,53586008095,509.50
4631,343113883,1738.80
4632,51717232185,85.00
4633,4244933476,1144.60
4634,12570948001,917.40
4635,375219409,3148.50
4636,319290386,3306.20
4637,285663916,4450.10
4638,18711296170,517.30
4639,6870974372,1060.60
4640,21360778540,269.50
4641,10407147021,742.10
4642,38504585704,487.90
4643,23571385781,444.80
4644,853137229,1421.40
4645,885513433,1491.40
4646,275615692,1819.80
4647,144417501202,109.50
4648,5112875056800,16.60
4649,40583206716,623.10
4650,1347471206,1173.60
4651,653387588,1556.90
4652,138818793426,193.30
4653,106632595125,166.70
4654,2878796211,1229.70
4655,283187431,3729.50
4656,2314949754,1209.30
4657,94526015392,325.10
4658,16498781127,889.50
4659,21211055550,835.30
4660,531084861,5000.00
4661,4185325469,1138.60
4662,80883042661,367.60
4663,3298266366,1160.50
4664,21195177959,822.70
4665,23132483425,667.20
4666,29328254285,308.00
4667,98870994180,289.10
4668,68359251498,158.40
4669,646881460,1484.80
4670,20704629363,434.40
4671,57042086629,360.90
4672,45839550519,106.50
4673,278951753,2010.50
4674,88874146595,244.90
4675,598722880,1582.30
4676,31138627665,716.90
4677,8339578723,971.10
4678,313981234,2302.10
4679,983259165,1239.00
4680,317056468,2615.60
4681,39221300458,485.20
4682,1365707625,1364.30
4683,16830620519,419.80
4684,49137830068,135.90
4685,225203741,2130.90
4686,21599248713,703.40
4687,308218335,3886.40
4688,36510706196,333.20
4689,202811742751,71.30
4690,134200325805,170.00
4691,194175951878,52.60
4692,19104504269,773.70
4693,34393080518,416.50
4694,254536342,3067.30
4695,37649874345,270.10
4696,17095961599,615.90
4697,1514294572,1364.10
4698,23940227439,342.90
4699,70858133285,188.00
4700,62734978681,449.70
4701,346171793,1723.00
4702,51192969216,154.50
4703,10701096729,963.70
4704,239689118920,70.40
4705,314101087,3500.70
4706,427369073,1678.60
4707,49334496654,465.20
4708,37790547637,576.30
4709,276415379,1683.00
4710,133902255910,218.70
4711,18857903349,736.30
4712,88195548919,335.10
4713,279565964,2979.10
4714,35517157908,202.00
4715,4685664702,1104.10
4716,29574641495,678.20
4717,192744271790,84.10
4718,23092322347,786.00
4719,1383117397,1260.40
4720,50460896658,221.20
4721,51131270564,244.00
4722,123591973092,223.90
4723,33055798183,416.40
4724,531084861,5000.00
4725,20486237081,528.10
4726,44874811224,576.50
4727,50372635044,262.10
4728,197829419398,75.50
4729,1196758641,1389.30
4730,13962257907,888.10
4731,47770030445,210.50
4732,307498445,3729.20
4733,361237151,3828.90
4734,23175390627,806.80
4735,54140664275,383.90
4736,1782089375774,41.80
4737,5288545324709,10.00
4738,62902815726,113.50
4739,961366470,1395.70
4740,32638162522,417.20
4741,45631006342,163.10
4742,1016191069,1460.00
4743,33391604922,570.30
4744,275134944,3135.00
4745,224975246,2907.80
4746,623315583,1407.90
4747,111763098880,192.60
4748,23055447732,787.10
4749,68440268611,110.30
4750,46045058611,286.60
4751,332592567,2118.60
4752,1196459402,1388.90
4753,12161441103,644.70
4754,484101714,1601.00
4755,327383404,3447.10
4756,62741419941,328.00
4757,20753726219,619.00
4758,6626764894,1072.90
4759,25805727230,638.80
4760,9661490428,941.00
4761,63425904150,380.40
4762,23065091353,492.20
4763,531084861,5000.00
4764,224469429378,91.00
4765,3876694558,1142.70
4766,4688097036,1133.50
4767,366389893,3185.00
4768,145524356861,196.40
4769,389115396,1683.20
4770,14148118247,881.90
4771,531084861,5000.00
4772,25632240648,742.70
4773,260731473,2264.10
4774,539900611664,38.10
4775,19582690336,802.20
4776,531084861,5000.00
4777,778216085,1503.60
4778,531084861,5000.00
4779,1898025948659,28.80
4780,94483712008,230.30
4781,102281519929,60.50
4782,222651304,2411.40
4783,490376161374,37.40
4784,9776836396,688.60
4785,4582690468,962.20
4786,6203305654,888.00
4787,4885615113,1091.00
4788,264463422,2417.90
4789,244660578,2612.70
4790,70591117865,151.90
4791,44151907485,548.70
4792,123800655950,197.60
4793,531084861,5000.00
4794,2200379292541,33.80
4795,159760955592,117.70
4796,664673762940,30.30
4797,96458474416,241.90
4798,5617882456,786.40
4799,2108811346,1229.20
4800,203141042088,75.60
4801,131074026,1888.70
4802,16168229344,895.50
4803,145236687,1695.70
4804,31413552762,573.80
4805,27797962845,353.00
4806,531084861,5000.00
4807,255054421,1996.50
4808,531084861,5000.00
4809,31302873712,419.90
4810,280270034,1741.40
4811,34635759695,578.20
4812,825160688,1422.50
4813,312099881,2681.50
4814,10585376604,707.30
4815,1033517989,1228.50
4816,61911784535,64.00
4817,79971493948,326.10
4818,25139485329,539.00
4819,78152360180,350.30
4820,660700825920,28.00
4821,39720452790,156.50
4822,283240874,2012.20
4823,44263654662,316.30
4824,39799025779,289.80
4825,296722319,4189.00
4826,1417441872,1304.40
4827,364899305,3593.30
4828,531084861,5000.00
4829,37131741796,497.40
4830,6403679743,1026.10
4831,70754970010,308.20
4832,289085799,3090.50
4833,276814649,1549.20
4834,7890279358,788.80
4835,287218616,2264.50
4836,41789081575,245.30
4837,215928834019,79.30
4838,1866797639823,34.60
4839,6230888916,934.10
4840,59530444751,184.20
4841,29418643007,283.90
4842,5359121563,1097.90
4843,34413823170,613.50
4844,6792391017,1022.70
4845,216643357,1877.90
4846,2363976502,1278.30
4847,228934891273,83.60
4848,45878883769,224.90
4849,531084861,5000.00
4850,1007735986,1297.30
4851,89484769632,61.70
4852,55674718765,105.00
4853,461690125,1592.30
4854,20224509883,773.20
4855,4486263599,1118.90
4856,531084861,5000.00
4857,4389688375,1125.70
4858,1498154046,1315.30
4859,35489520492,613.90
4860,296461961,3621.30
4861,1081234027,1385.10
4862,94563978616,272.80
4863,73038346290,392.20
4864,117305432962,56.60
4865,3042162347,1214.30
4866,10585376604,707.30
4867,32021051973,660.60
4868,315133519,2307.00
4869,55689562778,174.20
4870,531084861,5000.00
4871,79051218346,323.60
4872,410068400,1626.50
4873,11842441595,951.20
4874,531084861,5000.00
4875,9048679156,880.20
4876,104537677,2804.90
4877,32748891273,582.90
4878,666206419,1552.80
4879,4294862223,989.00
4880,66704246529,409.60
4881,16274045338,699.10
4882,14206771465,861.60
4883,135030674054,178.80
4884,46615966177,256.30
4885,47160679945,329.30
4886,17229179969,683.70
4887,210693561276,60.40
4888,39204362712,499.20
4889,3113187844,1004.00
4890,52304201535,217.50
4891,4457902310,1103.40
4892,154942723702,137.20
4893,2509155806,1264.60
4894,3088438387,1076.00
4895,227930907,2106.10
4896,289427931,2655.20
4897,357324561,1604.80
4898,275093211057,77.20
4899,570774402,1591.00
4900,56796607825,215.20
4901,12066134438,682.90
4902,320667197,2783.90
4903,18936065003,531.40
4904,5650097271,1098.00
4905,308362720,4477.20
4906,392708257,1455.60
4907,1708299721,1322.40
4908,507104413,1595.60
4909,23606008017,781.20
4910,276819250,2261.40
4911,103506260830,126.70
4912,26268391568,532.90
4913,462932369,1592.80
4914,7410677707,920.20
4915,531084861,5000.00
4916,56350097289,176.70
4917,54169871025,277.80
4918,7052944785,816.80
4919,273955900,1932.90
4920,15376803416,646.80
4921,6902326546,929.80
4922,25338184550,774.20
4923,16872644929,870.50
4924,275716191,2325.40
4925,61201551504,123.60
4926,24339131730,395.20
4927,31051233551,385.90
4928,68361838065,428.70
4929,31979125519,665.60
4930,18224015042,666.30
4931,25595248754,534.20
4932,114347602725,240.70
4933,158249041,1607.90
4934,36401621150,536.60
4935,54525117599,412.40
4936,166265523,3332.10
4937,8221748931,879.30
4938,531084861,5000.00
4939,762417529,1451.00
4940,38699922038,564.40
4941,44114904823,231.50
4942,21900442218,816.60
4943,531084861,5000.00
4944,43757878564,573.20
4945,22965977322,567.50
4946,253212120128,66.60
4947,110387560284,286.30
4948,10867356213,810.70
4949,17866992077,868.80
4950,113326758,2019.80
4951,184103869613,94.10
4952,123150683639,88.10
4953,308467879,1808.70
4954,50372635044,262.10
4955,59802082074,208.60
4956,238090305,1774.80
4957,18711296170,517.30
4958,287846981,2023.80
4959,40774206897,356.40
4960,157013034,2532.60
4961,4392857274381,12.10
4962,12377360517,960.40
4963,25149577458,787.50
4964,2225958973,1108.60
4965,261821955,2570.80
4966,57716540629,156.10
4967,117573068149,269.90
4968,321325608,2633.40
4969,135262883405,148.10
4970,58316994507,413.30
4971,31439408101,403.90
4972,11020047663,935.20
4973,4533054451,1070.40
4974,3598674243,1113.40
4975,334628476,1767.50
4976,12020373144,794.20
4977,5756556054,1076.40
4978,279190794,1886.40
4979,592567230,1359.90
4980,299397984,3621.50
4981,4338523864,1091.60
4982,869188093,1459.30
4983,753797032,1478.50
4984,254477818484,58.50
4985,252115600,2269.90
4986,24522417318,396.00
4987,23145147964,751.20
4988,313482944,2463.40
4989,5354863492768,14.00
4990,126287639700,131.20
4991,14445429163,701.70
4992,27110226307,664.50
4993,34460892802,348.80
4994,270993698,2671.00
4995,94110458206,207.50
4996,10141507076,929.90
4997,80710658042,333.90
4998,39973451648,610.60
4999,92650784577,322.50
5000,33700776385,143.00
5001,2903316580,1206.20
5002,159904891370,149.20
5003,212114546,2892.50
5004,1994453395,1282.10
5005,10466470048,943.90
5006,36370357207,242.10
5007,23440072787,400.10
5008,243419741,2701.90
5009,312855238,2456.10
5010,531084861,5000.00
5011,36151918755,584.30
5012,121977015138,212.50
5013,55334016251,500.80
5014,42779307501,317.20
5015,3735841553,1012.20
5016,50454522920,406.20
5017,28588494154,398.30
5018,138410597466,164.70
5019,31412768546,395.80
5020,81074933344,258.10
5021,184103454,1654.10
5022,19309390148,793.10
5023,553169894394,23.40
5024,31957912367,420.70
5025,366391785,3573.70
5026,3042567442,1187.80
5027,290577449,3148.70
5028,20477732524,458.60
5029,153193171844,149.80
5030,232193976,1994.00
5031,114853532068,136.30
5032,340418222,1742.30
5033,15745089185,881.30
5034,17465179720,641.90
5035,84778675655,61.30
5036,276466476177,71.80
5037,6957840808,1052.70
5038,124877853,1788.20
5039,3931047644,1023.90
5040,368590370,3272.30
5041,531084861,5000.00
5042,33740333121,255.20
5043,17316148446,622.10
5044,278446888,2519.80
5045,226848561,2867.30
5046,5424939985,1106.20
5047,42030838995,553.50
5048,91021894661,288.50
5049,211444629,4012.80
5050,385524188,3458.40
5051,35773570220,311.10
5052,328827294,3215.00
5053,9427894276,595.20
5054,3418277799,1139.00
5055,9635694581,645.40
5056,475026333935,31.20
5057,3605423900,1155.80
5058,148089575656,165.40
5059,15767170527,826.90
5060,2222465722,1228.30
5061,3425460734,1193.10
5062,282521252,1740.10
5063,140356342893,204.70
5064,4288870938,1135.70
5065,3952927932,1185.40
5066,247243563,2446.10
5067,531084861,5000.00
5068,10314452724,752.30
5069,3446074005726,16.80
5070,15248415281,573.10
5071,556352954,1331.50
5072,26699987518,669.80
5073,531084861,5000.00
5074,1182859759,1427.70
5075,331562022,1717.30
5076,2148625169,1123.80
5077,58287692436,359.60
5078,29527784163,266.70
5079,25395152521,48.40
5080,276753503,2381.00
5081,44263654662,316.30
5082,53991868592,117.20
5083,105529434774,51.90
5084,88509679925,249.60
5085,360252407,1721.50
5086,8519299743,870.10
5087,33327064529,378.20
5088,159201280761,154.40
5089,361215203,3757.40
5090,242477999,2193.60
5091,27737899235,747.90
5092,297964085,3238.70
5093,1426246439,1177.30
5094,232322220007,79.10
5095,27058402457,685.60
5096,3980196053,1117.90
5097,255100932,2723.00
5098,66951450383,382.20
5099,50795548638,222.60
5100,922676054962,25.10
5101,42055888900,205.00
5102,18780441574,554.50
5103,3684757169,1129.10
5104,471059281,1567.20
5105,416028981,1579.60
5106,591521385623,36.20
5107,264046833,3510.30
5108,126601513,1882.50
5109,23749354440,410.10
5110,10614016023,979.30
5111,18396047681,865.10
5112,2780470251,1001.40
5113,315633843,2072.50
5114,30065960283,251.30
5115,309060393,2777.10
5116,17180141003,837.60
5117,32502237970,586.80
5118,7377529197,1051.60
5119,84706253712,300.20
5120,531084861,5000.00
5121,278797011,2172.10
5122,276814649,1549.20
5123,5209840013,1111.60
5124,567185070,1512.60
5125,9520222717,841.30
5126,42917671255,523.90
5127,7281812454,1048.90
5128,714314267,1492.90
5129,37336058612,659.20
5130,399184918,1665.00
5131,1202889857028,25.00
5132,24756502513,792.80
5133,14216755842,691.60
5134,2590787860236,35.20
5135,12857329681,513.90
5136,337702883,3096.80
5137,1418986493,1232.20
5138,37208070974,368.70
5139,185059898,1905.50
5140,10395601835,906.70
5141,32495018226,605.30
5142,287901410,2009.10
5143,1110737811,1361.20
5144,50732506465,199.50
5145,311381592,2154.60
5146,49193194030,198.20
5147,6772752686,811.60
5148,32425444748,701.00
5149,21881879361,776.30
5150,531084861,5000.00
5151,296438740,3566.20
5152,56331748610,226.00
5153,136675042379,92.40
5154,60797850957,463.80
5155,10968251154,955.10
5156,61140289312,364.40
5157,15051296282,577.00
5158,9427894276,595.20
5159,111921086253,250.80
5160,88998882966,322.80
5161,1589674051,1142.50
5162,531084861,5000.00
5163,119403533422,178.30
5164,106845518771,229.60
5165,5100590299,1116.30
5166,5851551995,1056.70
5167,41925866490,483.80
5168,3754481078,1110.40
5169,137631780782,112.80
5170,17845165953,444.30
5171,7205925351,1050.00
5172,2330032822,1238.60
5173,217666701,2694.70
5174,300526619,2501.20
5175,27143596592,478.30
5176,289398240,2614.00
5177,2073498466,1277.10
5178,10723620639,694.10
5179,112387668638,147.00
5180,361211261,3929.70
5181,122017009701,163.00
5182,174349647919,59.40
5183,32615127474,673.40
5184,69857211878,385.80
5185,22856666769,774.40
5186,10863112731,785.20
5187,50460896658,221.20
5188,1893824747151,28.60
5189,4043807581,1150.40
5190,286906657,3437.10
5191,531084861,5000.00
5192,36682181495,644.90
5193,99612523706,274.40
5194,203796331,1636.10
5195,46270772147,329.70
5196,230459359,4614.70
5197,23698845609,447.50
5198,51569678242,423.10
5199,35647148167,308.40
5200,4041316747,1112.80
5201,248946740,2291.50
5202,9712070837,997.90
5203,367128802,3401.80
5204,38785142952,560.80
5205,1865914113,1333.30
5206,347980932,3736.20
5207,647346200,1558.20
5208,2817905336,1234.10
5209,2993539121,1228.10
5210,393967087,1600.30
5211,64530370979,321.30
5212,248681632,2116.00
5213,17925251883,648.80
5214,501923540268,24.40
5215,1234989910468,19.30
5216,33117011800,625.10
5217,311421922,1694.50
5218,531084861,5000.00
5219,1558534683,1332.90
5220,48724669519,225.20
5221,2035272574,1070.20
5222,339148329,3577.90
5223,125433899013,121.70
5224,539567468964,40.20
5225,5685240773,1059.60
5226,43679398316,235.80
5227,15546183268,555.30
5228,842444868,1260.20
5229,87344752785,267.00
5230,263361031,3014.00
5231,312734925,2149.60
5232,27152295366,490.60
5233,240239196,1975.40
5234,185215050680,75.70
5235,75738816662,313.50
5236,60558102680,392.00
5237,340127237,2020.80
5238,22185811369,571.70
5239,378793295,1719.30
5240,285424004,2260.40
5241,142140660065,111.90
5242,2690514829,1239.20
5243,531084861,5000.00
5244,71390339287,341.90
5245,81356801473,277.20
5246,2034462675,1130.60
5247,16745515826,400.60
5248,10416559641,758.70
5249,6412566494,1073.80
5250,531084861,5000.00
5251,29060570631,637.10
5252,393235887,1573.80
5253,92689734180,68.50
5254,121489234982,158.10
5255,4025775089359,15.10
5256,3138175372,1204.20
5257,321862689,4871.00
5258,2502466201,1243.10
5259,577081048,1544.90
5260,13556051139,743.90
5261,491915055,1437.50
5262,313272948,4929.00
5263,26197229809,622.70
5264,66519635431,443.20
5265,6013440705,1026.30
5266,33343670963,583.00
5267,6902326546,929.80
5268,58963794275,135.50
5269,275302500,2688.80
5270,12478713412,967.40
5271,285036576,1661.30
5272,818493503892,40.60
5273,17916187514,810.30
5274,211118725,2245.20
5275,531084861,5000.00
5276,18633079530,817.50
5277,6234622680,903.40
5278,32636074110,689.70
5279,27304596434,736.50
5280,213311389,2029.00
5281,38634444621,103.80
5282,97605762945,210.10
5283,10376147123,817.10
5284,114587092820,187.60
5285,75207515489,72.00
5286,6819677144,1065.00
5287,282451865,3848.90
5288,60331006642,196.70
5289,333299888,3115.20
5290,315108540,4608.00
5291,35902457648,574.90
5292,1558198367,1378.40
5293,103957295447,164.50
5294,28808293870,234.50
5295,106961320729,222.30
5296,531084861,5000.00
5297,319987702,3510.70
5298,323175040,2574.40
5299,252167466677,50.40
5300,1685120508,1302.20
5301,90938391381,221.90
5302,13329716522,874.20
5303,1360496630,1312.60
5304,38599598851,585.60
5305,91956515138,339.70
5306,46896921974,496.60
5307,304091866,2201.20
5308,269951198,3506.40
5309,130047859690,68.00
5310,33113851802,323.10
5311,309009446,3188.50
5312,420093653,1665.70
5313,531084861,5000.00
5314,128683786338,210.20
5315,33704020022,627.10
5316,5649175398,769.80
5317,72740230572,366.00
5318,5546481387,939.30
5319,390683623,3362.10
5320,76991304196,186.20
5321,233034324,2617.70
5322,113326758,2019.80
5323,527186245,1507.00
5324,531084861,5000.00
5325,137478612495,106.00
5326,531084861,5000.00
5327,1823516306,1329.10
5328,249478669,4354.40
5329,106489386181,190.70
5330,57341621930,275.80
5331,15138506578,694.50
5332,91585811329,84.30
5333,33916190173,581.40
5334,62308992382,338.30
5335,887287566,1464.60
5336,30874195126,577.20
5337,37279184989,307.30
5338,29635949791,358.80
5339,73631449953,186.60
5340,45720325258,247.10
5341,9018980436,626.80
5342,56323739318,283.40
5343,19527281191,804.40
5344,240939136,2994.70
5345,29650349533,737.60
5346,20532652810,482.50
5347,10371748931,516.50
5348,2769130808129,1.70
5349,229218354,2086.40
5350,31118938753,381.00
5351,237699024,1883.10
5352,26805991729,630.20
5353,307705311,2252.70
5354,367104912,3631.00
5355,142364818,2134.70
5356,124877853,1788.20
5357,4585218139,1136.10
5358,7016926453,824.30
5359,39473764137,212.60
5360,531084861,5000.00
5361,32381175784,601.90
5362,401399857,1577.30
5363,130118107948,158.50
5364,43085614671,449.60
5365,38307982236,494.20
5366,290078049,2286.60
5367,389187408,3591.10
5368,7479577911,687.70
5369,58671648972,412.10
5370,29666225705,632.40
5371,2224944809,1306.20
5372,2284780809657,20.10
5373,30551766278,312.20
5374,1897151061,1247.90
5375,297969112,3201.80
5376,53538943929,221.00
5377,573444946,1569.10
5378,325504324,1622.10
5379,587900679,1408.00
5380,1754765005,1327.60
5381,27889459695,641.60
5382,37243346055,327.90
5383,13726305351,869.70
5384,210084142,2316.10
5385,150785576,1618.00
5386,15376721676,707.60
5387,2820013882,1175.00
5388,8781372746,796.00
5389,521970659012,39.80
5390,19837097976,488.30
5391,55679821711,288.10
5392,8342860943,587.60
5393,579518208,1528.90
5394,3259009422,1152.30
5395,85984601889,319.40
5396,20939655834,566.80
5397,13783304215,591.00
5398,284460763,2935.10
5399,138413975788,73.80
5400,282890393,2133.60
5401,262588553,3852.70
5402,455751763,1657.70
5403,2613338577142,31.00
5404,269616496,1709.30
5405,47892344337,461.00
5406,209696856,1943.50
5407,142458054808,186.30
5408,67965182674,51.70
5409,142484424027,128.80
5410,40096791392,144.90
5411,750326450893,36.00
5412,45947616859,266.40
5413,430766930,1613.00
5414,31225612774,141.50
5415,25549808537,444.00
5416,1708699779,1342.90
5417,110113850723,239.90
5418,104107666297,84.00
5419,121739722524,194.70
5420,289350837,1742.20
5421,41021147799,548.00
5422,322891125,1765.70
5423,136117580030,125.70
5424,65804110100,334.80
5425,107436794106,301.30
5426,37208070974,368.70
5427,44875898069,588.30
5428,263007703,2680.60
5429,295129545,1858.20
5430,69516290787,175.20
5431,1950622143106,42.40
5432,35851857822,663.40
5433,1195379403648,22.60
5434,54342363195,421.50
5435,4917566783,1041.50
5436,273555251,1872.10
5437,18749232571,758.00
5438,431446692,1434.20
5439,25158471360,741.10
5440,393615167,3645.30
5441,99466239218,197.10
5442,26678010480,499.70
5443,58124689757,384.20
5444,52198450629,440.80
5445,85021207638,314.70
5446,6764271339,925.80
5447,531084861,5000.00
5448,39988857641,172.10
5449,42942570413,454.80
5450,241534030,1774.20
5451,1153719784724,43.50
5452,30499735200,453.40
5453,110196039705,183.80
5454,19753231878,761.00
5455,48174353298,240.60
5456,143492708677,147.40
5457,224468937,1968.50
5458,18357316992,852.80
5459,300384348,4954.30
5460,40649816726,622.50
5461,203772419,1997.00
5462,746564805,1458.10
5463,34333746082,545.70
5464,230395296,2180.90
5465,129700744559,152.20
5466,4003356980,1180.70
5467,1061991182,1281.00
5468,39046884520,472.80
5469,14838870904,684.60
5470,56039905087,433.30
5471,77939653065,344.50
5472,291195809,1843.30
5473,1642446645,1300.60
5474,25518860007,750.10
5475,2449239196,1252.10
5476,249540222,2583.40
5477,255950629,3234.50
5478,38501368486,370.80
5479,5329996123,826.60
5480,6782152426,1027.40
5481,111502413281,192.50
5482,53456079525,526.10
5483,531084861,5000.00
5484,134880540353,107.70
5485,18274575128,554.40
5486,245285912,2620.00
5487,138320231174,82.60
5488,1295248370,1366.00
5489,6425265087,865.60
5490,57278961209,113.60
5491,36483318529,519.70
5492,302233977,4070.00
5493,22287272889,720.10
5494,33876594686,319.70
5495,319265371,3628.60
5496,3406387938,1201.70
5497,242864625046,85.50
5498,131590091831,243.20
5499,310273621,2745.60
5500,75339753357,119.50
5501,25310710486,633.10
5502,115414123582,77.80
5503,2145781666973,12.60
5504,382492898978,40.90
5505,30561387799,648.20
5506,245334455,2042.00
5507,208434786,2756.60
5508,144230231471,179.30
5509,1429837911,1339.50
5510,9491167048,943.40
5511,112249066117,61.40
5512,64826607496,68.30
5513,13084360138,921.40
5514,22774690995,124.60
5515,14620132583,652.80
5516,72687775699,72.90
5517,2468294913,1192.80
5518,4377272697,980.40
5519,30672567620,684.40
5520,320030688,3298.10
5521,118583774631,255.40
5522,222687640,2409.40
5523,233077575,1602.30
5524,3716575827,1171.30
5525,74650822014,81.20
5526,531084861,5000.00
5527,14376059488,546.00
5528,15294107529,650.40
5529,359749852,3133.80
5530,531084861,5000.00
5531,846653647,1422.40
5532,5755756747,789.10
5533,15662672079,920.40
5534,208066558,2383.70
5535,4336390955,1145.50
5536,103617619673,205.70
5537,134546536514,200.20
5538,217588626,4287.20
5539,79912701960,359.20
5540,3752735170,1113.00
5541,115545664198,149.00
5542,3735841553,1012.20
5543,12177625008,628.70
5544,240308129,1758.90
5545,73385771605,144.80
5546,234771219,2971.00
5547,9018980436,626.80
5548,141357621,2080.10
5549,310203138,4734.00
5550,799963597,1477.10
5551,256767811,2060.40
5552,633312307,1547.50
5553,12807383376,953.80
5554,3359853236,1210.90
5555,58318342217,256.10
5556,18320198383,834.70
5557,17070456968,561.70
5558,122745350564,100.20
5559,6065113952,1077.40
5560,4843835841483,10.30
5561,531084861,5000.00
5562,251422812,2479.90
5563,320019481,3629.50
5564,631657708,1386.60
5565,252181734777,88.00
5566,99367232291,55.00
5567,86589952036,73.30
5568,228075484,1891.80
5569,3336779614,1132.60
5570,21907995044,529.30
5571,376679454,3769.60
5572,54442447714,516.00
5573,326637913,1773.90
5574,24151502093,348.90
5575,28063496857,317.90
5576,22234090613,538.30
5577,10016657524,773.10
5578,98044897090,245.60
5579,96208169184,301.00
5580,76766517307,325.70
5581,260366738,3662.00
5582,354293808,1644.30
5583,531084861,5000.00
5584,211206402,2338.10
5585,546314486,1562.00
5586,31396302822,330.10
5587,50793000039,103.90
5588,106204681,2146.40
5589,208988772,4932.60
5590,534045673,1506.80
5591,110275747296,262.20
5592,139696714972,81.40
5593,14512070619,589.60
5594,26557763277,387.10
5595,392909286,3153.60
5596,45139931732,453.60
5597,28773602526,627.40
5598,252865368078,63.60
5599,291526827,1722.40
5600,142803156029,127.80
5601,254389021,1701.10
5602,24213643186,770.30
5603,8283984740,984.70
5604,20151220939,751.50
5605,25139485329,539.00
5606,5116431435,971.40
5607,36896975547,642.10
5608,322308542,1777.00
5609,290556610,3211.20
5610,274011057,4334.40
5611,740086256,1498.90
5612,13418623609,855.10
5613,7096602212,842.40
5614,37318745372,525.80
5615,154882736863,132.10
5616,531084861,5000.00
5617,14623476506,825.00
5618,570968448,1399.60
5619,45656326721,282.50
5620,13377111992,858.30
5621,62160200073,100.90
5622,269170144,2633.00
5623,910049153,1415.50
5624,19860037114,742.50
5625,6146438278,569.00
5626,312069343,2905.10
5627,6849081670,1067.50
5628,192581727,1924.00
5629,33163555871,642.70
5630,1744458824556,27.80
5631,316649661,1675.70
5632,28935129378,241.00
5633,256940338,1897.20
5634,66213228543,437.60
5635,12147905264,793.90
5636,531084861,5000.00
5637,33503367713,395.10
5638,225348231,2152.20
5639,685370643741,39.50
5640,8422105400,898.60
5641,267157224,2141.30
5642,17316148446,622.10
5643,531084861,5000.00
5644,287604288,3813.10
5645,216359410,4448.20
5646,161848786188,116.60
5647,5656399160,922.40
5648,91098095063,328.60
5649,116303619372,206.70
5650,491302315883,34.20
5651,321983352,2622.00
5652,8369759709,1017.30
5653,280701753,2324.70
5654,1146367451,1428.50
5655,34147148972,553.20
5656,1104607539296,9.50
5657,268496308,4154.90
5658,46608608934,567.10
5659,3026905245,1218.90
5660,68993035725,409.20
5661,287774981,2266.60
5662,7893244894,1005.70
5663,37644710036,576.00
5664,23294290161,671.90
5665,531084861,5000.00
5666,88995065751,331.60
5667,37019109044,564.00
5668,11290836494,919.50
5669,77970315720,169.10
5670,326370163,2104.70
5671,531084861,5000.00
5672,17848703775,328.50
5673,41930823187,314.10
5674,674042453348,47.70
5675,69332677983,134.30
5676,21848348120,829.50
5677,285202705,2482.40
5678,310813572,4489.20
5679,147625531,2182.80
5680,297020812,1742.00
5681,54731071892,483.00
5682,4639364489,1061.80
5683,9222509643,947.10
5684,4010377833222,2.40
5685,294311402,2706.00
5686,229686359148,74.50
5687,24094462039,442.60
5688,49640497118,514.30
5689,279538831,3284.70
5690,2485743435,1249.10
5691,292423807,4021.50
5692,40685723469,533.70
5693,28269693947,604.20
5694,32164549721,673.90
5695,123908134443,166.20
5696,1223122702,1391.30
5697,60243399741,454.30
5698,4388058122,1133.60
5699,531084861,5000.00
5700,38592957035,103.50
5701,71916350301,396.90
5702,39080986428,575.70
5703,222537665,1927.10
5704,32380102036,698.90
5705,189210530,1918.00
5706,1241564070,1397.90
5707,49925502224,315.70
5708,47187062869,205.10
5709,276577810,3387.60
5710,248154718,1818.40
5711,23571385781,444.80
5712,23065091353,492.20
5713,253529780,1850.00
5714,64064081909,354.30
5715,256224215,4569.50
5716,63719096421,408.70
5717,4122035600,988.60
5718,22222555182,483.20
5719,531084861,5000.00
5720,71015893981,345.30
5721,265459974,2721.30
5722,269307354433,74.70
5723,363477574,3234.10
5724,33550386212,288.30
5725,4582690468,962.20
5726,257493970,3001.30
5727,289616803,2269.50
5728,33066319536,691.20
5729,161874205537,132.40
5730,370428917,1726.20
5731,18929461184,820.80
5732,52005307894,174.00
5733,101447154163,275.50
5734,17095961599,615.90
5735,109751665984,271.90
5736,567661265,1565.40
5737,9544628991,963.40
5738,15922722522,348.70
5739,847167505,1442.60
5740,63139937378,50.90
5741,1940034316,1160.70
5742,240345565,2901.50
5743,11883325177,913.50
5744,53214665337,108.80
5745,69070721179,413.90
5746,301481147,2028.10
5747,206535688,4041.10
5748,817132965,1444.30
5749,1330676155,1385.30
5750,185522561938,64.90
5751,112595987351,157.30
5752,531084861,5000.00
5753,1937602551214,32.10
5754,98844433366,212.80
5755,37265440975,655.20
5756,5546481387,939.30
5757,381824290,3643.50
5758,46795786084,315.50
5759,50279329406,199.80
5760,3935288999,1134.20
5761,110842100611,173.90
5762,22355202081,690.90
5763,181392844573,57.60
5764,60296165622,152.90
5765,9457028389,935.40
5766,3235623731,1200.10
5767,11118300212,909.40
5768,94011241187,210.30
5769,16807348104,878.40
5770,458083966,1642.10
5771,24725996799,784.00
5772,14583159309,902.00
5773,71955114822,327.10
5774,298545771,4797.60
5775,905985118,1475.40
5776,17342634315,530.70
5777,9716182972,994.50
5778,5174745743,1078.50
5779,5725511871,1019.60
5780,2237585195,1291.00
5781,531084861,5000.00
5782,61620445393,458.90
5783,33223440219,664.10
5784,123384081243,247.60
5785,43237259087,435.30
5786,25370561606,649.00
5787,268761423313,54.70
5788,288129571,4525.20
5789,250695822,4572.60
5790,7479577911,687.70
5791,35517157908,202.00
5792,201111475205,83.40
5793,78842950438,306.20
5794,153335316019,182.30
5795,146405274,2211.80
5796,808264705,1294.10
5797,531084861,5000.00
5798,301627541,3342.30
5799,68579456956,50.20
5800,27748329141,737.80
5801,114965606792,148.70
5802,56796607825,215.20
5803,23138993974,806.70
5804,37321272538,273.70
5805,27398825679,668.70
5806,12536022369,656.20
5807,324932552,4217.30
5808,319495873,2785.50
5809,10380866580,802.70
5810,247745751,1788.60
5811,37247175639,638.70
5812,228068163,2970.10
5813,124027347398,67.90
5814,5657860461,1107.30
5815,215130854,4086.40
5816,5529496032,1114.10
5817,283670652675,98.90
5818,64339175633,370.70
5819,2491981243248,21.20
5820,11409303194,997.70
5821,50929796939,393.80
5822,49193194030,198.20
5823,1216528467166,18.20
5824,280852139,1795.00
5825,23863519072,686.70
5826,6072343516,1051.30
5827,1517404220,1338.70
5828,686821560,1529.40
5829,27467276061,639.40
5830,7644128605,677.30
5831,33435645506,697.70
5832,30311808350,631.90
5833,226919339,2432.10
5834,6772752686,811.60
5835,35492664785,676.80
5836,28138967594,484.60
5837,204800855,1897.30
5838,33625071957,333.30
5839,77926299864,175.90
5840,67749435341,362.90
5841,531084861,5000.00
5842,97579218287,75.40
5843,4438895549416,17.20
5844,1233155465,1398.00
5845,45141561741,497.80
5846,531084861,5000.00
5847,35454808141,290.70
5848,15397262024,886.20
5849,29416632554,421.60
5850,271081372,1917.20
5851,2808109386,1108.10
5852,3419719740,1190.30
5853,541544325615,24.10
5854,47770030445,210.50
5855,1624729797,1229.80
5856,49435152336,177.30
5857,277681469,2010.20
5858,35773570220,311.10
5859,45435175439,331.40
5860,227060707958,65.00
5861,28518607276,705.30
5862,270654247,1680.30
5863,2073719718,1249.20
5864,2126649228,1128.10
5865,137978668349,136.00
5866,79681266528,328.90
5867,10897585789,784.90
5868,225093907,1945.80
5869,1422063972,1357.60
5870,1579810795,1293.70
5871,47680397725,473.40
5872,25385467021,709.40
5873,9784362288,721.60
5874,4841094827,1133.10
5875,19637367358,496.40
5876,2061454396,1282.00
5877,40220179941,248.30
5878,21640014591,825.70
5879,391426803,1659.00
5880,17229179969,683.70
5881,381851564,3205.20
5882,560967204,1594.00
5883,531084861,5000.00
5884,39429018272,591.60
5885,7900695087,839.50
5886,2783103680,1231.80
5887,131263759226,204.60
5888,85606545142,349.10
5889,33808467639,155.10
5890,647672478,1358.70
5891,8674994905,884.40
5892,72579945241,169.80
5893,89474108204,286.10
5894,1782987352,1283.60
5895,1285281827,1245.40
5896,1285281827,1245.40
5897,10988363764,663.90
5898,531084861,5000.00
5899,57555160254,437.20
5900,531084861,5000.00
5901,33110623814,375.40
5902,31499018559,681.80
5903,983259165,1239.00
5904,758342786,1472.20
5905,400729734,1704.80
5906,51360892181,225.10
5907,59845993582,417.50
5908,9144310159,677.60
5909,107309687043,170.20
5910,30495322359,649.80
5911,51623857998,521.80
5912,138464763103,172.30
5913,301008550,4578.40
5914,21834617755,547.10
5915,864995140108,28.10
5916,38612267795,350.60
5917,118375283649,210.00
5918,52615224894,299.70
5919,514608512,1618.90
5920,40634586977,355.10
5921,53035903189,414.80
5922,96677450644,318.60
5923,59355562392,167.20
5924,285911354744,91.10
5925,531084861,5000.00
5926,39766911967,578.40
5927,61857158538,432.30
5928,68145735174,397.10
5929,28063496857,317.90
5930,5116431435,971.40
5931,659539174,1547.90
5932,254404463,2966.00
5933,16219202870,891.40
5934,22161714571,511.30
5935,119659668347,150.20
5936,34222035300,165.30
5937,51858397503,394.30
5938,531084861,5000.00
5939,92418829896,306.60
5940,323713930,4055.10
5941,208477081,1681.10
5942,105685944421,230.00
5943,70364359839,209.30
5944,7644128605,677.30
5945,8871082199,999.00
5946,26268391568,532.90
5947,18328764445,492.70
5948,180953906635,88.90
5949,296348486,2430.90
5950,27075016538,343.30
5951,41978582034,334.40
5952,108168531241,200.70
5953,44007757382,291.20
5954,48928329697,440.00
5955,28612765766,241.50
5956,20244542673,520.20
5957,638014706,1522.60
5958,1438369578,1342.70
5959,28248698017,384.10
5960,28376754902,657.30
5961,239717683,1754.70
5962,531084861,5000.00
5963,136715454890,187.40
5964,51825976287,386.00
5965,64635411857,178.50
5966,16830620519,419.80
5967,238653077,1844.10
5968,139696714972,81.40
5969,66526008450,348.20
5970,52032470431,507.10
5971,18235574831,522.00
5972,531084861,5000.00
5973,79997659335,383.50
5974,32268772181,220.30
5975,36295747383,158.30
5976,36900685427,293.20
5977,6836506473,1006.90
5978,27797962845,353.00
5979,307839498,1726.50
5980,213818272,1904.80
5981,306732542,3721.20
5982,266562799,1600.10
5983,4658371532622,8.00
5984,18328147509,296.50
5985,2209420257,1270.30
5986,6230888916,934.10
5987,1001591873,1447.40
5988,12649611871,647.40
5989,947719219,1429.70
5990,65510109302,356.60
5991,45985530056,580.40
5992,58060414064,242.70
5993,257526577,2182.60
5994,44201825266,430.80
5995,293749852,2593.00
5996,30726162367,710.50
5997,98002123874,323.70
5998,46469860898,423.70
5999,28769857889,742.40
6000,5233249873,1105.10
6001,5120970090,1091.40
6002,25570240748,345.80
6003,131912730733,169.60
6004,3223003028617,19.60
6005,531084861,5000.00
6006,14942447754,911.70
6007,70676266125,308.50
6008,27998026717,693.00
6009,7599624823,840.40
6010,154001789655,112.00
6011,21471200678,784.10
6012,51748311771,490.10
6013,21845274344,498.30
6014,10867356213,810.70
6015,227778976,1961.60
6016,313940937,2890.10
6017,2811802855,1236.70
6018,15060442116,692.00
6019,5615182510,1042.50
6020,531084861,5000.00
6021,261323184,1933.10
6022,6855188932,851.40
6023,41316236371,611.50
6024,21079088478,255.00
6025,19347885493,492.50
6026,7599624823,840.40
6027,269220344,3231.50
6028,319990527,3878.80
6029,48700970953,537.70
6030,1960449622512,19.00
6031,224363726,2862.50
6032,1729867712,1351.10
6033,3089973026860,14.90
6034,11552985826,634.70
6035,126360108288,103.40
6036,638526369,1478.90
6037,42311061654,288.60
6038,537603664184,30.80
6039,15041899215,631.00
6040,326877174,2566.40
6041,14229746782,731.60
6042,17301157714,835.60
6043,15180704705,463.70
6044,52031030000,536.70
6045,5206143097,1061.90
6046,328044228,2308.40
6047,328079440,1468.40
6048,127312152228,184.70
6049,133734299686,62.80
6050,583950618,1578.50
6051,300384449,4854.50
6052,1599593087,1194.10
6053,43502803598,236.60
6054,119581140935,131.40
6055,35591989023,585.70
6056,48291874078,189.00
6057,5197484723,1124.40
6058,116763547149,208.00
6059,211760906,1906.80
6060,1902859036,1146.20
6061,130260625774,111.40
6062,57873923458,360.80
6063,15248415281,573.10
6064,38576287210,371.40
6065,367847783,3851.70
6066,301940579,1772.60
6067,12342811094,640.10
6068,78485975695,337.20
6069,839010589735,24.70
6070,234027103,1804.60
6071,115414123582,77.80
6072,50303351455,464.10
6073,17763893066,523.50
6074,72044795406,317.10
6075,35088476055,212.10
6076,365183328,1712.20
6077,8726112742,819.40
6078,21360778540,269.50
6079,1934980876,1301.50
6080,12177625008,628.70
6081,2345531234,1227.20
6082,36821069663,583.60
6083,16211662975,584.70
6084,300126251,3951.80
6085,2369598547,1209.80
6086,16616389794,890.80
6087,70904289832,327.60
6088,1226443923,1350.40
6089,531084861,5000.00
6090,104011662281,296.00
6091,24019765996,767.00
6092,22097270554,779.40
6093,14798384605,889.20
6094,25292689582,735.20
6095,27178536214,723.90
6096,11126566223,936.60
6097,9973344492,843.50
6098,46801580899,547.80
6099,250137719,2836.30
6100,32537668029,650.30
6101,120658418878,194.50
6102,192393908,3602.50
6103,300412786,2989.30
6104,48851813200,398.60
6105,223086712,2217.00
6106,272260664,2718.50
6107,21968598009,529.10
6108,11783248217,781.70
6109,372326407,3130.70
6110,38353439108,530.50
6111,28117801722,397.20
6112,534365113,1405.40
6113,23373686698,692.80
6114,115797195842,203.50
6115,632788656,1541.40
6116,8962235438,957.30
6117,49534546710,452.40
6118,21619889136,692.40
6119,267464604,1785.00
6120,14867046597,813.50
6121,19430035215,740.60
6122,1226705527,1125.30
6123,42197050130,285.90
6124,1220053909,1404.40
6125,20410933361,617.40
6126,65286230984,369.30
6127,269720240,4337.10
6128,1384394435620,20.70
6129,295517432,2979.80
6130,32736719890,681.90
6131,36735263048,662.90
6132,16889863569,656.80
6133,303902105,1787.30
6134,73946066917,111.50
6135,531084861,5000.00
6136,25661236288,458.50
6137,320638936,4151.00
6138,20080931197,522.40
6139,531084861,5000.00
6140,28808293870,234.50
6141,3497069119,1040.10
6142,16469522623,881.70
6143,36510019653,590.40
6144,79712739654,324.50
6145,117305432962,56.60
6146,556352954,1331.50
6147,56159550047,434.90
6148,3192434264,1139.70
6149,103878244270,67.50
6150,67288198511,433.40
6151,57233784552,481.20
6152,14645679046,893.80
6153,347220515,3841.00
6154,91748268580,215.30
6155,48910883060,448.10
6156,15071780462,711.60
6157,21212336324,838.50
6158,531084861,5000.00
6159,10371748931,516.50
6160,48147945543,198.80
6161,315598498,3553.10
6162,18477082008,422.90
6163,52185480883,469.00
6164,18044049476,602.60
6165,100424287526,277.10
6166,625875170,1571.80
6167,3431679436,1064.40
6168,41747567504,585.00
6169,100404688,1858.80
6170,531084861,5000.00
6171,321558447,2416.50
6172,2952288819,1184.10
6173,23940227439,342.90
6174,232089009,2091.70
6175,11814769797,548.10
6176,463511425,1631.20
6177,184979910,1995.40
6178,275959891,2120.10
6179,8420404062,962.80
6180,299365444,2095.40
6181,53214665337,108.80
6182,59817225062,448.90
6183,1710829111,1327.00
6184,52958917415,118.60
6185,13416353882,937.20
6186,332880861,1639.40
6187,15458775600,430.00
6188,2443045181710,33.30
6189,244031043,2892.20
6190,33550386212,288.30
6191,30065960283,251.30
6192,126839217796,133.10
6193,8711809339,850.20
6194,293421251,2152.90
6195,369356422,3285.20
6196,16343752197,643.90
6197,56323739318,283.40
6198,24469537696,447.90
6199,2928646317,1184.70
6200,9911570339,855.00
6201,213194637,1940.30
6202,52568892474,159.70
6203,528749564,1542.40
6204,77549122625,159.50
6205,581844899,1546.70
6206,41693327994,589.40
6207,228002582,4901.10
6208,9652771159,995.00
6209,140203513634,133.90
6210,71140470294,411.30
6211,31938745944,684.10
6212,32762866781,267.20
6213,45839550519,106.50
6214,78791596581,269.70
6215,86274809050,303.50
6216,250127561,3090.20
6217,35562150672,212.70
6218,293696321,2795.40
6219,26766999282,117.10
6220,271277151,1956.50
6221,40454190594,296.60
6222,7852468991,995.80
6223,1789999555,1321.90
6224,346473976,1740.60
6225,89790100475,347.70
6226,1147563654666,24.60
6227,23892118027,568.50
6228,106675096662,213.90
6229,609777181067,38.20
6230,3172303786,1154.00
6231,11814769797,548.10
6232,1358691667,1384.90
6233,66421114963,225.90
6234,16408900080,791.90
6235,239534923,2065.10
6236,94839974307,201.70
6237,236042458,2808.00
6238,33389366050,240.40
6239,28063496857,317.90
6240,2080939082,1315.80
6241,531084861,5000.00
6242,16031707024,856.50
6243,531084861,5000.00
6244,12597579271,567.20
6245,80351100962,84.80
6246,33187788270,311.50
6247,25383067939,389.10
6248,478885080,1582.40
6249,118387494837,183.30
6250,250088317,3452.40
6251,517331397,1578.00
6252,55034729571,501.40
6253,231153111,2700.40
6254,135563909201,167.40
6255,531084861,5000.00
6256,34070123245,393.90
6257,3419275205,987.20
6258,98694568108,277.60
6259,45870701402,466.70
6260,1807292101,1191.40
6261,15503483194,824.10
6262,130053481805,213.50
6263,34641533442,622.00
6264,149222318764,125.50
6265,20996092346,535.20
6266,1084937077563,47.90
6267,7479386189,1009.30
6268,531084861,5000.00
6269,6831353677,1005.90
6270,3154243211,970.10
6271,12408967235,942.60
6272,265964853,2120.40
6273,270561293737,71.50
6274,27467490383,642.30
6275,284536672,2612.60
6276,112401320750,284.00
6277,104040509693,156.00
6278,65396223806,397.90
6279,727840170046,25.90
6280,284004606,1806.90
6281,40454190594,296.60
6282,14711139105,686.80
6283,58783135555,48.80
6284,64198509654,58.80
6285,33700776385,143.00
6286,30583749157,465.80
6287,587900679,1408.00
6288,61588077333,416.10
6289,121621399288,252.00
6290,198232434,1845.40
6291,1899417125252,31.70
6292,121187609479,124.70
6293,5655080673,1021.90
6294,8422916141,999.50
6295,263306323,3582.80
6296,531084861,5000.00
6297,60649251390,219.70
6298,40860988831,272.90
6299,20809765393,390.70
6300,215310678,1780.60
6301,40786656815,261.20
6302,72862717774,341.60
6303,430263510,1431.60
6304,2199101707,1269.40
6305,15719078369,837.40
6306,304680555,4463.80
6307,564351455,1389.60
6308,25595248754,534.20
6309,55057825371,357.80
6310,291518322,1802.10
6311,40802357488,453.50
6312,42583790837,582.10
6313,2304497462845,22.30
6314,38283391623,497.70
6315,3089973026860,14.90
6316,145595072,2036.20
6317,531084861,5000.00
6318,531084861,5000.00
6319,65131343836,336.10
6320,6356004314,1032.40
6321,42989119811,241.70
6322,10180692777,743.20
6323,1002766125,1413.40
6324,71183738319,218.90
6325,220727197,2782.90
6326,431531442,1641.70
6327,264797944,3082.80
6328,21819108953,687.30
6329,22019972691,501.80
6330,287946748091,92.50
6331,138041452400,166.80
6332,229135386,2106.20
6333,13656631313,833.00
6334,79625780794,278.60
6335,14512070619,589.60
6336,117665550254,212.40
6337,16211662975,584.70
6338,458348360,1541.60
6339,26359909289,457.90
6340,598550041,1555.80
6341,57005852868,108.70
6342,262077710,2013.80
6343,2016590367843,12.40
6344,140081254171,125.20
6345,50824354470,149.10
6346,33550386212,288.30
6347,531084861,5000.00
6348,2109842073,1265.40
6349,315114834,4444.00
6350,531084861,5000.00
6351,59466231243,422.50
6352,42929214315,507.00
6353,239673003,4083.50
6354,1765208327,1342.80
6355,45560544275,526.20
6356,268688382,1692.90
6357,531084861,5000.00
6358,222436774,2007.80
6359,49746214516,251.00
6360,303086676,3657.80
6361,240339589,2815.70
6362,38284311794,162.20
6363,141901047340,126.80
6364,116111586094,191.00
6365,31803497236,703.60
6366,1612375935,1178.60
6367,38081812910,609.50
6368,126601513,1882.50
6369,512265772,1600.60
6370,307517937,3012.40
6371,39797247784,619.60
6372,234359375692,99.30
6373,12649611871,647.40
6374,65428209668,375.50
6375,104657675787,203.70
6376,110724398,2416.40
6377,25942486435,712.30
6378,36505837536,500.60
6379,27585714750,614.40
6380,25011037632,533.40
6381,55933001214,499.60
6382,710446724,1330.10
6383,20704629363,434.40
6384,55881835355,168.10
6385,1017690031,1227.40
6386,427932701,1415.70
6387,238753402,1842.00
6388,2785908698349,2.50
6389,41700971506,558.30
6390,15142802169,443.70
6391,107480057644,194.00
6392,308266512,1727.90
6393,307020041,2155.40
6394,41422029212,347.60
6395,53240016430,466.50
6396,29328254285,308.00
6397,6504134467,1060.40
6398,9911570339,855.00
6399,9726881286,831.00
6400,82248278960,54.40
6401,18178462688,496.50
6402,234762129,4411.30
6403,231407810,2196.70
6404,37869970874,581.70
6405,3687594168,995.70
6406,8024824018,887.60
6407,2847297167892,17.60
6408,144772208847,98.50
6409,283877258,2945.00
6410,3587904280,1142.90
6411,71777438369,186.50
6412,267900122,1870.60
6413,66108752670,373.20
6414,553492690,1588.90
6415,4882988604,1092.20
6416,12536022369,656.20
6417,239430870,2357.00
6418,2404282874,1284.10
6419,291836498,2885.10
6420,150785576,1618.00
6421,1581441287251,23.70
6422,25691936956,681.30
6423,40926093760,292.80
6424,292754390,3780.40
6425,1033517989,1228.50
6426,19278038912,504.60
6427,21196605141,557.00
6428,542313913,1556.20
6429,339644689,1764.90
6430,315927273,2443.40
6431,7110767385,898.70
6432,123716892083,83.00
6433,31388709778,381.30
6434,531084861,5000.00
6435,79176167582,127.10
6436,5445520989,953.90
6437,302345712,3862.00
6438,33740333121,255.20
6439,756411254,1461.30
6440,67943610382,377.90
6441,136604117,2256.50
6442,29933689687,701.80
6443,46207240078,484.30
6444,388699950,1633.70
6445,139635194676,167.80
6446,159025109,2039.70
6447,585473323,1568.00
6448,105150841416,90.30
6449,264582471,1998.60
6450,41735712426,467.20
6451,107722270060,91.60
6452,4806464206108,17.10
6453,531084861,5000.00
6454,1234989910468,19.30
6455,531084861,5000.00
6456,34352606380,659.60
6457,49677577545,243.00
6458,2981450514,1242.40
6459,6278728481,860.70
6460,33700776385,143.00
6461,219487328,1992.40
6462,73264185556,57.70
6463,30237138076,592.70
6464,57767961411,482.10
6465,531084861,5000.00
6466,6855188932,851.40
6467,242443957,1739.20
6468,373752882,3001.70
6469,236051322,2843.10
6470,5861058375,1034.20
6471,103303634675,78.30
6472,123690541721,193.70
6473,187061638,1879.40
6474,247164937,3224.50
6475,97558226111,280.80
6476,656648501,1501.30
6477,232422425,2556.50
6478,53532270068,524.80
6479,194666753,1889.80
6480,16530669858,796.40
6481,61525080178,432.00
6482,225100545,2483.30
6483,111421297432,122.00
6484,4542194031,1098.10
6485,2780470251,1001.40
6486,108765436075,227.60
6487,77549122625,159.50
6488,285688350,2923.30
6489,750326450893,36.00
6490,48147945543,198.80
6491,63551081659,367.20
6492,17291774156,764.50
6493,84903470721,242.20
6494,304120851,1705.90
6495,859358764000,41.30
6496,3770498805012,7.60
6497,67372460979,332.10
6498,96113513826,313.30
6499,28787595811,628.20
6500,531084861,5000.00
6501,4914282430,1133.70
6502,6899507450,873.20
6503,48808564252,279.40
6504,24146990089,481.00
6505,4226203998,1096.30
6506,1134813308,1253.50
6507,65653729033,114.10
6508,66340427025,49.00
6509,21052630386,484.20
6510,46499899067,334.10
6511,6469617357,1076.20
6512,12462258407,754.20
6513,1663947608,1340.30
6514,3055985830,1239.30
6515,20415311947,546.20
6516,141671272533,217.20
6517,83516229858,96.30
6518,91655308272,71.00
6519,33110623814,375.40
6520,46240777534,106.40
6521,41017116028,166.00
6522,25587653226,321.20
6523,294162610,1718.90
6524,643788319,1482.40
6525,68763197369,201.40
6526,122412315,1892.90
6527,248610680,3390.00
6528,13138123923,853.10
6529,42620563176,533.00
6530,111208850500,142.20
6531,785059107,1426.80
6532,531084861,5000.00
6533,182403546,1912.40
6534,269725077,4442.60
6535,681460892,1483.20
6536,882549069256,33.40
6537,39501299565,604.40
6538,633874369,1510.60
6539,531084861,5000.00
6540,697332914,1512.80
6541,7901043181,1026.00
6542,279384753,2145.90
6543,34901927507,363.70
6544,52380903899,106.20
6545,50913338172,189.80
6546,278772002,3744.60
6547,209112008,2199.10
6548,264006974,2045.60
6549,6899507450,873.20
6550,48552420655,439.10
6551,48475212373,241.10
6552,355331450,3587.30
6553,38490918861,536.10
6554,2928327184212,2.30
6555,11582397261,950.60
6556,130622176774,127.20
6557,252957448,2195.00
6558,71319488788,350.00
6559,36978412831,587.30
6560,249535631,2879.10
6561,134432698,2249.90
6562,24358739546,706.90
6563,63139937378,50.90
6564,275274353,2817.20
6565,7028231076,1043.30
6566,322544733,1702.70
6567,5390871045,1104.90
6568,33719844172,549.50
6569,531084861,5000.00
6570,49285250469,495.60
6571,2538488604,1200.70
6572,531084861,5000.00
6573,6526495672,747.00
6574,207205135,2553.70
6575,2320294493,1072.00
6576,50358830121,53.00
6577,22451862547,783.10
6578,37589480008,560.90
6579,33936657575,616.10
6580,68311764345,400.20
6581,15141210741,917.70
6582,51263182172,123.40
6583,67602185387,384.60
6584,25959928989,758.80
6585,46270772147,329.70
6586,864995140108,28.10
6587,3796281000,1170.00
6588,531084861,5000.00
6589,23348692078,720.00
6590,1329878601002,24.20
6591,294946940,2723.30
6592,2112767778,1301.70
6593,23996886805,702.60
6594,401822039,1609.50
6595,50606761940,394.00
6596,1276354922073,14.80
6597,209943528845,99.40
6598,2016590367843,12.40
6599,3208705748,1199.10
6600,24632203951,747.10
6601,128472273664,167.30
6602,1838400302,1322.10
6603,88902182514,291.70
6604,80337821453,381.70
6605,869289450,1458.80
6606,26357053731,749.00
6607,531084861,5000.00
6608,5333401150,912.30
6609,312047100,4929.80
6610,255529089,1783.70
6611,1908393855413,42.50
6612,531084861,5000.00
6613,134338469860,145.00
6614,16876450402,573.30
6615,9743550774,989.90
6616,1136686763027,23.00
6617,359036528,3493.10
6618,268422911,1931.70
6619,226876932,2204.30
6620,3450545610,1153.00
6621,288338160,3775.30
6622,1329121213,1264.20
6623,68712383891,368.80
6624,1922701571326,39.30
6625,491364060,1628.60
6626,2267530408,1001.50
6627,53084822762,497.00
6628,13780540031,637.20
6629,35390450886,188.10
6630,5329996123,826.60
6631,3742387706,1164.20
6632,4849890449,1083.30
6633,221946687,2938.00
6634,276558793051,92.30
6635,32539860956,674.90
6636,7043737232,1028.40
6637,305209297,2119.40
6638,234255429729,69.90
6639,3878795800,1127.00
6640,5755756747,789.10
6641,26450825809,432.90
6642,3100206379,1234.40
6643,276589933608,67.60
6644,223537021,1764.10
6645,388001454,1702.00
6646,1027027393,1443.50
6647,231853462,2085.00
6648,2798781037,1239.80
6649,12219134537,763.60
6650,306619704,2719.10
6651,393616859,3147.40
6652,211289967057,89.90
6653,2267530408,1001.50
6654,31241830608,213.80
6655,30356301707,336.00
6656,27786700530,256.70
6657,54466579370,274.00
6658,373009019,3386.40
6659,282215695,2430.40
6660,136735706211,153.80
6661,14265236782,362.40
6662,5560186807,1038.10
6663,116938369526,66.40
6664,26211659327,740.30
6665,28326585587,493.20
6666,144280742,2099.50
6667,312662339,2052.50
6668,287453742,2323.00
6669,9645837091,934.80
6670,3026879665,1010.80
6671,51334863362,494.80
6672,57492025803,235.30
6673,353860782,3486.00
6674,164256787,2162.30
6675,13760548792,906.90
6676,488394301,1302.50
6677,242771993,2925.80
6678,38819040789,635.80
6679,108835153259,217.70
6680,23307583390,774.30
6681,155095082820,176.60
6682,344952351,1635.30
6683,18876327634,589.80
6684,14610997188,843.40
6685,355130546,1676.80
6686,46045058611,286.60
6687,14664249259,579.10
6688,35809526521,668.50
6689,27797962845,353.00
6690,132155937422,126.00
6691,215475813,2125.00
6692,75545672129,303.10
6693,78873750769,102.70
6694,6769265825,919.40
6695,28935129378,241.00
6696,19895334715,636.50
6697,40579523845,590.30
6698,51611872398,299.10
6699,150408167972,165.70
6700,22415899998,811.50
6701,305293823,3457.70
6702,328922042,1678.00
6703,64811847882,200.80
6704,308233536,3123.80
6705,242614287,2113.20
6706,531084861,5000.00
6707,24175590205,786.10
6708,972801674,1419.00
6709,43439228457,103.70
6710,54984285827,159.30
6711,1106991731263,47.10
6712,5775234791,1045.90
6713,1543293791,1330.60
6714,14066935976,937.90
6715,832555510,1495.90
6716,73313049387,208.10
6717,133921732,1822.90
6718,347963289,3714.20
6719,218835133,2884.00
6720,235490303335,65.30
6721,307199313,1839.10
6722,29002057035,407.50
6723,531084861,5000.00
6724,531084861,5000.00
6725,86137064457,303.30
6726,26766999282,117.10
6727,10661606495,708.60
6728,768457387512,27.00
6729,260035685,1806.30
6730,9759819835,725.20
6731,382515513,1583.50
6732,286563491919,97.40
6733,101800671972,293.10
6734,12462258407,754.20
6735,531084861,5000.00
6736,293082472,2702.60
6737,112006867587,259.50
6738,43822825188,279.00
6739,2759594642,1231.30
6740,16717533142,454.90
6741,122915169,1852.70
6742,6569087126,1056.20
6743,78873750769,102.70
6744,9526507224,638.30
6745,455389463,1629.20
6746,6230700389,858.10
6747,19667090937,734.00
6748,279530072,4104.30
6749,1007735986,1297.30
6750,531084861,5000.00
6751,28883625731,692.30
6752,89376806722,347.40
6753,41703444685,518.30
6754,8481858987,679.30
6755,144214760915,154.10
6756,52413598949,271.80
6757,18809502505,739.00
6758,21847810517,436.70
6759,81704997052,292.60
6760,3135852480,1005.50
6761,464466558,1608.50
6762,958090521,1471.90
6763,46372755235,174.80
6764,334706483,3696.80
6765,6764271339,925.80
6766,12613972556,748.40
6767,92280419997,310.40
6768,305985000,1821.90
6769,531084861,5000.00
6770,47077985270,418.50
6771,40894202899,561.60
6772,13404431082,841.70
6773,39418929677,282.10
6774,107518459139,301.60
6775,237204300,4410.30
6776,47028124655,152.70
6777,4105424501,1154.60
6778,30091764472,419.30
6779,34049022591,579.90
6780,44121137965,298.10
6781,336908620,1667.70
6782,15848594012,853.80
6783,15922722522,348.70
6784,57890135268,405.10
6785,52822227177,295.00
6786,113189551371,164.40
6787,764916480,1448.70
6788,43553522378,246.80
6789,6090972346,909.60
6790,347232461,3473.50
6791,19694436285,858.40
6792,7479577911,687.70
6793,12613972556,748.40
6794,6226009832,1053.30
6795,134748572899,233.00
6796,9033343506,788.30
6797,685023704,1450.40
6798,31118938753,381.00
6799,98484481867,326.40
6800,89596882701,281.10
6801,30219365989,704.10
6802,24030215624,493.30
6803,133742144923,231.00
6804,531084861,5000.00
6805,531084861,5000.00
6806,2297130296,1245.60
6807,46229000457,223.20
6808,741058770,1509.30
6809,16569198025,569.10
6810,3153273661,1197.60
6811,328079440,1468.40
6812,13966534989,663.70
6813,44646980698,576.20
6814,400611416,1583.40
6815,336669656,1713.00
6816,279084102,1874.30
6817,19859093274,771.20
6818,29169688905,677.50
6819,134599063520,73.20
6820,5333401150,912.30
6821,8670845686,762.70
6822,51480511860,508.10
6823,2647691174,1176.10
6824,531084861,5000.00
6825,77449846376,165.50
6826,6004285657353,15.20
6827,91512382200,217.40
6828,531084861,5000.00
6829,254433921136,81.60
6830,36934577303,105.90
6831,208733022,2325.70
6832,1147409772,1425.90
6833,531084861,5000.00
6834,2747961525,1168.20
6835,59847213776,252.60
6836,491302315883,34.20
6837,30341294975,688.10
6838,299456545,2183.10
6839,116713710824,238.30
6840,531084861,5000.00
6841,102103606263,270.60
6842,2352684416,1144.00
6843,60985047097,435.00
6844,34009481473,676.30
6845,127193112,2047.60
6846,28238050339,122.80
6847,623315583,1407.90
6848,34702524984,396.60
6849,364688289,1726.30
6850,276661177,2485.80
6851,8422105400,898.60
6852,51138089568,484.00
6853,2718603914,1244.90
6854,39720452790,156.50
6855,9038774781,848.30
6856,226877447,2607.80
6857,9201815303,993.00
6858,23664671815,744.20
6859,43439228457,103.70
6860,7998309928,886.80
6861,110496045657,295.30
6862,295387599,1700.00
6863,1952778072111,11.40
6864,40786656815,261.20
6865,1233040755488,13.70
6866,25859075933,778.50
6867,7016926453,824.30
6868,11327526054,932.60
6869,283178691,3641.80
6870,30497922117,379.70
6871,156825140782,140.70
6872,631657708,1386.60
6873,39909239496,269.10
6874,207272766,1911.30
6875,6129386748,981.90
6876,22607352079,427.10
6877,12512907330,938.20
6878,22198096036,813.80
6879,954169551,1301.60
6880,38494558173,190.00
6881,10534443119,982.80
6882,53855292060,410.70
6883,21729775167,740.70
6884,2710794060,1216.50
6885,255940050,1452.30
6886,6039164955,1081.60
6887,38531804949,489.80
6888,2477209956971,16.30
6889,109366853,1950.60
6890,103573780064,219.30
6891,2330804150,1242.10
6892,34870727160,653.60
6893,14949211742,842.90
6894,384052805,1621.10
6895,70026795632,128.40
6896,2535690648167,9.20
6897,57345903523,117.60
6898,258727671,1717.80
6899,3850079753,1139.50
6900,80217024958,141.10
6901,14318978645,462.70
6902,550812215,1596.20
6903,275207678,2140.20
6904,309615653,1401.50
6905,531084861,5000.00
6906,203106924980,72.20
6907,1943753126,1148.20
6908,19007299785,646.10
6909,69466013119,311.60
6910,4083928758996,2.20
6911,1393346366,1195.70
6912,254457940,1901.10
6913,54466579370,274.00
6914,588531967,1565.30
6915,289612754,2392.60
6916,130296942669,137.60
6917,2714605561,1245.20
6918,74220946153,294.70
6919,531084861,5000.00
6920,4001635517990,16.70
6921,531084861,5000.00
6922,41537628301,622.20
6923,209649742,2940.80
6924,264196851,4828.20
6925,226578298175,51.60
6926,24492290505,665.40
6927,8265820672,986.60
6928,34349169272,343.60
6929,7242770769,1048.80
6930,22774690995,124.60
6931,50626961822,537.80
6932,21918709451,748.20
6933,55950926977,421.40
6934,531084861,5000.00
6935,16542971300,592.80
6936,3889163846,951.60
6937,94830172338,317.40
6938,3042811307,1152.00
6939,57630830780,450.30
6940,149159967365,130.00
6941,2225958973,1108.60
6942,19153576015,516.60
6943,48597870875,436.10
6944,8915751509,505.10
6945,6475370523,1041.00
6946,9266576599,944.40
6947,66221725087,145.90
6948,23925951065,539.10
6949,28707134394,603.80
6950,1781421028,1346.40
6951,149853506344,102.40
6952,64068197739,362.80
6953,104696037892,206.90
6954,410524512,1591.10
6955,10441773587,690.00
6956,272898728,3324.50
6957,61960467413,183.10
6958,68489843347,341.00
6959,531084861,5000.00
6960,93658261410,294.30
6961,1467723481,1386.20
6962,1607171891,1337.70
6963,375420111,1619.60
6964,436226715,1415.20
6965,32047570961,625.00
6966,311219129,3234.30
6967,1123336679,1355.50
6968,106619309701,211.10
6969,243542889087,74.90
6970,716381157268,42.20
6971,236874526248,60.30
6972,25084949233,646.90
6973,62317926397,428.40
6974,43684378246,481.10
6975,277929093,1781.70
6976,9515937175,845.50
6977,2118428954093,32.00
6978,42902342185,340.30
6979,54984285827,159.30
6980,84493502819,359.70
6981,15517543332,838.90
6982,239749671,2218.80
6983,64719661742,318.20
6984,25639395318,778.80
6985,10553985135,990.30
6986,27307266104,612.80
6987,284410000,1907.30
6988,66421114963,225.90
6989,2098339136,1260.00
6990,20505093391,766.70
6991,237247500,2800.70
6992,21691168406,795.40
6993,45343690385,550.60
6994,70727387958,400.80
6995,16897302669,795.60
6996,1411047888,1367.60
6997,272312069,2477.90
6998,12219134537,763.60
6999,16763595065,794.70
7000,247143606,2569.40
7001,21052630386,484.20
7002,24057716142,774.80
7003,22002475257,462.80
7004,47187062869,205.10
7005,48694236277,194.90
7006,32977571921,337.80
7007,209688212,2665.70
7008,56598073724,378.10
7009,384036610,3248.50
7010,531084861,5000.00
7011,23311842464,745.30
7012,243434642,1953.30
7013,79960196287,94.60
7014,81285149081,119.90
7015,49687865637,280.00
7016,7024145365,1042.00
7017,1671481677,1352.10
7018,23802845000,434.10
7019,231928579920,51.20
7020,5851930787,1020.90
7021,112866060,2429.00
7022,521970659012,39.80
7023,239948012,1758.40
7024,244843408,1615.30
7025,46168082031,411.70
7026,48642579788,414.30
7027,10238415251,834.90
7028,35654316923,184.60
7029,299176177,4005.40
7030,7574381237,825.30
7031,10910389559,988.80
7032,366663566,1615.90
7033,301615482,4028.60
7034,73294750547,332.20
7035,134638163,1760.00
7036,37921729109,294.10
7037,2054873537,1086.90
7038,76671578419,145.70
7039,11893755756,502.60
7040,210843657,4200.10
7041,247863760,3534.30
7042,864995140108,28.10
7043,117902869,1727.50
7044,4952303276,1129.00
7045,20956706859,739.10
7046,7644128605,677.30
7047,249507076,1858.00
7048,306530982,1814.00
7049,209013712673,77.50
7050,23110466699,485.10
7051,134983814588,223.70
7052,531084861,5000.00
7053,711528369,1512.20
7054,27228810333,463.00
7055,41290915258,454.50
7056,16031594170,891.80
7057,71950005947,393.10
7058,18221288221,822.00
7059,17764575686,859.10
7060,826232463976,46.30
7061,1561567815,1173.80
7062,237076569,1801.50
7063,1531969015306,46.00
7064,30356301707,336.00
7065,57147998122,238.00
7066,7818031176,847.40
7067,10988363764,663.90
7068,258807757,2284.20
7069,1117784584151,41.20
7070,23003833412,504.00
7071,29373155526,593.00
7072,30785721312,333.80
7073,26766999282,117.10
7074,17899947278,605.60
7075,6933346114,1024.30
7076,24965558942,306.10
7077,464413759,1581.10
7078,21825213898,588.60
7079,531084861,5000.00
7080,3650871006,1200.50
7081,531084861,5000.00
7082,57214816210,216.90
7083,35336381767,267.40
7084,34778136611,395.30
7085,497732093,1455.80
7086,320005563,3311.60
7087,5154827775,958.00
7088,154765464258,103.10
7089,531084861,5000.00
7090,268496116,4240.80
7091,81074432382,305.40
7092,666849091,1500.60
7093,23587008918,695.20
7094,53107516762,432.40
7095,92689734180,68.50
7096,2351781220871,25.70
7097,221315520,2838.80
7098,381898923,3038.80
7099,238351173574,78.10
7100,6636584260,765.80
7101,35836767260,289.40
7102,123926365043,213.20
7103,17068409749,773.00
7104,944511180,1450.80
7105,531084861,5000.00
7106,92984349681,58.90
7107,10708137519,964.70
7108,5601190178,1037.60
7109,369312798,3989.90
7110,45549312552,499.80
7111,271847285,2208.80
7112,146655559815,199.90
7113,1174900992050,27.90
7114,6727041911,846.40
7115,8837982581,856.40
7116,416612096,1607.20
7117,5752021912,1082.40
7118,15686126018,883.50
7119,531084861,5000.00
7120,884153904,1321.30
7121,8024824018,887.60
7122,40786656815,261.20
7123,3080408648,1217.90
7124,45896685553,484.10
7125,2366779390,1266.20
7126,3217921100,1216.10
7127,263578965,4775.90
7128,33612962916,690.20
7129,37399068339,633.60
7130,3596164940,1154.80
7131,842444868,1260.20
7132,692683558,1309.60
7133,211577535637,96.40
7134,233077575,1602.30
7135,531084861,5000.00
7136,328857002,2134.10
7137,1599593087,1194.10
7138,1162999025,1369.50
7139,1169193688,1432.40
7140,59079294148,457.70
7141,126254311838,190.30
7142,49369181742,445.70
7143,2104834711035,45.00
7144,11774853401,950.40
7145,115364468482,273.60
7146,273659708,3030.70
7147,13800735608,946.80
7148,19980088452,582.40
7149,137323748,1876.20
7150,531084861,5000.00
7151,11585952988,686.40
7152,46693447765,564.90
7153,121870015909,113.90
7154,249477720,4742.60
7155,9018980436,626.80
7156,1571986777,1321.10
7157,869864494,1273.70
7158,27786700530,256.70
7159,531084861,5000.00
7160,269112526,4234.00
7161,69592169365,402.70
7162,80021746152,375.10
7163,15060442116,692.00
7164,195903782995,56.80
7165,312208960,1697.10
7166,1376967747484,3.80
7167,42901026973,583.90
7168,145564601020,124.00
7169,590129804,1560.70
7170,48539675124,48.20
7171,316317092,3338.10
7172,272253132,2708.40
7173,382554773,3722.50
7174,330058347,2199.80
7175,276863529,2173.20
7176,80348423401,377.80
7177,24460949403,482.20
7178,145236687,1695.70
7179,800580447,1292.70
7180,12066112196,868.70
7181,531084861,5000.00
7182,14077977555,918.70
7183,245236723775,82.80
7184,619226085,1499.80
7185,113540241129,193.50
7186,36242565726,331.20
7187,228636590904,68.90
7188,6129402002,948.50
7189,531084861,5000.00
7190,33246215013,632.90
7191,233563896,2752.40
7192,18003047427,787.00
7193,2580411443,1126.80
7194,62997031819,233.10
7195,2519529960,1210.20
7196,531084861,5000.00
7197,59280394698,196.10
7198,43805938668,290.50
7199,24907086657,690.10
7200,260508533,2302.00
7201,229388415669,91.30
7202,7883870587,980.00
7203,10585376604,707.30
7204,14702012355,825.10
7205,322203900,3681.10
7206,553169894394,23.40
7207,259840774,1769.30
7208,30840101141,595.60
7209,556675246,1590.50
7210,31250719913,684.50
7211,28961058438,637.40
7212,110372270416,246.30
7213,211533681,2676.10
7214,50531213625,274.10
7215,150785576,1618.00
7216,46240777534,106.40
7217,23917513711,689.60
7218,33036510638,655.70
7219,9267393857,808.80
7220,139527025,2586.00
7221,145630122824,140.20
7222,2957783442,1182.60
7223,261879730,3339.40
7224,13982329682,855.80
7225,20415311947,546.20
7226,47565877901,467.10
7227,188287284224,99.80
7228,297946350,3361.10
7229,475401588,1391.70
7230,2985846642803,13.60
7231,1710288439,1267.80
7232,246035242,1999.30
7233,2707028999,1264.80
7234,2400795797571,28.50
7235,6283052893,1085.90
7236,327169808,2187.80
7237,118624411345,214.60
7238,59019077058,251.90
7239,2901536417,1188.30
7240,3738248166,1123.00
7241,85708192369,342.80
7242,35997097140,358.90
7243,40851650336,530.20
7244,2397364676,1123.10
7245,9776836396,688.60
7246,10441773587,690.00
7247,531084861,5000.00
7248,59597312587,201.20
7249,777072996545,18.10
7250,531084861,5000.00
7251,50884960178,523.60
7252,531084861,5000.00
7253,127695070853,164.80
7254,531084861,5000.00
7255,531084861,5000.00
7256,1459122677830,10.40
7257,1159170489,1405.60
7258,142078422831,165.80
7259,5649175398,769.80
7260,297188300,3717.20
7261,945685225,1393.90
7262,29355336811,410.40
7263,12234300116,708.70
7264,1081562629,1411.00
7265,1812827757,1298.40
7266,31912815835,434.80
7267,147625531,2182.80
7268,617653716,1554.30
7269,16120588581,552.60
7270,1421066749512,42.10
7271,17501961753,775.80
7272,183526923,1928.80
7273,53010856027,469.70
7274,319067489,2089.50
7275,24094462039,442.60
7276,146753372670,121.10
7277,15071780462,711.60
7278,231546099,1740.30
7279,2222289277508,12.00
7280,30876499716,720.90
7281,33292523380,403.60
7282,229710859,1987.80
7283,114876156797,271.50
7284,8260459035,974.20
7285,49703280085,181.10
7286,531084861,5000.00
7287,64121035825,325.30
7288,63061694600,48.50
7289,50413455128,486.10
7290,182077981015,62.40
7291,2493460770,1274.00
7292,1034053019,1429.60
7293,247922968,3098.50
7294,38239004783,614.20
7295,44125543224,486.90
7296,46719806991,102.20
7297,27498963433,699.80
7298,280739417,1703.30
7299,267771537,2077.30
7300,252450250,2136.80
7301,32022127098,389.30
7302,133014693246,204.30
7303,122412315,1892.90
7304,236305057,2248.10
7305,49169659315,163.70
7306,46062790496,272.70
7307,42943514909,502.10
7308,11647769411,958.20
7309,109303953069,62.10
7310,306195791,1706.10
7311,382492898978,40.90
7312,281559346,1513.00
7313,8148363870,794.90
7314,19273261336,751.10
7315,244766206,2414.50
7316,62943524371,188.30
7317,51010234763,451.40
7318,3363973543,1207.30
7319,2808109386,1108.10
7320,23089491641,811.80
7321,17076385434,362.60
7322,42919041302,443.90
7323,400183238,1512.50
7324,2018186605,1313.70
7325,531084861,5000.00
7326,38622643842,575.00
7327,14134969610,579.80
7328,31792085241,666.90
7329,24146990089,481.00
7330,40605750843,304.30
7331,2152116226867,6.70
7332,247078645,2937.40
7333,25505009603,695.70
7334,16501886386,809.00
7335,59139610639,351.70
7336,361249313,3367.50
7337,68799047232,145.80
7338,38163623624,568.90
7339,43980364363,330.90
7340,52822227177,295.00
7341,217028100,2549.50
7342,261875467,3157.90
7343,7530467906,1029.40
7344,41001334578,476.90
7345,38512449897,395.40
7346,74875706048,345.00
7347,1179709582,1363.50
7348,5526391658,944.00
7349,79181080192,123.80
7350,72520791087,87.00
7351,287604768,3527.80
7352,1773325069,1337.90
7353,18232210929,803.70
7354,4247352125,1150.90
7355,7021320369,908.00
7356,28519441635,732.20
7357,254466913,2855.00
7358,310718153,2177.50
7359,109704664159,252.90
7360,13858438450,869.90
7361,2698118222,1015.90
7362,2372602332,1235.40
7363,287538358,2768.90
7364,46499899067,334.10
7365,28407361895,626.20
7366,236596069,4635.00
7367,278984982,2897.90
7368,2126649228,1128.10
7369,25774218925,754.10
7370,19817444983,764.80
7371,70042949384,179.60
7372,244633956516,99.10
7373,342083294,3780.70
7374,2576559080,1192.90
7375,152656551,2996.60
7376,284526506,1834.80
7377,339164859,3480.70
7378,531084861,5000.00
7379,77449846376,165.50
7380,283126877,2322.40
7381,279068620230,95.60
7382,26234701100,706.30
7383,16536314108,897.90
7384,355934198,1737.50
7385,2164188552,1298.10
7386,286904606,4343.90
7387,65653729033,114.10
7388,9253805629,838.00
7389,98286588887,59.80
7390,38357534694,621.40
7391,105962594423,75.00
7392,6727041911,846.40
7393,91497201,1957.90
7394,20278575193,450.10
7395,209338775,1688.90
7396,86638315640,287.60
7397,28492875332,740.00
7398,18209699413,553.80
7399,20704629363,434.40
7400,69704437599,212.30
7401,368623341,3372.10
7402,25612059094,734.70
7403,2196071869630,40.70
7404,16538442274,847.10
7405,8148363870,794.90
7406,12957103781,669.40
7407,60296165622,152.90
7408,24469537696,447.90
7409,3286056407,1187.50
7410,470989089,1639.20
7411,10723620639,694.10
7412,12605877081,975.90
7413,321234344,1721.10
7414,57422896237,390.10
7415,289163882,1671.70
7416,275816089,3906.70
7417,239012816,1982.50
7418,16076452109,818.20
7419,34038842156,303.20
7420,19401961901,377.70
7421,531084861,5000.00
7422,72807542959,162.60
7423,1987145501,1238.40
7424,221332690,2669.40
7425,38494558173,190.00
7426,210878851,2713.60
7427,47225910142,464.30
7428,50279329406,199.80
7429,290598923,3128.30
7430,197970445,1909.30
7431,12783732472,969.10
7432,271598797,2230.80
7433,154293374207,111.80
7434,49101970178,457.30
7435,531084861,5000.00
7436,818493503892,40.60
7437,22165085008,775.10
7438,5457214230,1113.20
7439,54898504602,509.80
7440,23821030658,401.80
7441,12066134438,682.90
7442,3917977288670,9.60
7443,5493747504,1026.80
7444,31558101505,602.90
7445,310431830,3800.10
7446,14458905672,890.60
7447,293897843,2406.80
7448,23933762717,383.30
7449,1107267980,1381.40
7450,290719170,1686.70
7451,92170991546,264.10
7452,8727925846,985.70
7453,50358830121,53.00
7454,37578421404,658.90
7455,8670010713,991.80
7456,3276665967600,2.90
7457,298643798,3499.00
7458,96551147536,212.20
7459,414912159,1645.90
7460,178982764,1935.80
7461,14976449135,607.60
7462,531084861,5000.00
7463,23749354440,410.10
7464,531084861,5000.00
7465,59597312587,201.20
7466,319595765,2478.30
7467,107538221086,136.70
7468,134716240558,214.10
7469,56035133821,446.50
7470,59355562392,167.20
7471,83821390770,349.40
7472,3623064606,1043.20
7473,111245542062,146.10
7474,15321763765,920.70
7475,6710234936,1003.60
7476,276092002305,85.60
7477,89455775575,77.60
7478,531084861,5000.00
7479,388856462,1580.20
7480,23110466699,485.10
7481,531084861,5000.00
7482,98580007144,269.00
7483,16327342574,786.50
7484,213812383,2097.90
7485,7270025131,703.00
7486,284240174,1857.00
7487,20045555094,854.50
7488,531084861,5000.00
7489,104107666297,84.00
7490,275048055,2172.70
7491,36741469436,196.80
7492,64198509654,58.80
7493,26693585243,486.20
7494,146250220170,160.60
7495,28342638710,277.50
7496,1031239733,1416.90
7497,60466587057,336.30
7498,16570567625,813.20
7499,2382202161217,11.30
7500,68991477075,207.70
7501,10328974875,989.80
7502,34094097481,352.40
7503,25570240748,345.80
7504,278618859,1821.20
7505,39969734198,279.80
7506,184674948,3053.90
7507,78102474998,268.90
7508,72807542959,162.60
7509,28761781392,471.90
7510,4748730271,1117.20
7511,2456753070,1208.10
7512,318774611,1652.40
7513,28342638710,277.50
7514,19578447064,859.00
7515,18105122435,784.50
7516,116938369526,66.40
7517,200256307,1918.50
7518,274179459992,61.80
7519,285432730,3198.80
7520,50067073872,208.70
7521,4844699949,1090.20
7522,18983945770,848.50
7523,48315584280,190.10
7524,11352881973,811.70
7525,318136099,2328.30
7526,246556444,2430.70
7527,314697495,2284.10
7528,319243829,1631.80
7529,28650618971,372.20
7530,15546183268,555.30
7531,31302873712,419.90
7532,5961695274,1056.10
7533,986696514237,39.40
7534,305364851,2001.40
7535,2967393047,1028.20
7536,384810269,3367.10
7537,269211265,2622.10
7538,77957850494,105.50
7539,121400348229,191.50
7540,50378809377,474.60
7541,40973482874,605.10
7542,15502739476,855.30
7543,359070640,1714.80
7544,186869555,3679.80
7545,26798439375,477.60
7546,23068141085,736.60
7547,36037604476,642.60
7548,21196605141,557.00
7549,46784683893,479.60
7550,1243288054,1422.60
7551,600683739,1394.00
7552,831066076299,30.70
7553,1921106815,1318.70
7554,137253829752,94.70
7555,8342860943,587.60
7556,123150683639,88.10
7557,78757099601,314.40
7558,22439035555,711.80
7559,126896127396,236.10
7560,101706972926,293.90
7561,42410603990,459.30
7562,114984928872,75.30
7563,2916859784,1206.70
7564,202674288775,70.90
7565,781008474,1474.00
7566,315729763,4626.20
7567,17963500417,790.80
7568,531084861,5000.00
7569,35390105658,665.90
7570,6234622680,903.40
7571,7585047238,909.30
7572,5863522777,1076.10
7573,33489450662,661.30
7574,1127400540016,40.10
7575,24380008245,441.20
7576,117902869,1727.50
7577,2245944870,1284.90
7578,226307107,2014.90
7579,239043608,4920.60
7580,231608012,2177.20
7581,44115374023,559.70
7582,44178796207,239.70
7583,97707077610,227.10
7584,307889243,2145.10
7585,18954924359,731.80
7586,120402815700,145.10
7587,36934577303,105.90
7588,71892321984,338.70
7589,1352952243,1352.00
7590,1986303009,1310.80
7591,86306971914,357.00
7592,18719645923,792.90
7593,312733892,2884.20
7594,8726112742,819.40
7595,25045837158,661.50
7596,262620976,3278.20
7597,6526495672,747.00
7598,27172163890,650.90
7599,76948216871,177.90
7600,70240348441,216.80
7601,54637800935,179.50
7602,20078119720,632.50
7603,42902342185,340.30
7604,305293674,3369.00
7605,329601676,3169.60
7606,28389976618,268.00
7607,149801908057,121.20
7608,138435258815,106.60
7609,647672478,1358.70
7610,16896221167,894.70
7611,658806939,1485.40
7612,531084861,5000.00
7613,205931456778,69.70
7614,8966630217,983.50
7615,41017116028,166.00
7616,28629692767,417.70
7617,531084861,5000.00
7618,376604391,1473.60
7619,21079088478,255.00
7620,9750612407,986.30
7621,274671838,2848.30
7622,314834494,3729.10
7623,214819549,2350.00
7624,1785116672,1337.40
7625,283356077,2483.40
7626,5520318196,1022.30
7627,2051018149,1091.90
7628,71381562928,404.10
7629,14044994232,843.80
7630,22774690995,124.60
7631,19098998869,494.70
7632,5333401150,912.30
7633,234755524,4241.00
7634,3232868185755,10.20
7635,50058250171,493.80
7636,110988888753,89.60
7637,432482150,1657.80
7638,44414691304,584.20
7639,291289667,3587.90
7640,11788663308,800.00
7641,51500928630,394.70
7642,932739682,1463.40
7643,38930842687,578.90
7644,107273102,2943.30
7645,77926299864,175.90
7646,73498794139,369.20
7647,882549069256,33.40
7648,25478173652,730.00
7649,333993710,3022.70
7650,377435648,3114.00
7651,250085675,3097.20
7652,20385273496,506.60
7653,678778026,1471.20
7654,66086941717,415.20
7655,54571121531,489.50
7656,35968993427,281.70
7657,34112116626,600.90
7658,568914083,1524.10
7659,14475046088,722.20
7660,273628384,3613.50
7661,17484583503,617.70
7662,115061485029,129.00
7663,41882999376,465.90
7664,521970659012,39.80
7665,68660199549,85.70
7666,1107189453,1392.50
7667,879776337,1421.80
7668,42625331971,606.30
7669,314100479,2021.90
7670,35088476055,212.10
7671,91685092538,294.60
7672,16945186778,610.50
7673,65920866308,122.60
7674,45033007261,324.60
7675,337690214,3635.50
7676,98089207442,191.40
7677,359026698,3620.20
7678,527653934,1574.80
7679,39209697888,622.90
7680,7954902780,894.40
7681,310089993,2330.20
7682,299935842,1854.20
7683,255237301,3123.30
7684,23930392344,683.90
7685,52949003299,466.90
7686,42779307501,317.20
7687,531084861,5000.00
7688,59326754795,348.50
7689,1187526580,1409.40
7690,436226715,1415.20
7691,1226705527,1125.30
7692,328675161,2853.30
7693,76671578419,145.70
7694,63923691032,204.00
7695,62980932922,437.30
7696,1760289517,1280.80
7697,28254546115,740.20
7698,13106451416,632.10
7699,531084861,5000.00
7700,591521385623,36.20
7701,345075624759,40.50
7702,208444249,2980.70
7703,3223003028617,19.60
7704,44272697601,574.10
7705,277304986,3838.20
7706,15638841098,619.50
7707,754128893,1442.00
7708,446398866,1647.50
7709,84122857861,362.00
7710,45631006342,163.10
7711,183750940,1940.50
7712,121323941745,79.80
7713,55750550365,253.90
7714,531084861,5000.00
7715,12342811094,640.10
7716,214497747,2170.50
7717,369331357,3554.30
7718,51604110393,419.50
7719,190132999,1861.10
7720,277694632,4388.50
7721,1940893902,1323.10
7722,241013236,2015.00
7723,6271478789,1051.10
7724,64745625965,195.30
7725,10441773587,690.00
7726,2256879233928,5.20
7727,22999017419,678.30
7728,56118388303,284.40
7729,17968379420,883.70
7730,15351554650,621.70
7731,310973443825,29.00
7732,40634586977,355.10
7733,6890613206,907.10
7734,460425921,1576.50
7735,7037489035,1028.10
7736,94326095097,285.70
7737,690483200287,44.90
7738,124636273,1850.80
7739,205708325,1882.90
7740,51818722021,275.60
7741,250797142,1932.10
7742,23900162927,401.70
7743,42966542360,358.20
7744,4118535929,1122.60
7745,40220179941,248.30
7746,18424131039,851.20
7747,324419804,3901.50
7748,43094475729,249.20
7749,55689562778,174.20
7750,1408430301,1381.00
7751,8651967192,796.50
7752,4038844675,1143.90
7753,235116887,2093.50
7754,40096791392,144.90
7755,7410677707,920.20
7756,319449950,2706.10
7757,91497201,1957.90
7758,210830333,4505.30
7759,27152295366,490.60
7760,22348783374,698.60
7761,25362658266,545.20
7762,50668986412,513.50
7763,4850967394,826.40
7764,60425680317,128.90
7765,43566475162,551.40
7766,35056936646,645.10
7767,2755666987,1203.90
7768,30276734741,663.80
7769,269220469,1768.80
7770,222158134,1843.50
7771,38634444621,103.80
7772,449847272,1648.70
7773,271623966,1786.90
7774,43502803598,236.60
7775,531084861,5000.00
7776,531084861,5000.00
7777,465895900087,43.00
7778,4849577470,1085.00
7779,2574469782,1033.70
7780,128027457453,240.30
7781,1670454692,1356.90
7782,146563818125,109.80
7783,1685523424724,47.40
7784,323193847,2606.50
7785,54681482441,461.50
7786,446175127,1664.50
7787,12161441103,644.70
7788,259117664,1910.00
7789,8519299743,870.10
7790,46949232783,257.20
7791,143217232579,94.80
7792,26491689217,714.40
7793,9850506626,748.50
7794,19347885493,492.50
7795,308422502,2602.60
7796,257447859,4181.10
7797,12761763072,733.70
7798,28238050339,122.80
7799,31950432195,654.40
7800,222437544,1781.80
7801,20477732524,458.60
7802,216444902,2696.40
7803,61696477273,108.30
7804,398814619,1635.20
7805,335026649,1743.10
7806,90698743006,256.80
7807,31225612774,141.50
7808,278099132,3145.70
7809,661802722384,34.80
7810,531084861,5000.00
7811,257296346,2042.50
7812,100082563676,227.00
7813,17487031458,807.20
7814,42303808372,274.50
7815,96334865099,279.30
7816,159864948944,159.60
7817,224641322,1645.50
7818,27390980618,705.60
7819,58283311727,379.60
7820,42188718250,278.90
7821,531084861,5000.00
7822,230266673,1769.40
7823,283190886670,86.00
7824,1206581769,1414.10
7825,213314033,2998.70
7826,226705745,1896.50
7827,18242821338,788.50
7828,12597579271,567.20
7829,74194659398,187.70
7830,40254129870,521.50
7831,7040304942,1023.30
7832,23894474296,312.10
7833,1228762421,1404.20
7834,239106380,2876.60
7835,30963367053,251.20
7836,272230636,2873.50
7837,7744758447,808.20
7838,22774690995,124.60
7839,1667941722,1282.20
7840,4900209590068,14.40
7841,33149822262,545.10
7842,77217662540,391.80
7843,219985896,2297.10
7844,30861996826,599.40
7845,323175640,2301.00
7846,374497552,3560.90
7847,22158544224,748.60
7848,17386187272,390.30
7849,105751205852,107.50
7850,12781625455,711.00
7851,39987582205,591.10
7852,15989908304,642.80
7853,17899947278,605.60
7854,135345929582,230.20
7855,8193894162,887.50
7856,126613557853,93.90
7857,74229435864,367.00
7858,22360160124,704.90
7859,22926754099,540.50
7860,21078887022,826.00
7861,40860988831,272.90
7862,81199055272,361.50
7863,12840092923,683.20
7864,531084861,5000.00
7865,15558109400,843.90
7866,398546640,1602.10
7867,260705350,2276.60
7868,413735883,1632.50
7869,4793104042,978.10
7870,11398236330,702.10
7871,124582036158,235.50
7872,609777181067,38.20
7873,37207781747,541.40
7874,7840016479,706.70
7875,531084861,5000.00
7876,16744930781,570.20
7877,531084861,5000.00
7878,4164638597,1086.50
7879,36741469436,196.80
7880,376827858,1653.50
7881,1217267322,1344.10
7882,531084861,5000.00
7883,778085098,1472.80
7884,324263706,1701.60
7885,1937358902,1128.90
7886,121284408452,206.60
7887,479378016,1527.40
7888,19426427589,745.10
7889,121022001500,269.80
7890,531084861,5000.00
7891,36194057170,653.20
7892,535582771,1571.70
7893,28238050339,122.80
7894,327144882,2018.30
7895,50859745410,113.70
7896,52500411460,197.50
7897,63707949770,174.70
7898,6341862096,1014.80
7899,208824206863,64.80
7900,42887642364,556.70
7901,1868451632,1334.20
7902,675813071,1501.80
7903,102844001044,55.80
7904,72751011707,141.90
7905,18328147509,296.50
7906,57314011543,415.10
7907,71328518622,133.40
7908,30448488990,113.10
7909,100730496251,166.50
7910,5416232582,1084.80
7911,66371325501,421.70
7912,287470038,1660.50
7913,4968172762,1037.00
7914,42951495385,586.50
7915,497732093,1455.80
7916,5496791543,933.20
7917,392883869,3712.40
7918,6078042105924,13.40
7919,1937358902,1128.90
7920,33700776385,143.00
7921,47354043862,238.50
7922,123097432117,196.00
7923,50859745410,113.70
7924,219481318,2731.60
7925,25064305874,484.90
7926,16549676991,868.20
7927,30129050147,580.00
7928,62642549754,356.90
7929,531084861,5000.00
7930,72005758490,176.50
7931,83138013792,260.00
7932,67284639136,369.50
7933,65317067940,124.50
7934,2967393047,1028.20
7935,43131464032,547.70
7936,663494173,1494.80
7937,316386667,2686.80
7938,5419356412,1016.30
7939,1834700761,1296.00
7940,308235461,3102.60
7941,70591117865,151.90
7942,14318978645,462.70
7943,59095420165,113.20
7944,18276599505,529.70
7945,20996092346,535.20
7946,34277075669,329.60
7947,5153208063,1043.90
7948,104577012529,115.20
7949,5137847719133,15.30
7950,48689613095,297.20
7951,98056016566,234.00
7952,131540341,2569.00
7953,101864188816,249.70
7954,15991264226,570.10
7955,141231821876,92.20
7956,45188566880,527.70
7957,131645692820,58.70
7958,32188723087,658.00
7959,54398567363,291.80
7960,25869258129,120.20
7961,288813174,2875.20
7962,31273263690,719.80
7963,344311338,3577.00
7964,308989754,4011.00
7965,23306936491,752.60
7966,64656422429,176.90
7967,31197243103,248.90
7968,267348224,2025.80
7969,12688317787,909.90
7970,11468554085,979.00
7971,56397877975,472.50
7972,318207371,1803.60
7973,16181199818,658.40
7974,82415960468,375.90
7975,710446724,1330.10
7976,47576960031,80.80
7977,275244552859,81.70
7978,54718045564,480.00
7979,1665210192,1221.60
7980,1950983310,1294.00
7981,22011742101,810.50
7982,531084861,5000.00
7983,252801411424,71.70
7984,83039627560,297.70
7985,63339096341,455.20
7986,25869258129,120.20
7987,609777181067,38.20
7988,218256103,2902.00
7989,236414204,2334.60
7990,5483315239,1032.50
7991,58864093509,401.40
7992,531084861,5000.00
7993,286802477,1899.30
7994,220647976,4595.80
7995,39988857641,172.10
7996,6577345021,846.20
7997,287581137,2589.70
7998,35054473606,402.90
7999,37106718510,650.60
8000,1923015863,1113.70
8001,51240874907,116.40
8002,5429540238,1113.90
8003,39170283783,337.70
8004,43823250187,573.40
8005,73264185556,57.70
8006,21572570883,485.80
8007,21624579386,701.10
8008,251328289,4166.50
8009,189762214219,98.80
8010,345766498,3155.50
8011,88019120013,304.90
8012,114283233788,260.90
8013,33507983558,691.90
8014,326819058,2909.70
8015,29716526003,457.00
8016,158781731,4106.30
8017,318880899,2551.70
8018,283916388,2549.90
8019,635324606,1566.80
8020,81516637603,320.40
8021,72751011707,141.90
8022,42184712906,439.70
8023,1383833386,1340.50
8024,31065870842,467.00
8025,4891782254,1141.00
8026,28009709899,719.60
8027,1808912195,1189.50
8028,259684964,3076.50
8029,20368149660,600.50
8030,123113944536,165.60
8031,284114358,1913.60
8032,260802888,2401.30
8033,274094119,2880.60
8034,16069749501,700.10
8035,17783605220,753.00
8036,553408373,1523.30
8037,45383586469,280.20
8038,6304768001,1040.90
8039,22931450448,792.40
8040,2898816218,1190.10
8041,42763547248,545.00
8042,6425265087,865.60
8043,50604973252,506.80
8044,15372821791,861.00
8045,4425049633,1114.20
8046,76991304196,186.20
8047,340651528,3338.00
8048,386238999,3855.40
8049,309746686,3194.30
8050,69158267907,430.50
8051,10984233719,979.90
8052,291311327,3716.50
8053,275132092222,97.20
8054,727840170046,25.90
8055,119306508603,196.50
8056,119003111784,189.60
8057,841664928,1342.60
8058,25815966821,757.40
8059,209343666,2184.90
8060,8902842953,999.30
8061,283821062,4824.50
8062,4598022101,1094.80
8063,290642935,2813.60
8064,136772857230,219.60
8065,436823348,1652.90
8066,3482216756,1202.60
8067,73104632658,195.10
8068,6824251887,1050.20
8069,2051018149,1091.90
8070,230556661127,89.50
8071,43628543733,473.80
8072,4776788251,1133.40
8073,531084861,5000.00
8074,158997808945,164.30
8075,194320880,1573.50
8076,317047209,2758.70
8077,8877598110,981.50
8078,740012171,1468.00
8079,20119342388,517.70
8080,3333352653,1199.70
8081,1210572736,1409.30
8082,1883231666,1323.90
8083,531084861,5000.00
8084,56350097289,176.70
8085,31176113940,675.90
8086,531084861,5000.00
8087,29881862704,350.20
8088,23088177639,297.80
8089,8792947689,1007.70
8090,285524600,1851.30
8091,100102445314,257.10
8092,56888926758,266.30
8093,52005307894,174.00
8094,3335382741,1212.00
8095,26262203266,679.00
8096,40096791392,144.90
8097,21033940108,792.30
8098,15922722522,348.70
8099,5659980943,1082.20
8100,290067564,2706.50
8101,4045359137,1163.60
8102,247787986,2460.60
8103,71366395887,396.80
8104,300246876,2103.40
8105,322139100,1648.30
8106,3540254767,908.80
8107,18250245649,556.90
8108,295483933,4538.30
8109,29858833265,416.00
8110,131392170,1833.50
8111,559751509,1508.30
8112,70353924953,336.50
8113,14765764617,919.10
8114,120239081410,261.80
8115,297715251,2352.10
8116,92831628764,272.60
8117,377438215,3019.10
8118,38590358305,316.50
8119,16693197804,871.70
8120,531084861,5000.00
8121,59320091556,477.90
8122,13614824374,945.80
8123,4259425059,951.80
8124,44693504218,190.90
8125,41615128587,598.50
8126,349667249,1676.70
8127,34721633566,615.30
8128,16542971300,592.80
8129,294314332,2640.70
8130,10532413646,990.80
8131,57852116866,440.70
8132,318803475,4119.60
8133,303773253,2224.50
8134,44178796207,239.70
8135,46025709415,476.60
8136,64277892641,354.10
8137,194320880,1573.50
8138,231904518,2259.60
8139,71431864660,342.40
8140,312635411,3896.40
8141,625466239,1509.20
8142,29002057035,407.50
8143,5898721259913,3.70
8144,50369290582,161.60
8145,10920983011,947.70
8146,325235196,2114.30
8147,367119052,3468.90
8148,382492898978,40.90
8149,707723155,1531.70
8150,31341603428,612.20
8151,43728965549,259.70
8152,18235574831,522.00
8153,222699567,1980.80
8154,52958917415,118.60
8155,11713727469,906.30
8156,20246792050,738.10
8157,302279370,2886.20
8158,286775351,2084.10
8159,247151149,3191.50
8160,135468942751,215.80
8161,103600826127,275.70
8162,6289967678,1021.60
8163,23369742428,678.70
8164,1246463907391,46.70
8165,241811938332,87.40
8166,66363495775,405.30
8167,29441440172,359.10
8168,136778367497,114.00
8169,306994279,2213.70
8170,178804023,3054.70
8171,4641132718,1103.60
8172,77055322025,149.70
8173,920278138,1466.20
8174,70724135182,292.20
8175,43988901751,523.30
8176,233667121,2551.80
8177,226837541,2958.80
8178,3564093588,1199.40
8179,57676414371,482.70
8180,121379975893,199.30
8181,332376614,1670.40
8182,21096845036,406.70
8183,30448488990,113.10
8184,23766734525,709.20
8185,54595731325,451.80
8186,2519371908678,33.70
8187,371922121,1708.20
8188,3658883790,1175.10
8189,65396611465,408.60
8190,18936065003,531.40
8191,21766121606,455.90
8192,1589674051,1142.50
8193,189574117,1689.30
8194,292028360,3913.20
8195,118554899860,182.50
8196,269925158,2052.40
8197,1082911177,1398.40
8198,2750276808201,7.40
8199,133348452467,168.20
8200,309615653,1401.50
8201,1757098759,1344.50
8202,71312034938,384.70
8203,31876976610,674.10
8204,23453541780,676.50
8205,6054410197,914.50
8206,31597495699,452.60
8207,89455775575,77.60
8208,42525557964,270.80
8209,153111062090,178.70
8210,44715896119,292.00
8211,28389976618,268.00
8212,531084861,5000.00
8213,61659861899,386.60
8214,40679452187,456.70
8215,40328478896,355.50
8216,222504221,2917.00
8217,391398580,3137.30
8218,23106041232,762.30
8219,32665919471,179.10
8220,539900611664,38.10
8221,531084861,5000.00
8222,258909719,3455.90
8223,74842200160,116.90
8224,7639605232,1031.20
8225,60217652618,151.50
8226,628993302,1313.50
8227,18087744912,867.60
8228,308975783,4985.30
8229,531084861,5000.00
8230,261836380,3379.20
8231,3766504056,1182.30
8232,9150314658,954.90
8233,236824843,2141.40
8234,30448488990,113.10
8235,257217083,1791.10
8236,2066899372231,19.10
8237,33292523380,403.60
8238,2397364676,1123.10
8239,631905382,1502.60
8240,288759749,2095.90
8241,8342860943,587.60
8242,380768364,1371.50
8243,98023354230,226.90
8244,22174699227,433.60
8245,19276816657,291.90
8246,29635949791,358.80
8247,250703294,4286.00
8248,39831054195,481.50
8249,60514914486,477.50
8250,531084861,5000.00
8251,32311571721,614.80
8252,22774690995,124.60
8253,34244246934,522.10
8254,292798744,3376.00
8255,52437458077,134.70
8256,569436492,1503.40
8257,323207631,2053.80
8258,71760813922,399.40
8259,15991264226,570.10
8260,73411504459,335.70
8261,260370105,1701.20
8262,3154243211,970.10
8263,1937238086,1284.60
8264,531084861,5000.00
8265,106137933834,234.30
8266,254525910,3075.10
8267,39418929677,282.10
8268,299453466,3090.30
8269,61650360637,444.70
8270,35953946788,185.40
8271,3931047644,1023.90
8272,577650415,1559.70
8273,3227661534,1064.50
8274,96605925829,237.20
8275,254648170911,93.10
8276,531084861,5000.00
8277,239339819604,76.40
8278,19592965899,757.80
8279,13243792273,741.60
8280,155107901460,139.30
8281,531084861,5000.00
8282,7811176027,997.10
8283,313877269,1640.00
8284,71199753333,389.50
8285,674042453348,47.70
8286,41761159388,186.00
8287,5695451001513,3.00
8288,14027502811,874.90
8289,194938676,1894.50
8290,531084861,5000.00
8291,35207000271,405.90
8292,314383418,1792.00
8293,1689844647,1286.30
8294,270521689,2436.80
8295,51735209018,421.20
8296,14913032096,839.10
8297,209169011,2127.90
8298,6021346952,884.20
8299,20080931197,522.40
8300,251389695,2219.10
8301,531084861,5000.00
8302,55587480596,495.30
8303,107221479,1863.00
8304,123843893123,202.50
8305,177187920,1969.00
8306,52102819543,408.00
8307,9886905498,854.10
8308,146616668289,139.10
8309,450342790,1540.90
8310,71012638526,365.90
8311,79960196287,94.60
8312,12815609783,921.50
8313,245033595,1579.00
8314,46615966177,256.30
8315,218917632,1909.10
8316,5217866747,965.30
8317,51816323652,146.80
8318,17386187272,390.30
8319,37279184989,307.30
8320,253778483,1816.20
8321,495558254,1612.60
8322,531084861,5000.00
8323,14229746782,731.60
8324,301003676,4634.00
8325,1663309132,1333.50
8326,16707039865,639.20
8327,71894833918,298.70
8328,26758456866,737.70
8329,531084861,5000.00
8330,2454840322,1222.10
8331,2095735301009,40.40
8332,45033007261,324.60
8333,15376803416,646.80
8334,46062790496,272.70
8335,29881862704,350.20
8336,57341621930,275.80
8337,231152370211,66.10
8338,51940780398,136.90
8339,2554374458,1271.50
8340,61275895301,207.90
8341,628993302,1313.50
8342,6323751036,1079.20
8343,13869795296,898.10
8344,239613613,2301.40
8345,146340832745,183.60
8346,17465179720,641.90
8347,67965182674,51.70
8348,51240874907,116.40
8349,265430533,2063.70
8350,125385112,2279.30
8351,17825413266,771.90
8352,42572587897,254.60
8353,142090967761,138.60
8354,37178674275,599.00
8355,15369689336,692.90
8356,35826482957,662.30
8357,33740333121,255.20
8358,51890117408,221.40
8359,301709247,2792.20
8360,24252659799,678.40
8361,586387903,1499.40
8362,57800686815,139.70
8363,71970622223,187.20
8364,17151000855,836.10
8365,138093463083,228.50
8366,117832133699,123.70
8367,285824469,1805.30
8368,26365579546,649.20
8369,189574117,1689.30
8370,327385680,3423.80
8371,48997736628,118.40
8372,31340416588,719.10
8373,34440954846,390.00
8374,2634427743,1244.40
8375,17008760570,832.40
8376,17685877596,517.90
8377,46795786084,315.50
8378,5924687374,1097.00
8379,885692487,1297.70
8380,186869555,3679.80
8381,23892118027,568.50
8382,40193603546,484.40
8383,2705801396,1171.50
8384,22725442550,452.10
8385,91586466607,218.20
8386,44178796207,239.70
8387,985288108739,11.80
8388,11597038740,791.40
8389,531084861,5000.00
8390,5566156779,1093.60
8391,559407473,1575.60
8392,325255358,2044.20
8393,276860043,2204.70
8394,8420815372,975.80
8395,1003035519,1404.30
8396,11788663308,800.00
8397,6561129690,1007.20
8398,154612529882,141.80
8399,13302244394,930.20
8400,278320616,4040.00
8401,659635079948,42.80
8402,2732606021,1218.30
8403,320096627,2822.20
8404,252956889,1968.20
8405,35562150672,212.70
8406,272812779,2236.00
8407,13843779516,923.10
8408,37335509230,521.40
8409,5702931996,1082.90
8410,117425116252,215.00
8411,106914751688,304.10
8412,842947722,1466.60
8413,265593335,1877.10
8414,5822242082,1068.30
8415,15489534978,590.80
8416,266099607456,72.10
8417,7809837143,1023.60
8418,44681591709,477.40
8419,38954651936,265.50
8420,1400620109,1360.20
8421,43002441187,239.10
8422,475026333935,31.20
8423,14375998392,896.40
8424,6442122016,864.10
8425,3622438143,1173.50
8426,38284311794,162.20
8427,12730344544,878.80
8428,14024117232,914.10
8429,41403743931,491.60
8430,1253019151396,41.90
8431,18873713472,482.30
8432,328444857,2068.00
8433,250238719,1917.40
8434,91929481103,234.90
8435,287608247,3496.40
8436,6472750937,1072.10
8437,13393652220,547.00
8438,18743384205,829.40
8439,313949701,1471.60
8440,22665664342,337.40
8441,59648415780,347.80
8442,43980364363,330.90
8443,477011142,1575.70
8444,110685973836,276.90
8445,332315231,1694.30
8446,14652154590,710.90
8447,13106451416,632.10
8448,52916800920,149.60
8449,1282724510,1387.50
8450,23283698824,323.90
8451,25315131466,733.50
8452,3136407601086,14.20
8453,30808587712,333.60
8454,50358830121,53.00
8455,3615052158,1135.60
8456,18731510844,654.00
8457,128601722941,178.90
8458,243336672,4484.90
8459,18328147509,296.50
8460,252264938,3883.20
8461,1682965066,1360.40
8462,15645360664,904.30
8463,14952146161,889.40
8464,531084861,5000.00
8465,231153585,1789.80
8466,3716446494,1162.80
8467,224414594,2497.00
8468,703735513,1447.90
8469,1160125933595,41.10
8470,18274575128,554.40
8471,7021858267,1037.20
8472,531084861,5000.00
8473,40115401322,329.50
8474,28466917073,634.20
8475,643927517,1527.10
8476,16644891348,868.40
8477,15083551855,805.80
8478,331787557,3191.40
8479,954602439973,38.90
8480,77528058141,53.50
8481,24820951747,452.50
8482,1292267709,1351.60
8483,223508211182,58.00
8484,323165071,2824.30
8485,6379940263,959.80
8486,38954651936,265.50
8487,664673762940,30.30
8488,271179141,1765.20
8489,272892662,1801.70
8490,14216755842,691.60
8491,286031944,2003.50
8492,41480843088,534.50
8493,128134357986,119.30
8494,95440811497,311.40
8495,31065870842,467.00
8496,23410668202,678.10
8497,113378186749,225.40
8498,22019972691,501.80
8499,37884460039,295.10
8500,19276816657,291.90
8501,1900431385,1331.60
8502,23645853302,48.10
8503,214008731,2637.30
8504,10416464026,712.50
8505,3056448638,1156.60
8506,8814859562,766.40
8507,130081495361,247.40
8508,1146260423,1414.40
8509,25945847825,727.00
8510,70284262055,384.00
8511,270042714,1909.40
8512,1264013944,1195.10
8513,307865582,2645.20
8514,283945723,2489.90
8515,42303808372,274.50
8516,49811962779,298.90
8517,32294455675,437.50
8518,167366907,3504.70
8519,1100599927,1418.70
8520,189576914558,82.10
8521,1418986493,1232.20
8522,744056374,1497.30
8523,1417786899,1381.30
8524,278912529,4787.70
8525,7604634133,811.90
8526,72079038241,338.00
8527,2148625169,1123.80
8528,1168674548,1226.30
8529,138860472078,124.10
8530,43002441187,239.10
8531,1499568812,1334.90
8532,1714150765,1289.40
8533,2024606327967,33.00
8534,17991047274,830.30
8535,32311198844,684.30
8536,23200894391,799.60
8537,389924384,3872.40
8538,1329121213,1264.20
8539,3731282888,1119.20
8540,280792633792,76.90
8541,18287975321,757.00
8542,290628753,2937.90
8543,151837282022,171.70
8544,136287235760,168.30
8545,108274632323,94.20
8546,10004497897,715.20
8547,265857135,2201.90
8548,531084861,5000.00
8549,103303634675,78.30
8550,192307201411,89.20
8551,192393908,3602.50
8552,36737676399,538.20
8553,237524657,1740.80
8554,300143774,3267.70
8555,70866480475,116.00
8556,2452238140,1119.50
8557,944557582,1436.60
8558,29716526003,457.00
8559,275486249,2020.70
8560,17125634448,865.80
8561,23592562825,479.10
8562,302845352,4209.60
8563,113246537880,183.00
8564,39988857641,172.10
8565,25598814436,633.30
8566,239036276,1812.50
8567,73270474121,404.40
8568,38284311794,162.20
8569,214633769,1588.30
8570,28087822545,257.70
8571,118150285,1945.00
8572,3222361702,1181.30
8573,149830150695,199.60
8574,232271959,1821.70
8575,24347700703,765.40
8576,2177611762,1310.50
8577,12648720222,906.20
8578,685478606486,47.60
8579,301605327,3320.40
8580,293025808,4865.40
8581,3337947275,1003.00
8582,233769553,2400.00
8583,15922722522,348.70
8584,1388011656467,43.20
8585,252711716415,94.00
8586,4317180541,1138.10
8587,8399467752,813.00
8588,267716756,3943.80
8589,6278728481,860.70
8590,267974274,2613.30
8591,531084861,5000.00
8592,3255171361,1171.40
8593,28808121342,374.50
8594,5822495763,934.90
8595,21028062712,260.70
8596,305625779,1686.90
8597,386247783,1645.30
8598,70718294005,343.80
8599,664002758613,47.30
8600,24030215624,493.30
8601,13966534989,663.70
8602,30566438050,331.00
8603,15981300124,662.00
8604,2209446655964,17.30
8605,36934577303,105.90
8606,101467359972,68.60
8607,294917159,1658.00
8608,1916472278,1172.90
8609,1722042230,1170.20
8610,1084803567,1268.40
8611,9723601470,648.40
8612,271891540,2261.70
8613,17918135197,790.00
8614,3234092544,1151.60
8615,375163561,1679.20
8616,3049712648,1016.70
8617,16343752197,643.90
8618,1275439498,1218.40
8619,531084861,5000.00
8620,264486162,1897.40
8621,8296873726,651.80
8622,4747277361,1118.70
8623,475640011,1552.50
8624,177499011448,54.00
8625,30220599519,428.00
8626,250041160,1909.90
8627,179265854883,52.00
8628,7220036074,1032.10
8629,60904941131,351.30
8630,392943777,3056.50
8631,332897151,2076.90
8632,19462909961,776.60
8633,22620611294,557.10
8634,154782608504,139.60
8635,276145306461,84.20
8636,909596771,1442.90
8637,195674648,1858.90
8638,16745515826,400.60
8639,9017978011,692.10
8640,705253846,1533.80
8641,23510090316,231.90
8642,236029706,2724.90
8643,84404919299,361.60
8644,2674606496016,31.10
8645,24881903381,408.80
8646,5794548787,1054.10
8647,299122220,2327.60
8648,102509818878,132.20
8649,126613557853,93.90
8650,307812977,2798.40
8651,259459447,1937.70
8652,41858525741,596.30
8653,19522571346,819.50
8654,42159300182,515.00
8655,139539127682,205.50
8656,46829183251,258.70
8657,48316256745,507.50
8658,206531048,4752.50
8659,70617446773,310.20
8660,50067073872,208.70
8661,45555443119,533.90
8662,272473186058,95.20
8663,269551873,2337.10
8664,154834088497,155.50
8665,52034450494,278.00
8666,85168482358,350.50
8667,143733003975,216.00
8668,12240883048,779.90
8669,277928906,2417.40
8670,19276816657,291.90
8671,531084861,5000.00
8672,32885361697,321.60
8673,327562302,2234.80
8674,276359229,2327.40
8675,66989104666,211.50
8676,48688223056,500.30
8677,320820310,2474.50
8678,280807267,1830.40
8679,18398653835,798.80
8680,22111789454,442.20
8681,16069749501,700.10
8682,37134879337,221.60
8683,30531975670,593.20
8684,36998232854,637.50
8685,6873399965,940.80
8686,20078119720,632.50
8687,316757588,2374.50
8688,685296175,1483.60
8689,22926754099,540.50
8690,531084861,5000.00
8691,81561223741,331.10
8692,2320294493,1072.00
8693,34988583935,562.40
8694,23645853302,48.10
8695,93149371204,224.60
8696,122431085559,90.70
8697,35054473606,402.90
8698,299586330,1853.50
8699,268245706,1826.70
8700,47861815678,424.10
8701,10863112731,785.20
8702,44195895644,548.30
8703,49286855509,244.70
8704,35988666563,195.60
8705,375199924,3826.50
8706,38040243837,355.30
8707,661802722384,34.80
8708,19125045438,785.70
8709,117902869,1727.50
8710,65898474088,409.50
8711,2615134781,1130.10
8712,926146231,1467.00
8713,19236567926,770.00
8714,28935129378,241.00
8715,236745682,2512.80
8716,50732506465,199.50
8717,2615134781,1130.10
8718,2210580336,1303.70
8719,126660916618,142.40
8720,531084861,5000.00
8721,127372161928,156.60
8722,231362767,2007.90
8723,490376161374,37.40
8724,7052944785,816.80
8725,11926378500,538.10
8726,46494904336,226.20
8727,234259778,2270.50
8728,825166965,1469.20
8729,22980794647,719.40
8730,50913338172,189.80
8731,531084861,5000.00
8732,531084861,5000.00
8733,854077828,1417.80
8734,41761159388,186.00
8735,27718739138,673.20
8736,55538166406,179.20
8737,2750500395,1248.40
8738,51717232185,85.00
8739,9635694581,645.40
8740,16744930781,570.20
8741,334740162,3533.30
8742,63923691032,204.00
8743,31651835255,447.20
8744,281592046,2283.40
8745,55201166202,243.40
8746,28248698017,384.10
8747,531084861,5000.00
8748,531084861,5000.00
8749,32297069599,633.40
8750,118371144346,65.80
8751,326632475,3184.00
8752,219469632,1808.20
8753,12474786953,965.50
8754,381092665,3325.40
8755,258621836,1713.70
8756,233601818,2918.90
8757,11343934459,728.50
8758,19893735229,748.00
8759,116896002510,191.30
8760,1984418533,1289.20
8761,27286142483,311.20
8762,5348504242,1115.50
8763,286835066571,90.60
8764,2199038390963,10.60
8765,770184892,1492.70
8766,115526332874,152.40
8767,417410903,1637.00
8768,3088438387,1076.00
8769,59321462713,218.00
8770,328105251,1736.90
8771,21766121606,455.90
8772,262365490,4037.80
8773,312923908,2112.10
8774,90153281304,289.20
8775,1017690031,1227.40
8776,20031078124,464.40
8777,222275104,1827.10
8778,80704922811,126.10
8779,60425680317,128.90
8780,1275439498,1218.40
8781,30446658117,720.50
8782,20758854588,778.40
8783,66989104666,211.50
8784,38445669014,478.60
8785,41350175898,606.10
8786,208762583666,66.00
8787,8648872487,983.40
8788,19091955310,815.70
8789,14058694495,712.80
8790,34298756308,518.00
8791,317778319,3944.60
8792,19783474038,598.30
8793,33113851802,323.10
8794,36225190399,197.40
8795,677996334,1524.30
8796,1135885766,1404.80
8797,272231512,1796.10
8798,2462381443,1271.30
8799,1940034316,1160.70
8800,360497776,3250.50
8801,328150565,3159.20
8802,24933574647,698.30
8803,22768510051,559.30
8804,66398866968,227.40
8805,37798730978,309.90
8806,99642479940,55.10
8807,471716715347,46.90
8808,297174215,3856.80
8809,12649611871,647.40
8810,12248653558,779.10
8811,192334616969,65.10
8812,230102099,2379.20
8813,63069488008,335.80
8814,153108310900,112.30
8815,281000215,3788.70
8816,90767801856,50.10
8817,33503367713,395.10
8818,531084861,5000.00
8819,274606010,1990.40
8820,307867954,2067.80
8821,36061014122,528.60
8822,379635272,3765.90
8823,1481547379,1370.90
8824,123705350688,244.30
8825,1832749647,1281.20
8826,256881949,2823.40
8827,268597669,2539.50
8828,314519951,2207.00
8829,5286505110240,15.80
8830,25127471391,740.80
8831,223096495,4238.40
8832,19505960714,636.10
8833,24881903381,408.80
8834,122814620,1809.20
8835,16284300846,670.30
8836,11585952988,686.40
8837,29511589912,723.70
8838,428639456,1661.20
8839,21028062712,260.70
8840,323838284,2081.90
8841,326824519,2914.30
8842,58060414064,242.70
8843,9419429801,994.80
8844,250697182,4735.50
8845,48997736628,118.40
8846,2066899372231,19.10
8847,1499600128,1368.10
8848,69245090608,220.70
8849,71888733795,198.40
8850,118371144346,65.80
8851,28844491294,391.00
8852,56674342456,443.30
8853,3889163846,951.60
8854,6363371445976,8.50
8855,43805938668,290.50
8856,1807406800,1323.40
8857,5513408915,1017.10
8858,83651323118,311.70
8859,22665664342,337.40
8860,269199760,2622.70
8861,48551605548,156.70
8862,473602195,1627.90
8863,61096176854,460.60
8864,345749473,3919.60
8865,44693504218,190.90
8866,4770309738,1116.20
8867,147697342104,113.40
8868,238466995,2848.90
8869,9033343506,788.30
8870,274445923,1824.20
8871,37607489476,503.50
8872,21157582963,767.50
8873,4392410252,1105.60
8874,531084861,5000.00
8875,234855114,1999.20
8876,33786302369,694.20
8877,90272814015,56.70
8878,5920222006,1019.40
8879,3654847797333,18.00
8880,28283160571,740.50
8881,291310747,2499.80
8882,2661892842810,28.20
8883,8670845686,762.70
8884,138113294886,166.40
8885,23202865335,809.80
8886,15376721676,707.60
8887,282861234,2396.00
8888,671005346,1342.00
8889,318253593,2865.30
8890,67965182674,51.70
8891,684823578,1451.70
8892,39909239496,269.10
8893,698728221,1490.00
8894,10879360503,916.60
8895,122090646296,162.50
8896,40605750843,304.30
8897,361246144,3233.90
8898,15049904662,702.70
8899,110570011250,161.70
8900,43243019154,449.30
8901,18647079347,825.80
8902,1742496908736,42.30
8903,14570621679,828.50
8904,48658654448,432.10
8905,150914526254,193.60
8906,64198509654,58.80
8907,531084861,5000.00
8908,1134813308,1253.50
8909,117524380769,126.60
8910,37248226562,588.90
8911,231737319,2175.30
8912,52730450722,498.80
8913,21045693714,813.60
8914,197337377,1909.70
8915,11187299299,940.90
8916,55061749876,406.10
8917,33808467639,155.10
8918,1936800647,1335.40
8919,55811690918,395.60
8920,52034450494,278.00
8921,1524986243,1379.30
8922,114656231802,284.80
8923,90478513783,73.50
8924,51131270564,244.00
8925,16384953775,659.30
8926,15051296282,577.00
8927,281596531,1766.10
8928,319283453,1707.30
8929,40067586761,337.60
8930,11783248217,781.70
8931,6873399965,940.80
8932,12865257828,967.50
8933,29205811747,657.50
8934,10407147021,742.10
8935,2228211411,1261.10
8936,54245820927,407.60
8937,72116857461,111.30
8938,261775263,2850.90
8939,4008348664,1126.40
8940,2998669766,1179.70
8941,379372924,1587.80
8942,273482037,2527.80
8943,286896837,3256.80
8944,258407265,2369.30
8945,856270152,1310.30
8946,3342973040021,14.50
8947,102981756,1884.50
8948,635205165,1521.10
8949,531084861,5000.00
8950,266146616175,91.70
8951,2743795197,1201.10
8952,35988666563,195.60
8953,221453133,2197.10
8954,321504033,3148.20
8955,23894474296,312.10
8956,89418828007,52.20
8957,59628742469,401.10
8958,6269785093660,13.10
8959,848399907,1275.30
8960,1177876501,1254.50
8961,86760291226,237.10
8962,260729370,2411.70
8963,69372097319,205.40
8964,34505469857,388.80
8965,3049712648,1016.70
8966,266971678416,82.40
8967,71739045356,385.40
8968,15315772339,369.70
8969,302567101,1704.10
8970,1482651261317,15.70
8971,40933632673,512.00
8972,2584983557,1205.40
8973,133986845737,124.80
8974,553585833,1566.30
8975,234132080,1941.30
8976,232745183313,71.40
8977,531084861,5000.00
8978,21287348428,763.40
8979,68991477075,207.70
8980,48271329636,329.20
8981,225761226,2413.80
8982,264540571,2107.40
8983,167366907,3504.70
8984,11942119584,951.30
8985,312290378,1538.50
8986,109303953069,62.10
8987,13032334161,644.40
8988,287505936,4474.90
8989,296701902,2237.90
8990,75401478263,324.00
8991,702478242,1497.50
8992,14265236782,362.40
8993,22804802587,530.90
8994,1265590857,1405.70
8995,74650822014,81.20
8996,23933762717,383.30
8997,232988834,2801.80
8998,44022506733,233.30
8999,1238459763,1264.70
9000,54610390191,178.20
9001,90118031226,289.30
9002,317629789,2749.40
9003,207765860,4150.70
9004,267963559,2625.10
9005,269959791,3251.40
9006,531084861,5000.00
9007,267731023,3564.00
9008,2188955269877,15.60
9009,30065960283,251.30
9010,144772208847,98.50
9011,400369629,1601.60
9012,33760006397,607.50
9013,18488163687,497.90
9014,12857329681,513.90
9015,266687515,1740.20
9016,1676142148,1328.00
9017,198637052239,62.50
9018,11814769797,548.10
9019,24431354032,664.30
9020,20278575193,450.10
9021,1694999403,1142.60
9022,141357621,2080.10
9023,58381622628,392.70
9024,1234989910468,19.30
9025,20567908199,809.90
9026,12310866414,936.10
9027,831981318,1498.60
9028,57147998122,238.00
9029,21079088478,255.00
9030,38289481865,565.80
9031,272909754,3580.20
9032,1258119247,1377.90
9033,69333756574,377.20
9034,531084861,5000.00
9035,531084861,5000.00
9036,288906263007,92.10
9037,531084861,5000.00
9038,14134969610,579.80
9039,1426246439,1177.30
9040,5981350268,872.70
9041,294984510,3136.50
9042,127193112,2047.60
9043,14214161097,865.00
9044,2335468094,1272.80
9045,145207570194,202.60
9046,311897494,3942.30
9047,84692195727,331.50
9048,34440954846,390.00
9049,54637800935,179.50
9050,531084861,5000.00
9051,87548853139,55.60
9052,29982429205,668.00
9053,998486018,1396.30
9054,4092577014,928.50
9055,32320509926,326.20
9056,68409465299,369.40
9057,35454808141,290.70
9058,37415807225,292.50
9059,44150484999,189.50
9060,7393394684,816.30
9061,232907130,4741.40
9062,53461209272,212.00
9063,22804802587,530.90
9064,35145111150,538.70
9065,220434918024,81.90
9066,63312476999,460.80
9067,14548019044,843.10
9068,735179217,1513.30
9069,139901443874,154.90
9070,157578507,2060.50
9071,365188531,1688.40
9072,1237958031,1353.90
9073,318831635,2698.60
9074,41278116522,321.90
9075,4793104042,978.10
9076,65019813077,396.30
9077,531084861,5000.00
9078,50951145485,456.90
9079,166596793,2009.20
9080,128471834549,128.60
9081,1083106006,1374.60
9082,132961655039,87.30
9083,311902284,3228.80
9084,2001809295007,19.40
9085,138126192091,211.30
9086,9017978011,692.10
9087,54081388924,216.30
9088,220641078,4055.70
9089,12147905264,793.90
9090,23272122086,669.20
9091,28808293870,234.50
9092,28238050339,122.80
9093,59019077058,251.90
9094,134759062354,116.70
9095,44784643281,494.40
9096,8148363870,794.90
9097,39882923254,300.40
9098,53461209272,212.00
9099,1084937077563,47.90
9100,556352954,1331.50
9101,256222280,4563.30
9102,277819335,2546.50
9103,75704747813,275.20
9104,187856543,1615.80
9105,308952303,3653.20
9106,23942755488,710.10
9107,12060301114,894.20
9108,569098416,1558.60
9109,531084861,5000.00
9110,13858662031,645.70
9111,441264420650,44.80
9112,37207101886,495.50
9113,484270168,1532.40
9114,201984084064,59.20
9115,19499644177,823.60
9116,245404289,1835.30
9117,939352826790,43.60
9118,37907204472,535.10
9119,1623431261,1356.70
9120,6093294144,1001.20
9121,34285031785,307.50
9122,3326087478,1138.30
9123,45999519460,496.00
9124,279118007,2088.50
9125,55372877807,426.40
9126,3889163846,951.60
9127,42338177756,248.50
9128,1654843958,1346.00
9129,33721687979,558.10
9130,867105019,1464.90
9131,20532652810,482.50
9132,14034184462,747.80
9133,74399579971,303.60
9134,593668319998,26.00
9135,131334167052,92.80
9136,208975494,2285.00
9137,103878244270,67.50
9138,6614021263,1067.60
9139,531084861,5000.00
9140,46733219687,435.80
9141,256690325,3822.30
9142,9654462655,841.40
9143,2184821553,1257.80
9144,21135806267,479.70
9145,2301237172,1233.30
9146,48475212373,241.10
9147,301034763,2800.20
9148,77137079999,382.40
9149,2336466982,1261.70
9150,79854699741,145.60
9151,4935275044761,12.20
9152,298192447,1737.00
9153,135653563565,228.10
9154,18178462688,496.50
9155,3497069119,1040.10
9156,3128848300,1221.50
9157,4667933894,1103.90
9158,1432164932,1374.80
9159,769600366,1464.50
9160,14189518805,834.50
9161,30115649896,353.60
9162,1637608257,1306.40
9163,59251838535,370.30
9164,316215857,2209.80
9165,45321897682,581.60
9166,2847053541,1186.80
9167,262969194,4279.80
9168,40067586761,337.60
9169,322534552,2822.90
9170,44563974957,426.10
9171,7052944785,816.80
9172,332506970,3627.00
9173,46817793270,274.90
9174,55674718765,105.00
9175,213895511,4822.10
9176,105917546886,120.40
9177,33588744728,398.90
9178,2267530408,1001.50
9179,11664584586,994.60
9180,832394874,1425.30
9181,13342063462,622.40
9182,1807292101,1191.40
9183,711509723,1464.80
9184,730881451,1444.90
9185,273334676,2092.60
9186,281559346,1513.00
9187,49169659315,163.70
9188,8711809339,850.20
9189,133482288163,158.00
9190,33055798183,416.40
9191,1435936979,1344.00
9192,46817793270,274.90
9193,2373133930,1243.90
9194,139400824037,195.20
9195,258365002,2402.90
9196,297357917,2235.60
9197,101467359972,68.60
9198,12082152728,905.70
9199,42188718250,278.90
9200,102648055,1849.10
9201,291726793,2318.30
9202,100213068958,176.20
9203,60477819795,392.40
9204,73575285670,387.00
9205,1117372316154,42.70
9206,45720325258,247.10
9207,317581929,4033.60
9208,531084861,5000.00
9209,271810119,2210.00
9210,302317264,3637.30
9211,531084861,5000.00
9212,16889863569,656.80
9213,93581943404,335.50
9214,13083443443,936.70
9215,370190051,1732.00
9216,321976887,2649.90
9217,447344369,1596.10
9218,531084861,5000.00
9219,22174699227,433.60
9220,278200644,1812.00
9221,362749169,3206.20
9222,43576580476,501.20
9223,38060282767,496.70
9224,122615805602,176.80
9225,618772011,1533.60
9226,135102865850,169.90
9227,268597747,1822.40
9228,23776711784,403.30
9229,2335828880,1268.00
9230,68440268611,110.30
9231,130844379962,184.40
9232,29055939662,601.40
9233,22725442550,452.10
9234,452089710,1629.50
9235,72307189545,325.80
9236,118248928320,60.60
9237,14376059488,546.00
9238,119908078,2262.30
9239,315145345,2898.10
9240,34094591457,655.00
9241,531084861,5000.00
9242,18667425015,621.50
9243,143217232579,94.80
9244,118695864481,192.10
9245,13393652220,547.00
9246,15424306188,854.00
9247,45185885654,482.60
9248,531084861,5000.00
9249,531084861,5000.00
9250,305245379,2245.10
9251,193324659,1914.80
9252,49137830068,135.90
9253,33389366050,240.40
9254,4238700300,1073.20
9255,3837633150,1196.40
9256,29084247598,636.80
9257,5161704870,1116.80
9258,44077335003,540.90
9259,373339756,1714.40
9260,284788177,2382.80
9261,64411250092,208.90
9262,53342764252,266.20
9263,3704405323,1106.30
9264,45009098899,559.10
9265,1160363881282,22.10
9266,22597801054,747.70
9267,256520116291,78.50
9268,531084861,5000.00
9269,1648441297,1278.20
9270,17925251883,648.80
9271,117145399064,229.00
9272,231259827,1747.70
9273,277085520,4551.10
9274,203513012,1643.80
9275,17290528867,609.10
9276,323675873,3230.80
9277,284697280,1785.80
9278,128296896651,229.70
9279,57685281622,366.40
9280,271662000,2645.00
9281,24829929562,753.40
9282,24016802689,692.70
9283,183453915128,61.90
9284,34893501223,305.70
9285,531084861,5000.00
9286,35988666563,195.60
9287,18946188958,563.40
9288,40602889141,511.20
9289,268606551,1732.50
9290,290391101,1736.30
9291,9409942034,941.20
9292,17358744260,798.70
9293,207782006,2271.00
9294,70935285054,370.00
9295,329900437,2204.50
9296,1195379403648,22.60
9297,44022506733,233.30
9298,49575310181,541.50
9299,263583774,4903.10
9300,88458709436,253.10
9301,46494904336,226.20
9302,228328612,2160.10
9303,612487552,1510.00
9304,591521385623,36.20
9305,80757945855,133.70
9306,55750550365,253.90
9307,24380008245,441.20
9308,336187705,3221.60
9309,21825213898,588.60
9310,81903479943,67.30
9311,127562734109,172.40
9312,1173438672,1419.30
9313,344286490,3165.30
9314,330938444,2089.80
9315,1083143405663,27.30
9316,59321462713,218.00
9317,289349974,4846.80
9318,1334136847865,30.00
9319,103893321964,136.60
9320,29474801801,463.60
9321,1316617955,1394.10
9322,309648201,2906.70
9323,89455775575,77.60
9324,75083162649,152.30
9325,232883625,1816.30
9326,23865390586,789.40
9327,286884248,3449.90
9328,70326872186,421.80
9329,20394015119,845.40
9330,64886503399,342.20
9331,821998825580,44.40
9332,245033595,1579.00
9333,33389366050,240.40
9334,944605487,1398.10
9335,29474801801,463.60
9336,66691948269,442.30
9337,337477821,1494.30
9338,341231915,1684.90
9339,83331037141,262.60
9340,6330965325,1080.70
9341,4301149687,1140.80
9342,253238570,2515.40
9343,26485314240,728.10
9344,2096864431145,13.50
9345,549790392,1438.60
9346,68961375678,344.60
9347,2716488151367,5.10
9348,102743834626,286.70
9349,46699272334,462.00
9350,229699121,2332.40
9351,33808467639,155.10
9352,89484769632,61.70
9353,44993027499,423.90
9354,6361036817,1009.10
9355,81421529251,338.60
9356,27404302903,751.70
9357,6239799757662,3.60
9358,530443378,1595.20
9359,124383580027,140.10
9360,21220095791,508.60
9361,139438455981,194.10
9362,41251509935,598.80
9363,11789287012,968.00
9364,290575077,4575.10
9365,80351100962,84.80
9366,15358778892,797.80
9367,6289797379,1043.60
9368,9778743930,924.40
9369,27075016538,343.30
9370,531084861,5000.00
9371,106039819251,168.80
9372,29858833265,416.00
9373,102278219066,110.80
9374,137629491584,122.30
9375,44432183458,583.30
9376,79960196287,94.60
9377,47385121433,448.50
9378,206295819,2330.50
9379,223104316,4100.30
9380,158048403681,100.10
9381,11894476236,739.60
9382,30220599519,428.00
9383,23913532909,787.60
9384,29173839028,474.70
9385,312267808,2033.90
9386,137323748,1876.20
9387,28808121342,374.50
9388,2213952451947,35.90
9389,55553573992,364.30
9390,531084861,5000.00
9391,240345395,2023.30
9392,249608211,2520.30
9393,5281653393,1071.10
9394,135978640811,196.30
9395,273796285,1980.40
9396,21885003713,823.00
9397,277821258,2535.50
9398,47160679945,329.30
9399,53062041389,526.80
9400,516719109,1593.00
9401,969994890,1384.80
9402,124118620714,234.70
9403,7270025131,703.00
9404,293115023,2621.30
9405,41293186671,516.40
9406,16713461776,652.30
9407,531084861,5000.00
9408,28935129378,241.00
9409,939352826790,43.60
9410,4350742859,1147.50
9411,282164931,2223.20
9412,28965954653,660.40
9413,225816698,2077.70
9414,277113462,2980.10
9415,9779997355,994.00
9416,266111543,2579.90
9417,3102942905,1198.60
9418,364925712,3218.70
9419,319498810,2680.10
9420,131888322947,197.80
9421,75642686860,274.60
9422,3154243211,970.10
9423,158249041,1607.90
9424,33685703179,545.50
9425,272263845,2563.90
9426,2449175460,1283.50
9427,1725630746,1295.90
9428,14647652872,851.60
9429,212175432621,86.90
9430,2875486636,1195.00
9431,3153087269,1014.30
9432,76254522258,338.20
9433,94396871273,297.50
9434,37986809674,380.50
9435,47024132117,492.90
9436,1205491386,1419.50
9437,29779668450,429.30
9438,344647778,1735.90
9439,10934034753,808.90
9440,65990403909,417.00
9441,4413071707,1127.50
9442,768457387512,27.00
9443,36682930603,221.70
9444,220038917,4211.30
9445,268580751,1927.50
9446,529606698,1539.10
9447,531084861,5000.00
9448,219706690,1892.60
9449,531084861,5000.00
9450,531084861,5000.00
9451,48780480650,308.80
9452,62277592121,432.80
9453,21795857227,484.80
9454,4431921847,1082.50
9455,28138967594,484.60
9456,808264705,1294.10
9457,805278045,1474.30
9458,1065451403417,20.40
9459,282603245,4774.80
9460,31241830608,213.80
9461,21690822689,420.90
9462,16030640013,897.80
9463,39622260115,620.50
9464,16503547180,878.30
9465,40615085835,606.90
9466,43094475729,249.20
9467,21795857227,484.80
9468,16274045338,699.10
9469,61967705776,433.80
9470,23933762717,383.30
9471,59714374702,347.50
9472,37798730978,309.90
9473,93294234489,87.60
9474,311251124,1649.40
9475,75463201289,370.10
9476,297175206,3703.00
9477,17607797833,876.10
9478,142364818,2134.70
9479,32523336820,680.00
9480,593668319998,26.00
9481,25395152521,48.40
9482,15049904662,702.70
9483,375940807,3970.40
9484,675380888,1499.90
9485,6278728481,860.70
9486,280997404253,73.70
9487,49746214516,251.00
9488,812977464,1488.40
9489,19027592123,859.50
9490,1964538955042,6.20
9491,328721291,2647.00
9492,44354502515,564.80
9493,24151502093,348.90
9494,394358191,3787.90
9495,260514050,4130.80
9496,75576895574,374.40
9497,1241211434,1217.10
9498,30086394385,568.10
9499,249454301,2155.70
9500,28234305571,686.30
9501,1035384446,1390.60
9502,334705484,3991.20
9503,5183114682,1084.00
9504,289712852,2011.50
9505,531084861,5000.00
9506,5332875135,1094.70
9507,290167265,2434.80
9508,85003435083,251.70
9509,7200029819,1009.80
9510,362434744,1638.30
9511,48291874078,189.00
9512,1197655419,1410.20
9513,71440576782,315.80
9514,19895334715,636.50
9515,262555207,2458.20
9516,11591013103,808.40
9517,78260863554,388.90
9518,72000261072,383.10
9519,18263806961,637.00
9520,430263510,1431.60
9521,251816476332,57.30
9522,148997224563,134.60
9523,59280394698,196.10
9524,242044437,2111.00
9525,1786652730544,38.80
9526,50983684616,100.80
9527,36527094918,546.60
9528,118455390558,153.20
9529,83516229858,96.30
9530,38794349803,639.50
9531,97655239583,222.50
9532,55733302631,425.80
9533,16782313298,822.90
9534,6062405787,900.60
9535,54335301570,455.10
9536,248250542,2304.00
9537,9048679156,880.20
9538,78861372933,152.10
9539,52609578280,491.80
9540,75125543843,193.00
9541,5496791543,933.20
9542,289983868,1878.90
9543,317075176,3242.70
9544,43502803598,236.60
9545,5927738912,1047.70
9546,531084861,5000.00
9547,1142532105,1374.10
9548,295127821,2139.80
9549,70364359839,209.30
9550,4294862223,989.00
9551,70240348441,216.80
9552,274610515,1924.10
9553,5114261485,931.30
9554,89552852530,340.60
9555,116677816124,259.00
9556,209338775,1688.90
9557,1002652787,1461.20
9558,342141993,3029.30
9559,139981954191,138.30
9560,38974454647,163.40
9561,557367430,1546.00
9562,531084861,5000.00
9563,14309711546,887.80
9564,531084861,5000.00
9565,410471199,1630.90
9566,205217811323,94.30
9567,63492249571,416.70
9568,62899500466,376.50
9569,5958554201,1024.80
9570,4956541526137,9.10
9571,21932866801,723.60
9572,32268772181,220.30
9573,38909335732,608.50
9574,5632088740,1079.40
9575,90685756630,248.00
9576,40220179941,248.30
9577,1564246248,1362.90
9578,38974454647,163.40
9579,286301278,1818.10
9580,20542073944,550.10
9581,12874554688,933.10
9582,11854722835,794.30
9583,269976791348,50.70
9584,46777973292,409.40
9585,2072951009,1304.70
9586,518254677,1554.00
9587,9192414642,983.60
9588,1571565412,1330.30
9589,131476117,1773.60
9590,5748567121134,14.70
9591,57345903523,117.60
9592,382327374,1714.90
9593,75641845981,358.70
9594,320634069,4552.70
9595,226774226,4610.00
9596,31194660853,654.10
9597,859358764000,41.30
9598,91655308272,71.00
9599,249343141,3212.80
9600,51726771359,513.30
9601,210960350175,99.00
9602,1540864733,1375.70
9603,662093337,1550.20
9604,531084861,5000.00
9605,120639100194,214.20
9606,29041884516,584.00
9607,258403105,1967.00
9608,1180105497,1426.60
9609,78627918662,324.40
9610,22247691220,761.40
9611,411574987,1591.80
9612,5860929368,1069.80
9613,96337337310,310.00
9614,2352163952,1237.70
9615,123026619528,234.20
9616,3265969970,1209.20
9617,261748646,4192.50
9618,1353560731,1377.20
9619,247068567,2026.40
9620,29418643007,283.90
9621,153167392759,150.00
9622,347988350,3691.20
9623,23510090316,231.90
9624,1160363881282,22.10
9625,18698540488,655.30
9626,531084861,5000.00
9627,9526507224,638.30
9628,51818722021,275.60
9629,272899832,3780.60
9630,89484769632,61.70
9631,2519718074308,42.00
9632,48716417171,475.10
9633,26677212396,613.80
9634,3867852926,1008.00
9635,477600133,1594.20
9636,47576960031,80.80
9637,56143098847,405.50
9638,49202290397,543.70
9639,73126978540,143.80
9640,77528058141,53.50
9641,531084861,5000.00
9642,539976480,1548.90
9643,841664928,1342.60
9644,285917807,1855.50
9645,531084861,5000.00
9646,53380093748,275.00
9647,124615294707,244.50
9648,27786700530,256.70
9649,25661236288,458.50
9650,66783681697,237.80
9651,16753951506,864.80
9652,117466538501,174.60
9653,2445817594,1245.90
9654,26491551607,450.40
9655,23748365951,796.70
9656,31323698472,671.30
9657,698184307,1504.30
9658,56393737284,486.80
9659,123716892083,83.00
9660,215124447,4236.60
9661,57355491427,286.20
9662,267264201,4916.50
9663,890315860,1450.60
9664,18565439514,783.20
9665,130731749413,215.50
9666,11893755756,502.60
9667,14213508723,941.70
9668,280257703,2631.70
9669,49530903717,453.30
9670,746145560,1457.10
9671,265876115790,97.00
9672,1189842926,1383.90
9673,250139755,1736.70
9674,55292099750,484.50
9675,16717533142,454.90
9676,208821567200,69.00
9677,91838816546,87.10
9678,21962101050,537.10
9679,194320880,1573.50
9680,732450550,1289.30
9681,4191197055,1109.30
9682,32308631189,666.50
9683,35336381767,267.40
9684,13230476648,620.10
9685,218246952,2080.00
9686,5895953412427,3.20
9687,585806177,1485.60
9688,127407081293,228.60
9689,25772961820,508.40
9690,531084861,5000.00
9691,71981681385,216.10
9692,1570655676,1361.30
9693,48598524478,502.70
9694,43987865236,498.50
9695,484369128,1539.40
9696,112580299,2110.60
9697,227962924,2018.60
9698,531084861,5000.00
9699,14318978645,462.70
9700,272167330,3306.80
9701,136206922314,109.30
9702,62902815726,113.50
9703,2411559467,1288.90
9704,1597267232,1354.70
9705,250969698,2171.10
9706,34509221219,638.60
9707,1733994694,1294.40
9708,118089192594,264.20
9709,2054873537,1086.90
9710,11612586729,976.40
9711,30891926883,587.70
9712,66446667878,381.10
9713,752145684,1488.30
9714,1958164597,1322.50
9715,4188385872,1085.20
9716,1947980007,1273.00
9717,60735949835,423.50
9718,800580447,1292.70
9719,14730482993,820.40
9720,1510443801106,27.40
9721,144299737,1842.40
9722,638348459,1479.50
9723,27028865906,747.40
9724,295707501,3065.20
9725,2827014215,1255.60
9726,286881209,3350.30
9727,2540368819,1120.30
9728,317048580,2652.90
9729,305393881,2709.20
9730,257207758094,53.10
9731,43553522378,246.80
9732,7805531525,897.30
9733,221088669474,98.00
9734,105241039025,132.60
9735,276485676,2980.60
9736,50008205415,111.60
9737,24136767696,783.00
9738,2359300525,1211.90
9739,467655897,1542.30
9740,21541199850,433.50
9741,1568444261815,18.60
9742,21079088478,255.00
9743,280744875,1911.90
9744,223215763,2474.30
9745,103354748180,115.00
9746,3867852926,1008.00
9747,147509084834,204.80
9748,538361514,1597.10
9749,134162901095,168.60
9750,7114152438,1029.10
9751,245823866,2874.20
9752,30115649896,353.60
9753,65910925306,415.40
9754,155922976729,123.50
9755,21283137795,764.20
9756,4374612403,1158.90
9757,22620611294,557.10
9758,21448704036,802.50
9759,285414576,3226.70
9760,5147412468,996.90
9761,84803945244,336.80
9762,270754026,2253.40
9763,208294731,1863.10
9764,221727542,2308.90
9765,228728953,2681.00
9766,34778136611,395.30
9767,534365113,1405.40
9768,11145460287,995.40
9769,41867494437,608.00
9770,10461246919,981.80
9771,149218522150,123.30
9772,62592244857,430.40
9773,384035407,3212.70
9774,110006443106,146.50
9775,6230700389,858.10
9776,306685124,1692.70
9777,19532392520,766.10
9778,39611858176,135.60
9779,23440072787,400.10
9780,327532454,2533.30
9781,281717034,3886.60
9782,11272705695,821.50
9783,546631336,1530.20
9784,28650618971,372.20
9785,11591013103,808.40
9786,26088195471,420.10
9787,88941853012,85.10
9788,17076385434,362.60
9789,15379388945,679.80
9790,6129386748,981.90
9791,6806186476,1035.50
9792,16355475681,604.70
9793,15007155554,872.90
9794,212712020,2830.40
9795,51717232185,85.00
9796,16496012819,856.20
9797,285882323,2461.70
9798,531084861,5000.00
9799,32234204427,625.50
9800,17076385434,362.60
9801,49138177662,520.70
9802,1612375935,1178.60
9803,26820282820,263.70
9804,217874948,1906.00
9805,164256787,2162.30
9806,39796052582,637.80
9807,5410097245,1049.40
9808,7106189351,1038.30
9809,42055888900,205.00
9810,51773635901,449.50
9811,32885361697,321.60
9812,240108588,2045.10
9813,11597038740,791.40
9814,274348391,3801.90
9815,18775345422,631.40
9816,117676901947,235.60
9817,289691118,1677.60
9818,1859195677,1334.80
9819,18975826570,746.30
9820,24344249177,771.80
9821,29129235598,683.40
9822,42525557964,270.80
9823,28844491294,391.00
9824,158203491989,157.00
9825,419240009,1569.50
9826,31379170340,403.10
9827,24788854917,660.20
9828,1845837418,1290.40
9829,26147290997,709.70
9830,23440072787,400.10
9831,935206559,1472.10
9832,43657540560,321.10
9833,5992946891,1018.40
9834,19946264790,762.80
9835,41978582034,334.40
9836,15981300124,662.00
9837,30674530899,568.60
9838,13778392512,831.30
9839,214147757,2384.90
9840,531084861,5000.00
9841,54972059644,260.60
9842,20521964778,501.00
9843,249471377,4970.00
9844,531084861,5000.00
9845,282599586,4159.70
9846,354634020,3451.00
9847,255065597,2523.70
9848,108658106819,280.90
9849,46675296570,555.90
9850,9985919551,807.70
9851,56143617084,506.20
9852,298131356,1825.10
9853,769701574,1483.40
9854,22576370362,376.20
9855,255193008,2465.20
9856,66556884988,315.40
9857,29686239467,607.90
9858,48271329636,329.20
9859,125358206544,117.90
9860,284699179,3271.10
9861,295313653,1653.10
9862,9776836396,688.60
9863,324310189,4956.30
9864,17383540780,846.50
9865,29618801683,450.90
9866,16812595291,828.80
9867,31597495699,452.60
9868,129208550181,77.90
9869,98786760766,313.40
9870,142697275546,188.60
9871,20452349020,439.30
9872,861319651,1453.60
9873,248639794,3108.80
9874,531084861,5000.00
9875,105962594423,75.00
9876,62804303446,359.80
9877,38590358305,316.50
9878,36545135633,531.90
9879,28403877074,688.90
9880,54169871025,277.80
9881,1813834380,1325.20
9882,31957912367,420.70
9883,1045332497,1433.50
9884,660700825920,28.00
9885,21907995044,529.30
9886,41596474266,230.80
9887,215734631,4120.40
9888,122457990,2246.70
9889,21028062712,260.70
9890,643566795,1492.10
9891,531084861,5000.00
9892,87548853139,55.60
9893,9759819835,725.20
9894,13450723866,718.10
9895,99121039676,190.50
9896,54398567363,291.80
9897,155517187,2412.60
9898,270934746,1731.00
9899,324409709,3450.00
9900,4775220489989,6.10
9901,39435634820,503.20
9902,48527999144,306.40
9903,37070462309,332.40
9904,254478951254,67.10
9905,33719410634,561.30
9906,28976438370,724.50
9907,144299737,1842.40
9908,248310685,1763.80
9909,727969251,1475.10
9910,35953946788,185.40
9911,109475211999,180.00
9912,531084861,5000.00
9913,43373858143,323.40
9914,531084861,5000.00
9915,4088547431,1110.80
9916,213340084,2576.00
9917,13016269438,895.90
9918,6480433315,1079.30
9919,5585277595,1039.50
9920,321374256,2533.10
9921,65317067940,124.50
9922,5451832780,1097.80
9923,243913170,2222.10
9924,43365924229,446.30
9925,77677871168,349.00
9926,2858076237526,6.90
9927,73576972076,320.50
9928,19246374854,399.10
9929,139527025,2586.00
9930,2603979350067,28.40
9931,90210046374,326.90
9932,1117784584151,41.20
9933,248246851,4377.90
9934,23940227439,342.90
9935,239958845,2070.60
9936,9305889622,801.20
9937,132362241494,176.30
9938,207928566,2423.90
9939,97374696313,199.00
9940,859358764000,41.30
9941,1488945202,1361.60
9942,219418604,4291.30
9943,279513293,3587.40
9944,102237793496,297.40
9945,2819921787,1036.60
9946,114838230136,276.50
9947,66189880313,441.00
9948,5729680539,1005.00
9949,322472377,4931.30
9950,11750859057,928.80
9951,64132802477,101.10
9952,531084861,5000.00
9953,74209327899,332.80
9954,16066222900,596.10
9955,503713874,1465.40
9956,463796177,1569.80
9957,2577780950,1081.50
9958,270485362745,81.80
9959,29877084800,588.70
9960,34070123245,393.90
9961,36300484723,414.50
9962,220971405,2348.20
9963,23557729043,737.50
9964,30436396877,667.50
9965,66349851205,57.00
9966,30808587712,333.60
9967,5090352777,1073.40
9968,91585811329,84.30
9969,4850967394,826.40
9970,21574488311,693.10
9971,26798439375,477.60
9972,322296827,1713.60
9973,104165113603,291.30
9974,39909239496,269.10
9975,247179165,3100.00
9976,15023178854,497.50
9977,49286855509,244.70
9978,32268772181,220.30
9979,667213952,1505.10
9980,25227966226,734.60
9981,39864921632,586.60
9982,581928019,1545.10
9983,25965602213,731.00
9984,15024645157,862.70
9985,53991868592,117.20
9986,31011628218,575.50
9987,46716056477,573.60
9988,12161441103,644.70
9989,8221748931,879.30
9990,652260298,1386.30
9991,10054783785,981.00
9992,308679764,2221.90
9993,65954757072,233.70
9994,82248278960,54.40
9995,38494558173,190.00
9996,3419275205,987.20
9997,20385273496,506.60
9998,293590891,1690.90
9999,23796680659,732.00
