Name,Pig8
Score,0.4166
LockedUpRTP,
Rtp,96.99999999473313
Win Ranges
0,0.1,1 in never
0.1,1,1 in 656.763
1,2,1 in 196.360
2,3,1 in 86.414
3,5,1 in 33.201
5,10,1 in 12.298
10,20,1 in 4.141
20,50,1 in 2.687
50,100,1 in 84.650
100,200,1 in 134.143
200,500,1 in 4.249
500,1000,1 in 1361.109
1000,2000,1 in 1664.877
2000,3000,1 in 3295.196
3000,5001,1 in 2139.917
Distribution
0,10857655838,115.80
1,482583768,868.10
2,531084861,5000.00
3,135269560066,231.80
4,711858947,512.60
5,493009471,3660.60
6,372374633,4744.80
7,420461600,718.50
8,156476088113,337.40
9,442649993,2308.50
10,509218918,662.50
11,30636482538,208.50
12,414543707,2474.20
13,236486469,696.40
14,531084861,5000.00
15,195696785,1254.90
16,242035516,768.10
17,113499902692,259.70
18,13873542093,85.10
19,501076357,4914.80
20,11370663949,159.20
21,405004365,1536.30
22,436726865,4493.50
23,256115379,639.20
24,125452521280,388.10
25,314468776,1667.00
26,103641490,1289.30
27,461153525,652.50
28,38649613912,389.10
29,434509962,978.90
30,415065417,1398.90
31,507145818,531.50
32,452257680,872.40
33,341097759,1383.50
34,25903479049,184.10
35,407375978,1878.50
36,322021946,516.60
37,603064455,3044.40
38,515868520,2302.30
39,2965731723,133.40
40,442642613,2652.70
41,500338549,2347.40
42,216657032276,302.50
43,1504081812844,12.90
44,308593979477,289.70
45,531084861,5000.00
46,3405336046,120.70
47,553728959000,42.80
48,604850755,3065.30
49,518833774,937.00
50,403228608,1121.30
51,359442923,1140.30
52,8112529801,169.80
53,178242535,1640.70
54,103431868639,372.50
55,453738778,4144.60
56,8626176468,147.70
57,124409555825,363.70
58,5792067839,130.40
59,394568333,844.80
60,223112024,604.70
61,860006318,492.30
62,377195269,1415.80
63,463361172,2406.60
64,200640638290,342.10
65,310317482994,350.40
66,1958523487470,22.00
67,41851016657,79.60
68,354319192453,302.30
69,115975561712,230.10
70,587094719,3268.90
71,3798696667,151.50
72,173508145,1686.00
73,312695970,1855.40
74,205344346821,259.40
75,138965892896,236.70
76,351750954,1251.80
77,234271798,658.40
78,390866220,921.00
79,350569533,1479.10
80,66546604102,396.20
81,511644108,3773.50
82,34518965441,96.70
83,568450152,3631.80
84,307371692,1931.80
85,452261212,4166.20
86,496431561,551.90
87,426372251,2811.30
88,41441192222,85.40
89,427116384,789.00
90,7198914914,141.70
91,205051946,2569.00
92,531084861,5000.00
93,888477022,495.90
94,417497944,2978.30
95,18236096253,410.40
96,251281363,847.40
97,329264998,1223.50
98,562238648,3697.30
99,197179338,1035.00
100,1134645688597,13.50
101,944221469,489.20
102,531084861,5000.00
103,531084861,5000.00
104,239445571,998.40
105,624033652,513.10
106,2154387778,466.60
107,505521444,2911.10
108,476675769,836.70
109,390869699,4148.40
110,410330120,1555.00
111,4241478827,122.20
112,531084861,5000.00
113,412321059,975.20
114,510695852,2070.10
115,460401280,662.20
116,19122606169,51.30
117,2410309861,442.20
118,180017027,1120.30
119,152575451254,306.10
120,34858076872,415.60
121,200613474,988.60
122,212818486,2267.70
123,5033369995,152.10
124,527623964,3148.40
125,318025098,1052.80
126,341690619,1723.50
127,415066977,1868.00
128,295364255,530.70
129,22237500213,407.70
130,15010500050,417.20
131,195696785,1254.90
132,483324106,2593.60
133,4772515875,116.90
134,450405397,3105.80
135,201350993,888.00
136,408553223,1319.90
137,147795741,747.00
138,5747769415,174.80
139,515873844,891.50
140,3780192868,123.60
141,229088461,728.50
142,353527091,1233.80
143,399012418,968.60
144,202503468,1588.30
145,336958148,1678.90
146,374601129,844.70
147,342871408,1648.90
148,303818827,1832.30
149,167592671,1799.00
150,394353236,1577.50
151,518751228,3182.90
152,386661351,1536.70
153,104410436328,368.30
154,44280171164,54.20
155,197653492,772.60
156,458914715,774.70
157,160122446,881.60
158,437828668902,320.90
159,368321289,1629.40
160,285059223587,274.70
161,328669691,1899.20
162,233898859,898.70
163,445610502,872.00
164,316227125518,271.70
165,30149022878,403.70
166,7462990049,140.30
167,16315353666,431.40
168,3695666610,165.30
169,331633954,1118.50
170,531084861,5000.00
171,191853056,1255.00
172,10871108446,155.70
173,365363563,1147.80
174,957748184,488.40
175,1460497615757,22.40
176,55922467157,60.80
177,506256247,2692.00
178,440423285,4431.60
179,301450884,1998.20
180,3137719119,134.30
181,463356639,2193.00
182,378297865,2581.30
183,356483299,1097.70
184,375350831,654.80
185,156642476,1512.50
186,457441365,858.70
187,487767559,952.90
188,232424236992,335.40
189,342280233,1972.20
190,227839999,609.10
191,361029319908,329.80
192,410840672,682.70
193,300859077,1984.00
194,305455447,511.40
195,1943343463,144.90
196,491831777,613.10
197,110363113869,255.60
198,382519421,1072.80
199,359266693992,291.50
200,9217953648,153.40
201,540050008,3628.50
202,5913345517,104.60
203,6667919602717,18.50
204,186228805,1064.50
205,85252140985,380.50
206,268440917141,262.30
207,22440417435,72.60
208,1816180218999,45.20
209,520311973,814.10
210,378970352,1349.50
211,401966286,4531.40
212,257284844166,268.40
213,223542901,914.50
214,196289688,1021.30
215,510697486,2467.10
216,531084861,5000.00
217,1825099727702,15.70
218,15253148490,175.60
219,259031869,605.00
220,531084861,5000.00
221,421934860,816.70
222,14839226079,72.00
223,299680482,1162.10
224,421936863,4069.40
225,495670640,3727.40
226,435364240,626.90
227,28622358939,418.30
228,492201576,2804.80
229,242973973,611.90
230,372136308,492.70
231,295531988646,279.60
232,400487560,2899.80
233,389619963,1346.20
234,32756539082,399.80
235,415274610,4942.70
236,457451314,661.60
237,4151678964,453.90
238,373647085,1270.20
239,432291425,2420.50
240,422676200,864.70
241,545377027,3239.30
242,535612533,3516.50
243,603066227,3076.20
244,364767244,1428.70
245,357079660,1056.80
246,189526597,652.80
247,344061262,1310.20
248,10876329837,49.90
249,464591212849,337.10
250,38123519923,397.20
251,174690957,1465.40
252,303230985,1588.70
253,10999519891,437.00
254,496581860,580.80
255,426188998,605.70
256,1571883679,473.60
257,423245742,553.00
258,324844001669,281.40
259,358263189,1543.90
260,181028565391,253.60
261,206159607,753.80
262,124373043,706.70
263,213554449,948.50
264,523186426,3096.60
265,441910445,2408.80
266,392795358794,291.00
267,531084861,5000.00
268,14813234627,105.30
269,393830841,906.00
270,399751860,855.90
271,369503173,1646.30
272,412326171,839.30
273,302639937,1712.70
274,389387178,899.00
275,5895191413,130.90
276,17180579390,54.40
277,6611804137,144.00
278,404920681,2417.70
279,699779085,484.90
280,376601649,1302.70
281,531084861,5000.00
282,470011829,819.70
283,460394443,4754.60
284,312109224,1526.10
285,447496229664,300.50
286,194822851,510.80
287,399777362,641.70
288,225585766395,329.50
289,509956082,664.80
290,513656361,859.80
291,123975329,765.80
292,365951532,1118.60
293,799945647336,39.50
294,322163823,1761.70
295,216521298748,310.70
296,98015927284,273.00
297,479733533,629.20
298,1209013744,485.50
299,518093014,2018.80
300,481116744,664.00
301,467789654,2070.90
302,332813814,1134.50
303,1399478177662,33.50
304,351749647,1365.00
305,72533375141,268.00
306,129057671,677.60
307,338139442,1422.80
308,495165753,721.90
309,2947756367,128.40
310,420156070,563.50
311,512908644,2663.00
312,418981994,2043.70
313,3809689065270,41.40
314,206784326217,329.60
315,44130230389,405.40
316,991942295478,44.80
317,365362340,1005.80
318,241043540980,265.80
319,52390725787,225.10
320,3851309396,136.10
321,44361426674,199.70
322,397908251,1303.80
323,253621566969,361.20
324,436725548,930.10
325,3069913399368,41.60
326,623490642,3833.80
327,3441749659,152.70
328,149839988,1050.70
329,245730409,701.70
330,150430909,1391.70
331,9537011240,439.00
332,18494709853,210.50
333,398269866,4366.40
334,430067669,807.10
335,377561059,998.50
336,347607169,1441.10
337,452997386,785.40
338,310919032,1574.60
339,531084861,5000.00
340,1747437326053,35.80
341,531084861,5000.00
342,332818748,1290.20
343,1168882938,454.90
344,441167366,4158.50
345,340660076803,305.60
346,17471216590,75.90
347,459660746,2107.70
348,1674143930039,18.10
349,274322786,523.50
350,424903969,655.90
351,129667342873,345.80
352,40219476482,79.00
353,50134235624,369.70
354,25948864966,399.10
355,2084811398028,35.30
356,327486373,1234.80
357,315067245,1008.40
358,41261846834,198.70
359,331172334,494.70
360,362402125,1233.20
361,25363511431,53.60
362,169660558,1067.30
363,576438277,3233.20
364,481107272,684.00
365,165564871424,341.70
366,331487393636,273.40
367,531084861,5000.00
368,182210636217,288.60
369,456700289,4172.00
370,399682743,1041.90
371,93700674,569.00
372,986342253,495.10
373,514396911,754.60
374,59932417748,231.50
375,163327908,908.80
376,184749858,1643.80
377,396133252,1473.20
378,396125578,1664.90
379,438208701,795.90
380,468100024705,332.50
381,498048842,529.20
382,17912848752,212.10
383,167592671,1799.00
384,398270499,960.80
385,303823888,1028.70
386,342154635384,355.70
387,510758359,3745.50
388,91405337351,223.60
389,214385231171,264.00
390,458786707,570.60
391,481848385,2610.50
392,290982017947,360.10
393,356480263,1516.80
394,344059027,1722.20
395,360864930090,294.90
396,13721789725,169.30
397,325715929,1688.50
398,446343382,676.60
399,193627970,1275.30
400,156166081799,355.30
401,10150817488,156.30
402,519608957,547.90
403,493379860,482.30
404,32497578808,98.40
405,28788050883,95.80
406,510693796,2085.50
407,48282683093,204.90
408,423417065,2950.30
409,1618026090474,36.30
410,310238478,511.30
411,166526040728,379.30
412,82571172385,247.00
413,182977389,1849.10
414,313882578,1362.70
415,514823409,597.90
416,535607662,3609.00
417,502562621,2491.10
418,317428990,1536.40
419,4247860998,149.70
420,32607548535,412.50
421,297902110,1117.70
422,3152350103,158.30
423,186191032,973.50
424,1974832304696,7.20
425,468533208,2151.30
426,376813025,2123.50
427,342872462,1056.00
428,363585148,1893.90
429,435984735,2310.90
430,467797087,830.40
431,166112985,1615.80
432,11167588374,188.00
433,236115736,2770.10
434,399680002,1308.30
435,391988497,1804.90
436,337552864,1962.80
437,606745697,526.30
438,221322387,670.30
439,138207730356,353.50
440,12138061430,159.40
441,256861330,636.10
442,433767112,694.00
443,3944420336,163.70
444,40824609231,200.30
445,504772619,890.30
446,159870985854,243.70
447,519390730,585.50
448,159748566328,377.00
449,399217728,618.10
450,470010985,2545.40
451,382326754,568.40
452,211338732,943.50
453,30891353086,403.90
454,482591464,2019.10
455,239445571,998.40
456,336362799,1899.00
457,27327472348,190.80
458,56030608390,213.00
459,378293017,761.20
460,338735128,1208.50
461,585032241345,43.00
462,378377280,1062.20
463,164467859247,357.20
464,442262275044,304.20
465,552473331,3224.30
466,17686935895,406.70
467,314474595,1823.10
468,383110511,1082.00
469,225141054,545.20
470,395539464,1861.00
471,448569167,2769.40
472,493012760,3231.10
473,375340361,2010.70
474,331632899,1554.50
475,214298688,938.80
476,427196050,585.40
477,352935411,1992.00
478,203093230,1863.00
479,9639209824,188.10
480,4663790845,450.60
481,220215279,794.10
482,218707148416,372.00
483,357075781,1336.70
484,14839226079,72.00
485,302639867202,287.30
486,204870253,1359.90
487,201351599,816.00
488,531084861,5000.00
489,422678203,919.20
490,307962444,1231.10
491,531084861,5000.00
492,984464334,458.60
493,480363755,2284.70
494,318021640,1010.60
495,380746658,1385.60
496,554256658,3659.80
497,407880611,871.80
498,476675874,998.80
499,380742103,1044.00
500,40725743631,93.20
501,12490919663,87.10
502,390872493,778.70
503,397426863598,345.40
504,345831664,1370.00
505,412107100,1795.10
506,453486778,574.80
507,309146648,1551.20
508,391984955,1616.50
509,390212318,1445.50
510,374239904,1368.30
511,201348826381,319.60
512,52740737872,241.50
513,251278279,828.60
514,297566791125,289.90
515,7908914497,139.50
516,434516548,674.20
517,456700764,2065.80
518,490497866,522.20
519,969732975,487.10
520,470015255,2509.60
521,377193624,1729.50
522,398309753962,334.50
523,351157165,1434.10
524,438349469316,343.70
525,430075787,983.00
526,529404571,3565.10
527,103641237,1091.90
528,122480303783,388.70
529,107241272833,231.60
530,392619216790,335.30
531,483326425,884.50
532,11938118718,80.80
533,1317747831269,1.80
534,409367455,753.30
535,500335439,2041.40
536,101667120146,372.30
537,425633705,4518.50
538,257933733,841.60
539,18685897113,198.40
540,762492437,507.80
541,120596322860,386.90
542,6747562458,108.70
543,4261935907,154.30
544,321573535,1047.90
545,8580869771,143.70
546,367724717,1423.30
547,465576916,715.70
548,501820280,2454.30
549,471492031,2636.60
550,2856518403,465.50
551,428233568320,315.30
552,4037362614600,18.30
553,380742272,1285.40
554,259564909,502.60
555,7846786817,422.90
556,6388885062,162.40
557,349978191,1029.00
558,242973973,611.90
559,9581850074,427.10
560,503435817,626.30
561,460163313,3340.40
562,31274633990,98.10
563,386432151,2151.00
564,531084861,5000.00
565,355298927,1654.00
566,98781041894,371.40
567,440450786,649.90
568,2709580924234,21.40
569,457434671,809.60
570,423062064327,340.10
571,381336735,1893.20
572,505520020,2518.90
573,4208456747,102.20
574,15902552755,87.00
575,531084861,5000.00
576,324533707,1641.00
577,502772574,3675.90
578,10190728273,178.50
579,4381588240,122.60
580,300865655,1490.70
581,9804397738,152.50
582,46889771060,409.70
583,455220298,2627.80
584,2164813008672,46.30
585,104665806349,258.90
586,956293318,469.60
587,319795163,1326.20
588,1580712782,458.40
589,48575179674,226.00
590,445605786,721.80
591,531084861,5000.00
592,368913433,1407.40
593,316248877,1269.70
594,531084861,5000.00
595,172622311,1321.30
596,40149999110,90.90
597,124154504,1070.20
598,531084861,5000.00
599,413879400,1656.80
600,34280919133,200.40
601,506160019,606.00
602,2600849724,447.50
603,60163140941,215.40
604,426370881,2043.80
605,513426992,3032.30
606,523182947,3345.10
607,531084861,5000.00
608,553364963,3416.90
609,2664382371458,20.20
610,206054477,1204.30
611,4246992011,123.00
612,11796945621,196.80
613,243296656,537.10
614,35830766553,395.20
615,451523456,4673.90
616,125903384913,381.40
617,438943294,2010.90
618,5601929050,447.70
619,475931583,825.20
620,4471555223,119.90
621,186524624,1415.70
622,103173630,1125.30
623,402149716,542.70
624,484130219,3555.90
625,149313334929,240.80
626,469041172,3950.50
627,3156853356746,17.50
628,1003039379968,25.90
629,179719479,1059.00
630,307189707869,294.40
631,4938246132059,11.10
632,389029084,1396.50
633,190999812,666.70
634,135721576,591.00
635,417957324309,298.80
636,461141873,702.40
637,497262659,575.80
638,207236699,1260.40
639,436354549489,340.20
640,200672931104,339.50
641,3355328744,445.80
642,4130981684,106.50
643,165216348608,297.00
644,531084861,5000.00
645,504778786,2702.10
646,490349819,3263.20
647,504037763,2059.90
648,189485408,1073.70
649,141634462,663.90
650,253145529,646.10
651,220141848,517.90
652,379035990,868.60
653,450363678,571.00
654,418239442,2326.00
655,3096430883765,34.70
656,480371925,2277.90
657,321576866,1149.50
658,13109683983,431.30
659,383706872,1407.50
660,430809958,840.60
661,335183487,1306.50
662,442651205,2540.70
663,394570283,4777.40
664,12330775023,110.50
665,41519632744,219.70
666,205426239,652.30
667,10095784633,97.80
668,213558915,723.50
669,40879006000,58.60
670,361806777,1189.00
671,30942979545,95.30
672,481851495,4182.30
673,586200558,3000.10
674,531084861,5000.00
675,437467204,2180.30
676,377787835,1634.30
677,401555776,595.70
678,552473015,3058.60
679,421935387,890.90
680,13323316131,97.90
681,9400726162,112.90
682,2486819351804,45.40
683,394351971,1964.80
684,98275250308,366.70
685,531084861,5000.00
686,2237663148,464.90
687,124373043,706.70
688,1911870941939,37.60
689,1429755328720,7.70
690,148952552,1273.70
691,531084861,5000.00
692,1541370918,478.50
693,531084861,5000.00
694,516608753,2464.40
695,14866174449,433.10
696,26027399737,52.80
697,402709734,894.50
698,26706605701,98.20
699,38142687425,390.70
700,193318979495,245.20
701,1960434674,474.80
702,420458822,2138.60
703,461138471,2421.40
704,397531953,4038.20
705,73018740964,216.70
706,17686935895,406.70
707,3462824788850,28.90
708,593117159,523.40
709,519566153,976.60
710,12359806642,417.70
711,138346993211,275.00
712,176466946,1173.80
713,408554868,1663.10
714,1711328587630,35.00
715,1793508206379,9.50
716,349974986,1805.70
717,13089986118,418.20
718,18973724177,51.90
719,399682785,1439.70
720,390801510,1823.90
721,3411682394,147.50
722,59685569696,67.20
723,374602869,4129.60
724,14884206498,172.20
725,378969298,1237.30
726,496645872,763.10
727,490725541,745.40
728,34689699444,95.10
729,509662619,540.10
730,309150022,1216.40
731,13873542093,85.10
732,525745151,542.10
733,461878282,854.40
734,405003648,1443.80
735,170254093,1938.50
736,233118234925,308.40
737,306184241,1393.60
738,372461279,1070.00
739,458920144,860.40
740,399003405,2767.70
741,412318950,2401.50
742,610171386,3176.40
743,491341573,573.50
744,210966692,825.30
745,46602485807,66.80
746,12139462425,50.20
747,135409732,516.50
748,531084861,5000.00
749,468605568,633.90
750,427110217,2698.70
751,37259708419,200.60
752,373857154,4788.30
753,418980202,2736.40
754,394351507,1983.10
755,159843402440,285.90
756,402637644,1076.30
757,20437291614,76.60
758,1371110800601,30.70
759,167886276,1226.30
760,30939204114,95.90
761,401452639,1968.40
762,28352070658,405.90
763,361813144,1194.00
764,127475248165,239.60
765,395534024,1426.10
766,142951928813,358.90
767,531084861,5000.00
768,119167046553,305.70
769,16282670844,77.00
770,386664935,1347.80
771,379039680,879.80
772,404186246,925.40
773,39703574037,223.20
774,527382322,571.50
775,144942102066,241.40
776,353525615,1583.70
777,168656983218,275.90
778,56202418604,387.10
779,326306555,1439.00
780,2234981948149,45.50
781,571114420,3599.60
782,355894866,1270.00
783,380744212,1004.30
784,404187880,915.20
785,427115541,918.90
786,206993603986,345.70
787,6417146962,184.60
788,483323052,2983.00
789,391609827,2410.20
790,572003648,3531.70
791,196774828,552.60
792,50701451018,64.30
793,506263362,677.00
794,531084861,5000.00
795,1086011100885,33.60
796,476142726,3215.50
797,339912501,1643.00
798,531084861,5000.00
799,417503833,687.60
800,507737240,2797.40
801,8225340132,150.40
802,411576872,2027.80
803,482592465,2031.70
804,22998279989,390.30
805,341694541,1131.90
806,34029629682,193.20
807,816523755,477.70
808,334485693,517.70
809,352337996,1416.30
810,414475592,1336.80
811,8426286277,124.40
812,306188036,1638.00
813,381328516,565.50
814,243144574,811.70
815,607964560918,47.70
816,6544086197,134.50
817,38142687425,390.70
818,449071726,559.00
819,424161918,667.70
820,159400076260,347.30
821,441162569,2225.40
822,398778113948,346.50
823,2183125291,444.30
824,588869570,3270.90
825,495163772,915.70
826,21972825732,90.70
827,471490555,922.00
828,43429257579,233.30
829,216517294,592.00
830,172696230,766.40
831,407143663,725.80
832,178242535,1640.70
833,643813509,509.40
834,415279250,749.10
835,489261833,654.20
836,430910765703,332.60
837,383472537,877.50
838,89044023194,267.20
839,3152350103,158.30
840,200980876,2804.90
841,531084861,5000.00
842,118928739607,350.20
843,347018018,1179.10
844,303824773,1493.20
845,473711728,2931.20
846,360630543,1481.50
847,427115699,2336.60
848,14766866330,414.50
849,397526840,4758.20
850,299085217,1092.50
851,433769413,4839.30
852,465574026,732.90
853,77261340116,243.00
854,88495815557,222.80
855,93887968032,224.00
856,474450221,4100.50
857,1094223315056,4.90
858,497377144,2556.00
859,3405336046,120.70
860,531084861,5000.00
861,409144102,1128.30
862,2506361186,461.80
863,3621814022,136.90
864,35390502492,220.70
865,531084861,5000.00
866,413289027,1082.80
867,7569973095,150.50
868,384957917,701.50
869,9553297544,189.50
870,170551219,1760.00
871,2117283572,156.50
872,3272326549,460.70
873,3213256547925,16.00
874,406777972,1451.60
875,406777382,1582.10
876,215775280,965.30
877,249765847444,327.90
878,9639209824,188.10
879,25539899346,189.20
880,240528383,550.10
881,161275276050,325.60
882,173187920493,303.20
883,817539984,506.10
884,215778601,763.20
885,9769732702,435.70
886,157818237649,236.80
887,3954921191,111.60
888,516613023,2725.00
889,402181002,617.60
890,531084861,5000.00
891,682559951,483.60
892,27073549027,401.80
893,407372056,1062.40
894,489980192,824.00
895,247701167,619.00
896,531084861,5000.00
897,1765580890517,6.30
898,34054565063,197.20
899,26715393028,231.90
900,253866233,712.80
901,385478117,1418.10
902,401450995,1401.60
903,553370592,3388.50
904,422672879,4949.10
905,123975329,765.80
906,31459480538,190.40
907,208124873,1005.50
908,19450114816,180.10
909,4993805628,454.20
910,391615100,744.00
911,134571950174,355.50
912,336846685571,294.00
913,22617497073,61.40
914,198656388,1389.60
915,307370891,1138.50
916,325714790,1193.40
917,430071096,2258.40
918,413286454,1785.30
919,2295061948538,9.70
920,146166973,589.60
921,201632288139,303.90
922,200727310,1888.70
923,502558299,942.80
924,225813666417,254.40
925,450785859,4983.40
926,459659692,905.30
927,399091780,1755.50
928,536142891,485.80
929,353005292309,339.00
930,149839988,1050.70
931,433026387,906.10
932,189778718,1217.10
933,14216151817,167.60
934,6922103858,179.10
935,236486469,696.40
936,226224553,553.80
937,562738491,540.20
938,209118192,834.90
939,21368638322,424.70
940,9894471947,177.30
941,207639176,2996.60
942,6653773099,100.80
943,1452265222,463.00
944,383473960,2511.20
945,166766794211,358.00
946,8298178200,174.70
947,207637577,697.00
948,5290278946,162.30
949,299090994,1136.60
950,412694774,1396.10
951,406776580,1341.80
952,7134839553,131.80
953,37949703614,91.80
954,26715393028,231.90
955,425636130,2059.00
956,172326513,1130.60
957,159400076260,347.30
958,360624513,1382.40
959,385696135,4974.30
960,50732685454,241.70
961,231788930,532.30
962,344654039,1683.80
963,327491686,1132.20
964,11768876805,197.40
965,395311268,727.60
966,349382167,1715.00
967,217626283,952.30
968,6749544196,168.10
969,256828391,805.10
970,259046797,782.00
971,370095655,1635.00
972,4783251378,113.60
973,2145871069331,10.50
974,138207730356,353.50
975,458177803,4038.30
976,409656546587,301.80
977,19914910736,410.60
978,366541188,1388.40
979,313883969,1865.50
980,469038895,3946.90
981,46940552596,59.10
982,304411014,1715.30
983,505430264,3264.40
984,531084861,5000.00
985,386658484,1943.20
986,387845597,1262.40
987,518755150,3574.30
988,19027043526,174.30
989,396049484,2090.30
990,2648370218726,37.20
991,103173630,1125.30
992,361222096,1059.20
993,291553972,526.90
994,467051846,2743.70
995,151245732,752.80
996,413290966,1267.40
997,60100835247,237.80
998,331037508,1468.20
999,531084861,5000.00
1000,472981783,666.80
1001,18296452561,57.00
1002,5026673515,453.00
1003,195313884506,370.50
1004,412105455,1363.20
1005,20402628538,213.80
1006,518092856,928.70
1007,29700729547,68.70
1008,371295782455,316.20
1009,169365645,1494.30
1010,10222315218,156.80
1011,373120506,2050.10
1012,417494202,4192.40
1013,20060088780,85.90
1014,2117283572,156.50
1015,406776749,1327.40
1016,7135172525,174.50
1017,3740973317,141.10
1018,186232284,1069.20
1019,531084861,5000.00
1020,102047218874,392.90
1021,1793508206379,9.50
1022,4375608268,48.10
1023,5361362435,161.30
1024,531084861,5000.00
1025,1414934446254,31.30
1026,556912324,3266.40
1027,205755369,1020.80
1028,220705703,569.10
1029,239443068,831.00
1030,474451855,2539.90
1031,418237513,696.90
1032,310924261,1457.60
1033,447090337,668.40
1034,362400565,1264.40
1035,22862217108,424.50
1036,219858052891,298.90
1037,5840708958,160.00
1038,491466403,4573.00
1039,4128602227,166.00
1040,478900542,657.90
1041,500341817,2465.00
1042,412322376,2368.00
1043,396791403,2035.80
1044,12179429864,107.90
1045,2294190513683,10.10
1046,298497754,1062.00
1047,461878861,2898.20
1048,393833899,2357.90
1049,512910383,878.10
1050,52779166258,401.30
1051,531084861,5000.00
1052,477414262,774.00
1053,499604852,860.00
1054,360032706,1655.50
1055,1974832304696,7.20
1056,250908426,680.90
1057,5681613387,171.30
1058,390126831,785.80
1059,265141649,3707.20
1060,444130346,670.00
1061,531084861,5000.00
1062,531084861,5000.00
1063,6023693745,160.10
1064,501815486,744.80
1065,3411682394,147.50
1066,307966197,1237.90
1067,493379860,482.30
1068,450783382,2297.90
1069,189721950,593.80
1070,16409516834,212.70
1071,51700849805,377.70
1072,418538348717,331.90
1073,520309337,2891.50
1074,18310709233,73.30
1075,448286266533,337.30
1076,9092964346,115.50
1077,13007805030,102.50
1078,6506547495,174.00
1079,406190003,1178.20
1080,211706211,692.90
1081,548035730,3136.60
1082,223592266,600.50
1083,80265900954,216.20
1084,441168842,976.50
1085,247950236,886.80
1086,390750405,603.00
1087,3245247486254,29.30
1088,417493780,824.20
1089,312697952,1778.80
1090,72528258874,263.70
1091,307142587037,293.30
1092,652648787,478.30
1093,130056386376,234.80
1094,412410350,629.40
1095,512912103,721.30
1096,4051089383,141.20
1097,340506247,1129.90
1098,23287088046,201.40
1099,444864050,4002.60
1100,310924598,1890.10
1101,531084861,5000.00
1102,344059196,1630.00
1103,410329065,1036.70
1104,531084861,5000.00
1105,64339085425,387.20
1106,393764381,1198.70
1107,478875176,493.20
1108,397313239,1644.20
1109,374276451714,324.80
1110,509954143,2125.90
1111,16715797263,170.80
1112,7135172525,174.50
1113,216678330731,319.70
1114,1977261544992,8.10
1115,442646830,2260.80
1116,240551756,909.30
1117,19262015898,178.60
1118,409358599,914.60
1119,1320166650,485.30
1120,190373202,1076.70
1121,46062046950,80.10
1122,2680168067,465.10
1123,21378172003,204.20
1124,16282670844,77.00
1125,157529827,1281.00
1126,16918879598,173.80
1127,29700729547,68.70
1128,300866499,1404.70
1129,42474563187,230.80
1130,391607191,4625.90
1131,208613156708,324.20
1132,413390210971,343.90
1133,171720485,546.00
1134,87474968582,223.40
1135,323349081,1440.40
1136,373648140,1569.00
1137,204692385,644.60
1138,20767592860,177.20
1139,531084861,5000.00
1140,386379271,502.50
1141,398272918,677.20
1142,217522426,539.10
1143,656183972,508.70
1144,203572323,779.10
1145,526743465,3314.00
1146,499603559,671.60
1147,464613122,3420.60
1148,74554608381,251.20
1149,377783154,1348.20
1150,2784969660505,18.60
1151,98015927284,273.00
1152,456427554,608.90
1153,162341739,826.40
1154,246105532,660.70
1155,196544671,883.10
1156,163122571637,323.90
1157,388433609,1037.30
1158,431547661,2055.50
1159,123966401846,343.30
1160,484068661,4064.60
1161,40537504727,412.00
1162,195433772,702.10
1163,25313939825,54.90
1164,160193991,1636.10
1165,1335147879767,19.40
1166,614608861,3747.30
1167,1102010421571,4.40
1168,237596413,846.20
1169,61835307884,398.50
1170,331037382,1409.80
1171,413287213,1077.50
1172,326307904,1328.20
1173,27265287105,221.60
1174,410920029,1993.30
1175,15707587292,68.30
1176,869462133305,10.70
1177,229092327,817.10
1178,11661781645,435.60
1179,370094516,1206.90
1180,107818052066,227.70
1181,177352632,1455.60
1182,479699196,3821.90
1183,446514156181,312.90
1184,478611809,584.80
1185,508475997,4402.90
1186,13647245470,187.70
1187,2493861027363,18.40
1188,458177329,945.00
1189,474376162,3603.20
1190,103821597556,390.20
1191,8362536118,438.20
1192,307960547,1219.80
1193,496637596,870.20
1194,26587875374,208.90
1195,502555640,684.90
1196,400271893,1237.00
1197,531084861,5000.00
1198,332225634,1061.10
1199,457444054,885.40
1200,2401243504,453.40
1201,373864037,656.90
1202,406408473,4756.80
1203,17179818256,193.00
1204,204572894,1030.90
1205,325123658,1912.00
1206,450040408,4980.90
1207,115279006,1371.50
1208,493685415,949.80
1209,144808979438,384.80
1210,2636895433,467.70
1211,424159301,4957.40
1212,2865690412869,13.80
1213,419722701,2911.70
1214,23729791818,181.50
1215,517152953,529.40
1216,531084861,5000.00
1217,344961735739,276.30
1218,439686795,2507.70
1219,553773363397,29.00
1220,908340982360,23.60
1221,5949573977,163.90
1222,199503415,2159.10
1223,114868821726,281.70
1224,191020549,637.20
1225,1876285353888,34.50
1226,202034404617,347.00
1227,423788977,611.00
1228,212078517,883.00
1229,391633349,564.50
1230,472387091,623.80
1231,18284410912,172.60
1232,516728127,593.50
1233,3580174053842,7.90
1234,473827689,628.50
1235,908340982360,23.60
1236,393093455,2612.10
1237,434118301430,344.10
1238,452179552,3415.70
1239,236115394,841.40
1240,359439002,1424.70
1241,38443222052,411.50
1242,531084861,5000.00
1243,337552358,1098.20
1244,5939795015561,12.50
1245,79543129977,257.70
1246,367132953,1003.90
1247,173560622,579.80
1248,376074532,950.90
1249,24174592032,408.20
1250,316839165,1183.40
1251,50347582227,84.40
1252,441903171,2857.80
1253,456703083,901.60
1254,7204033255,140.80
1255,451517922,2021.20
1256,135547787632,321.20
1257,338735465,1005.40
1258,206162907,712.50
1259,478894138,718.20
1260,186232284,1069.20
1261,6782394583,420.90
1262,377790070,1432.00
1263,147432560,567.20
1264,526147324,547.30
1265,572868591,527.00
1266,45847023363,81.10
1267,32207076363,195.40
1268,193036648,1945.00
1269,37781385180,88.80
1270,7846786817,422.90
1271,3290024575,126.10
1272,421937865,834.10
1273,406776833,1750.50
1274,7475943433,420.20
1275,433031236,2918.60
1276,220215279,794.10
1277,1102010421571,4.40
1278,311514634,1233.10
1279,479625051,4267.90
1280,206051273,1008.10
1281,16282670844,77.00
1282,2753734960455,31.80
1283,488506526,827.80
1284,207534268,1172.90
1285,454477008,818.00
1286,136732621236,311.20
1287,49215387722,52.70
1288,531084861,5000.00
1289,705277451,513.40
1290,161275276050,325.60
1291,446342143,2901.20
1292,68345221374,240.60
1293,430074785,4052.30
1294,531084861,5000.00
1295,368316102,1979.60
1296,26835548785,80.50
1297,376009421,1647.00
1298,531084861,5000.00
1299,32355148235,216.30
1300,472235742,2054.00
1301,531084861,5000.00
1302,205461912,1024.90
1303,475186764,2177.30
1304,93700674,569.00
1305,565795497,3932.50
1306,454480803,871.10
1307,89952089574,374.60
1308,307967083,1899.10
1309,288276085,529.10
1310,367134597,1081.30
1311,477345509763,309.40
1312,302633612,1727.30
1313,3491272855996,18.90
1314,498122753,808.30
1315,1485290804,478.00
1316,509210326,2865.50
1317,384213666,4479.60
1318,538413466,489.70
1319,478153599,2232.40
1320,141158062334,237.70
1321,246099285,794.20
1322,424155084,871.90
1323,250805190,567.50
1324,531084861,5000.00
1325,538413466,489.70
1326,360626832,1275.70
1327,4389454011,430.00
1328,155768863467,280.00
1329,402641482,1011.40
1330,25347949778,189.40
1331,306991962223,353.80
1332,13942634207,162.70
1333,3887211495,444.00
1334,375341942,2572.90
1335,196626043567,305.90
1336,415065501,1016.10
1337,588874378,3194.20
1338,365948664,1400.40
1339,89764376774,225.30
1340,61611004436,398.10
1341,619047601,3068.70
1342,421937759,2049.30
1343,467050265,2761.50
1344,187301592,987.40
1345,413064823,2758.80
1346,545380949,3266.20
1347,320386337,1023.40
1348,417501476,949.30
1349,288222554,3332.10
1350,384882726,1459.80
1351,247839238,608.70
1352,308806472047,360.70
1353,492205582,2928.50
1354,441171319,2135.40
1355,459663592,866.30
1356,511430286,4337.30
1357,215404250,563.40
1358,531084861,5000.00
1359,509214227,4114.20
1360,4168273276,154.60
1361,385482840,1277.90
1362,338721288,514.20
1363,382736205,2120.80
1364,390132576,2744.30
1365,496640864,973.40
1366,479825916,572.30
1367,238856547,590.80
1368,486282507,2826.80
1369,205435286,566.80
1370,448424721,583.10
1371,123975329,765.80
1372,531084861,5000.00
1373,1912096043,120.20
1374,624603446831,42.20
1375,321575854,1030.20
1376,10465832724,159.00
1377,531084861,5000.00
1378,555135829,3127.60
1379,351748171,1386.00
1380,406781303,1341.20
1381,341691632,1792.80
1382,478887201,703.90
1383,315066613,1292.10
1384,64339085425,387.20
1385,494423750,820.20
1386,453746685,2672.00
1387,26082677803,189.10
1388,643814073904,11.80
1389,418115075,493.90
1390,430247719,621.20
1391,304414008,1064.10
1392,481844431,781.00
1393,489980649,720.40
1394,365947695,1325.50
1395,357668557,1741.50
1396,3779701021,138.90
1397,299448624331,275.40
1398,226505156829,332.40
1399,365951574,1049.70
1400,255352756,604.10
1401,948034945217,31.20
1402,295120844581,269.20
1403,430063061,575.60
1404,74107973275,245.30
1405,439214445914,302.90
1406,106422713594,328.50
1407,20060088780,85.90
1408,239834802,602.60
1409,379040734,2630.20
1410,447820289,833.70
1411,325712344,1171.20
1412,53328126403,242.10
1413,544492669,3970.10
1414,258677682,2060.50
1415,2304168498002,24.30
1416,19779765790,212.60
1417,539178009,536.30
1418,482584664,4663.30
1419,406186334,1745.40
1420,2421312881,465.60
1421,422672932,931.80
1422,173117481665,287.80
1423,197594034176,288.10
1424,556025753,3515.40
1425,342872209,1499.10
1426,427153081,591.50
1427,531084861,5000.00
1428,42671211673,224.50
1429,5361362435,161.30
1430,14649521547,101.70
1431,89053058046,225.60
1432,53328126403,242.10
1433,12307821252,105.70
1434,373121823,2400.90
1435,349382209,1274.40
1436,499217306,3618.10
1437,378380527,1954.40
1438,461138998,812.50
1439,504040135,2239.10
1440,376820246,896.10
1441,99298086766,370.80
1442,122109008279,237.60
1443,199135644,907.10
1444,399007570,752.90
1445,335178342,1007.40
1446,345831538,1790.20
1447,231335115,637.00
1448,616095719,479.70
1449,393828100,2639.60
1450,12759128853,104.10
1451,241173894309,364.10
1452,169010544757,240.10
1453,211706740,843.50
1454,435394486,585.30
1455,481845802,2202.80
1456,499604167,821.00
1457,226132424,774.50
1458,244636520,645.70
1459,481848490,2517.00
1460,322546668966,296.40
1461,3595628238,130.10
1462,13427242832,81.20
1463,17671991808,173.10
1464,103245252,1033.70
1465,98015927284,273.00
1466,531084861,5000.00
1467,390867275,2694.30
1468,596042006,527.80
1469,399746167,4600.70
1470,179622211104,331.00
1471,498859401,2184.10
1472,399092412,1337.80
1473,10510860464,434.50
1474,170621169007,283.00
1475,225417339,539.30
1476,444863048,2903.50
1477,4311502429,114.50
1478,304422191166,293.40
1479,531084861,5000.00
1480,3441749659,152.70
1481,55594944307,77.70
1482,8948152497,148.50
1483,367723115,1668.00
1484,206534420,659.30
1485,628114559,508.20
1486,317433207,1702.10
1487,575293420,510.40
1488,320391650,1651.90
1489,206532543,908.00
1490,855128812,502.00
1491,443385534,2685.90
1492,494227451,539.80
1493,303821189,1365.10
1494,391607666,2201.10
1495,190373202,1076.70
1496,206051273,1008.10
1497,424831619,532.80
1498,7810716727,143.50
1499,30636482538,208.50
1500,531084861,5000.00
1501,170847334,1066.40
1502,480373612,888.90
1503,401961331,2733.80
1504,37928310019,201.00
1505,217626283,952.30
1506,249799817,828.10
1507,444865894,812.40
1508,433034593,681.60
1509,438135949,555.00
1510,316836214,1061.50
1511,531084861,5000.00
1512,81238303360,225.00
1513,304415273,1090.30
1514,484069557,2061.20
1515,378292620,721.10
1516,1020162615829,30.60
1517,174690514,1119.50
1518,399683038,1543.10
1519,403440690,2167.00
1520,379039996,873.90
1521,4683182203,449.10
1522,10367026290,112.50
1523,3341676277,458.80
1524,155753977411,236.30
1525,213580364,575.30
1526,4258245281,144.80
1527,415317877,541.20
1528,414537171,845.20
1529,415060905,1001.80
1530,417493780,2139.50
1531,85955809409,243.40
1532,7475943433,420.20
1533,250157818525,261.50
1534,379563171,1632.10
1535,513655676,800.20
1536,2348251289059,27.10
1537,236115736,2770.10
1538,10127808396,439.20
1539,28183447829,210.70
1540,246100316,708.60
1541,358263484,1951.10
1542,127831971,648.40
1543,473716050,2903.70
1544,496645733,726.60
1545,241662071,697.90
1546,8095093428,115.90
1547,417893767290,322.70
1548,508473869,696.80
1549,127182378645,323.10
1550,531084861,5000.00
1551,305593404,1372.30
1552,14024092649,186.50
1553,2410309861,442.20
1554,50284614688,79.50
1555,14983612010,61.30
1556,132832059,1607.90
1557,333999325,1465.70
1558,517353572,2656.30
1559,302638714,1501.00
1560,32039947202,417.60
1561,3865287181,149.60
1562,464093675,706.80
1563,2308976686,123.40
1564,518833247,2477.60
1565,287712728263,354.80
1566,256456404,996.40
1567,427858778,2290.20
1568,356488022,1520.30
1569,339325248,1627.10
1570,200249858,650.40
1571,380747712,1464.30
1572,315065221,1651.30
1573,6922103858,179.10
1574,456616647,3711.90
1575,3179251890831,43.10
1576,317428568,1046.10
1577,93700674,569.00
1578,521387115,591.80
1579,306776638,1416.00
1580,406189665,1049.80
1581,416286265,571.90
1582,991942295478,44.80
1583,408621687,2207.70
1584,74724319775,291.90
1585,344647292,1759.30
1586,458160872,555.70
1587,433035453,2586.70
1588,531084861,5000.00
1589,19779765790,212.60
1590,72179891792,242.00
1591,1190117866275,14.80
1592,190965346,1357.00
1593,226132424,774.50
1594,531084861,5000.00
1595,245405647,631.40
1596,531084861,5000.00
1597,344058901,1521.60
1598,341096493,1104.40
1599,379765378194,345.60
1600,501340417,486.70
1601,415277054,725.00
1602,3633630706,150.80
1603,3593652428,156.70
1604,36923452328,398.30
1605,418975458,967.60
1606,430814649,4703.70
1607,207714243410,337.80
1608,363582365,1141.40
1609,288570753834,276.00
1610,467797983,2066.80
1611,178122745195,314.10
1612,383111270,1422.30
1613,490723535,2170.20
1614,2701217586,439.30
1615,153093912,1386.30
1616,591532954,3569.60
1617,12238681360,169.40
1618,9209731048,120.30
1619,832578224,474.70
1620,9553297544,189.50
1621,4246992011,123.00
1622,205462165,1950.60
1623,480372768,952.40
1624,531084861,5000.00
1625,455225147,2817.40
1626,450042675,2151.20
1627,461133943,707.90
1628,45431075758,411.20
1629,395313942,923.80
1630,489979823,2126.40
1631,1451280049,481.40
1632,9878047077,177.40
1633,164031265021,246.20
1634,482589092,4306.80
1635,199503415,2159.10
1636,493687523,956.00
1637,338140665,1399.10
1638,402639036,1283.00
1639,380244596,606.40
1640,376606583,1095.70
1641,453744155,2990.90
1642,386068322,1619.70
1643,197523954509,299.10
1644,407372773,1783.30
1645,197653492,772.60
1646,307960504,1268.10
1647,468532101,2254.50
1648,454480540,2259.00
1649,353525657,1493.10
1650,202797748,1221.60
1651,401223892,2277.10
1652,253130469,970.50
1653,194822851,510.80
1654,47603547768,68.80
1655,531084861,5000.00
1656,259031869,605.00
1657,379562749,1102.40
1658,25493875683,69.80
1659,6692680414,445.60
1660,373640128,1481.40
1661,471496556,717.60
1662,40130823731,395.40
1663,13323316131,97.90
1664,162136295533,312.20
1665,452266111,716.10
1666,391395088,1125.10
1667,11938118718,80.80
1668,36602124878,414.10
1669,205757414,1615.30
1670,5681613387,171.30
1671,183270488,1434.20
1672,392347371,2150.80
1673,115279006,1371.50
1674,434506009,910.00
1675,14293397566,73.50
1676,485016285,3099.60
1677,302637660,1038.70
1678,384295347,1756.20
1679,418241392,980.90
1680,1345211039928,43.70
1681,451867538,525.50
1682,300858318,1754.50
1683,46003744045,66.70
1684,331040713,1048.10
1685,401459218,1842.50
1686,475931165,695.40
1687,40226711990,56.00
1688,494269723,589.10
1689,326304151,1065.30
1690,709553953354,40.20
1691,405739913158,332.00
1692,232050189,722.20
1693,207721198,621.70
1694,155086995020,279.00
1695,467797508,859.70
1696,1011891947,496.20
1697,18054361476,100.50
1698,403820878,1183.70
1699,42857363318,72.30
1700,210970250,2485.30
1701,282399431869,362.20
1702,13540390795,103.30
1703,389396824,4106.50
1704,313291572,1860.70
1705,4494134546767,5.00
1706,409362658,794.50
1707,335182938,1296.10
1708,374827115,1608.00
1709,396720758,1394.80
1710,448575063,663.00
1711,50937568438,204.40
1712,414476477,1583.10
1713,234639751,779.90
1714,320980252,1112.00
1715,252021596,2532.60
1716,511439036,4303.70
1717,26835548785,80.50
1718,10362321670,439.80
1719,61634422735,269.50
1720,472058951,606.80
1721,351158346,1029.30
1722,358260448,1351.70
1723,390934088211,302.00
1724,514397437,4312.20
1725,311515646,1903.10
1726,410924709,1640.10
1727,250650460,620.10
1728,299085807,1015.70
1729,17518010323,91.50
1730,222923292,617.70
1731,70095528415,398.20
1732,379829875856,300.90
1733,365359304,1474.10
1734,334589487,1535.40
1735,12778723124,109.10
1736,7003921579,145.20
1737,4675115732912,8.80
1738,12490919663,87.10
1739,553405190,532.50
1740,20178069176,423.80
1741,400863405,1786.50
1742,13211823999,101.30
1743,237965475,909.60
1744,393086708,2905.30
1745,371766093909,339.30
1746,105913877376,232.40
1747,517868452,3003.50
1748,26328922303,403.10
1749,329268413,1466.40
1750,5691097267,135.20
1751,216515197,747.80
1752,201724799,841.30
1753,22710076581,74.60
1754,361216193,1790.90
1755,250429943584,265.40
1756,504040398,861.10
1757,26274778520,185.60
1758,224316980,3054.70
1759,190255882,808.90
1760,30012128631,400.50
1761,257938776,694.50
1762,429335185,786.60
1763,387255435,1903.20
1764,29725341905,99.90
1765,161116589882,349.80
1766,418151633,570.90
1767,305599055,1016.40
1768,507215109,3113.10
1769,365947610,1330.20
1770,464096186,2367.70
1771,1218890199919,5.10
1772,280150259985,268.10
1773,14293397566,73.50
1774,531084861,5000.00
1775,531084861,5000.00
1776,408623057,2901.30
1777,531084861,5000.00
1778,142762730433,282.50
1779,171974869,640.10
1780,7969583024,186.00
1781,41145650620,216.90
1782,7589425709,127.00
1783,15902552755,87.00
1784,181495827,1858.80
1785,278351638,533.40
1786,347017597,1839.70
1787,447089176,829.80
1788,531084861,5000.00
1789,364177714,1266.50
1790,413883827,1422.90
1791,495538647,574.30
1792,484067765,2566.30
1793,18925789007,426.60
1794,247839238,608.70
1795,398263910,4717.30
1796,424967989034,330.40
1797,82571172385,247.00
1798,306184831,1753.70
1799,131153348566,383.80
1800,8497170205,142.70
1801,173317033915,243.10
1802,531084861,5000.00
1803,379560598,1730.30
1804,573776222,3502.60
1805,356483384,1691.80
1806,484810423,921.70
1807,134439592552,356.40
1808,412699413,1629.70
1809,578212116,3770.70
1810,30084223395,398.90
1811,410627095958,298.50
1812,479628740,818.40
1813,380741597,1585.70
1814,176791932025,248.20
1815,371754401073,282.90
1816,410842543,833.20
1817,7635177190,139.40
1818,299683096,1430.90
1819,414583257,639.30
1820,80302827297,392.60
1821,26589640141,62.80
1822,23091149698,75.40
1823,218729054726,365.20
1824,490726223,2274.60
1825,331630664,1844.00
1826,106398511403,348.90
1827,412693889,1192.20
1828,379099748017,321.80
1829,154531261663,379.80
1830,389027608,1188.00
1831,194822851,510.80
1832,475930423,2201.60
1833,405669329,718.80
1834,47800277915,387.90
1835,475321093,626.60
1836,114868821726,281.70
1837,405597816,1475.80
1838,168656983218,275.90
1839,253129848,725.40
1840,531084861,5000.00
1841,350564515,1839.40
1842,508096873,3124.10
1843,2474663745505,25.20
1844,124090762540,234.60
1845,331635893,1059.80
1846,7917436079,148.40
1847,207070614136,299.70
1848,13965294105,205.00
1849,431548188,981.30
1850,362401999,1548.80
1851,579781658,483.20
1852,453062771,3326.20
1853,444872005,682.80
1854,531084861,5000.00
1855,319205127,1056.60
1856,311513285,1804.70
1857,381930313,1011.90
1858,381991861,2312.20
1859,189485408,1073.70
1860,226131844,815.20
1861,531084861,5000.00
1862,27211657999,185.80
1863,16268948767,72.90
1864,339410977135,285.30
1865,1928235195,467.90
1866,412321404,709.90
1867,302638039,1221.90
1868,2271813186,450.90
1869,346422459,1740.40
1870,15433060346,426.70
1871,515241572,602.50
1872,230568444,898.50
1873,45769404646,58.20
1874,248583406245,262.90
1875,221757694,573.30
1876,399009572,799.70
1877,12102797823,104.00
1878,37564048844,196.90
1879,259646553,582.40
1880,300273090,1034.90
1881,378832596579,352.10
1882,530288549,3802.40
1883,392191027747,314.30
1884,50196009661,205.80
1885,176422157578,371.00
1886,23920224988,55.00
1887,435989504,669.00
1888,196546437,794.30
1889,4256872116,457.50
1890,207271055,718.10
1891,167295882,1113.70
1892,485551024,954.50
1893,451525038,4101.10
1894,362992288,1772.80
1895,334593704,1687.30
1896,478272703,627.30
1897,133495116,692.10
1898,34162757646,416.30
1899,27265287105,221.60
1900,316842665,1097.10
1901,181790761,1564.30
1902,506996006,932.50
1903,17352141078,171.20
1904,196544671,883.10
1905,253870491,2441.90
1906,3358357721416,34.40
1907,310918189,1321.40
1908,215406982,848.30
1909,325712007,1386.80
1910,384295811,1561.30
1911,531084861,5000.00
1912,111972456578,261.90
1913,188036897,4106.30
1914,414475254,1155.40
1915,522300550,3162.30
1916,531084861,5000.00
1917,238438589,570.40
1918,377216854563,343.50
1919,433770467,818.30
1920,41054946103,56.50
1921,326307778,1078.30
1922,12473965493,108.20
1923,472236638,2446.60
1924,455961321,889.90
1925,690841774,503.70
1926,6813238425156,19.90
1927,605726827,3490.10
1928,216147979,2303.00
1929,370683877,1851.80
1930,513655834,824.80
1931,2584558263876,13.60
1932,349975407,1019.30
1933,42065437612,56.20
1934,60964435714,208.40
1935,410101467,830.00
1936,24608473137,183.20
1937,384951000,800.70
1938,531084861,5000.00
1939,52309245887,408.10
1940,187301592,987.40
1941,506997903,2195.80
1942,301454004,1099.80
1943,2107014892815,7.50
1944,566681499,3663.20
1945,201540409,559.40
1946,199132034,2262.30
1947,128565483,826.60
1948,446346149,2036.80
1949,239707564090,333.20
1950,318019447,1802.30
1951,396051487,4689.20
1952,387848633,1095.30
1953,376010138,1969.50
1954,326304952,1592.40
1955,436725495,942.70
1956,69931531250,248.90
1957,104410436328,368.30
1958,311511893,1212.90
1959,46196828393,406.90
1960,531084861,5000.00
1961,138178301,786.40
1962,203390082,1600.10
1963,45156709460,50.60
1964,299083066,1359.50
1965,404194059,557.90
1966,355888372,1810.60
1967,385482671,1032.30
1968,482361694,3723.90
1969,199661825748,369.90
1970,520305120,2311.60
1971,19122606169,51.30
1972,7702448404,174.40
1973,388437362,1345.30
1974,17439124599,57.70
1975,320391692,1358.80
1976,505490477,604.50
1977,383703203,1375.40
1978,411608808,644.30
1979,446352465,658.50
1980,145478016663,242.50
1981,499716572,546.70
1982,1911703797,470.10
1983,246694898,553.70
1984,413058234,792.50
1985,444863786,899.90
1986,496643816,4651.30
1987,369503511,1663.80
1988,122330345774,254.60
1989,2251476730,471.60
1990,198780265444,245.90
1991,345244201,1469.90
1992,9570181979,150.10
1993,564017167,3256.90
1994,220141848,517.90
1995,531084861,5000.00
1996,349976462,1439.90
1997,21548533983,177.50
1998,8273291125,119.00
1999,5007556009,112.70
2000,161733485077,300.40
2001,671186573,515.80
2002,247211348,2249.90
2003,31316964564,217.50
2004,5775009374,451.30
2005,236114603,831.60
2006,369612599474,335.20
2007,231307387,715.20
2008,405665921,787.30
2009,398499088,1225.10
2010,281808909627,281.80
2011,132628454919,382.70
2012,1117156530843,27.30
2013,407760755,603.70
2014,580877776,3069.40
2015,175283965,1318.50
2016,393764212,1153.60
2017,42483239872,76.80
2018,303821568,1454.40
2019,56065333919,362.40
2020,11109131136,419.30
2021,229494875646,367.90
2022,243144126,2279.30
2023,167887541,1048.20
2024,404181186,2462.80
2025,1055720947,493.70
2026,489247761,845.80
2027,24174592032,408.20
2028,187301566,784.90
2029,42154151420,84.70
2030,449512373,3567.20
2031,14201670446,97.30
2032,425631755,2115.30
2033,9977675631,438.90
2034,246839597,887.00
2035,12139462425,50.20
2036,111707161615,260.60
2037,11586167362,420.10
2038,207828611,1438.60
2039,358850990,1081.90
2040,203981067,1170.20
2041,504039924,2260.60
2042,307958860,1305.60
2043,434514179,998.30
2044,472233212,2113.70
2045,17265209573,192.20
2046,6292838077,131.30
2047,332818200,1144.70
2048,443587984089,302.10
2049,17265209573,192.20
2050,28035032802,208.60
2051,328079951,1358.30
2052,280896906503,359.90
2053,449299859,955.60
2054,411217308,571.40
2055,315656733,1074.20
2056,413064296,4128.30
2057,215405177,679.80
2058,421193626,4085.20
2059,45010922695,70.80
2060,309143232,1248.30
2061,400861001,1022.90
2062,215045578371,331.40
2063,519567523,934.20
2064,9735281502,151.30
2065,89402020459,312.10
2066,227939437382,258.60
2067,204681223,884.40
2068,8738296614,419.80
2069,206993603986,345.70
2070,330451732,1106.80
2071,389029042,1130.20
2072,186190347,840.50
2073,383749952,613.70
2074,408745725,563.60
2075,389573625,619.30
2076,69903928355,233.10
2077,343465196,1347.70
2078,72533375141,268.00
2079,2471510730906,30.20
2080,118756131586,257.20
2081,406851082,497.90
2082,506992474,912.60
2083,310331147,1779.50
2084,393173333,1308.10
2085,309734196,1039.00
2086,788461793494,5.80
2087,1335147879767,19.40
2088,515873897,2325.20
2089,511434978,804.30
2090,18329007670,195.80
2091,200672931104,339.50
2092,9745454388,157.10
2093,12223860519,168.70
2094,183863413,1010.80
2095,128344194770,258.70
2096,401779038,578.10
2097,775124276764,40.50
2098,531084861,5000.00
2099,153221267,951.80
2100,229089876,821.50
2101,531084861,5000.00
2102,11024756782,179.60
2103,246841431,668.30
2104,25363511431,53.60
2105,588867483,3928.30
2106,367726446,1245.80
2107,2109673134620,39.10
2108,75501874216,236.00
2109,360038609,1398.50
2110,6417146962,184.60
2111,299088169,1102.80
2112,393765309,1256.60
2113,452998440,4316.90
2114,190999812,666.70
2115,504042823,815.00
2116,25433108365,67.90
2117,42671211673,224.50
2118,531084861,5000.00
2119,378374792,1085.30
2120,416018058,2899.30
2121,17348617833,170.90
2122,374240073,1957.50
2123,214298688,938.80
2124,53310356523,57.50
2125,5589245553,105.50
2126,334000379,1356.10
2127,57074357514,235.30
2128,5073729475,152.30
2129,253130469,970.50
2130,1944370821,474.20
2131,427183800734,312.00
2132,170254093,1938.50
2133,192044076847,284.10
2134,8468594124,118.20
2135,74408059676,217.60
2136,4051089383,141.20
2137,387257206,1004.90
2138,329860347,1155.50
2139,393828100,928.30
2140,350568184,1192.50
2141,492128465,3689.80
2142,389026596,1170.90
2143,348796011,1074.80
2144,414540281,857.20
2145,247210794,870.40
2146,331172334,494.70
2147,110100996210,273.70
2148,107072943279,385.30
2149,201540409,559.40
2150,165216348608,297.00
2151,213558915,723.50
2152,319798199,1376.70
2153,459279016,581.00
2154,385689915,828.70
2155,2772139783,450.40
2156,2732539273283,17.40
2157,20813894687,75.30
2158,229831915,666.30
2159,345245213,1571.20
2160,409143554,1222.80
2161,461949739,3400.90
2162,3861031072,453.10
2163,142993749147,237.40
2164,507734394,2215.10
2165,5368117854,115.40
2166,594200638,3396.80
2167,42480531276,222.60
2168,488520517,657.60
2169,371277075,1846.80
2170,494406578,604.00
2171,302640063,1107.20
2172,318024423,1180.30
2173,343465323,1415.60
2174,381259904,4393.90
2175,21378172003,204.20
2176,374663350,633.50
2177,312101844,1851.00
2178,3304338355129,33.10
2179,1574380094302,47.60
2180,363585275,1407.80
2181,512909909,4617.80
2182,406783707,1616.70
2183,379775959,2391.80
2184,435247191,2398.10
2185,30791011156,414.00
2186,3761380937368,35.40
2187,515129500,814.40
2188,3380341519,458.70
2189,7139811410,140.50
2190,42764183846,202.90
2191,587090102,3471.70
2192,456701607,2592.40
2193,372136308,492.70
2194,1416592828,479.90
2195,152575451254,306.10
2196,491470881,667.40
2197,348791836,1026.90
2198,479628951,2600.70
2199,337651394844,282.60
2200,236292446904,368.20
2201,531084861,5000.00
2202,56360755685,75.20
2203,531084861,5000.00
2204,441759505968,307.20
2205,501340417,486.70
2206,531084861,5000.00
2207,476244391,615.00
2208,7474276084,127.50
2209,312105176,1010.10
2210,430813226,941.60
2211,385692181,832.60
2212,3139295336,134.70
2213,344653743,1915.10
2214,384294841,1478.00
2215,583640316,486.20
2216,61634422735,269.50
2217,1014133253543,30.80
2218,474450959,2644.10
2219,6023693745,160.10
2220,2006852113,474.00
2221,468534526,2387.30
2222,2742357953,447.20
2223,531084861,5000.00
2224,10095784633,97.80
2225,26160620645,55.10
2226,413293792,1250.60
2227,412316262,4040.50
2228,12020531513,185.30
2229,17471216590,75.90
2230,321572270,1077.30
2231,7179576363,185.40
2232,2004753279217,8.30
2233,451758339,618.30
2234,404931915,656.60
2235,3303929875,462.10
2236,453740092,682.50
2237,190965346,1357.00
2238,25513866394,207.90
2239,491466720,935.00
2240,12533597867,111.00
2241,492876877,580.70
2242,6691607587,137.00
2243,477415053,2831.50
2244,531084861,5000.00
2245,91064672959,222.40
2246,489241119,2530.90
2247,481852127,767.60
2248,22817418412,73.20
2249,129057671,677.60
2250,390364293,588.40
2251,20000021222,52.20
2252,531084861,5000.00
2253,426785534,595.40
2254,450785602,714.30
2255,335186270,1207.70
2256,320983963,1388.50
2257,84523674965,397.30
2258,385689598,912.20
2259,461142793,908.40
2260,426914656592,312.50
2261,342281203,1334.70
2262,17645735347,93.40
2263,127595051,634.70
2264,5027568298,154.50
2265,7725647784,444.50
2266,531084861,5000.00
2267,4584497156,156.10
2268,613717988,3540.20
2269,2051757945,133.60
2270,73887635860,265.50
2271,13806767730,187.30
2272,516613655,2994.00
2273,452263586,746.40
2274,531084861,5000.00
2275,218367043,778.30
2276,323802685640,354.90
2277,1843774587037,8.70
2278,192113448376,347.60
2279,435248855,720.60
2280,155616919460,291.20
2281,16183543720,428.90
2282,960010443,488.70
2283,2054359509,471.70
2284,448634910,3013.70
2285,96155832627,389.70
2286,215652374,607.60
2287,1909537045,476.30
2288,386066761,1283.70
2289,349387101,1417.60
2290,323943713,1812.60
2291,3695666610,165.30
2292,1714316221838,0.20
2293,398268443,814.60
2294,411577921,695.80
2295,28659108016,94.90
2296,283329735704,278.40
2297,1894330426,471.80
2298,204692385,644.60
2299,415063814,1659.40
2300,480664884,615.70
2301,450785965,2410.30
2302,215407878,703.50
2303,531084861,5000.00
2304,212538894489,339.20
2305,491651147117,321.50
2306,593602452727,36.00
2307,52020197950,56.40
2308,396046110,2944.40
2309,110363113869,255.60
2310,309740141,1198.50
2311,27275070230,184.80
2312,561350938,3174.80
2313,389063401,575.20
2314,395539632,1684.20
2315,386437474,4356.70
2316,432245008,548.20
2317,255714958,967.70
2318,402042759,1114.70
2319,464838159,820.10
2320,471815198,555.10
2321,421193731,4875.00
2322,488503785,795.10
2323,425637922,2318.10
2324,3559485028,135.40
2325,506260991,2344.70
2326,426371250,2221.80
2327,186190347,840.50
2328,156151114863,292.80
2329,25048069045,68.00
2330,1825099727702,15.70
2331,382048713177,302.70
2332,28786327906,401.70
2333,142073557031,241.20
2334,126105322,645.40
2335,298630543577,361.90
2336,10599951512,154.80
2337,488030222,572.40
2338,507735869,2868.80
2339,25313939825,54.90
2340,531084861,5000.00
2341,1386474474,483.50
2342,331636062,1560.60
2343,206611008375,294.10
2344,201351599,816.00
2345,334587084,1525.20
2346,397313956,1170.40
2347,516978275,3523.50
2348,314475649,1679.80
2349,4103847038,163.10
2350,12323702857,85.70
2351,495166255,738.20
2352,198392249,2565.10
2353,397314968,1679.70
2354,1504081812844,12.90
2355,355300909,1279.50
2356,410844335,4228.10
2357,353529705,1241.70
2358,531084861,5000.00
2359,377783702,1570.20
2360,401966760,2091.50
2361,399881179786,310.30
2362,386663502,1775.50
2363,531084861,5000.00
2364,1197706428852,46.60
2365,201613566,1809.20
2366,160784532,1773.60
2367,322754112,1266.00
2368,382225447728,304.80
2369,995218291,495.40
2370,338142731,1711.40
2371,14243678302,428.80
2372,460393388,4808.00
2373,2081332218,135.60
2374,402867114,621.60
2375,248762293805,364.20
2376,490719740,919.30
2377,473773851,636.20
2378,375367082,643.40
2379,319205633,1413.00
2380,338145008,1420.50
2381,19914910736,410.60
2382,169068561,1015.10
2383,496644659,2330.30
2384,127332851,789.10
2385,2109130975,473.10
2386,298498892,1657.20
2387,27505669170,97.50
2388,412795016,543.00
2389,425630173,4313.40
2390,419165874,619.70
2391,207637577,697.00
2392,163327908,908.80
2393,2807059886614,41.50
2394,474451486,869.80
2395,184456168,1268.40
2396,387841971,1819.00
2397,531084861,5000.00
2398,205050944,839.50
2399,224281342,752.30
2400,1580712782,458.40
2401,329858618,1799.20
2402,338140918,1168.70
2403,24514023504,185.00
2404,22998279989,390.30
2405,8512324035,175.20
2406,26445764467,224.30
2407,32815624888,192.90
2408,340507681,1179.80
2409,531084861,5000.00
2410,392580135,1789.50
2411,311778743615,268.50
2412,370686196,1634.50
2413,2252527647,443.70
2414,562237699,3103.30
2415,236114603,831.60
2416,364764334,1436.40
2417,8778695858,146.60
2418,404994319137,289.60
2419,467050581,2772.70
2420,7592795737,131.00
2421,341687035,1397.20
2422,949323740572,26.00
2423,83300994294,397.70
2424,472235638,753.70
2425,531084861,5000.00
2426,355298589,1897.00
2427,412698696,1827.70
2428,235745857,959.80
2429,2178952203839,4.00
2430,315652895,1289.50
2431,457440996,789.50
2432,412849343,605.90
2433,72756069461,220.40
2434,47800277915,387.90
2435,478893726,2430.20
2436,438948091,791.30
2437,238438589,570.40
2438,259046797,782.00
2439,31755843445,191.80
2440,395197377116,295.50
2441,407371297,1495.20
2442,228624795811,323.40
2443,254977414,958.00
2444,49394265051,54.10
2445,159603048,1136.70
2446,508472465,4164.00
2447,326897434,1225.90
2448,358849008,1319.70
2449,136732621236,311.20
2450,500338956,706.10
2451,46544722571,78.00
2452,192591668422,252.40
2453,531084861,5000.00
2454,487030119,810.60
2455,507741140,2540.50
2456,531084861,5000.00
2457,3050441581,118.40
2458,6741573678,429.30
2459,380746151,1881.30
2460,403445803,2066.50
2461,2752098683380,23.80
2462,531084861,5000.00
2463,531084861,5000.00
2464,253847415,535.00
2465,314819689849,278.70
2466,456700091,562.00
2467,531084861,5000.00
2468,260865847002,258.20
2469,429107370,563.70
2470,540937528,3440.70
2471,420455818,972.40
2472,461133199,2380.20
2473,334002614,1377.40
2474,428933595,612.60
2475,1459205596396,39.40
2476,141700012,538.10
2477,338141550,1344.40
2478,352427104695,286.00
2479,1923363658393,46.70
2480,321573197,1989.60
2481,462615563,2656.00
2482,127831971,648.40
2483,386070388,1036.10
2484,206161399,796.50
2485,434997225,607.80
2486,531084861,5000.00
2487,531084861,5000.00
2488,1469494320,476.70
2489,326307272,1860.50
2490,4693209246,149.10
2491,196236272655,253.20
2492,1001694855,496.90
2493,363587932,1156.80
2494,373117238,827.90
2495,208377775,773.10
2496,192845986,743.90
2497,514475514,634.10
2498,213798751818,330.10
2499,373116078,873.10
2500,416754219,708.80
2501,446346729,987.90
2502,218437176,538.30
2503,8799003140,176.50
2504,373050514,1787.00
2505,600409928,3465.30
2506,94244455038,221.30
2507,697549077,508.80
2508,240924320,695.90
2509,19947513004,94.20
2510,166049913629,246.70
2511,464096555,2445.10
2512,392355170,674.70
2513,22237500213,407.70
2514,29480898839,95.70
2515,438212602,2564.50
2516,376602661,1790.80
2517,160122446,881.60
2518,362823475695,353.40
2519,397524046,907.60
2520,208380235,705.70
2521,18803209429,92.20
2522,531084861,5000.00
2523,151245732,752.80
2524,393841479,651.00
2525,378292824,724.30
2526,387175546,789.20
2527,322752467,1635.60
2528,393825570,889.30
2529,741212787,510.10
2530,492947595,718.90
2531,167296114,1003.00
2532,2685467668428,46.80
2533,298494928,1476.50
2534,1040502272,491.70
2535,11752624352,111.70
2536,211571898224,262.00
2537,6325268975,108.30
2538,7306591716,444.10
2539,488501097,2828.30
2540,492203315,4185.60
2541,531084861,5000.00
2542,4872690858,118.30
2543,351161973,1957.00
2544,407148074,2239.60
2545,539167168,3220.80
2546,11768876805,197.40
2547,527183531,551.50
2548,413293496,1181.70
2549,332221543,1886.90
2550,388651057,4330.10
2551,741324025,511.60
2552,72034826005,235.80
2553,78730875097,215.70
2554,2847391569503,6.60
2555,3376927741,162.20
2556,149994858996,237.50
2557,1232982173,486.00
2558,446345359,4058.10
2559,224650931,843.60
2560,323937641,1145.60
2561,456747695,638.40
2562,206090164978,250.50
2563,50134235624,369.70
2564,12013720094,187.20
2565,255352756,604.10
2566,1835938369936,46.40
2567,347611048,1376.30
2568,386431254,2020.50
2569,422672299,962.30
2570,492204077,700.70
2571,355302722,1834.90
2572,384210820,2430.50
2573,17471216590,75.90
2574,21563128276,180.80
2575,201354840,862.10
2576,466313511,2498.40
2577,251278279,828.60
2578,416760558,810.90
2579,154572544,1154.10
2580,86470780311,267.40
2581,531084861,5000.00
2582,373856153,908.10
2583,848785150,463.70
2584,226871972,801.20
2585,247210794,870.40
2586,7104838706,432.90
2587,158714706,1822.90
2588,4261935907,154.30
2589,149837373,1473.60
2590,2211370247,469.50
2591,524075275,3421.80
2592,387176284,2385.20
2593,254543113563,265.90
2594,119726089,651.80
2595,344057888,1766.60
2596,404180237,821.40
2597,417494782,759.70
2598,4693734747,111.50
2599,349380986,1263.50
2600,336960467,1070.10
2601,335774872,1847.90
2602,26027399737,52.80
2603,132040578190,267.80
2604,505517807,838.10
2605,109118673339,264.50
2606,399099544,628.80
2607,329268540,1460.70
2608,393173418,1769.00
2609,374593922,711.10
2610,482593045,913.40
2611,372458412,1464.40
2612,358257918,1723.30
2613,481109891,2751.60
2614,227518548332,264.70
2615,198906083864,365.80
2616,387845344,1289.10
2617,240924320,695.90
2618,317426924,1403.10
2619,396721390,1983.50
2620,2271381497910,6.20
2621,1928407192,113.10
2622,383475542,982.30
2623,531084861,5000.00
2624,375423518,1797.70
2625,447088280,2944.10
2626,338728845,1768.40
2627,300706584012,279.90
2628,21963740286,60.50
2629,531084861,5000.00
2630,572004154,3276.20
2631,335182432,1630.50
2632,1674143930039,18.10
2633,492939489,2160.00
2634,63645917444,214.50
2635,564445781,533.80
2636,251926888887,268.30
2637,457438835,2582.70
2638,531084861,5000.00
2639,531084861,5000.00
2640,322160703,1892.50
2641,72179891792,242.00
2642,471492505,830.20
2643,196289688,1021.30
2644,387916569,2019.30
2645,176171823,1036.60
2646,172696230,766.40
2647,129084090,1001.40
2648,510764305,3025.20
2649,511439563,2405.10
2650,208008396,2009.20
2651,396132999,1202.90
2652,322161841,1867.10
2653,3116512815,103.80
2654,14983612010,61.30
2655,549237215,535.50
2656,349382378,1398.60
2657,7696508809,117.40
2658,869695407422,32.50
2659,49150297699,71.60
2660,387249658,1637.10
2661,409148235,1235.70
2662,4205841087,119.60
2663,398498455,1451.80
2664,224650931,843.60
2665,240182410,684.60
2666,229011723448,264.40
2667,195780173103,307.50
2668,2081332218,135.60
2669,168183487,1850.80
2670,506258327,703.70
2671,456705033,964.60
2672,176967203342,306.40
2673,558198565,531.10
2674,349000806149,356.00
2675,341102945,1228.80
2676,503045457,544.90
2677,531084861,5000.00
2678,531084861,5000.00
2679,231414842,571.70
2680,3743242185,145.80
2681,351752177,1233.90
2682,503294684,4031.80
2683,10855919980,96.30
2684,531084861,5000.00
2685,379563930,1974.20
2686,373850919,590.00
2687,14667434863,196.70
2688,297907001,1020.10
2689,957479792351,29.20
2690,319191515,514.10
2691,165520799,1654.10
2692,313876632,1689.50
2693,499602059,867.40
2694,38649613912,389.10
2695,222061566,2061.90
2696,352933387,1616.20
2697,6181691110,130.60
2698,376081226,2682.00
2699,335179818,1978.70
2700,252387363,811.90
2701,94925550287,391.70
2702,399677514,1508.90
2703,189146776,683.20
2704,5813042950,138.10
2705,434513547,863.00
2706,396051487,969.40
2707,241661265,739.60
2708,475930159,2718.70
2709,379562074,1002.40
2710,344054388,1046.20
2711,478813637,3737.00
2712,432289633,921.10
2713,2506681903336,26.10
2714,382732726,2271.70
2715,45746437062,72.80
2716,482583768,2493.70
2717,396721854,1495.00
2718,1732646572,475.80
2719,52680022710,386.30
2720,241662071,697.90
2721,15605915134,92.40
2722,162136295533,312.20
2723,473716946,2020.30
2724,626301243,520.40
2725,14844478469,173.60
2726,2993844225820,21.60
2727,531084861,5000.00
2728,464092128,769.30
2729,42484681970,198.60
2730,442958368696,308.30
2731,338721288,514.20
2732,119720708986,262.70
2733,351748382,1491.00
2734,7031246368,124.90
2735,595085375,3317.80
2736,27083970500,73.80
2737,201354840,862.10
2738,252389762,2110.60
2739,8679900058,442.50
2740,531084861,5000.00
2741,316835455,1599.70
2742,62334109461,362.60
2743,455956367,4600.20
2744,531084861,5000.00
2745,553728959000,42.80
2746,6203689965,137.90
2747,390130046,4313.60
2748,501820174,970.40
2749,491462239,2232.80
2750,507737503,915.40
2751,408554615,1316.30
2752,295846259085,281.50
2753,118616361466,266.20
2754,2701217586,439.30
2755,64943984191,379.70
2756,380157170,1021.80
2757,288777132,520.20
2758,40319670167,90.80
2759,392355331,926.80
2760,1705764648,478.80
2761,430815914,2902.10
2762,381252682,2531.60
2763,173508145,1686.00
2764,579989560,3047.60
2765,531084861,5000.00
2766,165564871424,341.70
2767,381259324,2915.00
2768,180214134,505.10
2769,2836259190,466.10
2770,479644323,656.70
2771,378379895,1063.10
2772,586200431,3234.80
2773,182089763,1538.50
2774,2261601776,135.90
2775,7967156650,143.90
2776,244571663,529.70
2777,564022797,3505.40
2778,31076589786,216.10
2779,1806223492019,23.30
2780,40763183299,409.30
2781,299085892,1313.60
2782,96073801031,228.00
2783,6621151506850,18.70
2784,84963665423,265.10
2785,315658588,1939.50
2786,315729166926,347.20
2787,450834289,637.90
2788,321576318,1782.70
2789,399742320,982.50
2790,56814656515,388.60
2791,164106066631,373.50
2792,355889173,1480.30
2793,249060612,995.70
2794,47527154536,224.90
2795,531084861,5000.00
2796,3537071646598,8.60
2797,495901580,2087.70
2798,525627560,556.40
2799,354712855,1743.40
2800,257933733,841.60
2801,162855413,1437.50
2802,531084861,5000.00
2803,392982582223,343.00
2804,64699019683,385.90
2805,224147393183,363.00
2806,124353823997,283.80
2807,294425572,508.60
2808,443388539,897.70
2809,531084861,5000.00
2810,322752763,1160.30
2811,8796165655,114.40
2812,377193287,1973.00
2813,490725591,987.30
2814,531084861,5000.00
2815,44276965564,66.20
2816,498860824,875.00
2817,25621254051,402.80
2818,126343955,703.00
2819,147088074,628.70
2820,1037373657,484.70
2821,549820701,3770.50
2822,367134218,1811.50
2823,332812844,1450.70
2824,550130412,539.20
2825,202034404617,347.00
2826,223574026919,255.50
2827,7702448404,174.40
2828,257762812,554.50
2829,50732685454,241.70
2830,161275276050,325.60
2831,465489573,3844.40
2832,126224194,587.60
2833,299090530,1129.40
2834,198275533,561.20
2835,40903520327,86.70
2836,382732094,2432.50
2837,426372146,2103.10
2838,10769612809,154.00
2839,516611072,875.30
2840,409150386,1122.80
2841,22359028668,181.20
2842,184394928603,333.30
2843,355888920,1808.80
2844,10725544791,109.40
2845,324206616,508.40
2846,99599949202,277.50
2847,413060448,806.50
2848,8760796348,113.00
2849,21800320860,187.80
2850,5949573977,163.90
2851,56814656515,388.60
2852,106422713594,328.50
2853,198023819,2036.20
2854,6388885062,162.40
2855,384885594,1666.30
2856,498115795,781.30
2857,502558890,683.00
2858,8428004227,150.90
2859,116856497,1227.40
2860,20437291614,76.60
2861,233896566,2053.00
2862,386431518,991.20
2863,42258204040,75.80
2864,325126610,1117.30
2865,12323702857,85.70
2866,456894722893,334.70
2867,7267088954,104.30
2868,74724319775,291.90
2869,8317292705,176.90
2870,2478474063,468.40
2871,412109672,1650.70
2872,184453933,1144.00
2873,486795500,3692.20
2874,863681255,494.60
2875,9363641862,119.80
2876,531084861,5000.00
2877,9627273599,436.40
2878,341098349,1008.50
2879,3559485028,135.40
2880,397522623,929.70
2881,381992019,2305.20
2882,481844484,2869.20
2883,220585093,710.90
2884,189672425546,371.10
2885,547148336,3903.70
2886,446347579,714.00
2887,378970267,1419.60
2888,198392249,2565.10
2889,12460327119,430.90
2890,246841431,668.30
2891,5670358170,447.60
2892,154572544,1154.10
2893,404929167,926.10
2894,18498514609,87.60
2895,106422713594,328.50
2896,119726089,651.80
2897,213559378,770.20
2898,211709244,944.00
2899,384956216,684.20
2900,467184557,586.40
2901,567560670,3593.20
2902,848785150,463.70
2903,490851626,601.50
2904,524071922,3334.60
2905,159603048,1136.70
2906,299087452,1381.80
2907,709671309,511.10
2908,424159986,2601.10
2909,196544118,2416.40
2910,67168797685,378.20
2911,337549195,1061.30
2912,494419375,805.90
2913,358261460,1219.40
2914,380745097,1658.10
2915,291311889,497.50
2916,196546147,788.80
2917,464835965,593.10
2918,56287120163,63.70
2919,303822159,1431.70
2920,305004001,1825.60
2921,3921596539,119.50
2922,384955111,947.60
2923,400911860499,332.30
2924,10809263530,434.70
2925,376010854,1677.30
2926,1197706428852,46.60
2927,503414796,529.80
2928,430807955,848.60
2929,319191515,514.10
2930,361812258,1666.10
2931,342871576,1095.50
2932,131522029,679.30
2933,305592898,1505.80
2934,24413373064,60.60
2935,509957202,753.60
2936,1154801168,490.80
2937,424275970,625.90
2938,151183333588,246.50
2939,400864712,1203.00
2940,397694795,620.80
2941,480373291,699.40
2942,305593362,1569.90
2943,149249699,1005.20
2944,531084861,5000.00
2945,304237413070,269.40
2946,23115769087,50.30
2947,19330662252,427.70
2948,506252288,691.40
2949,531084861,5000.00
2950,178243526,1301.60
2951,11053739908,202.00
2952,16963771757,64.00
2953,470384110,530.10
2954,520054158,610.30
2955,186525067,1081.50
2956,467792870,819.00
2957,475936168,2338.70
2958,119167046553,305.70
2959,41627536436,52.40
2960,318019996,1013.10
2961,5747769415,174.80
2962,244255187,2146.40
2963,531084861,5000.00
2964,12104012278,421.60
2965,497376037,976.90
2966,14201670446,97.30
2967,242035516,768.10
2968,369288847243,350.70
2969,424894895,2863.90
2970,344652563,1751.40
2971,429332023,911.10
2972,348794451,1446.00
2973,594196463,3368.20
2974,503303117,2030.00
2975,175283965,1318.50
2976,177651972,1681.10
2977,13859150974,84.80
2978,29096266759,212.30
2979,6903710196,169.10
2980,564909874,3274.10
2981,423416696,958.90
2982,519573005,2004.50
2983,381333868,1340.00
2984,427855458,792.20
2985,119726089,651.80
2986,531084861,5000.00
2987,531084861,5000.00
2988,232424236992,335.40
2989,438949092,2919.70
2990,24353377780,58.90
2991,447825982,2409.80
2992,299681451,1608.90
2993,531084861,5000.00
2994,186041377685,378.30
2995,450041726,4994.50
2996,531084861,5000.00
2997,1844360521,477.20
2998,384635681623,299.00
2999,81469617701,395.90
3000,736474530939,30.00
3001,465574544,765.20
3002,156348111,1394.00
3003,484138695,3553.40
3004,584425644,3184.40
3005,348203108,1731.60
3006,205461912,1024.90
3007,9773372665,151.40
3008,233835636,529.90
3009,151411809704,308.00
3010,246839039328,257.50
3011,1310837617071,10.40
3012,332815416,1530.70
3013,456705244,932.40
3014,410844177,2694.90
3015,426376521,4380.40
3016,363528922,504.00
3017,482365236,3517.80
3018,6582442059322,19.50
3019,461142740,4930.00
3020,364176786,1563.50
3021,256273466,613.60
3022,133164624423,279.80
3023,256456404,996.40
3024,3851309396,136.10
3025,315653444,1226.00
3026,1803749944155,29.90
3027,372376760,704.50
3028,1876285353888,34.50
3029,345833435,1015.00
3030,473167479,582.20
3031,481865408,649.50
3032,1309221347,464.40
3033,253129848,725.40
3034,6891193486,140.00
3035,515133401,807.90
3036,309736346,1427.40
3037,99069608287,230.70
3038,112910532820,233.50
3039,531084861,5000.00
3040,538276612,3318.50
3041,135409732,516.50
3042,388439639,1466.70
3043,169068561,1015.10
3044,3108123909,457.40
3045,456717668,651.30
3046,213580364,575.30
3047,205581145,596.10
3048,3954921191,111.60
3049,558696726,3127.50
3050,406778436,1710.50
3051,5277050284,111.30
3052,224282000,897.30
3053,3035421407343,3.40
3054,446351489,658.20
3055,26707614306,186.10
3056,132015343,721.60
3057,345830146,1599.10
3058,324351729865,270.30
3059,449301967,806.10
3060,25754591646,59.80
3061,379031878,4238.30
3062,405598449,1248.70
3063,12324521220,49.30
3064,8868585139,101.20
3065,44175195543,58.40
3066,180214134,505.10
3067,20824709219,197.50
3068,206350571,1833.50
3069,426375150,2629.70
3070,1646063810,459.80
3071,142352362134,266.40
3072,417572064075,341.40
3073,35505347918,95.50
3074,216517294,592.00
3075,546966530,547.50
3076,20438941846,79.80
3077,306187783,1772.10
3078,201632288139,303.90
3079,483854966,553.30
3080,7662093476,137.70
3081,377192908,1519.70
3082,172618916,1500.20
3083,367131519,1017.70
3084,6504053881,127.90
3085,531084861,5000.00
3086,380152995,1523.90
3087,316839081,1420.70
3088,189721950,593.80
3089,9069868637,146.20
3090,467055717,712.10
3091,440429347,981.70
3092,1919078106815,38.00
3093,41538758034,54.80
3094,1165246461,471.10
3095,1821532479,474.40
3096,313286048,1164.50
3097,531084861,5000.00
3098,450408116,3203.60
3099,409736921,1816.00
3100,6303154352,134.00
3101,11865233444,186.40
3102,40399161259,197.00
3103,218560229,610.90
3104,401230059,924.30
3105,531084861,5000.00
3106,453949975,3706.90
3107,30012128631,400.50
3108,10426408717,437.10
3109,172618916,1500.20
3110,451338841,594.60
3111,488503258,2939.00
3112,1935566893,475.90
3113,1212223496380,47.30
3114,507212515,3820.10
3115,545381012,3190.10
3116,212538894489,339.20
3117,531084861,5000.00
3118,305455447,511.40
3119,424363656,499.70
3120,21496398020,425.90
3121,336959666,1667.50
3122,358853436,1624.80
3123,386428672,911.90
3124,3444074591,459.70
3125,5419489978,446.10
3126,461944173,3652.50
3127,22440417435,72.60
3128,387916675,2930.30
3129,558689642,3166.50
3130,349973172,1557.70
3131,3593652428,156.70
3132,236921217023,262.80
3133,510695341,728.80
3134,531084861,5000.00
3135,585032241345,43.00
3136,340504518,1527.70
3137,386661225,1175.40
3138,175356447050,292.50
3139,332818959,1855.60
3140,6302785799,163.80
3141,164632499,1004.00
3142,353456744103,309.70
3143,40842791375,86.20
3144,366547345,1672.00
3145,256485220,637.30
3146,378316579,645.30
3147,485023939,3323.70
3148,12902170696,430.60
3149,585320438,3567.10
3150,414473062,1441.80
3151,194220726,1578.30
3152,103813732165,226.70
3153,193627949,1064.40
3154,126124916,1452.30
3155,360624976,1466.30
3156,249799817,828.10
3157,132015343,721.60
3158,373124301,850.50
3159,194220726,1578.30
3160,16268948767,72.90
3161,435252356,2377.40
3162,375970605064,312.30
3163,619940435,3906.50
3164,531084861,5000.00
3165,472972602,773.40
3166,616534998,514.70
3167,33378891920,403.30
3168,580874930,3250.00
3169,218560229,610.90
3170,22330784264,396.00
3171,359444357,1794.30
3172,474448112,4058.30
3173,486968253,580.50
3174,363587046,1602.20
3175,395308144,2752.00
3176,391615931,590.50
3177,2188109752654,37.70
3178,395305351,846.30
3179,424150235,2236.70
3180,331720689291,301.10
3181,1820087870591,17.60
3182,380515981,2827.00
3183,469420242,624.90
3184,392351166,2419.20
3185,218367043,778.30
3186,3389152015,145.60
3187,174397626,1632.70
3188,531084861,5000.00
3189,487765714,852.30
3190,37999774356,88.40
3191,2310845051224,13.70
3192,1912096043,120.20
3193,446349285,699.60
3194,531084861,5000.00
3195,531084861,5000.00
3196,495900631,2958.70
3197,326896928,1694.10
3198,392579418,1763.90
3199,20164442602,422.30
3200,7933445477,441.80
3201,682559951,483.60
3202,531084861,5000.00
3203,1861773989,450.10
3204,400863194,1750.10
3205,117548826005,235.90
3206,351156027,1302.10
3207,493861833,572.80
3208,202115992790,298.10
3209,132040578190,267.80
3210,393766995,1099.60
3211,203281834,621.50
3212,107202571532,270.10
3213,27777118165,187.90
3214,407961375,1542.00
3215,186108064440,350.60
3216,23120768168,180.40
3217,484096420,593.40
3218,533837808,3543.00
3219,6782394583,420.90
3220,459279714,3556.10
3221,411514661,1000.10
3222,2542591615318,38.30
3223,531084861,5000.00
3224,367137001,1210.50
3225,522651762,588.10
3226,339320567,1155.10
3227,233896566,2053.00
3228,391398588,1428.30
3229,343467220,1554.40
3230,2051757945,133.60
3231,523618853756,24.40
3232,531084861,5000.00
3233,2467677012963,25.80
3234,286497533519,287.40
3235,424158669,2618.10
3236,408625166,994.30
3237,1094223315056,4.90
3238,412109335,1088.50
3239,52273177956,407.90
3240,181498421,1043.20
3241,15852302329,53.50
3242,1683440266865,43.30
3243,110281851130,297.80
3244,2620037298187,28.70
3245,376820879,4478.90
3246,222061566,2061.90
3247,291880643771,354.20
3248,361220283,1559.20
3249,5007556009,112.70
3250,518826236,2129.10
3251,57828133318,63.80
3252,2356036559,470.30
3253,531084861,5000.00
3254,1165246461,471.10
3255,704487285745,24.10
3256,326304868,1287.00
3257,869695407422,32.50
3258,407880663,2892.80
3259,57727756982,68.20
3260,84963665423,265.10
3261,7073619533,446.20
3262,475192720,2777.60
3263,245314709176,321.00
3264,7475943433,420.20
3265,394950314,1246.50
3266,259297151677,268.70
3267,89402020459,312.10
3268,496555124,3237.50
3269,506712257,548.60
3270,408758266743,327.00
3271,601300927,3220.70
3272,531084861,5000.00
3273,465499061,3416.20
3274,1939717641462,38.70
3275,404183084,4048.30
3276,1911870941939,37.60
3277,283478376981,275.10
3278,447826035,2941.80
3279,2051757945,133.60
3280,4872690858,118.30
3281,103245252,1033.70
3282,410099042,776.70
3283,607964560918,47.70
3284,498124064,702.30
3285,217623121,2211.80
3286,331038520,1841.00
3287,8680740214,101.10
3288,232786349,996.90
3289,305723232168,351.50
3290,408624691,4315.90
3291,500339603,4693.90
3292,387916675,4931.50
3293,438965708,653.70
3294,372383567,709.30
3295,120521097008,238.10
3296,5368117854,115.40
3297,1928407192,113.10
3298,472234741,771.40
3299,351746611,1669.60
3300,403227680,1147.60
3301,408558199,1431.10
3302,56688163573,76.70
3303,516610545,2104.50
3304,499596698,707.80
3305,487764238,2490.60
3306,232790619,854.10
3307,22330784264,396.00
3308,23041857524,420.80
3309,212185969696,333.80
3310,378967737,1261.60
3311,391986304,1025.90
3312,481844379,930.60
3313,197176576,1399.60
3314,169661717,1884.50
3315,161672010,1015.90
3316,2183125291,444.30
3317,216147979,2303.00
3318,7175317281,125.10
3319,390805558,1223.30
3320,531084861,5000.00
3321,12744335150,183.10
3322,452174808,3715.90
3323,409144187,1766.40
3324,310921098,1143.60
3325,18182199404,91.60
3326,201348826381,319.60
3327,482363149,3490.50
3328,169660558,1067.30
3329,192044076847,284.10
3330,470014148,925.30
3331,233039109894,251.60
3332,25621254051,402.80
3333,366540218,1063.60
3334,589751651,3708.30
3335,321569149,1585.40
3336,495163192,945.90
3337,10095784633,97.80
3338,2320279646296,15.90
3339,383706113,1304.80
3340,22823705947,181.80
3341,178538417,1852.70
3342,595972832,3626.50
3343,299084838,1366.70
3344,136185237,1302.50
3345,18240617543,181.70
3346,211079335605,326.20
3347,396130975,1377.30
3348,28183447829,210.70
3349,442651943,2482.70
3350,84963665423,265.10
3351,20588371016,425.50
3352,6238731343,159.70
3353,351749436,1152.20
3354,142024013504,242.30
3355,21921621452,179.70
3356,9862809189,53.00
3357,25948864966,399.10
3358,401458374,1052.00
3359,531084861,5000.00
3360,3779701021,138.90
3361,460395286,2195.30
3362,424160197,2355.30
3363,396126548,1604.40
3364,387908557,790.40
3365,110281851130,297.80
3366,5202643496,116.00
3367,446341300,2044.10
3368,254235547,838.00
3369,404924338,724.00
3370,177437779322,352.40
3371,513031169,553.40
3372,330449370,1944.80
3373,60375388542,260.70
3374,579101470,3176.50
3375,606620356,3715.70
3376,350569997,1067.90
3377,492491892,616.40
3378,404928503,691.80
3379,484813512,670.70
3380,124353823997,283.80
3381,7382905685,106.20
3382,444125925,799.20
3383,1460497615757,22.40
3384,406779237,1054.50
3385,337547719,1024.10
3386,470758651,766.50
3387,35097340224,412.80
3388,379738212442,352.20
3389,124482368000,283.90
3390,7110750804,128.70
3391,531084861,5000.00
3392,15707587292,68.30
3393,465576072,803.50
3394,246105532,660.70
3395,620007967,488.30
3396,5570423186,436.70
3397,364771039,1917.80
3398,5840708958,160.00
3399,407370706,1147.70
3400,1578915838,463.20
3401,403823788,1491.30
3402,330448949,1775.90
3403,48256672736,72.50
3404,218366885,845.50
3405,438953467,4616.50
3406,164982984955,271.80
3407,181790761,1564.30
3408,447951527,563.80
3409,467790814,2877.10
3410,531084861,5000.00
3411,399089629,1810.50
3412,201351731,2256.50
3413,43223659812,90.20
3414,14608388502,408.90
3415,236765408102,308.80
3416,9141501358,177.90
3417,210436700740,370.60
3418,482586983,2941.90
3419,531084861,5000.00
3420,22643496958,179.00
3421,367722946,1146.40
3422,357073335,1428.90
3423,84598302413,394.60
3424,47398899532,202.10
3425,42474563187,230.80
3426,385766806,631.50
3427,518090747,994.90
3428,329262004,1327.30
3429,15387082139,55.60
3430,393827257,787.80
3431,1102010421571,4.40
3432,5004506468946,12.70
3433,27212564219,77.90
3434,520305015,782.20
3435,241858919124,315.70
3436,506259305,767.40
3437,454486338,2837.30
3438,425639398,2083.60
3439,387251387,1727.70
3440,51123808407,376.20
3441,215407878,703.50
3442,430809747,802.40
3443,514391680,696.70
3444,15310026009,68.50
3445,191367153,2412.60
3446,401981587,648.50
3447,161686992,547.00
3448,404183917,697.80
3449,228352715,711.00
3450,17645735347,93.40
3451,496231153,572.50
3452,195804992,842.40
3453,450337020,615.10
3454,32979346659,194.20
3455,396048588,2362.50
3456,51351845706,64.20
3457,534730705,3254.50
3458,190075464,1074.70
3459,301325074056,288.40
3460,531084861,5000.00
3461,504036181,845.60
3462,192478030,802.70
3463,339917940,1325.00
3464,348790360,1308.60
3465,336361998,1692.40
3466,338736604,1577.90
3467,3697786039,143.80
3468,361219819,1960.80
3469,12726599603,184.20
3470,201577604179,373.30
3471,196828756306,311.50
3472,253847415,535.00
3473,9855825072,150.60
3474,397596078424,341.80
3475,361444296737,337.90
3476,531084861,5000.00
3477,520357646,520.10
3478,93700674,569.00
3479,815297903,497.10
3480,4216551784,106.40
3481,775124276764,40.50
3482,344652352,1363.80
3483,412324854,771.10
3484,5515586689,158.40
3485,149249699,1005.20
3486,410308648232,313.90
3487,303230942,1236.80
3488,197179338,1035.00
3489,10636404754,162.10
3490,1816180218999,45.20
3491,5290278946,162.30
3492,55064286043,60.20
3493,1646063810,459.80
3494,92817700878,266.70
3495,30149022878,403.70
3496,2252527647,443.70
3497,376079012,941.30
3498,514389900,4400.60
3499,387842983,1710.30
3500,341693571,1648.40
3501,79297601647,246.10
3502,431554618,884.30
3503,395535416,1890.00
3504,494423592,822.10
3505,589520909,482.20
3506,511436770,2501.50
3507,424154030,778.60
3508,107073243688,296.50
3509,486300202,652.70
3510,154916526895,358.60
3511,466615652,537.20
3512,499598316,773.80
3513,35451102586,395.80
3514,9425139983,114.60
3515,389401080,660.50
3516,253129761,708.70
3517,410855133,649.40
3518,369502878,1590.00
3519,89952089574,374.60
3520,466546886,570.00
3521,345835333,1732.90
3522,531084861,5000.00
3523,21814830544,55.80
3524,531084861,5000.00
3525,489037292897,317.60
3526,413058498,952.80
3527,470814632,3474.60
3528,318615049,1762.60
3529,538280786,3033.10
3530,2070305826646,44.90
3531,396045741,2455.10
3532,166766794211,358.00
3533,531084861,5000.00
3534,531084861,5000.00
3535,21739442287,424.40
3536,398498287,1262.20
3537,468534806,712.90
3538,56065333919,362.40
3539,79543129977,257.70
3540,365954189,1067.70
3541,22710076581,74.60
3542,491463557,4591.60
3543,463353582,902.60
3544,2308976686,123.40
3545,305597958,1368.20
3546,25598723678,203.80
3547,2145871069331,10.50
3548,354119488,1456.40
3549,276728745649,261.60
3550,316248708,1201.50
3551,205755369,1020.80
3552,497453967,3852.80
3553,464841216,2941.50
3554,175580796,1195.10
3555,255347847,758.70
3556,387913829,765.00
3557,410924119,1759.10
3558,2001178999023,7.30
3559,10219191910,115.10
3560,370275525382,290.10
3561,5072391670,103.70
3562,19963275286,92.80
3563,154281720244,360.20
3564,141700012,538.10
3565,246694898,553.70
3566,17337890073,177.60
3567,2548815650112,36.40
3568,6302785799,163.80
3569,486281348,902.40
3570,405661125,2489.20
3571,467053588,748.10
3572,332219604,1128.70
3573,471493278,720.20
3574,245977356,547.10
3575,497377199,704.80
3576,245733245,666.10
3577,25598723678,203.80
3578,461140368,927.30
3579,245314709176,321.00
3580,32326382659,221.70
3581,417503584,4032.00
3582,258676655,749.20
3583,490726189,727.10
3584,17269889720,194.80
3585,456702819,2469.10
3586,4009737153,123.80
3587,361922455999,40.90
3588,55118484254,239.10
3589,372459002,1167.40
3590,356480600,1819.20
3591,598629637,3499.10
3592,8765655165,100.90
3593,451519556,2145.00
3594,434509172,4356.50
3595,240744323,556.90
3596,161380008,1651.00
3597,18329007670,195.80
3598,441165205,2057.30
3599,243143942,919.40
3600,412108070,1779.20
3601,4233074786,455.50
3602,55807190317,69.10
3603,516972519,3452.30
3604,1683340737312,18.20
3605,180214134,505.10
3606,3156853356746,17.50
3607,502098660226,322.60
3608,462615563,2123.40
3609,33411200617,90.50
3610,243881435,741.60
3611,488308393520,315.90
3612,12050221035,85.00
3613,483325002,899.80
3614,643814073904,11.80
3615,449518446,3279.50
3616,196880208,1471.60
3617,3855354992,459.60
3618,230568444,898.50
3619,33604289498,193.10
3620,497430520,534.30
3621,518086847,859.30
3622,332817694,1443.20
3623,332220236,1196.80
3624,316245292,1841.70
3625,877165231771,19.10
3626,417082240,569.80
3627,316246178,1295.80
3628,486793982,3193.90
3629,367729567,1835.90
3630,412322745,2352.20
3631,2253886868,466.40
3632,5850333383,112.40
3633,22712826393,62.30
3634,531084861,5000.00
3635,23816372734,182.70
3636,245748047,644.40
3637,210970250,2485.30
3638,697952693,479.10
3639,5851938238591,13.20
3640,41921603293,52.30
3641,101667120146,372.30
3642,86687524448,224.80
3643,2568309488,462.20
3644,521452370,523.80
3645,531084861,5000.00
3646,3116512815,103.80
3647,4585333886,113.20
3648,531084861,5000.00
3649,159128197727,295.10
3650,505442345,3005.70
3651,444565015,609.60
3652,1999130721,457.90
3653,157288721076,240.20
3654,384211294,780.60
3655,2422879979876,4.20
3656,19983862857,220.30
3657,131522029,679.30
3658,32326382659,221.70
3659,498340475,3149.30
3660,313286048,1784.70
3661,233530874,669.40
3662,3744751360624,35.60
3663,584432791,3520.10
3664,121787840,1239.00
3665,383108951,1128.80
3666,376822460,2913.60
3667,560302788,528.30
3668,604304961,517.10
3669,472237587,869.40
3670,406777761,1087.60
3671,5681613387,171.30
3672,18310709233,73.30
3673,361350803663,296.20
3674,298494886,1340.60
3675,488628154,627.80
3676,225417339,539.30
3677,500344136,2299.20
3678,2555354923489,35.10
3679,164467859247,357.20
3680,788461793494,5.80
3681,377784925,1800.10
3682,6455074182,434.10
3683,412109335,1617.20
3684,455221668,819.30
3685,1321519486110,37.30
3686,153221267,951.80
3687,393095194,988.50
3688,9214396137,157.70
3689,3340190011184,4.60
3690,29592623925,418.60
3691,635894129,513.60
3692,383273723621,290.80
3693,531084861,5000.00
3694,401451374,1136.20
3695,492947607,2773.40
3696,565514776539,23.00
3697,531084861,5000.00
3698,1429755328720,7.70
3699,154426445336,379.50
3700,23438115496,419.70
3701,457435304,2038.40
3702,51078175665,211.70
3703,407370158,1581.50
3704,346013088094,346.10
3705,157983076167,284.40
3706,384211505,919.70
3707,430155701,535.70
3708,51123808407,376.20
3709,531084861,5000.00
3710,331629315,1666.40
3711,105085606888,390.80
3712,226131844,815.20
3713,531084861,5000.00
3714,416761823,2879.60
3715,321572059,1060.70
3716,163122571637,323.90
3717,241930339,559.30
3718,52740737872,241.50
3719,535697886,523.20
3720,403441151,687.20
3721,383792115930,308.70
3722,438950410,2788.30
3723,517348037,4016.50
3724,155068201014,239.00
3725,111972456578,261.90
3726,456704190,2869.40
3727,188779870,864.10
3728,455730329,3142.50
3729,1671659146902,34.00
3730,112195605775,256.10
3731,409362057,676.90
3732,531084861,5000.00
3733,276466747454,353.30
3734,347012790,1013.60
3735,8779536486,157.40
3736,98275250308,366.70
3737,355891661,1426.90
3738,260157146,900.60
3739,238336410,743.20
3740,186191032,973.50
3741,316841569,1178.40
3742,18452342491,87.30
3743,383114180,1049.30
3744,531084861,5000.00
3745,399012102,943.30
3746,400221328,498.30
3747,478155075,973.90
3748,360036417,1788.30
3749,367656505374,335.90
3750,306188922,1693.30
3751,184762691027,321.10
3752,424153187,2046.80
3753,447822240,2834.60
3754,17269889720,194.80
3755,1845701661146,47.20
3756,401454073,1453.10
3757,406400936,2048.40
3758,23231360080,200.80
3759,25493875683,69.80
3760,460891196,588.80
3761,324532990,1807.30
3762,164039574,1297.70
3763,531084861,5000.00
3764,260084552,589.80
3765,453737091,869.30
3766,305595175,1054.80
3767,399086172,1551.60
3768,495159608,2933.40
3769,63107556273,233.70
3770,43715132113,65.60
3771,260155064,826.20
3772,539755795,554.80
3773,254058802,598.30
3774,531084861,5000.00
3775,8021237682,440.40
3776,155060075359,280.20
3777,485022420,3158.30
3778,253245590,619.50
3779,380519354,2309.00
3780,72528258874,263.70
3781,362397445,1766.70
3782,193628793,1254.50
3783,253130221,686.80
3784,113698985,1260.20
3785,519567629,4633.80
3786,460400293,4242.00
3787,531084861,5000.00
3788,213559378,770.20
3789,5676597313,434.80
3790,212818486,2267.70
3791,13891236417,107.80
3792,382737839,869.60
3793,515870154,4437.90
3794,339326218,1400.20
3795,451517447,4330.00
3796,465581185,2578.70
3797,352344321,1689.20
3798,311510459,1493.80
3799,2947394638,163.40
3800,475927418,2230.60
3801,363583883,1503.80
3802,26445764467,224.30
3803,384212401,2077.80
3804,326309464,1560.40
3805,9878047077,177.40
3806,512177213,2264.70
3807,475935378,2476.60
3808,26957387723,205.40
3809,17143815499,99.20
3810,377787708,1404.60
3811,173117481665,287.80
3812,167887541,1048.20
3813,430284205,598.20
3814,168478272,1146.20
3815,690815893,502.40
3816,338908008260,298.00
3817,358849050,1580.90
3818,531084861,5000.00
3819,498859454,812.60
3820,216145844,2246.70
3821,28355082840,96.00
3822,508591790,593.30
3823,1844570828,475.30
3824,497378303,4903.40
3825,170621169007,283.00
3826,188721206005,243.90
3827,155198362383,274.10
3828,161116589882,349.80
3829,258676655,749.20
3830,414726418,565.10
3831,451672857712,38.20
3832,430817127,4903.30
3833,5683580342,437.50
3834,424897689,2006.80
3835,472228099,2014.80
3836,368911999,1859.70
3837,7002675937,134.20
3838,377102280,595.30
3839,483685026,613.40
3840,291311889,497.50
3841,127595051,634.70
3842,365362213,1382.30
3843,331629062,1031.10
3844,253870491,2441.90
3845,458916296,2658.60
3846,392047552664,320.60
3847,467057170,2699.40
3848,365954779,1166.90
3849,379785334,658.10
3850,376487030,608.30
3851,531084861,5000.00
3852,366547218,1058.00
3853,250057789,3053.90
3854,118053617365,388.50
3855,18569892475,181.60
3856,2824630294807,44.30
3857,160122446,881.60
3858,15797251423,94.70
3859,442646198,847.30
3860,360978142099,319.00
3861,4002784747,145.90
3862,389619752,1190.00
3863,55380653426,388.80
3864,3290566079393,47.50
3865,387013399,504.60
3866,990043566,471.90
3867,349384528,1566.20
3868,478890458,868.00
3869,5913345517,104.60
3870,410918848,1638.70
3871,58644257978,389.30
3872,1673366861227,21.10
3873,518834143,2064.30
3874,4988017657,103.50
3875,124353823997,283.80
3876,166286186,816.30
3877,489988354,680.30
3878,169069510,1264.70
3879,160213376680,279.40
3880,167736981982,292.00
3881,47035431165,52.50
3882,8868585139,101.20
3883,166405979,1342.00
3884,329853178,1232.50
3885,900603374,491.90
3886,25895445837,185.20
3887,380742061,1480.10
3888,14608388502,408.90
3889,23974826803,420.40
3890,8438541502,121.80
3891,13089986118,418.20
3892,464604330,3892.50
3893,376812814,2040.70
3894,326662334012,359.30
3895,495902740,836.80
3896,336363305,1105.00
3897,531084861,5000.00
3898,472227730,2480.40
3899,331694100385,348.00
3900,199138390,655.30
3901,7954941164,124.30
3902,390615203658,347.90
3903,531084861,5000.00
3904,46630093110,202.40
3905,461946386,3753.70
3906,216515143,894.40
3907,423003211,550.50
3908,4168273276,154.60
3909,584429186,3323.40
3910,251416982120,274.20
3911,56085474587,225.20
3912,32693596541,99.50
3913,51700849805,377.70
3914,345833351,1201.90
3915,94053293509,228.20
3916,315065221,1210.70
3917,553728959000,42.80
3918,338141424,1347.00
3919,410845179,4118.50
3920,8429725044,142.50
3921,366543043,1297.40
3922,441168051,958.10
3923,531084861,5000.00
3924,6445293168,126.20
3925,252760036,872.70
3926,195064469,808.80
3927,199502572,807.70
3928,531084861,5000.00
3929,379037835,768.90
3930,331043876,1288.00
3931,14024172978,194.90
3932,394947868,1936.70
3933,531084861,5000.00
3934,444125872,2315.00
3935,473484973,3178.40
3936,137960249,1401.50
3937,3825298548158,43.90
3938,43829823211,227.40
3939,466319099,757.90
3940,2712811242,466.00
3941,182569955145,312.80
3942,158152182,928.50
3943,376819978,689.20
3944,406778647,1609.10
3945,437468100,2606.80
3946,531084861,5000.00
3947,347013970,1449.60
3948,507734446,4622.60
3949,356702205731,295.70
3950,480366812,2331.40
3951,494422063,910.10
3952,12020531513,185.30
3953,356487221,1179.90
3954,12043847434,181.10
3955,379773745,2209.30
3956,367882918702,292.30
3957,491465296,983.20
3958,398499172,1931.40
3959,2947394638,163.40
3960,531084861,5000.00
3961,1266120405,487.80
3962,531084861,5000.00
3963,387909559,2599.90
3964,474453700,2143.60
3965,170479397,987.20
3966,1015304025,493.00
3967,404926743,2101.10
3968,240183854,953.90
3969,11053739908,202.00
3970,18453228497,411.60
3971,407139114,750.30
3972,450737445,587.00
3973,903013857,492.00
3974,511434661,2343.30
3975,202503173,1645.50
3976,19170860798,90.30
3977,212078517,883.00
3978,376599077,1982.20
3979,216657032276,302.50
3980,314471433,1052.10
3981,401452513,1692.50
3982,431555146,984.00
3983,1955548633,141.50
3984,474587966727,329.00
3985,8606725849,155.60
3986,202460842,748.50
3987,310169425521,270.70
3988,504033440,971.60
3989,869462133305,10.70
3990,477030943,3587.00
3991,190667419,1309.60
3992,65254467359,215.10
3993,379772691,2303.10
3994,3636702273,139.70
3995,21454508756,64.60
3996,380153754,1068.60
3997,340509747,1357.70
3998,1275848084545,25.10
3999,171437601,1777.90
4000,324534592,1314.80
4001,498124071,959.60
4002,357668178,1318.00
4003,126124916,1452.30
4004,109118673339,264.50
4005,470012092,2435.40
4006,17339615625,195.10
4007,1189705775,483.30
4008,4389454011,430.00
4009,448494651,582.70
4010,413801208,2561.50
4011,124154504,1070.20
4012,3355328744,445.80
4013,531084861,5000.00
4014,468032065003,308.10
4015,195699188,1229.80
4016,617276356,3219.10
4017,519566133,721.70
4018,24992425633,82.60
4019,135721576,591.00
4020,439689114,2629.50
4021,8811261801,442.10
4022,1791478810381,3.80
4023,418977767,708.50
4024,154916526895,358.60
4025,403185135013,315.00
4026,433387356,534.80
4027,3980333538,123.90
4028,437474425,975.10
4029,455640983,580.60
4030,148043767,769.80
4031,425629435,2212.80
4032,487021422,833.60
4033,531084861,5000.00
4034,185343014,1148.20
4035,170684918522,286.20
4036,110100996210,273.70
4037,450039670,715.40
4038,531084861,5000.00
4039,532714789,542.20
4040,18199293811,67.30
4041,22685707114,58.70
4042,218218514,561.70
4043,89044023194,267.20
4044,492942968,971.20
4045,606682467,528.80
4046,10750611326,161.90
4047,136185237,1302.50
4048,419717272,857.90
4049,487753356,546.80
4050,531084861,5000.00
4051,182976968,1195.70
4052,3079573369,127.10
4053,477411737,739.40
4054,484805890,2276.30
4055,1252513442,485.60
4056,445491051370,309.20
4057,498125494,4935.90
4058,153979830,1020.70
4059,381438221660,324.70
4060,435993538,2026.80
4061,444188348,635.60
4062,396783813,2078.20
4063,396051118,2742.30
4064,255714958,967.70
4065,328674962,1571.30
4066,452997966,4576.20
4067,180906530,1168.50
4068,225389582,2429.00
4069,324528900,1329.70
4070,354431558593,342.70
4071,4205841087,119.60
4072,162562820,1014.30
4073,475251771,602.10
4074,816523755,477.70
4075,245733245,666.10
4076,174397626,1632.70
4077,464839529,926.60
4078,198275533,561.20
4079,380743706,1552.20
4080,23927917375,409.80
4081,382739420,985.10
4082,380746742,1068.50
4083,337552189,1582.80
4084,394969583474,328.70
4085,4988017657,103.50
4086,2293834256645,20.00
4087,195900057507,343.60
4088,531084861,5000.00
4089,23115769087,50.30
4090,52294691318,405.70
4091,443383953,2121.20
4092,498120170,4623.90
4093,444050969,571.80
4094,200980639,808.20
4095,401227424,2675.70
4096,1196020791,465.80
4097,206163085,2943.30
4098,359446381,1203.50
4099,104665806349,258.90
4100,484062865,697.30
4101,279685166309,360.60
4102,432290951,2266.00
4103,455233141,651.60
4104,378380316,1365.30
4105,414776368,501.00
4106,135500537332,358.20
4107,7267088954,104.30
4108,138178301,786.40
4109,375340993,881.20
4110,381252840,2605.80
4111,179719479,1059.00
4112,34450009442,218.90
4113,437465991,2163.00
4114,403233837,1149.60
4115,46184604535,62.60
4116,474450115,2884.60
4117,391620364,664.90
4118,10259889545,189.00
4119,1655096911,475.40
4120,435255466,878.00
4121,13806767730,187.30
4122,529402674,3991.10
4123,3980333538,123.90
4124,346423176,1288.70
4125,420459086,2690.80
4126,499600794,2020.90
4127,8364447158,141.30
4128,26445764467,224.30
4129,84194636967,238.50
4130,208380235,705.70
4131,2150783380,468.90
4132,373974991,624.60
4133,463361534,672.40
4134,481112052,2255.50
4135,363586667,1026.60
4136,4666987494,450.00
4137,438945719,797.10
4138,175907834867,289.80
4139,986652307592,24.70
4140,373119135,874.50
4141,405669242,797.50
4142,237815700,610.50
4143,375419090,1111.90
4144,310918442,1148.60
4145,335183149,1509.00
4146,531084861,5000.00
4147,2252611118227,31.50
4148,393088888,724.40
4149,81492416863,381.30
4150,204572894,1030.90
4151,46688802258,81.00
4152,553773363397,29.00
4153,2274799604,117.10
4154,549469623,520.00
4155,204683780,931.30
4156,336365666,1771.80
4157,400831464614,292.70
4158,8191541907,145.30
4159,10584561939,178.20
4160,236576713,579.10
4161,408914798,496.40
4162,188778974,796.00
4163,429337768,764.40
4164,247951185,884.20
4165,406779321,1310.90
4166,10109755929,151.80
4167,216521298748,310.70
4168,1488927512157,47.10
4169,35103946337,97.10
4170,291553972,526.90
4171,506999063,925.70
4172,2804540699159,11.40
4173,598629700,3310.60
4174,347606747,1420.90
4175,531084861,5000.00
4176,393080503767,293.70
4177,533670704,483.70
4178,103431868639,372.50
4179,364176660,1925.20
4180,523184149,3678.40
4181,95584867317,229.40
4182,200640638290,342.10
4183,489986192,668.60
4184,2422879979876,4.20
4185,198951553,1011.20
4186,1221908660,487.50
4187,158152182,928.50
4188,389388970,2074.20
4189,477028412,3812.30
4190,410328601,1015.80
4191,467792290,783.40
4192,233835636,529.90
4193,489245389,949.70
4194,459038635,586.20
4195,1708637712,471.30
4196,362989631,1106.50
4197,2083590160315,26.90
4198,8760468523,429.20
4199,153979830,1020.70
4200,386664134,1471.80
4201,14608388502,408.90
4202,154281720244,360.20
4203,414773048520,339.90
4204,386379271,502.50
4205,531084861,5000.00
4206,387908979,4497.50
4207,191853056,1255.00
4208,518454571,582.80
4209,59601151841,67.70
4210,17143815499,99.20
4211,382516343,1907.10
4212,19624894517,50.10
4213,307959661,1491.90
4214,243234531,622.40
4215,531084861,5000.00
4216,37026981509,92.60
4217,44197062652,86.50
4218,469042374,3918.80
4219,556030750,3881.00
4220,329853642,1182.10
4221,215778601,763.20
4222,247353745516,321.90
4223,111197855545,228.30
4224,338736773,1041.80
4225,2004753279217,8.30
4226,14885366710,106.10
4227,83491577066,223.80
4228,442642613,948.80
4229,74454322882,214.80
4230,392353433,2358.20
4231,383478493,2635.80
4232,18199293811,67.30
4233,508471147,2668.30
4234,373641646,1820.10
4235,501823360,724.80
4236,3633630706,150.80
4237,450781179,730.80
4238,490724220,788.60
4239,365359304,1501.70
4240,3273547652,135.50
4241,165124024312,289.40
4242,10520948631,156.90
4243,251091626138,358.40
4244,300866372,1495.80
4245,143142415208,381.90
4246,256828391,805.10
4247,380742441,1789.10
4248,259837691,631.00
4249,74554608381,251.20
4250,485730426826,330.30
4251,518831244,2211.60
4252,514387949,2318.40
4253,1955548633,141.50
4254,161083240,1189.50
4255,396724300,1621.50
4256,461142951,875.80
4257,47879905932,221.00
4258,427853265,671.80
4259,369503764,1134.00
4260,659171289,505.70
4261,63591565655,385.70
4262,3675420459,113.70
4263,356482962,1122.30
4264,400270291,1254.10
4265,394564064,4741.70
4266,227160866,513.90
4267,531084861,5000.00
4268,16409516834,212.70
4269,75501874216,236.00
4270,351156997,1364.50
4271,256485220,637.30
4272,8819508731,152.00
4273,199133325,980.40
4274,498336933,3497.00
4275,365955158,1483.90
4276,372462966,1642.80
4277,398265544,2701.10
4278,10267375337,436.50
4279,161380008,1651.00
4280,399745061,909.50
4281,473487566,3343.20
4282,400862688,1727.80
4283,14503529557,186.60
4284,416251054,1682.90
4285,315065643,1553.50
4286,52680022710,386.30
4287,300863758,1377.10
4288,113446656,638.30
4289,40455633675,55.30
4290,29760131332,208.10
4291,474876465,561.00
4292,119720708986,262.70
4293,56321874736,407.00
4294,499605274,827.50
4295,464095923,988.00
4296,490720478,2364.00
4297,389619541,1785.90
4298,378293663,726.70
4299,475138164,577.30
4300,5626439729,445.30
4301,422674355,852.90
4302,418973508,870.90
4303,485164697886,313.70
4304,359444610,1908.10
4305,443384849,790.60
4306,445622310351,319.90
4307,531084861,5000.00
4308,16975014099,176.00
4309,48409761430,221.40
4310,235249012422,331.20
4311,362989757,1563.10
4312,15323596117,416.50
4313,409358461,705.40
4314,393834215,2157.70
4315,2808747807,118.60
4316,375417614,1099.00
4317,4311502429,114.50
4318,333999662,1270.50
4319,531084861,5000.00
4320,63591565655,385.70
4321,435247191,908.30
4322,206159607,753.80
4323,518828977,2051.80
4324,4208456747,102.20
4325,1628070866,475.20
4326,176354567466,337.70
4327,377552256,939.80
4328,7638290190,128.20
4329,564178247,539.40
4330,361217331,1088.70
4331,492205002,2951.40
4332,495901527,2322.90
4333,8760468523,429.20
4334,1249471694010,44.40
4335,184820736888,253.40
4336,7227553086,125.00
4337,105022603024,248.50
4338,478999519,543.40
4339,256273466,613.60
4340,391614946,712.70
4341,376599962,1413.30
4342,6494443524,144.50
4343,956293318,469.60
4344,1375682062337,22.90
4345,22712826393,62.30
4346,427849870,2319.70
4347,210318309855,293.20
4348,447820237,950.50
4349,380151393,1006.70
4350,388647525,4086.30
4351,170847334,1066.40
4352,320385873,1174.10
4353,112412154916,390.60
4354,599514691,3118.30
4355,18453228497,411.60
4356,9177792017,119.20
4357,508476840,961.70
4358,333405283,1361.50
4359,156919269,811.60
4360,363849388245,283.10
4361,382003155,665.80
4362,393093139,2598.90
4363,1061132039451,27.90
4364,309737822,1390.00
4365,116386805769,385.00
4366,11865233444,186.40
4367,397316402,1462.00
4368,203094284,1310.30
4369,180311349,1173.60
4370,202504354,1169.40
4371,559575960,3177.20
4372,47878744070,63.00
4373,12317881997,158.20
4374,509950892,704.20
4375,531084861,5000.00
4376,282250425815,279.20
4377,206898917,922.40
4378,38365901996,53.40
4379,335183402,1119.40
4380,484071244,923.60
4381,151245732,752.80
4382,325718332,1593.30
4383,495164299,2455.30
4384,412697937,1768.60
4385,9799273143,435.50
4386,393687038029,307.80
4387,146964502,595.20
4388,7102322220,148.60
4389,338140833,1688.70
4390,397904582,1407.10
4391,186561860,2099.50
4392,671860225,515.30
4393,531084861,5000.00
4394,11603268711,49.20
4395,211338732,943.50
4396,401227635,2852.70
4397,385689915,837.20
4398,12840546195,50.90
4399,44221702235,90.10
4400,8104573336,103.90
4401,401225579,997.40
4402,408221227,579.30
4403,391614465,862.60
4404,455220931,2225.30
4405,50134235624,369.70
4406,501815009,776.80
4407,217995583,934.90
4408,403824884,1152.40
4409,1939717641462,38.70
4410,514314549,589.20
4411,103641490,1289.30
4412,2454093103,468.60
4413,475930476,4059.60
4414,117471795734,382.50
4415,107190686,1313.50
4416,400491250,2744.50
4417,201723033,813.00
4418,348762535151,353.20
4419,387843489,1601.20
4420,375918184360,313.00
4421,430807006,2434.90
4422,381897158,584.90
4423,361922455999,40.90
4424,332818537,1506.10
4425,32756539082,399.80
4426,69931531250,248.90
4427,44342563596,396.60
4428,447828512,2594.80
4429,372376742,750.70
4430,3138579382713,8.90
4431,21454508756,64.60
4432,14648287926,431.00
4433,612111055,520.80
4434,428591579,935.90
4435,319794783,1437.10
4436,113446656,638.30
4437,448566004,2441.80
4438,2859859286989,21.00
4439,389033132,1511.90
4440,490721822,674.00
4441,333408109,1024.60
4442,504778470,4703.40
4443,228720318,733.70
4444,487767717,2540.00
4445,359440014,1799.10
4446,196174371,887.50
4447,462621836,764.90
4448,273724687466,275.30
4449,368907572,1277.80
4450,310331780,1340.80
4451,461875537,716.30
4452,6778258704,433.50
4453,19260725824,195.30
4454,166286186,816.30
4455,339911995,1288.30
4456,530287601,3185.80
4457,171437601,1777.90
4458,180906530,1168.50
4459,135547787632,321.20
4460,401221415,959.90
4461,265141649,3707.20
4462,202504354,1169.40
4463,1031516322,488.00
4464,28068200342,96.90
4465,574663932,3060.60
4466,194975862556,297.20
4467,376600679,1453.80
4468,389028367,1421.30
4469,2883949448,133.70
4470,400271430,1555.70
4471,7693515342,127.30
4472,228846832,617.40
4473,218472244379,248.80
4474,79466612211,399.00
4475,2184724129470,19.00
4476,1920025198006,6.80
4477,508479212,818.60
4478,505514855,2409.30
4479,472236006,885.60
4480,531084861,5000.00
4481,18863492393,175.80
4482,4241478827,122.20
4483,16963771757,64.00
4484,484064339,2161.60
4485,54667722860,65.90
4486,320386969,1691.20
4487,12348580210,190.10
4488,442645829,2103.90
4489,6417146962,184.60
4490,285003255276,263.10
4491,17518010323,91.50
4492,413288816,1205.00
4493,6742806934,130.70
4494,23546702773,400.60
4495,18791613997,89.60
4496,25142931230,185.10
4497,479677269,572.70
4498,505519757,4791.30
4499,4021503681681,45.60
4500,421653254,545.80
4501,96880565241,252.60
4502,531084861,5000.00
4503,336364949,1172.50
4504,468806185,616.80
4505,23927917375,409.80
4506,388654009,968.20
4507,24848085078,56.70
4508,407140852,2012.00
4509,489244598,2729.80
4510,473105269,626.50
4511,489249078,971.80
4512,17104362077,429.40
4513,479631165,798.30
4514,257194185,856.40
4515,550703477,3782.10
4516,336955786,1435.00
4517,206054477,1204.30
4518,304414977,1457.70
4519,302506508,528.10
4520,533670704,483.70
4521,467054798,897.20
4522,208613156708,324.20
4523,113069430139,266.30
4524,7055643641,120.00
4525,251740983126,261.30
4526,196626043567,305.90
4527,1578915838,463.20
4528,803616265,505.40
4529,401229743,977.50
4530,313284783,1814.30
4531,531084861,5000.00
4532,396316570422,339.60
4533,18296452561,57.00
4534,490349693,3074.70
4535,1514015427427,36.10
4536,190075464,1074.70
4537,597746671,3086.70
4538,7513632101,143.30
4539,501579564,609.30
4540,474914137076,316.70
4541,524958494,3172.40
4542,250908426,680.90
4543,40609996703,80.00
4544,224651985,2039.70
4545,198951553,1011.20
4546,565795877,3060.50
4547,303822159,1146.10
4548,185718647386,348.80
4549,2847079236621,21.70
4550,6344888097,127.60
4551,460400656,663.50
4552,498862353,928.60
4553,8250853761,144.40
4554,442649993,2087.00
4555,182090059,1142.60
4556,439930550,617.50
4557,52938814625,61.60
4558,22026003426,184.00
4559,246839597,887.00
4560,367134681,1423.60
4561,326923812736,271.10
4562,1425117817,462.80
4563,538653724,525.00
4564,375295125765,293.60
4565,418115075,493.90
4566,395310147,4038.80
4567,362397403,1204.60
4568,172030146,1126.80
4569,44063659243,85.80
4570,67670747900,214.30
4571,260155064,826.20
4572,509875393,3045.80
4573,396789611,2289.60
4574,585463547,514.40
4575,455966260,674.30
4576,50894357948,211.60
4577,499227553,3021.70
4578,14816345406,188.30
4579,473443612,584.60
4580,487852218,569.40
4581,182569955145,312.80
4582,79297601647,246.10
4583,346422838,1549.10
4584,411583612,688.20
4585,5850333383,112.40
4586,681883163,504.70
4587,127885264755,235.20
4588,520530986,583.50
4589,501819180,682.10
4590,505517807,816.10
4591,133573363763,359.10
4592,3789625691,146.80
4593,326900976,1110.70
4594,216903875,642.80
4595,92817700878,266.70
4596,454336199,574.50
4597,531084861,5000.00
4598,445607761,2558.30
4599,8933278631,190.90
4600,646239883,514.90
4601,341689059,1350.80
4602,476682941,662.40
4603,109883769972,225.80
4604,6601597064,161.60
4605,9308317165,179.20
4606,60644684137,399.70
4607,2588088054,452.50
4608,231788930,532.30
4609,392580515,1614.70
4610,729697657461,46.90
4611,107202571532,270.10
4612,491307141181,316.00
4613,222811225,654.00
4614,434509330,2751.30
4615,348793017,1678.10
4616,3147498948500,35.50
4617,487761479,685.70
4618,379779491,2198.50
4619,395311992,2025.30
4620,357667714,1579.80
4621,209166225708,257.00
4622,532577942,524.10
4623,467793484,699.70
4624,361922455999,40.90
4625,304415399,1203.30
4626,3595628238,130.10
4627,1249471694010,44.40
4628,531084861,5000.00
4629,421931803,2999.10
4630,583013563,509.50
4631,339917223,1738.80
4632,12050221035,85.00
4633,379557267,1144.60
4634,373861055,917.40
4635,574671523,3148.50
4636,574669056,3306.20
4637,448561945,4450.10
4638,263039748,517.30
4639,369504818,1060.60
4640,61634422735,269.50
4641,220953616,742.10
4642,1258641049,487.90
4643,3425250135,444.80
4644,369505788,1421.40
4645,390209577,1491.40
4646,349382884,1819.80
4647,13445232185,109.50
4648,4772680085745,16.60
4649,518273112,623.10
4650,180311349,1173.60
4651,344651466,1556.90
4652,27011618481,193.30
4653,13221000273,166.70
4654,335182475,1229.70
4655,619932971,3729.50
4656,367132236,1209.30
4657,458384689200,325.10
4658,397528526,889.50
4659,433772418,835.30
4660,531084861,5000.00
4661,306778367,1138.60
4662,238644244933,367.60
4663,369500264,1160.50
4664,514390269,822.70
4665,431551053,667.20
4666,151411809704,308.00
4667,343130271182,289.10
4668,5515586689,158.40
4669,378971575,1484.80
4670,3958058846,434.40
4671,231728771026,360.90
4672,4130981684,106.50
4673,503294684,2010.50
4674,145296924588,244.90
4675,404413107,1582.30
4676,468534995,716.90
4677,429333498,971.10
4678,449305763,2302.10
4679,121787840,1239.00
4680,402703620,2615.60
4681,1068848342,485.20
4682,374235350,1364.30
4683,8738296614,419.80
4684,2261601776,135.90
4685,475929896,2130.90
4686,518836074,703.40
4687,511651129,3886.40
4688,239707564090,333.20
4689,46264392087,71.30
4690,14255729866,170.00
4691,40359886314,52.60
4692,439688798,773.70
4693,15323596117,416.50
4694,603960009,3067.30
4695,107202571532,270.10
4696,208880065,615.90
4697,380744338,1364.10
4698,113193311413,342.90
4699,11167588374,188.00
4700,5085521490,449.70
4701,316249889,1723.00
4702,5027568298,154.50
4703,463361488,963.70
4704,44306855437,70.40
4705,514313374,3500.70
4706,399085919,1678.60
4707,2578991618,465.20
4708,435092007,576.30
4709,387842097,1683.00
4710,77358728955,218.70
4711,420461253,736.30
4712,464505265496,335.10
4713,399008465,2979.10
4714,11053739908,202.00
4715,416250506,1104.10
4716,416755950,678.20
4717,46557906097,84.10
4718,490729122,786.00
4719,207236699,1260.40
4720,43472625620,221.20
4721,71986798559,244.00
4722,89897460612,223.90
4723,15856574854,416.40
4724,531084861,5000.00
4725,302506508,528.10
4726,508241434,576.50
4727,139539431185,262.10
4728,44172945825,75.50
4729,374827831,1389.30
4730,433031711,888.10
4731,18494709853,210.50
4732,548044269,3729.20
4733,594192731,3828.90
4734,418977039,806.80
4735,142958190222,383.90
4736,1319821256253,41.80
4737,4307333530574,10.00
4738,5517125250,113.50
4739,384884835,1395.70
4740,15010500050,417.20
4741,4103847038,163.10
4742,307369246,1460.00
4743,470169597,570.30
4744,623482862,3135.00
4745,446346834,2907.80
4746,164928971,1407.90
4747,26020248559,192.60
4748,518831086,787.10
4749,5530724571,110.30
4750,173896599548,286.60
4751,440424972,2118.60
4752,380152574,1388.90
4753,168269412,644.70
4754,309145552,1601.00
4755,449521229,3447.10
4756,417760967097,328.00
4757,247701167,619.00
4758,348787746,1072.90
4759,518881475,638.80
4760,459656002,941.00
4761,163015120706,380.40
4762,542335953,492.20
4763,531084861,5000.00
4764,31499492367,91.00
4765,331043454,1142.70
4766,327488734,1133.50
4767,533842869,3185.00
4768,30756830544,196.40
4769,306782289,1683.20
4770,428594214,881.90
4771,531084861,5000.00
4772,495906908,742.70
4773,498861984,2264.10
4774,1049067991868,38.10
4775,513654833,802.20
4776,531084861,5000.00
4777,397901504,1503.60
4778,531084861,5000.00
4779,2485843806623,28.80
4780,102162906862,230.30
4781,21963740286,60.50
4782,498121330,2411.40
4783,1263370894469,37.40
4784,134728858,688.60
4785,259784315,962.20
4786,201350993,888.00
4787,319203314,1091.00
4788,403447331,2417.90
4789,382736679,2612.70
4790,3970471149,151.90
4791,541696099,548.70
4792,30934792301,197.60
4793,531084861,5000.00
4794,3574431743689,33.80
4795,7852904610,117.70
4796,610888768781,30.30
4797,178809545581,241.90
4798,138178301,786.40
4799,336960762,1229.20
4800,50923292423,75.60
4801,200727310,1888.70
4802,397522623,895.50
4803,180018693,1695.70
4804,498712362,573.80
4805,112778693837,353.00
4806,531084861,5000.00
4807,359439381,1996.50
4808,531084861,5000.00
4809,11726765615,419.90
4810,413286792,1741.40
4811,451751642,578.20
4812,392578406,1422.50
4813,486288727,2681.50
4814,131029129,707.30
4815,170845225,1228.50
4816,16963771757,64.00
4817,448589361830,326.10
4818,220479099,539.00
4819,330116705294,350.30
4820,474204849253,28.00
4821,2117283572,156.50
4822,497382362,2012.20
4823,244164641690,316.30
4824,175907834867,289.80
4825,376816609,4189.00
4826,353526037,1304.40
4827,493894840,3593.30
4828,531084861,5000.00
4829,854770698,497.40
4830,334591638,1026.10
4831,464958761750,308.20
4832,475256534,3090.50
4833,187707731,1549.20
4834,196546147,788.80
4835,403443642,2264.50
4836,74107973275,245.30
4837,52693729723,79.30
4838,2576983729282,34.60
4839,192846459,934.10
4840,12726599603,184.20
4841,124482368000,283.90
4842,329263648,1097.90
4843,488865336,613.50
4844,297905146,1022.70
4845,349977010,1877.90
4846,413880369,1278.30
4847,47644941701,83.60
4848,47527154536,224.90
4849,531084861,5000.00
4850,170550587,1297.30
4851,16440824595,61.70
4852,5902010016,105.00
4853,308558088,1592.30
4854,387911509,773.20
4855,405600136,1118.90
4856,531084861,5000.00
4857,397907281,1125.70
4858,405006431,1315.30
4859,384492100,613.90
4860,606622507,3621.30
4861,325124417,1385.10
4862,250877600420,272.80
4863,91114650316,392.20
4864,26318464614,56.60
4865,331628640,1214.30
4866,131029129,707.30
4867,390874556,660.60
4868,426372620,2307.00
4869,8647058310,174.20
4870,531084861,5000.00
4871,381573732955,323.60
4872,312698500,1626.50
4873,411576925,951.20
4874,531084861,5000.00
4875,224281262,880.20
4876,200980876,2804.90
4877,476752679,582.90
4878,343463931,1552.80
4879,213184887,989.00
4880,48461980185,409.60
4881,247212065,699.10
4882,379032880,861.60
4883,19286306403,178.80
4884,111337158748,256.30
4885,212660671235,329.30
4886,212448645,683.70
4887,43808139278,60.40
4888,808232297,499.20
4889,164632499,1004.00
4890,31316964564,217.50
4891,336366425,1103.40
4892,6300768977,137.20
4893,366546923,1264.60
4894,169069932,1076.00
4895,479634170,2106.10
4896,441172532,2655.20
4897,410330668,1604.80
4898,53328755150,77.20
4899,356484227,1591.00
4900,30938611318,215.20
4901,227978664,682.90
4902,375339781,2783.90
4903,266545772,531.40
4904,297904555,1098.00
4905,428595954,4477.20
4906,177352632,1455.60
4907,373049459,1322.40
4908,367728344,1595.60
4909,508475575,781.20
4910,381251628,2261.40
4911,6750666636,126.70
4912,243889654,532.90
4913,343469244,1592.80
4914,202462475,920.20
4915,531084861,5000.00
4916,10209470869,176.70
4917,142234708635,277.80
4918,168258664,816.80
4919,409742277,1932.90
4920,204690689,646.80
4921,252018301,929.80
4922,444122341,774.20
4923,416015475,870.50
4924,433027283,2325.40
4925,3780192868,123.60
4926,35830766553,395.20
4927,64699019683,385.90
4928,18847004661,428.70
4929,479634778,665.60
4930,229831915,666.30
4931,274791221,534.20
4932,143499942495,240.70
4933,132832059,1607.90
4934,516000447,536.60
4935,36845549289,412.40
4936,288222554,3332.10
4937,249059874,879.30
4938,531084861,5000.00
4939,328674119,1451.00
4940,451372574,564.40
4941,59932417748,231.50
4942,432295536,816.60
4943,531084861,5000.00
4944,467504919,573.20
4945,250805190,567.50
4946,48801551800,66.60
4947,382640660942,286.30
4948,189520446,810.70
4949,397522834,868.80
4950,243515191,2019.80
4951,30299801093,94.10
4952,22980057867,88.10
4953,334001096,1808.70
4954,139539431185,262.10
4955,28035032802,208.60
4956,399678990,1774.80
4957,263039748,517.30
4958,424156666,2023.80
4959,134439592552,356.40
4960,252021596,2532.60
4961,4831379218956,12.10
4962,459654684,960.40
4963,446349523,787.50
4964,198952755,1108.60
4965,462620939,2570.80
4966,4584497156,156.10
4967,253932741111,269.90
4968,397526154,2633.40
4969,8690054259,148.10
4970,33059663386,413.30
4971,30891353086,403.90
4972,490724853,935.20
4973,400864712,1070.40
4974,378382172,1113.40
4975,341099234,1767.50
4976,246099285,794.20
4977,309740901,1076.40
4978,302043871,1886.40
4979,204870253,1359.90
4980,589751841,3621.50
4981,302635087,1091.60
4982,397309233,1459.30
4983,362403390,1478.50
4984,51571522611,58.50
4985,450040882,2269.90
4986,22330784264,396.00
4987,513655572,751.20
4988,430068724,2463.40
4989,2138743789275,14.00
4990,7851885717,131.20
4991,245730409,701.70
4992,422679643,664.50
4993,185718647386,348.80
4994,509960363,2671.00
4995,50978629770,207.50
4996,509210906,929.90
4997,446223463682,333.90
4998,385303207,610.60
4999,449252348428,322.50
5000,2055736680,143.00
5001,380155989,1206.20
5002,7811464448,149.20
5003,373114549,2892.50
5004,306185717,1282.10
5005,402705728,943.90
5006,53328126403,242.10
5007,24412190334,400.10
5008,373862109,2701.90
5009,417497101,2456.10
5010,531084861,5000.00
5011,523344279,584.30
5012,63323719571,212.50
5013,862068507,500.80
5014,234322119030,317.20
5015,176170895,1012.20
5016,49831003898,406.20
5017,36923452328,398.30
5018,11253027505,164.70
5019,35451102586,395.80
5020,245412214395,258.10
5021,165520799,1654.10
5022,461139946,793.10
5023,1273761043017,23.40
5024,10746552236,420.70
5025,532065361,3573.70
5026,399088491,1187.80
5027,502776305,3148.70
5028,984464334,458.60
5029,8331565985,149.80
5030,398494660,1994.00
5031,7704824958,136.30
5032,333407434,1742.30
5033,430812488,881.30
5034,186207545,641.90
5035,14983612010,61.30
5036,58511226030,71.80
5037,348793439,1052.70
5038,176465576,1788.20
5039,152502675,1023.90
5040,493007889,3272.30
5041,531084861,5000.00
5042,62105139665,255.20
5043,237316566,622.10
5044,491460394,2519.80
5045,417495888,2867.30
5046,313285331,1106.20
5047,427348661,553.50
5048,324534822472,288.50
5049,486285881,4012.80
5050,590648849,3458.40
5051,207734801692,311.10
5052,573784065,3215.00
5053,146964502,595.20
5054,405007022,1139.00
5055,126105322,645.40
5056,948034945217,31.20
5057,405596762,1155.80
5058,14297853883,165.40
5059,485544594,826.90
5060,343464311,1228.30
5061,325717868,1193.10
5062,372463641,1740.10
5063,46160538623,204.70
5064,393764676,1135.70
5065,332812718,1185.40
5066,453738462,2446.10
5067,531084861,5000.00
5068,224281342,752.30
5069,2197419875907,16.80
5070,194085735,573.10
5071,99696070,1331.50
5072,519578446,669.80
5073,531084861,5000.00
5074,379562243,1427.70
5075,368315807,1717.30
5076,190964144,1123.80
5077,299682488084,359.60
5078,92817700878,266.70
5079,5917541553,48.40
5080,485541536,2381.00
5081,244164641690,316.30
5082,4500268868,117.20
5083,18973724177,51.90
5084,168466415239,249.60
5085,373049459,1721.50
5086,212076250,870.10
5087,67168797685,378.20
5088,8781819788,154.40
5089,624370509,3757.40
5090,452267115,2193.60
5091,409358917,747.90
5092,526734547,3238.70
5093,166113681,1177.30
5094,42767743054,79.10
5095,396052513,685.60
5096,405599461,1117.90
5097,501081786,2723.00
5098,117869314825,382.20
5099,42480531276,222.60
5100,1275848084545,25.10
5101,13965294105,205.00
5102,257762812,554.50
5103,392576298,1129.10
5104,361220157,1567.20
5105,386661098,1579.60
5106,1112483274692,36.20
5107,462830618,3510.30
5108,167590288,1882.50
5109,23894165590,410.10
5110,386430306,979.30
5111,463360487,865.10
5112,129084090,1001.40
5113,421195787,2072.50
5114,76725246678,251.30
5115,484062020,2777.10
5116,429331548,837.60
5117,408401987,586.80
5118,313881692,1051.60
5119,357305041545,300.20
5120,531084861,5000.00
5121,433768728,2172.10
5122,187707731,1549.20
5123,331041430,1111.60
5124,377191347,1512.60
5125,201724799,841.30
5126,477248380,523.90
5127,315653781,1048.90
5128,381339561,1492.90
5129,482597112,659.20
5130,355889806,1665.00
5131,3168671751487,25.00
5132,378293596,792.80
5133,250168947,691.60
5134,2236584339416,35.20
5135,227160866,513.90
5136,500996711,3096.80
5137,150728035,1232.20
5138,105525440348,368.70
5139,386665610,1905.50
5140,451527199,906.70
5141,470641823,605.30
5142,492943601,2009.10
5143,301458010,1361.20
5144,22152141107,199.50
5145,393829260,2154.60
5146,19810856773,198.20
5147,156919269,811.60
5148,473708838,701.00
5149,385691233,776.30
5150,531084861,5000.00
5151,474367812,3566.20
5152,48575179674,226.00
5153,15605915134,92.40
5154,2829572027,463.80
5155,376821775,955.10
5156,265443978975,364.40
5157,234999515,577.00
5158,146964502,595.20
5159,206483183897,250.80
5160,467169578116,322.80
5161,185637778,1142.50
5162,531084861,5000.00
5163,21868755359,178.30
5164,106368524401,229.60
5165,319204368,1116.30
5166,326306217,1056.70
5167,1356218221,483.80
5168,326310645,1110.40
5169,10923321525,112.80
5170,2183125291,444.30
5171,390802649,1050.00
5172,402641313,1238.60
5173,510697697,2694.70
5174,399006989,2501.20
5175,652648787,478.30
5176,437466887,2614.00
5177,358259731,1277.10
5178,241294706,694.10
5179,8816276093,147.00
5180,519631727,3929.70
5181,13239766515,163.00
5182,57352018499,59.40
5183,438213421,673.40
5184,140936307011,385.80
5185,460400188,774.40
5186,245359738,785.20
5187,43472625620,221.20
5188,1786477575988,28.60
5189,300862577,1150.40
5190,488576740,3437.10
5191,531084861,5000.00
5192,455992614,644.90
5193,302209040508,274.40
5194,160193991,1636.10
5195,206709138785,329.70
5196,498856450,4614.70
5197,2600849724,447.50
5198,25093663137,423.10
5199,233118234925,308.40
5200,307372577,1112.80
5201,457438255,2291.50
5202,482586825,997.90
5203,473478078,3401.80
5204,471994938,560.80
5205,383110553,1333.30
5206,461055134,3736.20
5207,345836682,1558.20
5208,352937941,1234.10
5209,368321542,1228.10
5210,338140327,1600.30
5211,387444833142,321.30
5212,487769983,2116.00
5213,200620849,648.80
5214,523618853756,24.40
5215,655041641744,19.30
5216,407273031,625.10
5217,307369077,1694.50
5218,531084861,5000.00
5219,372460605,1332.90
5220,56085474587,225.20
5221,124154504,1070.20
5222,486797461,3577.90
5223,7018936127,121.70
5224,709553953354,40.20
5225,402051067,1059.60
5226,72034826005,235.80
5227,225060876,555.30
5228,113698985,1260.20
5229,274801621681,267.00
5230,490347859,3014.00
5231,423420702,2149.60
5232,482267190,490.60
5233,326306217,1975.40
5234,42946335859,75.70
5235,397012467567,313.50
5236,85306699626,392.00
5237,376812392,2020.80
5238,231414842,571.70
5239,409740843,1719.30
5240,436727814,2260.40
5241,10705376042,111.90
5242,320983120,1239.20
5243,531084861,5000.00
5244,431151643241,341.90
5245,327769063678,277.20
5246,172326513,1130.60
5247,23546702773,400.60
5248,255347847,758.70
5249,304416074,1073.80
5250,531084861,5000.00
5251,481902906,637.10
5252,416251771,1573.80
5253,15310026009,68.50
5254,11850368912,158.10
5255,2463747377126,15.10
5256,302639895,1204.20
5257,442642613,4871.00
5258,328670788,1243.10
5259,415061537,1544.90
5260,192845986,743.90
5261,162855413,1437.50
5262,486290730,4929.00
5263,462791500,622.70
5264,8118604374,443.20
5265,391398841,1026.30
5266,389635155,583.00
5267,252018301,929.80
5268,3273547652,135.50
5269,416763878,2688.80
5270,511430076,967.40
5271,386071695,1661.30
5272,1548702591668,40.60
5273,377559425,810.30
5274,439685794,2245.20
5275,531084861,5000.00
5276,456704137,817.50
5277,233897014,903.40
5278,467056998,689.70
5279,492198420,736.50
5280,374595173,2029.00
5281,3116512815,103.80
5282,47459134757,210.10
5283,229092327,817.10
5284,24217872010,187.60
5285,14839226079,72.00
5286,360032664,1065.00
5287,457508279,3848.90
5288,14667434863,196.70
5289,502773902,3115.20
5290,472971337,4608.00
5291,467663986,574.90
5292,416250632,1378.40
5293,12902083810,164.50
5294,40593271766,234.50
5295,77570371605,222.30
5296,531084861,5000.00
5297,571114800,3510.70
5298,387908874,2574.40
5299,38704848184,50.40
5300,358257918,1302.20
5301,86935419798,221.90
5302,508472202,874.20
5303,337548942,1312.60
5304,466578548,585.60
5305,350483030372,339.70
5306,870221148,496.60
5307,501081312,2201.20
5308,576437898,3506.40
5309,25048069045,68.00
5310,127182378645,323.10
5311,519632803,3188.50
5312,380746826,1665.70
5313,531084861,5000.00
5314,50928249799,210.20
5315,383578886,627.10
5316,148043767,769.80
5317,254241609096,366.00
5318,191364834,939.30
5319,537394974,3362.10
5320,11482443985,186.20
5321,480372399,2617.70
5322,243515191,2019.80
5323,344061726,1507.00
5324,531084861,5000.00
5325,14739801232,106.00
5326,531084861,5000.00
5327,372458201,1329.10
5328,505515593,4354.40
5329,32204880723,190.70
5330,154697604707,275.80
5331,257938776,694.50
5332,19971881251,84.30
5333,449505649,581.40
5334,454883040056,338.30
5335,376600047,1464.60
5336,508018201,577.20
5337,224050669284,307.30
5338,166014871151,358.80
5339,14503529557,186.60
5340,81555932092,247.10
5341,150053070,626.80
5342,190387315573,283.40
5343,511430234,804.40
5344,496643816,2994.70
5345,469277558,737.60
5346,703519968,482.50
5347,135409732,516.50
5348,4416105683113,1.70
5349,467794029,2086.40
5350,61957623985,381.00
5351,389622788,1883.10
5352,501187209,630.20
5353,404925583,2252.70
5354,620821503,3631.00
5355,237596044,2134.70
5356,176465576,1788.20
5357,350569533,1136.10
5358,254236759,824.30
5359,19779765790,212.60
5360,531084861,5000.00
5361,470073255,601.90
5362,318617326,1577.30
5363,11715716184,158.50
5364,5737492616,449.60
5365,1017306804,494.20
5366,379781388,2286.60
5367,544490203,3591.10
5368,145330479,687.70
5369,32815964168,412.10
5370,414611958,632.40
5371,373055321,1306.20
5372,2320068393061,20.10
5373,162136295533,312.20
5374,306779168,1247.90
5375,605737580,3201.80
5376,47879905932,221.00
5377,309144919,1569.10
5378,372461279,1622.10
5379,151909856,1408.00
5380,306782795,1327.60
5381,424190214,641.60
5382,249765847444,327.90
5383,455957315,869.70
5384,507734657,2316.10
5385,106797090,1618.00
5386,226499460,707.60
5387,346428194,1175.00
5388,188778974,796.00
5389,475638826563,39.80
5390,620007967,488.30
5391,197594034176,288.10
5392,126224194,587.60
5393,391985503,1528.90
5394,409150976,1152.30
5395,365573617613,319.40
5396,205435286,566.80
5397,135721576,591.00
5398,376079223,2935.10
5399,27083970500,73.80
5400,468530309,2133.60
5401,522303523,3852.70
5402,342282721,1657.70
5403,3005533274094,31.00
5404,321570456,1709.30
5405,3335434543,461.00
5406,319203187,1943.50
5407,26883435505,186.30
5408,12285975563,51.70
5409,5906601173,128.80
5410,1943343463,144.90
5411,593602452727,36.00
5412,142352362134,266.40
5413,399684051,1613.00
5414,1955548633,141.50
5415,3887211495,444.00
5416,401457573,1342.90
5417,150954690040,239.90
5418,18773070619,84.00
5419,31002922596,194.70
5420,380156748,1742.20
5421,399650653,548.00
5422,399088912,1765.70
5423,8407822237,125.70
5424,424276522131,334.80
5425,399034533666,301.30
5426,105525440348,368.70
5427,374780518,588.30
5428,450040303,2680.60
5429,356484016,1858.20
5430,8512324035,175.20
5431,3862881310393,42.40
5432,493693399,663.40
5433,996729057626,22.60
5434,22498831495,421.50
5435,385477696,1041.50
5436,306777271,1872.10
5437,484812216,758.00
5438,183270488,1434.20
5439,379774381,741.10
5440,587094783,3645.30
5441,35763555220,197.10
5442,424363656,499.70
5443,133230673545,384.20
5444,9223019912,440.80
5445,357188733477,314.70
5446,202833356,925.80
5447,531084861,5000.00
5448,5400954242,172.10
5449,4642163586,454.80
5450,321576529,1774.20
5451,3067687382275,43.50
5452,2401243504,453.40
5453,24410013835,183.80
5454,390876130,761.00
5455,68345221374,240.60
5456,9210669764,147.40
5457,327491686,1968.50
5458,512174420,852.80
5459,418233591,4954.30
5460,373254449,622.50
5461,357670750,1997.00
5462,342279053,1458.10
5463,408398355,545.70
5464,376072898,2180.90
5465,9581729196,152.20
5466,385481955,1180.70
5467,157529827,1281.00
5468,1960305252,472.80
5469,240182410,684.60
5470,11244203983,433.30
5471,337991362178,344.50
5472,323346931,1843.30
5473,389028789,1300.60
5474,463359012,750.10
5475,411516516,1252.10
5476,419716060,2583.40
5477,592424206,3234.50
5478,99298086766,370.80
5479,128565483,826.60
5480,323343726,1027.40
5481,27843113620,192.50
5482,511670425,526.10
5483,531084861,5000.00
5484,11999797631,107.70
5485,220519592,554.40
5486,447086909,2620.00
5487,24992425633,82.60
5488,335180957,1366.00
5489,254978178,865.60
5490,4783251378,113.60
5491,652494860,519.70
5492,441905859,4070.00
5493,460395320,720.10
5494,216678330731,319.70
5495,491233418,3628.60
5496,387841844,1201.70
5497,36623568209,85.50
5498,138820007203,243.20
5499,504782687,2745.60
5500,3921596539,119.50
5501,463427837,633.10
5502,24567291313,77.80
5503,2160637152516,12.60
5504,361922455999,40.90
5505,431574736,648.20
5506,456701133,2042.00
5507,460395022,2756.60
5508,21583435818,179.30
5509,332818157,1339.50
5510,397525153,943.40
5511,22617497073,61.40
5512,15707587292,68.30
5513,432293639,921.40
5514,1546633801,124.60
5515,189526597,652.80
5516,16268948767,72.90
5517,319208711,1192.80
5518,199133325,980.40
5519,457440818,684.40
5520,611056882,3298.10
5521,229323913189,255.40
5522,374600655,2409.40
5523,177649948,1602.30
5524,338143490,1171.30
5525,13427242832,81.20
5526,531084861,5000.00
5527,171720485,546.00
5528,200249858,650.40
5529,509880326,3133.80
5530,531084861,5000.00
5531,361214464,1422.40
5532,127332851,789.10
5533,478885978,920.40
5534,493682358,2383.70
5535,399682153,1145.50
5536,48412732979,205.70
5537,38773235588,200.20
5538,372381801,4287.20
5539,255720510523,359.20
5540,338732598,1113.00
5541,8552432651,149.00
5542,176170895,1012.20
5543,147088074,628.70
5544,361216235,1758.90
5545,4258245281,144.80
5546,381997448,2971.00
5547,150053070,626.80
5548,244993733,2080.10
5549,384954110,4734.00
5550,333405832,1477.10
5551,413064981,2060.40
5552,352339809,1547.50
5553,509213225,953.80
5554,400273285,1210.90
5555,112195605775,256.10
5556,380517035,834.70
5557,218218514,561.70
5558,17887040826,100.20
5559,338731586,1077.40
5560,5413352647858,10.30
5561,531084861,5000.00
5562,390869805,2479.90
5563,485906146,3629.50
5564,159305753,1386.60
5565,33987599096,88.00
5566,23920224988,55.00
5567,18310709233,73.30
5568,313291952,1891.80
5569,370682823,1132.60
5570,293438288,529.30
5571,512534981,3769.60
5572,559345810,516.00
5573,404415215,1773.90
5574,106398511403,348.90
5575,153955153620,317.90
5576,218437176,538.30
5577,208377775,773.10
5578,150791788918,245.60
5579,422413817472,301.00
5580,363974201012,325.70
5581,484136228,3662.00
5582,328084927,1644.30
5583,531084861,5000.00
5584,468539059,2338.10
5585,345243990,1562.00
5586,213798751818,330.10
5587,8104573336,103.90
5588,244255187,2146.40
5589,396788715,4932.60
5590,317428990,1506.80
5591,261390301822,262.20
5592,26128232936,81.40
5593,146166973,589.60
5594,56202418604,387.10
5595,572009151,3153.60
5596,5099463472,453.60
5597,432403640,627.40
5598,58105699062,63.60
5599,336366088,1722.40
5600,7779486690,127.80
5601,367726488,1701.10
5602,509211855,770.30
5603,516613813,984.70
5604,501820703,751.50
5605,220479099,539.00
5606,236115842,971.40
5607,495205559,642.10
5608,392580641,1777.00
5609,452186826,3211.20
5610,387176969,4334.40
5611,381927235,1498.90
5612,410842174,855.10
5613,195804992,842.40
5614,575638838,525.80
5615,7487036638,132.10
5616,531084861,5000.00
5617,469270858,825.00
5618,197176576,1399.60
5619,142762730433,282.50
5620,464839476,858.30
5621,8765655165,100.90
5622,447825561,2633.00
5623,400863110,1415.50
5624,395307936,742.50
5625,93700674,569.00
5626,489984567,2905.10
5627,309734449,1067.50
5628,392582370,1924.00
5629,414572464,642.70
5630,2650558033122,27.80
5631,359446845,1675.70
5632,36558783933,241.00
5633,327491560,1897.20
5634,10103566736,437.60
5635,256457089,793.90
5636,531084861,5000.00
5637,38043055526,395.10
5638,500340710,2152.20
5639,799945647336,39.50
5640,198395807,898.60
5641,413795831,2141.30
5642,237316566,622.10
5643,531084861,5000.00
5644,517860482,3813.10
5645,459664014,4448.20
5646,9907878859,116.60
5647,206898917,922.40
5648,482973883589,328.60
5649,56585878737,206.70
5650,1259716532660,34.20
5651,373121191,2622.00
5652,413289996,1017.30
5653,442648095,2324.70
5654,345241122,1428.50
5655,430747492,553.20
5656,1793508206379,9.50
5657,472973287,4154.90
5658,425785670,567.10
5659,408554446,1218.90
5660,36845466684,409.20
5661,520305068,2266.60
5662,333997680,1005.70
5663,385126453,576.00
5664,508477837,671.90
5665,531084861,5000.00
5666,424069872799,331.60
5667,444808813,564.00
5668,398271026,919.50
5669,6903710196,169.10
5670,408623215,2104.70
5671,531084861,5000.00
5672,106422713594,328.50
5673,178122745195,314.10
5674,607964560918,47.70
5675,3137719119,134.30
5676,404921366,829.50
5677,391614149,2482.40
5678,403442535,4489.20
5679,235745330,2182.80
5680,338730279,1742.00
5681,1482423854,483.00
5682,347610500,1061.80
5683,444130406,947.10
5684,2081736524888,2.40
5685,485551341,2706.00
5686,56356166657,74.50
5687,4362208484,442.60
5688,595543421,514.30
5689,568448760,3284.70
5690,304416032,1249.10
5691,496641286,4021.50
5692,438175096,533.70
5693,521065261,604.20
5694,402702555,673.90
5695,11974180555,166.20
5696,381334037,1391.30
5697,4488312658,454.30
5698,406188485,1133.60
5699,531084861,5000.00
5700,4988017657,103.50
5701,86265811778,396.90
5702,435268498,575.70
5703,394354459,1927.10
5704,442648820,698.90
5705,410925932,1918.00
5706,367726868,1397.90
5707,241858919124,315.70
5708,27098215351,205.10
5709,502767830,3387.60
5710,316246726,1818.40
5711,3425250135,444.80
5712,542335953,492.20
5713,348198174,1850.00
5714,362464060171,354.30
5715,410837009,4569.50
5716,49497615084,408.70
5717,200613474,988.60
5718,579781658,483.20
5719,531084861,5000.00
5720,394936524479,345.30
5721,424159934,2721.30
5722,44641488261,74.70
5723,478814965,3234.10
5724,98438450348,288.30
5725,259784315,962.20
5726,614607849,3001.30
5727,472236111,2269.50
5728,438212634,691.20
5729,6344308617,132.40
5730,405596298,1726.20
5731,400488192,820.80
5732,6506547495,174.00
5733,307784052737,275.50
5734,208880065,615.90
5735,318009521984,271.90
5736,398498919,1565.40
5737,442645618,963.40
5738,102326862988,348.70
5739,334001855,1442.60
5740,12840546195,50.90
5741,178537974,1160.70
5742,375340413,2901.50
5743,505522076,913.50
5744,6556865949,108.80
5745,34558195094,413.90
5746,384949155,2028.10
5747,495897100,4041.10
5748,299682042,1444.30
5749,373053339,1385.30
5750,52164680317,64.90
5751,9286443519,157.30
5752,531084861,5000.00
5753,1153364880535,32.10
5754,60389453977,212.80
5755,480387176,655.20
5756,191364834,939.30
5757,453961803,3643.50
5758,196736204960,315.50
5759,17622312306,199.80
5760,404411715,1134.20
5761,19184660389,173.90
5762,510694877,690.90
5763,45139742868,57.60
5764,4815330932,152.90
5765,504772355,935.40
5766,329268582,1200.10
5767,402704779,909.40
5768,58395108167,210.30
5769,376078274,878.40
5770,345831959,1642.10
5771,503298795,784.00
5772,376819561,902.00
5773,490490018002,327.10
5774,475186184,4797.60
5775,370686281,1475.40
5776,295364255,530.70
5777,490728911,994.50
5778,329859883,1078.50
5779,386070388,1019.60
5780,403227385,1291.00
5781,531084861,5000.00
5782,3065098148,458.90
5783,416766480,664.10
5784,199789292276,247.60
5785,9582805314,435.30
5786,379797386,649.00
5787,51468588589,54.70
5788,505519862,4525.20
5789,467051425,4572.60
5790,145330479,687.70
5791,11053739908,202.00
5792,51571462654,83.40
5793,413407510062,306.20
5794,22150179683,182.30
5795,217623121,2211.80
5796,149247337,1294.10
5797,531084861,5000.00
5798,482354167,3342.30
5799,12139462425,50.20
5800,437474430,737.80
5801,7998276955,148.70
5802,30938611318,215.20
5803,482587932,806.70
5804,110100996210,273.70
5805,486288649,668.70
5806,226505343,656.20
5807,402704832,4217.30
5808,404923527,2785.50
5809,192478030,802.70
5810,394356567,1788.60
5811,489292785,638.70
5812,487021001,2970.10
5813,25433108365,67.90
5814,409736289,1107.30
5815,437471210,4086.40
5816,315656606,1114.10
5817,31037905238,98.90
5818,221031810190,370.70
5819,2165995930251,21.20
5820,497377249,997.70
5821,90421391726,393.80
5822,19810856773,198.20
5823,1683340737312,18.20
5824,335774155,1795.00
5825,501815303,686.70
5826,404414034,1051.30
5827,339322254,1338.70
5828,364175690,1529.40
5829,504827294,639.40
5830,136206428,677.30
5831,494423325,697.70
5832,455298387,631.90
5833,451523983,2432.10
5834,156919269,811.60
5835,400492841,676.80
5836,654652856,484.60
5837,365359852,1897.30
5838,184394928603,333.30
5839,8108598957,175.90
5840,219193269072,362.90
5841,531084861,5000.00
5842,23091149698,75.40
5843,5194529869825,17.20
5844,397904329,1398.00
5845,783339118,497.80
5846,531084861,5000.00
5847,189700411452,290.70
5848,486287620,886.20
5849,12104012278,421.60
5850,416252108,1917.20
5851,185047975,1108.10
5852,349384992,1190.30
5853,704487285745,24.10
5854,18494709853,210.50
5855,195699188,1229.80
5856,9894471947,177.30
5857,413802315,2010.20
5858,207734801692,311.10
5859,215045578371,331.40
5860,45588975728,65.00
5861,472971167,705.30
5862,299680861,1680.30
5863,302636310,1249.20
5864,153094798,1128.10
5865,7205853309,136.00
5866,495276234216,328.90
5867,187301566,784.90
5868,383701432,1945.80
5869,329267950,1357.60
5870,347015994,1293.70
5871,1702453287,473.40
5872,390132394,709.40
5873,132015343,721.60
5874,416247048,1133.10
5875,408914798,496.40
5876,379561779,1282.00
5877,58340826747,248.30
5878,496637649,825.70
5879,335777149,1659.00
5880,212448645,683.70
5881,576440744,3205.20
5882,387841928,1594.00
5883,531084861,5000.00
5884,492463291,591.60
5885,205050944,839.50
5886,310921689,1231.80
5887,50073990184,204.60
5888,296142344270,349.10
5889,3276904723,155.10
5890,195992098,1358.70
5891,204681223,884.40
5892,8112529801,169.80
5893,370686259276,286.10
5894,299681747,1283.60
5895,169072061,1245.40
5896,169072061,1245.40
5897,141634462,663.90
5898,531084861,5000.00
5899,9005392261,437.20
5900,531084861,5000.00
5901,77916168402,375.40
5902,447827882,681.80
5903,121787840,1239.00
5904,403227806,1472.20
5905,317434135,1704.80
5906,52390725787,225.10
5907,27078477403,417.50
5908,129057671,677.60
5909,15801383860,170.20
5910,389407172,649.80
5911,491725890,521.80
5912,14218811325,172.30
5913,447082639,4578.40
5914,245977356,547.10
5915,1025273992563,28.10
5916,186108064440,350.60
5917,49251325198,210.00
5918,207070614136,299.70
5919,415064953,1618.90
5920,176395853402,355.10
5921,35787221380,414.80
5922,377642234846,318.60
5923,6572747555,167.20
5924,33032675257,91.10
5925,531084861,5000.00
5926,397986723,578.40
5927,14004962967,432.30
5928,80985884369,397.10
5929,153955153620,317.90
5930,236115842,971.40
5931,333406127,1547.90
5932,395313890,2966.00
5933,432294851,891.40
5934,310238478,511.30
5935,9066390571,150.20
5936,3695666610,165.30
5937,88667165532,394.30
5938,531084861,5000.00
5939,352421861788,306.60
5940,376078063,4055.10
5941,177651972,1681.10
5942,112422676993,230.00
5943,29985689720,209.30
5944,136206428,677.30
5945,517351042,999.00
5946,243889654,532.90
5947,372136308,492.70
5948,41634266059,88.90
5949,383471114,2430.90
5950,123966401846,343.30
5951,174828486633,334.40
5952,46298499538,200.70
5953,155616919460,291.20
5954,9973755699,440.00
5955,52740737872,241.50
5956,288777132,520.20
5957,391988286,1522.60
5958,370092914,1342.70
5959,60551080415,384.10
5960,381266926,657.30
5961,390806739,1754.70
5962,531084861,5000.00
5963,22277757017,187.40
5964,122127050018,386.00
5965,10190728273,178.50
5966,8738296614,419.80
5967,349379806,1844.10
5968,26128232936,81.40
5969,332361872307,348.20
5970,787329418,507.10
5971,258784211,522.00
5972,531084861,5000.00
5973,142727109162,383.50
5974,19983862857,220.30
5975,3152350103,158.30
5976,210318309855,293.20
5977,354705433,1006.90
5978,112778693837,353.00
5979,368906939,1726.50
5980,358258593,1904.80
5981,580884860,3721.20
5982,203390082,1600.10
5983,3254101552330,8.00
5984,107073243688,296.50
5985,333404440,1270.30
5986,192846459,934.10
5987,385476557,1447.40
5988,144844852,647.40
5989,343470467,1429.70
5990,321472590817,356.60
5991,516058021,580.40
5992,68506994465,242.70
5993,504781527,2182.60
5994,15955177673,430.80
5995,510692900,2593.00
5996,475186537,710.50
5997,412272838507,323.70
5998,24114097522,423.70
5999,437472794,742.40
6000,332816597,1105.10
6001,338732767,1091.40
6002,129667342873,345.80
6003,14573557552,169.60
6004,1481009738323,19.60
6005,531084861,5000.00
6006,443387537,911.70
6007,457738735440,308.50
6008,491463194,693.00
6009,195066183,840.40
6010,9610987059,112.00
6011,401963387,784.10
6012,919896358,490.10
6013,400221328,498.30
6014,189520446,810.70
6015,311517417,1961.60
6016,421935704,2890.10
6017,387257290,1236.70
6018,226130637,692.00
6019,373055743,1042.50
6020,531084861,5000.00
6021,391986220,1933.10
6022,239072556,851.40
6023,392680284,611.50
6024,55066272762,255.00
6025,440537878,492.50
6026,195066183,840.40
6027,609278110,3231.50
6028,611064852,3878.80
6029,437481343,537.70
6030,2184724129470,19.00
6031,437468680,2862.50
6032,325712724,1351.10
6033,2267733869919,14.90
6034,127595051,634.70
6035,15018513274,103.40
6036,348202770,1478.90
6037,182210636217,288.60
6038,1014133253543,30.80
6039,259837691,631.00
6040,416018427,2566.40
6041,209121702,731.60
6042,475930476,835.60
6043,848785150,463.70
6044,443261208,536.70
6045,413292906,1061.90
6046,452267326,2308.40
6047,191557553,1468.40
6048,24315748197,184.70
6049,26589640141,62.80
6050,357079702,1578.50
6051,502555927,4854.50
6052,159011263,1194.10
6053,48937792701,236.60
6054,6354190611,131.40
6055,424177221,585.70
6056,10259889545,189.00
6057,299084458,1124.40
6058,56259871021,208.00
6059,331038984,1906.80
6060,168478272,1146.20
6061,11541029875,111.40
6062,313439862033,360.80
6063,194085735,573.10
6064,98781041894,371.40
6065,538282494,3851.70
6066,304408737,1772.60
6067,171974869,640.10
6068,359002537495,337.20
6069,986652307592,24.70
6070,399091358,1804.60
6071,24567291313,77.80
6072,2640058045,464.10
6073,274322786,523.50
6074,450131771445,317.10
6075,17912848752,212.10
6076,366540556,1712.20
6077,232419922,819.40
6078,61634422735,269.50
6079,331042231,1301.50
6080,147088074,628.70
6081,300858866,1227.20
6082,466930154,583.60
6083,218859724,584.70
6084,595963661,3951.80
6085,327488734,1209.80
6086,372384015,890.80
6087,363455481559,327.60
6088,341103325,1350.40
6089,531084861,5000.00
6090,422121953136,296.00
6091,434515286,767.00
6092,484811213,779.40
6093,487770352,889.20
6094,424895746,735.20
6095,411580056,723.90
6096,508479687,936.60
6097,211706740,843.50
6098,432038513,547.80
6099,491458760,2836.30
6100,413080213,650.30
6101,32890472051,194.50
6102,246059678,3602.50
6103,387908979,2989.30
6104,61444620783,398.60
6105,508476366,2217.00
6106,387171435,2718.50
6107,288276085,529.10
6108,227609358,781.70
6109,516974100,3130.70
6110,599360669,530.50
6111,38123519923,397.20
6112,204867575,1405.40
6113,483329964,692.80
6114,38736305249,203.50
6115,382517397,1541.40
6116,485545437,957.30
6117,4743516510,452.40
6118,410842705,692.40
6119,320389500,1785.00
6120,421200426,813.50
6121,439691490,740.60
6122,103173630,1125.30
6123,159843402440,285.90
6124,401455507,1404.40
6125,228846832,617.40
6126,205130163010,369.30
6127,438203589,4337.10
6128,2369911391744,20.70
6129,474448587,2979.80
6130,451519873,681.90
6131,413805452,662.90
6132,201358452,656.80
6133,374831880,1787.30
6134,4693734747,111.50
6135,531084861,5000.00
6136,1688847247,458.50
6137,444122921,4151.00
6138,294171991,522.40
6139,531084861,5000.00
6140,40593271766,234.50
6141,189485956,1040.10
6142,507736976,881.70
6143,456967419,590.40
6144,414316910462,324.50
6145,26318464614,56.60
6146,99696070,1331.50
6147,12643361033,434.90
6148,325125218,1139.70
6149,24879995542,67.50
6150,14401555851,433.40
6151,1408840752,481.20
6152,506253875,893.80
6153,568457236,3841.00
6154,58704092450,215.30
6155,5382108067,448.10
6156,210969943,711.60
6157,379035305,838.50
6158,531084861,5000.00
6159,135409732,516.50
6160,18606199785,198.80
6161,496565687,3553.10
6162,7846786817,422.90
6163,2091142799,469.00
6164,239834802,602.60
6165,334500200521,277.10
6166,299085091,1571.80
6167,193627949,1064.40
6168,496423909,585.00
6169,181495827,1858.80
6170,531084861,5000.00
6171,481847963,2416.50
6172,316840262,1184.10
6173,113193311413,342.90
6174,492945920,2091.70
6175,157173183,548.10
6176,323351105,1631.20
6177,393760670,1995.40
6178,396045267,2120.10
6179,407886514,962.80
6180,374601077,2095.40
6181,6556865949,108.80
6182,5120379128,448.90
6183,351747834,1327.00
6184,2808747807,118.60
6185,413804898,937.20
6186,391987190,1639.40
6187,4389454011,430.00
6188,1422562596994,33.30
6189,466320838,2892.20
6190,98438450348,288.30
6191,76725246678,251.30
6192,6183433993,133.10
6193,209859716,850.20
6194,485550866,2152.90
6195,607502247,3285.20
6196,250556853,643.90
6197,190387315573,283.40
6198,2499273498,447.90
6199,326899373,1184.70
6200,236856522,855.00
6201,405005672,1940.30
6202,6238731343,159.70
6203,378965587,1542.40
6204,6150502313,159.50
6205,308551932,1546.70
6206,507602222,589.40
6207,421201796,4901.10
6208,498122964,995.00
6209,5775843633,133.90
6210,41167710639,411.30
6211,504037187,684.10
6212,89044023194,267.20
6213,4130981684,106.50
6214,290239862889,269.70
6215,366769569400,303.50
6216,528511674,3090.20
6217,16409516834,212.70
6218,393827679,2795.40
6219,2274799604,117.10
6220,300269547,1956.50
6221,183469428844,296.60
6222,406407683,995.80
6223,337553033,1321.90
6224,392581231,1740.60
6225,356393996652,347.70
6226,1410828107698,24.60
6227,202041691,568.50
6228,74133883159,213.90
6229,451672857712,38.20
6230,365356858,1154.00
6231,157173183,548.10
6232,327487048,1384.90
6233,47186113060,225.90
6234,464837368,791.90
6235,392354645,2065.10
6236,36319242403,201.70
6237,503299059,2808.00
6238,58505817322,240.40
6239,153955153620,317.90
6240,326894018,1315.80
6241,531084861,5000.00
6242,408627063,856.50
6243,531084861,5000.00
6244,147432560,567.20
6245,13859150974,84.80
6246,196828756306,311.50
6247,38649613912,389.10
6248,403228987,1582.40
6249,24205441031,183.30
6250,469051483,3452.40
6251,355301583,1578.00
6252,757595658,501.40
6253,400482763,2700.40
6254,15932128412,167.40
6255,531084861,5000.00
6256,44514330363,393.90
6257,170479397,987.20
6258,284325523731,277.60
6259,2153129706,466.70
6260,187118560,1191.40
6261,475192193,824.10
6262,59807581828,213.50
6263,427274970,622.00
6264,8175298861,125.50
6265,262669336,535.20
6266,1368715094688,47.90
6267,414476772,1009.30
6268,531084861,5000.00
6269,327486415,1005.90
6270,150998988,970.10
6271,470016678,942.60
6272,455225464,2120.40
6273,45386092125,71.50
6274,467830496,642.30
6275,450786702,2612.60
6276,376572126502,284.00
6277,9823499713,156.00
6278,77468383415,397.90
6279,1003039379968,25.90
6280,393174261,1806.90
6281,183469428844,296.60
6282,253130221,686.80
6283,9780665847,48.80
6284,16977296037,58.80
6285,2055736680,143.00
6286,1196020791,465.80
6287,151909856,1408.00
6288,33326057120,416.10
6289,229979730361,252.00
6290,377195522,1845.40
6291,3479170656329,31.70
6292,7682687162,124.70
6293,326306217,1021.90
6294,443382319,999.50
6295,453954086,3582.80
6296,531084861,5000.00
6297,41519632744,219.70
6298,151420960648,272.90
6299,38142687425,390.70
6300,301455016,1780.60
6301,92560075729,261.20
6302,370191067613,341.60
6303,189782745,1431.60
6304,396723794,1269.40
6305,443387590,837.40
6306,431553986,4463.80
6307,198656388,1389.60
6308,274791221,534.20
6309,266272736993,357.80
6310,332811200,1802.10
6311,4631668735,453.50
6312,390532379,582.10
6313,948233854850,22.30
6314,972567219,497.70
6315,2267733869919,14.90
6316,198023819,2036.20
6317,531084861,5000.00
6318,531084861,5000.00
6319,405863555719,336.10
6320,372462376,1032.40
6321,50732685454,241.70
6322,238336410,743.20
6323,397312860,1413.40
6324,34450009442,218.90
6325,419715111,2782.90
6326,344058226,1641.70
6327,480588614,3082.80
6328,468533085,687.30
6329,329982697,501.80
6330,38992124514,92.50
6331,12073687729,166.80
6332,451521928,2106.20
6333,410101309,833.00
6334,362012541352,278.60
6335,146166973,589.60
6336,55546706297,212.40
6337,218859724,584.70
6338,354708301,1541.60
6339,1999130721,457.90
6340,399681310,1555.80
6341,6747562458,108.70
6342,387912616,2013.80
6343,1867490718247,12.40
6344,8173391640,125.20
6345,4693209246,149.10
6346,98438450348,288.30
6347,531084861,5000.00
6348,415659627,1265.40
6349,498857346,4444.00
6350,531084861,5000.00
6351,20957392884,422.50
6352,750643310,507.00
6353,404183400,4083.50
6354,386067099,1342.80
6355,478271815,526.20
6356,406780502,1692.90
6357,531084861,5000.00
6358,482591516,2007.80
6359,94899243936,251.00
6360,495671146,3657.80
6361,383475594,2815.70
6362,3376927741,162.20
6363,6958529277,126.80
6364,31337955315,191.00
6365,372377140,703.60
6366,198362571,1178.60
6367,420874864,609.50
6368,167590288,1882.50
6369,332221164,1600.60
6370,564022860,3012.40
6371,514637055,619.60
6372,26133539113,99.30
6373,144844852,647.40
6374,149765544908,375.50
6375,45648466769,203.70
6376,196544118,2416.40
6377,486288593,712.30
6378,699966124,500.60
6379,437031631,614.40
6380,278351638,533.40
6381,808914071,499.60
6382,178539008,1330.10
6383,3958058846,434.40
6384,6749544196,168.10
6385,116856497,1227.40
6386,186524624,1415.70
6387,370682528,1842.00
6388,4482873587310,2.50
6389,521359060,558.30
6390,2252527647,443.70
6391,28409227438,194.00
6392,391983901,1727.90
6393,512172891,2155.40
6394,192113448376,347.60
6395,2143554411,466.50
6396,151411809704,308.00
6397,358848080,1060.40
6398,236856522,855.00
6399,239443068,831.00
6400,17180579390,54.40
6401,393398083,496.50
6402,416019481,4411.30
6403,414543602,2196.70
6404,400291112,581.70
6405,249060612,995.70
6406,200613343,887.60
6407,1820087870591,17.60
6408,12975341722,98.50
6409,413803738,2945.00
6410,335185595,1142.90
6411,14024092649,186.50
6412,366546670,1870.60
6413,211048906244,373.20
6414,381925801,1588.90
6415,407371086,1092.20
6416,226505343,656.20
6417,403448333,2357.00
6418,397906227,1284.10
6419,383469585,2885.10
6420,106797090,1618.00
6421,1717007535903,23.70
6422,512178455,681.30
6423,156151114863,292.80
6424,586207768,3780.40
6425,170845225,1228.50
6426,387013399,504.60
6427,218897116,557.00
6428,383109499,1556.20
6429,364173455,1764.90
6430,475190137,2443.40
6431,233898859,898.70
6432,20001608064,83.00
6433,81492416863,381.30
6434,531084861,5000.00
6435,3079573369,127.10
6436,240183854,953.90
6437,600408093,3862.00
6438,62105139665,255.20
6439,368909891,1461.30
6440,142472962900,377.90
6441,201351731,2256.50
6442,390130583,701.80
6443,1153549124,484.30
6444,397904161,1633.70
6445,11788548343,167.80
6446,224651985,2039.70
6447,316246178,1568.00
6448,19170860798,90.30
6449,400275393,1998.60
6450,2416185672,467.20
6451,18182199404,91.60
6452,2236152654576,17.10
6453,531084861,5000.00
6454,655041641744,19.30
6455,531084861,5000.00
6456,458185420,659.60
6457,77261340116,243.00
6458,380152194,1242.40
6459,154700152,860.70
6460,2055736680,143.00
6461,382516975,1992.40
6462,17439124599,57.70
6463,427768908,592.70
6464,1348729357,482.10
6465,531084861,5000.00
6466,239072556,851.40
6467,306776638,1739.20
6468,493893765,3001.70
6469,491466351,2843.10
6470,325716646,1034.20
6471,25889797275,78.30
6472,33830890651,193.70
6473,329267486,1879.40
6474,544484067,3224.50
6475,336516008047,280.80
6476,344647334,1501.30
6477,445606233,2556.50
6478,605542747,524.80
6479,309143148,1889.80
6480,515872105,796.40
6481,15219561257,432.00
6482,449305499,2483.30
6483,8444982466,122.00
6484,367729271,1098.10
6485,129084090,1001.40
6486,98804191917,227.60
6487,6150502313,159.50
6488,464094500,2923.30
6489,593602452727,36.00
6490,18606199785,198.80
6491,244860016135,367.20
6492,444129141,764.50
6493,177563829377,242.20
6494,331041304,1705.90
6495,1065394090627,41.30
6496,3009257569967,7.60
6497,429982574197,332.10
6498,388983393342,313.30
6499,468651127,628.20
6500,531084861,5000.00
6501,305598085,1133.70
6502,254979628,873.20
6503,160213376680,279.40
6504,759734183,481.00
6505,323347858,1096.30
6506,196584769,1253.50
6507,5224291183,114.10
6508,10149807393,49.00
6509,653881096,484.20
6510,204178701939,334.10
6511,345837399,1076.20
6512,241661605,754.20
6513,298498133,1340.30
6514,352930604,1239.30
6515,275516584,546.20
6516,78448570263,217.20
6517,10855919980,96.30
6518,23120920173,71.00
6519,77916168402,375.40
6520,4216551784,106.40
6521,4128602227,166.00
6522,135547787632,321.20
6523,404413191,1718.90
6524,365948074,1482.40
6525,23287088046,201.40
6526,169663003,1892.90
6527,532956424,3390.00
6528,404927006,853.10
6529,589399325,533.00
6530,7280728566,142.20
6531,303818448,1426.80
6532,531084861,5000.00
6533,409149964,1912.40
6534,478147168,4442.60
6535,376601523,1483.20
6536,1701218523732,33.40
6537,408469052,604.40
6538,310328364,1510.60
6539,531084861,5000.00
6540,376599920,1512.80
6541,326304826,1026.00
6542,495905481,2145.90
6543,124409555825,363.70
6544,7382905685,106.20
6545,15324620585,189.80
6546,577327632,3744.60
6547,418241972,2199.10
6548,519571635,2045.60
6549,254979628,873.20
6550,8313300343,439.10
6551,82294947885,241.10
6552,568456540,3587.30
6553,549737924,536.10
6554,2560734673832,2.30
6555,496638545,950.60
6556,7807212548,127.20
6557,472230946,2195.00
6558,372857482638,350.00
6559,399419500,587.30
6560,430815651,2879.10
6561,247211348,2249.90
6562,519566185,706.90
6563,12840546195,50.90
6564,421195629,2817.20
6565,323942743,1043.30
6566,409737933,1702.70
6567,339919248,1104.90
6568,393862721,549.50
6569,531084861,5000.00
6570,969406812,495.60
6571,319201543,1200.70
6572,531084861,5000.00
6573,147795741,747.00
6574,424158669,2553.70
6575,190668684,1072.00
6576,9862809189,53.00
6577,498864040,783.10
6578,468880371,560.90
6579,405909337,616.10
6580,76420186236,400.20
6581,454482648,917.70
6582,2308976686,123.40
6583,108098892808,384.60
6584,445600119,758.80
6585,206709138785,329.70
6586,1025273992563,28.10
6587,306775542,1170.00
6588,531084861,5000.00
6589,394566781,720.00
6590,2750884567009,24.20
6591,402710577,2723.30
6592,361218217,1301.70
6593,511430332,702.60
6594,351161256,1609.50
6595,83331264928,394.00
6596,1190117866275,14.80
6597,34406915582,99.40
6598,1867490718247,12.40
6599,318616652,1199.10
6600,512175002,747.10
6601,15227998729,167.30
6602,402637223,1322.10
6603,328043040437,291.70
6604,144203182170,381.70
6605,330449244,1458.80
6606,432286472,749.00
6607,531084861,5000.00
6608,131523094,912.30
6609,380519196,4929.80
6610,394948121,1783.70
6611,3299835253215,42.50
6612,531084861,5000.00
6613,6822166549,145.00
6614,221757694,573.30
6615,385688861,989.90
6616,565514776539,23.00
6617,541825365,3493.10
6618,325124248,1931.70
6619,389390868,2204.30
6620,350566624,1153.00
6621,548925590,3775.30
6622,154574420,1264.20
6623,246906164052,368.80
6624,2024218155736,39.30
6625,397901588,1628.60
6626,102851304,1001.50
6627,848815066,497.00
6628,191020549,637.20
6629,9639209824,188.10
6630,128565483,826.60
6631,390804673,1164.20
6632,348198258,1083.30
6633,399008570,2938.00
6634,34008442365,92.30
6635,509954748,674.90
6636,344652478,1028.40
6637,417495994,2119.40
6638,45389134802,69.90
6639,306190229,1127.00
6640,127332851,789.10
6641,7104838706,432.90
6642,329265335,1234.40
6643,56638347320,67.60
6644,297901983,1764.10
6645,374827283,1702.00
6646,396718144,1443.50
6647,427114329,2085.00
6648,305006278,1239.80
6649,216885076,763.60
6650,507732918,2719.10
6651,477926433,3147.40
6652,42386369654,89.90
6653,102851304,1001.50
6654,20402628538,213.80
6655,238505044283,336.00
6656,64462672751,256.70
6657,135429426336,274.00
6658,591536306,3386.40
6659,388655063,2430.40
6660,8208464576,153.80
6661,56065333919,362.40
6662,406189454,1038.10
6663,22526741007,66.40
6664,447828675,740.30
6665,478875176,493.20
6666,186561860,2099.50
6667,417503268,2052.50
6668,394571338,2323.00
6669,441164256,934.80
6670,183863413,1010.80
6671,827427244,494.80
6672,57074357514,235.30
6673,595968531,3486.00
6674,220584579,2162.30
6675,428588416,906.90
6676,136185237,1302.50
6677,515875742,2925.80
6678,475994591,635.80
6679,71218776451,217.70
6680,435246558,774.30
6681,20655999592,176.60
6682,370684931,1635.30
6683,260084552,589.80
6684,501077570,843.40
6685,300858740,1676.80
6686,173896599548,286.60
6687,236576713,579.10
6688,485550328,668.50
6689,112778693837,353.00
6690,6193008995,126.00
6691,475931319,2125.00
6692,377369609071,303.10
6693,7786535802,102.70
6694,243143942,919.40
6695,36558783933,241.00
6696,187325120,636.50
6697,493370151,590.30
6698,197523954509,299.10
6699,13101149083,165.70
6700,433032238,811.50
6701,558690275,3457.70
6702,344648894,1678.00
6703,23231360080,200.80
6704,504542870,3123.80
6705,485542485,2113.20
6706,531084861,5000.00
6707,455216661,786.10
6708,407368345,1419.00
6709,5072391670,103.70
6710,6106960050,159.30
6711,1488927512157,47.10
6712,409151018,1045.90
6713,315653950,1330.60
6714,454485547,937.90
6715,403234511,1495.90
6716,29760131332,208.10
6717,158714706,1822.90
6718,608396029,3714.20
6719,508477578,2884.00
6720,51036307195,65.30
6721,410327885,1839.10
6722,23546338297,407.50
6723,531084861,5000.00
6724,531084861,5000.00
6725,399473561461,303.30
6726,2274799604,117.10
6727,246100316,708.60
6728,562826760246,27.00
6729,358851665,1806.30
6730,219843829,725.20
6731,411516600,1583.50
6732,26656036399,97.40
6733,398715441726,293.10
6734,241661605,754.20
6735,531084861,5000.00
6736,395310622,2702.60
6737,271077128346,259.50
6738,155086995020,279.00
6739,352339429,1231.30
6740,1168882938,454.90
6741,178538417,1852.70
6742,373647170,1056.20
6743,7786535802,102.70
6744,113446656,638.30
6745,392579629,1629.20
6746,205421825,858.10
6747,386437850,734.00
6748,418981467,4104.30
6749,170550587,1297.30
6750,531084861,5000.00
6751,418978900,692.30
6752,332558756235,347.40
6753,636693559,518.30
6754,131522029,679.30
6755,10814113626,154.10
6756,164982984955,271.80
6757,499599271,739.00
6758,5570423186,436.70
6759,388554520556,292.60
6760,208124873,1005.50
6761,354119235,1608.50
6762,409150681,1471.90
6763,5747769415,174.80
6764,458392953,3696.80
6765,202833356,925.80
6766,209487861,748.40
6767,471313809712,310.40
6768,348196909,1821.90
6769,531084861,5000.00
6770,24008344898,418.50
6771,415262161,561.60
6772,394570178,841.70
6773,142964781957,282.10
6774,376178357624,301.60
6775,425635075,4410.30
6776,3441749659,152.70
6777,357670244,1154.60
6778,11109131136,419.30
6779,515435891,579.90
6780,202115992790,298.10
6781,332222345,1667.70
6782,434506431,853.80
6783,102326862988,348.70
6784,58957029379,405.10
6785,182419718522,295.00
6786,13011002867,164.40
6787,405593515,1448.70
6788,102510176855,246.80
6789,237965475,909.60
6790,517866301,3473.50
6791,464835892,858.40
6792,145330479,687.70
6793,209487861,748.40
6794,323938780,1053.30
6795,112218726469,233.00
6796,193587931,788.30
6797,305007122,1450.40
6798,61957623985,381.00
6799,393531286870,326.40
6800,332828783774,281.10
6801,449306129,704.10
6802,450032620,493.30
6803,101946821097,231.00
6804,531084861,5000.00
6805,531084861,5000.00
6806,304415610,1245.60
6807,39703574037,223.20
6808,409740548,1509.30
6809,220705703,569.10
6810,396132283,1197.60
6811,191557553,1468.40
6812,203572336,663.70
6813,429896276,576.20
6814,324529363,1583.40
6815,330444732,1713.00
6816,409149711,1874.30
6817,401221309,771.20
6818,424897483,677.50
6819,22817418412,73.20
6820,131523094,912.30
6821,189888955,762.70
6822,613382946,508.10
6823,381929723,1176.10
6824,531084861,5000.00
6825,6889401249,165.50
6826,6130349779422,15.20
6827,66316879809,217.40
6828,531084861,5000.00
6829,43521319051,81.60
6830,4539260191,105.90
6831,379033987,2325.70
6832,390802311,1425.90
6833,531084861,5000.00
6834,304411730,1168.20
6835,96880565241,252.60
6836,1259716532660,34.20
6837,491465523,688.10
6838,492940860,2183.10
6839,159009908679,238.30
6840,531084861,5000.00
6841,320990643131,270.60
6842,184453933,1144.00
6843,13478254403,435.00
6844,438948242,676.30
6845,199874296,2047.60
6846,1853252042,122.80
6847,164928971,1407.90
6848,44342563596,396.60
6849,332813266,1726.30
6850,413055388,2485.80
6851,198395807,898.60
6852,1106735524,484.00
6853,344061515,1244.90
6854,2117283572,156.50
6855,215406982,848.30
6856,476667862,2607.80
6857,492948292,993.00
6858,483330013,744.20
6859,5072391670,103.70
6860,247950236,886.80
6861,399988110834,295.30
6862,397314336,1700.00
6863,2804540699159,11.40
6864,92560075729,261.20
6865,2310845051224,13.70
6866,438947458,778.50
6867,254236759,824.30
6868,481112843,932.60
6869,539169508,3641.80
6870,64943984191,379.70
6871,6224323839,140.70
6872,159305753,1386.60
6873,87532579904,269.10
6874,350570377,1911.30
6875,189887399,981.90
6876,9581850074,427.10
6877,495897205,938.20
6878,441907124,813.80
6879,178243526,1301.60
6880,8805646712,190.00
6881,494423697,982.80
6882,46953931634,410.70
6883,487766193,740.70
6884,297906158,1216.50
6885,126124916,1452.30
6886,410334505,1081.60
6887,934821897,489.80
6888,5357069685490,16.30
6889,205462165,1950.60
6890,66875245954,219.30
6891,351753147,1242.10
6892,480383039,653.60
6893,490727436,842.90
6894,377191094,1621.10
6895,2947756367,128.40
6896,1965132990045,9.20
6897,4291454133,117.60
6898,336955154,1717.80
6899,326306850,1139.50
6900,3740973317,141.10
6901,814734246,462.70
6902,362996462,1596.20
6903,467050001,2140.20
6904,137960249,1401.50
6905,531084861,5000.00
6906,43468090648,72.20
6907,185343014,1148.20
6908,253145529,646.10
6909,462109463914,311.60
6910,1692333839208,2.20
6911,182976968,1195.70
6912,318613826,1901.10
6913,135429426336,274.00
6914,331628683,1565.30
6915,461876595,2392.60
6916,7934466596,137.60
6917,384887955,1245.20
6918,341401281004,294.70
6919,531084861,5000.00
6920,4759141933277,16.70
6921,531084861,5000.00
6922,441340777,622.20
6923,509219814,2940.80
6924,395310622,4828.20
6925,37951048603,51.60
6926,492207482,665.40
6927,426372620,986.60
6928,195900057507,343.60
6929,378375720,1048.80
6930,1546633801,124.60
6931,484697350,537.80
6932,511438406,748.20
6933,25949957137,421.40
6934,531084861,5000.00
6935,261002445,592.80
6936,170232477,951.60
6937,430773613285,317.40
6938,368907445,1152.00
6939,4829872984,450.30
6940,7029603759,130.00
6941,198952755,1108.60
6942,322021946,516.60
6943,12496655846,436.10
6944,180214134,505.10
6945,320392662,1041.00
6946,482582714,944.40
6947,4002784747,145.90
6948,217522426,539.10
6949,372934748,603.80
6950,373050725,1346.40
6951,15166217437,102.40
6952,263005885953,362.80
6953,53232039334,206.90
6954,355299222,1591.10
6955,126347373,690.00
6956,457505496,3324.50
6957,12744335150,183.10
6958,335792515785,341.00
6959,531084861,5000.00
6960,354692866116,294.30
6961,306189259,1386.20
6962,316244744,1337.70
6963,310922659,1619.60
6964,182680706,1415.20
6965,417628106,625.00
6966,533836733,3234.30
6967,333406844,1355.50
6968,57966131883,211.10
6969,57572392964,74.90
6970,624603446831,42.20
6971,50677888013,60.30
6972,452289875,646.90
6973,16888431903,428.40
6974,1505116606,481.10
6975,339917392,1781.70
6976,218366885,845.50
6977,3309449103800,32.00
6978,207802097692,340.30
6979,6106960050,159.30
6980,292930533584,359.70
6981,453000232,838.90
6982,393086392,2218.80
6983,485638262739,318.20
6984,389392133,778.80
6985,442650520,990.30
6986,450391855,612.80
6987,370682359,1907.30
6988,47186113060,225.90
6989,315064040,1260.00
6990,448567217,766.70
6991,470017311,2800.70
6992,441169896,795.40
6993,411227314,550.60
6994,56014594404,400.80
6995,395311939,795.60
6996,378972460,1367.60
6997,459660166,2477.90
6998,216885076,763.60
6999,414542020,794.70
7000,384211558,2569.40
7001,653881096,484.20
7002,372380642,774.80
7003,1425117817,462.80
7004,27098215351,205.10
7005,14024172978,194.90
7006,207714243410,337.80
7007,454481488,2665.70
7008,169483423411,378.10
7009,466384557,3248.50
7010,531084861,5000.00
7011,427852350,745.30
7012,396725396,1953.30
7013,10052820632,94.60
7014,4471555223,119.90
7015,155768863467,280.00
7016,341102481,1042.00
7017,302641708,1352.10
7018,6455074182,434.10
7019,45043638558,51.20
7020,388441199,1020.90
7021,225389582,2429.00
7022,475638826563,39.80
7023,389618361,1758.40
7024,205757414,1615.30
7025,40562362871,411.70
7026,38320665354,414.30
7027,209118192,834.90
7028,6417146962,184.60
7029,421932594,4005.40
7030,210966692,825.30
7031,398268601,988.80
7032,345239646,1615.90
7033,462612189,4028.60
7034,468160926400,332.20
7035,170551219,1760.00
7036,206611008375,294.10
7037,200430627,1086.90
7038,3260121692,145.70
7039,259564909,502.60
7040,379035463,4200.10
7041,562242380,3534.30
7042,1025273992563,28.10
7043,137762657,1727.50
7044,337546834,1129.00
7045,501081212,739.10
7046,136206428,677.30
7047,405597268,1858.00
7048,389028030,1814.00
7049,50424153366,77.50
7050,548140948,485.10
7051,78191685131,223.70
7052,531084861,5000.00
7053,371868460,1512.20
7054,1452265222,463.00
7055,3631917342,454.50
7056,481106992,891.80
7057,84763078504,393.10
7058,387176020,822.00
7059,461879863,859.10
7060,2164813008672,46.30
7061,176466946,1173.80
7062,413289786,1801.50
7063,3622494160986,46.00
7064,238505044283,336.00
7065,67130160899,238.00
7066,251281363,847.40
7067,141634462,663.90
7068,381259324,2284.20
7069,1323418354707,41.20
7070,363528922,504.00
7071,451491753,593.00
7072,212185969696,333.80
7073,2274799604,117.10
7074,257532403,605.60
7075,302638166,1024.30
7076,152575451254,306.10
7077,405007612,1581.10
7078,253485097,588.60
7079,531084861,5000.00
7080,399676418,1200.50
7081,531084861,5000.00
7082,41145650620,216.90
7083,86470780311,267.40
7084,40779622902,395.30
7085,157827333,1455.80
7086,530284122,3311.60
7087,254977414,958.00
7088,16852812671,103.10
7089,531084861,5000.00
7090,455956472,4240.80
7091,424313593500,305.40
7092,299675000,1500.60
7093,511438232,695.20
7094,13842752252,432.40
7095,15310026009,68.50
7096,1489364142138,25.70
7097,418981309,2838.80
7098,448636365,3038.80
7099,43460681775,78.10
7100,123975329,765.80
7101,165124024312,289.40
7102,54966309240,213.20
7103,481106307,773.00
7104,320388403,1450.80
7105,531084861,5000.00
7106,24353377780,58.90
7107,473711780,964.70
7108,396132831,1037.60
7109,611948957,3989.90
7110,856186765,499.80
7111,497376827,2208.80
7112,37387226666,199.90
7113,1061132039451,27.90
7114,256457959,846.40
7115,257194185,856.40
7116,384882811,1607.20
7117,379563592,1082.40
7118,506254455,883.50
7119,531084861,5000.00
7120,172622311,1321.30
7121,200613343,887.60
7122,92560075729,261.20
7123,372462586,1217.90
7124,1454706841,484.10
7125,359443851,1266.20
7126,377790281,1216.10
7127,373122087,4775.90
7128,452261679,690.20
7129,408689964,633.60
7130,348787872,1154.80
7131,113698985,1260.20
7132,190667419,1309.60
7133,31018368744,96.40
7134,177649948,1602.30
7135,531084861,5000.00
7136,439690696,2134.10
7137,159011263,1194.10
7138,299088169,1369.50
7139,345237622,1432.40
7140,3052007452,457.70
7141,24164197636,190.30
7142,6286656367,445.70
7143,1816032357813,45.00
7144,472969070,950.40
7145,259766047688,273.60
7146,482355811,3030.70
7147,376821353,946.80
7148,259646553,582.40
7149,185639528,1876.20
7150,531084861,5000.00
7151,202829871,686.40
7152,386899099,564.90
7153,8530909806,113.90
7154,440432193,4742.60
7155,150053070,626.80
7156,380149833,1321.10
7157,148952552,1273.70
7158,64462672751,256.70
7159,531084861,5000.00
7160,464101932,4234.00
7161,63920306993,402.70
7162,171602624486,375.10
7163,226130637,692.00
7164,48256421290,56.80
7165,339912205,1697.10
7166,1791478810381,3.80
7167,489944239,583.90
7168,7925347497,124.00
7169,352345544,1560.70
7170,9837096677,48.20
7171,530285703,3338.10
7172,436727182,2708.40
7173,602177504,3722.50
7174,433027810,2199.80
7175,464839529,2173.20
7176,144858675060,377.80
7177,589520909,482.20
7178,180018693,1695.70
7179,165817504,1292.70
7180,484801673,868.70
7181,531084861,5000.00
7182,475929421,918.70
7183,41110275747,82.80
7184,310921773,1499.80
7185,34328303054,193.50
7186,235249012422,331.20
7187,51077428681,68.90
7188,213554449,948.50
7189,531084861,5000.00
7190,505605510,632.90
7191,378292805,2752.40
7192,384956165,787.00
7193,172030146,1126.80
7194,69903928355,233.10
7195,396131903,1210.20
7196,531084861,5000.00
7197,15646038641,196.10
7198,189051090988,290.50
7199,486291035,690.10
7200,423418067,2302.00
7201,41852983137,91.30
7202,416762824,980.00
7203,131029129,707.30
7204,429336872,825.10
7205,534731338,3681.10
7206,1273761043017,23.40
7207,363584474,1769.30
7208,454211248,595.60
7209,380151056,1590.50
7210,383474565,684.50
7211,443439110,637.40
7212,201046891977,246.30
7213,509950032,2676.10
7214,155198362383,274.10
7215,106797090,1618.00
7216,4216551784,106.40
7217,443388288,689.60
7218,375351276,655.70
7219,195064469,808.80
7220,222804170,2586.00
7221,7356051518,140.20
7222,413880960,1182.60
7223,564908420,3339.40
7224,424160197,855.80
7225,275516584,546.20
7226,2501061948,467.10
7227,29378659543,99.80
7228,619935438,3361.10
7229,150430909,1391.70
7230,2584558263876,13.60
7231,402640174,1267.80
7232,300863716,1999.30
7233,396126758,1264.80
7234,2183961210285,28.50
7235,354706361,1085.90
7236,399011258,2187.80
7237,63543932539,214.60
7238,97973160981,251.90
7239,377192570,1188.30
7240,313876632,1123.00
7241,418118036623,342.80
7242,142951928813,358.90
7243,511301883,530.20
7244,156348934,1123.10
7245,134728858,688.60
7246,126347373,690.00
7247,531084861,5000.00
7248,23905349779,201.20
7249,1674143930039,18.10
7250,531084861,5000.00
7251,464106799,523.60
7252,531084861,5000.00
7253,14726216190,164.80
7254,531084861,5000.00
7255,531084861,5000.00
7256,1310837617071,10.40
7257,362402969,1405.60
7258,13355864498,165.80
7259,148043767,769.80
7260,525844496,3717.20
7261,334592439,1393.90
7262,18236096253,410.40
7263,253129761,708.70
7264,351752093,1411.00
7265,350563925,1298.40
7266,5676597313,434.80
7267,235745330,2182.80
7268,324527761,1554.30
7269,196774828,552.60
7270,2703831552276,42.10
7271,392345737,775.80
7272,354710831,1928.80
7273,2231871200,469.70
7274,509952562,2089.50
7275,4362208484,442.60
7276,7960263693,121.10
7277,210969943,711.60
7278,357073925,1740.30
7279,2434619365504,12.00
7280,494423309,720.90
7281,32074530506,403.60
7282,325123574,1987.80
7283,302122054631,271.50
7284,517353519,974.20
7285,12043847434,181.10
7286,531084861,5000.00
7287,391956036523,325.30
7288,12506006980,48.50
7289,1333923243,486.10
7290,47379975626,62.40
7291,397906733,1274.00
7292,354708427,1429.60
7293,594198993,3098.50
7294,485141557,614.20
7295,954873994,486.90
7296,4208456747,102.20
7297,416761987,699.80
7298,319203230,1703.30
7299,506994741,2077.30
7300,419719960,2136.80
7301,58644257978,389.30
7302,51287302110,204.30
7303,169663003,1892.90
7304,424889993,2248.10
7305,3944420336,163.70
7306,161384469371,272.70
7307,780640386,502.10
7308,510697802,958.20
7309,22226267617,62.10
7310,307370385,1706.10
7311,361922455999,40.90
7312,166407898,1513.00
7313,154945824,794.90
7314,390136531,751.10
7315,388650055,2414.50
7316,14816345406,188.30
7317,5746117150,451.40
7318,328081553,1207.30
7319,185047975,1108.10
7320,387907134,811.80
7321,62334109461,362.60
7322,6579426503,443.90
7323,156642476,1512.50
7324,305003242,1313.70
7325,531084861,5000.00
7326,396594801,575.00
7327,173560622,579.80
7328,488515243,666.90
7329,759734183,481.00
7330,206181292903,304.30
7331,3618363019976,6.70
7332,393833055,2937.40
7333,433767319,695.70
7334,441903804,809.00
7335,360248318618,351.70
7336,616383206,3367.50
7337,3743242185,145.80
7338,387387204,568.90
7339,213434096524,330.90
7340,182419718522,295.00
7341,518833721,2549.50
7342,581764284,3157.90
7343,322753732,1029.40
7344,1710867195,476.90
7345,40130823731,395.40
7346,387397494889,345.00
7347,406184774,1363.50
7348,211709244,944.00
7349,4009737153,123.80
7350,15902552755,87.00
7351,557802564,3527.80
7352,318024719,1337.90
7353,418239969,803.70
7354,323343768,1150.90
7355,206532543,908.00
7356,477413745,732.20
7357,519569948,2855.00
7358,509216809,2177.50
7359,204343446511,252.90
7360,383475436,869.90
7361,161672010,1015.90
7362,305004844,1235.40
7363,435986053,2768.90
7364,204178701939,334.10
7365,431674899,626.20
7366,413801630,4635.00
7367,379772427,2897.90
7368,153094798,1128.10
7369,470750692,754.10
7370,475927577,764.80
7371,11024756782,179.60
7372,33210905054,99.10
7373,612836920,3780.70
7374,306780307,1192.90
7375,207639176,2996.60
7376,305594332,1834.80
7377,579987915,3480.70
7378,531084861,5000.00
7379,6889401249,165.50
7380,502559616,2322.40
7381,30836454046,95.60
7382,492947640,706.30
7383,497377882,897.90
7384,333995319,1737.50
7385,415652332,1298.10
7386,401224788,4343.90
7387,5224291183,114.10
7388,254235547,838.00
7389,25754591646,59.80
7390,467986231,621.40
7391,23870449432,75.00
7392,256457959,846.40
7393,203685079,1957.90
7394,1861773989,450.10
7395,178834426,1688.90
7396,305803570946,287.60
7397,448567695,740.00
7398,226224553,553.80
7399,3958058846,434.40
7400,29096266759,212.30
7401,541829792,3372.10
7402,511435830,734.70
7403,4036110766040,40.70
7404,475927313,847.10
7405,154945824,794.90
7406,233530874,669.40
7407,4815330932,152.90
7408,2499273498,447.90
7409,303817141,1187.50
7410,369499631,1639.20
7411,241294706,694.10
7412,411585253,975.90
7413,306775753,1721.10
7414,116759275042,390.10
7415,400867031,1671.70
7416,538280027,3906.70
7417,352340905,1982.50
7418,428594056,818.20
7419,173187920493,303.20
7420,51700849805,377.70
7421,531084861,5000.00
7422,5861285494,162.60
7423,360624302,1238.40
7424,514396067,2669.40
7425,8805646712,190.00
7426,465577601,2713.60
7427,2315395316,464.30
7428,17622312306,199.80
7429,619939739,3128.30
7430,313287777,1909.30
7431,433766040,969.10
7432,452998387,2230.80
7433,10214110775,111.80
7434,4004010456,457.30
7435,531084861,5000.00
7436,1548702591668,40.60
7437,437464094,775.10
7438,300858950,1113.20
7439,560243529,509.80
7440,27073549027,401.80
7441,227978664,682.90
7442,2880966961622,9.60
7443,339322001,1026.80
7444,434466016,602.90
7445,478813573,3800.10
7446,450047155,890.60
7447,453006557,2406.80
7448,50658175277,383.30
7449,323346678,1381.40
7450,307375487,1686.70
7451,256869840841,264.10
7452,399744323,985.70
7453,9862809189,53.00
7454,407154197,658.90
7455,520310971,991.80
7456,2211424070235,2.90
7457,508990719,3499.00
7458,60212851779,212.20
7459,323938274,1645.90
7460,358848418,1935.80
7461,215652374,607.60
7462,531084861,5000.00
7463,23894165590,410.10
7464,531084861,5000.00
7465,23905349779,201.20
7466,372382434,2478.30
7467,6867963574,136.70
7468,65991785784,214.10
7469,6744776664,446.50
7470,6572747555,167.20
7471,358423877738,349.40
7472,181498421,1043.20
7473,7103373525,146.10
7474,515867572,920.70
7475,412697937,1003.60
7476,45302860732,85.60
7477,14410653556,77.60
7478,531084861,5000.00
7479,325126062,1580.20
7480,548140948,485.10
7481,531084861,5000.00
7482,239782276272,269.00
7483,426376046,786.50
7484,464092233,2097.90
7485,126343955,703.00
7486,393759279,1857.00
7487,414543496,854.50
7488,531084861,5000.00
7489,18773070619,84.00
7490,484805573,2172.70
7491,11796945621,196.80
7492,16977296037,58.80
7493,583640316,486.20
7494,12816605074,160.60
7495,99599949202,277.50
7496,415068200,1416.90
7497,354938460297,336.30
7498,383471641,813.20
7499,3753846715274,11.30
7500,21886139970,207.70
7501,393830420,989.80
7502,177437779322,352.40
7503,129667342873,345.80
7504,390211390,1821.20
7505,133164624423,279.80
7506,250057789,3053.90
7507,252252847611,268.90
7508,5861285494,162.60
7509,990043566,471.90
7510,297903586,1117.20
7511,410918890,1208.10
7512,329264660,1652.40
7513,99599949202,277.50
7514,382735836,859.00
7515,419716218,784.50
7516,22526741007,66.40
7517,320982023,1918.50
7518,57169484606,61.80
7519,574665071,3198.80
7520,27288732479,208.70
7521,307370427,1090.20
7522,425637500,848.50
7523,12348580210,190.10
7524,243144574,811.70
7525,434506114,2328.30
7526,481106307,2430.70
7527,500335545,2284.10
7528,356483257,1631.80
7529,105244005376,372.20
7530,225060876,555.30
7531,11726765615,419.90
7532,332226435,1056.10
7533,1459205596396,39.40
7534,432294957,2001.40
7535,160787505,1028.20
7536,506318480,3367.10
7537,429330968,2622.10
7538,5589245553,105.50
7539,30023798518,191.50
7540,1877076346,474.60
7541,444734072,605.10
7542,373860264,855.30
7543,387844838,1714.80
7544,243396643,3679.80
7545,893249495,477.60
7546,481110952,736.60
7547,420494195,642.60
7548,218897116,557.00
7549,1472557491,479.60
7550,398496136,1422.60
7551,156348111,1394.00
7552,1371110800601,30.70
7553,299084332,1318.70
7554,15797251423,94.70
7555,126224194,587.60
7556,22980057867,88.10
7557,360916071979,314.40
7558,400484200,711.80
7559,137896234289,236.10
7560,329309779039,293.90
7561,2958014989,459.30
7562,20813894687,75.30
7563,410327294,1206.70
7564,56884706229,70.90
7565,378379768,1474.00
7566,398270815,4626.20
7567,393829734,790.80
7568,531084861,5000.00
7569,408624382,665.90
7570,233897014,903.40
7571,240551756,909.30
7572,310918526,1076.10
7573,400489179,661.30
7574,1296452509404,40.10
7575,4529215511,441.20
7576,137762657,1727.50
7577,412102082,1284.90
7578,393826255,2014.90
7579,446342512,4920.60
7580,472236217,2177.20
7581,430261488,559.70
7582,50623935111,239.70
7583,91908915929,227.10
7584,513653251,2145.10
7585,405659289,731.80
7586,8681392253,145.10
7587,4539260191,105.90
7588,395945799537,338.70
7589,394350748,1352.00
7590,310332243,1310.80
7591,309210223567,357.00
7592,402702829,792.90
7593,506259779,2884.20
7594,232419922,819.40
7595,372386497,661.50
7596,468157321,3278.20
7597,147795741,747.00
7598,435272272,650.90
7599,9141501358,177.90
7600,39566364703,216.80
7601,8689426038,179.50
7602,212483447,632.50
7603,207802097692,340.30
7604,606616181,3369.00
7605,464605722,3169.60
7606,72533375141,268.00
7607,7528022183,121.20
7608,14918807066,106.60
7609,195992098,1358.70
7610,384208922,894.70
7611,400275773,1485.40
7612,531084861,5000.00
7613,46259970417,69.70
7614,494426491,983.50
7615,4128602227,166.00
7616,12359806642,417.70
7617,531084861,5000.00
7618,149837373,1473.60
7619,55066272762,255.00
7620,423416222,986.30
7621,495159397,2848.30
7622,469045790,3729.10
7623,471492980,2350.00
7624,408556513,1337.40
7625,397533007,2483.40
7626,319796807,1022.30
7627,103641237,1091.90
7628,48354052577,404.10
7629,518094964,843.80
7630,1546633801,124.60
7631,331172334,494.70
7632,131523094,912.30
7633,502560671,4241.00
7634,1554059667135,10.20
7635,975222780,493.80
7636,18791613997,89.60
7637,381335428,1657.80
7638,486167721,584.20
7639,516969483,3587.90
7640,211710193,800.00
7641,73768551302,394.70
7642,328084083,1463.40
7643,460527225,578.90
7644,206163085,2943.30
7645,8108598957,175.90
7646,200398747999,369.20
7647,1701218523732,33.40
7648,438947418,730.00
7649,467270243,3022.70
7650,453955035,3114.00
7651,530291269,3097.20
7652,375807424,506.60
7653,402637518,1471.20
7654,28519800295,415.20
7655,1193427940,489.50
7656,114868821726,281.70
7657,446422131,600.90
7658,310920930,1524.10
7659,232050189,722.20
7660,584430577,3613.50
7661,222923292,617.70
7662,6502095853,129.00
7663,2241195097,465.90
7664,475638826563,39.80
7665,12323702857,85.70
7666,401454874,1392.50
7667,341100204,1421.80
7668,430606102,606.30
7669,442642824,2021.90
7670,17912848752,212.10
7671,401741732972,294.60
7672,237815700,610.50
7673,4381588240,122.60
7674,208575147456,324.60
7675,446861514,3635.50
7676,28760806621,191.40
7677,452181260,3620.20
7678,415065585,1574.80
7679,379171314,622.90
7680,216515143,894.40
7681,440425341,2330.20
7682,306778198,1854.20
7683,477920044,3123.30
7684,517347670,683.90
7685,2332609351,466.90
7686,234322119030,317.20
7687,531084861,5000.00
7688,392589704746,348.50
7689,332811326,1409.40
7690,182680706,1415.20
7691,103173630,1125.30
7692,484803623,2853.30
7693,3260121692,145.70
7694,19492322473,204.00
7695,9467270201,437.30
7696,341691336,1280.80
7697,467793981,740.20
7698,246884815,632.10
7699,531084861,5000.00
7700,1112483274692,36.20
7701,775124276764,40.50
7702,490719002,2980.70
7703,1481009738323,19.60
7704,458202652,574.10
7705,537385423,3838.20
7706,253245590,619.50
7707,310331231,1442.00
7708,307374391,1647.50
7709,246280784133,362.00
7710,4103847038,163.10
7711,310331147,1940.50
7712,20438941846,79.80
7713,102387853342,253.90
7714,531084861,5000.00
7715,171974869,640.10
7716,498863934,2170.50
7717,497447325,3554.30
7718,27182794016,419.50
7719,319209049,1861.10
7720,393826045,4388.50
7721,389031825,1323.10
7722,444124291,2015.00
7723,389624855,1051.10
7724,19260725824,195.30
7725,126347373,690.00
7726,4237119475855,5.20
7727,476668048,678.30
7728,157983076167,284.40
7729,509220446,883.70
7730,207721198,621.70
7731,553773363397,29.00
7732,176395853402,355.10
7733,199135644,907.10
7734,338735297,1576.50
7735,406776918,1028.10
7736,369763802845,285.70
7737,2070305826646,44.90
7738,168183487,1850.80
7739,377783744,1882.90
7740,166803503008,275.60
7741,319206561,1932.10
7742,28786327906,401.70
7743,135500537332,358.20
7744,334593578,1122.60
7745,58340826747,248.30
7746,464092022,851.20
7747,524958747,3901.50
7748,86972495123,249.20
7749,8647058310,174.20
7750,409738734,1381.00
7751,206161399,796.50
7752,344056328,1143.90
7753,395305561,2093.50
7754,1943343463,144.90
7755,202462475,920.20
7756,503295000,2706.10
7757,203685079,1957.90
7758,372378902,4505.30
7759,482267190,490.60
7760,403448251,698.60
7761,225141054,545.20
7762,574667623,513.50
7763,162341739,826.40
7764,3962900369,128.90
7765,437429611,551.40
7766,480398376,645.10
7767,313292373,1203.90
7768,427855708,663.80
7769,378380907,1768.80
7770,364172907,1843.50
7771,3116512815,103.80
7772,364770153,1648.70
7773,380152363,1786.90
7774,48937792701,236.60
7775,531084861,5000.00
7776,531084861,5000.00
7777,585032241345,43.00
7778,400861212,1085.00
7779,103245252,1033.70
7780,154921638851,240.30
7781,365364153,1356.90
7782,12656446795,109.80
7783,3818899708158,47.40
7784,514394222,2606.50
7785,3254785645,461.50
7786,358261418,1664.50
7787,168269412,644.70
7788,361806945,1910.00
7789,212076250,870.10
7790,118756131586,257.20
7791,14628570275,94.80
7792,400481550,714.40
7793,202460842,748.50
7794,440537878,492.50
7795,479625736,2602.60
7796,418974193,4181.10
7797,228720318,733.70
7798,1853252042,122.80
7799,510705407,654.40
7800,392582201,1781.80
7801,984464334,458.60
7802,511429812,2696.40
7803,6325268975,108.30
7804,334593367,1635.20
7805,358257412,1743.10
7806,242814557747,256.80
7807,1955548633,141.50
7808,485913989,3145.70
7809,720570193890,34.80
7810,531084861,5000.00
7811,401966181,2042.50
7812,92454657975,227.00
7813,454482543,807.20
7814,151291050424,274.50
7815,268501241200,279.30
7816,10695214712,159.60
7817,202503173,1645.50
7818,387168652,705.60
7819,146539956894,379.60
7820,145059016267,278.90
7821,531084861,5000.00
7822,344055485,1769.40
7823,45142412928,86.00
7824,312694283,1414.10
7825,378299763,2998.70
7826,375419638,1896.50
7827,517352043,788.50
7828,147432560,567.20
7829,13647245470,187.70
7830,601665418,521.50
7831,325123574,1023.30
7832,89402020459,312.10
7833,327492108,1404.20
7834,476675505,2876.60
7835,74554608381,251.20
7836,385689915,2873.50
7837,200980639,808.20
7838,1546633801,124.60
7839,307372957,1282.20
7840,2881383509255,14.40
7841,417224174,545.10
7842,101629871007,391.80
7843,455961690,2297.10
7844,445779993,599.40
7845,447087331,2301.00
7846,458388399,3560.90
7847,393834111,748.60
7848,22998279989,390.30
7849,12722698686,107.50
7850,228352715,711.00
7851,403439926,591.10
7852,216903875,642.80
7853,257532403,605.60
7854,119928156592,230.20
7855,196174371,887.50
7856,15060834297,93.90
7857,192186488011,367.00
7858,480373397,704.90
7859,252316979,540.50
7860,499597420,826.00
7861,151420960648,272.90
7862,236633925705,361.50
7863,189146776,683.20
7864,531084861,5000.00
7865,514390743,843.90
7866,393169074,1602.10
7867,402710314,2276.60
7868,337545021,1632.50
7869,207640652,978.10
7870,195433772,702.10
7871,119713841480,235.50
7872,451672857712,38.20
7873,562756226,541.40
7874,124373043,706.70
7875,531084861,5000.00
7876,215965167,570.20
7877,531084861,5000.00
7878,352343815,1086.50
7879,11796945621,196.80
7880,302048636,1653.50
7881,413291599,1344.10
7882,531084861,5000.00
7883,307959282,1472.80
7884,322756853,1701.60
7885,173212979,1128.90
7886,49348652332,206.60
7887,310326593,1527.40
7888,425638241,745.10
7889,269795167156,269.80
7890,531084861,5000.00
7891,421212566,653.20
7892,328082607,1571.70
7893,1853252042,122.80
7894,429331759,2018.30
7895,3675420459,113.70
7896,20824709219,197.50
7897,8298178200,174.70
7898,398497274,1014.80
7899,59067035432,64.80
7900,409746019,556.70
7901,408553983,1334.20
7902,380152869,1501.80
7903,21814830544,55.80
7904,3312273384,141.90
7905,107073243688,296.50
7906,29257147447,415.10
7907,2965731723,133.40
7908,1928407192,113.10
7909,11347484531,166.50
7910,301453245,1084.80
7911,26903330203,421.70
7912,320980336,1660.50
7913,338137165,1037.00
7914,476837275,586.50
7915,157827333,1455.80
7916,235006178,933.20
7917,611943833,3712.40
7918,5301558075045,13.40
7919,173212979,1128.90
7920,2055736680,143.00
7921,84194636967,238.50
7922,33509500316,196.00
7923,3675420459,113.70
7924,373119504,2731.60
7925,699779085,484.90
7926,398264964,868.20
7927,387944959,580.00
7928,347509104829,356.90
7929,531084861,5000.00
7930,8799003140,176.50
7931,228615624261,260.00
7932,179481282514,369.50
7933,3127150018,124.50
7934,160787505,1028.20
7935,501143390,547.70
7936,378374370,1494.80
7937,498856133,2686.80
7938,333410259,1016.30
7939,301457420,1296.00
7940,603067365,3102.60
7941,3970471149,151.90
7942,814734246,462.70
7943,4585333886,113.20
7944,244571663,529.70
7945,262669336,535.20
7946,206784326217,329.60
7947,383111860,1043.90
7948,9712098381,115.20
7949,3583593868484,15.30
7950,194975862556,297.20
7951,115495877432,234.00
7952,205051946,2569.00
7953,226594070424,249.70
7954,227997620,570.10
7955,18803209429,92.20
7956,442909339,527.70
7957,22685707114,58.70
7958,482594530,658.00
7959,158263440295,291.80
7960,1912096043,120.20
7961,376816926,2875.20
7962,428593087,719.80
7963,507208847,3577.00
7964,494422801,4011.00
7965,481846805,752.60
7966,8317292705,176.90
7967,69931531250,248.90
7968,437466835,2025.80
7969,387175124,909.90
7970,508472360,979.00
7971,2043350649,472.50
7972,355304451,1803.60
7973,234271798,658.40
7974,193506386852,375.90
7975,178539008,1330.10
7976,11938118718,80.80
7977,49513242912,81.70
7978,1622987636,480.00
7979,202797748,1221.60
7980,331041557,1294.00
7981,430073046,810.50
7982,531084861,5000.00
7983,57528776386,71.70
7984,434010998265,297.70
7985,4302016145,455.20
7986,1912096043,120.20
7987,451672857712,38.20
7988,475926628,2902.00
7989,407142065,2334.60
7990,350567594,1032.50
7991,65430345462,401.40
7992,531084861,5000.00
7993,362401872,1899.30
7994,470014201,4595.80
7995,5400954242,172.10
7996,237596413,846.20
7997,467795980,2589.70
7998,31814020976,402.90
7999,490744934,650.60
8000,167295882,1113.70
8001,5104817749,116.40
8002,409735361,1113.90
8003,176354567466,337.70
8004,412787832,573.40
8005,17439124599,57.70
8006,536142891,485.80
8007,454480801,701.10
8008,441904120,4166.50
8009,28943393926,98.80
8010,455730012,3155.50
8011,399008893556,304.90
8012,255660809493,260.90
8013,453004940,691.90
8014,451523193,2909.70
8015,1950247391,457.00
8016,188036897,4106.30
8017,480367392,2551.70
8018,515130554,2549.90
8019,367133037,1566.80
8020,458133027701,320.40
8021,3312273384,141.90
8022,7844454046,439.70
8023,356487853,1340.50
8024,1338643576,467.00
8025,374829645,1141.00
8026,475194497,719.60
8027,161083240,1189.50
8028,498332379,3076.50
8029,223592266,600.50
8030,12003970181,165.60
8031,318018182,1913.60
8032,501082735,2401.30
8033,379775959,2880.60
8034,191736392,700.10
8035,489249554,753.00
8036,358262852,1523.30
8037,155060075359,280.20
8038,360628603,1040.90
8039,435253094,792.40
8040,327489072,1190.10
8041,498894249,545.00
8042,254978178,865.60
8043,651348456,506.80
8044,433769835,861.00
8045,393766026,1114.20
8046,11482443985,186.20
8047,586208464,3338.00
8048,494787484,3855.40
8049,532060807,3194.30
8050,12361641079,430.50
8051,387169484,979.90
8052,476151329,3716.50
8053,31110351078,97.20
8054,1003039379968,25.90
8055,31498822671,196.50
8056,28939822566,189.60
8057,188003930,1342.60
8058,430071149,757.40
8059,492206531,2184.90
8060,475933955,999.30
8061,464096344,4824.50
8062,329856805,1094.80
8063,416758291,2813.60
8064,81957140558,219.60
8065,374239187,1652.90
8066,351155141,1202.60
8067,17339615625,195.10
8068,341102903,1050.20
8069,103641237,1091.90
8070,41301751922,89.50
8071,1517925536,473.80
8072,316838449,1133.40
8073,531084861,5000.00
8074,13392411657,164.30
8075,115276532,1573.50
8076,418983101,2758.70
8077,414538911,981.50
8078,338735592,1468.00
8079,334485693,517.70
8080,334588602,1199.70
8081,307962655,1409.30
8082,374235519,1323.90
8083,531084861,5000.00
8084,10209470869,176.70
8085,499598500,675.90
8086,531084861,5000.00
8087,118928739607,350.20
8088,110281851130,297.80
8089,340503590,1007.70
8090,329268118,1851.30
8091,201657115257,257.10
8092,113069430139,266.30
8093,6506547495,174.00
8094,388440566,1212.00
8095,444868657,679.00
8096,1943343463,144.90
8097,472230419,792.30
8098,102326862988,348.70
8099,329854106,1082.20
8100,460400662,2706.50
8101,397904962,1163.60
8102,400482869,2460.60
8103,81541443445,396.80
8104,416021274,2103.40
8105,304412026,1648.30
8106,163327908,908.80
8107,240744323,556.90
8108,404927533,4538.30
8109,14655003650,416.00
8110,206350571,1833.50
8111,323351949,1508.30
8112,359783757598,336.50
8113,419712423,919.10
8114,286275876997,261.80
8115,456705244,2352.10
8116,289660960057,272.60
8117,463721870,3019.10
8118,214389198712,316.50
8119,381994233,871.70
8120,531084861,5000.00
8121,1779886466,477.90
8122,426372251,945.80
8123,153221267,951.80
8124,8933278631,190.90
8125,432497806,598.50
8126,347610837,1676.70
8127,468090738,615.30
8128,261002445,592.80
8129,430073046,2640.70
8130,515128867,990.80
8131,8094044720,440.70
8132,501822757,4119.60
8133,384955849,2224.50
8134,50623935111,239.70
8135,1764869997,476.60
8136,368177916167,354.10
8137,115276532,1573.50
8138,487024954,2259.60
8139,405546401333,342.40
8140,493010989,3896.40
8141,409735994,1509.20
8142,23546338297,407.50
8143,3057075828342,3.70
8144,6601597064,161.60
8145,394565645,947.70
8146,438943610,2114.30
8147,506327082,3468.90
8148,361922455999,40.90
8149,402640596,1531.70
8150,517028265,612.20
8151,113499902692,259.70
8152,258784211,522.00
8153,318614923,1980.80
8154,2808747807,118.60
8155,424900166,906.30
8156,449302026,738.10
8157,411584199,2886.20
8158,515135509,2084.10
8159,515201590,3191.50
8160,72095805205,215.80
8161,275547107519,275.70
8162,350568184,1021.60
8163,515870630,678.70
8164,1923363658393,46.70
8165,38933683088,87.40
8166,45379458657,405.30
8167,133573363763,359.10
8168,8303228999,114.00
8169,399741634,2213.70
8170,224316980,3054.70
8171,348790740,1103.60
8172,4247860998,149.70
8173,316250479,1466.20
8174,365762417180,292.20
8175,558944861,523.30
8176,513654569,2551.80
8177,478890880,2958.80
8178,362404740,1199.40
8179,1406330202,482.70
8180,40742875496,199.30
8181,345830947,1670.40
8182,17686935895,406.70
8183,1928407192,113.10
8184,442648664,709.20
8185,4215039183,451.80
8186,2103245799135,33.70
8187,365953261,1708.20
8188,373645820,1175.10
8189,41265975337,408.60
8190,266545772,531.40
8191,1689812676,455.90
8192,185637778,1142.50
8193,192442839,1689.30
8194,605734607,3913.20
8195,24930629933,182.50
8196,433029497,2052.40
8197,378374455,1398.40
8198,2334803812037,7.40
8199,12115692115,168.20
8200,137960249,1401.50
8201,303819460,1344.50
8202,113756744228,384.70
8203,407141460,674.10
8204,383480109,676.50
8205,223542901,914.50
8206,2379060234,452.60
8207,14410653556,77.60
8208,141207233041,270.80
8209,20892219989,178.70
8210,167736981982,292.00
8211,72533375141,268.00
8212,531084861,5000.00
8213,107048959690,386.60
8214,4057752147,456.70
8215,134571950174,355.50
8216,479628740,2917.00
8217,453954972,3137.30
8218,467791552,762.30
8219,6922103858,179.10
8220,1049067991868,38.10
8221,531084861,5000.00
8222,493900154,3455.90
8223,4772515875,116.90
8224,340506880,1031.20
8225,3798696667,151.50
8226,107190686,1313.50
8227,417493358,867.60
8228,452259472,4985.30
8229,531084861,5000.00
8230,606626491,3379.20
8231,303227906,1182.30
8232,381250416,954.90
8233,418974825,2141.40
8234,1928407192,113.10
8235,338729098,1791.10
8236,877165231771,19.10
8237,32074530506,403.60
8238,156348934,1123.10
8239,399683924,1502.60
8240,470012514,2095.90
8241,126224194,587.60
8242,115279006,1371.50
8243,93331796183,226.90
8244,7083398126,433.60
8245,74724319775,291.90
8246,166014871151,358.80
8247,424151131,4286.00
8248,1356149186,481.50
8249,1522952950,477.50
8250,531084861,5000.00
8251,417035346,614.80
8252,1546633801,124.60
8253,536476515,522.10
8254,462834033,3376.00
8255,3139295336,134.70
8256,342871365,1503.40
8257,453736301,2053.80
8258,57708717122,399.40
8259,227997620,570.10
8260,378466483756,335.70
8261,358255388,1701.20
8262,150998988,970.10
8263,305593995,1284.60
8264,531084861,5000.00
8265,115053090417,234.30
8266,502772131,3075.10
8267,142964781957,282.10
8268,521406642,3090.30
8269,7910330695,444.70
8270,7179576363,185.40
8271,152502675,1023.90
8272,411517781,1559.70
8273,186228805,1064.50
8274,143335121724,237.20
8275,33523867313,93.10
8276,531084861,5000.00
8277,54753210382,76.40
8278,393094193,757.80
8279,243881435,741.60
8280,6938311348,139.30
8281,531084861,5000.00
8282,473714838,997.10
8283,368319391,1640.00
8284,88620363028,389.50
8285,607964560918,47.70
8286,7969583024,186.00
8287,1407910152174,3.00
8288,472971073,874.90
8289,360623711,1894.50
8290,531084861,5000.00
8291,28352070658,405.90
8292,302634202,1792.00
8293,375419596,1286.30
8294,520315346,2436.80
8295,24157683107,421.20
8296,384214457,839.10
8297,427110375,2127.90
8298,247951185,884.20
8299,294171991,522.40
8300,419713108,2219.10
8301,531084861,5000.00
8302,973834729,495.30
8303,203093230,1863.00
8304,38730014906,202.50
8305,374234717,1969.00
8306,40479404239,408.00
8307,232790619,854.10
8308,6393156890,139.10
8309,335776390,1540.90
8310,262434755067,365.90
8311,10052820632,94.60
8312,516609386,921.50
8313,161377246,1579.00
8314,111337158748,256.30
8315,303229593,1909.10
8316,215775280,965.30
8317,3789625691,146.80
8318,22998279989,390.30
8319,224050669284,307.30
8320,328078306,1816.20
8321,333998018,1612.60
8322,531084861,5000.00
8323,209121702,731.60
8324,393087920,4634.00
8325,351753273,1333.50
8326,256115379,639.20
8327,440232462743,298.70
8328,413797629,737.70
8329,531084861,5000.00
8330,320977595,1222.10
8331,2473437803167,40.40
8332,208575147456,324.60
8333,204690689,646.80
8334,161384469371,272.70
8335,118928739607,350.20
8336,154697604707,275.80
8337,47830512705,66.10
8338,3621814022,136.90
8339,381924789,1271.50
8340,25513866394,207.90
8341,107190686,1313.50
8342,394354796,1079.20
8343,429330072,898.10
8344,399002350,2301.40
8345,22155287402,183.60
8346,186207545,641.90
8347,12285975563,51.70
8348,5104817749,116.40
8349,505517859,2063.70
8350,243144126,2279.30
8351,480366707,771.90
8352,122330345774,254.60
8353,6188908159,138.60
8354,397623256,599.00
8355,211706211,692.90
8356,443389054,662.30
8357,62105139665,255.20
8358,48409761430,221.40
8359,469274231,2792.20
8360,490726393,678.40
8361,349973004,1499.40
8362,3636702273,139.70
8363,12013720094,187.20
8364,439686953,836.10
8365,122806635817,228.50
8366,6979029021,123.70
8367,318611043,1805.30
8368,403458573,649.20
8369,192442839,1689.30
8370,475261721,3423.80
8371,3050441581,118.40
8372,427850959,719.10
8373,49024055539,390.00
8374,371274250,1244.40
8375,450039934,832.40
8376,220141848,517.90
8377,196736204960,315.50
8378,366547345,1097.00
8379,164039574,1297.70
8380,243396643,3679.80
8381,202041691,568.50
8382,1373067593,484.40
8383,350569576,1171.50
8384,1993370615,452.10
8385,64832205030,218.20
8386,50623935111,239.70
8387,643814073904,11.80
8388,201721109,791.40
8389,531084861,5000.00
8390,405594696,1093.60
8391,320388150,1575.60
8392,416755128,2044.20
8393,506992316,2204.70
8394,506261307,975.80
8395,308551004,1404.30
8396,211710193,800.00
8397,323346003,1007.20
8398,7862734794,141.80
8399,442644774,930.20
8400,481849281,4040.00
8401,553728959000,42.80
8402,353529115,1218.30
8403,468534895,2822.20
8404,354114048,1968.20
8405,16409516834,212.70
8406,390868909,2236.00
8407,489980614,923.10
8408,545329863,521.40
8409,364769099,1082.90
8410,69166817062,215.00
8411,334967549064,304.10
8412,317432448,1466.60
8413,299679849,1877.10
8414,313288409,1068.30
8415,238856547,590.80
8416,42486302531,72.10
8417,345832550,1023.60
8418,1484218370,477.40
8419,73887635860,265.50
8420,411518034,1360.20
8421,55118484254,239.10
8422,948034945217,31.20
8423,498855659,896.40
8424,188779870,864.10
8425,405001498,1173.50
8426,3376927741,162.20
8427,463359538,878.80
8428,460399819,914.10
8429,1020303055,491.60
8430,2682954405191,41.90
8431,493379860,482.30
8432,472228363,2068.00
8433,326305079,1917.40
8434,116932173089,234.90
8435,541828970,3496.40
8436,326309506,1072.10
8437,161686992,547.00
8438,396044740,829.40
8439,196880208,1471.60
8440,156476088113,337.40
8441,339868232458,347.80
8442,213434096524,330.90
8443,380744676,1575.70
8444,334229372654,276.90
8445,327487469,1694.30
8446,220585093,710.90
8447,246884815,632.10
8448,3865287181,149.60
8449,328079487,1387.50
8450,163122571637,323.90
8451,421200592,733.50
8452,2664915663317,14.20
8453,220420197865,333.60
8454,9862809189,53.00
8455,358849598,1135.60
8456,222811225,654.00
8457,20312885018,178.90
8458,487028591,4484.90
8459,107073243688,296.50
8460,563127876,3883.20
8461,301457251,1360.40
8462,509215544,904.30
8463,387169010,889.40
8464,531084861,5000.00
8465,409741939,1789.80
8466,361812933,1162.80
8467,492941545,2497.00
8468,396724342,1447.90
8469,3264161057758,41.10
8470,220519592,554.40
8471,313285205,1037.20
8472,531084861,5000.00
8473,225585766395,329.50
8474,407206298,634.20
8475,298493748,1527.10
8476,460403087,868.40
8477,466312352,805.80
8478,506319682,3191.40
8479,1204009728797,38.90
8480,15852302329,53.50
8481,2588088054,452.50
8482,352345291,1351.60
8483,49925190466,58.00
8484,404925952,2824.30
8485,235745857,959.80
8486,73887635860,265.50
8487,610888768781,30.30
8488,299677867,1765.20
8489,380742314,1801.70
8490,250168947,691.60
8491,384956271,2003.50
8492,462587933,534.50
8493,7554263237,119.30
8494,425111863830,311.40
8495,1338643576,467.00
8496,421939668,678.10
8497,105682806747,225.40
8498,329982697,501.80
8499,159128197727,295.10
8500,74724319775,291.90
8501,336364443,1331.60
8502,4375608268,48.10
8503,378293227,2637.30
8504,206162907,712.50
8505,412106636,1156.60
8506,172696230,766.40
8507,199141822946,247.40
8508,323940551,1414.40
8509,458923535,727.00
8510,110168529809,384.00
8511,383705986,1909.40
8512,175580796,1195.10
8513,504039713,2645.20
8514,426376890,2489.90
8515,151291050424,274.50
8516,219858052891,298.90
8517,5683580342,437.50
8518,235850918,3504.70
8519,316842792,1418.70
8520,46632320746,82.10
8521,150728035,1232.20
8522,355303270,1497.30
8523,309144160,1381.30
8524,487021422,4787.70
8525,252387363,811.90
8526,424035557823,338.00
8527,190964144,1123.80
8528,167886276,1226.30
8529,7883445677,124.10
8530,55118484254,239.10
8531,300270559,1334.90
8532,401455254,1289.40
8533,2945943067648,33.00
8534,494422116,830.30
8535,403443566,684.30
8536,418974614,799.60
8537,565786642,3872.40
8538,154574420,1264.20
8539,390215481,1119.20
8540,47610871105,76.90
8541,494424225,757.00
8542,442649255,2937.90
8543,15982263917,171.70
8544,12549562346,168.30
8545,19947513004,94.20
8546,231307387,715.20
8547,420459560,2201.90
8548,531084861,5000.00
8549,25889797275,78.30
8550,40619832896,89.20
8551,246059678,3602.50
8552,523646736,538.20
8553,390210547,1740.80
8554,453962562,3267.70
8555,5202643496,116.00
8556,174690514,1119.50
8557,349381745,1436.60
8558,1950247391,457.00
8559,495159292,2020.70
8560,512909065,865.80
8561,697952693,479.10
8562,381257479,4209.60
8563,23054098419,183.00
8564,5400954242,172.10
8565,479708073,633.30
8566,354120374,1812.50
8567,52577189210,404.40
8568,3376927741,162.20
8569,202503468,1588.30
8570,79543129977,257.70
8571,193036648,1945.00
8572,301452823,1181.30
8573,36412924175,199.60
8574,399677093,1821.70
8575,493687893,765.40
8576,319793856,1310.50
8577,473716419,906.20
8578,1574380094302,47.60
8579,523184971,3320.40
8580,480372399,4865.40
8581,167296114,1003.00
8582,433027757,2400.00
8583,102326862988,348.70
8584,2795890762004,43.20
8585,31486375616,94.00
8586,320388614,1138.10
8587,201723033,813.00
8588,467263791,3943.80
8589,154700152,860.70
8590,410102574,2613.30
8591,531084861,5000.00
8592,403820667,1171.40
8593,105936240825,374.50
8594,217995583,934.90
8595,60375388542,260.70
8596,371280491,1686.90
8597,320386590,1645.30
8598,395142849558,343.80
8599,1212223496380,47.30
8600,450032620,493.30
8601,203572336,663.70
8602,179622211104,331.00
8603,223177078,662.00
8604,4891239732510,17.30
8605,4539260191,105.90
8606,29109279492,68.60
8607,351750996,1658.00
8608,207534268,1172.90
8609,203981067,1170.20
8610,184456168,1268.40
8611,127831971,648.40
8612,447828354,2261.70
8613,484068081,790.00
8614,330448569,1151.60
8615,365951026,1679.20
8616,177946674,1016.70
8617,250556853,643.90
8618,203980244,1218.40
8619,531084861,5000.00
8620,302043702,1897.40
8621,119726089,651.80
8622,305006278,1118.70
8623,400863953,1552.50
8624,49842499189,54.00
8625,7623370993,428.00
8626,302634455,1909.90
8627,51605996401,52.00
8628,328085643,1032.10
8629,318541977337,351.30
8630,576441123,3056.50
8631,492201312,2076.90
8632,480372927,776.60
8633,257466689,557.10
8634,5924705108,139.60
8635,44221971812,84.20
8636,308558805,1442.90
8637,403818264,1858.90
8638,23546702773,400.60
8639,133495116,692.10
8640,328677071,1533.80
8641,26715393028,231.90
8642,399747538,2724.90
8643,232052715818,361.60
8644,2510648937290,31.10
8645,23416195158,408.80
8646,312692639,1054.10
8647,512171837,2327.60
8648,6259593933,132.20
8649,15060834297,93.90
8650,471497460,2798.40
8651,349973552,1937.70
8652,501614440,596.30
8653,380514136,819.50
8654,667623007,515.00
8655,43691956004,205.50
8656,128344194770,258.70
8657,601757029,507.50
8658,418241550,4752.50
8659,405801730420,310.20
8660,27288732479,208.70
8661,435076749,533.90
8662,31081183827,95.20
8663,395312045,2337.10
8664,9170012684,155.50
8665,173616818913,278.00
8666,369513614654,350.50
8667,63440535486,216.00
8668,234639751,779.90
8669,450778638,2417.40
8670,74724319775,291.90
8671,531084861,5000.00
8672,228379883463,321.60
8673,456705086,2234.80
8674,500336757,2327.40
8675,25849050499,211.50
8676,931419289,500.30
8677,427849185,2474.50
8678,344057635,1830.40
8679,515135614,798.80
8680,2410309861,442.20
8681,191736392,700.10
8682,27265287105,221.60
8683,504888743,593.20
8684,519634725,637.50
8685,238706841,940.80
8686,212483447,632.50
8687,478149962,2374.50
8688,354114934,1483.60
8689,252316979,540.50
8690,531084861,5000.00
8691,355569955201,331.10
8692,190668684,1072.00
8693,523858898,562.40
8694,4375608268,48.10
8695,85944891101,224.60
8696,21972825732,90.70
8697,31814020976,402.90
8698,393171351,1853.50
8699,347611891,1826.70
8700,23992164181,424.10
8701,245359738,785.20
8702,445409903,548.30
8703,91730657104,244.70
8704,9765411438,195.60
8705,593306476,3826.50
8706,156166081799,355.30
8707,720570193890,34.80
8708,435990059,785.70
8709,137762657,1727.50
8710,47629157379,409.50
8711,192740028,1130.10
8712,415062886,1467.00
8713,377559636,770.00
8714,36558783933,241.00
8715,386428935,2512.80
8716,22152141107,199.50
8717,192740028,1130.10
8718,342285504,1303.70
8719,8154656189,142.40
8720,531084861,5000.00
8721,11457366377,156.60
8722,497385525,2007.90
8723,1263370894469,37.40
8724,168258664,816.80
8725,141700012,538.10
8726,56176444258,226.20
8727,471494824,2270.50
8728,411517950,1469.20
8729,455964942,719.40
8730,15324620585,189.80
8731,531084861,5000.00
8732,531084861,5000.00
8733,416251602,1417.80
8734,7969583024,186.00
8735,446348958,673.20
8736,9308317165,179.20
8737,319209681,1248.40
8738,12050221035,85.00
8739,126105322,645.40
8740,215965167,570.20
8741,501891632,3533.30
8742,19492322473,204.00
8743,2742357953,447.20
8744,466311561,2283.40
8745,85955809409,243.40
8746,60551080415,384.10
8747,531084861,5000.00
8748,531084861,5000.00
8749,505593088,633.40
8750,26609260007,65.80
8751,461052351,3184.00
8752,380156453,1808.20
8753,381996763,965.50
8754,502777571,3325.40
8755,370097342,1713.70
8756,412317896,2918.90
8757,229088461,728.50
8758,427858306,748.00
8759,26151385092,191.30
8760,414473989,1289.20
8761,136732621236,311.20
8762,364178094,1115.50
8763,44299596974,90.60
8764,4468390579529,10.60
8765,371865804,1492.70
8766,8129235786,152.40
8767,320393421,1637.00
8768,169069932,1076.00
8769,43843063752,218.00
8770,373055490,1736.90
8771,1689812676,455.90
8772,448558730,4037.80
8773,424899007,2112.10
8774,350958125157,289.20
8775,116856497,1227.40
8776,1309221347,464.40
8777,390808088,1827.10
8778,3290024575,126.10
8779,3962900369,128.90
8780,203980244,1218.40
8781,491460271,720.50
8782,424157878,778.40
8783,25849050499,211.50
8784,1710537236,478.60
8785,507636171,606.10
8786,58833370712,66.00
8787,401966391,983.40
8788,481107572,815.70
8789,253866233,712.80
8790,679050447,518.00
8791,595082402,3944.60
8792,254058802,598.30
8793,127182378645,323.10
8794,11768876805,197.40
8795,379558490,1524.30
8796,371871918,1404.80
8797,402636590,1796.10
8798,412697220,1271.30
8799,178537974,1160.70
8800,568456920,3250.50
8801,461051719,3159.20
8802,432292527,698.30
8803,241930339,559.30
8804,43829823211,227.40
8805,238032637443,309.90
8806,26160620645,55.10
8807,729697657461,46.90
8808,486796576,3856.80
8809,144844852,647.40
8810,203572323,779.10
8811,55829322879,65.10
8812,505516489,2379.20
8813,478439913722,335.80
8814,9320369536,112.30
8815,610166326,3788.70
8816,19624894517,50.10
8817,38043055526,395.10
8818,531084861,5000.00
8819,383700420,1990.40
8820,470755171,2067.80
8821,536243452,528.60
8822,526738658,3765.90
8823,413290713,1370.90
8824,148196214827,244.30
8825,402051024,1281.20
8826,438210810,2823.40
8827,399744112,2539.50
8828,386437685,2207.00
8829,3923216078433,15.80
8830,415281361,740.80
8831,480372927,4238.40
8832,256861330,636.10
8833,23416195158,408.80
8834,201613566,1809.20
8835,221322387,670.30
8836,202829871,686.40
8837,511434530,723.70
8838,316835918,1661.20
8839,60375388542,260.70
8840,451522560,2081.90
8841,373860896,2914.30
8842,68506994465,242.70
8843,470752325,994.80
8844,485548283,4735.50
8845,3050441581,118.40
8846,877165231771,19.10
8847,336368534,1368.10
8848,35390502492,220.70
8849,18685897113,198.40
8850,26609260007,65.80
8851,50972143371,391.00
8852,8200047687,443.30
8853,170232477,951.60
8854,2871326753548,8.50
8855,189051090988,290.50
8856,301456998,1323.40
8857,314475902,1017.10
8858,470635740923,311.70
8859,156476088113,337.40
8860,489979876,2622.70
8861,3593652428,156.70
8862,357663666,1627.90
8863,3041214728,460.60
8864,451287920,3919.60
8865,8933278631,190.90
8866,361215729,1116.20
8867,10754057586,113.40
8868,511431710,2848.90
8869,193587931,788.30
8870,406778436,1824.20
8871,646651406,503.50
8872,415274610,767.50
8873,303824647,1105.60
8874,531084861,5000.00
8875,416252108,1999.20
8876,419712579,694.20
8877,24848085078,56.70
8878,347608181,1019.40
8879,5328950295787,18.00
8880,404926430,740.50
8881,404179710,2499.80
8882,2146401988272,28.20
8883,189888955,762.70
8884,11335368224,166.40
8885,384948575,809.80
8886,226499460,707.60
8887,472975659,2396.00
8888,166405979,1342.00
8889,512918448,2865.30
8890,12285975563,51.70
8891,321571764,1451.70
8892,87532579904,269.10
8893,365952881,1490.00
8894,499605274,916.60
8895,9949257029,162.50
8896,206181292903,304.30
8897,544495516,3233.90
8898,257568647,702.70
8899,10189241228,161.70
8900,4644884564,449.30
8901,420461194,825.80
8902,1420148008526,42.30
8903,465579551,828.50
8904,12789125737,432.10
8905,27237630772,193.60
8906,16977296037,58.80
8907,531084861,5000.00
8908,196584769,1253.50
8909,6267453013,126.60
8910,455679829,588.90
8911,410842596,2175.30
8912,892633480,498.80
8913,464834785,813.60
8914,321576233,1909.70
8915,459662696,940.90
8916,53663565077,406.10
8917,3276904723,155.10
8918,372460436,1335.40
8919,86961919083,395.60
8920,173616818913,278.00
8921,416249241,1379.30
8922,286883215149,284.80
8923,14293397566,73.50
8924,71986798559,244.00
8925,206534420,659.30
8926,234999515,577.00
8927,304408610,1766.10
8928,415065838,1707.30
8929,218841907106,337.60
8930,227609358,781.70
8931,238706841,940.80
8932,377562219,967.50
8933,505530111,657.50
8934,220953616,742.10
8935,416250084,1261.10
8936,54428224657,407.60
8937,5277050284,111.30
8938,438951886,2850.90
8939,362992794,1126.40
8940,394355977,1179.70
8941,388440735,1587.80
8942,395312256,2527.80
8943,619932971,3256.80
8944,380516245,2369.30
8945,203094284,1310.30
8946,4904898581575,14.50
8947,169661717,1884.50
8948,359444020,1521.10
8949,531084861,5000.00
8950,38719786077,91.70
8951,354117548,1201.10
8952,9765411438,195.60
8953,504777258,2197.10
8954,515193493,3148.20
8955,89402020459,312.10
8956,20000021222,52.20
8957,53996472704,401.10
8958,4672349424696,13.10
8959,193627970,1275.30
8960,193628793,1254.50
8961,142453453089,237.10
8962,467795295,2411.70
8963,26957387723,205.40
8964,55380653426,388.80
8965,177946674,1016.70
8966,40038656555,82.40
8967,104215406265,385.40
8968,50134235624,369.70
8969,376009842,1704.10
8970,1825099727702,15.70
8971,686759282,512.00
8972,378968792,1205.40
8973,7738966615,124.80
8974,359442248,1566.30
8975,403226541,1941.30
8976,50453506656,71.40
8977,531084861,5000.00
8978,441165047,763.40
8979,21886139970,207.70
8980,219099592027,329.20
8981,467059806,2413.80
8982,506991420,2107.40
8983,235850918,3504.70
8984,376820457,951.30
8985,182089763,1538.50
8986,22226267617,62.10
8987,245748047,644.40
8988,501081470,4474.90
8989,458177803,2237.90
8990,487930677369,324.00
8991,331636020,1497.50
8992,56065333919,362.40
8993,239737767,530.90
8994,323939792,1405.70
8995,13427242832,81.20
8996,50658175277,383.30
8997,483330642,2801.80
8998,43429257579,233.30
8999,169069510,1264.70
9000,10584561939,178.20
9001,369193161939,289.30
9002,430808746,2749.40
9003,478145797,4150.70
9004,520314029,2625.10
9005,499228185,3251.40
9006,531084861,5000.00
9007,582653323,3564.00
9008,1932344457122,15.60
9009,76725246678,251.30
9010,12975341722,98.50
9011,383108487,1601.60
9012,470550535,607.50
9013,406851082,497.90
9014,227160866,513.90
9015,382520433,1740.20
9016,370089962,1328.00
9017,49749360970,62.50
9018,157173183,548.10
9019,470019016,664.30
9020,1861773989,450.10
9021,182090059,1142.60
9022,244993733,2080.10
9023,86499605993,392.70
9024,655041641744,19.30
9025,392347477,809.90
9026,488500886,936.10
9027,352340990,1498.60
9028,67130160899,238.00
9029,55066272762,255.00
9030,511658712,565.80
9031,603964057,3580.20
9032,322166100,1377.90
9033,171307498471,377.20
9034,531084861,5000.00
9035,531084861,5000.00
9036,34741611968,92.10
9037,531084861,5000.00
9038,173560622,579.80
9039,166113681,1177.30
9040,252760036,872.70
9041,489459326,3136.50
9042,199874296,2047.60
9043,427853296,865.00
9044,411515673,1272.80
9045,38437926802,202.60
9046,541826756,3942.30
9047,453009561109,331.50
9048,49024055539,390.00
9049,8689426038,179.50
9050,531084861,5000.00
9051,15387082139,55.60
9052,501079049,668.00
9053,344646743,1396.30
9054,158152182,928.50
9055,211079335605,326.20
9056,233599754405,369.40
9057,189700411452,290.70
9058,175356447050,292.50
9059,9553297544,189.50
9060,166286186,816.30
9061,495166408,4741.40
9062,31397751318,212.00
9063,239737767,530.90
9064,521440609,538.70
9065,42028066406,81.90
9066,2732947813,460.80
9067,396792879,843.10
9068,299676855,1513.30
9069,10321778093,154.90
9070,258677682,2060.50
9071,315062986,1688.40
9072,310332117,1353.90
9073,396792141,2698.60
9074,247353745516,321.90
9075,207640652,978.10
9076,79421278022,396.30
9077,531084861,5000.00
9078,4181151659,456.90
9079,208008396,2009.20
9080,7172891669,128.60
9081,303820809,1374.60
9082,18452342491,87.30
9083,548923313,3228.80
9084,1335147879767,19.40
9085,64661471146,211.30
9086,133495116,692.10
9087,32355148235,216.30
9088,378294281,4055.70
9089,256457089,793.90
9090,455222474,669.20
9091,40593271766,234.50
9092,1853252042,122.80
9093,97973160981,251.90
9094,9245979317,116.70
9095,1054835799,494.40
9096,154945824,794.90
9097,161733485077,300.40
9098,31397751318,212.00
9099,1368715094688,47.90
9100,99696070,1331.50
9101,513654780,4563.30
9102,381996657,2546.50
9103,263955580869,275.20
9104,166112985,1615.80
9105,475263113,3653.20
9106,472229826,710.10
9107,379775116,894.20
9108,408555037,1558.60
9109,531084861,5000.00
9110,244636520,645.70
9111,991942295478,44.80
9112,967410533,495.50
9113,367138856,1532.40
9114,46007487490,59.20
9115,458919195,823.60
9116,341097506,1835.30
9117,649648380524,43.60
9118,506550666,535.10
9119,320976794,1356.70
9120,339912079,1001.20
9121,195780173103,307.50
9122,320981138,1138.30
9123,808420703,496.00
9124,495903583,2088.50
9125,19427969568,426.40
9126,170232477,951.60
9127,105022603024,248.50
9128,319796976,1346.00
9129,504765620,558.10
9130,405598828,1464.90
9131,703519968,482.50
9132,216515197,747.80
9133,387314473153,303.60
9134,949323740572,26.00
9135,19963275286,92.80
9136,508479950,2285.00
9137,24879995542,67.50
9138,353527513,1067.60
9139,531084861,5000.00
9140,11851254786,435.80
9141,580876638,3822.30
9142,236115394,841.40
9143,397903401,1257.80
9144,616095719,479.70
9145,303227274,1233.30
9146,82294947885,241.10
9147,476670445,2800.20
9148,128183953476,382.40
9149,307963751,1261.70
9150,3389152015,145.60
9151,4303275452923,12.20
9152,397904287,1737.00
9153,107481140551,228.10
9154,393398083,496.50
9155,189485956,1040.10
9156,378973894,1221.50
9157,377786528,1103.90
9158,386072918,1374.80
9159,408556133,1464.50
9160,438206171,834.50
9161,172711222198,353.60
9162,357076919,1306.40
9163,185137996478,370.30
9164,467055589,2209.80
9165,398070886,581.60
9166,354712686,1186.80
9167,396049853,4279.80
9168,218841907106,337.60
9169,398270657,2822.90
9170,20964968852,426.10
9171,168258664,816.80
9172,446857086,3627.00
9173,126795484798,274.90
9174,5902010016,105.00
9175,376815397,4822.10
9176,7380630037,120.40
9177,30084223395,398.90
9178,102851304,1001.50
9179,374602921,994.60
9180,359445580,1425.30
9181,243234531,622.40
9182,187118560,1191.40
9183,347604638,1464.80
9184,304413586,1444.90
9185,390869857,2092.60
9186,166407898,1513.00
9187,3944420336,163.70
9188,209859716,850.20
9189,11814845160,158.00
9190,15856574854,416.40
9191,380154429,1344.00
9192,126795484798,274.90
9193,334002066,1243.90
9194,31764363189,195.20
9195,410844599,2402.90
9196,504778733,2235.60
9197,29109279492,68.60
9198,504775413,905.70
9199,145059016267,278.90
9200,182977389,1849.10
9201,444870691,2318.30
9202,20076464358,176.20
9203,84667540764,392.40
9204,109402087312,387.00
9205,4214421524017,42.70
9206,81555932092,247.10
9207,458178383,4033.60
9208,531084861,5000.00
9209,481847647,2210.00
9210,585317465,3637.30
9211,531084861,5000.00
9212,201358452,656.80
9213,370839366625,335.50
9214,427853191,936.70
9215,343466756,1732.00
9216,484070612,2649.90
9217,300862324,1596.10
9218,531084861,5000.00
9219,7083398126,433.60
9220,380155483,1812.00
9221,523183264,3206.20
9222,793420256,501.20
9223,816119438,496.70
9224,18818391416,176.80
9225,345239857,1533.60
9226,14212047346,169.90
9227,396126716,1822.40
9228,33378891920,403.30
9229,383110216,1268.00
9230,5530724571,110.30
9231,22850631674,184.40
9232,482697980,601.40
9233,1993370615,452.10
9234,333405115,1629.50
9235,487985332159,325.80
9236,24413373064,60.60
9237,171720485,546.00
9238,199132034,2262.30
9239,391614149,2898.10
9240,387922469,655.00
9241,531084861,5000.00
9242,203281834,621.50
9243,14628570275,94.80
9244,30493048495,192.10
9245,161686992,547.00
9246,440425447,854.00
9247,1261112990,482.60
9248,531084861,5000.00
9249,531084861,5000.00
9250,488506315,2245.10
9251,359445158,1914.80
9252,2261601776,135.90
9253,58505817322,240.40
9254,380155188,1073.20
9255,399683713,1196.40
9256,400535570,636.80
9257,381333362,1116.80
9258,527030032,540.90
9259,377191094,1714.40
9260,501083157,2382.80
9261,26587875374,208.90
9262,118616361466,266.20
9263,342870564,1106.30
9264,436807710,559.10
9265,1224504503642,22.10
9266,520307969,747.70
9267,41424060230,78.50
9268,531084861,5000.00
9269,410332101,1278.20
9270,200620849,648.80
9271,94357170102,229.00
9272,329262341,1747.70
9273,514389004,4551.10
9274,184749858,1643.80
9275,227839999,609.10
9276,572001182,3230.80
9277,303821737,1785.80
9278,120617714201,229.70
9279,271902737470,366.40
9280,489984831,2645.00
9281,388647104,753.40
9282,449300205,692.70
9283,44813510980,61.90
9284,119167046553,305.70
9285,531084861,5000.00
9286,9765411438,195.60
9287,215404250,563.40
9288,652641313,511.20
9289,297904893,1732.50
9290,316244238,1736.30
9291,504036867,941.20
9292,381256425,798.70
9293,440425447,2271.00
9294,212285868996,370.00
9295,463353160,2204.50
9296,996729057626,22.60
9297,43429257579,233.30
9298,412325823,541.50
9299,457439415,4903.10
9300,236140288681,253.10
9301,56176444258,226.20
9302,469271280,2160.10
9303,370684552,1510.00
9304,1112483274692,36.20
9305,2883949448,133.70
9306,102387853342,253.90
9307,4529215511,441.20
9308,602187309,3221.60
9309,253485097,588.60
9310,18199293811,67.30
9311,17698251444,172.40
9312,315062944,1419.30
9313,462827518,3165.30
9314,452260737,2089.80
9315,1117156530843,27.30
9316,43843063752,218.00
9317,497378409,4846.80
9318,736474530939,30.00
9319,5957065552,136.60
9320,1253729127,463.60
9321,361808801,1394.10
9322,487761128,2906.70
9323,14410653556,77.60
9324,5073729475,152.30
9325,351154762,1816.30
9326,393090978,789.40
9327,473481873,3449.90
9328,25996078323,421.80
9329,423415273,845.40
9330,377758077632,342.20
9331,1249471694010,44.40
9332,161377246,1579.00
9333,58505817322,240.40
9334,412108323,1398.10
9335,1253729127,463.60
9336,7793117895,442.30
9337,169365645,1494.30
9338,325121634,1684.90
9339,219521084549,262.60
9340,416251644,1080.70
9341,364771840,1140.80
9342,389392871,2515.40
9343,472237392,728.10
9344,1134645688597,13.50
9345,207828611,1438.60
9346,346199102845,344.60
9347,1218890199919,5.10
9348,296349419485,286.70
9349,3038902708,462.00
9350,401221467,2332.40
9351,3276904723,155.10
9352,16440824595,61.70
9353,19797590837,423.90
9354,359441068,1009.10
9355,347077706220,338.60
9356,509220448,751.70
9357,2693292048846,3.60
9358,303227653,1595.20
9359,7733624835,140.10
9360,294425572,508.60
9361,36584499131,194.10
9362,463602371,598.80
9363,443386430,968.00
9364,424153556,4575.10
9365,13859150974,84.80
9366,429333762,797.80
9367,314475776,1043.60
9368,464831464,924.40
9369,123966401846,343.30
9370,531084861,5000.00
9371,12001150749,168.80
9372,14655003650,416.00
9373,12388046997,110.80
9374,6713700603,122.30
9375,391815167,583.30
9376,10052820632,94.60
9377,6493482876,448.50
9378,474455334,2330.50
9379,382734834,4100.30
9380,14063718220,100.10
9381,241661265,739.60
9382,7623370993,428.00
9383,488509636,787.60
9384,832578224,474.70
9385,481111104,2033.90
9386,185639528,1876.20
9387,105936240825,374.50
9388,1394456567057,35.90
9389,248494172589,364.30
9390,531084861,5000.00
9391,467050634,2023.30
9392,393086339,2520.30
9393,381337115,1071.10
9394,29674537365,196.30
9395,344060376,1980.40
9396,386431782,823.00
9397,421191518,2535.50
9398,212660671235,329.30
9399,573009943,526.80
9400,318018140,1593.00
9401,388440609,1384.80
9402,133565405226,234.70
9403,126343955,703.00
9404,395309198,2621.30
9405,666672330,516.40
9406,205426239,652.30
9407,531084861,5000.00
9408,36558783933,241.00
9409,649648380524,43.60
9410,379564225,1147.50
9411,384950420,2223.20
9412,419727654,660.40
9413,504773989,2077.70
9414,497379621,2980.10
9415,417497417,994.00
9416,489245916,2579.90
9417,306186139,1198.60
9418,600413154,3218.70
9419,427858936,2680.10
9420,31937665664,197.80
9421,288653774627,274.60
9422,150998988,970.10
9423,132832059,1607.90
9424,541395175,545.50
9425,417501265,2563.90
9426,331038478,1283.50
9427,311510628,1295.90
9428,487766979,851.60
9429,44444453724,86.90
9430,398498076,1195.00
9431,162562820,1014.30
9432,353085840661,338.20
9433,373542757259,297.50
9434,85252140985,380.50
9435,1075364102,492.90
9436,369505661,1419.50
9437,6741573678,429.30
9438,383700167,1735.90
9439,190255882,808.90
9440,29933021503,417.00
9441,313876463,1127.50
9442,562826760246,27.00
9443,32326382659,221.70
9444,408619420,4211.30
9445,374825596,1927.50
9446,304408905,1539.10
9447,531084861,5000.00
9448,406777466,1892.60
9449,531084861,5000.00
9450,531084861,5000.00
9451,236765408102,308.80
9452,14414656935,432.80
9453,673717304,484.80
9454,355896384,1082.50
9455,654652856,484.60
9456,149247337,1294.10
9457,334594674,1474.30
9458,1649396794397,20.40
9459,414543602,4774.80
9460,20402628538,213.80
9461,6782394583,420.90
9462,455962587,897.80
9463,502033406,620.50
9464,453746579,878.30
9465,388376927,606.90
9466,86972495123,249.20
9467,673717304,484.80
9468,247212065,699.10
9469,12135793019,433.80
9470,50658175277,383.30
9471,385439847768,347.50
9472,238032637443,309.90
9473,18498514609,87.60
9474,372458370,1649.40
9475,181769559483,370.10
9476,509876911,3703.00
9477,379033776,876.10
9478,237596044,2134.70
9479,498123918,680.00
9480,949323740572,26.00
9481,5917541553,48.40
9482,257568647,702.70
9483,552472066,3970.40
9484,393171731,1499.90
9485,154700152,860.70
9486,54868074530,73.70
9487,94899243936,251.00
9488,316251323,1488.40
9489,391605452,859.50
9490,2271381497910,6.20
9491,443386799,2647.00
9492,380160484,564.80
9493,106398511403,348.90
9494,600403666,3787.90
9495,373864270,4130.80
9496,165972117794,374.40
9497,189778718,1217.10
9498,429075424,568.10
9499,410843756,2155.70
9500,503303447,686.30
9501,364178600,1390.60
9502,540055258,3991.20
9503,395535036,1084.00
9504,489985621,2011.50
9505,531084861,5000.00
9506,384884582,1094.70
9507,508476946,2434.80
9508,233210791616,251.70
9509,310326087,1009.80
9510,410922896,1638.30
9511,10259889545,189.00
9512,329860642,1410.20
9513,416427516256,315.80
9514,187325120,636.50
9515,506992738,2458.20
9516,250540761,808.40
9517,90435329738,388.90
9518,127765658556,383.10
9519,231335115,637.00
9520,189782745,1431.60
9521,46724271162,57.30
9522,7054266867,134.60
9523,15646038641,196.10
9524,511433080,2111.00
9525,1099241048209,38.80
9526,6653773099,100.80
9527,533720366,546.60
9528,10457773360,153.20
9529,10855919980,96.30
9530,416056303,639.50
9531,88315688857,222.50
9532,16959431781,425.80
9533,471490766,822.90
9534,260157146,900.60
9535,4404649949,455.10
9536,481105833,2304.00
9537,224281262,880.20
9538,5033369995,152.10
9539,1068797287,491.80
9540,17179818256,193.00
9541,235006178,933.20
9542,362402294,1878.90
9543,473481810,3242.70
9544,48937792701,236.60
9545,326305500,1047.70
9546,531084861,5000.00
9547,334002319,1374.10
9548,424157245,2139.80
9549,29985689720,209.30
9550,213184887,989.00
9551,39566364703,216.80
9552,394948458,1924.10
9553,204683780,931.30
9554,455952697532,340.60
9555,199569859143,259.00
9556,178834426,1688.90
9557,358255599,1461.20
9558,480588171,3029.30
9559,6579937509,138.30
9560,2947394638,163.40
9561,340507976,1546.00
9562,531084861,5000.00
9563,384210556,887.80
9564,531084861,5000.00
9565,371275051,1630.90
9566,38132102367,94.30
9567,34478621497,416.70
9568,145885474867,376.50
9569,335178342,1024.80
9570,1840272698915,9.10
9571,479632350,723.60
9572,19983862857,220.30
9573,462371031,608.50
9574,416244181,1079.40
9575,158284327644,248.00
9576,58340826747,248.30
9577,331628767,1362.90
9578,2947394638,163.40
9579,390802396,1818.10
9580,240528383,550.10
9581,472976713,933.10
9582,196546437,794.30
9583,37935979219,50.70
9584,39566331944,409.40
9585,313883421,1304.70
9586,383113420,1554.00
9587,492943548,983.60
9588,386073550,1330.30
9589,160784532,1773.60
9590,4197419157804,14.70
9591,4291454133,117.60
9592,336363052,1714.90
9593,290593085468,358.70
9594,438205223,4552.70
9595,437474267,4610.00
9596,372393611,654.10
9597,1065394090627,41.30
9598,23120920173,71.00
9599,506327399,3212.80
9600,601346965,513.30
9601,33325323870,99.00
9602,370089751,1375.70
9603,395540645,1550.20
9604,531084861,5000.00
9605,60133844854,214.20
9606,503320461,584.00
9607,375421915,1967.00
9608,351747876,1426.60
9609,461451129181,324.40
9610,384211822,761.40
9611,331041599,1591.80
9612,400867074,1069.80
9613,346581876484,310.00
9614,372461195,1237.70
9615,148210573848,234.20
9616,403817884,1209.20
9617,514395909,4192.50
9618,370096329,1377.20
9619,490725854,2026.40
9620,124482368000,283.90
9621,8996873209,150.00
9622,492124417,3691.20
9623,26715393028,231.90
9624,1224504503642,22.10
9625,199138390,655.30
9626,531084861,5000.00
9627,113446656,638.30
9628,166803503008,275.60
9629,564903043,3780.60
9630,16440824595,61.70
9631,2516731654262,42.00
9632,1935315730,475.10
9633,419273840,613.80
9634,183270404,1008.00
9635,348789854,1594.20
9636,11938118718,80.80
9637,51668663880,405.50
9638,428297398,543.70
9639,3697786039,143.80
9640,15852302329,53.50
9641,531084861,5000.00
9642,339917645,1548.90
9643,188003930,1342.60
9644,373055827,1855.50
9645,531084861,5000.00
9646,138346993211,275.00
9647,177695841560,244.50
9648,64462672751,256.70
9649,1688847247,458.50
9650,60100835247,237.80
9651,410097830,864.80
9652,16771788302,174.60
9653,328674709,1245.90
9654,2772139783,450.40
9655,391608456,796.70
9656,399749179,671.30
9657,332815880,1504.30
9658,1088830231,486.80
9659,20001608064,83.00
9660,433028126,4236.60
9661,170684918522,286.20
9662,392346844,4916.50
9663,349974648,1450.60
9664,410840962,783.20
9665,79765473869,215.50
9666,259564909,502.60
9667,504774780,941.70
9668,439692751,2631.70
9669,3852756926,453.30
9670,297907887,1457.10
9671,35992467143,97.00
9672,320982023,1383.90
9673,393766236,1736.70
9674,1093053776,484.50
9675,1168882938,454.90
9676,49119071785,69.00
9677,12490919663,87.10
9678,243296656,537.10
9679,115276532,1573.50
9680,103641490,1289.30
9681,361813439,1109.30
9682,391617284,666.50
9683,86470780311,267.40
9684,250650460,620.10
9685,496641286,2080.00
9686,4275509295843,3.20
9687,415067188,1485.60
9688,93856917892,228.60
9689,324206616,508.40
9690,531084861,5000.00
9691,31076589786,216.10
9692,307373210,1361.30
9693,773281419,502.70
9694,738628538,498.50
9695,353526796,1539.40
9696,252389762,2110.60
9697,474456283,2018.60
9698,531084861,5000.00
9699,814734246,462.70
9700,567564213,3306.80
9701,13448161697,109.30
9702,5517125250,113.50
9703,320391229,1288.90
9704,390803619,1354.70
9705,498864462,2171.10
9706,441951971,638.60
9707,386658948,1294.40
9708,269642680232,264.20
9709,200430627,1086.90
9710,373119241,976.40
9711,380049046,587.70
9712,129690687031,381.10
9713,358847659,1488.30
9714,412107395,1322.50
9715,333407560,1085.20
9716,376605824,1273.00
9717,21797512343,423.50
9718,165817504,1292.70
9719,456702977,820.40
9720,1047605567362,27.40
9721,160194602,1842.40
9722,416248229,1479.50
9723,437468734,747.40
9724,511647397,3065.20
9725,351752135,1255.60
9726,587088141,3350.30
9727,180017027,1120.30
9728,440426764,2652.90
9729,462614245,2709.20
9730,46109621066,53.10
9731,102510176855,246.80
9732,224282000,897.30
9733,29790559281,98.00
9734,7880654153,132.60
9735,499600952,2980.60
9736,3954921191,111.60
9737,489246179,783.00
9738,407967152,1211.90
9739,305003790,1542.30
9740,6778258704,433.50
9741,2784969660505,18.60
9742,55066272762,255.00
9743,357665268,1911.90
9744,455959529,2474.30
9745,10273691328,115.00
9746,183270404,1008.00
9747,42991416357,204.80
9748,400268689,1597.10
9749,15137162248,168.60
9750,371868882,1029.10
9751,386435366,2874.20
9752,172711222198,353.60
9753,33558868852,415.40
9754,6655852420,123.50
9755,409365662,764.20
9756,403232065,1158.90
9757,257466689,557.10
9758,464093024,802.50
9759,516979097,3226.70
9760,232786349,996.90
9761,457666099271,336.80
9762,385689335,2253.40
9763,337545569,1863.10
9764,398265017,2308.90
9765,412321480,2681.00
9766,40779622902,395.30
9767,204867575,1405.40
9768,487021317,995.40
9769,482379313,608.00
9770,415282253,981.80
9771,6835988003,123.30
9772,13480343649,430.40
9773,551584356,3212.70
9774,8043314256,146.50
9775,205421825,858.10
9776,377192486,1692.70
9777,378298709,766.10
9778,2081332218,135.60
9779,24412190334,400.10
9780,427853138,2533.30
9781,603066922,3886.60
9782,229089876,821.50
9783,359445327,1530.20
9784,105244005376,372.20
9785,250540761,808.40
9786,11586167362,420.10
9787,13873542093,85.10
9788,62334109461,362.60
9789,215405177,679.80
9790,189887399,981.90
9791,407371423,1035.50
9792,223112024,604.70
9793,495904057,872.90
9794,510690423,2830.40
9795,12050221035,85.00
9796,501822546,856.20
9797,412321849,2461.70
9798,531084861,5000.00
9799,492350238,625.50
9800,62334109461,362.60
9801,584554205,520.70
9802,198362571,1178.60
9803,72528258874,263.70
9804,306185548,1906.00
9805,220584579,2162.30
9806,483377410,637.80
9807,360035868,1049.40
9808,341096451,1038.30
9809,13965294105,205.00
9810,6144267356,449.50
9811,228379883463,321.60
9812,440428135,2045.10
9813,201721109,791.40
9814,511654798,3801.90
9815,245405647,631.40
9816,119847933375,235.60
9817,307371270,1677.60
9818,316250606,1334.80
9819,396047061,746.30
9820,467792501,771.80
9821,424160508,683.40
9822,141207233041,270.80
9823,50972143371,391.00
9824,11379617315,157.00
9825,356481107,1569.50
9826,26328922303,403.10
9827,401234439,660.20
9828,383706956,1290.40
9829,438950025,709.70
9830,24412190334,400.10
9831,403822944,1472.10
9832,184762691027,321.10
9833,363585233,1018.40
9834,410096776,762.80
9835,174828486633,334.40
9836,223177078,662.00
9837,515307673,568.60
9838,422679837,831.30
9839,495899208,2384.90
9840,531084861,5000.00
9841,111707161615,260.60
9842,414776368,501.00
9843,430072466,4970.00
9844,531084861,5000.00
9845,487763922,4159.70
9846,617270789,3451.00
9847,458917561,2523.70
9848,335291848243,280.90
9849,436494910,555.90
9850,199502572,807.70
9851,758491038,506.20
9852,367730874,1825.10
9853,405601190,1483.40
9854,51123808407,376.20
9855,479631798,2465.20
9856,455073905350,315.40
9857,390567507,607.90
9858,219099592027,329.20
9859,10071639752,117.90
9860,576446184,3271.10
9861,307372156,1653.10
9862,134728858,688.60
9863,413799310,4956.30
9864,396046690,846.50
9865,2271813186,450.90
9866,428591473,828.80
9867,2379060234,452.60
9868,27212564219,77.90
9869,484476061026,313.40
9870,30416300984,188.60
9871,2701217586,439.30
9872,400273116,1453.60
9873,509873305,3108.80
9874,531084861,5000.00
9875,23870449432,75.00
9876,235382817411,359.80
9877,214389198712,316.50
9878,432639740,531.90
9879,433035122,688.90
9880,142234708635,277.80
9881,345238086,1325.20
9882,10746552236,420.70
9883,306187657,1433.50
9884,474204849253,28.00
9885,293438288,529.30
9886,42474563187,230.80
9887,468531838,4120.40
9888,216145844,2246.70
9889,60375388542,260.70
9890,354705391,1492.10
9891,531084861,5000.00
9892,15387082139,55.60
9893,219843829,725.20
9894,207271055,718.10
9895,31189866038,190.50
9896,158263440295,291.80
9897,191367153,2412.60
9898,372463809,1731.00
9899,499218824,3450.00
9900,3174398915659,6.10
9901,633234712,503.20
9902,176967203342,306.40
9903,226505156829,332.40
9904,45345528014,67.10
9905,532334019,561.30
9906,386429850,724.50
9907,160194602,1842.40
9908,365952038,1763.80
9909,393170719,1475.10
9910,7179576363,185.40
9911,17987547564,180.00
9912,531084861,5000.00
9913,228624795811,323.40
9914,531084861,5000.00
9915,302043745,1110.80
9916,432294746,2576.00
9917,416022486,895.90
9918,400860748,1079.30
9919,403229831,1039.50
9920,518830031,2533.10
9921,3127150018,124.50
9922,371276359,1097.80
9923,421932330,2222.10
9924,7291366488,446.30
9925,300704716029,349.00
9926,1424731050642,6.90
9927,385572883284,320.50
9928,25948864966,399.10
9929,222804170,2586.00
9930,3429959871106,28.40
9931,447272187659,326.90
9932,1323418354707,41.20
9933,444128824,4377.90
9934,113193311413,342.90
9935,438948407,2070.60
9936,226871972,801.20
9937,15078502119,176.30
9938,472237007,2423.90
9939,42835519325,199.00
9940,1065394090627,41.30
9941,377194257,1361.60
9942,455224409,4291.30
9943,467268029,3587.40
9944,421703845332,297.40
9945,176171823,1036.60
9946,306933764743,276.50
9947,7045341304,441.00
9948,388435801,1005.00
9949,456697864,4931.30
9950,450779007,928.80
9951,8680740214,101.10
9952,531084861,5000.00
9953,485408318413,332.80
9954,205581145,596.10
9955,174690957,1465.40
9956,361809517,1569.80
9957,186525067,1081.50
9958,52085539196,81.80
9959,513644503,588.70
9960,44514330363,393.90
9961,14766866330,414.50
9962,390132682,2348.20
9963,488503001,737.50
9964,379036505,667.50
9965,18296452561,57.00
9966,220420197865,333.60
9967,341099530,1073.40
9968,19971881251,84.30
9969,162341739,826.40
9970,417497716,693.10
9971,893249495,477.60
9972,316244829,1713.60
9973,332707820512,291.30
9974,87532579904,269.10
9975,524073377,3100.00
9976,291311889,497.50
9977,91730657104,244.70
9978,19983862857,220.30
9979,384298215,1505.10
9980,441911929,734.60
9981,395791837,586.60
9982,325124206,1545.10
9983,395313689,731.00
9984,503292997,862.70
9985,4500268868,117.20
9986,505582057,575.50
9987,410479599,573.60
9988,168269412,644.70
9989,249059874,879.30
9990,153093912,1386.30
9991,483324053,981.00
9992,428595796,2221.90
9993,63107556273,233.70
9994,17180579390,54.40
9995,8805646712,190.00
9996,170479397,987.20
9997,375807424,506.60
9998,389624602,1690.90
9999,427849511,732.00
