Name,Pig10
Score,0.41512
LockedUpRTP,
Rtp,96.99999999478973
Win Ranges
0,0.1,1 in never
0.1,1,1 in 517.758
1,2,1 in 193.931
2,3,1 in 69.335
3,5,1 in 31.613
5,10,1 in 12.868
10,20,1 in 3.977
20,50,1 in 2.545
50,100,1 in 28.044
100,200,1 in 24.568
200,500,1 in 10.177
500,1000,1 in 22.087
1000,2000,1 in 230.175
2000,3000,1 in 6203.976
3000,5001,1 in 3026.606
Distribution
0,94824159317,115.80
1,21939868169,868.10
2,531084861,5000.00
3,103539883011,231.80
4,55645887331,512.60
5,326045072,3660.60
6,209073065,4744.80
7,21179031549,718.50
8,29124531652,337.40
9,271657814,2308.50
10,29856898090,662.50
11,42701701159,208.50
12,209098132,2474.20
13,12714132889,696.40
14,531084861,5000.00
15,1906808492,1254.90
16,15343592679,768.10
17,60085323521,259.70
18,36340587575,85.10
19,199217432,4914.80
20,71586415101,159.20
21,1044103428,1536.30
22,214865208,4493.50
23,20931293288,639.20
24,46312602894,388.10
25,587000870,1667.00
26,797009728,1289.30
27,26297034050,652.50
28,22392168528,389.10
29,9763830913,978.90
30,1244212766,1398.90
31,57199543533,531.50
32,15593490748,872.40
33,1344791789,1383.50
34,93914851408,184.10
35,319354350,1878.50
36,26430359231,516.60
37,328963242,3044.40
38,274871937,2302.30
39,35561478058,133.40
40,245759026,2652.70
41,197788525,2347.40
42,37943749300,302.50
43,1631144442466,12.90
44,106649840818,289.70
45,531084861,5000.00
46,41274145171,120.70
47,1209416414666,42.80
48,306668868,3065.30
49,10925699127,937.00
50,6562981512,1121.30
51,5587375727,1140.30
52,51124960460,169.80
53,361671751,1640.70
54,27089655524,372.50
55,270547838,4144.60
56,89561685172,147.70
57,23579315742,363.70
58,60512354785,130.40
59,20296492061,844.80
60,21087603056,604.70
61,47737427382,492.30
62,1409046487,1415.80
63,260793442,2406.60
64,40267978600,342.10
65,59067603370,350.40
66,2244579463178,22.00
67,102992450168,79.60
68,103340262397,302.30
69,87675655908,230.10
70,326067407,3268.90
71,34164178519,151.50
72,293589651,1686.00
73,387146714,1855.40
74,109138347823,259.40
75,100376274674,236.70
76,2232747383,1251.80
77,20048993852,658.40
78,14059047254,921.00
79,1416875377,1479.10
80,73264196181,396.20
81,230000025,3773.50
82,111067381179,96.70
83,225836959,3631.80
84,277940146,1931.80
85,192830124,4166.20
86,38885982835,551.90
87,181682474,2811.30
88,135521587986,85.40
89,19693533524,789.00
90,91031939769,141.70
91,109790211,2569.00
92,531084861,5000.00
93,39893202615,495.90
94,250423653,2978.30
95,23668138463,410.40
96,10809734706,847.40
97,3399517949,1223.50
98,199385280,3697.30
99,4317640962,1035.00
100,448006920040,13.50
101,55366305136,489.20
102,531084861,5000.00
103,531084861,5000.00
104,4586502948,998.40
105,53524078388,513.10
106,57677844464,466.60
107,182026457,2911.10
108,21021384285,836.70
109,215455489,4148.40
110,655213921,1555.00
111,42231552498,122.20
112,531084861,5000.00
113,13650345159,975.20
114,254903315,2070.10
115,30327052323,662.20
116,73574433427,51.30
117,21984346352,442.20
118,3330364763,1120.30
119,23550293686,306.10
120,48149787155,415.60
121,6648031943,988.60
122,125747128,2267.70
123,38932309114,152.10
124,244663806,3148.40
125,8120316265,1052.80
126,365859964,1723.50
127,400550667,1868.00
128,28527418783,530.70
129,36999563319,407.70
130,26108054799,417.20
131,1906808492,1254.90
132,237906018,2593.60
133,29756789494,116.90
134,311513043,3105.80
135,8551162991,888.00
136,2165061269,1319.90
137,6313665479,747.00
138,34568263826,174.80
139,19079058667,891.50
140,44401818990,123.60
141,14874012683,728.50
142,2734658474,1233.80
143,12447629464,968.60
144,401074218,1588.30
145,466450955,1678.90
146,22225267269,844.70
147,706030167,1648.90
148,440296129,1832.30
149,246279513,1799.00
150,900781637,1577.50
151,234905316,3182.90
152,805133007,1536.70
153,27168392625,368.30
154,159061764929,54.20
155,12238910154,772.60
156,22530213850,774.70
157,4290506083,881.60
158,82152201647,320.90
159,706249392,1629.40
160,103848047630,274.70
161,250308849,1899.20
162,9881806783,898.70
163,16903470368,872.00
164,91602802470,271.70
165,23631718191,403.70
166,94166823216,140.30
167,45130976576,431.40
168,29298856903,165.30
169,4356673613,1118.50
170,531084861,5000.00
171,1457260201,1255.00
172,98972375801,155.70
173,5606759706,1147.80
174,46497118816,488.40
175,279341397865,22.40
176,135754114586,60.80
177,261632277,2692.00
178,209071022,4431.60
179,297875445,1998.20
180,42662989144,134.30
181,270823317,2193.00
182,238139701,2581.30
183,5161840844,1097.70
184,35768620385,654.80
185,501337928,1512.50
186,17707694923,858.70
187,15435664711,952.90
188,44503887069,335.40
189,236218796,1972.20
190,15106324531,609.10
191,59881931938,329.80
192,34941445874,682.70
193,251830093,1984.00
194,25697337282,511.40
195,14194535698,144.90
196,32239657321,613.10
197,48721641274,255.60
198,4764518270,1072.80
199,99212896810,291.50
200,79537880328,153.40
201,244614792,3628.50
202,39002811308,104.60
203,4146918566485,18.50
204,3794627723,1064.50
205,35885536727,380.50
206,124201133433,262.30
207,80465686774,72.60
208,1152680521054,45.20
209,22736366296,814.10
210,1842648149,1349.50
211,169055292,4531.40
212,108068345816,268.40
213,5816039878,914.50
214,3671908920,1021.30
215,196240749,2467.10
216,531084861,5000.00
217,1880318234397,15.70
218,91675864628,175.60
219,15317086474,605.00
220,531084861,5000.00
221,17870775742,816.70
222,51372640788,72.00
223,4438546990,1162.10
224,265323865,4069.40
225,284993078,3727.40
226,26693565893,626.90
227,44812747430,418.30
228,182873081,2804.80
229,23249617196,611.90
230,12265930995,492.70
231,69078018107,279.60
232,166357644,2899.80
233,2563620872,1346.20
234,29333804307,399.80
235,243862264,4942.70
236,33589459913,661.60
237,65233245375,453.90
238,2726945056,1270.20
239,178803466,2420.50
240,18002197767,864.70
241,247423887,3239.30
242,190334642,3516.50
243,302491462,3076.20
244,1265954454,1428.70
245,7112760291,1056.80
246,12909246772,652.80
247,2087936043,1310.20
248,34797759974,49.90
249,67638564668,337.10
250,36405086427,397.20
251,718018642,1465.40
252,652253982,1588.70
253,45119804458,437.00
254,33423860610,580.80
255,45172956086,605.70
256,44424334235,473.60
257,34430214722,553.00
258,94920592635,281.40
259,919559875,1543.90
260,94204357569,253.60
261,10668814181,753.80
262,10605976230,706.70
263,4763215782,948.50
264,301769831,3096.60
265,241969772,2408.80
266,76244020763,291.00
267,531084861,5000.00
268,82049936142,105.30
269,18475261637,906.00
270,22308556735,855.90
271,785582381,1646.30
272,16405777418,839.30
273,385626413,1712.70
274,12095386608,899.00
275,84637613579,130.90
276,53612409888,54.40
277,68106855988,144.00
278,221616059,2417.70
279,30597060696,484.90
280,2147930634,1302.70
281,531084861,5000.00
282,24627747751,819.70
283,197464989,4754.60
284,1017181686,1526.10
285,75633551651,300.50
286,18017036534,510.80
287,39322279723,641.70
288,34035586807,329.50
289,29932632255,664.80
290,14327734700,859.80
291,7514570213,765.80
292,6735787280,1118.60
293,624929292200,39.50
294,528274653,1761.70
295,31671580499,310.70
296,31495923333,273.00
297,41918614946,629.20
298,61938123874,485.50
299,380458249,2018.80
300,33810383150,664.00
301,310145881,2070.90
302,3638937723,1134.50
303,1810914016734,33.50
304,1482587583,1365.00
305,24941365634,268.00
306,11930352905,677.60
307,1735217156,1422.80
308,30193003947,721.90
309,45484335702,128.40
310,35884083095,563.50
311,245630112,2663.00
312,354293659,2043.70
313,4736315182311,41.40
314,31994090138,329.60
315,74776614384,405.40
316,700814762049,44.80
317,6817149003,1005.80
318,123153690662,265.80
319,54816155478,225.10
320,31968831099,136.10
321,92502505487,199.70
322,2026040422,1303.80
323,50049616753,361.20
324,15200078912,930.10
325,2975650699534,41.60
326,215384701,3833.80
327,23810381688,152.70
328,4150582781,1050.70
329,18492181270,701.70
330,1011025208,1391.70
331,67544048732,439.00
332,26800462095,210.50
333,194576435,4366.40
334,20457143821,807.10
335,12538258171,998.50
336,1483550962,1441.10
337,28547044006,785.40
338,700931444,1574.60
339,531084861,5000.00
340,1941355819736,35.80
341,531084861,5000.00
342,2116942506,1290.20
343,13669246798,454.90
344,221250769,4158.50
345,59932081669,305.60
346,39487751628,75.90
347,330036938,2107.70
348,1098596640537,18.10
349,20112915440,523.50
350,26960110141,655.90
351,18708439463,345.80
352,99391500157,79.00
353,19537971042,369.70
354,22098244483,399.10
355,861710148588,35.30
356,2644027121,1234.80
357,9053715090,1008.40
358,71262075843,198.70
359,18959388975,494.70
360,3902083351,1233.20
361,70010388167,53.60
362,2444306187,1067.30
363,251596980,3233.20
364,33052854479,684.00
365,26714059487,341.70
366,76472509324,273.40
367,531084861,5000.00
368,50401166206,288.60
369,261264164,4172.00
370,5993220791,1041.90
371,10664626221,569.00
372,59909830133,495.10
373,28889737243,754.60
374,58442435191,231.50
375,5383679685,908.80
376,404846968,1643.80
377,991719605,1473.20
378,532381117,1664.90
379,24437020505,795.90
380,66816066128,332.50
381,40711937546,529.20
382,37316209141,212.10
383,246279513,1799.00
384,13419681645,960.80
385,6130116735,1028.70
386,51833334046,355.70
387,315605556,3745.50
388,118878007956,223.60
389,104035904707,264.00
390,32569066819,570.60
391,230571697,2610.50
392,58714449927,360.10
393,1123798789,1516.80
394,546172685,1722.20
395,82721436051,294.90
396,62391764932,169.30
397,673304506,1688.50
398,28704448082,676.60
399,1531405045,1275.30
400,40747366356,355.30
401,64332324550,156.30
402,44968130900,547.90
403,19361391682,482.30
404,124139651797,98.40
405,131170757448,95.80
406,275149924,2085.50
407,87961656641,204.90
408,247558917,2950.30
409,2659445818187,36.30
410,22404840530,511.30
411,73774726948,379.30
412,61228693461,247.00
413,146526109,1849.10
414,1903934106,1362.70
415,40901402210,597.90
416,212605973,3609.00
417,239989005,2491.10
418,780505818,1536.40
419,40016833779,149.70
420,59873620559,412.50
421,5773299237,1117.70
422,25728234440,158.30
423,6378265816,973.50
424,2855794915748,7.20
425,293332204,2151.30
426,301261948,2123.50
427,5519080959,1056.00
428,382660252,1893.90
429,215440072,2310.90
430,20944056680,830.40
431,315026985,1615.80
432,40066075318,188.00
433,86265612,2770.10
434,2621943464,1308.30
435,325543662,1804.90
436,197005971,1962.80
437,56493915562,526.30
438,19572616833,670.30
439,28469164344,353.50
440,90194135994,159.40
441,19910080962,636.10
442,23080951561,694.00
443,23343823164,163.70
444,115208952003,200.30
445,19247342726,890.30
446,94650851394,243.70
447,37503706745,585.50
448,60546137615,377.00
449,33429577011,618.10
450,235410211,2545.40
451,30925781248,568.40
452,5758185761,943.50
453,36452127184,403.90
454,326241528,2019.10
455,4586502948,998.40
456,334587447,1899.00
457,100045487896,190.80
458,122187396574,213.00
459,27435978780,761.20
460,4533196303,1208.50
461,1462058729885,43.00
462,7372845656,1062.20
463,27915978229,357.20
464,68333383419,304.20
465,227929894,3224.30
466,24709994977,406.70
467,305827476,1823.10
468,6080156457,1082.00
469,18249336926,545.20
470,393311338,1861.00
471,254006423,2769.40
472,257163574,3231.10
473,230021425,2010.70
474,716046939,1554.50
475,6654545633,938.80
476,43393794388,585.40
477,274012315,1992.00
478,132289682,1863.00
479,25782294675,188.10
480,54960800312,450.60
481,8637274296,794.10
482,59991859098,372.00
483,2489204408,1336.70
484,51372640788,72.00
485,89895180720,287.30
486,1056956172,1359.90
487,7841787922,816.00
488,531084861,5000.00
489,11006832745,919.20
490,3167930000,1231.10
491,531084861,5000.00
492,14869086163,458.60
493,275815179,2284.70
494,9437893933,1010.60
495,1909616890,1385.60
496,225823079,3659.80
497,12772362202,871.80
498,13070138595,998.80
499,6829804744,1044.00
500,114837049880,93.20
501,50235240751,87.10
502,17776294877,778.70
503,64374596173,345.40
504,2177055212,1370.00
505,429510146,1795.10
506,50346082827,574.80
507,659995651,1551.20
508,792910001,1616.50
509,1358283750,1445.50
510,1699060218,1368.30
511,37904412863,319.60
512,32737142542,241.50
513,8746292953,828.60
514,110351143841,289.90
515,77997410202,139.50
516,39408971120,674.20
517,289527337,2065.80
518,46908657745,522.20
519,60917109279,487.10
520,267778639,2509.60
521,575972791,1729.50
522,60590165555,334.50
523,1637783416,1434.10
524,51046997766,343.70
525,8755853808,983.00
526,312123827,3565.10
527,1676846506,1091.90
528,71811907190,388.70
529,95300049007,231.60
530,67180085973,335.30
531,12035427645,884.50
532,40413357599,80.80
533,4386584626903,1.80
534,25802311905,753.30
535,246980779,2041.40
536,34628511039,372.30
537,220087872,4518.50
538,7142045480,841.60
539,55434364442,198.40
540,57400040006,507.80
541,75501880508,386.90
542,30026204096,108.70
543,45857576578,154.30
544,7180039195,1047.90
545,77607724563,143.70
546,1201883662,1423.30
547,34729217780,715.70
548,178767908,2454.30
549,234274432,2636.60
550,56807941660,465.50
551,71724444541,315.30
552,3165922194326,18.30
553,2046080327,1285.40
554,16448710037,502.60
555,23032183747,422.90
556,41456115483,162.40
557,6368227460,1029.00
558,23249617196,611.90
559,35128770978,427.10
560,30170144509,626.30
561,323967104,3340.40
562,132044447246,98.10
563,249372429,2151.00
564,531084861,5000.00
565,556276498,1654.00
566,23679400833,371.40
567,33393612845,649.90
568,835211463434,21.40
569,24671677305,809.60
570,61882003786,340.10
571,340637770,1893.20
572,188246425,2518.90
573,30049811057,102.20
574,34698870295,87.00
575,531084861,5000.00
576,731226901,1641.00
577,298909572,3675.90
578,48462123899,178.50
579,34839665554,122.60
580,918664324,1490.70
581,91385509870,152.50
582,65061762744,409.70
583,186401509,2627.80
584,1626712960780,46.30
585,48932304303,258.90
586,26128663739,469.60
587,2600782690,1326.20
588,32334351074,458.40
589,47369675191,226.00
590,27050185360,721.80
591,531084861,5000.00
592,1715513983,1407.40
593,3044365973,1269.70
594,531084861,5000.00
595,1042526357,1321.30
596,141273539335,90.90
597,2495637516,1070.20
598,531084861,5000.00
599,454263359,1656.80
600,94007484606,200.40
601,39967455637,606.00
602,32133663000,447.50
603,81060300861,215.40
604,297480081,2043.80
605,285115741,3032.30
606,234181063,3345.10
607,531084861,5000.00
608,195214780,3416.90
609,3114075237283,20.20
610,1951804132,1204.30
611,46514619407,123.00
612,30299265865,196.80
613,19690481869,537.10
614,23182527603,395.20
615,227056410,4673.90
616,53047909129,381.40
617,222600379,2010.90
618,42458978051,447.70
619,17423762763,825.20
620,36192594397,119.90
621,572320004,1415.70
622,1135512627,1125.30
623,42255834445,542.70
624,202863773,3555.90
625,112274135255,240.80
626,287070366,3950.50
627,1827294458424,17.50
628,1164993434218,25.90
629,4233076531,1059.00
630,107857669896,294.40
631,4389948105872,11.10
632,1610532051,1396.50
633,14315728285,666.70
634,12797336931,591.00
635,86358316307,298.80
636,27611397083,702.40
637,31381275489,575.80
638,1847526049,1260.40
639,82018005291,340.20
640,42134513288,339.50
641,33714381448,445.80
642,20128472118,106.50
643,51534821382,297.00
644,531084861,5000.00
645,215459667,2702.10
646,265525590,3263.20
647,319921135,2059.90
648,3015267411,1073.70
649,10682188002,663.90
650,20686086142,646.10
651,12810572992,517.90
652,15616746839,868.60
653,45509486364,571.00
654,283996211,2326.00
655,4261295886813,34.70
656,248317716,2277.90
657,5241097824,1149.50
658,62438933535,431.30
659,1612029707,1407.50
660,15256147320,840.60
661,2068407219,1306.50
662,202511337,2540.70
663,258944867,4777.40
664,55885040996,110.50
665,37918135366,219.70
666,21073115165,652.30
667,37640815831,97.80
668,12336543885,723.50
669,116871783816,58.60
670,4203498484,1189.00
671,116033610194,95.30
672,237483276,4182.30
673,299090148,3000.10
674,531084861,5000.00
675,186223773,2180.30
676,699267933,1634.30
677,48664673866,595.70
678,278831443,3058.60
679,16969117623,890.90
680,66372878613,97.90
681,95071473217,112.90
682,2664765025996,45.40
683,219625476,1964.80
684,35828994773,366.70
685,531084861,5000.00
686,62285551175,464.90
687,10605976230,706.70
688,1194304387785,37.60
689,986071668203,7.70
690,1126809747,1273.70
691,531084861,5000.00
692,39691637600,478.50
693,531084861,5000.00
694,271410766,2464.40
695,46957449114,433.10
696,54694400627,52.80
697,19214844325,894.50
698,117643951142,98.20
699,23468433694,390.70
700,99883565967,245.20
701,58416900112,474.80
702,283583100,2138.60
703,262296704,2421.40
704,191091115,4038.20
705,106942552559,216.70
706,24709994977,406.70
707,1814697416757,28.90
708,52829445868,523.40
709,12418602780,976.60
710,30206100091,417.70
711,47100364307,275.00
712,2375195654,1173.80
713,724704100,1663.10
714,989486078782,35.00
715,1995978153223,9.50
716,322769647,1805.70
717,32043606981,418.20
718,80625732035,51.90
719,1465735015,1439.70
720,390843269,1823.90
721,40700308220,147.50
722,146933415609,67.20
723,256622000,4129.60
724,99269374500,172.20
725,3330551640,1237.30
726,23636191620,763.10
727,32657612593,745.40
728,143372158534,95.10
729,39233596233,540.10
730,4034269217,1216.40
731,36340587575,85.10
732,38329713721,542.10
733,13424650140,854.40
734,1020648764,1443.80
735,102869558,1938.50
736,31862859570,308.40
737,1330639991,1393.60
738,4801125979,1070.00
739,18034521772,860.40
740,177772249,2767.70
741,215222736,2401.50
742,257876555,3176.40
743,30547793289,573.50
744,8871000840,825.30
745,157891163685,66.80
746,46092315020,50.20
747,13154134494,516.50
748,531084861,5000.00
749,37553265014,633.90
750,163576571,2698.70
751,97795612964,200.60
752,203852007,4788.30
753,201233793,2736.40
754,308356914,1983.10
755,44795448281,285.90
756,6898917086,1076.30
757,76720868271,76.60
758,1589521145682,30.70
759,1534054298,1226.30
760,150619340087,95.90
761,315149839,1968.40
762,23777569656,405.90
763,3594975112,1194.00
764,105027722146,239.60
765,1231852036,1426.10
766,28924182995,358.90
767,531084861,5000.00
768,19894228649,305.70
769,39155738651,77.00
770,2486271120,1347.80
771,19442938129,879.80
772,11442360497,925.40
773,58972241635,223.20
774,32836433864,571.50
775,82184687539,241.40
776,792576257,1583.70
777,41537707174,275.90
778,22953056286,387.10
779,1104759036,1439.00
780,2518970068541,45.50
781,278031067,3599.60
782,2964609324,1270.00
783,7465117261,1004.30
784,13572524818,915.20
785,11057798012,918.90
786,38050611168,345.70
787,17274073162,184.60
788,199928965,2983.00
789,279837854,2410.20
790,239752362,3531.70
791,22180379397,552.60
792,134638468292,64.30
793,29612280695,677.00
794,531084861,5000.00
795,1046917574478,33.60
796,296857663,3215.50
797,494040052,1643.00
798,531084861,5000.00
799,36447248914,687.60
800,270706655,2797.40
801,81809958441,150.40
802,372114794,2027.80
803,221974651,2031.70
804,13368833530,390.30
805,4960529071,1131.90
806,65324399788,193.20
807,20918925582,477.70
808,27131899032,517.70
809,1600281169,1416.30
810,2643147598,1336.80
811,76466303098,124.40
812,809049233,1638.00
813,49657591559,565.50
814,9424195146,811.70
815,1136482668100,47.70
816,66697764311,134.50
817,23468433694,390.70
818,52055808388,559.00
819,39079267160,667.70
820,30813350666,347.30
821,256381304,2225.40
822,75719758642,346.50
823,19922672035,444.30
824,225138748,3270.90
825,17205525404,915.70
826,57709447751,90.70
827,14353469245,922.00
828,32676201309,233.30
829,21719472074,592.00
830,9302476168,766.40
831,33475668152,725.80
832,361671751,1640.70
833,42786638177,509.40
834,29179157597,749.10
835,38559084864,654.20
836,86034062187,332.60
837,16669143044,877.50
838,41564933134,267.20
839,25728234440,158.30
840,132717193,2804.90
841,531084861,5000.00
842,27928466233,350.20
843,5068844327,1179.10
844,961045220,1493.20
845,239472490,2931.20
846,1270144946,1481.50
847,252718319,2336.60
848,25607833351,414.50
849,267066302,4758.20
850,5303737004,1092.50
851,207328431,4839.30
852,28847164876,732.90
853,60452319505,243.00
854,85643898434,222.80
855,89957352589,224.00
856,220664507,4100.50
857,1260667434360,4.90
858,208077559,2556.00
859,41274145171,120.70
860,531084861,5000.00
861,3924705153,1128.30
862,45189366625,461.80
863,39700111312,136.90
864,52556116363,220.70
865,531084861,5000.00
866,5994550564,1082.80
867,84127267360,150.50
868,33261173125,701.50
869,34272644376,189.50
870,160340375,1760.00
871,23724910748,156.50
872,65958860442,460.70
873,5277643445091,16.00
874,981737626,1451.60
875,608459099,1582.10
876,6939893909,965.30
877,30584812880,327.90
878,25782294675,188.10
879,95616180164,189.20
880,18398768971,550.10
881,20935179225,325.60
882,30931172201,303.20
883,37206138551,506.10
884,9302505762,763.20
885,44023976339,435.70
886,87991748403,236.80
887,18438070595,111.60
888,217620630,2725.00
889,38692781985,617.60
890,531084861,5000.00
891,28073556177,483.60
892,35628010032,401.80
893,8083124435,1062.40
894,16571839945,824.00
895,17725945488,619.00
896,531084861,5000.00
897,835424093298,6.30
898,96171128540,197.20
899,24042153171,231.90
900,18130924153,712.80
901,1900108167,1418.10
902,1195355779,1401.60
903,322584828,3388.50
904,175432749,4949.10
905,7514570213,765.80
906,92058895736,190.40
907,3378927289,1005.50
908,82479200127,180.10
909,57054542568,454.20
910,29079755386,744.00
911,30334228766,355.50
912,67514600177,294.00
913,76733161399,61.40
914,1035967672,1389.60
915,5366224784,1138.50
916,3656292337,1193.40
917,251459050,2258.40
918,499201166,1785.30
919,790175752975,9.70
920,15392704646,589.60
921,37753088523,303.90
922,184503380,1888.70
923,10656813032,942.80
924,89702315137,254.40
925,240975899,4983.40
926,16193918274,905.30
927,457760434,1755.50
928,21735794310,485.80
929,54888334180,339.00
930,4150582781,1050.70
931,14192105652,906.10
932,1731672506,1217.10
933,78003610343,167.60
934,22101018486,179.10
935,12714132889,696.40
936,25760864971,553.80
937,34010176847,540.20
938,7646745313,834.90
939,59658900243,424.70
940,45099604233,177.30
941,119686255,2996.60
942,44142205488,100.80
943,30902024681,463.00
944,271868010,2511.20
945,32230182765,358.00
946,33978706715,174.70
947,14346904300,697.00
948,36069023575,162.30
949,5779129521,1136.60
950,1743344762,1396.10
951,2403067575,1341.80
952,75100121648,131.80
953,110096888793,91.80
954,24042153171,231.90
955,356107011,2059.00
956,2758208850,1130.60
957,30813350666,347.30
958,1393662589,1382.40
959,229946132,4974.30
960,39370829274,241.70
961,17374843466,532.30
962,430406747,1683.80
963,4671271542,1132.20
964,33792020661,197.40
965,31156264730,727.60
966,514610748,1715.00
967,6996852462,952.30
968,32175476346,168.10
969,8649754373,805.10
970,9728801132,782.00
971,669231169,1635.00
972,31821037761,113.60
973,3206396599397,10.50
974,28469164344,353.50
975,257203308,4038.30
976,100065782822,301.80
977,33581109839,410.60
978,2170249421,1388.40
979,393366375,1865.50
980,319786851,3946.90
981,141251190872,59.10
982,562503442,1715.30
983,273180274,3264.40
984,531084861,5000.00
985,208245559,1943.20
986,3601482289,1262.40
987,202167887,3574.30
988,95726488137,174.30
989,266999222,2090.30
990,2163628639037,37.20
991,1135512627,1125.30
992,8187350585,1059.20
993,26584539440,526.90
994,199438787,2743.70
995,6497347747,752.80
996,3212031127,1267.40
997,41555747862,237.80
998,1413266160,1468.20
999,531084861,5000.00
1000,41463924468,666.80
1001,49131853695,57.00
1002,51503391038,453.00
1003,70203670024,370.50
1004,1827984559,1363.20
1005,27997153528,213.80
1006,12841483694,928.70
1007,74423896123,68.70
1008,58816083329,316.20
1009,665301550,1494.30
1010,81167632295,156.80
1011,355013868,2050.10
1012,261267667,4192.40
1013,52560933261,85.90
1014,23724910748,156.50
1015,2665387471,1327.40
1016,42431412560,174.50
1017,29372406894,141.10
1018,3514619827,1069.20
1019,531084861,5000.00
1020,68013110556,392.90
1021,1995978153223,9.50
1022,12815032691,48.10
1023,46059152207,161.30
1024,531084861,5000.00
1025,2726767540642,31.30
1026,319112804,3266.40
1027,3489073791,1020.80
1028,19346294814,569.10
1029,9470538494,831.00
1030,212564129,2539.90
1031,34677367002,696.90
1032,1076916046,1457.60
1033,26219771059,668.40
1034,3167201042,1264.40
1035,51230662987,424.50
1036,45763098003,298.90
1037,39603894601,160.00
1038,260102434,4573.00
1039,34135160985,166.00
1040,37719383474,657.90
1041,230866877,2465.00
1042,275101321,2368.00
1043,332365059,2035.80
1044,92003654028,107.90
1045,4679542359465,10.10
1046,6069640784,1062.00
1047,259283176,2898.20
1048,277196931,2357.90
1049,18299633277,878.10
1050,74842100945,401.30
1051,531084861,5000.00
1052,26924569238,774.00
1053,13981966018,860.00
1054,457969523,1655.50
1055,2855794915748,7.20
1056,15827252866,680.90
1057,26151096785,171.30
1058,21681977536,785.80
1059,140057858,3707.20
1060,24533955158,670.00
1061,531084861,5000.00
1062,531084861,5000.00
1063,44746459086,160.10
1064,24388974576,744.80
1065,40700308220,147.50
1066,2835754562,1237.90
1067,19361391682,482.30
1068,214131980,2297.90
1069,15116112331,593.80
1070,29670329801,212.70
1071,17309852680,377.70
1072,71953328507,331.90
1073,169282038,2891.50
1074,40023447844,73.30
1075,66651587191,337.30
1076,95010775536,115.50
1077,86946419420,102.50
1078,30318355898,174.00
1079,4352198886,1178.20
1080,12639020705,692.90
1081,190373656,3136.60
1082,21208469968,600.50
1083,87325483764,216.20
1084,11827967686,976.50
1085,8937052004,886.80
1086,41002973112,603.00
1087,512715462714,29.30
1088,23120831403,824.20
1089,497684734,1778.80
1090,28633845158,263.70
1091,72698943154,293.30
1092,21309372755,478.30
1093,99331858902,234.80
1094,44427080317,629.40
1095,28593738106,721.30
1096,44556748114,141.20
1097,4103161618,1129.90
1098,55511637426,201.40
1099,213125330,4002.60
1100,361223138,1890.10
1101,531084861,5000.00
1102,573308405,1630.00
1103,6792352659,1036.70
1104,531084861,5000.00
1105,37237260914,387.20
1106,3914063236,1198.70
1107,25436917192,493.20
1108,577519701,1644.20
1109,82384128261,324.80
1110,287145982,2125.90
1111,72158702731,170.80
1112,42431412560,174.50
1113,35962873673,319.70
1114,794786612123,8.10
1115,254942107,2260.80
1116,5806408619,909.30
1117,66636762160,178.60
1118,17472193429,914.60
1119,63876751335,485.30
1120,2962129716,1076.70
1121,103727431487,80.10
1122,65534408406,465.10
1123,46993616866,204.20
1124,39155738651,77.00
1125,1455359844,1281.00
1126,98236444440,173.80
1127,74423896123,68.70
1128,1635032351,1404.70
1129,42372594704,230.80
1130,158615510,4625.90
1131,32996852508,324.20
1132,57218363759,343.90
1133,16930129913,546.00
1134,100822851490,223.40
1135,1667454976,1440.40
1136,1031642721,1569.00
1137,16797885413,644.60
1138,63148117115,177.20
1139,531084861,5000.00
1140,19142383923,502.50
1141,28826784960,677.20
1142,18081260602,539.10
1143,48314173950,508.70
1144,13842232779,779.10
1145,239063871,3314.00
1146,24597991741,671.60
1147,288472627,3420.60
1148,37740106300,251.20
1149,1557066366,1348.20
1150,3126453509439,18.60
1151,31495923333,273.00
1152,40185813206,608.90
1153,8367727081,826.40
1154,20682705309,660.70
1155,7883336922,883.10
1156,28372101662,323.90
1157,8754943568,1037.30
1158,211598487,2055.50
1159,28561800064,343.30
1160,257210750,4064.60
1161,69667698689,412.00
1162,18033191721,702.10
1163,57941504400,54.90
1164,370287910,1636.10
1165,1005479094806,19.40
1166,293330936,3747.30
1167,821225417645,4.40
1168,9948702447,846.20
1169,53332666861,398.50
1170,1876834911,1409.80
1171,4826790543,1077.50
1172,2228088937,1328.20
1173,31656912868,221.60
1174,279473228,1993.30
1175,33992717329,68.30
1176,1035120621727,10.70
1177,10255939273,817.10
1178,49602405697,435.60
1179,3782333931,1206.90
1180,125237822075,227.70
1181,831425511,1455.60
1182,205647479,3821.90
1183,64056251189,312.90
1184,48147887317,584.80
1185,203265670,4402.90
1186,35915561624,187.70
1187,1920377252643,18.40
1188,11346173594,945.00
1189,292640383,3603.20
1190,72429755339,390.20
1191,53710016989,438.20
1192,3593121067,1219.80
1193,13353575829,870.20
1194,43023365784,208.90
1195,37314324435,684.90
1196,2733112553,1237.00
1197,531084861,5000.00
1198,5497623979,1061.10
1199,16954410980,885.40
1200,33667110376,453.40
1201,32671038897,656.90
1202,181804733,4756.80
1203,46288936979,193.00
1204,4185187256,1030.90
1205,321214836,1912.00
1206,260110535,4980.90
1207,548946917,1371.50
1208,10693503798,949.80
1209,52539224570,384.80
1210,44384179341,467.70
1211,249663529,4957.40
1212,6096393311675,13.80
1213,236033399,2911.70
1214,81082085594,181.50
1215,34852926634,529.40
1216,531084861,5000.00
1217,97749175394,276.30
1218,222859310,2507.70
1219,311460570777,29.00
1220,1618372068651,23.60
1221,38381816159,163.90
1222,147022156,2159.10
1223,32340308757,281.70
1224,15084958320,637.20
1225,486306325019,34.50
1226,38702970532,347.00
1227,31393186915,611.00
1228,7687021630,883.00
1229,51724001851,564.50
1230,27701679773,623.80
1231,90089999607,172.60
1232,30148166071,593.50
1233,3904599688895,7.90
1234,44532636822,628.50
1235,1618372068651,23.60
1236,260421528,2612.10
1237,70310368191,344.10
1238,243236925,3415.70
1239,8348917144,841.40
1240,1207003241,1424.70
1241,51804054388,411.50
1242,531084861,5000.00
1243,5042897048,1098.20
1244,5672875959589,12.50
1245,28081270394,257.70
1246,7612073431,1003.90
1247,11978289740,579.80
1248,10062557256,950.90
1249,30956888869,408.20
1250,3571858980,1183.40
1251,122586123819,84.40
1252,162382888,2857.80
1253,13969566142,901.60
1254,95674281414,140.80
1255,298652779,2021.20
1256,23661898695,321.20
1257,9003076797,1005.40
1258,14521141013,712.50
1259,27266222028,718.20
1260,3514619827,1069.20
1261,21517294574,420.90
1262,1500798704,1432.00
1263,17737495524,567.20
1264,32981445898,547.30
1265,41912513384,527.00
1266,104505069417,81.10
1267,68346701246,195.40
1268,135341802,1945.00
1269,156566471236,88.80
1270,23032183747,422.90
1271,35740470837,126.10
1272,21155334727,834.10
1273,476851475,1750.50
1274,14061069332,420.20
1275,273758059,2918.60
1276,8637274296,794.10
1277,821225417645,4.40
1278,3788495306,1233.10
1279,262424795,4267.90
1280,4765158185,1008.10
1281,39155738651,77.00
1282,3745159842962,31.80
1283,20914318847,827.80
1284,2640466680,1172.90
1285,20229013322,818.00
1286,25430291608,311.20
1287,123778277392,52.70
1288,531084861,5000.00
1289,55677818272,513.40
1290,20935179225,325.60
1291,194230840,2901.20
1292,52126987032,240.60
1293,258947138,4052.30
1294,531084861,5000.00
1295,314385148,1979.60
1296,69201347198,80.50
1297,776865766,1647.00
1298,531084861,5000.00
1299,56158007053,216.30
1300,295611930,2054.00
1301,531084861,5000.00
1302,2903461468,1024.90
1303,307096137,2177.30
1304,10664626221,569.00
1305,296827568,3932.50
1306,20648767861,871.10
1307,29327404974,374.60
1308,311052924,1899.10
1309,17997799071,529.10
1310,6910445085,1081.30
1311,79191459789,309.40
1312,420939141,1727.30
1313,6086818197478,18.90
1314,20776450634,808.30
1315,46944394905,478.00
1316,197221346,2865.50
1317,254302045,4479.60
1318,21154780528,489.70
1319,271428649,2232.40
1320,102399720940,237.70
1321,12795175255,794.20
1322,16449241743,871.90
1323,20160139368,567.50
1324,531084861,5000.00
1325,21154780528,489.70
1326,3228186831,1275.70
1327,13966652844,430.00
1328,35352496530,280.00
1329,8313090328,1011.40
1330,98055344010,189.40
1331,49101728164,353.80
1332,90080823182,162.70
1333,20785167733,444.00
1334,247717878,2572.90
1335,50406924430,305.90
1336,7430491879,1016.10
1337,305903618,3194.20
1338,1858225816,1400.40
1339,99434081339,225.30
1340,46448351913,398.10
1341,303180716,3068.70
1342,352314987,2049.30
1343,256380626,2761.50
1344,5116004281,987.40
1345,236614479,2758.80
1346,260643273,3266.20
1347,6510124306,1023.40
1348,14221560190,949.30
1349,135189457,3332.10
1350,1309626080,1459.80
1351,20616740419,608.70
1352,61059840830,360.70
1353,171541352,2928.50
1354,321465845,2135.40
1355,16306182244,866.30
1356,178325464,4337.30
1357,17142216178,563.40
1358,531084861,5000.00
1359,274027037,4114.20
1360,35958217071,154.60
1361,2552156425,1277.90
1362,22199660203,514.20
1363,210716322,2120.80
1364,201769256,2744.30
1365,14759039979,973.40
1366,43567764187,572.30
1367,16089337428,590.80
1368,221741803,2826.80
1369,23840151443,566.80
1370,47911768387,583.10
1371,7514570213,765.80
1372,531084861,5000.00
1373,19820338580,120.20
1374,1995373137395,42.20
1375,8861567817,1030.20
1376,93521258532,159.00
1377,531084861,5000.00
1378,253017627,3127.60
1379,2070232361,1386.00
1380,1766610907,1341.20
1381,455669335,1792.80
1382,22189766572,703.90
1383,2210881988,1292.10
1384,37237260914,387.20
1385,23542629423,820.20
1386,161438608,2672.00
1387,84026478167,189.10
1388,1739903060253,11.80
1389,26003649793,493.90
1390,32564418070,621.20
1391,5680891790,1064.10
1392,20894487486,781.00
1393,29047439945,720.40
1394,1693729231,1325.50
1395,458167117,1741.50
1396,47311756537,138.90
1397,110971927033,275.40
1398,44579492443,332.40
1399,5320491510,1049.70
1400,23094291247,604.10
1401,458034098893,31.20
1402,86700315220,269.20
1403,45340205667,575.60
1404,48282519785,245.30
1405,74385668364,302.90
1406,15978622283,328.50
1407,52560933261,85.90
1408,23338859865,602.60
1409,186376216,2630.20
1410,22864229286,833.70
1411,5054420217,1171.20
1412,26570979190,242.10
1413,315610494,3970.10
1414,148431906,2060.50
1415,959643038604,24.30
1416,34704970250,212.60
1417,48139502779,536.30
1418,216613345,4663.30
1419,395213402,1745.40
1420,60635667331,465.60
1421,10730505068,931.80
1422,56653797820,287.80
1423,56442026790,288.10
1424,205647497,3515.40
1425,1317353811,1499.10
1426,44136748189,591.50
1427,531084861,5000.00
1428,49346652352,224.50
1429,46059152207,161.30
1430,57643821372,101.70
1431,87084544216,225.60
1432,26570979190,242.10
1433,91502171799,105.70
1434,184469617,2400.90
1435,2306651886,1274.40
1436,209828889,3618.10
1437,241272543,1954.40
1438,24041283945,812.50
1439,192994659,2239.10
1440,13784511287,896.10
1441,23794837412,370.80
1442,113693219468,237.60
1443,8064615959,907.10
1444,27677444451,752.90
1445,8866527086,1007.40
1446,317975539,1790.20
1447,21150082731,637.00
1448,30509732545,479.70
1449,200310062,2639.60
1450,78387209060,104.10
1451,65892391157,364.10
1452,95668821517,240.10
1453,7324318302,843.50
1454,33273911128,585.30
1455,244482077,2202.80
1456,24027730898,821.00
1457,14333851184,774.50
1458,15024162957,645.70
1459,232054656,2517.00
1460,90307299259,296.40
1461,29432157435,130.10
1462,54489427752,81.20
1463,65817677809,173.10
1464,2511913908,1033.70
1465,31495923333,273.00
1466,531084861,5000.00
1467,209113146,2694.30
1468,34728703984,527.80
1469,228788638,4600.70
1470,44174953888,331.00
1471,300755595,2184.10
1472,1991916767,1337.80
1473,69013155672,434.50
1474,39037066667,283.00
1475,17161628805,539.30
1476,194810642,2903.50
1477,43642915086,114.50
1478,103314884742,293.40
1479,531084861,5000.00
1480,23810381688,152.70
1481,127503612213,77.70
1482,67129270245,148.50
1483,577098870,1668.00
1484,15330206744,659.30
1485,47194462454,508.20
1486,430130743,1702.10
1487,35825947765,510.40
1488,766904392,1651.90
1489,6420384738,908.00
1490,52312132709,502.00
1491,201603479,2685.90
1492,43508723867,539.80
1493,1864637800,1365.10
1494,181341496,2201.10
1495,2962129716,1076.70
1496,4765158185,1008.10
1497,45439630447,532.80
1498,81732819489,143.50
1499,42701701159,208.50
1500,531084861,5000.00
1501,2981738570,1066.40
1502,19430491362,888.90
1503,168046139,2733.80
1504,87059934660,201.00
1505,6996852462,952.30
1506,10821155514,828.10
1507,23936466943,812.40
1508,32097928605,681.60
1509,55126555478,555.00
1510,5398976311,1061.50
1511,531084861,5000.00
1512,95044039954,225.00
1513,5847279373,1090.30
1514,273042916,2061.20
1515,33649275387,721.10
1516,2257730554260,30.60
1517,1963467540,1119.50
1518,1044399772,1543.10
1519,289339695,2167.00
1520,16562352592,873.90
1521,55411498621,449.10
1522,57152203139,112.50
1523,62745272385,458.80
1524,95377864653,236.30
1525,16212051809,575.30
1526,43123035366,144.80
1527,57041230315,541.20
1528,20268686096,845.20
1529,8629562088,1001.80
1530,290295119,2139.50
1531,39863101203,243.40
1532,14061069332,420.20
1533,110986069551,261.50
1534,676203029,1632.10
1535,22863470581,800.20
1536,1384907475327,27.10
1537,86265612,2770.10
1538,59891697887,439.20
1539,51433388440,210.70
1540,13440345196,708.60
1541,214492258,1951.10
1542,11793324822,648.40
1543,184353242,2903.70
1544,26589880499,726.60
1545,12538255687,697.90
1546,63322211549,115.90
1547,82024009245,322.70
1548,25641152340,696.80
1549,18799210408,323.10
1550,531084861,5000.00
1551,1661188169,1372.30
1552,47871525541,186.50
1553,21984346352,442.20
1554,145827503101,79.50
1555,41498851269,61.30
1556,306549981,1607.90
1557,1363334391,1465.70
1558,182604934,2656.30
1559,1140183568,1501.00
1560,64932957125,417.60
1561,45448745067,149.60
1562,24983367735,706.80
1563,19516530221,123.40
1564,181030639,2477.60
1565,77727551270,354.80
1566,6813772139,996.40
1567,192918474,2290.20
1568,1279888135,1520.30
1569,530204281,1627.10
1570,16766134361,650.40
1571,1194333746,1464.30
1572,574918054,1651.30
1573,22101018486,179.10
1574,280118242,3711.90
1575,4808148895228,43.10
1576,7938644387,1046.10
1577,10664626221,569.00
1578,48820055854,591.80
1579,1796605787,1416.00
1580,7012961285,1049.80
1581,32241972182,571.90
1582,700814762049,44.80
1583,225884447,2207.70
1584,15503489958,291.90
1585,376394324,1759.30
1586,39360163578,555.70
1587,206917146,2586.70
1588,531084861,5000.00
1589,34704970250,212.60
1590,41099381898,242.00
1591,396819219180,14.80
1592,882449467,1357.00
1593,14333851184,774.50
1594,531084861,5000.00
1595,20063293863,631.40
1596,531084861,5000.00
1597,1062278815,1521.60
1598,7092823364,1104.40
1599,79755276043,345.60
1600,28848719377,486.70
1601,21960931343,725.00
1602,30556134814,150.80
1603,30162588776,156.70
1604,23296250371,398.30
1605,15023430616,967.60
1606,257208772,4703.70
1607,29156259711,337.80
1608,4095171349,1141.40
1609,106839314425,276.00
1610,329873557,2066.80
1611,46718748236,314.10
1612,1513091760,1422.30
1613,239852700,2170.20
1614,16271817880,439.30
1615,1052523353,1386.30
1616,226531637,3569.60
1617,62849424153,169.40
1618,57210787398,120.30
1619,19510179874,474.70
1620,34272644376,189.50
1621,46514619407,123.00
1622,126607544,1950.60
1623,14846736286,952.40
1624,531084861,5000.00
1625,181654932,2817.40
1626,236266073,2151.20
1627,25997643338,707.90
1628,66305314155,411.20
1629,18000599851,923.80
1630,223610454,2126.40
1631,60257356619,481.40
1632,48269772080,177.40
1633,113110033685,246.20
1634,271708760,4306.80
1635,147022156,2159.10
1636,13089086069,956.00
1637,1735215641,1399.10
1638,2627574330,1283.00
1639,46022272003,606.40
1640,5736169125,1095.70
1641,239381568,2990.90
1642,765054711,1619.70
1643,45484522709,299.10
1644,351625901,1783.30
1645,12238910154,772.60
1646,3149048095,1268.10
1647,243687174,2254.50
1648,270490875,2259.00
1649,831195315,1493.10
1650,1857476750,1221.60
1651,261668456,2277.10
1652,6756120896,970.50
1653,18017036534,510.80
1654,163763186726,68.80
1655,531084861,5000.00
1656,15317086474,605.00
1657,5064052656,1102.40
1658,80512707654,69.80
1659,41888992991,445.60
1660,883549119,1481.40
1661,32178211771,717.60
1662,22931625811,395.40
1663,66372878613,97.90
1664,27116364871,312.20
1665,23696767824,716.10
1666,5170466988,1125.10
1667,40413357599,80.80
1668,51095710824,414.10
1669,302308495,1615.30
1670,26151096785,171.30
1671,549836943,1434.20
1672,323735759,2150.80
1673,548946917,1371.50
1674,17285460995,910.00
1675,46792456431,73.50
1676,198040796,3099.60
1677,5577796395,1038.70
1678,414234953,1756.20
1679,9319614982,980.90
1680,3336981903620,43.70
1681,35283619231,525.50
1682,532826218,1754.50
1683,148677023486,66.70
1684,8084251298,1048.10
1685,355517295,1842.50
1686,28907994550,695.40
1687,155384761537,56.00
1688,38142154406,589.10
1689,7618031193,1065.30
1690,369737191926,40.20
1691,64664813133,332.00
1692,17481501506,722.20
1693,14771243973,621.70
1694,54200435651,279.00
1695,14284702715,859.70
1696,47214899732,496.20
1697,86268774467,100.50
1698,3207891611,1183.70
1699,129606977253,72.30
1700,139695140,2485.30
1701,75887685100,362.20
1702,65713872091,103.30
1703,175431366,4106.50
1704,297966259,1860.70
1705,809144464801,5.00
1706,18627674788,794.50
1707,2738993348,1296.10
1708,537122641,1608.00
1709,1820389244,1394.80
1710,33904120995,663.00
1711,71957759262,204.40
1712,892735533,1583.10
1713,11393165383,779.90
1714,6861551410,1112.00
1715,94562526,2532.60
1716,162675645,4303.70
1717,69201347198,80.50
1718,44138846467,439.80
1719,21059328613,269.50
1720,28326593365,606.80
1721,8239560543,1029.30
1722,2014649290,1351.70
1723,76994766151,302.00
1724,196316983,4312.20
1725,368434753,1903.10
1726,497414419,1640.10
1727,15082295138,620.10
1728,9747192827,1015.70
1729,75154488270,91.50
1730,21800076718,617.70
1731,74934041893,398.20
1732,85779002278,300.90
1733,899936792,1474.10
1734,1029795583,1535.40
1735,73549617328,109.10
1736,66358464064,145.20
1737,895285398648,8.80
1738,50235240751,87.10
1739,37695772005,532.50
1740,53448550595,423.80
1741,471540735,1786.50
1742,58636907810,101.30
1743,7911335322,909.60
1744,273788324,2905.30
1745,70787460585,339.30
1746,102820494114,232.40
1747,251728733,3003.50
1748,30120281484,403.10
1749,924823741,1466.40
1750,71052529963,135.20
1751,10348684841,747.80
1752,11677549153,841.30
1753,53134778523,74.60
1754,458148184,1790.90
1755,73450009298,265.40
1756,21192513751,861.10
1757,100514358762,185.60
1758,97643901,3054.70
1759,11109313610,808.90
1760,36432132981,400.50
1761,11930382197,694.50
1762,21196631376,786.60
1763,317841726,1903.20
1764,151622405615,99.90
1765,39616508716,349.80
1766,31530082716,570.90
1767,8796733537,1016.40
1768,225182426,3113.10
1769,2156442754,1330.20
1770,273915790,2367.70
1771,1854852567156,5.10
1772,113996076499,268.10
1773,46792456431,73.50
1774,531084861,5000.00
1775,531084861,5000.00
1776,195975161,2901.30
1777,531084861,5000.00
1778,54768324726,282.50
1779,11934015873,640.10
1780,32937273626,186.00
1781,55086653218,216.90
1782,58304865440,127.00
1783,34698870295,87.00
1784,200396640,1858.80
1785,18440140082,533.40
1786,344090249,1839.70
1787,17953940591,829.80
1788,531084861,5000.00
1789,2137788726,1266.50
1790,1135516403,1422.90
1791,45931104465,574.30
1792,167298935,2566.30
1793,66494934001,426.60
1794,20616740419,608.70
1795,256632725,4717.30
1796,66649732088,330.40
1797,61228693461,247.00
1798,494817171,1753.70
1799,75943883678,383.80
1800,89500837708,142.70
1801,108192414069,243.10
1802,531084861,5000.00
1803,455371912,1730.30
1804,196598136,3502.60
1805,455283946,1691.80
1806,10675571287,921.70
1807,40361294495,356.40
1808,745130902,1629.70
1809,229315954,3770.70
1810,26325850970,398.90
1811,79912870490,298.50
1812,24624328420,818.40
1813,676554104,1585.70
1814,103052052583,248.20
1815,102380247434,282.90
1816,22219274836,833.20
1817,66656513051,139.40
1818,1558123047,1430.90
1819,34741191686,639.30
1820,55364658371,392.60
1821,49054651212,62.80
1822,65802577784,75.40
1823,53521782390,365.20
1824,194351701,2274.60
1825,270110863,1844.00
1826,18703519586,348.90
1827,3148867662,1192.20
1828,55357415703,321.80
1829,61041437597,379.80
1830,4231742335,1188.00
1831,18017036534,510.80
1832,296205992,2201.60
1833,31079216786,718.80
1834,23657163709,387.90
1835,27400962598,626.60
1836,32340308757,281.70
1837,1098248218,1475.80
1838,41537707174,275.90
1839,14159571510,725.40
1840,531084861,5000.00
1841,323800885,1839.40
1842,245376826,3124.10
1843,1332177869720,25.20
1844,101503798772,234.60
1845,4965467950,1059.80
1846,96762340280,148.40
1847,34037951055,299.70
1848,26310849231,205.00
1849,11120527450,981.30
1850,673404421,1548.80
1851,19244754633,483.20
1852,271782515,3326.20
1853,38967340040,682.80
1854,531084861,5000.00
1855,5707443822,1056.60
1856,347271517,1804.70
1857,7312956568,1011.90
1858,286158538,2312.20
1859,3015267411,1073.70
1860,10879726633,815.20
1861,531084861,5000.00
1862,73378815457,185.80
1863,42505804197,72.90
1864,97455080984,285.30
1865,43517291593,467.90
1866,31442484959,709.90
1867,3756736660,1221.90
1868,25708984192,450.90
1869,482078848,1740.40
1870,49803288287,426.70
1871,34063943490,602.50
1872,7000475896,898.50
1873,97458384392,58.20
1874,108673107470,262.90
1875,18253887710,573.30
1876,20254824120,799.70
1877,86609474795,104.00
1878,106276834027,196.90
1879,20870353649,582.40
1880,7759764742,1034.90
1881,52365432376,352.10
1882,309351821,3802.40
1883,69609898397,314.30
1884,105712904631,205.80
1885,58595432251,371.00
1886,66029725808,55.00
1887,28098979104,669.00
1888,8212732228,794.30
1889,46869305110,457.50
1890,13219846074,718.10
1891,3210649616,1113.70
1892,12073231877,954.50
1893,253156525,4101.10
1894,431207656,1772.80
1895,687829222,1687.30
1896,29210106426,627.30
1897,9018551222,692.10
1898,63836158783,416.30
1899,31656912868,221.60
1900,6699730071,1097.10
1901,383911318,1564.30
1902,10924598402,932.50
1903,71369641688,171.20
1904,7883336922,883.10
1905,123703299,2441.90
1906,1217629525083,34.40
1907,2837153949,1321.40
1908,8478501692,848.30
1909,2184642861,1386.80
1910,946147754,1561.30
1911,531084861,5000.00
1912,61495903269,261.90
1913,123093847,4106.30
1914,4440914824,1155.40
1915,294774598,3162.30
1916,531084861,5000.00
1917,17026628600,570.40
1918,65154835122,343.50
1919,16725067909,818.30
1920,104032758820,56.50
1921,6809905360,1078.30
1922,83175277967,108.20
1923,222677823,2446.60
1924,15864226128,889.90
1925,42130942443,503.70
1926,1865671043835,19.90
1927,302393902,3490.10
1928,138952740,2303.00
1929,377081240,1851.80
1930,16419161086,824.80
1931,1027572262547,13.60
1932,8145092143,1019.30
1933,135692139903,56.20
1934,86646180235,208.40
1935,14804944863,830.00
1936,102565192856,183.20
1937,26518474902,800.70
1938,531084861,5000.00
1939,65403740895,408.10
1940,5116004281,987.40
1941,210565746,2195.80
1942,4425193798,1099.80
1943,5292881431378,7.50
1944,219560675,3663.20
1945,18639359655,559.40
1946,131186967,2262.30
1947,7985639463,826.60
1948,270604694,2036.80
1949,34259427554,333.20
1950,473546939,1802.30
1951,199203128,4689.20
1952,7407407774,1095.30
1953,319424711,1969.50
1954,585497383,1592.40
1955,15146411056,942.70
1956,26059099637,248.90
1957,27168392625,368.30
1958,3235366852,1212.90
1959,63640500957,406.90
1960,531084861,5000.00
1961,8686902932,786.40
1962,467192083,1600.10
1963,124985288435,50.60
1964,2206213800,1359.50
1965,40786065388,557.90
1966,326493339,1810.60
1967,7860065247,1032.30
1968,280815945,3723.90
1969,79817031948,369.90
1970,212881790,2311.60
1971,73574433427,51.30
1972,48215125004,174.40
1973,1941654498,1345.30
1974,41398959499,57.70
1975,1584144201,1358.80
1976,29012112109,604.50
1977,2079966300,1375.40
1978,43537958914,644.30
1979,28568203761,658.50
1980,127529801029,242.50
1981,33027306105,546.70
1982,46709470536,470.10
1983,27706214838,553.70
1984,17123789024,792.50
1985,13264112219,899.90
1986,224732737,4651.30
1987,459311077,1663.80
1988,45247054165,254.60
1989,57528790986,471.60
1990,117543891851,245.90
1991,1323901929,1469.90
1992,95793422541,150.10
1993,217499343,3256.90
1994,12810572992,517.90
1995,531084861,5000.00
1996,1757110705,1439.90
1997,105141363530,177.50
1998,82457649464,119.00
1999,37147981512,112.70
2000,50996794756,300.40
2001,53978009011,515.80
2002,144249976,2249.90
2003,37784936160,217.50
2004,48016507000,451.30
2005,7547635712,831.60
2006,53820952064,335.20
2007,17237300290,715.20
2008,16679782773,787.30
2009,3257690207,1225.10
2010,90000642457,281.80
2011,76932809653,382.70
2012,297619685947,27.30
2013,35728845532,603.70
2014,311545495,3069.40
2015,1184934706,1318.50
2016,4079102726,1153.60
2017,115308470285,76.80
2018,1508251949,1454.40
2019,13513781856,362.40
2020,21513255671,419.30
2021,76585150709,367.90
2022,107671523,2279.30
2023,3462570438,1048.20
2024,188632982,2462.80
2025,61563230340,493.70
2026,16246708640,845.80
2027,30956888869,408.20
2028,13401944222,784.90
2029,105774748433,84.70
2030,200079367,3567.20
2031,57528229236,97.30
2032,283187038,2115.30
2033,66958253922,438.90
2034,8625328201,887.00
2035,46092315020,50.20
2036,59410010389,260.60
2037,33560815491,420.10
2038,707876770,1438.60
2039,7307540614,1081.90
2040,2514681633,1170.20
2041,190664744,2260.60
2042,3031082622,1305.60
2043,10674961125,998.30
2044,198729699,2113.70
2045,40404816204,192.20
2046,74859665637,131.30
2047,3770875198,1144.70
2048,89870563635,302.10
2049,40404816204,192.20
2050,38119890676,208.60
2051,1613677776,1358.30
2052,75979894774,359.90
2053,15958132942,955.60
2054,47944762771,571.40
2055,7145381502,1074.20
2056,168472533,4128.30
2057,19989347357,679.80
2058,230527658,4085.20
2059,146187698998,70.80
2060,2448701541,1248.30
2061,8051776943,1022.90
2062,39501502124,331.40
2063,16661447973,934.20
2064,59067650233,151.30
2065,15978516783,312.10
2066,89237628543,258.60
2067,6416104219,884.40
2068,19028879764,419.80
2069,38050611168,345.70
2070,6619795278,1106.80
2071,4410767959,1130.20
2072,8400258822,840.50
2073,29553473372,613.70
2074,53786989161,563.60
2075,39122003856,619.30
2076,54208466198,233.10
2077,1834567628,1347.70
2078,24941365634,268.00
2079,2233624225522,30.20
2080,45163112272,257.20
2081,26783926530,497.90
2082,11394697994,912.60
2083,463591657,1779.50
2084,2326430162,1308.10
2085,8656883397,1039.00
2086,2339541997134,5.80
2087,1005479094806,19.40
2088,226584810,2325.20
2089,20820377008,804.30
2090,43684014691,195.80
2091,42134513288,339.50
2092,81861665059,157.10
2093,64469293709,168.70
2094,3968654705,1010.80
2095,40262643644,258.70
2096,50165221313,578.10
2097,721716302117,40.50
2098,531084861,5000.00
2099,4352189391,951.80
2100,9641300399,821.50
2101,531084861,5000.00
2102,48430054360,179.60
2103,20426609307,668.30
2104,70010388167,53.60
2105,199377515,3928.30
2106,2600551549,1245.80
2107,4301648489219,39.10
2108,63773135918,236.00
2109,1868371891,1398.50
2110,17274073162,184.60
2111,4417107403,1102.80
2112,2461328163,1256.60
2113,177172859,4316.90
2114,14315728285,666.70
2115,19537598172,815.00
2116,72081505900,67.90
2117,49346652352,224.50
2118,531084861,5000.00
2119,4824000325,1085.30
2120,183791542,2899.30
2121,69759175861,170.90
2122,234119284,1957.50
2123,6654545633,938.80
2124,166113765470,57.50
2125,31086105669,105.50
2126,2200556890,1356.10
2127,40622763612,235.30
2128,40944020839,152.30
2129,6756120896,970.50
2130,56390905427,474.20
2131,65424993140,312.00
2132,102869558,1938.50
2133,41894455446,284.10
2134,77971849990,118.20
2135,95914042126,217.60
2136,44556748114,141.20
2137,8661091176,1004.90
2138,4353340574,1155.50
2139,12184478514,928.30
2140,3659528580,1192.50
2141,220261913,3689.80
2142,4187506360,1170.90
2143,5066987889,1074.80
2144,22402021335,857.20
2145,6463931614,870.40
2146,18959388975,494.70
2147,33385537236,273.70
2148,53149377880,385.30
2149,18639359655,559.40
2150,51534821382,297.00
2151,12336543885,723.50
2152,1913198745,1376.70
2153,40012831447,581.00
2154,18928523412,828.70
2155,21413648997,450.40
2156,748603223287,17.40
2157,62239386970,75.30
2158,15696752301,666.30
2159,725633995,1571.20
2160,2817282968,1222.80
2161,323269456,3400.90
2162,54407088320,453.10
2163,114223208344,237.40
2164,264002070,2215.10
2165,43363411777,115.40
2166,278723235,3396.80
2167,48826728147,222.60
2168,28819377521,657.60
2169,261765988,1846.80
2170,44329265245,604.00
2171,6788237233,1107.20
2172,4778417328,1180.30
2173,1596602072,1415.60
2174,194565561,4393.90
2175,46993616866,204.20
2176,39711315710,633.50
2177,425925807,1851.00
2178,500885745609,33.10
2179,1578865899971,47.60
2180,1973582404,1407.80
2181,200952214,4617.80
2182,631770553,1616.70
2183,227870925,2391.80
2184,284911545,2398.10
2185,64567146256,414.00
2186,1735987911008,35.40
2187,15767250000,814.40
2188,59298676466,458.70
2189,73763125860,140.50
2190,108467072632,202.90
2191,239062904,3471.70
2192,237919865,2592.40
2193,12265930995,492.70
2194,38611742929,479.90
2195,23550293686,306.10
2196,24097869390,667.40
2197,6957153376,1026.90
2198,248909294,2600.70
2199,94601727112,282.60
2200,59638406187,368.20
2201,531084861,5000.00
2202,130882779422,75.20
2203,531084861,5000.00
2204,98781783455,307.20
2205,28848719377,486.70
2206,531084861,5000.00
2207,27938617130,615.00
2208,65249680769,127.50
2209,7276421258,1010.10
2210,12885128974,941.60
2211,23898234148,832.60
2212,29152309952,134.70
2213,276894007,1915.10
2214,1262302945,1478.00
2215,24104747772,486.20
2216,21059328613,269.50
2217,1131482741674,30.80
2218,230078981,2644.10
2219,44746459086,160.10
2220,52778199161,474.00
2221,238440964,2387.30
2222,33183335521,447.20
2223,531084861,5000.00
2224,37640815831,97.80
2225,64275396641,55.10
2226,2276952812,1250.60
2227,271709792,4040.50
2228,48340116960,185.30
2229,39487751628,75.90
2230,4864412282,1077.30
2231,27285248811,185.40
2232,332844985916,8.30
2233,43933117141,618.30
2234,30165027291,656.60
2235,43015356047,462.10
2236,25115622574,682.50
2237,882449467,1357.00
2238,35722897755,207.90
2239,14194260928,935.00
2240,82488867899,111.00
2241,34754092386,580.70
2242,59067187629,137.00
2243,187435238,2831.50
2244,531084861,5000.00
2245,84208817715,222.40
2246,213953261,2530.90
2247,21673882252,767.60
2248,61634179049,73.20
2249,11930352905,677.60
2250,50207431370,588.40
2251,80817033923,52.20
2252,531084861,5000.00
2253,35847661264,595.40
2254,29578750273,714.30
2255,2784055725,1207.70
2256,1715532321,1388.50
2257,54093406981,397.30
2258,14996534497,912.20
2259,13347214391,908.40
2260,97608337413,312.50
2261,2573775126,1334.70
2262,51138140046,93.40
2263,8716227833,634.70
2264,35000299913,154.50
2265,69223100697,444.50
2266,531084861,5000.00
2267,33424188898,156.10
2268,246015277,3540.20
2269,22553093997,133.60
2270,38247998613,265.50
2271,54343859621,187.30
2272,160447063,2994.00
2273,32069737750,746.40
2274,531084861,5000.00
2275,12302307433,778.30
2276,57595080150,354.90
2277,2625037852164,8.70
2278,33128709085,347.60
2279,26544773684,720.60
2280,36658108112,291.20
2281,55396804169,428.90
2282,46739572651,488.70
2283,64400296844,471.70
2284,280266552,3013.70
2285,57293518536,389.70
2286,18460335982,607.60
2287,41539065592,476.30
2288,2548195801,1283.70
2289,1139871320,1417.60
2290,349801880,1812.60
2291,29298856903,165.30
2292,2174566718817,0.20
2293,25105872532,814.60
2294,31952753886,695.80
2295,129313060942,94.90
2296,94280353749,278.40
2297,49640945246,471.80
2298,16797885413,644.60
2299,659450365,1659.40
2300,37673110252,615.70
2301,235245619,2410.30
2302,15781364119,703.50
2303,531084861,5000.00
2304,35869768435,339.20
2305,61856304551,321.50
2306,951824168747,36.00
2307,137471515305,56.40
2308,243505268,2944.40
2309,48721641274,255.60
2310,4480674497,1198.50
2311,107377253900,184.80
2312,243256704,3174.80
2313,30868759449,575.20
2314,443235587,1684.20
2315,212557372,4356.70
2316,46603549145,548.20
2317,5904888156,967.70
2318,6453043427,1114.70
2319,18713520216,820.10
2320,36018373935,555.10
2321,235163687,4875.00
2322,17099062590,795.10
2323,198682975,2318.10
2324,46198245994,135.40
2325,212718301,2344.70
2326,255675763,2221.80
2327,8400258822,840.50
2328,52535664161,292.80
2329,53469971260,68.00
2330,1880318234397,15.70
2331,81796063109,302.70
2332,23955644867,401.70
2333,127762001712,241.20
2334,11516397301,645.40
2335,67457971839,361.90
2336,80187167847,154.80
2337,49852644540,572.40
2338,222766408,2868.80
2339,57941504400,54.90
2340,531084861,5000.00
2341,56295738177,483.50
2342,685579018,1560.60
2343,32339509859,294.10
2344,7841787922,816.00
2345,1066131322,1525.20
2346,4173182331,1170.40
2347,235581619,3523.50
2348,468051131,1679.80
2349,25246310045,163.10
2350,32651304302,85.70
2351,25100961701,738.20
2352,118655828,2565.10
2353,607398162,1679.70
2354,1631144442466,12.90
2355,2717497679,1279.50
2356,181234161,4228.10
2357,4039131750,1241.70
2358,531084861,5000.00
2359,708189263,1570.20
2360,263699087,2091.50
2361,63696394530,310.30
2362,452331717,1775.50
2363,531084861,5000.00
2364,348920776503,46.60
2365,186675223,1809.20
2366,252112992,1773.60
2367,3632440552,1266.00
2368,81044198662,304.80
2369,42611284253,495.40
2370,583298631,1711.40
2371,45650130001,428.80
2372,266484636,4808.00
2373,25608170017,135.60
2374,28854805632,621.60
2375,76556057976,364.20
2376,16514706483,919.30
2377,39809551820,636.20
2378,35111050466,643.40
2379,1408576614,1413.00
2380,1621703940,1420.50
2381,33581109839,410.60
2382,4053707846,1015.10
2383,223059057,2330.30
2384,6095760233,789.10
2385,47130453174,473.10
2386,492857021,1657.20
2387,140647609090,97.50
2388,47648741338,543.00
2389,207905135,4313.40
2390,43274402758,619.70
2391,14346904300,697.00
2392,5383679685,908.80
2393,2630468958079,41.50
2394,15133934541,869.80
2395,1511393952,1268.40
2396,432532650,1819.00
2397,531084861,5000.00
2398,10488199551,839.50
2399,10889568919,752.30
2400,32334351074,458.40
2401,328696041,1799.20
2402,4156362010,1168.70
2403,76855863572,185.00
2404,13368833530,390.30
2405,35378416609,175.20
2406,34047008725,224.30
2407,89665830314,192.90
2408,4998751120,1179.80
2409,531084861,5000.00
2410,489984178,1789.50
2411,106446162169,268.50
2412,684592000,1634.50
2413,14556683553,443.70
2414,211966055,3103.30
2415,7547635712,831.60
2416,1535006129,1436.40
2417,65043661135,146.60
2418,85676435007,289.60
2419,234193025,2772.70
2420,94243183476,131.00
2421,1838201468,1397.20
2422,509642162740,26.00
2423,49864014609,397.70
2424,19301479466,753.70
2425,531084861,5000.00
2426,349912781,1897.00
2427,411951676,1827.70
2428,6968944681,959.80
2429,4481682365528,4.00
2430,1934256678,1289.50
2431,25740313320,789.50
2432,33357088588,605.90
2433,114335846068,220.40
2434,23657163709,387.90
2435,238997129,2430.20
2436,23959018878,791.30
2437,17026628600,570.40
2438,9728801132,782.00
2439,68042602381,191.80
2440,100250840305,295.50
2441,1289817535,1495.20
2442,40773036572,323.40
2443,7083670784,958.00
2444,129170747327,54.10
2445,1935419816,1136.70
2446,244448458,4164.00
2447,3137190718,1225.90
2448,2222360092,1319.70
2449,25430291608,311.20
2450,26056633162,706.10
2451,105052982580,78.00
2452,99587234731,252.40
2453,531084861,5000.00
2454,23739250249,810.60
2455,173628050,2540.50
2456,531084861,5000.00
2457,24173697263,118.40
2458,25012765314,429.30
2459,273442419,1881.30
2460,313407126,2066.50
2461,3565453296596,23.80
2462,531084861,5000.00
2463,531084861,5000.00
2464,26779180577,535.00
2465,99960308297,278.70
2466,52148037732,562.00
2467,531084861,5000.00
2468,89862279324,258.20
2469,52396698929,563.70
2470,232791556,3440.70
2471,14656222535,972.40
2472,185473158,2380.20
2473,2106442063,1377.40
2474,35128403465,612.60
2475,2039556076717,39.40
2476,13543906940,538.10
2477,2221446719,1344.40
2478,79796399501,286.00
2479,1742021802661,46.70
2480,297477249,1989.60
2481,257985422,2656.00
2482,11793324822,648.40
2483,6788613631,1036.10
2484,10590317901,796.50
2485,45343373614,607.80
2486,531084861,5000.00
2487,531084861,5000.00
2488,45538423507,476.70
2489,381394388,1860.50
2490,44259668965,149.10
2491,109630327879,253.20
2492,51813690298,496.90
2493,5462856390,1156.80
2494,15766904304,827.90
2495,10649851535,773.10
2496,16544604785,743.90
2497,39263598393,634.10
2498,30094109266,330.10
2499,14180429072,873.10
2500,33650168976,708.80
2501,12582029981,987.90
2502,17018157744,538.30
2503,43287094101,176.50
2504,331692947,1787.00
2505,268287777,3465.30
2506,102362396556,221.30
2507,46613267077,508.80
2508,18198723095,695.90
2509,68957628161,94.20
2510,84362277557,246.70
2511,241267101,2445.10
2512,31611231427,674.70
2513,36999563319,407.70
2514,123258802222,95.70
2515,220857251,2564.50
2516,397452492,1790.80
2517,4290506083,881.60
2518,78922404376,353.40
2519,15492398242,907.60
2520,13397757511,705.70
2521,71763291099,92.20
2522,531084861,5000.00
2523,6497347747,752.80
2524,39631920635,651.00
2525,25731298557,724.30
2526,20836855136,789.20
2527,586631498,1635.60
2528,14340704292,889.30
2529,57763976842,510.10
2530,21456600386,718.90
2531,3264786628,1003.00
2532,3676350893712,46.80
2533,956038897,1476.50
2534,57371296269,491.70
2535,76874707319,111.70
2536,121340311349,262.00
2537,31934822175,108.30
2538,65422084870,444.10
2539,213604500,2828.30
2540,171366486,4185.60
2541,531084861,5000.00
2542,32010379473,118.30
2543,241509510,1957.00
2544,248351318,2239.60
2545,250219416,3220.80
2546,33792020661,197.40
2547,45420024887,551.50
2548,3520320579,1181.70
2549,368884651,1886.90
2550,223568967,4330.10
2551,53052640796,511.60
2552,58255799508,235.80
2553,97139065028,215.70
2554,2742667931579,6.60
2555,22813842450,162.20
2556,111477162291,237.50
2557,43726566166,486.00
2558,158032098,4058.10
2559,9530092746,843.60
2560,4088623940,1145.60
2561,38436106472,638.40
2562,80538305003,250.50
2563,19537971042,369.70
2564,45316290579,187.20
2565,23094291247,604.10
2566,4806581987579,46.40
2567,1365991716,1376.30
2568,317495933,2020.50
2569,11359389471,962.30
2570,37571357874,700.70
2571,396640491,1834.90
2572,231185532,2430.50
2573,39487751628,75.90
2574,86800401251,180.80
2575,11202334362,862.10
2576,211290462,2498.40
2577,8746292953,828.60
2578,22242164517,810.90
2579,1764335268,1154.10
2580,38092799804,267.40
2581,531084861,5000.00
2582,13159586543,908.10
2583,18099304638,463.70
2584,8117585497,801.20
2585,6463931614,870.40
2586,34683870551,432.90
2587,206684810,1822.90
2588,45857576578,154.30
2589,522888156,1473.60
2590,66094506034,469.50
2591,235584224,3421.80
2592,207053507,2385.20
2593,98088966427,265.90
2594,9153176617,651.80
2595,361346656,1766.60
2596,22134869356,821.40
2597,24357203692,759.70
2598,35813599253,111.50
2599,2921691684,1263.50
2600,7351053272,1070.10
2601,410996064,1847.90
2602,54694400627,52.80
2603,41983535593,267.80
2604,17404055264,838.10
2605,42445559271,264.50
2606,30167274255,628.80
2607,1580711049,1460.70
2608,322377210,1769.00
2609,36056916410,711.10
2610,17271183323,913.40
2611,1254999680,1464.40
2612,603202636,1723.30
2613,226760593,2751.60
2614,75484066779,264.70
2615,61855402130,365.80
2616,3065833880,1289.10
2617,18198723095,695.90
2618,1798440825,1403.10
2619,251364521,1983.50
2620,739342289708,6.20
2621,13692000550,113.10
2622,9668168659,982.30
2623,531084861,5000.00
2624,477628484,1797.70
2625,255703609,2944.10
2626,337759073,1768.40
2627,107934800307,279.90
2628,57097620503,60.50
2629,531084861,5000.00
2630,284301280,3276.20
2631,741192932,1630.50
2632,1098596640537,18.10
2633,322469530,2160.00
2634,83156007692,214.50
2635,40169146879,533.80
2636,104938615502,268.30
2637,176457354,2582.70
2638,531084861,5000.00
2639,531084861,5000.00
2640,269729359,1892.50
2641,41099381898,242.00
2642,21702044496,830.20
2643,3671908920,1021.30
2644,378544492,2019.30
2645,4240797800,1036.60
2646,9302476168,766.40
2647,2706363988,1001.40
2648,215486139,3025.20
2649,230713938,2405.10
2650,150107399,2009.20
2651,3031507225,1202.90
2652,319478893,1867.10
2653,18337980979,103.80
2654,41498851269,61.30
2655,37318133267,535.50
2656,1854280947,1398.60
2657,93091339470,117.40
2658,1477059136999,32.50
2659,155855646312,71.60
2660,550146509,1637.10
2661,3861429325,1235.70
2662,33961033226,119.60
2663,1134628256,1451.80
2664,9530092746,843.60
2665,14741564333,684.60
2666,98023308307,264.40
2667,33105171956,307.50
2668,25608170017,135.60
2669,148625747,1850.80
2670,26319357597,703.70
2671,13490425235,964.60
2672,51134682453,306.40
2673,53908559493,531.10
2674,48799877917,356.00
2675,3712949606,1228.80
2676,41922322213,544.90
2677,531084861,5000.00
2678,531084861,5000.00
2679,15847253998,571.70
2680,45787647876,145.80
2681,2848339203,1233.90
2682,261274755,4031.80
2683,46977298154,96.30
2684,531084861,5000.00
2685,246495599,1974.20
2686,46347572481,590.00
2687,37523391966,196.70
2688,7082035862,1020.10
2689,3814315516682,29.20
2690,20083408372,514.10
2691,378029288,1654.10
2692,511501577,1689.50
2693,16103279635,867.40
2694,22392168528,389.10
2695,131839600,2061.90
2696,877033345,1616.20
2697,89717027372,130.60
2698,182378043,2682.00
2699,256943685,1978.70
2700,11310250081,811.90
2701,52360145328,391.70
2702,1099482291,1508.90
2703,17151974024,683.20
2704,94531494313,138.10
2705,16352782980,863.00
2706,11089851985,969.40
2707,10399084412,739.60
2708,186776142,2718.70
2709,9040573306,1002.40
2710,8680407467,1046.20
2711,248789432,3737.00
2712,12897066076,921.10
2713,2388541015917,26.10
2714,219332102,2271.70
2715,97637756554,72.80
2716,214993919,2493.70
2717,1353960531,1495.00
2718,44785341552,475.80
2719,29897284361,386.30
2720,12538255687,697.90
2721,69616798033,92.40
2722,27116364871,312.20
2723,329658485,2020.30
2724,39108209774,520.40
2725,99950283036,173.60
2726,1206048615201,21.60
2727,531084861,5000.00
2728,26485889490,769.30
2729,83739804018,198.60
2730,64838112984,308.30
2731,22199660203,514.20
2732,62030364235,262.70
2733,1061094454,1491.00
2734,96005243764,124.90
2735,196613695,3317.80
2736,76426313184,73.80
2737,11202334362,862.10
2738,138362215,2110.60
2739,41539126235,442.50
2740,531084861,5000.00
2741,676427728,1599.70
2742,12512819048,362.60
2743,255463188,4600.20
2744,531084861,5000.00
2745,1209416414666,42.80
2746,85867499026,137.90
2747,245613102,4313.60
2748,10662892668,970.40
2749,180149119,2232.80
2750,15728183562,915.40
2751,2185398192,1316.30
2752,86643553054,281.50
2753,58702709856,266.20
2754,16271817880,439.30
2755,23529732231,379.70
2756,9180399115,1021.80
2757,28251405049,520.20
2758,147372491024,90.80
2759,17009983151,926.80
2760,51991788093,478.80
2761,248830256,2902.10
2762,175572797,2531.60
2763,293589651,1686.00
2764,261427612,3047.60
2765,531084861,5000.00
2766,26714059487,341.70
2767,209309266,2915.00
2768,10468440565,505.10
2769,44666998114,466.10
2770,33955085486,656.70
2771,5864402226,1063.10
2772,310762965,3234.80
2773,349077286,1538.50
2774,29379111095,135.90
2775,86752568756,143.90
2776,27660209059,529.70
2777,222357993,3505.40
2778,61896581719,216.10
2779,2457824922094,23.30
2780,56268018639,409.30
2781,2165961721,1313.60
2782,113914362222,228.00
2783,4061548062775,18.70
2784,30645516717,265.10
2785,304102919,1939.50
2786,54787226435,347.20
2787,32682852484,637.90
2788,473485996,1782.70
2789,14223821709,982.50
2790,31980557804,388.60
2791,49848050504,373.50
2792,1043594535,1480.30
2793,4430925920,995.70
2794,44275071283,224.90
2795,531084861,5000.00
2796,2292847143794,8.60
2797,317796109,2087.70
2798,34039807479,556.40
2799,358330225,1743.40
2800,7142045480,841.60
2801,775438898,1437.50
2802,531084861,5000.00
2803,71495097237,343.00
2804,26379827696,385.90
2805,48621421244,363.00
2806,31588207194,283.80
2807,25007915987,508.60
2808,13831405727,897.70
2809,531084861,5000.00
2810,5216161897,1160.30
2811,60234707753,114.40
2812,293019099,1973.00
2813,13482992051,987.30
2814,531084861,5000.00
2815,133744036372,66.20
2816,18045873335,875.00
2817,29737192171,402.80
2818,8526639104,703.00
2819,11651071019,628.70
2820,49179591753,484.70
2821,230700569,3770.50
2822,343815506,1811.50
2823,1204303560,1450.70
2824,53048865026,539.20
2825,38702970532,347.00
2826,109490113154,255.50
2827,48215125004,174.40
2828,26305192890,554.50
2829,39370829274,241.70
2830,20935179225,325.60
2831,325355149,3844.40
2832,9462759868,587.60
2833,4848099595,1129.40
2834,16481515333,561.20
2835,151017895143,86.70
2836,180140188,2432.50
2837,227036703,2103.10
2838,84697849468,154.00
2839,16526296705,875.30
2840,5639892878,1122.80
2841,107038972501,181.20
2842,35955869788,333.30
2843,322034309,1808.80
2844,90866618339,109.40
2845,27491558701,508.40
2846,29948796774,277.50
2847,16874923588,806.50
2848,61199780871,113.00
2849,76314988804,187.80
2850,38381816159,163.90
2851,31980557804,388.60
2852,15978622283,328.50
2853,138170471,2036.20
2854,41456115483,162.40
2855,531392420,1666.30
2856,27178073291,781.30
2857,28861392525,683.00
2858,95302865169,150.90
2859,966570126,1227.40
2860,76720868271,76.60
2861,114987781,2053.00
2862,12571204160,991.20
2863,122024081887,75.80
2864,6757404741,1117.30
2865,32651304302,85.70
2866,73199747239,334.70
2867,35583294032,104.30
2868,15503489958,291.90
2869,45486069448,176.90
2870,44322483898,468.40
2871,576132038,1650.70
2872,2417463920,1144.00
2873,319781123,3692.20
2874,43621180046,494.60
2875,90402459380,119.80
2876,531084861,5000.00
2877,55543043058,436.40
2878,9737046211,1008.50
2879,46198245994,135.40
2880,10589941593,929.70
2881,272670781,2305.20
2882,188488415,2869.20
2883,13504695676,710.90
2884,47051782725,371.10
2885,241135252,3903.70
2886,29989049625,714.00
2887,1595098429,1419.60
2888,118655828,2565.10
2889,44565335347,430.90
2890,20426609307,668.30
2891,42319583828,447.60
2892,1764335268,1154.10
2893,14290199653,926.10
2894,64255979054,87.60
2895,15978622283,328.50
2896,9153176617,651.80
2897,12235396345,770.20
2898,5446311834,944.00
2899,39482420823,684.20
2900,33074994944,586.40
2901,192422692,3593.20
2902,18099304638,463.70
2903,30279827185,601.50
2904,234192421,3334.60
2905,1935419816,1136.70
2906,1459016259,1381.80
2907,49487239551,511.10
2908,215482348,2601.10
2909,95196099,2416.40
2910,30284182962,378.20
2911,5079607889,1061.30
2912,23707161478,805.90
2913,3561588189,1219.40
2914,618440206,1658.10
2915,17204979501,497.50
2916,11955006764,788.80
2917,42465101906,593.10
2918,96746433036,63.70
2919,1506516442,1431.70
2920,418139665,1825.60
2921,32740275804,119.50
2922,12110256752,947.60
2923,60767157273,332.30
2924,54963245665,434.70
2925,508653868,1677.30
2926,348920776503,46.60
2927,43636973473,529.80
2928,17039331988,848.60
2929,20083408372,514.10
2930,698200091,1666.10
2931,7150750782,1095.50
2932,11448596182,679.30
2933,1147563511,1505.80
2934,52687800692,60.60
2935,18830677438,753.60
2936,59100270540,490.80
2937,39042607082,625.90
2938,85751125452,246.50
2939,3191068564,1203.00
2940,44643894384,620.80
2941,36190493359,699.40
2942,807878554,1569.90
2943,5133453690,1005.20
2944,531084861,5000.00
2945,88739221961,269.40
2946,66685228153,50.30
2947,45436049380,427.70
2948,24977178786,691.40
2949,531084861,5000.00
2950,1567747207,1301.60
2951,23534114280,202.00
2952,44875696047,64.00
2953,47826171036,530.10
2954,43826599752,610.30
2955,2291836291,1081.50
2956,21761495319,819.00
2957,280834608,2338.70
2958,19894228649,305.70
2959,146923058519,52.40
2960,9759726597,1013.10
2961,34568263826,174.80
2962,160449771,2146.40
2963,531084861,5000.00
2964,21270644579,421.60
2965,10839973708,976.90
2966,57528229236,97.30
2967,15343592679,768.10
2968,75264174191,350.70
2969,235561642,2863.90
2970,463530769,1751.40
2971,17776393621,911.10
2972,1608010440,1446.00
2973,236271216,3368.20
2974,286000561,2030.00
2975,1184934706,1318.50
2976,217179363,1681.10
2977,52683571262,84.80
2978,38399928202,212.30
2979,49699179563,169.10
2980,209826249,3274.10
2981,12511265778,958.90
2982,359440277,2004.50
2983,1922739521,1340.00
2984,26781499995,792.20
2985,9153176617,651.80
2986,531084861,5000.00
2987,531084861,5000.00
2988,44503887069,335.40
2989,196523810,2919.70
2990,61267088021,58.90
2991,176829251,2409.80
2992,824935188,1608.90
2993,531084861,5000.00
2994,55710426459,378.30
2995,189349100,4994.50
2996,531084861,5000.00
2997,54800290725,477.20
2998,77190107475,299.00
2999,49702660516,395.90
3000,638316528413,30.00
3001,24071854686,765.20
3002,967524545,1394.00
3003,239741841,3553.40
3004,262746210,3184.40
3005,524941536,1731.60
3006,2903461468,1024.90
3007,63908125624,151.40
3008,27027123018,529.90
3009,29332937369,308.00
3010,104704901825,257.50
3011,3215978206236,10.40
3012,865886200,1530.70
3013,17438656020,932.40
3014,181690550,2694.90
3015,165574635,4380.40
3016,23548299105,504.00
3017,232793190,3517.80
3018,3050227603689,19.50
3019,167312628,4930.00
3020,1046491009,1563.50
3021,21677425817,613.60
3022,39912732165,279.80
3023,6813772139,996.40
3024,31968831099,136.10
3025,4167593850,1226.00
3026,521072969810,29.90
3027,21677011631,704.50
3028,486306325019,34.50
3029,9709118780,1015.00
3030,33748335685,582.20
3031,33614377207,649.50
3032,28679369199,464.40
3033,14159571510,725.40
3034,59073450003,140.00
3035,24867856231,807.90
3036,1189804968,1427.40
3037,122997535639,230.70
3038,110950544821,233.50
3039,531084861,5000.00
3040,231407038,3318.50
3041,13154134494,516.50
3042,1304018041,1466.70
3043,4053707846,1015.10
3044,53524656162,457.40
3045,35377667069,651.30
3046,16212051809,575.30
3047,16672903076,596.10
3048,18438070595,111.60
3049,317073106,3127.50
3050,404785050,1710.50
3051,43566470631,111.30
3052,7913664011,897.30
3053,3506741991188,3.40
3054,33365191851,658.20
3055,107700934040,186.10
3056,10573951138,721.60
3057,802843175,1599.10
3058,86603733421,270.30
3059,15688003933,806.10
3060,50367311144,59.80
3061,258948882,4238.30
3062,3307999342,1248.70
3063,41594823239,49.30
3064,37436124149,101.20
3065,154926407725,58.40
3066,10468440565,505.10
3067,35330416425,197.50
3068,217082642,1833.50
3069,226768416,2629.70
3070,24408786889,459.80
3071,57069372934,266.40
3072,54038104565,341.40
3073,106685126568,95.50
3074,21719472074,592.00
3075,36901228472,547.50
3076,50965468672,79.80
3077,524503099,1772.10
3078,37753088523,303.90
3079,35111923489,553.30
3080,78448237749,137.70
3081,871140023,1519.70
3082,576313230,1500.20
3083,8687945834,1017.70
3084,70976671835,127.90
3085,531084861,5000.00
3086,822077697,1523.90
3087,1725853102,1420.70
3088,15116112331,593.80
3089,77279399144,146.20
3090,23206566612,712.10
3091,11287803340,981.70
3092,2357639387388,38.00
3093,138380350963,54.80
3094,24644285067,471.10
3095,39463128668,474.40
3096,4076033286,1164.50
3097,531084861,5000.00
3098,195234067,3203.60
3099,445020521,1816.00
3100,80996315863,134.00
3101,47619037570,186.40
3102,90244147549,197.00
3103,14219715900,610.90
3104,13089391057,924.30
3105,531084861,5000.00
3106,232084699,3706.90
3107,36432132981,400.50
3108,49765418928,437.10
3109,576313230,1500.20
3110,36877574597,594.60
3111,246419439,2939.00
3112,46587058583,475.90
3113,1380087439769,47.30
3114,268288118,3820.10
3115,275977080,3190.10
3116,35869768435,339.20
3117,531084861,5000.00
3118,25697337282,511.40
3119,21510828646,499.70
3120,48342816636,425.90
3121,633312652,1667.50
3122,714379020,1624.80
3123,11304143807,911.90
3124,63786159198,459.70
3125,56465281960,446.10
3126,291954292,3652.50
3127,80465686774,72.60
3128,170971269,2930.30
3129,327500391,3166.50
3130,933337724,1557.70
3131,30162588776,156.70
3132,124830890965,262.80
3133,29133282153,728.80
3134,531084861,5000.00
3135,1462058729885,43.00
3136,1169432958,1527.70
3137,4978271253,1175.40
3138,42040056888,292.50
3139,395926533,1855.60
3140,44955753647,163.80
3141,4785412899,1004.00
3142,93357762052,309.70
3143,152059732695,86.20
3144,696581557,1672.00
3145,16748874890,637.30
3146,37170519278,645.30
3147,321193594,3323.70
3148,46868369874,430.60
3149,225136794,3567.10
3150,1695208850,1441.80
3151,501293082,1578.30
3152,113580464403,226.70
3153,3520846545,1064.40
3154,433324003,1452.30
3155,1191501082,1466.30
3156,10821155514,828.10
3157,10573951138,721.60
3158,22431193905,850.50
3159,501293082,1578.30
3160,42505804197,72.90
3161,206294458,2377.40
3162,95402698151,312.30
3163,243931279,3906.50
3164,531084861,5000.00
3165,24735748126,773.40
3166,35492472687,514.70
3167,24605619073,403.30
3168,310764849,3250.00
3169,14219715900,610.90
3170,23244930455,396.00
3171,443157223,1794.30
3172,178903705,4058.30
3173,48659344803,580.50
3174,694115831,1602.20
3175,195322559,2752.00
3176,37902129811,590.50
3177,672498723719,37.70
3178,20393550540,846.30
3179,234583684,2236.70
3180,102033598850,301.10
3181,1812639271424,17.60
3182,240335317,2827.00
3183,32644903573,624.90
3184,211925290,2419.20
3185,12302307433,778.30
3186,44733804371,145.60
3187,335594733,1632.70
3188,531084861,5000.00
3189,16084429547,852.30
3190,161554541458,88.40
3191,1034434979980,13.70
3192,19820338580,120.20
3193,36890521034,699.60
3194,531084861,5000.00
3195,531084861,5000.00
3196,226647834,2958.70
3197,493605869,1694.10
3198,335410039,1763.90
3199,51433312505,422.30
3200,42932794492,441.80
3201,28073556177,483.60
3202,531084861,5000.00
3203,17214331838,450.10
3204,493091017,1750.10
3205,92034880811,235.90
3206,2086967109,1302.10
3207,50478302927,572.80
3208,45289085730,298.10
3209,41983535593,267.80
3210,7124978539,1099.60
3211,17958734636,621.50
3212,29764036965,270.10
3213,88075395246,187.90
3214,696283758,1542.00
3215,41395821805,350.60
3216,72548001477,180.40
3217,45636130935,593.40
3218,218166209,3543.00
3219,21517294574,420.90
3220,264104224,3556.10
3221,9602333436,1000.10
3222,2885822128598,38.30
3223,531084861,5000.00
3224,3297214615,1210.50
3225,30339801970,588.10
3226,4986192151,1155.10
3227,114987781,2053.00
3228,1452839391,1428.30
3229,861739615,1554.40
3230,22553093997,133.60
3231,1304601627830,24.40
3232,531084861,5000.00
3233,1164714681629,25.80
3234,91298136678,287.40
3235,212881059,2618.10
3236,10782871801,994.30
3237,1260667434360,4.90
3238,5648337165,1088.50
3239,51185198385,407.90
3240,3387108031,1043.20
3241,39875668227,53.50
3242,1438068267517,43.30
3243,33059253452,297.80
3244,2842165873204,28.70
3245,265909538,4478.90
3246,131839600,2061.90
3247,78210568887,354.20
3248,953750323,1559.20
3249,37147981512,112.70
3250,277803785,2129.10
3251,129305434608,63.80
3252,43310028457,470.30
3253,531084861,5000.00
3254,24644285067,471.10
3255,411544817851,24.10
3256,2986883919,1287.00
3257,1477059136999,32.50
3258,208189617,2892.80
3259,155903789308,68.20
3260,30645516717,265.10
3261,68263472656,446.20
3262,207996269,2777.60
3263,45579644652,321.00
3264,14061069332,420.20
3265,3489474014,1246.50
3266,104786413664,268.70
3267,15978516783,312.10
3268,231410711,3237.50
3269,40494322599,548.60
3270,83298393558,327.00
3271,238380654,3220.70
3272,531084861,5000.00
3273,315611490,3416.20
3274,1357745519450,38.70
3275,174276867,4048.30
3276,1194304387785,37.60
3277,89791729613,275.10
3278,262666755,2941.80
3279,22553093997,133.60
3280,32010379473,118.30
3281,2511913908,1033.70
3282,22070430612,776.70
3283,1136482668100,47.70
3284,36840265936,702.30
3285,125083316,2211.80
3286,334557450,1841.00
3287,33923632912,101.10
3288,4439378157,996.90
3289,51391722776,351.50
3290,170792190,4315.90
3291,206172250,4693.90
3292,260112068,4931.50
3293,37608791959,653.70
3294,32043181567,709.30
3295,102711297569,238.10
3296,43363411777,115.40
3297,13692000550,113.10
3298,23218495019,771.40
3299,664769551,1669.60
3300,4839527365,1147.60
3301,1074788909,1431.10
3302,161649562010,76.70
3303,200009101,2104.50
3304,32262971963,707.80
3305,222203664,2490.60
3306,11493279142,854.10
3307,23244930455,396.00
3308,48014660247,420.80
3309,40337901548,333.80
3310,3605711458,1261.60
3311,8868071571,1025.90
3312,10852687192,930.60
3313,653492452,1399.60
3314,146575970,1884.50
3315,4977417653,1015.90
3316,19922672035,444.30
3317,138952740,2303.00
3318,76914367961,125.10
3319,3051467927,1223.30
3320,531084861,5000.00
3321,45048545173,183.10
3322,211903355,3715.90
3323,392506521,1766.40
3324,4251148305,1143.60
3325,49469416383,91.60
3326,37904412863,319.60
3327,204252045,3490.50
3328,2444306187,1067.30
3329,41894455446,284.10
3330,13952638141,925.30
3331,114267249118,251.60
3332,29737192171,402.80
3333,7901787267,1063.60
3334,195900331,3708.30
3335,878724870,1585.40
3336,16338438144,945.90
3337,37640815831,97.80
3338,4227474384359,15.90
3339,2864072698,1304.80
3340,77283232156,181.80
3341,154690892,1852.70
3342,193126290,3626.50
3343,1902971886,1366.70
3344,994850520,1302.50
3345,85035574603,181.70
3346,30727056509,326.20
3347,2155813952,1377.30
3348,51433388440,210.70
3349,163654926,2482.70
3350,30645516717,265.10
3351,62486367140,425.50
3352,47267266344,159.70
3353,4934629472,1152.20
3354,130011601430,242.30
3355,68042463665,179.70
3356,34900377285,53.00
3357,22098244483,399.10
3358,8538224339,1052.00
3359,531084861,5000.00
3360,47311756537,138.90
3361,278324497,2195.30
3362,274979009,2355.30
3363,619354873,1604.40
3364,24028983327,790.40
3365,33059253452,297.80
3366,37720304578,116.00
3367,225822068,2044.10
3368,7670097595,838.00
3369,27990982402,724.00
3370,28382030547,352.40
3371,33221822929,553.40
3372,220075943,1944.80
3373,22534333300,260.70
3374,287819629,3176.50
3375,296126876,3715.70
3376,6610703463,1067.90
3377,35893142566,616.40
3378,28390106151,691.80
3379,25790959488,670.70
3380,31588207194,283.80
3381,42148282861,106.20
3382,24175240686,799.20
3383,279341397865,22.40
3384,7418639529,1054.50
3385,6012815602,1024.10
3386,29272443681,766.50
3387,45723567976,412.80
3388,67286489858,352.20
3389,23852781685,283.90
3390,57976413498,128.70
3391,531084861,5000.00
3392,33992717329,68.30
3393,21107479364,803.50
3394,20682705309,660.70
3395,28413864349,488.30
3396,24225112380,436.70
3397,248124352,1917.80
3398,39603894601,160.00
3399,4154503064,1147.70
3400,21104238141,463.20
3401,867673166,1491.30
3402,460707332,1775.90
3403,123210367511,72.50
3404,7829097988,845.50
3405,248504356,4616.50
3406,50211933628,271.80
3407,383911318,1564.30
3408,37006071080,563.80
3409,228554761,2877.10
3410,531084861,5000.00
3411,325573990,1810.50
3412,120433917,2256.50
3413,132970699675,90.20
3414,17979271982,408.90
3415,50451881577,308.80
3416,38763512716,177.90
3417,64076102478,370.60
3418,162815998,2941.90
3419,531084861,5000.00
3420,107072272410,179.00
3421,4329471636,1146.40
3422,1351222769,1428.90
3423,73798829673,394.60
3424,80489165397,202.10
3425,42372594704,230.80
3426,43987626281,631.50
3427,8392944249,994.90
3428,2134944846,1327.30
3429,38641989715,55.60
3430,26493330516,787.80
3431,821225417645,4.40
3432,5276448242144,12.70
3433,55729260756,77.90
3434,23428003647,782.20
3435,46321621106,315.70
3436,29450397474,767.40
3437,247269463,2837.30
3438,240342081,2083.60
3439,583148730,1727.70
3440,17139077239,376.20
3441,15781364119,703.50
3442,19143896497,802.40
3443,37767595553,696.70
3444,44408117745,68.50
3445,112144849,2412.60
3446,42676435070,648.50
3447,16055326918,547.00
3448,36036742723,697.80
3449,14004385151,711.00
3450,51138140046,93.40
3451,51638842595,572.50
3452,10716206922,842.40
3453,44399740545,615.10
3454,110378872914,194.20
3455,171799224,2362.50
3456,164009115615,64.20
3457,239768203,3254.50
3458,3199118770,1074.70
3459,108610521377,288.40
3460,531084861,5000.00
3461,23518106604,845.60
3462,10872634758,802.70
3463,2794769012,1325.00
3464,2231137704,1308.60
3465,565984616,1692.40
3466,718435944,1577.90
3467,30103610259,143.80
3468,322463811,1960.80
3469,38192154079,184.20
3470,58307427338,373.30
3471,47275288419,311.50
3472,26779180577,535.00
3473,87495886009,150.60
3474,80438820676,341.80
3475,70603237376,337.90
3476,531084861,5000.00
3477,52582313047,520.10
3478,10664626221,569.00
3479,52058467646,497.10
3480,22673929127,106.40
3481,721716302117,40.50
3482,1505391251,1363.80
3483,28978856522,771.10
3484,32105626808,158.40
3485,5133453690,1005.20
3486,70178189497,313.90
3487,3101925430,1236.80
3488,4317640962,1035.00
3489,86716536226,162.10
3490,1152680521054,45.20
3491,36069023575,162.30
3492,159699803952,60.20
3493,24408786889,459.80
3494,34467810424,266.70
3495,23631718191,403.70
3496,14556683553,443.70
3497,11217578492,941.30
3498,174268541,4400.60
3499,487020544,1710.30
3500,727512868,1648.40
3501,42882785690,246.10
3502,16888749240,884.30
3503,296057061,1890.00
3504,23229620524,822.10
3505,19834292765,482.20
3506,191057449,2501.50
3507,22503538280,778.60
3508,20551617167,296.50
3509,32408580229,652.70
3510,41173912940,358.60
3511,50727249020,537.20
3512,24704320145,773.80
3513,29220861665,395.80
3514,58224644654,114.60
3515,31364669972,660.50
3516,12617239523,708.70
3517,40727216014,649.40
3518,915864791,1590.00
3519,29327404974,374.60
3520,32616162046,570.00
3521,549470753,1732.90
3522,531084861,5000.00
3523,57096010588,55.80
3524,531084861,5000.00
3525,88043742460,317.60
3526,11396501822,952.80
3527,250182694,3474.60
3528,373829730,1762.60
3529,200856984,3033.10
3530,728479614283,44.90
3531,222911263,2455.10
3532,32230182765,358.00
3533,531084861,5000.00
3534,531084861,5000.00
3535,52315338201,424.40
3536,2270838221,1262.20
3537,26773395138,712.90
3538,13513781856,362.40
3539,28081270394,257.70
3540,5389068152,1067.70
3541,53134778523,74.60
3542,177168042,4591.60
3543,14579176606,902.60
3544,19516530221,123.40
3545,1876049627,1368.20
3546,39524822779,203.80
3547,3206396599397,10.50
3548,1064607709,1456.40
3549,96125342792,261.60
3550,3716862331,1201.50
3551,3489073791,1020.80
3552,266197679,3852.80
3553,266735186,2941.50
3554,1721732333,1195.10
3555,12887134695,758.70
3556,29936902194,765.00
3557,373106642,1759.10
3558,3951103905919,7.30
3559,69353044135,115.10
3560,79482699212,290.10
3561,19232511876,103.70
3562,76277486913,92.80
3563,36047750685,360.20
3564,13543906940,538.10
3565,27706214838,553.70
3566,67523277342,177.60
3567,2914960547089,36.40
3568,44955753647,163.80
3569,13227576902,902.40
3570,267950707,2489.20
3571,21994618374,748.10
3572,6093115930,1128.70
3573,27556711735,720.20
3574,21749982003,547.10
3575,36414498241,704.80
3576,19494618088,666.10
3577,39524822779,203.80
3578,12681791340,927.30
3579,45579644652,321.00
3580,39683474814,221.70
3581,232266020,4032.00
3582,9820726840,749.20
3583,21305799744,727.10
3584,49293851848,194.80
3585,207485569,2469.10
3586,30808320322,123.80
3587,592043107006,40.90
3588,39781882232,239.10
3589,4750083707,1167.40
3590,313986800,1819.20
3591,197987632,3499.10
3592,43342436656,100.90
3593,195409518,2145.00
3594,252574489,4356.50
3595,18691358152,556.90
3596,284420221,1651.00
3597,43684014691,195.80
3598,275215548,2057.30
3599,5460583041,919.40
3600,425373114,1779.20
3601,61407257613,455.50
3602,143213112252,69.10
3603,231394592,3452.30
3604,1790576967267,18.20
3605,10468440565,505.10
3606,1827294458424,17.50
3607,86650014330,322.60
3608,201677300,2123.40
3609,100681972160,90.50
3610,10017622470,741.60
3611,80369838972,315.90
3612,36738984100,85.00
3613,15852192565,899.80
3614,1739903060253,11.80
3615,321896228,3279.50
3616,748199160,1471.60
3617,49987606042,459.60
3618,7000475896,898.50
3619,68651810132,193.10
3620,50447825026,534.30
3621,16372412234,859.30
3622,1334018353,1443.20
3623,3666696918,1196.80
3624,406418179,1841.70
3625,1292693892915,19.10
3626,52089367871,569.80
3627,2810575168,1295.80
3628,234905075,3193.90
3629,345627468,1835.90
3630,242191331,2352.20
3631,52306262049,466.40
3632,29480968484,112.40
3633,54694723553,62.30
3634,531084861,5000.00
3635,89267758900,182.70
3636,13206713727,644.40
3637,139695140,2485.30
3638,26187655476,479.10
3639,690354500554,13.20
3640,102325433785,52.30
3641,34628511039,372.30
3642,96074313062,224.80
3643,47014859991,462.20
3644,39695707978,523.80
3645,531084861,5000.00
3646,18337980979,103.80
3647,28185058010,113.20
3648,531084861,5000.00
3649,47921167595,295.10
3650,298381245,3005.70
3651,44622640329,609.60
3652,22334017782,457.90
3653,126877807859,240.20
3654,23736148769,780.60
3655,1706177400036,4.20
3656,27244383335,220.30
3657,11448596182,679.30
3658,39683474814,221.70
3659,230046320,3149.30
3660,463149023,1784.70
3661,15561802617,669.40
3662,4350974081318,35.60
3663,281516939,3520.10
3664,1214708676,1239.00
3665,5953879981,1128.80
3666,202344149,2913.60
3667,36558507096,528.30
3668,42713700839,517.10
3669,16547882556,869.40
3670,6364522434,1087.60
3671,26151096785,171.30
3672,40023447844,73.30
3673,82576864941,296.20
3674,1833187225,1340.60
3675,43148702013,627.80
3676,17161628805,539.30
3677,240253005,2299.20
3678,2175688993390,35.10
3679,27915978229,357.20
3680,2339541997134,5.80
3681,292524529,1800.10
3682,24492333264,434.10
3683,804088663,1617.20
3684,18763613373,819.30
3685,2626216732585,37.30
3686,4352189391,951.80
3687,9440630758,988.50
3688,75805189727,157.70
3689,2902668521662,4.60
3690,59228164653,418.60
3691,40596698945,513.60
3692,87962457050,290.80
3693,531084861,5000.00
3694,5045948861,1136.20
3695,202198750,2773.40
3696,1485901273764,23.00
3697,531084861,5000.00
3698,986071668203,7.70
3699,55744861460,379.50
3700,44545900488,419.70
3701,221394204,2038.40
3702,98342110901,211.70
3703,803447470,1581.50
3704,64948540674,346.10
3705,50430050657,284.40
3706,16296725430,919.70
3707,52248209300,535.70
3708,17139077239,376.20
3709,531084861,5000.00
3710,478953977,1666.40
3711,58482544818,390.80
3712,10879726633,815.20
3713,531084861,5000.00
3714,210538317,2879.60
3715,6876471789,1060.70
3716,28372101662,323.90
3717,22297612414,559.30
3718,32737142542,241.50
3719,59027043381,523.20
3720,38647772656,687.20
3721,87225216974,308.70
3722,161410334,2788.30
3723,237483578,4016.50
3724,96433310755,239.00
3725,61495903269,261.90
3726,247169978,2869.40
3727,10556967555,864.10
3728,232138521,3142.50
3729,2690748242646,34.00
3730,51680011481,256.10
3731,35263334752,676.90
3732,531084861,5000.00
3733,71325604666,353.30
3734,6460912588,1013.60
3735,61090035020,157.40
3736,35828994773,366.70
3737,1654959793,1426.90
3738,7155440595,900.60
3739,15806484314,743.20
3740,6378265816,973.50
3741,4994523950,1178.40
3742,71416914896,87.30
3743,7536337338,1049.30
3744,531084861,5000.00
3745,12128825857,943.30
3746,24101512722,498.30
3747,12705447703,973.90
3748,463732725,1788.30
3749,54987630494,335.90
3750,677012389,1693.30
3751,29884721372,321.10
3752,327978032,2046.80
3753,237405109,2834.60
3754,49293851848,194.80
3755,2210896135691,47.20
3756,1445096941,1453.10
3757,247657256,2048.40
3758,41018294341,200.80
3759,80512707654,69.80
3760,32447004614,588.80
3761,382458533,1807.30
3762,991915323,1297.70
3763,531084861,5000.00
3764,17799124633,589.80
3765,13302934223,869.30
3766,5785535547,1054.80
3767,786697319,1551.60
3768,235400698,2933.40
3769,59881113298,233.70
3770,114919147169,65.60
3771,9840477669,826.20
3772,51635517518,554.80
3773,18215517959,598.30
3774,531084861,5000.00
3775,46924777198,440.40
3776,35694064382,280.20
3777,223779704,3158.30
3778,19800548100,619.50
3779,201908639,2309.00
3780,28633845158,263.70
3781,361237902,1766.70
3782,1877594273,1254.50
3783,12778988130,686.80
3784,823970959,1260.20
3785,181815170,4633.80
3786,210229174,4242.00
3787,531084861,5000.00
3788,12235396345,770.20
3789,24083845092,434.80
3790,125747128,2267.70
3791,68677098910,107.80
3792,20711418006,869.60
3793,250833065,4437.90
3794,1678831305,1400.20
3795,243876423,4330.00
3796,259340757,2578.70
3797,557438698,1689.20
3798,1281903227,1493.80
3799,15553063188,163.40
3800,187525417,2230.60
3801,1229228492,1503.80
3802,34047008725,224.30
3803,304512705,2077.80
3804,1051922508,1560.40
3805,48269772080,177.40
3806,274749610,2264.70
3807,204251410,2476.60
3808,34738598508,205.40
3809,74168714643,99.20
3810,1609702131,1404.60
3811,56653797820,287.80
3812,3462570438,1048.20
3813,36756668199,598.20
3814,2281063236,1146.20
3815,52531246426,502.40
3816,98838043147,298.00
3817,999309539,1580.90
3818,531084861,5000.00
3819,24146015199,812.60
3820,122054142,2246.70
3821,117516752809,96.00
3822,49171552336,593.30
3823,39531094982,475.30
3824,219513138,4903.40
3825,39037066667,283.00
3826,91609990552,243.90
3827,41348309237,274.10
3828,39616508716,349.80
3829,9820726840,749.20
3830,31743170912,565.10
3831,475562014929,38.20
3832,264167093,4903.30
3833,34841449433,437.50
3834,347415243,2006.80
3835,274837914,2014.80
3836,276500690,1859.70
3837,75278049255,134.20
3838,42763227726,595.30
3839,46320040799,613.40
3840,17204979501,497.50
3841,8716227833,634.70
3842,2230431425,1382.30
3843,8079889224,1031.10
3844,123703299,2441.90
3845,212960388,2658.60
3846,78852146773,320.60
3847,172908515,2699.40
3848,4421167613,1166.90
3849,29950976089,658.10
3850,44771375561,608.30
3851,531084861,5000.00
3852,5529803354,1058.00
3853,120969284,3053.90
3854,48409135178,388.50
3855,93698735718,181.60
3856,4909514480550,44.30
3857,4290506083,881.60
3858,76166113202,94.70
3859,22829892299,847.30
3860,85587168724,319.00
3861,45066815689,145.90
3862,3984391524,1190.00
3863,32460821231,388.80
3864,2507640891389,47.50
3865,23780509385,504.60
3866,20883893756,471.90
3867,714447516,1566.20
3868,16349387843,868.00
3869,39002811308,104.60
3870,629035377,1638.70
3871,23186872747,389.30
3872,3389641517704,21.10
3873,261344391,2064.30
3874,19766479360,103.50
3875,31588207194,283.80
3876,5463862759,816.30
3877,31284980009,680.30
3878,1399171648,1264.70
3879,58757263349,279.40
3880,39444045814,292.00
3881,125511185811,52.50
3882,37436124149,101.20
3883,1015169861,1342.00
3884,4073464039,1232.50
3885,57077794117,491.90
3886,79933019958,185.20
3887,1490958828,1480.10
3888,17979271982,408.90
3889,72347591308,420.40
3890,75515225709,121.80
3891,32043606981,418.20
3892,257843201,3892.50
3893,296437905,2040.70
3894,70690022841,359.30
3895,20130983849,836.80
3896,5538196883,1105.00
3897,531084861,5000.00
3898,229685347,2480.40
3899,75355773937,348.00
3900,18540731340,655.30
3901,78491631418,124.30
3902,59168636500,347.90
3903,531084861,5000.00
3904,83080347527,202.40
3905,216088920,3753.70
3906,8017758996,894.40
3907,37355348644,550.50
3908,35958217071,154.60
3909,262024927,3323.40
3910,109745615199,274.20
3911,48085269655,225.20
3912,141133550589,99.50
3913,17309852680,377.70
3914,4760867618,1201.90
3915,93314050309,228.20
3916,4131557279,1210.70
3917,1209416414666,42.80
3918,2582589933,1347.00
3919,203846245,4118.50
3920,88234936301,142.50
3921,2778259990,1297.40
3922,11910639080,958.10
3923,531084861,5000.00
3924,67417575645,126.20
3925,6939594535,872.70
3926,10342548662,808.80
3927,12757155460,807.70
3928,531084861,5000.00
3929,18468638261,768.90
3930,2495629121,1288.00
3931,56437200920,194.90
3932,323735735,1936.70
3933,531084861,5000.00
3934,245488160,2315.00
3935,269717591,3178.40
3936,599051106,1401.50
3937,4756601450875,43.90
3938,37489664824,227.40
3939,30274481053,757.90
3940,58740841992,466.00
3941,40333478391,312.80
3942,4033481697,928.50
3943,34546961345,689.20
3944,602940123,1609.10
3945,207769889,2606.80
3946,531084861,5000.00
3947,1436862787,1449.60
3948,249091204,4622.60
3949,107991895677,295.70
3950,176716072,2331.40
3951,11579107064,910.10
3952,48340116960,185.30
3953,3436100346,1179.90
3954,48245478581,181.10
3955,288699604,2209.30
3956,103010708008,292.30
3957,13361041519,983.20
3958,279678020,1931.40
3959,15553063188,163.40
3960,531084861,5000.00
3961,40981289431,487.80
3962,531084861,5000.00
3963,270038517,2599.90
3964,228225043,2143.60
3965,4185266912,987.20
3966,50626172703,493.00
3967,286864040,2101.10
3968,6084392365,953.90
3969,23534114280,202.00
3970,27390634739,411.60
3971,26800258865,750.30
3972,32700537509,587.00
3973,43994004730,492.00
3974,269318506,2343.30
3975,241439452,1645.50
3976,69001777168,90.30
3977,7687021630,883.00
3978,301293997,1982.20
3979,37943749300,302.50
3980,5978805802,1052.10
3981,439730784,1692.50
3982,11432256608,984.00
3983,19084800691,141.50
3984,87579889648,329.00
3985,64236440738,155.60
3986,12679093709,748.50
3987,116559478745,270.70
3988,12402212441,971.60
3989,1035120621727,10.70
3990,304478377,3587.00
3991,1136636422,1309.60
3992,99030890415,215.10
3993,200538285,2303.10
3994,43441960487,139.70
3995,49465010553,64.60
3996,7884510247,1068.60
3997,1544052260,1357.70
3998,842470153756,25.10
3999,240080247,1777.90
4000,1903391257,1314.80
4001,13246747370,959.60
4002,1896710067,1318.00
4003,433324003,1452.30
4004,42445559271,264.50
4005,280084712,2435.40
4006,39205898630,195.10
4007,53025822031,483.30
4008,13966652844,430.00
4009,46204810005,582.70
4010,276809408,2561.50
4011,2495637516,1070.20
4012,33714381448,445.80
4013,531084861,5000.00
4014,62540548890,308.10
4015,1691460632,1229.80
4016,243939952,3219.10
4017,21503369644,721.70
4018,68380368333,82.60
4019,12797336931,591.00
4020,193997007,2629.50
4021,57189018644,442.10
4022,1781849789144,3.80
4023,34382396900,708.50
4024,41173912940,358.60
4025,68314429942,315.00
4026,55669685393,534.80
4027,32635118237,123.90
4028,10410670900,975.10
4029,51181957973,580.60
4030,10195817093,769.80
4031,295217726,2212.80
4032,23292181910,833.60
4033,531084861,5000.00
4034,2274924746,1148.20
4035,55800073427,286.20
4036,33385537236,273.70
4037,30782803354,715.40
4038,531084861,5000.00
4039,33371748235,542.20
4040,50162585493,67.30
4041,74836461677,58.70
4042,19691401890,561.70
4043,41564933134,267.20
4044,11461846751,971.20
4045,46597107288,528.80
4046,94406736589,161.90
4047,994850520,1302.50
4048,21526181693,857.90
4049,47829972623,546.80
4050,531084861,5000.00
4051,2142305941,1195.70
4052,44826037153,127.10
4053,19601181826,739.40
4054,271878553,2276.30
4055,45947559726,485.60
4056,65798961953,309.20
4057,238644417,4935.90
4058,4620617541,1020.70
4059,76498197018,324.70
4060,343174638,2026.80
4061,35564764891,635.60
4062,259757486,2078.20
4063,236141027,2742.30
4064,5904888156,967.70
4065,828204355,1571.30
4066,231691934,4576.20
4067,2085707627,1168.50
4068,130628350,2429.00
4069,2409289676,1329.70
4070,68085300513,342.70
4071,33961033226,119.60
4072,3124153382,1014.30
4073,33994047325,602.10
4074,20918925582,477.70
4075,19494618088,666.10
4076,335594733,1632.70
4077,17853883435,926.60
4078,16481515333,561.20
4079,1099839445,1552.20
4080,22588998464,409.80
4081,12384652475,985.10
4082,6647199113,1068.50
4083,673231595,1582.80
4084,86534590753,328.70
4085,19766479360,103.50
4086,1223327035452,20.00
4087,26901575353,343.60
4088,531084861,5000.00
4089,66685228153,50.30
4090,64888477141,405.70
4091,282157932,2121.20
4092,171365317,4623.90
4093,50150109220,571.80
4094,8933512227,808.20
4095,159068406,2675.70
4096,20783260532,465.80
4097,88375897,2943.30
4098,3916667055,1203.50
4099,48932304303,258.90
4100,37702042769,697.30
4101,73759408901,360.60
4102,275842840,2266.00
4103,36265828436,651.60
4104,2143481000,1365.30
4105,19997002333,501.00
4106,28190395035,358.20
4107,35583294032,104.30
4108,8686902932,786.40
4109,20103751065,881.20
4110,207788433,2605.80
4111,4233076531,1059.00
4112,49218348301,218.90
4113,303942495,2163.00
4114,5891513249,1149.60
4115,148647763408,62.60
4116,168711982,2884.60
4117,32488322275,664.90
4118,26112389959,189.00
4119,51932431632,475.40
4120,19116796146,878.00
4121,54343859621,187.30
4122,198680905,3991.10
4123,32635118237,123.90
4124,2024987340,1288.70
4125,230735801,2690.80
4126,228016089,2020.90
4127,86233420224,141.30
4128,34047008725,224.30
4129,51095514296,238.50
4130,13397757511,705.70
4131,54166540951,468.90
4132,35726140925,624.60
4133,26361183169,672.40
4134,230150968,2255.50
4135,5953974401,1026.60
4136,44325541619,450.00
4137,16572861437,797.10
4138,35389583676,289.80
4139,530891227405,24.70
4140,15387423679,874.50
4141,18150350700,797.50
4142,13927613728,610.50
4143,5882595940,1111.90
4144,5852903481,1148.60
4145,806130000,1509.00
4146,531084861,5000.00
4147,2714471185057,31.50
4148,21553709711,724.40
4149,33586960960,381.30
4150,4185187256,1030.90
4151,98427216884,81.00
4152,311460570777,29.00
4153,22664123197,117.10
4154,52974605942,520.00
4155,6192252266,931.30
4156,528355602,1771.80
4157,65894397084,292.70
4158,63252638077,145.30
4159,46940455140,178.20
4160,21482176878,579.10
4161,25733874914,496.40
4162,8762578633,796.00
4163,27359320073,764.40
4164,9835228734,884.20
4165,2363283401,1310.90
4166,77821575014,151.80
4167,31671580499,310.70
4168,579669989859,47.10
4169,135210464014,97.10
4170,26584539440,526.90
4171,12377601458,925.70
4172,1226310202031,11.40
4173,316314992,3310.60
4174,1205642295,1420.90
4175,531084861,5000.00
4176,109682730699,293.70
4177,32386331950,483.70
4178,27089655524,372.50
4179,242759597,1925.20
4180,259227734,3678.40
4181,93275710075,229.40
4182,40267978600,342.10
4183,39943979813,668.60
4184,1706177400036,4.20
4185,3622633024,1011.20
4186,37470037776,487.50
4187,4033481697,928.50
4188,249855247,2074.20
4189,217476179,3812.30
4190,8429795987,1015.80
4191,23771849458,783.40
4192,27027123018,529.90
4193,12431550547,949.70
4194,36786785376,586.20
4195,57703823242,471.30
4196,5174863201,1106.50
4197,3066385584593,26.90
4198,26159862741,429.20
4199,4620617541,1020.70
4200,1406168176,1471.80
4201,17979271982,408.90
4202,36047750685,360.20
4203,72295111538,339.90
4204,19142383923,502.50
4205,531084861,5000.00
4206,269965366,4497.50
4207,1457260201,1255.00
4208,30520123807,582.80
4209,154427472346,67.70
4210,74168714643,99.20
4211,292869091,1907.10
4212,67024848088,50.10
4213,1325089887,1491.90
4214,13951199375,622.40
4215,531084861,5000.00
4216,129535297904,92.60
4217,163183410382,86.50
4218,261318038,3918.80
4219,227922047,3881.00
4220,4775673594,1182.10
4221,9302505762,763.20
4222,37071038505,321.90
4223,86812592979,228.30
4224,9066683626,1041.80
4225,332844985916,8.30
4226,86095155638,106.10
4227,89909556137,223.80
4228,15292161337,948.80
4229,106507561298,214.80
4230,217880615,2358.20
4231,218501224,2635.80
4232,50162585493,67.30
4233,194756043,2668.30
4234,358468800,1820.10
4235,21825360094,724.80
4236,30556134814,150.80
4237,32390928300,730.80
4238,28680593689,788.60
4239,1116543342,1501.70
4240,28766510680,135.50
4241,44559675514,289.40
4242,95410666354,156.90
4243,64042055326,358.40
4244,1337684723,1495.80
4245,59134037930,381.90
4246,8649754373,805.10
4247,367231478,1789.10
4248,22701364326,631.00
4249,37740106300,251.20
4250,53206204380,330.30
4251,292822787,2211.60
4252,213549650,2318.40
4253,19084800691,141.50
4254,1475277095,1189.50
4255,806484046,1621.50
4256,19220536371,875.80
4257,61270654102,221.00
4258,25017868076,671.80
4259,5065079616,1134.00
4260,41165371829,505.70
4261,36189677427,385.70
4262,25383171350,113.70
4263,6044651076,1122.30
4264,2795673360,1254.10
4265,175427568,4741.70
4266,18453324569,513.90
4267,531084861,5000.00
4268,29670329801,212.70
4269,63773135918,236.00
4270,1726071329,1364.50
4271,16748874890,637.30
4272,96132520490,152.00
4273,4298272671,980.40
4274,230705303,3497.00
4275,1371118807,1483.90
4276,652619162,1642.80
4277,265626659,2701.10
4278,62596862584,436.50
4279,284420221,1651.00
4280,12248044750,909.50
4281,232106393,3343.20
4282,502910108,1727.80
4283,34356234406,186.60
4284,668189342,1682.90
4285,1063284128,1553.50
4286,29897284361,386.30
4287,2215858940,1377.10
4288,7330241726,638.30
4289,128917852548,55.30
4290,53851693385,208.10
4291,34827142583,561.00
4292,62030364235,262.70
4293,49207048081,407.00
4294,22061441013,827.50
4295,10418315630,988.00
4296,200405359,2364.00
4297,468036436,1785.90
4298,25842386015,726.70
4299,33488730050,577.30
4300,48861875633,445.30
4301,17181997071,852.90
4302,17615463445,870.90
4303,75891013311,313.70
4304,227193788,1908.10
4305,26860202233,790.60
4306,59321778637,319.90
4307,531084861,5000.00
4308,66917289169,176.00
4309,45454962057,221.40
4310,37618479713,331.20
4311,835908472,1563.10
4312,34244572776,416.50
4313,22880387351,705.40
4314,208911954,2157.70
4315,24378584006,118.60
4316,6910729034,1099.00
4317,43642915086,114.50
4318,2374992064,1270.50
4319,531084861,5000.00
4320,36189677427,385.70
4321,12059103647,908.30
4322,10668814181,753.80
4323,354191447,2051.80
4324,30049811057,102.20
4325,46792343838,475.20
4326,43355746241,337.70
4327,10272765578,939.80
4328,75878727357,128.20
4329,43305564715,539.40
4330,7415184938,1088.70
4331,236541362,2951.40
4332,212542669,2322.90
4333,26159862741,429.20
4334,1186625995411,44.40
4335,117280093840,253.40
4336,86252505751,125.00
4337,49997564704,248.50
4338,53262732727,543.40
4339,21677425817,613.60
4340,30952642255,712.70
4341,1933690758,1413.30
4342,61931476291,144.50
4343,26128663739,469.60
4344,3283448822210,22.90
4345,54694723553,62.30
4346,239459873,2319.70
4347,52652470139,293.20
4348,13915679887,950.50
4349,7819702311,1006.70
4350,264169800,4086.30
4351,2981738570,1066.40
4352,3168494334,1174.10
4353,68135113296,390.60
4354,192466516,3118.30
4355,27390634739,411.60
4356,77408799313,119.20
4357,10954266642,961.70
4358,1447335647,1361.50
4359,8000006434,811.60
4360,99061909379,283.10
4361,41314757211,665.80
4362,172123332,2598.90
4363,1476096807251,27.90
4364,1833793410,1390.00
4365,55817059487,385.00
4366,47619037570,186.40
4367,1551869016,1462.00
4368,1065975739,1310.30
4369,2405568929,1173.60
4370,2413216972,1169.40
4371,270405121,3177.20
4372,112606014405,63.00
4373,94837962419,158.20
4374,28257199895,704.20
4375,531084861,5000.00
4376,85855043733,279.20
4377,7051073505,922.40
4378,157915545126,53.40
4379,4127493565,1119.40
4380,13275955695,923.60
4381,6497347747,752.80
4382,912927341,1593.30
4383,163213927,2455.30
4384,361465530,1768.60
4385,60002055366,435.50
4386,67392252316,307.80
4387,15179092356,595.20
4388,71316008738,148.60
4389,474722616,1688.70
4390,1327312795,1407.10
4391,161088140,2099.50
4392,58909233833,515.30
4393,531084861,5000.00
4394,33904222550,49.20
4395,5758185761,943.50
4396,241410594,2852.70
4397,14759379577,837.20
4398,40737337622,50.90
4399,103177256235,90.10
4400,27645405993,103.90
4401,10480901127,997.40
4402,51787215246,579.30
4403,19037854835,862.60
4404,230404678,2225.30
4405,19537971042,369.70
4406,23836275416,776.80
4407,6898193464,934.90
4408,4359909773,1152.40
4409,1357745519450,38.70
4410,32199044123,589.20
4411,797009728,1289.30
4412,47555759656,468.60
4413,199209994,4059.60
4414,76134285220,382.50
4415,604176867,1313.50
4416,196517603,2744.50
4417,12394683282,813.00
4418,59468478119,353.20
4419,554725741,1601.20
4420,76598655334,313.00
4421,221989140,2434.90
4422,42138884193,584.90
4423,592043107006,40.90
4424,1195105426,1506.10
4425,29333804307,399.80
4426,26059099637,248.90
4427,33860804964,396.60
4428,246094267,2594.80
4429,24911425226,750.70
4430,1742295307085,8.90
4431,49465010553,64.60
4432,66724563862,431.00
4433,40593776234,520.80
4434,11846689694,935.90
4435,1629277984,1437.10
4436,7330241726,638.30
4437,221080962,2441.80
4438,2864800161600,21.00
4439,1260903189,1511.90
4440,36500448186,674.00
4441,5938600367,1024.60
4442,231692591,4703.40
4443,13411210967,733.70
4444,221395893,2540.00
4445,461147575,1799.10
4446,10068702225,887.50
4447,23437094610,764.90
4448,80471552358,275.30
4449,2729585968,1277.80
4450,2119557040,1340.80
4451,27420581963,716.30
4452,27013073302,433.50
4453,41052514818,195.30
4454,5463862759,816.30
4455,2661256848,1288.30
4456,246048098,3185.80
4457,240080247,1777.90
4458,2085707627,1168.50
4459,23661898695,321.20
4460,9961014072,959.90
4461,140057858,3707.20
4462,2413216972,1169.40
4463,63793312568,488.00
4464,101712971875,96.90
4465,326865137,3060.60
4466,53881199258,297.20
4467,1270844461,1453.80
4468,1729710460,1421.30
4469,42228184374,133.70
4470,1056734924,1555.70
4471,71750276126,127.30
4472,18703611560,617.40
4473,86180768432,248.80
4474,45409110758,399.00
4475,2903263811117,19.00
4476,3797498794669,6.80
4477,20243806718,818.60
4478,178662196,2409.30
4479,15802501002,885.60
4480,531084861,5000.00
4481,92859637967,175.80
4482,42231552498,122.20
4483,44875696047,64.00
4484,240926133,2161.60
4485,159223724827,65.90
4486,405266836,1691.20
4487,36623360287,190.10
4488,322037411,2103.90
4489,17274073162,184.60
4490,114250851752,263.10
4491,75154488270,91.50
4492,3712777282,1205.00
4493,80129819517,130.70
4494,15627256873,400.60
4495,58218379094,89.60
4496,76653709902,185.10
4497,50827518610,572.70
4498,264168334,4791.30
4499,3946185746811,45.60
4500,44349300027,545.80
4501,41265610549,252.60
4502,531084861,5000.00
4503,3440717906,1172.50
4504,29217085817,616.80
4505,22588998464,409.80
4506,15215646764,968.20
4507,56956707490,56.70
4508,244237398,2012.00
4509,205933657,2729.80
4510,42021482145,626.50
4511,14944977157,971.80
4512,63569435456,429.40
4513,20052367967,798.30
4514,9677695970,856.40
4515,199378916,3782.10
4516,1119062042,1435.00
4517,1951804132,1204.30
4518,1523176508,1457.70
4519,21901828134,528.10
4520,32386331950,483.70
4521,18735006052,897.20
4522,32996852508,324.20
4523,50441490708,266.30
4524,65905755720,120.00
4525,75421637295,261.30
4526,50406924430,305.90
4527,21104238141,463.20
4528,51671328535,505.40
4529,12438397814,977.50
4530,363163848,1814.30
4531,531084861,5000.00
4532,64405681023,339.60
4533,49131853695,57.00
4534,250963236,3074.70
4535,2322446028875,36.10
4536,3199118770,1074.70
4537,299683602,3086.70
4538,73629366454,143.30
4539,46297770796,609.30
4540,86199635801,316.70
4541,312865150,3172.40
4542,15827252866,680.90
4543,153365894676,80.00
4544,181677491,2039.70
4545,3622633024,1011.20
4546,292753990,3060.50
4547,4665872681,1146.10
4548,37313500764,348.80
4549,1017837952537,21.70
4550,95592473644,127.60
4551,37318768207,663.50
4552,11720861517,928.60
4553,88682480013,144.40
4554,220971034,2087.00
4555,1985809134,1142.60
4556,42518287351,617.50
4557,166556500836,61.60
4558,80480875496,184.00
4559,8625328201,887.00
4560,1833769811,1423.60
4561,103837308662,271.10
4562,32772761611,462.80
4563,51512368567,525.00
4564,102732513566,293.60
4565,26003649793,493.90
4566,261273587,4038.80
4567,3489332218,1204.60
4568,3097994491,1126.80
4569,136625181599,85.80
4570,92752067194,214.30
4571,9840477669,826.20
4572,285809022,3045.80
4573,213052638,2289.60
4574,52216412817,514.40
4575,39914632144,674.30
4576,106572793717,211.60
4577,271198003,3021.70
4578,41994559227,188.30
4579,47844272278,584.60
4580,40702906135,569.40
4581,40333478391,312.80
4582,42882785690,246.10
4583,979194908,1549.10
4584,31913823517,688.20
4585,29480968484,112.40
4586,57127677980,504.70
4587,88384339741,235.20
4588,31561768452,583.50
4589,29609249616,682.10
4590,25315146769,816.10
4591,35103000726,359.10
4592,31074528684,146.80
4593,5086912723,1110.70
4594,16362980914,642.80
4595,34467810424,266.70
4596,48145790478,574.50
4597,531084861,5000.00
4598,251578056,2558.30
4599,34865865764,190.90
4600,42021632683,514.90
4601,1659425005,1350.80
4602,24434451521,662.40
4603,83074675455,225.80
4604,34823607138,161.60
4605,39288042577,179.20
4606,50330030855,399.70
4607,31902138432,452.50
4608,17374843466,532.30
4609,697273474,1614.70
4610,2191716578562,46.90
4611,29764036965,270.10
4612,62385223059,316.00
4613,19745612950,654.00
4614,214538017,2751.30
4615,654830747,1678.10
4616,1704922358030,35.50
4617,34811056426,685.70
4618,204190466,2198.50
4619,336749387,2025.30
4620,1009944712,1579.80
4621,87910412242,257.00
4622,35267980684,524.10
4623,29591284319,699.70
4624,592043107006,40.90
4625,3478214997,1203.30
4626,29432157435,130.10
4627,1186625995411,44.40
4628,531084861,5000.00
4629,257942563,2999.10
4630,38103106531,509.50
4631,526899390,1738.80
4632,36738984100,85.00
4633,4233642524,1144.60
4634,13190264041,917.40
4635,232129405,3148.50
4636,189641879,3306.20
4637,228202593,4450.10
4638,18219963303,517.30
4639,5454544866,1060.60
4640,21059328613,269.50
4641,11378476157,742.10
4642,51166453347,487.90
4643,30596048865,444.80
4644,1336656219,1421.40
4645,861229774,1491.40
4646,392224423,1819.80
4647,54848990194,109.50
4648,4993579893175,16.60
4649,33590729344,623.10
4650,2405568929,1173.60
4651,940918835,1556.90
4652,101808282671,193.30
4653,75407225314,166.70
4654,3582113245,1229.70
4655,207043247,3729.50
4656,3117976625,1209.30
4657,75369242526,325.10
4658,17183938866,889.50
4659,15794963569,835.30
4660,531084861,5000.00
4661,4011389592,1138.60
4662,55446257340,367.60
4663,4504063632,1160.50
4664,21384821545,822.70
4665,30700073578,667.20
4666,29332937369,308.00
4667,72249403229,289.10
4668,32105626808,158.40
4669,996843342,1484.80
4670,22656629104,434.40
4671,47656379770,360.90
4672,20128472118,106.50
4673,247262639,2010.50
4674,105693567218,244.90
4675,955467366,1582.30
4676,28437835931,716.90
4677,8747267694,971.10
4678,220594671,2302.10
4679,1214708676,1239.00
4680,167810869,2615.60
4681,64299865953,485.20
4682,1630241620,1364.30
4683,19028879764,419.80
4684,29379111095,135.90
4685,296236688,2130.90
4686,28085606657,703.40
4687,257844693,3886.40
4688,34259427554,333.20
4689,148715279860,71.30
4690,61430051733,170.00
4691,154665036830,52.60
4692,27909436761,773.70
4693,34244572776,416.50
4694,301801699,3067.30
4695,29764036965,270.10
4696,16759916772,615.90
4697,1436912454,1364.10
4698,25671042103,342.90
4699,40066075318,188.00
4700,63266412661,449.70
4701,502811262,1723.00
4702,35000299913,154.50
4703,12615320813,963.70
4704,111705709326,70.40
4705,323972086,3500.70
4706,445664973,1678.60
4707,52572663105,465.20
4708,34572591885,576.30
4709,703869842,1683.00
4710,77718065776,218.70
4711,24097265507,736.30
4712,86473069412,335.10
4713,273053933,2979.10
4714,23534114280,202.00
4715,6466159938,1104.10
4716,27467794314,678.20
4717,117915600201,84.10
4718,25356611622,786.00
4719,1847526049,1260.40
4720,54635476489,221.20
4721,54372514599,244.00
4722,97192622844,223.90
4723,35887446638,416.40
4724,531084861,5000.00
4725,21901828134,528.10
4726,35446206731,576.50
4727,59845906100,262.10
4728,165461285776,75.50
4729,1668334589,1389.30
4730,18399761616,888.10
4731,26800462095,210.50
4732,200076380,3729.20
4733,277329004,3828.90
4734,17260377385,806.80
4735,71963312266,383.90
4736,915415048876,41.80
4737,5755432407155,10.00
4738,29198816135,113.50
4739,1966484639,1395.70
4740,26108054799,417.20
4741,25246310045,163.10
4742,1173724319,1460.00
4743,41970686398,570.30
4744,291308335,3135.00
4745,172163409,2907.80
4746,819655138,1407.90
4747,107012886108,192.60
4748,24347936195,787.10
4749,32971460812,110.30
4750,55681579186,286.60
4751,278648713,2118.60
4752,1578624541,1388.90
4753,13624929278,644.70
4754,763215726,1601.00
4755,298916835,3447.10
4756,61920315706,328.00
4757,17725945488,619.00
4758,4917091448,1072.90
4759,33363768629,638.80
4760,10585247560,941.00
4761,52486368310,380.40
4762,22796055246,492.20
4763,531084861,5000.00
4764,139139089399,91.00
4765,5584005984,1142.70
4766,5504665219,1133.50
4767,287120665,3185.00
4768,70334598995,196.40
4769,407364557,1683.20
4770,18143822892,881.90
4771,531084861,5000.00
4772,19615626429,742.70
4773,274843577,2264.10
4774,1217610267056,38.10
4775,16531956837,802.20
4776,531084861,5000.00
4777,1099477744,1503.60
4778,531084861,5000.00
4779,1008519092261,28.80
4780,123725008379,230.30
4781,57097620503,60.50
4782,242412389,2411.40
4783,2235609646360,37.40
4784,11480329113,688.60
4785,5450241469,962.20
4786,8551162991,888.00
4787,6149792870,1091.00
4788,210175405,2417.90
4789,161991107,2612.70
4790,41439170943,151.90
4791,36679704916,548.70
4792,85342645675,197.60
4793,531084861,5000.00
4794,3458930298650,33.80
4795,65212278041,117.70
4796,1966611800260,30.30
4797,80814612339,241.90
4798,8686902932,786.40
4799,2616675384,1229.20
4800,119152143720,75.60
4801,184503380,1888.70
4802,16649387457,895.50
4803,247637219,1695.70
4804,45762719864,573.80
4805,16227787136,353.00
4806,531084861,5000.00
4807,184976684,1996.50
4808,531084861,5000.00
4809,35586441814,419.90
4810,468198238,1741.40
4811,44389028056,578.20
4812,1592383227,1422.50
4813,204556502,2681.50
4814,10456770509,707.30
4815,2062100290,1228.50
4816,44875696047,64.00
4817,64424484034,326.10
4818,26658148763,539.00
4819,75713250526,350.30
4820,852831878876,28.00
4821,23724910748,156.50
4822,333027810,2012.20
4823,41233835553,316.30
4824,35389583676,289.80
4825,193984552,4189.00
4826,2974045403,1304.40
4827,328138746,3593.30
4828,531084861,5000.00
4829,42565362395,497.40
4830,8757685690,1026.10
4831,76711129262,308.20
4832,324759105,3090.50
4833,405502128,1549.20
4834,11955006764,788.80
4835,220775059,2264.50
4836,48282519785,245.30
4837,136540636048,79.30
4838,2509131888660,34.60
4839,7690570636,934.10
4840,38192154079,184.20
4841,23852781685,283.90
4842,4971479043,1097.90
4843,28351313647,613.50
4844,6590933287,1022.70
4845,374179041,1877.90
4846,2173901887,1278.30
4847,143988434606,83.60
4848,44275071283,224.90
4849,531084861,5000.00
4850,1562388817,1297.30
4851,43159490046,61.70
4852,32181973789,105.00
4853,953524868,1592.30
4854,18154629831,773.20
4855,6642081254,1118.90
4856,531084861,5000.00
4857,6445596296,1125.70
4858,2106652288,1315.30
4859,33490742291,613.90
4860,236973514,3621.30
4861,1331231515,1385.10
4862,112989680295,272.80
4863,49383450545,392.20
4864,79486109926,56.60
4865,4136969784,1214.30
4866,10456770509,707.30
4867,40213692018,660.60
4868,269346396,2307.00
4869,50298836566,174.20
4870,531084861,5000.00
4871,76903948180,323.60
4872,677191827,1626.50
4873,10740964463,951.20
4874,531084861,5000.00
4875,7182792652,880.20
4876,132717193,2804.90
4877,36539342379,582.90
4878,691939131,1552.80
4879,4860585959,989.00
4880,66177634872,409.60
4881,16225530326,699.10
4882,13665808503,861.60
4883,93632938966,178.80
4884,63399279426,256.30
4885,26721410892,329.30
4886,18259765856,683.70
4887,153720307280,60.40
4888,40545299747,499.20
4889,4785412899,1004.00
4890,37784936160,217.50
4891,5498574165,1103.40
4892,89501647563,137.20
4893,3024747775,1264.60
4894,3512965292,1076.00
4895,319104054,2106.10
4896,177933693,2655.20
4897,888744347,1604.80
4898,163124037088,77.20
4899,839788026,1591.00
4900,54113680093,215.20
4901,13678298846,682.90
4902,214937784,2783.90
4903,26070083448,531.40
4904,6101490098,1098.00
4905,224731642,4477.20
4906,831425511,1455.60
4907,2185216768,1322.40
4908,760242078,1595.60
4909,20007038255,781.20
4910,182317243,2261.40
4911,82096567808,126.70
4912,23022927220,532.90
4913,759946061,1592.80
4914,8056074667,920.20
4915,531084861,5000.00
4916,35114442682,176.70
4917,43464775983,277.80
4918,6992327227,816.80
4919,287852359,1932.90
4920,14143382647,646.80
4921,8710167138,929.80
4922,29397345707,774.20
4923,17224029627,870.50
4924,178956809,2325.40
4925,44401818990,123.60
4926,23182527603,395.20
4927,26379827696,385.90
4928,63497459809,428.70
4929,30748679494,665.60
4930,15696752301,666.30
4931,19328794495,534.20
4932,125802836670,240.70
4933,306549981,1607.90
4934,42849251164,536.60
4935,57059241987,412.40
4936,135189457,3332.10
4937,9111055209,879.30
4938,531084861,5000.00
4939,1328351542,1451.00
4940,37411569378,564.40
4941,58442435191,231.50
4942,25829142549,816.60
4943,531084861,5000.00
4944,52112485574,573.20
4945,20160139368,567.50
4946,96569985043,66.60
4947,104971553228,286.30
4948,11553782917,810.70
4949,19932239378,868.80
4950,140380127,2019.80
4951,140425907876,94.10
4952,49566294732,88.10
4953,305890013,1808.70
4954,59845906100,262.10
4955,38119890676,208.60
4956,379475829,1774.80
4957,18219963303,517.30
4958,261440711,2023.80
4959,40361294495,356.40
4960,94562526,2532.60
4961,6303184969499,12.10
4962,12773737111,960.40
4963,27008444105,787.50
4964,2602485352,1108.60
4965,270106756,2570.80
4966,33424188898,156.10
4967,98808641634,269.90
4968,170544818,2633.40
4969,97131455079,148.10
4970,61826131045,413.30
4971,36452127184,403.90
4972,15318549306,935.20
4973,7983711693,1070.40
4974,6210736252,1113.40
4975,480319844,1767.50
4976,12795175255,794.20
4977,5609860502,1076.40
4978,308512923,1886.40
4979,1056956172,1359.90
4980,313520027,3621.50
4981,7344440227,1091.60
4982,1457895447,1459.30
4983,1340034075,1478.50
4984,160939386703,58.50
4985,209390146,2269.90
4986,23244930455,396.00
4987,22265234483,751.20
4988,245237239,2463.40
4989,4184934345145,14.00
4990,64236167188,131.20
4991,18492181270,701.70
4992,28541369392,664.50
4993,37313500764,348.80
4994,201730813,2671.00
4995,96005277603,207.50
4996,17264584143,929.90
4997,61687827688,333.90
4998,45223827973,610.60
4999,65543423692,322.50
5000,19020476361,143.00
5001,4160392651,1206.20
5002,69507644877,149.20
5003,169273290,2892.50
5004,3186000108,1282.10
5005,16177438915,943.90
5006,26570979190,242.10
5007,17138836124,400.10
5008,219545091,2701.90
5009,234814286,2456.10
5010,531084861,5000.00
5011,40454059764,584.30
5012,82040733899,212.50
5013,51255321631,500.80
5014,43398097593,317.20
5015,4886126282,1012.20
5016,44197581090,406.20
5017,23296250371,398.30
5018,96842145737,164.70
5019,29220861665,395.80
5020,96137060723,258.10
5021,378029288,1654.10
5022,23699333739,793.10
5023,1121333880050,23.40
5024,26022477972,420.70
5025,322577729,3573.70
5026,2917970474,1187.80
5027,264163713,3148.70
5028,14869086163,458.60
5029,81304002067,149.80
5030,242186164,1994.00
5031,85508382836,136.30
5032,576690207,1742.30
5033,15066446106,881.30
5034,16590907446,641.90
5035,41498851269,61.30
5036,131698751504,71.80
5037,5350306102,1052.70
5038,237309426,1788.20
5039,3363411656,1023.90
5040,269689807,3272.30
5041,531084861,5000.00
5042,38613858717,255.20
5043,19914893916,622.10
5044,243793441,2519.80
5045,193149793,2867.30
5046,5361181477,1106.20
5047,40386990352,553.50
5048,70321188547,288.50
5049,212542859,4012.80
5050,213310761,3458.40
5051,32661690613,311.10
5052,271795880,3215.00
5053,15179092356,595.20
5054,5945163692,1139.00
5055,11516397301,645.40
5056,458034098893,31.20
5057,5485510905,1155.80
5058,70141500422,165.40
5059,16088737652,826.90
5060,2789333113,1228.30
5061,3870381153,1193.10
5062,559537927,1740.10
5063,94933488379,204.70
5064,4910156897,1135.70
5065,3477330979,1185.40
5066,163504775,2446.10
5067,531084861,5000.00
5068,10889568919,752.30
5069,2403548272455,16.80
5070,23986334958,573.10
5071,826425989,1331.50
5072,26379202538,669.80
5073,531084861,5000.00
5074,1523425987,1427.70
5075,501447489,1717.30
5076,1908224321,1123.80
5077,47815165365,359.60
5078,34467810424,266.70
5079,22193745414,48.40
5080,186652832,2381.00
5081,41233835553,316.30
5082,28553245957,117.20
5083,80625732035,51.90
5084,100179362475,249.60
5085,605372321,1721.50
5086,10221780574,870.10
5087,30284182962,378.20
5088,66184599020,154.40
5089,289162442,3757.40
5090,293277810,2193.60
5091,21661555176,747.90
5092,270400806,3238.70
5093,1798264290,1177.30
5094,122232096184,79.10
5095,28898738909,685.60
5096,5825772784,1117.90
5097,231622936,2723.00
5098,74518704502,382.20
5099,48826728147,222.60
5100,842470153756,25.10
5101,26310849231,205.00
5102,26305192890,554.50
5103,5413970169,1129.10
5104,679945252,1567.20
5105,601190909,1579.60
5106,829296464377,36.20
5107,231396335,3510.30
5108,174154650,1882.50
5109,33295956217,410.10
5110,9779901663,979.30
5111,16704618306,865.10
5112,2706363988,1001.40
5113,344711160,2072.50
5114,33975473264,251.30
5115,209162207,2777.10
5116,18729074488,837.60
5117,35755496023,586.80
5118,8047101658,1051.60
5119,103685771451,300.20
5120,531084861,5000.00
5121,219885173,2172.10
5122,405502128,1549.20
5123,5743103683,1111.60
5124,1010697755,1512.60
5125,11677549153,841.30
5126,55664388024,523.90
5127,6206696697,1048.90
5128,1383480922,1492.90
5129,40189472787,659.20
5130,716765135,1665.00
5131,1777759905016,25.00
5132,21076305181,792.80
5133,16498964448,691.60
5134,4075138798193,35.20
5135,18453324569,513.90
5136,190386179,3096.80
5137,1278662405,1232.20
5138,24757182128,368.70
5139,327395402,1905.50
5140,14567683555,906.70
5141,29056728786,605.30
5142,301892284,2009.10
5143,2123256925,1361.20
5144,45596629904,199.50
5145,271205913,2154.60
5146,41065124914,198.20
5147,8000006434,811.60
5148,28921097854,701.00
5149,27235464390,776.30
5150,531084861,5000.00
5151,284992782,3566.20
5152,47369675191,226.00
5153,69616798033,92.40
5154,60137466081,463.80
5155,14560845041,955.10
5156,72215568414,364.40
5157,26094895786,577.00
5158,15179092356,595.20
5159,124008658301,250.80
5160,72619911216,322.80
5161,2619849951,1142.50
5162,531084861,5000.00
5163,92786117938,178.30
5164,99034361591,229.60
5165,5777702101,1116.30
5166,6932428676,1056.70
5167,58180074421,483.80
5168,4813025619,1110.40
5169,95270109570,112.80
5170,19922672035,444.30
5171,8474856056,1050.00
5172,2966023711,1238.60
5173,183447925,2694.70
5174,243786532,2501.20
5175,21309372755,478.30
5176,193026671,2614.00
5177,2081692660,1277.10
5178,12351170327,694.10
5179,89458367515,147.00
5180,210525281,3929.70
5181,98770390030,163.00
5182,138461742906,59.40
5183,29395648901,673.40
5184,47501335096,385.80
5185,24465821016,774.40
5186,12341206668,785.20
5187,54635476489,221.20
5188,2149071518135,28.60
5189,3883265987,1150.40
5190,326745926,3437.10
5191,531084861,5000.00
5192,26191055934,644.90
5193,87229526517,274.40
5194,370287910,1636.10
5195,41628121308,329.70
5196,239235936,4614.70
5197,32133663000,447.50
5198,71844372152,423.10
5199,31862859570,308.40
5200,6021597838,1112.80
5201,287475240,2291.50
5202,9335078803,997.90
5203,326752992,3401.80
5204,51950025450,560.80
5205,2052984336,1333.30
5206,323968623,3736.20
5207,651945397,1558.20
5208,3710883297,1234.10
5209,4131119993,1228.10
5210,841419293,1600.30
5211,60712828878,321.30
5212,316430885,2116.00
5213,12634658266,648.80
5214,1304601627830,24.40
5215,1064409344701,19.30
5216,36466841079,625.10
5217,677189506,1694.50
5218,531084861,5000.00
5219,2610686589,1332.90
5220,48085269655,225.20
5221,2495637516,1070.20
5222,255755274,3577.90
5223,94362884646,121.70
5224,369737191926,40.20
5225,6182558898,1059.60
5226,58255799508,235.80
5227,16829795077,555.30
5228,823970959,1260.20
5229,87648670391,267.00
5230,214117388,3014.00
5231,222829437,2149.60
5232,24426544663,490.60
5233,263307706,1975.40
5234,143038787284,75.70
5235,83076298698,313.50
5236,76425900269,392.00
5237,228857066,2020.80
5238,15847253998,571.70
5239,388083309,1719.30
5240,286847460,2260.40
5241,62571874004,111.90
5242,2975859349,1239.20
5243,531084861,5000.00
5244,63315655687,341.90
5245,82333061685,277.20
5246,2758208850,1130.60
5247,15627256873,400.60
5248,12887134695,758.70
5249,5155851702,1073.80
5250,531084861,5000.00
5251,30654779592,637.10
5252,953291878,1573.80
5253,44408117745,68.50
5254,64592085705,158.10
5255,5680493427565,15.10
5256,4465329761,1204.20
5257,258368528,4871.00
5258,3650042009,1243.10
5259,789912887,1544.90
5260,16544604785,743.90
5261,775438898,1437.50
5262,217186108,4929.00
5263,34616434843,622.70
5264,57813591859,443.20
5265,6043673163,1026.30
5266,38173604955,583.00
5267,8710167138,929.80
5268,28766510680,135.50
5269,185816256,2688.80
5270,10330976592,967.40
5271,618041238,1661.30
5272,1921052582815,40.60
5273,23649261574,810.30
5274,249468008,2245.20
5275,531084861,5000.00
5276,23035004223,817.50
5277,6363731674,903.40
5278,28314522382,689.70
5279,30543726348,736.50
5280,347604307,2029.00
5281,18337980979,103.80
5282,89529435049,210.10
5283,10255939273,817.10
5284,70395943988,187.60
5285,51372640788,72.00
5286,6209704131,1065.00
5287,271072384,3848.90
5288,37523391966,196.70
5289,321253734,3115.20
5290,166147689,4608.00
5291,42959083085,574.90
5292,1880456376,1378.40
5293,67802219863,164.50
5294,31266266559,234.50
5295,83114628377,222.30
5296,531084861,5000.00
5297,204945355,3510.70
5298,164237909,2574.40
5299,142494151133,50.40
5300,2172344283,1302.20
5301,79810312521,221.90
5302,19877029075,874.20
5303,2988002621,1312.60
5304,36405946251,585.60
5305,56785632623,339.70
5306,43571526012,496.60
5307,303559825,2201.20
5308,193812716,3506.40
5309,53469971260,68.00
5310,18799210408,323.10
5311,230030206,3188.50
5312,711867663,1665.70
5313,531084861,5000.00
5314,100099996130,210.20
5315,37842561019,627.10
5316,10195817093,769.80
5317,50505537020,366.00
5318,5380295121,939.30
5319,288476549,3362.10
5320,33952686268,186.20
5321,263844433,2617.70
5322,140380127,2019.80
5323,921431492,1507.00
5324,531084861,5000.00
5325,59775020125,106.00
5326,531084861,5000.00
5327,2261220695,1329.10
5328,188193650,4354.40
5329,94546789448,190.70
5330,52313842094,275.80
5331,11930382197,694.50
5332,84366642017,84.30
5333,38103927624,581.40
5334,83532980555,338.30
5335,1552673175,1464.60
5336,44164026607,577.20
5337,38223889532,307.30
5338,37922565304,358.80
5339,34356234406,186.60
5340,38444976203,247.10
5341,15204773460,626.80
5342,34635986297,283.40
5343,20813533569,804.40
5344,169735269,2994.70
5345,28366650352,737.60
5346,22570815537,482.50
5347,13154134494,516.50
5348,1419096267187,1.70
5349,280008381,2086.40
5350,30117706887,381.00
5351,389777568,1883.10
5352,36077744507,630.20
5353,195335248,2252.70
5354,248804188,3631.00
5355,111592538,2134.70
5356,237309426,1788.20
5357,4397882797,1136.10
5358,7925292974,824.30
5359,34704970250,212.60
5360,531084861,5000.00
5361,45402054804,601.90
5362,602040431,1577.30
5363,73175232308,158.50
5364,50665631606,449.60
5365,47547934803,494.20
5366,233461282,2286.60
5367,326051682,3591.10
5368,12421982961,687.70
5369,63372255513,412.10
5370,43979454891,632.40
5371,2110152325,1306.20
5372,2587428664641,20.10
5373,27116364871,312.20
5374,3710621250,1247.90
5375,258578300,3201.80
5376,61270654102,221.00
5377,693105342,1569.10
5378,852890850,1622.10
5379,659068237,1408.00
5380,2675092729,1327.60
5381,38484861079,641.60
5382,30584812880,327.90
5383,14026268807,869.70
5384,237939973,2316.10
5385,198316597,1618.00
5386,17941099671,707.60
5387,4896193043,1175.00
5388,8762578633,796.00
5389,1491041343945,39.80
5390,28413864349,488.30
5391,56442026790,288.10
5392,9462759868,587.60
5393,995621030,1528.90
5394,5031870126,1152.30
5395,61701555589,319.40
5396,23840151443,566.80
5397,12797336931,591.00
5398,163992756,2935.10
5399,76426313184,73.80
5400,285660139,2133.60
5401,195208550,3852.70
5402,457733993,1657.70
5403,3339672034519,31.00
5404,451603607,1709.30
5405,58029196870,461.00
5406,225059823,1943.50
5407,90538483242,186.30
5408,52571802183,51.70
5409,92634450469,128.80
5410,14194535698,144.90
5411,951824168747,36.00
5412,57069372934,266.40
5413,711190573,1613.00
5414,19084800691,141.50
5415,20785167733,444.00
5416,2638298892,1342.90
5417,87651465667,239.90
5418,69864923804,84.00
5419,98304339070,194.70
5420,357206951,1742.20
5421,36501140918,548.00
5422,471426188,1765.70
5423,76338674651,125.70
5424,68258931305,334.80
5425,103484646341,301.30
5426,24757182128,368.70
5427,46327363645,588.30
5428,275776122,2680.60
5429,384459783,1858.20
5430,35378416609,175.20
5431,2963749386335,42.40
5432,26320141366,663.40
5433,836403281746,22.60
5434,49962853918,421.50
5435,5691368917,1041.50
5436,377665276,1872.10
5437,23344758640,758.00
5438,549836943,1434.20
5439,32949634460,741.10
5440,283598199,3645.30
5441,95399119821,197.10
5442,21510828646,499.70
5443,60031792235,384.20
5444,51512299183,440.80
5445,74239872490,314.70
5446,6755037077,925.80
5447,531084861,5000.00
5448,22752178027,172.10
5449,51180362214,454.80
5450,457423407,1774.20
5451,2038849218392,43.50
5452,33667110376,453.40
5453,92648976145,183.80
5454,23393020208,761.00
5455,52126987032,240.60
5456,80553016895,147.40
5457,249749407,1968.50
5458,21516155883,852.80
5459,203854197,4954.30
5460,28192435255,622.50
5461,227602612,1997.00
5462,1381347458,1458.10
5463,43521338841,545.70
5464,239798706,2180.90
5465,90913270749,152.20
5466,4770478050,1180.70
5467,1455359844,1281.00
5468,48139935045,472.80
5469,14741564333,684.60
5470,53894964915,433.30
5471,86061953925,344.50
5472,431583801,1843.30
5473,3128617796,1300.60
5474,23236295307,750.10
5475,3302108126,1252.10
5476,261004268,2583.40
5477,287095447,3234.50
5478,23794837412,370.80
5479,7985639463,826.60
5480,7889949639,1027.40
5481,90950867350,192.50
5482,53514516812,526.10
5483,531084861,5000.00
5484,82348342009,107.70
5485,21735052095,554.40
5486,212266484,2620.00
5487,68380368333,82.60
5488,2233834638,1366.00
5489,7373310306,865.60
5490,31821037761,113.60
5491,57327059994,519.70
5492,207326612,4070.00
5493,31185359614,720.10
5494,35962873673,319.70
5495,248793254,3628.60
5496,3713758341,1201.70
5497,116918060908,85.50
5498,88016617750,243.20
5499,184868072,2745.60
5500,32740275804,119.50
5501,40139016560,633.10
5502,61078549428,77.80
5503,3569512732605,12.60
5504,592043107006,40.90
5505,33362909744,648.20
5506,345798452,2042.00
5507,265722998,2756.60
5508,78830984774,179.30
5509,1711061917,1339.50
5510,10490955391,943.40
5511,76733161399,61.40
5512,33992717329,68.30
5513,13460657259,921.40
5514,12654655127,124.60
5515,12909246772,652.80
5516,42505804197,72.90
5517,2931225207,1192.80
5518,4298272671,980.40
5519,24896574299,684.40
5520,195906367,3298.10
5521,87359855966,255.40
5522,206981990,2409.40
5523,332993846,1602.30
5524,4777035579,1171.30
5525,54489427752,81.20
5526,531084861,5000.00
5527,16930129913,546.00
5528,16766134361,650.40
5529,255119888,3133.80
5530,531084861,5000.00
5531,1697774418,1422.40
5532,6095760233,789.10
5533,10649265380,920.40
5534,258095962,2383.70
5535,4128593222,1145.50
5536,83196108494,205.70
5537,73190716260,200.20
5538,238643031,4287.20
5539,74022719772,359.20
5540,4732984508,1113.00
5541,60078118747,149.00
5542,4886126282,1012.20
5543,11651071019,628.70
5544,328784654,1758.90
5545,43123035366,144.80
5546,236508176,2971.00
5547,15204773460,626.80
5548,120310346,2080.10
5549,251402690,4734.00
5550,960203547,1477.10
5551,277891675,2060.40
5552,826110762,1547.50
5553,12344116671,953.80
5554,4167014027,1210.90
5555,51680011481,256.10
5556,19123853035,834.70
5557,19691401890,561.70
5558,59408618670,100.20
5559,4626448765,1077.40
5560,3754395183924,10.30
5561,531084861,5000.00
5562,210687799,2479.90
5563,273154813,3629.50
5564,873860821,1386.60
5565,167613529906,88.00
5566,66029725808,55.00
5567,40023447844,73.30
5568,244672433,1891.80
5569,5000112461,1132.60
5570,24018235469,529.30
5571,266195061,3769.60
5572,44096967405,516.00
5573,342382626,1773.90
5574,18703519586,348.90
5575,25081843289,317.90
5576,17018157744,538.30
5577,10649851535,773.10
5578,125843609744,245.60
5579,84160149014,301.00
5580,73584920869,325.70
5581,296128759,3662.00
5582,580733939,1644.30
5583,531084861,5000.00
5584,173205179,2338.10
5585,890363399,1562.00
5586,30094109266,330.10
5587,27645405993,103.90
5588,160449771,2146.40
5589,224142678,4932.60
5590,1108622495,1506.80
5591,118850847761,262.20
5592,77272547424,81.40
5593,15392704646,589.60
5594,22953056286,387.10
5595,214030181,3153.60
5596,44021376808,453.60
5597,46227309481,627.40
5598,146615339793,63.60
5599,532679716,1722.40
5600,70354245592,127.80
5601,473805387,1701.10
5602,24786238586,770.30
5603,10946074100,984.70
5604,19433637707,751.50
5605,26658148763,539.00
5606,6541317163,971.40
5607,35704501506,642.10
5608,463663621,1777.00
5609,223064042,3211.20
5610,162094124,4334.40
5611,1137858903,1498.90
5612,14612054268,855.10
5613,10716206922,842.40
5614,58561365308,525.80
5615,68582476091,132.10
5616,531084861,5000.00
5617,23653583549,825.00
5618,653492452,1399.60
5619,54768324726,282.50
5620,19710823986,858.30
5621,43342436656,100.90
5622,209750020,2633.00
5623,1133156840,1415.50
5624,24632218129,742.50
5625,10664626221,569.00
5626,190158357,2905.10
5627,5200439487,1067.50
5628,301628013,1924.00
5629,30292285662,642.70
5630,1828380614436,27.80
5631,485367663,1675.70
5632,26068066362,241.00
5633,309941535,1897.20
5634,44169310609,437.60
5635,11669088807,793.90
5636,531084861,5000.00
5637,23024709779,395.10
5638,220938203,2152.20
5639,624929292200,39.50
5640,6642262758,898.60
5641,288415351,2141.30
5642,19914893916,622.10
5643,531084861,5000.00
5644,294039596,3813.10
5645,202692032,4448.20
5646,83549354781,116.60
5647,7051073505,922.40
5648,72804904669,328.60
5649,73895548571,206.70
5650,1872222414663,34.20
5651,274891708,2622.00
5652,8658743080,1017.30
5653,225391461,2324.70
5654,1648110506,1428.50
5655,38532613213,553.20
5656,1995978153223,9.50
5657,251988811,4154.90
5658,31250090746,567.10
5659,2948275094,1218.90
5660,48067844921,409.20
5661,288446394,2266.60
5662,6528603993,1005.70
5663,32926202502,576.00
5664,25270981412,671.90
5665,531084861,5000.00
5666,63817396821,331.60
5667,33776633958,564.00
5668,15765645577,919.50
5669,49699179563,169.10
5670,275640096,2104.70
5671,531084861,5000.00
5672,15978622283,328.50
5673,46718748236,314.10
5674,1136482668100,47.70
5675,42662989144,134.30
5676,15841833056,829.50
5677,223666274,2482.40
5678,271715547,4489.20
5679,127092500,2182.80
5680,387060999,1742.00
5681,47566699217,483.00
5682,5213025523,1061.80
5683,11747719152,947.10
5684,3402214142781,2.40
5685,166449474,2706.00
5686,168213214194,74.50
5687,33843314022,442.60
5688,35908960593,514.30
5689,301709261,3284.70
5690,2655985238,1249.10
5691,246190839,4021.50
5692,36732185040,533.70
5693,46800220984,604.20
5694,36596923327,673.90
5695,85513352403,166.20
5696,1910951240,1391.30
5697,63148120833,454.30
5698,4496988506,1133.60
5699,531084861,5000.00
5700,19766479360,103.50
5701,71558369810,396.90
5702,38526337594,575.70
5703,315672773,1927.10
5704,37527554469,698.90
5705,291487540,1918.00
5706,1578993048,1397.90
5707,46321621106,315.70
5708,42757061833,205.10
5709,289169546,3387.60
5710,296885868,1818.40
5711,30596048865,444.80
5712,22796055246,492.20
5713,391528578,1850.00
5714,67233303467,354.30
5715,162089526,4569.50
5716,59646682744,408.70
5717,6648031943,988.60
5718,19244754633,483.20
5719,531084861,5000.00
5720,69846049239,345.30
5721,210062303,2721.30
5722,137259905943,74.70
5723,253694671,3234.10
5724,33655538911,288.30
5725,5450241469,962.20
5726,242678056,3001.30
5727,246820581,2269.50
5728,33117965319,691.20
5729,65327499388,132.40
5730,463948499,1726.20
5731,15489213625,820.80
5732,30318355898,174.00
5733,103998205521,275.50
5734,16759916772,615.90
5735,79549934469,271.90
5736,670891924,1565.40
5737,13485999484,963.40
5738,15159133157,348.70
5739,1745364875,1442.60
5740,40737337622,50.90
5741,2154275967,1160.70
5742,162298605,2901.50
5743,11397046328,913.50
5744,27918088860,108.80
5745,47043263612,413.90
5746,274079569,2028.10
5747,265907724,4041.10
5748,1232281453,1444.30
5749,1836906507,1385.30
5750,154171478874,64.90
5751,60650945553,157.30
5752,531084861,5000.00
5753,2502644602848,32.10
5754,99778965988,212.80
5755,42086095772,655.20
5756,5380295121,939.30
5757,243223962,3643.50
5758,34375864013,315.50
5759,51199637474,199.80
5760,3870772971,1134.20
5761,73783557386,173.90
5762,25670328975,690.90
5763,146739418704,57.60
5764,47728590720,152.90
5765,13075818344,935.40
5766,4145616914,1200.10
5767,13419565825,909.40
5768,95768387443,210.30
5769,15042081334,878.40
5770,512867795,1642.10
5771,18652390937,784.00
5772,19364520374,902.00
5773,88531890302,327.10
5774,228211715,4797.60
5775,1418521802,1475.40
5776,28527418783,530.70
5777,9370926827,994.50
5778,4706657546,1078.50
5779,9302411300,1019.60
5780,3062371423,1291.00
5781,531084861,5000.00
5782,60139979491,458.90
5783,31762977874,664.10
5784,106681016970,247.60
5785,65296809926,435.30
5786,25440322385,649.00
5787,125351181601,54.70
5788,236911168,4525.20
5789,192831290,4572.60
5790,12421982961,687.70
5791,23534114280,202.00
5792,111782309355,83.40
5793,68870570258,306.20
5794,103587546690,182.30
5795,125083316,2211.80
5796,1580045415,1294.10
5797,531084861,5000.00
5798,318398052,3342.30
5799,46092315020,50.20
5800,25560620702,737.80
5801,71327920803,148.70
5802,54113680093,215.20
5803,17840719498,806.70
5804,33385537236,273.70
5805,37745752067,668.70
5806,17408351470,656.20
5807,266483178,4217.30
5808,248086556,2785.50
5809,10872634758,802.70
5810,504136237,1788.60
5811,43532863141,638.70
5812,183684582,2970.10
5813,72081505900,67.90
5814,6233035265,1107.30
5815,239225797,4086.40
5816,5307150320,1114.10
5817,110100753331,98.90
5818,63385119033,370.70
5819,2499989627980,21.20
5820,11335213903,997.70
5821,62871751363,393.80
5822,41065124914,198.20
5823,1790576967267,18.20
5824,311538165,1795.00
5825,24401179716,686.70
5826,5211809933,1051.30
5827,1659843974,1338.70
5828,1014689408,1529.40
5829,38143874991,639.40
5830,8097500756,677.30
5831,36852777519,697.70
5832,35915890583,631.90
5833,213132302,2432.10
5834,8000006434,811.60
5835,30569697975,676.80
5836,26373815981,484.60
5837,221333976,1897.30
5838,35955869788,333.30
5839,35016210108,175.90
5840,60380525644,362.90
5841,531084861,5000.00
5842,65802577784,75.40
5843,5135790427062,17.20
5844,2063702049,1398.00
5845,57706171992,497.80
5846,531084861,5000.00
5847,41986147007,290.70
5848,12662773895,886.20
5849,21270644579,421.60
5850,340200884,1917.20
5851,3292385461,1108.10
5852,3608452163,1190.30
5853,411544817851,24.10
5854,26800462095,210.50
5855,1691460632,1229.80
5856,45099604233,177.30
5857,276838084,2010.20
5858,32661690613,311.10
5859,39501502124,331.40
5860,146736644360,65.00
5861,23359868227,705.30
5862,447623186,1680.30
5863,3027680418,1249.20
5864,2814111726,1128.10
5865,73781844809,136.00
5866,72903425286,328.90
5867,13401944222,784.90
5868,322330086,1945.80
5869,2186865186,1357.60
5870,3110406974,1293.70
5871,63901386182,473.40
5872,22535558334,709.40
5873,10573951138,721.60
5874,5459991209,1133.10
5875,25733874914,496.40
5876,2790242707,1282.00
5877,29933864217,248.30
5878,22033636170,825.70
5879,676620796,1659.00
5880,18259765856,683.70
5881,193843308,3205.20
5882,851014197,1594.00
5883,531084861,5000.00
5884,33616005950,591.60
5885,10488199551,839.50
5886,4085423931,1231.80
5887,84083928182,204.60
5888,67200247654,349.10
5889,24631386045,155.10
5890,1093679761,1358.70
5891,6416104219,884.40
5892,51124960460,169.80
5893,94122706281,286.10
5894,2161981744,1283.60
5895,1790677124,1245.40
5896,1790677124,1245.40
5897,10682188002,663.90
5898,531084861,5000.00
5899,45853570694,437.20
5900,531084861,5000.00
5901,33060410255,375.40
5902,33597452524,681.80
5903,1214708676,1239.00
5904,1308446738,1472.20
5905,491707051,1704.80
5906,54816155478,225.10
5907,63700128811,417.50
5908,11930352905,677.60
5909,89838463086,170.20
5910,42986899514,649.80
5911,41768044133,521.80
5912,101956906250,172.30
5913,198045269,4578.40
5914,21749982003,547.10
5915,1037435308917,28.10
5916,41395821805,350.60
5917,78964000879,210.00
5918,34037951055,299.70
5919,557400405,1618.90
5920,32307520924,355.10
5921,72291825768,414.80
5922,56662161390,318.60
5923,49854222915,167.20
5924,120473483634,91.10
5925,531084861,5000.00
5926,36611965609,578.40
5927,63233832542,432.30
5928,55724231123,397.10
5929,25081843289,317.90
5930,6541317163,971.40
5931,1027714224,1547.90
5932,215611843,2966.00
5933,11699882624,891.40
5934,22404840530,511.30
5935,75495444891,150.20
5936,29298856903,165.30
5937,63138203545,394.30
5938,531084861,5000.00
5939,97595735166,306.60
5940,173105943,4055.10
5941,217179363,1681.10
5942,83841080700,230.00
5943,40657157638,209.30
5944,8097500756,677.30
5945,9525292986,999.00
5946,23022927220,532.90
5947,12265930995,492.70
5948,154780029917,88.90
5949,203589080,2430.90
5950,28561800064,343.30
5951,35132056935,334.40
5952,116885739928,200.70
5953,36658108112,291.20
5954,65626745236,440.00
5955,32737142542,241.50
5956,28251405049,520.20
5957,1036558554,1522.60
5958,1878801514,1342.70
5959,28699172304,384.10
5960,39497051368,657.30
5961,426816578,1754.70
5962,531084861,5000.00
5963,101239389508,187.40
5964,47647051128,386.00
5965,48462123899,178.50
5966,19028879764,419.80
5967,259884820,1844.10
5968,77272547424,81.40
5969,58391823300,348.20
5970,41563753854,507.10
5971,18411185265,522.00
5972,531084861,5000.00
5973,64577273795,383.50
5974,27244383335,220.30
5975,25728234440,158.30
5976,52652470139,293.20
5977,8750028814,1006.90
5978,16227787136,353.00
5979,425902064,1726.50
5980,262400319,1904.80
5981,206346577,3721.20
5982,467192083,1600.10
5983,2949316468301,8.00
5984,20551617167,296.50
5985,3271782887,1270.30
5986,7690570636,934.10
5987,1467930118,1447.40
5988,12691060719,647.40
5989,1679166292,1429.70
5990,64876942944,356.60
5991,38197410407,580.40
5992,39170024595,242.70
5993,199283953,2182.60
5994,51256278958,430.80
5995,172195221,2593.00
5996,23781939309,710.50
5997,64168934786,323.70
5998,53458555445,423.70
5999,23441124672,742.40
6000,4692268802,1105.10
6001,4531032689,1091.40
6002,18708439463,345.80
6003,75182796608,169.60
6004,642488846945,19.60
6005,531084861,5000.00
6006,11152749363,911.70
6007,84961360869,308.50
6008,32130299205,693.00
6009,7222688032,840.40
6010,94015671495,112.00
6011,25202914313,784.10
6012,48362758760,490.10
6013,24101512722,498.30
6014,11553782917,810.70
6015,277151864,1961.60
6016,212265990,2890.10
6017,2518293220,1236.70
6018,12630854471,692.00
6019,5978966506,1042.50
6020,531084861,5000.00
6021,274942784,1933.10
6022,8190783765,851.40
6023,43079951515,611.50
6024,22402670529,255.00
6025,25137627121,492.50
6026,7222688032,840.40
6027,285009876,3231.50
6028,275936293,3878.80
6029,39693080980,537.70
6030,2903263811117,19.00
6031,169921308,2862.50
6032,1500520905,1351.10
6033,1072156710107,14.90
6034,8716227833,634.70
6035,80563756329,103.40
6036,1408402219,1478.90
6037,50401166206,288.60
6038,1131482741674,30.80
6039,22701364326,631.00
6040,223163079,2566.40
6041,13751795529,731.60
6042,21517451778,835.60
6043,18099304638,463.70
6044,36849813221,536.70
6045,6969083424,1061.90
6046,218774877,2308.40
6047,520546778,1468.40
6048,91355029783,184.70
6049,49054651212,62.80
6050,673297887,1578.50
6051,212555985,4854.50
6052,1843678898,1194.10
6053,27213353797,236.60
6054,91214787893,131.40
6055,32370482598,585.70
6056,26112389959,189.00
6057,5143574595,1124.40
6058,92116489563,208.00
6059,364644755,1906.80
6060,2281063236,1146.20
6061,59737705260,111.40
6062,52706210984,360.80
6063,23986334958,573.10
6064,23679400833,371.40
6065,328836121,3851.70
6066,339198019,1772.60
6067,11934015873,640.10
6068,69111155997,337.20
6069,530891227405,24.70
6070,469497526,1804.60
6071,61078549428,77.80
6072,50547620671,464.10
6073,20112915440,523.50
6074,61615591606,317.10
6075,37316209141,212.10
6076,538320484,1712.20
6077,7505462109,819.40
6078,21059328613,269.50
6079,1925890534,1301.50
6080,11651071019,628.70
6081,3965018636,1227.20
6082,44133672629,583.60
6083,20098009973,584.70
6084,204948196,3951.80
6085,3502284664,1209.80
6086,19040835126,890.80
6087,53073255405,327.60
6088,2258807368,1350.40
6089,531084861,5000.00
6090,77595448121,296.00
6091,22041538266,767.00
6092,28599801521,779.40
6093,20232029931,889.20
6094,21727454734,735.20
6095,26955331674,723.90
6096,10395672367,936.60
6097,7324318302,843.50
6098,48672557681,547.80
6099,191479244,2836.30
6100,37590739742,650.30
6101,103043586453,194.50
6102,151197932,3602.50
6103,241123550,2989.30
6104,58310368810,398.60
6105,283931298,2217.00
6106,164627498,2718.50
6107,17997799071,529.10
6108,10610821348,781.70
6109,327518474,3130.70
6110,40097382508,530.50
6111,36405086427,397.20
6112,612163914,1405.40
6113,27573144831,692.80
6114,113740023898,203.50
6115,880847618,1541.40
6116,12789215267,957.30
6117,40330012318,452.40
6118,27768519635,692.40
6119,450799709,1785.00
6120,20365645860,813.50
6121,25484878275,740.60
6122,1135512627,1125.30
6123,44795448281,285.90
6124,1420203401,1404.40
6125,18703611560,617.40
6126,57961146197,369.30
6127,177748906,4337.10
6128,348790298048,20.70
6129,241722102,2979.80
6130,39741426496,681.90
6131,37025172038,662.90
6132,15616711306,656.80
6133,397160130,1787.30
6134,35813599253,111.50
6135,531084861,5000.00
6136,25263515055,458.50
6137,257206220,4151.00
6138,26788937473,522.40
6139,531084861,5000.00
6140,31266266559,234.50
6141,3008292325,1040.10
6142,20023681088,881.70
6143,31242649648,590.40
6144,84278962215,324.50
6145,79486109926,56.60
6146,826425989,1331.50
6147,53586023111,434.90
6148,3849447948,1139.70
6149,68874500158,67.50
6150,57664341183,433.40
6151,49533568447,481.20
6152,16112637204,893.80
6153,288470717,3841.00
6154,117953073279,215.30
6155,58605419473,448.10
6156,12084528214,711.60
6157,17225402806,838.50
6158,531084861,5000.00
6159,13154134494,516.50
6160,43991201497,198.80
6161,205640136,3553.10
6162,23032183747,422.90
6163,66442798723,469.00
6164,23338859865,602.60
6165,118532321021,277.10
6166,634740677,1571.80
6167,3520846545,1064.40
6168,46706993864,585.00
6169,200396640,1858.80
6170,531084861,5000.00
6171,274015963,2416.50
6172,4529437993,1184.10
6173,25671042103,342.90
6174,334582627,2091.70
6175,12124535422,548.10
6176,509904242,1631.20
6177,257031989,1995.40
6178,326419829,2120.10
6179,15035155089,962.80
6180,321505267,2095.40
6181,27918088860,108.80
6182,49704969162,448.90
6183,1707057734,1327.00
6184,24378584006,118.60
6185,11535303687,937.20
6186,592663661,1639.40
6187,13966652844,430.00
6188,2789708358094,33.30
6189,233748877,2892.20
6190,33655538911,288.30
6191,33975473264,251.30
6192,91769365269,133.10
6193,7852522618,850.20
6194,290165639,2152.90
6195,214712908,3285.20
6196,14114085995,643.90
6197,34635986297,283.40
6198,29534553380,447.90
6199,5093125958,1184.70
6200,9919978809,855.00
6201,294712829,1940.30
6202,47267266344,159.70
6203,987308135,1542.40
6204,34218392868,159.50
6205,988263904,1546.70
6206,29487277810,589.40
6207,188768310,4901.10
6208,10549449776,995.00
6209,86930649361,133.90
6210,65349211234,411.30
6211,30446609769,684.10
6212,41564933134,267.20
6213,20128472118,106.50
6214,123836591604,269.70
6215,94239840432,303.50
6216,269756398,3090.20
6217,29670329801,212.70
6218,223027846,2795.40
6219,22664123197,117.10
6220,259706524,1956.50
6221,32000708909,296.60
6222,8887518888,995.80
6223,1866015325,1321.90
6224,373879753,1740.60
6225,78852768996,347.70
6226,2463512780359,24.60
6227,16593972319,568.50
6228,120499804360,213.90
6229,475562014929,38.20
6230,3986102636,1154.00
6231,12124535422,548.10
6232,1708350204,1384.90
6233,41411813479,225.90
6234,17458738965,791.90
6235,316993308,2065.10
6236,92530228836,201.70
6237,193320099,2808.00
6238,39995424758,240.40
6239,25081843289,317.90
6240,1926780219,1315.80
6241,531084861,5000.00
6242,13473071079,856.50
6243,531084861,5000.00
6244,17737495524,567.20
6245,52683571262,84.80
6246,47275288419,311.50
6247,22392168528,389.10
6248,599193575,1582.40
6249,98918849623,183.30
6250,255066106,3452.40
6251,639698050,1578.00
6252,39035195107,501.40
6253,213733084,2700.40
6254,82973915727,167.40
6255,531084861,5000.00
6256,30700028908,393.90
6257,4185266912,987.20
6258,117498794799,277.60
6259,55538295060,466.70
6260,1526939690,1191.40
6261,25514895416,824.10
6262,79738567358,213.50
6263,27336120404,622.00
6264,83441924908,125.50
6265,28238900026,535.20
6266,2201449046002,47.90
6267,9750914687,1009.30
6268,531084861,5000.00
6269,6926415766,1005.90
6270,3729608006,970.10
6271,15650656531,942.60
6272,250502411,2120.40
6273,117820133004,71.50
6274,43396825700,642.30
6275,202408239,2612.60
6276,83341352995,284.00
6277,99036361481,156.00
6278,55001889484,397.90
6279,1164993434218,25.90
6280,376757381,1806.90
6281,32000708909,296.60
6282,12778988130,686.80
6283,31559543479,48.80
6284,33202962484,58.80
6285,19020476361,143.00
6286,20783260532,465.80
6287,659068237,1408.00
6288,56685457406,416.10
6289,90568101177,252.00
6290,274662729,1845.40
6291,608121896002,31.70
6292,63887326356,124.70
6293,9092693720,1021.90
6294,10539410323,999.50
6295,208431627,3582.80
6296,531084861,5000.00
6297,37918135366,219.70
6298,52451445799,272.90
6299,23468433694,390.70
6300,481882983,1780.60
6301,32075970188,261.20
6302,63201704577,341.60
6303,765204551,1431.60
6304,2378364423,1269.40
6305,16875202706,837.40
6306,262431873,4463.80
6307,1035967672,1389.60
6308,19328794495,534.20
6309,60466448229,357.80
6310,360133840,1802.10
6311,45194229591,453.50
6312,36940601506,582.10
6313,841447578778,22.30
6314,51726296451,497.70
6315,1072156710107,14.90
6316,138170471,2036.20
6317,531084861,5000.00
6318,531084861,5000.00
6319,77860808322,336.10
6320,6545652965,1032.40
6321,39370829274,241.70
6322,15806484314,743.20
6323,1193106467,1413.40
6324,49218348301,218.90
6325,255094643,2782.90
6326,494605048,1641.70
6327,199449755,3082.80
6328,27762691940,687.30
6329,18906945123,501.80
6330,168696004757,92.50
6331,71726552851,166.80
6332,234167262,2106.20
6333,18444906783,833.00
6334,75476617281,278.60
6335,15392704646,589.60
6336,77864562997,212.40
6337,20098009973,584.70
6338,712383064,1541.60
6339,22334017782,457.90
6340,902196850,1555.80
6341,30026204096,108.70
6342,353330066,2013.80
6343,2865748427732,12.40
6344,67569382101,125.20
6345,44259668965,149.10
6346,33655538911,288.30
6347,531084861,5000.00
6348,3525485489,1265.40
6349,239226959,4444.00
6350,531084861,5000.00
6351,55269332823,422.50
6352,50841308199,507.00
6353,190514189,4083.50
6354,1710067756,1342.80
6355,39984834762,526.20
6356,495584193,1692.90
6357,531084861,5000.00
6358,261469193,2007.80
6359,58137410097,251.00
6360,202855351,3657.80
6361,188647056,2815.70
6362,22813842450,162.20
6363,60124752976,126.80
6364,74469333800,191.00
6365,29019477508,703.60
6366,2183608820,1178.60
6367,31411693217,609.50
6368,174154650,1882.50
6369,754330248,1600.60
6370,269120378,3012.40
6371,37194125334,619.60
6372,156263377704,99.30
6373,12691060719,647.40
6374,77700472007,375.50
6375,95798834728,203.70
6376,95196099,2416.40
6377,23964787930,712.30
6378,48100891746,500.60
6379,41443607718,614.40
6380,18440140082,533.40
6381,49794596953,499.60
6382,1226250734,1330.10
6383,22656629104,434.40
6384,32175476346,168.10
6385,966570126,1227.40
6386,572320004,1415.70
6387,306783256,1842.00
6388,3829176505695,2.50
6389,48653877959,558.30
6390,14556683553,443.70
6391,72518787340,194.00
6392,394316540,1727.90
6393,199049933,2155.40
6394,33128709085,347.60
6395,42360699839,466.50
6396,29332937369,308.00
6397,8310566838,1060.40
6398,9919978809,855.00
6399,9470538494,831.00
6400,53612409888,54.40
6401,25394731510,496.50
6402,253147908,4411.30
6403,282672529,2196.70
6404,31591774558,581.70
6405,4430925920,995.70
6406,6016946894,887.60
6407,1812639271424,17.60
6408,58647059975,98.50
6409,221458025,2945.00
6410,5695512735,1142.90
6411,47871525541,186.50
6412,360008665,1870.60
6413,54605461225,373.20
6414,718742951,1588.90
6415,5691248686,1092.20
6416,17408351470,656.20
6417,234466860,2357.00
6418,3195176700,1284.10
6419,249452035,2885.10
6420,198316597,1618.00
6421,752353349946,23.70
6422,36853802225,681.30
6423,52535664161,292.80
6424,225827779,3780.40
6425,2062100290,1228.50
6426,23780509385,504.60
6427,16121171546,557.00
6428,891351413,1556.20
6429,374703799,1764.90
6430,193504389,2443.40
6431,9881806783,898.70
6432,70010577618,83.00
6433,33586960960,381.30
6434,531084861,5000.00
6435,44826037153,127.10
6436,6084392365,953.90
6437,306567989,3862.00
6438,38613858717,255.20
6439,1040325447,1461.30
6440,57092341472,377.90
6441,120433917,2256.50
6442,24475492888,701.80
6443,42236647928,484.30
6444,704317088,1633.70
6445,79143596571,167.80
6446,181677491,2039.70
6447,682415193,1568.00
6448,69001777168,90.30
6449,222331083,1998.60
6450,46128880038,467.20
6451,49469416383,91.60
6452,2260801950712,17.10
6453,531084861,5000.00
6454,1064409344701,19.30
6455,531084861,5000.00
6456,31801426668,659.60
6457,60452319505,243.00
6458,3132265349,1242.40
6459,6451889978,860.70
6460,19020476361,143.00
6461,315600078,1992.40
6462,41398959499,57.70
6463,36839289786,592.70
6464,62096826562,482.10
6465,531084861,5000.00
6466,8190783765,851.40
6467,450256993,1739.20
6468,292817429,3001.70
6469,271079097,2843.10
6470,9063258291,1034.20
6471,64662211422,78.30
6472,85641446490,193.70
6473,247572092,1879.40
6474,193143038,3224.50
6475,96203001913,280.80
6476,1311799687,1501.30
6477,218661413,2556.50
6478,39356438755,524.80
6479,254882580,1889.80
6480,19998756667,796.40
6481,62359272039,432.00
6482,197509155,2483.30
6483,67007513139,122.00
6484,5866495099,1098.10
6485,2706363988,1001.40
6486,74199678182,227.60
6487,34218392868,159.50
6488,212779553,2923.30
6489,951824168747,36.00
6490,43991201497,198.80
6491,77220932717,367.20
6492,27679893438,764.50
6493,105415559929,242.20
6494,426172368,1705.90
6495,1203358500605,41.30
6496,2393766249761,7.60
6497,73992531333,332.10
6498,74798767956,313.30
6499,46032420290,628.20
6500,531084861,5000.00
6501,3878741120,1133.70
6502,7408368002,873.20
6503,58757263349,279.40
6504,25604007585,481.00
6505,6799626115,1096.30
6506,1564090373,1253.50
6507,36167607956,114.10
6508,29230327465,49.00
6509,31531378118,484.20
6510,39529736691,334.10
6511,6190289323,1076.20
6512,13273062688,754.20
6513,1909018778,1340.30
6514,4079967126,1239.30
6515,26758903836,546.20
6516,82346983849,217.20
6517,46977298154,96.30
6518,78076888852,71.00
6519,33060410255,375.40
6520,22673929127,106.40
6521,34135160985,166.00
6522,23661898695,321.20
6523,489555082,1718.90
6524,1028561581,1482.40
6525,55511637426,201.40
6526,190945775,1892.90
6527,246707815,3390.00
6528,13927309442,853.10
6529,46528532681,533.00
6530,73310991068,142.20
6531,1552768805,1426.80
6532,531084861,5000.00
6533,255728653,1912.40
6534,186443979,4442.60
6535,1034731613,1483.20
6536,1384893858035,33.40
6537,33276998931,604.40
6538,922591730,1510.60
6539,531084861,5000.00
6540,864219643,1512.80
6541,5905984833,1026.00
6542,236713584,2145.90
6543,23579315742,363.70
6544,42148282861,106.20
6545,34332846280,189.80
6546,225134563,3744.60
6547,216679699,2199.10
6548,223798587,2045.60
6549,7408368002,873.20
6550,68878189946,439.10
6551,59458994291,241.10
6552,243237036,3587.30
6553,34452001990,536.10
6554,1902286393922,2.30
6555,11905764880,950.60
6556,81927681165,127.20
6557,198072735,2195.00
6558,56454391036,350.00
6559,49043732483,587.30
6560,252946073,2879.10
6561,144249976,2249.90
6562,36191241933,706.90
6563,40737337622,50.90
6564,224690993,2817.20
6565,6230515004,1043.30
6566,462901834,1702.70
6567,6143563311,1104.90
6568,42546173946,549.50
6569,531084861,5000.00
6570,36574686402,495.60
6571,4084508476,1200.70
6572,531084861,5000.00
6573,6313665479,747.00
6574,254050431,2553.70
6575,2450237214,1072.00
6576,34900377285,53.00
6577,25842517800,783.10
6578,37377635571,560.90
6579,44083549893,616.10
6580,49001699226,400.20
6581,16221247947,917.70
6582,19516530221,123.40
6583,58170601382,384.60
6584,24693914497,758.80
6585,41628121308,329.70
6586,1037435308917,28.10
6587,5241127950,1170.00
6588,531084861,5000.00
6589,31345554183,720.00
6590,1788382688686,24.20
6591,166355762,2723.30
6592,2442806475,1301.70
6593,31248632992,702.60
6594,607865625,1609.50
6595,59280895122,394.00
6596,396819219180,14.80
6597,119869309240,99.40
6598,2865748427732,12.40
6599,4500110384,1199.10
6600,26718865110,747.10
6601,62236931267,167.30
6602,2554190179,1322.10
6603,78784720946,291.70
6604,74755962987,381.70
6605,1485161510,1458.80
6606,27668163161,749.00
6607,531084861,5000.00
6608,3736016087,912.30
6609,272286339,4929.80
6610,450328939,1783.70
6611,2464673291346,42.50
6612,531084861,5000.00
6613,95823716185,145.00
6614,18253887710,573.30
6615,10550743120,989.90
6616,1485901273764,23.00
6617,314919574,3493.10
6618,333830306,1931.70
6619,288386395,2204.30
6620,3718002804,1153.00
6621,224441682,3775.30
6622,1806646889,1264.20
6623,52400064966,368.80
6624,1422520518097,39.30
6625,708285438,1628.60
6626,2712904355,1001.50
6627,53936417363,497.00
6628,15084958320,637.20
6629,25782294675,188.10
6630,7985639463,826.60
6631,5002567282,1164.20
6632,7463826255,1083.30
6633,237724323,2938.00
6634,121254950312,92.30
6635,39589438044,674.90
6636,8350811833,1028.40
6637,203930597,2119.40
6638,151093499665,69.90
6639,4951226208,1127.00
6640,6095760233,789.10
6641,34683870551,432.90
6642,3626888967,1234.40
6643,140588781808,67.60
6644,375604965,1764.10
6645,521541881,1702.00
6646,1132784424,1443.50
6647,336505870,2085.00
6648,3468195960,1239.80
6649,13384008260,763.60
6650,236306702,2719.10
6651,248149894,3147.40
6652,121119312457,89.90
6653,2712904355,1001.50
6654,27997153528,213.80
6655,25791193600,336.00
6656,42960774061,256.70
6657,41754093987,274.00
6658,193113501,3386.40
6659,167618310,2430.40
6660,61044690944,153.80
6661,13513781856,362.40
6662,6123624453,1038.10
6663,55184311381,66.40
6664,33456114307,740.30
6665,25436917192,493.20
6666,161088140,2099.50
6667,277769406,2052.50
6668,249668001,2323.00
6669,14131462415,934.80
6670,3968654705,1010.80
6671,40119558479,494.80
6672,40622763612,235.30
6673,246010245,3486.00
6674,93141298,2162.30
6675,14313465847,906.90
6676,994850520,1302.50
6677,194774256,2925.80
6678,38129516382,635.80
6679,97001093407,217.70
6680,23388602838,774.30
6681,67507436561,176.60
6682,779785330,1635.30
6683,17799124633,589.80
6684,20546437773,843.40
6685,443820197,1676.80
6686,55681579186,286.60
6687,21482176878,579.10
6688,37941861647,668.50
6689,16227787136,353.00
6690,87541691548,126.00
6691,262721606,2125.00
6692,87145008406,303.10
6693,43477936686,102.70
6694,5460583041,919.40
6695,26068066362,241.00
6696,22181203332,636.50
6697,39965199974,590.30
6698,45484522709,299.10
6699,69333076015,165.70
6700,23951410656,811.50
6701,202858432,3457.70
6702,525698246,1678.00
6703,41018294341,200.80
6704,194553251,3123.80
6705,289524881,2113.20
6706,531084861,5000.00
6707,23074531507,786.10
6708,1705217615,1419.00
6709,19232511876,103.70
6710,35802462438,159.30
6711,579669989859,47.10
6712,6663689990,1045.90
6713,2606426266,1330.60
6714,14513436376,937.90
6715,986745410,1495.90
6716,53851693385,208.10
6717,206684810,1822.90
6718,268291637,3714.20
6719,267459714,2884.00
6720,112427179734,65.30
6721,344626923,1839.10
6722,22444017236,407.50
6723,531084861,5000.00
6724,531084861,5000.00
6725,71119073290,303.30
6726,22664123197,117.10
6727,13440345196,708.60
6728,1528723671895,27.00
6729,294646683,1806.30
6730,15133763735,725.20
6731,720579258,1583.50
6732,98507759581,97.40
6733,93408725803,293.10
6734,13273062688,754.20
6735,531084861,5000.00
6736,237040896,2702.60
6737,123210328264,259.50
6738,54200435651,279.00
6739,3442112788,1231.30
6740,13669246798,454.90
6741,154690892,1852.70
6742,7184901557,1056.20
6743,43477936686,102.70
6744,7330241726,638.30
6745,643566451,1629.20
6746,8316974153,858.10
6747,25423609386,734.00
6748,187024701,4104.30
6749,1562388817,1297.30
6750,531084861,5000.00
6751,35059030294,692.30
6752,74958177241,347.40
6753,55083923341,518.30
6754,11448596182,679.30
6755,70998800871,154.10
6756,50211933628,271.80
6757,33660463865,739.00
6758,24225112380,436.70
6759,103309694971,292.60
6760,3378927289,1005.50
6761,816416656,1608.50
6762,1052929687,1471.90
6763,34568263826,174.80
6764,314917958,3696.80
6765,6755037077,925.80
6766,14032782098,748.40
6767,64513245501,310.40
6768,307798167,1821.90
6769,531084861,5000.00
6770,56598197583,418.50
6771,48275223112,561.60
6772,21074978458,841.70
6773,58483168219,282.10
6774,98615005413,301.60
6775,264172275,4410.30
6776,23810381688,152.70
6777,4344993947,1154.60
6778,21513255671,419.30
6779,48289310369,579.90
6780,45289085730,298.10
6781,465770715,1667.70
6782,19726421236,853.80
6783,15159133157,348.70
6784,62411998181,405.10
6785,50383272233,295.00
6786,100220778538,164.40
6787,1228586762,1448.70
6788,46460102385,246.80
6789,7911335322,909.60
6790,235578781,3473.50
6791,15265912378,858.40
6792,12421982961,687.70
6793,14032782098,748.40
6794,6711535593,1053.30
6795,93323635859,233.00
6796,14201645259,788.30
6797,1665851272,1450.40
6798,30117706887,381.00
6799,56500634764,326.40
6800,102308093329,281.10
6801,31823761251,704.10
6802,18711816873,493.30
6803,111863759013,231.00
6804,531084861,5000.00
6805,531084861,5000.00
6806,2426106188,1245.60
6807,58972241635,223.20
6808,790981679,1509.30
6809,19346294814,569.10
6810,4641462230,1197.60
6811,520546778,1468.40
6812,19846613372,663.70
6813,51177628283,576.20
6814,693081282,1583.40
6815,427226856,1713.00
6816,397962949,1874.30
6817,29420858258,771.20
6818,25217646433,677.50
6819,61634179049,73.20
6820,3736016087,912.30
6821,14746009387,762.70
6822,55669905957,508.10
6823,5087499399,1176.10
6824,531084861,5000.00
6825,50154530576,165.50
6826,969445393191,15.20
6827,95850622783,217.40
6828,531084861,5000.00
6829,154920517175,81.60
6830,28696242910,105.90
6831,290834543,2325.70
6832,1264630757,1425.90
6833,531084861,5000.00
6834,3735084712,1168.20
6835,41265610549,252.60
6836,1872222414663,34.20
6837,35898242916,688.10
6838,311038321,2183.10
6839,77077651415,238.30
6840,531084861,5000.00
6841,106657633480,270.60
6842,2417463920,1144.00
6843,71210569871,435.00
6844,40290151055,676.30
6845,138667241,2047.60
6846,18436068284,122.80
6847,819655138,1407.90
6848,33860804964,396.60
6849,479368718,1726.30
6850,174867360,2485.80
6851,6642262758,898.60
6852,47332228129,484.00
6853,3715391983,1244.90
6854,23724910748,156.50
6855,8478501692,848.30
6856,261686128,2607.80
6857,10072430593,993.00
6858,27168644770,744.20
6859,19232511876,103.70
6860,8937052004,886.80
6861,83461640533,295.30
6862,629583805,1700.00
6863,1226310202031,11.40
6864,32075970188,261.20
6865,1034434979980,13.70
6866,25155669054,778.50
6867,7925292974,824.30
6868,14468853835,932.60
6869,287768099,3641.80
6870,23529732231,379.70
6871,76670915817,140.70
6872,873860821,1386.60
6873,34877921737,269.10
6874,361864219,1911.30
6875,6575776866,981.90
6876,35128770978,427.10
6877,15112687267,938.20
6878,26183057608,813.80
6879,1567747207,1301.60
6880,21566569208,190.00
6881,9037869956,982.80
6882,71244304955,410.70
6883,21649774694,740.70
6884,3557552563,1216.50
6885,433324003,1452.30
6886,7349559151,1081.60
6887,60171005980,489.80
6888,6718179432137,16.30
6889,126607544,1950.60
6890,102275452954,219.30
6891,2854563892,1242.10
6892,30778548354,653.60
6893,19767429117,842.90
6894,731438521,1621.10
6895,45484335702,128.40
6896,1629704362036,9.20
6897,42410438798,117.60
6898,511303611,1717.80
6899,5985261663,1139.50
6900,29372406894,141.10
6901,15131903880,462.70
6902,782999967,1596.20
6903,326244737,2140.20
6904,599051106,1401.50
6905,531084861,5000.00
6906,125339409604,72.20
6907,2274924746,1148.20
6908,20686086142,646.10
6909,98088008997,311.60
6910,5279180101457,2.20
6911,2142305941,1195.70
6912,290334241,1901.10
6913,41754093987,274.00
6914,979894098,1565.30
6915,175785517,2392.60
6916,68361374717,137.60
6917,3870792962,1245.20
6918,104655228267,294.70
6919,531084861,5000.00
6920,6715290043127,16.70
6921,531084861,5000.00
6922,30297456948,622.20
6923,168630273,2940.80
6924,230523493,4828.20
6925,98064337088,51.60
6926,32178403372,665.40
6927,10112816399,986.60
6928,26901575353,343.60
6929,5774376347,1048.80
6930,12654655127,124.60
6931,42488489208,537.80
6932,20810374410,748.20
6933,65266144972,421.40
6934,531084861,5000.00
6935,15367775521,592.80
6936,3471647464,951.60
6937,85886921044,317.40
6938,5870629975,1152.00
6939,49133603786,450.30
6940,84565849808,130.00
6941,2602485352,1108.60
6942,26430359231,516.60
6943,60988473314,436.10
6944,10468440565,505.10
6945,8608026023,1041.00
6946,15404384435,944.40
6947,45066815689,145.90
6948,18081260602,539.10
6949,38215788152,603.80
6950,2252644623,1346.40
6951,91353138176,102.40
6952,47607123482,362.80
6953,72432386197,206.90
6954,831175678,1591.10
6955,12203126420,690.00
6956,193125444,3324.50
6957,45048545173,183.10
6958,62969047558,341.00
6959,531084861,5000.00
6960,93479983987,294.30
6961,1493490001,1386.20
6962,2358747278,1337.70
6963,838230653,1619.60
6964,664769284,1415.20
6965,46224223157,625.00
6966,207049367,3234.30
6967,2046751833,1355.50
6968,85484709921,211.10
6969,140829839454,74.90
6970,1995373137395,42.20
6971,147003561519,60.30
6972,35616893410,646.90
6973,62921955261,428.40
6974,61259096885,481.10
6975,457335899,1781.70
6976,7829097988,845.50
6977,522912630294,32.00
6978,27219784838,340.30
6979,35802462438,159.30
6980,67483962732,359.70
6981,17820977859,838.90
6982,186978153,2218.80
6983,75949159691,318.20
6984,18903060339,778.80
6985,12614893468,990.30
6986,30638427448,612.80
6987,339617793,1907.30
6988,41411813479,225.90
6989,2196864722,1260.00
6990,19120380600,766.70
6991,193937307,2800.70
6992,23820899153,795.40
6993,45397067753,550.60
6994,46705537767,400.80
6995,19514600553,795.60
6996,1946375150,1367.60
6997,161993149,2477.90
6998,13384008260,763.60
6999,27521131736,794.70
7000,263661739,2569.40
7001,31531378118,484.20
7002,19145778328,774.80
7003,32772761611,462.80
7004,42757061833,205.10
7005,56437200920,194.90
7006,29156259711,337.80
7007,205878653,2665.70
7008,69770709166,378.10
7009,300331044,3248.50
7010,531084861,5000.00
7011,27496264448,745.30
7012,339362279,1953.30
7013,45857235618,94.60
7014,36192594397,119.90
7015,35352496530,280.00
7016,9059497241,1042.00
7017,2388288641,1352.10
7018,24492333264,434.10
7019,148550937200,51.20
7020,8832931988,1020.90
7021,130628350,2429.00
7022,1491041343945,39.80
7023,499530443,1758.40
7024,302308495,1615.30
7025,43298195338,411.70
7026,68914070233,414.30
7027,7646745313,834.90
7028,17274073162,184.60
7029,176013039,4005.40
7030,8871000840,825.30
7031,13495066402,988.80
7032,792743193,1615.90
7033,228784634,4028.60
7034,74151920439,332.20
7035,160340375,1760.00
7036,32339509859,294.10
7037,2420765787,1086.90
7038,28734432668,145.70
7039,16448710037,502.60
7040,244450063,4200.10
7041,218171567,3534.30
7042,1037435308917,28.10
7043,193213841,1727.50
7044,5689424233,1129.00
7045,27524965660,739.10
7046,8097500756,677.30
7047,340072316,1858.00
7048,430465928,1814.00
7049,126419397358,77.50
7050,19101427405,485.10
7051,81016514013,223.70
7052,531084861,5000.00
7053,1037564300,1512.20
7054,30902024681,463.00
7055,46705657464,454.50
7056,13784291430,891.80
7057,68149168228,393.10
7058,22745848948,822.00
7059,14891985315,859.10
7060,1626712960780,46.30
7061,2375195654,1173.80
7062,353496655,1801.50
7063,2679732476833,46.00
7064,25791193600,336.00
7065,61415604345,238.00
7066,10809734706,847.40
7067,10682188002,663.90
7068,265174375,2284.20
7069,1864481410064,41.20
7070,23548299105,504.00
7071,46109234247,593.00
7072,40337901548,333.80
7073,22664123197,117.10
7074,19745288578,605.60
7075,8674113558,1024.30
7076,23550293686,306.10
7077,595663034,1581.10
7078,18932686964,588.60
7079,531084861,5000.00
7080,4463744442,1200.50
7081,531084861,5000.00
7082,55086653218,216.90
7083,38092799804,267.40
7084,24311397595,395.30
7085,496670560,1455.80
7086,274562966,3311.60
7087,7083670784,958.00
7088,78547168486,103.10
7089,531084861,5000.00
7090,174276059,4240.80
7091,67214978828,305.40
7092,1100833251,1500.60
7093,35497426157,695.20
7094,67311029937,432.40
7095,44408117745,68.50
7096,3544070061987,25.70
7097,167069964,2838.80
7098,241940198,3038.80
7099,158212007743,78.10
7100,7514570213,765.80
7101,44559675514,289.40
7102,72375332023,213.20
7103,26177125402,773.00
7104,1358128274,1450.80
7105,531084861,5000.00
7106,61267088021,58.90
7107,12010458428,964.70
7108,6096239028,1037.60
7109,270373887,3989.90
7110,59848588053,499.80
7111,180363644,2208.80
7112,83949267771,199.90
7113,1476096807251,27.90
7114,8131783887,846.40
7115,9677695970,856.40
7116,708844305,1607.20
7117,7557114118,1082.40
7118,15037588562,883.50
7119,531084861,5000.00
7120,1042526357,1321.30
7121,6016946894,887.60
7122,32075970188,261.20
7123,3026746020,1217.90
7124,61020878302,484.10
7125,3405676846,1266.20
7126,3753834255,1216.10
7127,223567653,4775.90
7128,26215909584,690.20
7129,38160708465,633.60
7130,4009770166,1154.80
7131,823970959,1260.20
7132,1136636422,1309.60
7133,167940375168,96.40
7134,332993846,1602.30
7135,531084861,5000.00
7136,233095271,2134.10
7137,1843678898,1194.10
7138,1535316986,1369.50
7139,1583431191,1432.40
7140,40642228371,457.70
7141,67621875567,190.30
7142,69362353974,445.70
7143,2764201844640,45.00
7144,11776340247,950.40
7145,96579918218,273.60
7146,270498160,3030.70
7147,12041390854,946.80
7148,20870353649,582.40
7149,184863243,1876.20
7150,531084861,5000.00
7151,16829845548,686.40
7152,37595878749,564.90
7153,87864822015,113.90
7154,172537700,4742.60
7155,15204773460,626.80
7156,1860009379,1321.10
7157,1126809747,1273.70
7158,42960774061,256.70
7159,531084861,5000.00
7160,232271704,4234.00
7161,55810778036,402.70
7162,54389979146,375.10
7163,12630854471,692.00
7164,99478358376,56.80
7165,621406731,1697.10
7166,1781849789144,3.80
7167,32951716015,583.90
7168,83960978728,124.00
7169,785400932,1560.70
7170,41658568523,48.20
7171,268288697,3338.10
7172,272548705,2708.40
7173,254358055,3722.50
7174,306503090,2199.80
7175,204167883,2173.20
7176,59611681209,377.80
7177,19834292765,482.20
7178,247637219,1695.70
7179,1019820810,1292.70
7180,21754176727,868.70
7181,531084861,5000.00
7182,16434320625,918.70
7183,136772129186,82.80
7184,862488383,1499.80
7185,104773608838,193.50
7186,37618479713,331.20
7187,112663239448,68.90
7188,4763215782,948.50
7189,531084861,5000.00
7190,35627976815,632.90
7191,192404288,2752.40
7192,23865571099,787.00
7193,3097994491,1126.80
7194,54208466198,233.10
7195,3886600037,1210.20
7196,531084861,5000.00
7197,46650401272,196.10
7198,37275446608,290.50
7199,32152261913,690.10
7200,277405291,2302.00
7201,137728507794,91.30
7202,12536468139,980.00
7203,10456770509,707.30
7204,23915889633,825.10
7205,312831205,3681.10
7206,1121333880050,23.40
7207,492522831,1769.30
7208,40713756136,595.60
7209,783117160,1590.50
7210,35432371902,684.50
7211,42540893703,637.40
7212,110896028629,246.30
7213,174830608,2676.10
7214,41348309237,274.10
7215,198316597,1618.00
7216,22673929127,106.40
7217,32363330319,689.60
7218,40033454625,655.70
7219,10342548662,808.80
7220,79985381,2586.00
7221,82605809116,140.20
7222,3080333092,1182.60
7223,314917935,3339.40
7224,19444357362,855.80
7225,26758903836,546.20
7226,66693632318,467.10
7227,153788049141,99.80
7228,222350469,3361.10
7229,1011025208,1391.70
7230,1027572262547,13.60
7231,3252626459,1267.80
7232,239397405,1999.30
7233,2409173284,1264.80
7234,3487517786262,28.50
7235,6082730557,1085.90
7236,313916277,2187.80
7237,123151579705,214.60
7238,52575368949,251.90
7239,4760829551,1188.30
7240,6293369335,1123.00
7241,62566684217,342.80
7242,28924182995,358.90
7243,44342065434,530.20
7244,2634527788,1123.10
7245,11480329113,688.60
7246,12203126420,690.00
7247,531084861,5000.00
7248,55961373695,201.20
7249,1098596640537,18.10
7250,531084861,5000.00
7251,58596980550,523.60
7252,531084861,5000.00
7253,88425934523,164.80
7254,531084861,5000.00
7255,531084861,5000.00
7256,3215978206236,10.40
7257,1918137595,1405.60
7258,99743732677,165.80
7259,10195817093,769.80
7260,251587436,3717.20
7261,1369756881,1393.90
7262,23668138463,410.40
7263,12617239523,708.70
7264,1179586723,1411.00
7265,2058903497,1298.40
7266,24083845092,434.80
7267,127092500,2182.80
7268,1055261385,1554.30
7269,22180379397,552.60
7270,978176108772,42.10
7271,26389629954,775.80
7272,212862734,1928.80
7273,63670594373,469.70
7274,221063302,2089.50
7275,33843314022,442.60
7276,71627193497,121.10
7277,12084528214,711.60
7278,569115734,1740.30
7279,5643617149965,12.00
7280,31261514224,720.90
7281,37109635625,403.60
7282,220992967,1987.80
7283,118802091102,271.50
7284,13544443925,974.20
7285,48245478581,181.10
7286,531084861,5000.00
7287,82582150416,325.30
7288,37973331874,48.50
7289,53403431492,486.10
7290,112563000454,62.40
7291,2459845407,1274.00
7292,1742435304,1429.60
7293,276007786,3098.50
7294,30426799753,614.20
7295,61487125033,486.90
7296,30049811057,102.20
7297,25819384711,699.80
7298,527691772,1703.30
7299,209454739,2077.30
7300,325212863,2136.80
7301,23186872747,389.30
7302,73937293696,204.30
7303,190945775,1892.90
7304,220204930,2248.10
7305,23343823164,163.70
7306,37698725812,272.70
7307,54807504157,502.10
7308,9353333956,958.20
7309,73058308269,62.10
7310,474368921,1706.10
7311,592043107006,40.90
7312,507354901,1513.00
7313,6360430841,794.90
7314,20418744698,751.10
7315,231410455,2414.50
7316,41994559227,188.30
7317,66131205026,451.40
7318,3687158894,1207.30
7319,3292385461,1108.10
7320,19520213303,811.80
7321,12512819048,362.60
7322,49583909115,443.90
7323,501337928,1512.50
7324,2588632376,1313.70
7325,531084861,5000.00
7326,36804491717,575.00
7327,11978289740,579.80
7328,32132482542,666.90
7329,25604007585,481.00
7330,30848297459,304.30
7331,3910115918206,6.70
7332,229014254,2937.40
7333,23048964662,695.70
7334,24207372611,809.00
7335,53498246404,351.70
7336,246719033,3367.50
7337,45787647876,145.80
7338,51522018427,568.90
7339,36611083487,330.90
7340,50383272233,295.00
7341,222939495,2549.50
7342,249537928,3157.90
7343,7174772450,1029.40
7344,38430531029,476.90
7345,22931625811,395.40
7346,72643782582,345.00
7347,2005483078,1363.50
7348,5446311834,944.00
7349,30808320322,123.80
7350,34698870295,87.00
7351,215396624,3527.80
7352,1773956453,1337.90
7353,15812355536,803.70
7354,5111010931,1150.90
7355,6420384738,908.00
7356,20325875982,732.20
7357,220479234,2855.00
7358,223630091,2177.50
7359,86888542676,252.90
7360,19994500497,869.90
7361,4977417653,1015.90
7362,3067498543,1235.40
7363,185921663,2768.90
7364,39529736691,334.10
7365,29196534611,626.20
7366,188191679,4635.00
7367,185530022,2897.90
7368,2814111726,1128.10
7369,25602271175,754.10
7370,17985512341,764.80
7371,48430054360,179.60
7372,146515699648,99.10
7373,257141710,3780.70
7374,2982428261,1192.90
7375,119686255,2996.60
7376,339993333,1834.80
7377,207035928,3480.70
7378,531084861,5000.00
7379,50154530576,165.50
7380,275717796,2322.40
7381,123255456594,95.60
7382,29812545595,706.30
7383,16338586626,897.90
7384,456416857,1737.50
7385,2021002378,1298.10
7386,217195012,4343.90
7387,36167607956,114.10
7388,7670097595,838.00
7389,50367311144,59.80
7390,29068648247,621.40
7391,69707300676,75.00
7392,8131783887,846.40
7393,153513447,1957.90
7394,17214331838,450.10
7395,314202186,1688.90
7396,90233298289,287.60
7397,21198945152,740.00
7398,25760864971,553.80
7399,22656629104,434.40
7400,38399928202,212.30
7401,314931697,3372.10
7402,33815188048,734.70
7403,1264121917121,40.70
7404,17227725319,847.10
7405,6360430841,794.90
7406,15561802617,669.40
7407,47728590720,152.90
7408,29534553380,447.90
7409,4712388032,1187.50
7410,791668030,1639.20
7411,12351170327,694.10
7412,10567382831,975.90
7413,478180766,1721.10
7414,60845545252,390.10
7415,448518650,1671.70
7416,296818821,3906.70
7417,320329421,1982.50
7418,18002903898,818.20
7419,30931172201,303.20
7420,17309852680,377.70
7421,531084861,5000.00
7422,39971461393,162.60
7423,3731306270,1238.40
7424,250216795,2669.40
7425,21566569208,190.00
7426,256168154,2713.60
7427,46251228123,464.30
7428,51199637474,199.80
7429,324726360,3128.30
7430,240043887,1909.30
7431,15228176587,969.10
7432,195267938,2230.80
7433,88364314896,111.80
7434,57725826493,457.30
7435,531084861,5000.00
7436,1921052582815,40.60
7437,18363584017,775.10
7438,6638498451,1113.20
7439,59747862728,509.80
7440,35628010032,401.80
7441,13678298846,682.90
7442,5524525565302,9.60
7443,8816092115,1026.80
7444,28921748021,602.90
7445,328130740,3800.10
7446,14403437832,890.60
7447,183598020,2406.80
7448,23298387921,383.30
7449,1690339558,1381.40
7450,653753428,1686.70
7451,108823618473,264.10
7452,10238601895,985.70
7453,34900377285,53.00
7454,36357332785,658.90
7455,11330665043,991.80
7456,1825803682685,2.90
7457,325357455,3499.00
7458,120536121793,212.20
7459,480498179,1645.90
7460,267463075,1935.80
7461,18460335982,607.60
7462,531084861,5000.00
7463,33295956217,410.10
7464,531084861,5000.00
7465,55961373695,201.20
7466,179829438,2478.30
7467,74044807173,136.70
7468,114067887505,214.10
7469,49488872051,446.50
7470,49854222915,167.20
7471,72694889173,349.40
7472,3387108031,1043.20
7473,79761826408,146.10
7474,16507430067,920.70
7475,9585709255,1003.60
7476,129462621621,85.60
7477,39763424011,77.60
7478,531084861,5000.00
7479,761971478,1580.20
7480,19101427405,485.10
7481,531084861,5000.00
7482,109674611025,269.00
7483,17029786658,786.50
7484,240702533,2097.90
7485,8526639104,703.00
7486,415106089,1857.00
7487,16060401443,854.50
7488,531084861,5000.00
7489,69864923804,84.00
7490,314982858,2172.70
7491,30299265865,196.80
7492,33202962484,58.80
7493,24104747772,486.20
7494,64121650869,160.60
7495,29948796774,277.50
7496,1691112461,1416.90
7497,71417879241,336.30
7498,21792026656,813.20
7499,5008147442210,11.30
7500,40022203449,207.70
7501,12252109321,989.80
7502,28382030547,352.40
7503,18708439463,345.80
7504,316220292,1821.20
7505,39912732165,279.80
7506,120969284,3053.90
7507,119726655866,268.90
7508,39971461393,162.60
7509,20883893756,471.90
7510,5656080125,1117.20
7511,3832293620,1208.10
7512,697399367,1652.40
7513,29948796774,277.50
7514,18459484387,859.00
7515,20722755212,784.50
7516,55184311381,66.40
7517,263258386,1918.50
7518,116059368301,61.80
7519,212629749,3198.80
7520,55639391718,208.70
7521,4713201277,1090.20
7522,14149902480,848.50
7523,36623360287,190.10
7524,9424195146,811.70
7525,259662831,2328.30
7526,227576710,2430.70
7527,268341320,2284.10
7528,626849005,1631.80
7529,36749896667,372.20
7530,16829795077,555.30
7531,35586441814,419.90
7532,6802182521,1056.10
7533,2039556076717,39.40
7534,284933280,2001.40
7535,3040334958,1028.20
7536,270383393,3367.10
7537,214577652,2622.10
7538,31086105669,105.50
7539,88907458975,191.50
7540,63328452383,474.60
7541,47522480054,605.10
7542,19478051543,855.30
7543,622659166,1714.80
7544,114302337,3679.80
7545,21686658159,477.60
7546,22926990530,736.60
7547,28139187948,642.60
7548,16121171546,557.00
7549,48312801180,479.60
7550,1426704979,1422.60
7551,967524545,1394.00
7552,1589521145682,30.70
7553,2405025589,1318.70
7554,76166113202,94.70
7555,9462759868,587.60
7556,49566294732,88.10
7557,75399363705,314.40
7558,31421522225,711.80
7559,123981675750,236.10
7560,105125829764,293.90
7561,53183651605,459.30
7562,62239386970,75.30
7563,4023034429,1206.70
7564,96819206310,70.90
7565,1155224173,1474.00
7566,225887093,4626.20
7567,22424081409,790.80
7568,531084861,5000.00
7569,29400537021,665.90
7570,6363731674,903.40
7571,5806408619,909.30
7572,6989210513,1076.10
7573,32277815529,661.30
7574,3614178863296,40.10
7575,31324494141,441.20
7576,193213841,1727.50
7577,2207297598,1284.90
7578,284534088,2014.90
7579,191092494,4920.60
7580,271450782,2177.20
7581,34586918771,559.70
7582,26269286375,239.70
7583,97694334721,227.10
7584,269407359,2145.10
7585,29525945676,731.80
7586,63646839134,145.10
7587,28696242910,105.90
7588,58856625742,338.70
7589,1484132199,1352.00
7590,2594643655,1310.80
7591,48143857595,357.00
7592,19566467418,792.90
7593,203568045,2884.20
7594,7505462109,819.40
7595,34669728450,661.50
7596,209142292,3278.20
7597,6313665479,747.00
7598,27881979673,650.90
7599,38763512716,177.90
7600,42698198324,216.80
7601,46255808903,179.50
7602,19522252317,632.50
7603,27219784838,340.30
7604,280825611,3369.00
7605,246048745,3169.60
7606,24941365634,268.00
7607,85817917730,121.20
7608,89933544863,106.60
7609,1093679761,1358.70
7610,19370804604,894.70
7611,1035058209,1485.40
7612,531084861,5000.00
7613,111295604049,69.70
7614,11240660491,983.50
7615,34135160985,166.00
7616,30206100091,417.70
7617,531084861,5000.00
7618,522888156,1473.60
7619,22402670529,255.00
7620,10788462153,986.30
7621,211212830,2848.30
7622,243918686,3729.10
7623,199459587,2350.00
7624,1777656421,1337.40
7625,269977048,2483.40
7626,7839858339,1022.30
7627,1676846506,1091.90
7628,49778281524,404.10
7629,19757368364,843.80
7630,12654655127,124.60
7631,18959388975,494.70
7632,3736016087,912.30
7633,180643591,4241.00
7634,6007328887076,10.20
7635,53092247097,493.80
7636,58218379094,89.60
7637,752874665,1657.80
7638,44723880426,584.20
7639,232790292,3587.90
7640,8472633766,800.00
7641,57260597477,394.70
7642,1017907803,1463.40
7643,51063259467,578.90
7644,88375897,2943.30
7645,35016210108,175.90
7646,76193505406,369.20
7647,1384893858035,33.40
7648,23463428240,730.00
7649,235692845,3022.70
7650,253731760,3114.00
7651,248870347,3097.20
7652,26553101269,506.60
7653,1204629291,1471.20
7654,50683987920,415.20
7655,53706209481,489.50
7656,32340308757,281.70
7657,40383488092,600.90
7658,1220810734,1524.10
7659,17481501506,722.20
7660,275245252,3613.50
7661,21800076718,617.70
7662,61661572600,129.00
7663,45963389976,465.90
7664,1491041343945,39.80
7665,32651304302,85.70
7666,1382243619,1392.50
7667,1843279066,1421.80
7668,45310628446,606.30
7669,340093951,2021.90
7670,37316209141,212.10
7671,82397261675,294.60
7672,13927613728,610.50
7673,34839665554,122.60
7674,35502195937,324.60
7675,298910937,3635.50
7676,95297523460,191.40
7677,305874074,3620.20
7678,737908816,1574.80
7679,44993944083,622.90
7680,8017758996,894.40
7681,188509650,2330.20
7682,253313577,1854.20
7683,264163562,3123.30
7684,24932034178,683.90
7685,45447310958,466.90
7686,43398097593,317.20
7687,531084861,5000.00
7688,65349087571,348.50
7689,1671733593,1409.40
7690,664769284,1415.20
7691,1135512627,1125.30
7692,255941239,2853.30
7693,28734432668,145.70
7694,53475577681,204.00
7695,62504203323,437.30
7696,2724497136,1280.80
7697,19837291402,740.20
7698,20944201887,632.10
7699,531084861,5000.00
7700,829296464377,36.20
7701,721716302117,40.50
7702,217335380,2980.70
7703,642488846945,19.60
7704,48080546910,574.10
7705,207031381,3838.20
7706,19800548100,619.50
7707,1295908592,1442.00
7708,734894805,1647.50
7709,81121062827,362.00
7710,25246310045,163.10
7711,299786844,1940.50
7712,50965468672,79.80
7713,38993050180,253.90
7714,531084861,5000.00
7715,11934015873,640.10
7716,274968980,2170.50
7717,312139218,3554.30
7718,71224060352,419.50
7719,416218161,1861.10
7720,250831971,4388.50
7721,2859603223,1323.10
7722,256071161,2015.00
7723,8831148980,1051.10
7724,41052514818,195.30
7725,12203126420,690.00
7726,4826222803021,5.20
7727,23883378148,678.30
7728,50430050657,284.40
7729,19043397332,883.70
7730,14771243973,621.70
7731,311460570777,29.00
7732,32307520924,355.10
7733,8064615959,907.10
7734,972135796,1576.50
7735,9530275014,1028.10
7736,102132559779,285.70
7737,728479614283,44.90
7738,148625747,1850.80
7739,341263917,1882.90
7740,46976973051,275.60
7741,214446497,1932.10
7742,23955644867,401.70
7743,28190395035,358.20
7744,4171888331,1122.60
7745,29933864217,248.30
7746,15008082919,851.20
7747,191730178,3901.50
7748,40457326392,249.20
7749,50298836566,174.20
7750,2037057990,1381.00
7751,10590317901,796.50
7752,4490006126,1143.90
7753,336073279,2093.50
7754,14194535698,144.90
7755,8056074667,920.20
7756,221265968,2706.10
7757,153513447,1957.90
7758,241542824,4505.30
7759,24426544663,490.60
7760,30891202347,698.60
7761,18249336926,545.20
7762,37516302978,513.50
7763,8367727081,826.40
7764,30421953034,128.90
7765,50039173882,551.40
7766,34483847135,645.10
7767,4380801622,1203.90
7768,41455906565,663.80
7769,533090576,1768.80
7770,435986873,1843.50
7771,18337980979,103.80
7772,728422398,1648.70
7773,401936043,1786.90
7774,27213353797,236.60
7775,531084861,5000.00
7776,531084861,5000.00
7777,1462058729885,43.00
7778,5925111728,1085.00
7779,2511913908,1033.70
7780,86565666230,240.30
7781,2172121776,1356.90
7782,87667988150,109.80
7783,4712450276682,47.40
7784,198986019,2606.50
7785,50662616407,461.50
7786,619188806,1664.50
7787,13624929278,644.70
7788,232569841,1910.00
7789,10221780574,870.10
7790,45163112272,257.20
7791,63579557248,94.80
7792,23816463855,714.40
7793,12679093709,748.50
7794,25137627121,492.50
7795,277029145,2602.60
7796,235755427,4181.10
7797,13411210967,733.70
7798,18436068284,122.80
7799,25796922735,654.40
7800,389298312,1781.80
7801,14869086163,458.60
7802,173516873,2696.40
7803,31934822175,108.30
7804,732365475,1635.20
7805,468196852,1743.10
7806,86310380379,256.80
7807,19084800691,141.50
7808,195248549,3145.70
7809,2095831914007,34.80
7810,531084861,5000.00
7811,347893285,2042.50
7812,117452321568,227.00
7813,21138848186,807.20
7814,56605406264,274.50
7815,114041877484,279.30
7816,90664555944,159.60
7817,241439452,1645.50
7818,23496815871,705.60
7819,51234992081,379.60
7820,42988093560,278.90
7821,531084861,5000.00
7822,341301659,1769.40
7823,98317305304,86.00
7824,1727307732,1414.10
7825,181334868,2998.70
7826,266489476,1896.50
7827,24908933451,788.50
7828,17737495524,567.20
7829,35915561624,187.70
7830,44704777563,521.50
7831,6219946386,1023.30
7832,15978516783,312.10
7833,1230377239,1404.20
7834,189638000,2876.60
7835,37740106300,251.20
7836,251225037,2873.50
7837,8933512227,808.20
7838,12654655127,124.60
7839,2773474727,1282.20
7840,4320354496070,14.40
7841,40344170657,545.10
7842,68310950072,391.80
7843,193570621,2297.10
7844,36330175349,599.40
7845,217579800,2301.00
7846,231391382,3560.90
7847,26733885220,748.60
7848,13368833530,390.30
7849,56796614372,107.50
7850,14004385151,711.00
7851,33550528584,591.10
7852,16362980914,642.80
7853,19745288578,605.60
7854,113608680434,230.20
7855,10068702225,887.50
7856,71279652446,93.90
7857,76399782641,367.00
7858,33642752375,704.90
7859,24809717543,540.50
7860,17161419685,826.00
7861,52451445799,272.90
7862,69951834394,361.50
7863,17151974024,683.20
7864,531084861,5000.00
7865,19852038059,843.90
7866,670453146,1602.10
7867,291414969,2276.60
7868,609222267,1632.50
7869,4491989605,978.10
7870,18033191721,702.10
7871,112344385410,235.50
7872,475562014929,38.20
7873,35247063929,541.40
7874,10605976230,706.70
7875,531084861,5000.00
7876,26471678721,570.20
7877,531084861,5000.00
7878,5385562965,1086.50
7879,30299265865,196.80
7880,772547991,1653.50
7881,1556055664,1344.10
7882,531084861,5000.00
7883,1219916422,1472.80
7884,422408112,1701.60
7885,2757042877,1128.90
7886,70826311335,206.60
7887,1030563591,1527.40
7888,23037885443,745.10
7889,121164172403,269.80
7890,531084861,5000.00
7891,40764598238,653.20
7892,623823804,1571.70
7893,18436068284,122.80
7894,312099761,2018.30
7895,25383171350,113.70
7896,35330416425,197.50
7897,33978706715,174.70
7898,10192323927,1014.80
7899,103889599518,64.80
7900,35066150466,556.70
7901,2207766214,1334.20
7902,1016621301,1501.80
7903,57096010588,55.80
7904,32092156689,141.90
7905,20551617167,296.50
7906,61472997354,415.10
7907,35561478058,133.40
7908,13692000550,113.10
7909,102334506028,166.50
7910,7124199723,1084.80
7911,48710004765,421.70
7912,490456535,1660.50
7913,5754137137,1037.00
7914,46642907088,586.50
7915,496670560,1455.80
7916,5964477187,933.20
7917,248791506,3712.40
7918,4085326890710,13.40
7919,2757042877,1128.90
7920,19020476361,143.00
7921,51095514296,238.50
7922,99327857059,196.00
7923,25383171350,113.70
7924,167472831,2731.60
7925,30597060696,484.90
7926,21046430440,868.20
7927,36910519858,580.00
7928,80437906153,356.90
7929,531084861,5000.00
7930,43287094101,176.50
7931,123060560730,260.00
7932,62018221540,369.50
7933,46566475968,124.50
7934,3040334958,1028.20
7935,38433575936,547.70
7936,1108374592,1494.80
7937,258187282,2686.80
7938,6436031067,1016.30
7939,2549507521,1296.00
7940,301067368,3102.60
7941,41439170943,151.90
7942,15131903880,462.70
7943,28185058010,113.20
7944,27660209059,529.70
7945,28238900026,535.20
7946,31994090138,329.60
7947,7275858024,1043.90
7948,89748064999,115.20
7949,2133573285878,15.30
7950,53881199258,297.20
7951,94010172162,234.00
7952,109790211,2569.00
7953,129107474615,249.70
7954,21278063431,570.10
7955,71763291099,92.20
7956,39601538823,527.70
7957,74836461677,58.70
7958,37889241955,658.00
7959,45155446246,291.80
7960,19820338580,120.20
7961,171634513,2875.20
7962,32572138304,719.80
7963,283590084,3577.00
7964,222405572,4011.00
7965,23740317376,752.60
7966,45486069448,176.90
7967,26059099637,248.90
7968,294982202,2025.80
7969,11346510968,909.90
7970,11653404334,979.00
7971,40034694674,472.50
7972,417288204,1803.60
7973,20048993852,658.40
7974,58667282637,375.90
7975,1226250734,1330.10
7976,40413357599,80.80
7977,167077078535,81.70
7978,43714956648,480.00
7979,1857476750,1221.60
7980,2804395906,1294.00
7981,15745500900,810.50
7982,531084861,5000.00
7983,133469717923,71.70
7984,75022386758,297.70
7985,68552438787,455.20
7986,19820338580,120.20
7987,475562014929,38.20
7988,223270331,2902.00
7989,214699412,2334.60
7990,9426814744,1032.50
7991,49377561523,401.40
7992,531084861,5000.00
7993,248638392,1899.30
7994,267067543,4595.80
7995,22752178027,172.10
7996,9948702447,846.20
7997,215678808,2589.70
7998,26857951047,402.90
7999,35812928953,650.60
8000,3210649616,1113.70
8001,30659967433,116.40
8002,6735795454,1113.90
8003,43355746241,337.70
8004,47489259967,573.40
8005,41398959499,57.70
8006,21735794310,485.80
8007,27955458373,701.10
8008,256042960,4166.50
8009,158039623201,98.80
8010,227955527,3155.50
8011,93493586238,304.90
8012,76581564002,260.90
8013,37147398391,691.90
8014,208151051,2909.70
8015,22951305769,457.00
8016,123093847,4106.30
8017,264703274,2551.70
8018,202324937,2549.90
8019,1058471544,1566.80
8020,58565054347,320.40
8021,32092156689,141.90
8022,43848452601,439.70
8023,2156126464,1340.50
8024,23853448232,467.00
8025,4765092298,1141.00
8026,33649086965,719.60
8027,1475277095,1189.50
8028,246789437,3076.50
8029,21208469968,600.50
8030,100336951369,165.60
8031,256632199,1913.60
8032,204977040,2401.30
8033,184402051,2880.60
8034,15378462032,700.10
8035,20025879347,753.00
8036,963828591,1523.30
8037,35694064382,280.20
8038,8767494846,1040.90
8039,25138253924,792.40
8040,3452343409,1190.10
8041,33397198009,545.00
8042,7373310306,865.60
8043,55956548528,506.80
8044,14698309774,861.00
8045,4637249086,1114.20
8046,33952686268,186.20
8047,200086871,3338.00
8048,281509623,3855.40
8049,303820016,3194.30
8050,52196226187,430.50
8051,13778503776,979.90
8052,266198418,3716.50
8053,139903974403,97.20
8054,1164993434218,25.90
8055,77901333116,196.50
8056,74277443902,189.60
8057,1116291786,1342.60
8058,23186558134,757.40
8059,193584190,2184.90
8060,8279948608,999.30
8061,165572737,4824.50
8062,5003083402,1094.80
8063,186325283,2813.60
8064,109541695665,219.60
8065,555105525,1652.90
8066,3327297089,1202.60
8067,39205898630,195.10
8068,5610680643,1050.20
8069,1676846506,1091.90
8070,111755208052,89.50
8071,56296432455,473.80
8072,4836107472,1133.40
8073,531084861,5000.00
8074,73603873284,164.30
8075,230179984,1573.50
8076,158608502,2758.70
8077,11142744541,981.50
8078,1461270548,1468.00
8079,27131899032,517.70
8080,4621352051,1199.70
8081,1910449873,1409.30
8082,2625915847,1323.90
8083,531084861,5000.00
8084,35114442682,176.70
8085,33219420536,675.90
8086,531084861,5000.00
8087,27928466233,350.20
8088,33059253452,297.80
8089,10278644364,1007.70
8090,323157823,1851.30
8091,109698145129,257.10
8092,50441490708,266.30
8093,30318355898,174.00
8094,4496410556,1212.00
8095,26895824769,679.00
8096,14194535698,144.90
8097,22194808342,792.30
8098,15159133157,348.70
8099,6786164107,1082.20
8100,178116168,2706.50
8101,3404384659,1163.60
8102,223885688,2460.60
8103,54625182720,396.80
8104,240667578,2103.40
8105,778367419,1648.30
8106,5383679685,908.80
8107,18691358152,556.90
8108,166154331,4538.30
8109,25539715382,416.00
8110,217082642,1833.50
8111,968056564,1508.30
8112,87304187349,336.50
8113,17109474014,919.10
8114,115748089727,261.80
8115,285670661,2352.10
8116,85296564028,272.60
8117,278164568,3019.10
8118,43351752310,316.50
8119,17980457673,871.70
8120,531084861,5000.00
8121,40711161302,477.90
8122,12790315105,945.80
8123,4352189391,951.80
8124,34865865764,190.90
8125,31564108827,598.50
8126,621282373,1676.70
8127,42963081279,615.30
8128,15367775521,592.80
8129,174560716,2640.70
8130,11166789771,990.80
8131,42573590896,440.70
8132,209653422,4119.60
8133,290995706,2224.50
8134,26269286375,239.70
8135,63629790487,476.60
8136,57722759092,354.10
8137,230179984,1573.50
8138,214342450,2259.60
8139,52194074194,342.40
8140,243222599,3896.40
8141,1183434736,1509.20
8142,22444017236,407.50
8143,1986142905060,3.70
8144,34823607138,161.60
8145,10358669251,947.70
8146,328418848,2114.30
8147,235574422,3468.90
8148,592043107006,40.90
8149,722014335,1531.70
8150,46361591587,612.20
8151,60085323521,259.70
8152,18411185265,522.00
8153,271802653,1980.80
8154,24378584006,118.60
8155,13896929165,906.30
8156,32538485216,738.10
8157,263970073,2886.20
8158,340556684,2084.10
8159,232811925,3191.50
8160,116583998832,215.80
8161,87505734361,275.70
8162,7545684011,1021.60
8163,36615729267,678.70
8164,1742021802661,46.70
8165,124193805123,87.40
8166,66205578290,405.30
8167,35103000726,359.10
8168,79995487748,114.00
8169,304849794,2213.70
8170,97643901,3054.70
8171,4887774854,1103.60
8172,40016833779,149.70
8173,1262799289,1466.20
8174,83512154760,292.20
8175,45030736215,523.30
8176,224067492,2551.80
8177,264969774,2958.80
8178,4055711100,1199.40
8179,64630808945,482.70
8180,106859479746,199.30
8181,517693794,1670.40
8182,24709994977,406.70
8183,13692000550,113.10
8184,25275313393,709.20
8185,50161424704,451.80
8186,4168657351089,33.70
8187,421593045,1708.20
8188,4182830312,1175.10
8189,54282588921,408.60
8190,26070083448,531.40
8191,31114688105,455.90
8192,2619849951,1142.50
8193,211249223,1689.30
8194,250193219,3913.20
8195,106191445416,182.50
8196,360814057,2052.40
8197,1611309787,1398.40
8198,1718630626206,7.40
8199,93446861541,168.20
8200,599051106,1401.50
8201,1931470121,1344.50
8202,60634886736,384.70
8203,27011302531,674.10
8204,37357332378,676.50
8205,5816039878,914.50
8206,28323316822,452.60
8207,39763424011,77.60
8208,49756966919,270.80
8209,89523872568,178.70
8210,39444045814,292.00
8211,24941365634,268.00
8212,531084861,5000.00
8213,59760401865,386.60
8214,42890987797,456.70
8215,30334228766,355.50
8216,205246409,2917.00
8217,223096709,3137.30
8218,26678627499,762.30
8219,22101018486,179.10
8220,1217610267056,38.10
8221,531084861,5000.00
8222,232091366,3455.90
8223,29756789494,116.90
8224,6880779504,1031.20
8225,34164178519,151.50
8226,604176867,1313.50
8227,19362193268,867.60
8228,211966071,4985.30
8229,531084861,5000.00
8230,238367554,3379.20
8231,4662119384,1182.30
8232,11034792692,954.90
8233,223835743,2141.40
8234,13692000550,113.10
8235,405640405,1791.10
8236,1292693892915,19.10
8237,37109635625,403.60
8238,2634527788,1123.10
8239,1121319425,1502.60
8240,331511266,2095.90
8241,9462759868,587.60
8242,548946917,1371.50
8243,120405133278,226.90
8244,21265946096,433.60
8245,15503489958,291.90
8246,37922565304,358.80
8247,218926437,4286.00
8248,44545444024,481.50
8249,65596711065,477.50
8250,531084861,5000.00
8251,33817492156,614.80
8252,12654655127,124.60
8253,40856157142,522.10
8254,190338157,3376.00
8255,29152309952,134.70
8256,818317048,1503.40
8257,273457281,2053.80
8258,66098465129,399.40
8259,21278063431,570.10
8260,61052267706,335.70
8261,615827794,1701.20
8262,3729608006,970.10
8263,2452888652,1284.60
8264,531084861,5000.00
8265,97618310144,234.30
8266,227295250,3075.10
8267,58483168219,282.10
8268,299001502,3090.30
8269,62239463391,444.70
8270,27285248811,185.40
8271,3363411656,1023.90
8272,821106622,1559.70
8273,3794627723,1064.50
8274,122468148467,237.20
8275,120575709501,93.10
8276,531084861,5000.00
8277,115645009015,76.40
8278,23762709344,757.80
8279,10017622470,741.60
8280,91784592357,139.30
8281,531084861,5000.00
8282,13098542872,997.10
8283,726887544,1640.00
8284,73668041555,389.50
8285,1136482668100,47.70
8286,32937273626,186.00
8287,4158137903486,3.00
8288,21467250494,874.90
8289,328188286,1894.50
8290,531084861,5000.00
8291,23777569656,405.90
8292,345043844,1792.00
8293,2626933706,1286.30
8294,272213742,2436.80
8295,50453349394,421.20
8296,22809316328,839.10
8297,301331441,2127.90
8298,9835228734,884.20
8299,26788937473,522.40
8300,207831678,2219.10
8301,531084861,5000.00
8302,44360057710,495.30
8303,132289682,1863.00
8304,84609733584,202.50
8305,206004557,1969.00
8306,47696008533,408.00
8307,11493279142,854.10
8308,88878155349,139.10
8309,950353889,1540.90
8310,76766378828,365.90
8311,45857235618,94.60
8312,16651600205,921.50
8313,508666409,1579.00
8314,63399279426,256.30
8315,341443686,1909.10
8316,6939893909,965.30
8317,31074528684,146.80
8318,13368833530,390.30
8319,38223889532,307.30
8320,349354931,1816.20
8321,549247231,1612.60
8322,531084861,5000.00
8323,13751795529,731.60
8324,236907008,4634.00
8325,1801014750,1333.50
8326,20931293288,639.20
8327,69375249615,298.70
8328,32435121484,737.70
8329,531084861,5000.00
8330,3632950092,1222.10
8331,4134056062621,40.40
8332,35502195937,324.60
8333,14143382647,646.80
8334,37698725812,272.70
8335,27928466233,350.20
8336,52313842094,275.80
8337,98311961741,66.10
8338,39700111312,136.90
8339,2493315356,1271.50
8340,35722897755,207.90
8341,604176867,1313.50
8342,7103173787,1079.20
8343,17374881532,898.10
8344,215669101,2301.40
8345,105029266609,183.60
8346,16590907446,641.90
8347,52571802183,51.70
8348,30659967433,116.40
8349,332720328,2063.70
8350,107671523,2279.30
8351,21895479606,771.90
8352,45247054165,254.60
8353,73382464919,138.60
8354,48157216561,599.00
8355,12639020705,692.90
8356,27468984604,662.30
8357,38613858717,255.20
8358,45454962057,221.40
8359,263185379,2792.20
8360,26600930877,678.40
8361,1371912821,1499.40
8362,43441960487,139.70
8363,45316290579,187.20
8364,18251966339,836.10
8365,114851746509,228.50
8366,69936657720,123.70
8367,415315534,1805.30
8368,26903414577,649.20
8369,211249223,1689.30
8370,236263773,3423.80
8371,24173697263,118.40
8372,33774890892,719.10
8373,37535508546,390.00
8374,2489052301,1244.40
8375,21119307840,832.40
8376,12810572992,517.90
8377,34375864013,315.50
8378,5955079827,1097.00
8379,991915323,1297.70
8380,114302337,3679.80
8381,16593972319,568.50
8382,38120987436,484.40
8383,4337545089,1171.50
8384,22147046938,452.10
8385,97687328142,218.20
8386,26269286375,239.70
8387,1739903060253,11.80
8388,8592502515,791.40
8389,531084861,5000.00
8390,5753723970,1093.60
8391,667492604,1575.60
8392,273979103,2044.20
8393,283027059,2204.70
8394,11482585957,975.80
8395,1347019407,1404.30
8396,8472633766,800.00
8397,6178837778,1007.20
8398,96214436849,141.80
8399,15865695231,930.20
8400,187031492,4040.00
8401,1209416414666,42.80
8402,4153198265,1218.30
8403,179903491,2822.20
8404,243566014,1968.20
8405,29670329801,212.70
8406,202397503,2236.00
8407,11424690550,923.10
8408,36871280947,521.40
8409,6602122158,1082.90
8410,109721480527,215.00
8411,77181227064,304.10
8412,1025084678,1466.60
8413,233599608,1877.10
8414,6197922116,1068.30
8415,16089337428,590.80
8416,105050360495,72.10
8417,8259412091,1023.60
8418,44640697511,477.40
8419,38247998613,265.50
8420,1470797023,1360.20
8421,39781882232,239.10
8422,458034098893,31.20
8423,14444538282,896.40
8424,10556967555,864.10
8425,4733581831,1173.50
8426,22813842450,162.20
8427,17131622379,878.80
8428,18295307582,914.10
8429,59001800169,491.60
8430,622845077118,41.90
8431,19361391682,482.30
8432,278918653,2068.00
8433,282533423,1917.40
8434,114735107721,234.90
8435,282897753,3496.40
8436,6276147989,1072.10
8437,16055326918,547.00
8438,22559863151,829.40
8439,748199160,1471.60
8440,29124531652,337.40
8441,57204947024,347.80
8442,36611083487,330.90
8443,737608386,1575.70
8444,71486267146,276.90
8445,395326803,1694.30
8446,13504695676,710.90
8447,20944201887,632.10
8448,45448745067,149.60
8449,1397133881,1387.50
8450,28372101662,323.90
8451,33721175579,733.50
8452,4327621222454,14.20
8453,39991370502,333.60
8454,34900377285,53.00
8455,5271155680,1135.60
8456,19745612950,654.00
8457,99331112094,178.90
8458,241543335,4484.90
8459,20551617167,296.50
8460,243923145,3883.20
8461,1459173152,1360.40
8462,13342014903,904.30
8463,16022328151,889.40
8464,531084861,5000.00
8465,373984573,1789.80
8466,4710869109,1162.80
8467,169239989,2497.00
8468,1399597188,1447.90
8469,3616462576624,41.10
8470,21735052095,554.40
8471,8085385442,1037.20
8472,531084861,5000.00
8473,34035586807,329.50
8474,38292152917,634.20
8475,753601450,1527.10
8476,19168234801,868.40
8477,24579514687,805.80
8478,264834543,3191.40
8479,2061827063054,38.90
8480,39875668227,53.50
8481,31902138432,452.50
8482,2431039700,1351.60
8483,141494255426,58.00
8484,162455991,2824.30
8485,6968944681,959.80
8486,38247998613,265.50
8487,1966611800260,30.30
8488,396215876,1765.20
8489,362603203,1801.70
8490,16498964448,691.60
8491,251717814,2003.50
8492,39245594859,534.50
8493,94623502781,119.30
8494,68810387761,311.40
8495,23853448232,467.00
8496,38381970403,678.10
8497,99997320283,225.40
8498,18906945123,501.80
8499,47921167595,295.10
8500,15503489958,291.90
8501,1791896055,1331.60
8502,12815032691,48.10
8503,202096799,2637.30
8504,14521141013,712.50
8505,5650250854,1156.60
8506,9302476168,766.40
8507,130436988442,247.40
8508,1546203085,1414.40
8509,23824242773,727.00
8510,59062288497,384.00
8511,354668919,1909.40
8512,1721732333,1195.10
8513,224220666,2645.20
8514,215705132,2489.90
8515,56605406264,274.50
8516,45763098003,298.90
8517,34841449433,437.50
8518,119878320,3504.70
8519,1719591136,1418.70
8520,164266341574,82.10
8521,1278662405,1232.20
8522,942553887,1497.30
8523,1557454358,1381.30
8524,240970353,4787.70
8525,11310250081,811.90
8526,72813134918,338.00
8527,1908224321,1123.80
8528,1534054298,1226.30
8529,75438774548,124.10
8530,39781882232,239.10
8531,1877303592,1334.90
8532,2740001455,1289.40
8533,2820993683431,33.00
8534,23713033017,830.30
8535,22810617910,684.30
8536,18261524445,799.60
8537,300990901,3872.40
8538,1806646889,1264.20
8539,5609948465,1119.20
8540,100349552211,76.90
8541,19104285244,757.00
8542,187213533,2937.90
8543,101316845008,171.70
8544,67015339601,168.30
8545,68957628161,94.20
8546,17237300290,715.20
8547,191143151,2201.90
8548,531084861,5000.00
8549,64662211422,78.30
8550,167000323047,89.20
8551,151197932,3602.50
8552,44277097957,538.20
8553,570708484,1740.80
8554,285700878,3267.70
8555,37720304578,116.00
8556,1963467540,1119.50
8557,1290461995,1436.60
8558,22951305769,457.00
8559,230501598,2020.70
8560,20518791120,865.80
8561,26187655476,479.10
8562,195733128,4209.60
8563,64065397078,183.00
8564,22752178027,172.10
8565,34530544969,633.30
8566,419178417,1812.50
8567,62967776605,404.40
8568,22813842450,162.20
8569,401074218,1588.30
8570,28081270394,257.70
8571,135341802,1945.00
8572,4351445569,1181.30
8573,112410875073,199.60
8574,429398068,1821.70
8575,21627787485,765.40
8576,2578685947,1310.50
8577,16548351012,906.20
8578,1578865899971,47.60
8579,321187757,3320.40
8580,173117323,4865.40
8581,3264786628,1003.00
8582,195981614,2400.00
8583,15159133157,348.70
8584,825651582790,43.20
8585,106608089681,94.00
8586,5388236537,1138.10
8587,12394683282,813.00
8588,321882954,3943.80
8589,6451889978,860.70
8590,260411453,2613.30
8591,531084861,5000.00
8592,4499866246,1171.40
8593,30175478444,374.50
8594,6898193464,934.90
8595,22534333300,260.70
8596,421495364,1686.90
8597,588911677,1645.30
8598,63444248332,343.80
8599,1380087439769,47.30
8600,18711816873,493.30
8601,19846613372,663.70
8602,44174953888,331.00
8603,14904528821,662.00
8604,7554063386131,17.30
8605,28696242910,105.90
8606,76900994036,68.60
8607,675716906,1658.00
8608,2640466680,1172.90
8609,2514681633,1170.20
8610,1511393952,1268.40
8611,11793324822,648.40
8612,202655762,2261.70
8613,24970447059,790.00
8614,5208254535,1151.60
8615,481128713,1679.20
8616,3631423155,1016.70
8617,14114085995,643.90
8618,1368833024,1218.40
8619,531084861,5000.00
8620,304930179,1897.40
8621,9153176617,651.80
8622,5250918304,1118.70
8623,966502344,1552.50
8624,99281011990,54.00
8625,25453547762,428.00
8626,308467202,1909.90
8627,117749704482,52.00
8628,8229839687,1032.10
8629,58015942798,351.30
8630,226614173,3056.50
8631,202857223,2076.90
8632,21697332451,776.60
8633,25678487544,557.10
8634,92643350595,139.60
8635,99301416130,84.20
8636,1031807417,1442.90
8637,278835835,1858.90
8638,15627256873,400.60
8639,9018551222,692.10
8640,1005233016,1533.80
8641,24042153171,231.90
8642,205386322,2724.90
8643,63000645111,361.60
8644,3922986598754,31.10
8645,35031255187,408.80
8646,5727691690,1054.10
8647,228225417,2327.60
8648,69816546949,132.20
8649,71279652446,93.90
8650,218944709,2798.40
8651,337995972,1937.70
8652,44351903115,596.30
8653,20127976297,819.50
8654,57921483259,515.00
8655,105081408122,205.50
8656,40262643644,258.70
8657,44918482737,507.50
8658,222992992,4752.50
8659,87565772460,310.20
8660,55639391718,208.70
8661,51600676341,533.90
8662,109914076626,95.20
8663,236050391,2337.10
8664,70995372884,155.50
8665,43931130178,278.00
8666,62802409866,350.50
8667,87002985824,216.00
8668,11393165383,779.90
8669,215019435,2417.40
8670,15503489958,291.90
8671,531084861,5000.00
8672,28006147313,321.60
8673,265861341,2234.80
8674,290648401,2327.40
8675,52879672403,211.50
8676,38199579907,500.30
8677,182907429,2474.50
8678,296113674,1830.40
8679,23263266505,798.80
8680,21984346352,442.20
8681,15378462032,700.10
8682,31656912868,221.60
8683,29743521126,593.20
8684,40243312689,637.50
8685,8164815078,940.80
8686,19522252317,632.50
8687,208900111,2374.50
8688,1206072266,1483.60
8689,24809717543,540.50
8690,531084861,5000.00
8691,81407726418,331.10
8692,2450237214,1072.00
8693,31948055824,562.40
8694,12815032691,48.10
8695,124579133809,224.60
8696,57709447751,90.70
8697,26857951047,402.90
8698,370970334,1853.50
8699,431408821,1826.70
8700,46808673325,424.10
8701,12341206668,785.20
8702,46354690823,548.30
8703,56578880963,244.70
8704,35878836484,195.60
8705,291945756,3826.50
8706,40747366356,355.30
8707,2095831914007,34.80
8708,25134991580,785.70
8709,193213841,1727.50
8710,69502556304,409.50
8711,2525885170,1130.10
8712,1389840180,1467.00
8713,29144690387,770.00
8714,26068066362,241.00
8715,222705065,2512.80
8716,45596629904,199.50
8717,2525885170,1130.10
8718,1954364775,1303.70
8719,93808524679,142.40
8720,531084861,5000.00
8721,93648070089,156.60
8722,281125514,2007.90
8723,2235609646360,37.40
8724,6992327227,816.80
8725,13543906940,538.10
8726,58481154818,226.20
8727,288506001,2270.50
8728,1440910738,1469.20
8729,32006310489,719.40
8730,34332846280,189.80
8731,531084861,5000.00
8732,531084861,5000.00
8733,1393443941,1417.80
8734,32937273626,186.00
8735,24228772479,673.20
8736,39288042577,179.20
8737,3910653012,1248.40
8738,36738984100,85.00
8739,11516397301,645.40
8740,26471678721,570.20
8741,280113261,3533.30
8742,53475577681,204.00
8743,33183335521,447.20
8744,272200133,2283.40
8745,39863101203,243.40
8746,28699172304,384.10
8747,531084861,5000.00
8748,531084861,5000.00
8749,37217928397,633.40
8750,74117072417,65.80
8751,269023381,3184.00
8752,285992153,1808.20
8753,11385954947,965.50
8754,216787645,3325.40
8755,499222358,1713.70
8756,164587972,2918.90
8757,14874012683,728.50
8758,22625147057,748.00
8759,108101770846,191.30
8760,2581174162,1289.20
8761,25430291608,311.20
8762,4511580162,1115.50
8763,101410263726,90.60
8764,3478853940383,10.60
8765,956888734,1492.70
8766,78959699667,152.40
8767,773317788,1637.00
8768,3512965292,1076.00
8769,60967300911,218.00
8770,548862020,1736.90
8771,31114688105,455.90
8772,189347575,4037.80
8773,284862949,2112.10
8774,86343248377,289.20
8775,966570126,1227.40
8776,28679369199,464.40
8777,272650380,1827.10
8778,35740470837,126.10
8779,30421953034,128.90
8780,1368833024,1218.40
8781,25874677387,720.50
8782,24974712908,778.40
8783,52879672403,211.50
8784,49380867123,478.60
8785,44506590892,606.10
8786,164546244030,66.00
8787,9871628919,983.40
8788,21221279903,815.70
8789,18130924153,712.80
8790,52953469426,518.00
8791,192417131,3944.60
8792,18215517959,598.30
8793,18799210408,323.10
8794,33792020661,197.40
8795,1174327130,1524.30
8796,1179725071,1404.80
8797,324232327,1796.10
8798,2903184667,1271.30
8799,2154275967,1160.70
8800,289177481,3250.50
8801,237004799,3159.20
8802,28183810600,698.30
8803,22297612414,559.30
8804,37489664824,227.40
8805,38527694640,309.90
8806,64275396641,55.10
8807,2191716578562,46.90
8808,324666596,3856.80
8809,12691060719,647.40
8810,13842232779,779.10
8811,135061050500,65.10
8812,188568302,2379.20
8813,60838369905,335.80
8814,72672194118,112.30
8815,215381940,3788.70
8816,67024848088,50.10
8817,23024709779,395.10
8818,531084861,5000.00
8819,266651941,1990.40
8820,275232884,2067.80
8821,42385189597,528.60
8822,276628987,3765.90
8823,1994613088,1370.90
8824,110400595886,244.30
8825,2306998462,1281.20
8826,220590224,2823.40
8827,263872982,2539.50
8828,202959373,2207.00
8829,4497959517172,15.80
8830,31350234835,740.80
8831,186454854,4238.40
8832,19910080962,636.10
8833,35031255187,408.80
8834,186675223,1809.20
8835,19572616833,670.30
8836,16829845548,686.40
8837,34284106560,723.70
8838,590842184,1661.20
8839,22534333300,260.70
8840,258588465,2081.90
8841,173312493,2914.30
8842,39170024595,242.70
8843,10440776833,994.80
8844,182390487,4735.50
8845,24173697263,118.40
8846,1292693892915,19.10
8847,1468670783,1368.10
8848,52556116363,220.70
8849,55434364442,198.40
8850,74117072417,65.80
8851,29883270657,391.00
8852,51569191653,443.30
8853,3471647464,951.60
8854,1961981229401,8.50
8855,37275446608,290.50
8856,2558556240,1323.40
8857,6287352340,1017.10
8858,90224898070,311.70
8859,29124531652,337.40
8860,254394123,2622.70
8861,30162588776,156.70
8862,826159224,1627.90
8863,62525849820,460.60
8864,193113035,3919.60
8865,34865865764,190.90
8866,6154405993,1116.20
8867,60210720228,113.40
8868,226311689,2848.90
8869,14201645259,788.30
8870,355507893,1824.20
8871,40439077162,503.50
8872,28462900037,767.50
8873,5840395504,1105.60
8874,531084861,5000.00
8875,222111623,1999.20
8876,30310384976,694.20
8877,56956707490,56.70
8878,7313820496,1019.40
8879,1906562664224,18.00
8880,20031857611,740.50
8881,181622547,2499.80
8882,3397688221233,28.20
8883,14746009387,762.70
8884,70121622722,166.40
8885,22493913440,809.80
8886,17941099671,707.60
8887,264505418,2396.00
8888,1015169861,1342.00
8889,163518253,2865.30
8890,52571802183,51.70
8891,1421127922,1451.70
8892,34877921737,269.10
8893,979477738,1490.00
8894,16051408806,916.60
8895,101007634947,162.50
8896,30848297459,304.30
8897,223070323,3233.90
8898,17525292952,702.70
8899,79114415981,161.70
8900,63314703616,449.30
8901,23212593521,825.80
8902,1843349918354,42.30
8903,23162836585,828.50
8904,62044535101,432.10
8905,108901158292,193.60
8906,33202962484,58.80
8907,531084861,5000.00
8908,1564090373,1253.50
8909,66014113937,126.60
8910,45070838767,588.90
8911,188986895,2175.30
8912,62366808113,498.80
8913,15528363031,813.60
8914,283303388,1909.70
8915,12237822792,940.90
8916,69763707958,406.10
8917,24631386045,155.10
8918,2612453437,1335.40
8919,51993554882,395.60
8920,43931130178,278.00
8921,1536733970,1379.30
8922,88390493072,284.80
8923,46792456431,73.50
8924,54372514599,244.00
8925,15330206744,659.30
8926,26094895786,577.00
8927,482332302,1766.10
8928,375921872,1707.30
8929,40852218718,337.60
8930,10610821348,781.70
8931,8164815078,940.80
8932,11851177642,967.50
8933,37670608028,657.50
8934,11378476157,742.10
8935,2769974685,1261.10
8936,52479633086,407.60
8937,43566470631,111.30
8938,222821417,2850.90
8939,5170569736,1126.40
8940,4624207621,1179.70
8941,862479823,1587.80
8942,207537281,2527.80
8943,189657751,3256.80
8944,171443869,2369.30
8945,1065975739,1310.30
8946,6497919879611,14.50
8947,146575970,1884.50
8948,1148426061,1521.10
8949,531084861,5000.00
8950,156416001454,91.70
8951,3560965764,1201.10
8952,35878836484,195.60
8953,216329024,2197.10
8954,290600348,3148.20
8955,15978516783,312.10
8956,80817033923,52.20
8957,48281856475,401.10
8958,6536620115128,13.10
8959,1531405045,1275.30
8960,1877594273,1254.50
8961,87190166429,237.10
8962,249633281,2411.70
8963,34738598508,205.40
8964,32460821231,388.80
8965,3631423155,1016.70
8966,161783719391,82.40
8967,61213405381,385.40
8968,19537971042,369.70
8969,470529659,1704.10
8970,1880318234397,15.70
8971,54297964835,512.00
8972,2820886038,1205.40
8973,72024488518,124.80
8974,643548333,1566.30
8975,345933156,1941.30
8976,159738090369,71.40
8977,531084861,5000.00
8978,21698172652,763.40
8979,40022203449,207.70
8980,29923224381,329.20
8981,278996565,2413.80
8982,247519297,2107.40
8983,119878320,3504.70
8984,13356878838,951.30
8985,349077286,1538.50
8986,73058308269,62.10
8987,13206713727,644.40
8988,158033844,4474.90
8989,195073631,2237.90
8990,62690608914,324.00
8991,968592299,1497.50
8992,13513781856,362.40
8993,27709537312,530.90
8994,1257330904,1405.70
8995,54489427752,81.20
8996,23298387921,383.30
8997,266621365,2801.80
8998,32676201309,233.30
8999,1399171648,1264.70
9000,46940455140,178.20
9001,108559865779,289.30
9002,232006470,2749.40
9003,225882571,4150.70
9004,169457171,2625.10
9005,264825261,3251.40
9006,531084861,5000.00
9007,213989446,3564.00
9008,7056566702826,15.60
9009,33975473264,251.30
9010,58647059975,98.50
9011,703635525,1601.60
9012,45172089064,607.50
9013,26783926530,497.90
9014,18453324569,513.90
9015,513424982,1740.20
9016,2265678778,1328.00
9017,99849630303,62.50
9018,12124535422,548.10
9019,34756452110,664.30
9020,17214331838,450.10
9021,1985809134,1142.60
9022,120310346,2080.10
9023,56817771521,392.70
9024,1064409344701,19.30
9025,19870834327,809.90
9026,15267500398,936.10
9027,979197038,1498.60
9028,61415604345,238.00
9029,22402670529,255.00
9030,53162683021,565.80
9031,250194703,3580.20
9032,1361809110,1377.90
9033,63870443441,377.20
9034,531084861,5000.00
9035,531084861,5000.00
9036,131666005036,92.10
9037,531084861,5000.00
9038,11978289740,579.80
9039,1798264290,1177.30
9040,6939594535,872.70
9041,269031150,3136.50
9042,138667241,2047.60
9043,19869080072,865.00
9044,3455277466,1272.80
9045,76916173417,202.60
9046,264808292,3942.30
9047,65185398554,331.50
9048,37535508546,390.00
9049,46255808903,179.50
9050,531084861,5000.00
9051,38641989715,55.60
9052,27037914233,668.00
9053,2042342459,1396.30
9054,4033481697,928.50
9055,30727056509,326.20
9056,68499444500,369.40
9057,41986147007,290.70
9058,42040056888,292.50
9059,34272644376,189.50
9060,5463862759,816.30
9061,174852324,4741.40
9062,42109490346,212.00
9063,27709537312,530.90
9064,43618210223,538.70
9065,111342807860,81.90
9066,67668394783,460.80
9067,14363588030,843.10
9068,1021906107,1513.30
9069,85910926060,154.90
9070,148431906,2060.50
9071,519279177,1688.40
9072,1932143067,1353.90
9073,207327913,2698.60
9074,37071038505,321.90
9075,4491989605,978.10
9076,67757824696,396.30
9077,531084861,5000.00
9078,46200876440,456.90
9079,150107399,2009.20
9080,96283153249,128.60
9081,1385463890,1374.60
9082,71416914896,87.30
9083,210540286,3228.80
9084,1005479094806,19.40
9085,116261015073,211.30
9086,9018551222,692.10
9087,56158007053,216.30
9088,253727247,4055.70
9089,11669088807,793.90
9090,35072277438,669.20
9091,31266266559,234.50
9092,18436068284,122.80
9093,52575368949,251.90
9094,87394736165,116.70
9095,41896372946,494.40
9096,6360430841,794.90
9097,50996794756,300.40
9098,42109490346,212.00
9099,2201449046002,47.90
9100,826425989,1331.50
9101,227633333,4563.30
9102,212988883,2546.50
9103,102079915037,275.20
9104,315026985,1615.80
9105,325351669,3653.20
9106,29870095994,710.10
9107,17662536856,894.20
9108,1031016887,1558.60
9109,531084861,5000.00
9110,15024162957,645.70
9111,700814762049,44.80
9112,59993282915,495.50
9113,753787666,1532.40
9114,120093874451,59.20
9115,19418997839,823.60
9116,346165108,1835.30
9117,1829582745518,43.60
9118,40296401669,535.10
9119,2385268046,1356.70
9120,6734910733,1001.20
9121,33105171956,307.50
9122,5581027260,1138.30
9123,43626590188,496.00
9124,252889764,2088.50
9125,65753387862,426.40
9126,3471647464,951.60
9127,49997564704,248.50
9128,1554830738,1346.00
9129,54842044594,558.10
9130,1405023412,1464.90
9131,22570815537,482.50
9132,10348684841,747.80
9133,63709906473,303.60
9134,509642162740,26.00
9135,76277486913,92.80
9136,260677412,2285.00
9137,68874500158,67.50
9138,5987419599,1067.60
9139,531084861,5000.00
9140,57109354143,435.80
9141,281503260,3822.30
9142,8348917144,841.40
9143,3719571124,1257.80
9144,30509732545,479.70
9145,3962426718,1233.30
9146,59458994291,241.10
9147,197415910,2800.20
9148,57088960372,382.40
9149,2244156671,1261.70
9150,44733804371,145.60
9151,6596074589655,12.20
9152,479704198,1737.00
9153,125075717408,228.10
9154,25394731510,496.50
9155,3008292325,1040.10
9156,2758219191,1221.50
9157,5457106083,1103.90
9158,2163559273,1374.80
9159,1156020228,1464.50
9160,16989907795,834.50
9161,41208241569,353.60
9162,3014422906,1306.40
9163,70913890748,370.30
9164,254445109,2209.80
9165,45560290566,581.60
9166,3381841969,1186.80
9167,216609697,4279.80
9168,40852218718,337.60
9169,247327929,2822.90
9170,70538142051,426.10
9171,6992327227,816.80
9172,277332767,3627.00
9173,46992364205,274.90
9174,32181973789,105.00
9175,168476033,4822.10
9176,65930174409,120.40
9177,26325850970,398.90
9178,2712904355,1001.50
9179,8314994082,994.60
9180,1598138039,1425.30
9181,13951199375,622.40
9182,1526939690,1191.40
9183,1351326132,1464.80
9184,1674011186,1444.90
9185,258978482,2092.60
9186,507354901,1513.00
9187,23343823164,163.70
9188,7852522618,850.20
9189,88623531918,158.00
9190,35887446638,416.40
9191,1941068563,1344.00
9192,46992364205,274.90
9193,3934296757,1243.90
9194,91983776992,195.20
9195,276710710,2402.90
9196,240544980,2235.60
9197,76900994036,68.60
9198,18332202878,905.70
9199,42988093560,278.90
9200,146526109,1849.10
9201,269960663,2318.30
9202,75266735954,176.20
9203,50504972529,392.40
9204,64644956599,387.00
9205,4653092002492,42.70
9206,38444976203,247.10
9207,268815984,4033.60
9208,531084861,5000.00
9209,232082507,2210.00
9210,225125092,3637.30
9211,531084861,5000.00
9212,15616711306,656.80
9213,86334656888,335.50
9214,13231314551,936.70
9215,572701641,1732.00
9216,224749337,2649.90
9217,648827859,1596.10
9218,531084861,5000.00
9219,21265946096,433.60
9220,425786975,1812.00
9221,220983354,3206.20
9222,39183947370,501.20
9223,38758542922,496.70
9224,62610054763,176.80
9225,1122245565,1533.60
9226,68441625206,169.90
9227,303476005,1822.40
9228,24605619073,403.30
9229,2828794767,1268.00
9230,32971460812,110.30
9231,73898645782,184.40
9232,31124565632,601.40
9233,22147046938,452.10
9234,797967576,1629.50
9235,67462333648,325.80
9236,52687800692,60.60
9237,16930129913,546.00
9238,131186967,2262.30
9239,261021499,2898.10
9240,27571790689,655.00
9241,531084861,5000.00
9242,17958734636,621.50
9243,63579557248,94.80
9244,102971185461,192.10
9245,16055326918,547.00
9246,15941252372,854.00
9247,45269739326,482.60
9248,531084861,5000.00
9249,531084861,5000.00
9250,297002389,2245.10
9251,261441928,1914.80
9252,29379111095,135.90
9253,39995424758,240.40
9254,8082862961,1073.20
9255,4334113845,1196.40
9256,32397212240,636.80
9257,6383470036,1116.80
9258,43520390839,540.90
9259,612677255,1714.40
9260,212642495,2382.80
9261,43023365784,208.90
9262,58702709856,266.20
9263,6798215438,1106.30
9264,33823689816,559.10
9265,1299403841741,22.10
9266,28542454658,747.70
9267,153947611747,78.50
9268,531084861,5000.00
9269,2578298829,1278.20
9270,12634658266,648.80
9271,87485328653,229.00
9272,399688401,1747.70
9273,265914428,4551.10
9274,404846968,1643.80
9275,15106324531,609.10
9276,255088975,3230.80
9277,404299472,1785.80
9278,125217130142,229.70
9279,80276065600,366.40
9280,243527958,2645.00
9281,30701541648,753.40
9282,26763774643,692.70
9283,139736799791,61.90
9284,19894228649,305.70
9285,531084861,5000.00
9286,35878836484,195.60
9287,17142216178,563.40
9288,40809100693,511.20
9289,487826578,1732.50
9290,541106374,1736.30
9291,13333942293,941.20
9292,21147067904,798.70
9293,201037976,2271.00
9294,47672512266,370.00
9295,274498677,2204.50
9296,836403281746,22.60
9297,32676201309,233.30
9298,34029935204,541.50
9299,241556252,4903.10
9300,98666600489,253.10
9301,58481154818,226.20
9302,308120139,2160.10
9303,1157058972,1510.00
9304,829296464377,36.20
9305,42228184374,133.70
9306,38993050180,253.90
9307,31324494141,441.20
9308,293363608,3221.60
9309,18932686964,588.60
9310,50162585493,67.30
9311,77847260005,172.40
9312,1674575410,1419.30
9313,310796303,3165.30
9314,209990377,2089.80
9315,297619685947,27.30
9316,60967300911,218.00
9317,195147811,4846.80
9318,638316528413,30.00
9319,84919853914,136.60
9320,33078256527,463.60
9321,1988546990,1394.10
9322,266233683,2906.70
9323,39763424011,77.60
9324,40944020839,152.30
9325,334362724,1816.30
9326,23559633278,789.40
9327,290560857,3449.90
9328,43143391061,421.80
9329,15209490397,845.40
9330,83815513180,342.20
9331,1186625995411,44.40
9332,508666409,1579.00
9333,39995424758,240.40
9334,1653360691,1398.10
9335,33078256527,463.60
9336,64453333049,442.30
9337,665301550,1494.30
9338,492727634,1684.90
9339,100430654418,262.60
9340,6528013338,1080.70
9341,4131342730,1140.80
9342,224995441,2515.40
9343,24260978707,728.10
9344,448006920040,13.50
9345,707876770,1438.60
9346,70010853065,344.60
9347,1854852567156,5.10
9348,93096864672,286.70
9349,48178714159,462.00
9350,260510182,2332.40
9351,24631386045,155.10
9352,43159490046,61.70
9353,63897002467,423.90
9354,7326951727,1009.10
9355,70601668935,338.60
9356,24149231099,751.70
9357,4310938238352,3.60
9358,837007757,1595.20
9359,85893385749,140.10
9360,25007915987,508.60
9361,106482454613,194.10
9362,48392146761,598.80
9363,12961535010,968.00
9364,271708613,4575.10
9365,52683571262,84.80
9366,20676815492,797.80
9367,8230186148,1043.60
9368,13656027126,924.40
9369,28561800064,343.30
9370,531084861,5000.00
9371,83541594275,168.80
9372,25539715382,416.00
9373,90135737142,110.80
9374,69456558095,122.30
9375,37269708205,583.30
9376,45857235618,94.60
9377,64292706887,448.50
9378,282281349,2330.50
9379,231116549,4100.30
9380,81235434858,100.10
9381,10399084412,739.60
9382,25453547762,428.00
9383,26082331858,787.60
9384,19510179874,474.70
9385,282002389,2033.90
9386,184863243,1876.20
9387,30175478444,374.50
9388,3314396039080,35.90
9389,75675456411,364.30
9390,531084861,5000.00
9391,278471811,2023.30
9392,161029059,2520.30
9393,5886484734,1071.10
9394,112811555511,196.30
9395,196332671,1980.40
9396,23050791609,823.00
9397,204994896,2535.50
9398,26721410892,329.30
9399,37181377373,526.80
9400,703733103,1593.00
9401,1539772565,1384.80
9402,102616599308,234.70
9403,8526639104,703.00
9404,202296786,2621.30
9405,39965368371,516.40
9406,21073115165,652.30
9407,531084861,5000.00
9408,26068066362,241.00
9409,1829582745518,43.60
9410,5018749670,1147.50
9411,280827658,2223.20
9412,39161632652,660.40
9413,267352465,2077.70
9414,244042612,2980.10
9415,8773763671,994.00
9416,219955586,2579.90
9417,3844035470,1198.60
9418,197314510,3218.70
9419,168959689,2680.10
9420,87614580621,197.80
9421,118054857669,274.60
9422,3729608006,970.10
9423,306549981,1607.90
9424,39947523800,545.50
9425,174985298,2563.90
9426,2607725162,1283.50
9427,2843462444,1295.90
9428,20321359663,851.60
9429,146745421045,86.90
9430,3413715377,1195.00
9431,3124153382,1014.30
9432,81701730525,338.20
9433,84712988836,297.50
9434,35885536727,380.50
9435,37320428500,492.90
9436,1383772601,1419.50
9437,25012765314,429.30
9438,505285454,1735.90
9439,11109313610,808.90
9440,48964643772,417.00
9441,6274423001,1127.50
9442,1528723671895,27.00
9443,39683474814,221.70
9444,174847873,4211.30
9445,288022801,1927.50
9446,1169386144,1539.10
9447,531084861,5000.00
9448,304157671,1892.60
9449,531084861,5000.00
9450,531084861,5000.00
9451,50451881577,308.80
9452,67413018530,432.80
9453,28756753748,484.80
9454,6992614372,1082.50
9455,26373815981,484.60
9456,1580045415,1294.10
9457,1320324587,1474.30
9458,2391326748636,20.40
9459,187031411,4774.80
9460,27997153528,213.80
9461,21517294574,420.90
9462,16932004456,897.80
9463,37904122341,620.50
9464,18061754105,878.30
9465,38224915911,606.90
9466,40457326392,249.20
9467,28756753748,484.80
9468,16225530326,699.10
9469,47349946019,433.80
9470,23298387921,383.30
9471,67900135247,347.50
9472,38527694640,309.90
9473,64255979054,87.60
9474,701428916,1649.40
9475,55819746685,370.10
9476,243929000,3703.00
9477,20152366809,876.10
9478,111592538,2134.70
9479,31735316835,680.00
9480,509642162740,26.00
9481,22193745414,48.40
9482,17525292952,702.70
9483,210514587,3970.40
9484,1363302413,1499.90
9485,6451889978,860.70
9486,139314964070,73.70
9487,58137410097,251.00
9488,1442403273,1488.40
9489,15063520814,859.50
9490,739342289708,6.20
9491,271554300,2647.00
9492,48137832149,564.80
9493,18703519586,348.90
9494,291253848,3787.90
9495,206745527,4130.80
9496,77202052378,374.40
9497,1731672506,1217.10
9498,34355714473,568.10
9499,268880926,2155.70
9500,23097147616,686.30
9501,1581355293,1390.60
9502,321878123,3991.20
9503,5883466907,1084.00
9504,240346072,2011.50
9505,531084861,5000.00
9506,5240869050,1094.70
9507,197421539,2434.80
9508,111503641527,251.70
9509,8541502069,1009.80
9510,601976316,1638.30
9511,26112389959,189.00
9512,1302048332,1410.20
9513,84957357515,315.80
9514,22181203332,636.50
9515,166711502,2458.20
9516,10841952118,808.40
9517,77023798226,388.90
9518,77369770366,383.10
9519,21150082731,637.00
9520,765204551,1431.60
9521,153057114125,57.30
9522,69979217447,134.60
9523,46650401272,196.10
9524,329572587,2111.00
9525,3088557046648,38.80
9526,44142205488,100.80
9527,45701243275,546.60
9528,66027246808,153.20
9529,46977298154,96.30
9530,40407703936,639.50
9531,118787070629,222.50
9532,49424706040,425.80
9533,22350642509,822.90
9534,7155440595,900.60
9535,61309396691,455.10
9536,271563101,2304.00
9537,7182792652,880.20
9538,38932309114,152.10
9539,43338289028,491.80
9540,46288936979,193.00
9541,5964477187,933.20
9542,391093271,1878.90
9543,298937248,3242.70
9544,27213353797,236.60
9545,6236413397,1047.70
9546,531084861,5000.00
9547,2056797421,1374.10
9548,310373268,2139.80
9549,40657157638,209.30
9550,4860585959,989.00
9551,42698198324,216.80
9552,311519596,1924.10
9553,6192252266,931.30
9554,72662923217,340.60
9555,113041905148,259.00
9556,314202186,1688.90
9557,1357298399,1461.20
9558,257973202,3029.30
9559,69243461377,138.30
9560,15553063188,163.40
9561,1109123737,1546.00
9562,531084861,5000.00
9563,14330685392,887.80
9564,531084861,5000.00
9565,722192423,1630.90
9566,98363697614,94.30
9567,42915227746,416.70
9568,56582063947,376.50
9569,6017079699,1024.80
9570,2013025410567,9.10
9571,21082937969,723.60
9572,27244383335,220.30
9573,32417074411,608.50
9574,6094172936,1079.40
9575,106654545698,248.00
9576,29933864217,248.30
9577,2360618240,1362.90
9578,15553063188,163.40
9579,375247352,1818.10
9580,18398768971,550.10
9581,17061506857,933.10
9582,8212732228,794.30
9583,159706800200,50.70
9584,59414983449,409.40
9585,2832450196,1304.70
9586,1018271450,1554.00
9587,11876758254,983.60
9588,2190927199,1330.30
9589,252112992,1773.60
9590,4850262819461,14.70
9591,42410438798,117.60
9592,499976820,1714.90
9593,48624574227,358.70
9594,165574124,4552.70
9595,224726825,4610.00
9596,25089427952,654.10
9597,1203358500605,41.30
9598,78076888852,71.00
9599,291279386,3212.80
9600,53758333659,513.30
9601,111195877347,99.00
9602,1427985825,1375.70
9603,684333822,1550.20
9604,531084861,5000.00
9605,85937323625,214.20
9606,41686059157,584.00
9607,278617098,1967.00
9608,1811427283,1426.60
9609,56441161110,324.40
9610,24294393282,761.40
9611,597156068,1591.80
9612,4804989571,1069.80
9613,74028926327,310.00
9614,2542540884,1237.70
9615,113806328142,234.20
9616,4255494501,1209.20
9617,237495536,4192.50
9618,2210084561,1377.20
9619,225317404,2026.40
9620,23852781685,283.90
9621,94728851097,150.00
9622,312128868,3691.20
9623,24042153171,231.90
9624,1299403841741,22.10
9625,18540731340,655.30
9626,531084861,5000.00
9627,7330241726,638.30
9628,46976973051,275.60
9629,234181973,3780.60
9630,43159490046,61.70
9631,1758279680480,42.00
9632,52242905590,475.10
9633,29951347306,613.80
9634,3301810742,1008.00
9635,667771157,1594.20
9636,40413357599,80.80
9637,57282813683,405.50
9638,46489379645,543.70
9639,30103610259,143.80
9640,39875668227,53.50
9641,531084861,5000.00
9642,682889083,1548.90
9643,1116291786,1342.60
9644,305421103,1855.50
9645,531084861,5000.00
9646,47100364307,275.00
9647,78615777530,244.50
9648,42960774061,256.70
9649,25263515055,458.50
9650,41555747862,237.80
9651,16203200087,864.80
9652,64363717512,174.60
9653,3943457752,1245.90
9654,21413648997,450.40
9655,17544596288,796.70
9656,38775350404,671.30
9657,1174653402,1504.30
9658,41611010394,486.80
9659,70010577618,83.00
9660,245026328,4236.60
9661,55800073427,286.20
9662,203850256,4916.50
9663,1344867235,1450.60
9664,27695220096,783.20
9665,117511806014,215.50
9666,16448710037,502.60
9667,15596050565,941.70
9668,275311882,2631.70
9669,48269876935,453.30
9670,1260998470,1457.10
9671,159344585997,97.00
9672,2055238211,1383.90
9673,387254154,1736.70
9674,37702557751,484.50
9675,13669246798,454.90
9676,154204270757,69.00
9677,50235240751,87.10
9678,19690481869,537.10
9679,230179984,1573.50
9680,797009728,1289.30
9681,6463734124,1109.30
9682,26710907838,666.50
9683,38092799804,267.40
9684,15082295138,620.10
9685,317776330,2080.00
9686,2307517530219,3.20
9687,1006153744,1485.60
9688,76807284614,228.60
9689,27491558701,508.40
9690,531084861,5000.00
9691,61896581719,216.10
9692,1811376639,1361.30
9693,41298719222,502.70
9694,41403039047,498.50
9695,700786773,1539.40
9696,138362215,2110.60
9697,291783488,2018.60
9698,531084861,5000.00
9699,15131903880,462.70
9700,256456511,3306.80
9701,67718700461,109.30
9702,29198816135,113.50
9703,2359973372,1288.90
9704,2405200354,1354.70
9705,283625766,2171.10
9706,40410151218,638.60
9707,2929935974,1294.40
9708,84166247912,264.20
9709,2420765787,1086.90
9710,10139700980,976.40
9711,38274806580,587.70
9712,61220015580,381.10
9713,1421367334,1488.30
9714,2159931720,1322.50
9715,4548283178,1085.20
9716,2147783161,1273.00
9717,51630194952,423.50
9718,1019820810,1292.70
9719,21000999678,820.40
9720,3559902004584,27.40
9721,170849572,1842.40
9722,1264352142,1479.50
9723,29402059189,747.40
9724,191098061,3065.20
9725,3141079523,1255.60
9726,318410531,3350.30
9727,3330364763,1120.30
9728,198414809,2652.90
9729,257375535,2709.20
9730,125918739092,53.10
9731,46460102385,246.80
9732,7913664011,897.30
9733,157620306542,98.00
9734,74138660209,132.60
9735,171485725,2980.60
9736,18438070595,111.60
9737,17595121584,783.00
9738,3394196279,1211.90
9739,1130045859,1542.30
9740,27013073302,433.50
9741,3126453509439,18.60
9742,22402670529,255.00
9743,346460479,1911.90
9744,163288776,2474.30
9745,55615197286,115.00
9746,3301810742,1008.00
9747,91700591936,204.80
9748,603796074,1597.10
9749,80426323200,168.60
9750,8082547056,1029.10
9751,214625925,2874.20
9752,41208241569,353.60
9753,60347535068,415.40
9754,91032921695,123.50
9755,21907271404,764.20
9756,5174033245,1158.90
9757,25678487544,557.10
9758,26071143017,802.50
9759,217499298,3226.70
9760,4439378157,996.90
9761,59287480811,336.80
9762,288575518,2253.40
9763,278600389,1863.10
9764,212497899,2308.90
9765,233739701,2681.00
9766,24311397595,395.30
9767,612163914,1405.40
9768,10678853047,995.40
9769,30709368013,608.00
9770,10761463938,981.80
9771,63822605995,123.30
9772,45973788009,430.40
9773,270406938,3212.70
9774,97293036269,146.50
9775,8316974153,858.10
9776,471296629,1692.70
9777,24396729348,766.10
9778,25608170017,135.60
9779,17138836124,400.10
9780,174954278,2533.30
9781,321186646,3886.60
9782,9641300399,821.50
9783,1223546009,1530.20
9784,36749896667,372.20
9785,10841952118,808.40
9786,33560815491,420.10
9787,36340587575,85.10
9788,12512819048,362.60
9789,19989347357,679.80
9790,6575776866,981.90
9791,8538520318,1035.50
9792,21087603056,604.70
9793,15107535575,872.90
9794,215922760,2830.40
9795,36738984100,85.00
9796,15480072549,856.20
9797,179725303,2461.70
9798,531084861,5000.00
9799,38591939293,625.50
9800,12512819048,362.60
9801,56693898910,520.70
9802,2183608820,1178.60
9803,28633845158,263.70
9804,363683999,1906.00
9805,93141298,2162.30
9806,28217965548,637.80
9807,6213215622,1049.40
9808,5842853219,1038.30
9809,26310849231,205.00
9810,43047567592,449.50
9811,28006147313,321.60
9812,275974121,2045.10
9813,8592502515,791.40
9814,307957223,3801.90
9815,20063293863,631.40
9816,102455393487,235.60
9817,689473283,1677.60
9818,2155934755,1334.80
9819,26436442966,746.30
9820,19071807295,771.80
9821,25303276007,683.40
9822,49756966919,270.80
9823,29883270657,391.00
9824,64642967468,157.00
9825,829359914,1569.50
9826,30120281484,403.10
9827,35331716807,660.20
9828,2156983073,1290.40
9829,35661419251,709.70
9830,17138836124,400.10
9831,1308973069,1472.10
9832,29884721372,321.10
9833,9772591596,1018.40
9834,24651249368,762.80
9835,35132056935,334.40
9836,14904528821,662.00
9837,46680741486,568.60
9838,24903455550,831.30
9839,174935137,2384.90
9840,531084861,5000.00
9841,59410010389,260.60
9842,19997002333,501.00
9843,192253272,4970.00
9844,531084861,5000.00
9845,162096899,4159.70
9846,284301597,3451.00
9847,183417316,2523.70
9848,105659501962,280.90
9849,47877447127,555.90
9850,12757155460,807.70
9851,47267309175,506.20
9852,343012068,1825.10
9853,983544618,1483.40
9854,17139077239,376.20
9855,267798005,2465.20
9856,79758027012,315.40
9857,45743464516,607.90
9858,29923224381,329.20
9859,88274602552,117.90
9860,296837255,3271.10
9861,689054593,1653.10
9862,11480329113,688.60
9863,162675644,4956.30
9864,20279023770,846.50
9865,25708984192,450.90
9866,15078551903,828.80
9867,28323316822,452.60
9868,55729260756,77.90
9869,57193394581,313.40
9870,64329852305,188.60
9871,16271817880,439.30
9872,1566361458,1453.60
9873,227269585,3108.80
9874,531084861,5000.00
9875,69707300676,75.00
9876,61373408630,359.80
9877,43351752310,316.50
9878,36016783361,531.90
9879,33833017457,688.90
9880,43464775983,277.80
9881,2810506419,1325.20
9882,26022477972,420.70
9883,1418502744,1433.50
9884,852831878876,28.00
9885,24018235469,529.30
9886,42372594704,230.80
9887,200947838,4120.40
9888,122054142,2246.70
9889,22534333300,260.70
9890,1077755229,1492.10
9891,531084861,5000.00
9892,38641989715,55.60
9893,15133763735,725.20
9894,13219846074,718.10
9895,67440611034,190.50
9896,45155446246,291.80
9897,112144849,2412.60
9898,523381840,1731.00
9899,267595658,3450.00
9900,4811889919107,6.10
9901,61391204091,503.20
9902,51134682453,306.40
9903,44579492443,332.40
9904,140906524281,67.10
9905,52119344394,561.30
9906,30033383736,724.50
9907,170849572,1842.40
9908,350534393,1763.80
9909,1299821334,1475.10
9910,27285248811,185.40
9911,89952801499,180.00
9912,531084861,5000.00
9913,40773036572,323.40
9914,531084861,5000.00
9915,5717745956,1110.80
9916,236486249,2576.00
9917,18104410468,895.90
9918,5343881700,1079.30
9919,8639757624,1039.50
9920,190883187,2533.10
9921,46566475968,124.50
9922,5889172687,1097.80
9923,250411754,2222.10
9924,59395794707,446.30
9925,50167797406,349.00
9926,1081729913932,6.90
9927,59947953982,320.50
9928,22098244483,399.10
9929,79985381,2586.00
9930,2116578700972,28.40
9931,57736972752,326.90
9932,1864481410064,41.20
9933,170211837,4377.90
9934,25671042103,342.90
9935,265235242,2070.60
9936,8117585497,801.20
9937,62722485294,176.30
9938,172064985,2423.90
9939,87810183839,199.00
9940,1203358500605,41.30
9941,2388934951,1361.60
9942,200946230,4291.30
9943,190331701,3587.40
9944,104209880139,297.40
9945,4240797800,1036.60
9946,73915067306,276.50
9947,62374537150,441.00
9948,6995622160,1005.00
9949,235176386,4931.30
9950,10212854135,928.80
9951,33923632912,101.10
9952,531084861,5000.00
9953,53023245837,332.80
9954,16672903076,596.10
9955,718018642,1465.40
9956,880127390,1569.80
9957,2291836291,1081.50
9958,124201327798,81.80
9959,45417267961,588.70
9960,30700028908,393.90
9961,25607833351,414.50
9962,191606220,2348.20
9963,27230144807,737.50
9964,38311043904,667.50
9965,49131853695,57.00
9966,39991370502,333.60
9967,6294783189,1073.40
9968,84366642017,84.30
9969,8367727081,826.40
9970,33182333461,693.10
9971,21686658159,477.60
9972,630492305,1713.60
9973,101453327087,291.30
9974,34877921737,269.10
9975,305954329,3100.00
9976,17204979501,497.50
9977,56578880963,244.70
9978,27244383335,220.30
9979,807076000,1505.10
9980,30792811112,734.60
9981,33058643352,586.60
9982,1150032585,1545.10
9983,23538659360,731.00
9984,18508462490,862.70
9985,28553245957,117.20
9986,50037446040,575.50
9987,34127336162,573.60
9988,13624929278,644.70
9989,9111055209,879.30
9990,1052523353,1386.30
9991,13751389587,981.00
9992,271287080,2221.90
9993,59881113298,233.70
9994,53612409888,54.40
9995,21566569208,190.00
9996,4185266912,987.20
9997,26553101269,506.60
9998,576122859,1690.90
9999,26305891014,732.00
