Name,Pig9
Score,0.41544000000000003
LockedUpRTP,
Rtp,96.99999999477623
Win Ranges
0,0.1,1 in never
0.1,1,1 in 332.278
1,2,1 in 126.501
2,3,1 in 57.588
3,5,1 in 23.358
5,10,1 in 7.973
10,20,1 in 3.568
20,50,1 in 3.272
50,100,1 in 26.007
100,200,1 in 24.307
200,500,1 in 12.177
500,1000,1 in 20.967
1000,2000,1 in 136.531
2000,3000,1 in 1956.071
3000,5001,1 in 2991.977
Distribution
0,39128070991,115.80
1,25236546566,868.10
2,531084861,5000.00
3,37645823950,231.80
4,24735681837,512.60
5,329781336,3660.60
6,95884284,4744.80
7,45297335482,718.50
8,18661162400,337.40
9,1017713346,2308.50
10,44189184035,662.50
11,24229537893,208.50
12,725344859,2474.20
13,15825309617,696.40
14,531084861,5000.00
15,3176987095,1254.90
16,11363292255,768.10
17,52646701019,259.70
18,55467682092,85.10
19,232477924,4914.80
20,55576389676,159.20
21,1458789235,1536.30
22,264936582,4493.50
23,26709415029,639.20
24,75147191668,388.10
25,1018597852,1667.00
26,1138142939,1289.30
27,22299548871,652.50
28,22008577710,389.10
29,15144585352,978.90
30,3463419981,1398.90
31,34082553996,531.50
32,13916911050,872.40
33,4425311694,1383.50
34,96208799994,184.10
35,1691082719,1878.50
36,17112729947,516.60
37,304040104,3044.40
38,529329788,2302.30
39,53161613703,133.40
40,308062793,2652.70
41,386044043,2347.40
42,30178664766,302.50
43,3067472103071,12.90
44,69579095468,289.70
45,531084861,5000.00
46,54201992183,120.70
47,659970582610,42.80
48,272875107,3065.30
49,18102243267,937.00
50,6113234162,1121.30
51,6469874810,1140.30
52,27578705870,169.80
53,1251898604,1640.70
54,18748542917,372.50
55,139053180,4144.60
56,84351954811,147.70
57,41324712150,363.70
58,48322305116,130.40
59,29242351814,844.80
60,29249002563,604.70
61,25061875030,492.30
62,3918829584,1415.80
63,321985157,2406.60
64,21395689876,342.10
65,70610610477,350.40
66,2463463449007,22.00
67,119575036842,79.60
68,94595398460,302.30
69,102844648400,230.10
70,438506414,3268.90
71,44821267279,151.50
72,1540307005,1686.00
73,1553023300,1855.40
74,91677947823,259.40
75,36918364118,236.70
76,4918986204,1251.80
77,18602740086,658.40
78,10631380044,921.00
79,3052738793,1479.10
80,58241193410,396.20
81,361751922,3773.50
82,176382733436,96.70
83,176916753,3631.80
84,1919336909,1931.80
85,174298145,4166.20
86,55008421555,551.90
87,284906235,2811.30
88,206952119189,85.40
89,12920883550,789.00
90,115730022571,141.70
91,367004181,2569.00
92,531084861,5000.00
93,37548005841,495.90
94,378894696,2978.30
95,41118935498,410.40
96,6076263578,847.40
97,6550275685,1223.50
98,342716130,3697.30
99,3637630917,1035.00
100,2175582336928,13.50
101,49139134528,489.20
102,531084861,5000.00
103,531084861,5000.00
104,6951671107,998.40
105,58469564599,513.10
106,44595190862,466.60
107,446539913,2911.10
108,18661075485,836.70
109,251882482,4148.40
110,1872474652,1555.00
111,59427377854,122.20
112,531084861,5000.00
113,20330758988,975.20
114,1248125726,2070.10
115,24810531548,662.20
116,35689295228,51.30
117,15528612514,442.20
118,3504170009,1120.30
119,32976555390,306.10
120,78014247889,415.60
121,6424471823,988.60
122,479927597,2267.70
123,36914885767,152.10
124,349690826,3148.40
125,6553757242,1052.80
126,1116254491,1723.50
127,2006514070,1868.00
128,12602078450,530.70
129,37063092479,407.70
130,33856474233,417.20
131,3176987095,1254.90
132,728100287,2593.60
133,52100895407,116.90
134,450287216,3105.80
135,7493797146,888.00
136,4317832932,1319.90
137,13238268913,747.00
138,38145192258,174.80
139,19816683965,891.50
140,24590896939,123.60
141,10578292164,728.50
142,4796510922,1233.80
143,17994396897,968.60
144,734829690,1588.30
145,2995784287,1678.90
146,15926563356,844.70
147,2513892294,1648.90
148,848499340,1832.30
149,676317315,1799.00
150,2085726376,1577.50
151,216216093,3182.90
152,1336992508,1536.70
153,42621453979,368.30
154,146819108548,54.20
155,18012028068,772.60
156,22452978615,774.70
157,9343460041,881.60
158,79919472574,320.90
159,1876375910,1629.40
160,63248643388,274.70
161,1156241931,1899.20
162,10083288612,898.70
163,11711304319,872.00
164,73918779960,271.70
165,42602194278,403.70
166,111684622515,140.30
167,60164503982,431.40
168,32327420760,165.30
169,9531307821,1118.50
170,531084861,5000.00
171,3731805855,1255.00
172,124589496751,155.70
173,5117263459,1147.80
174,25755216709,488.40
175,1186157387541,22.40
176,90996392644,60.80
177,375317810,2692.00
178,95087645,4431.60
179,1527784323,1998.20
180,43418454374,134.30
181,642541179,2193.00
182,665018968,2581.30
183,8036398266,1097.70
184,49029832932,654.80
185,1001363238,1512.50
186,28162881418,858.70
187,8149212741,952.90
188,47079524843,335.40
189,795054359,1972.20
190,21004950801,609.10
191,94067204017,329.80
192,36696313067,682.70
193,841816761,1984.00
194,27139814650,511.40
195,22011340427,144.90
196,56189348431,613.10
197,20392797689,255.60
198,11445283031,1072.80
199,63829576769,291.50
200,124732310500,153.40
201,302453593,3628.50
202,48845960627,104.60
203,5850978281989,18.50
204,3892310323,1064.50
205,27009279390,380.50
206,73693861485,262.30
207,62741959553,72.60
208,1039493066034,45.20
209,16294801262,814.10
210,5858306489,1349.50
211,270293807,4531.40
212,82064689226,268.40
213,11420145363,914.50
214,5880871953,1021.30
215,465796154,2467.10
216,531084861,5000.00
217,1199150843023,15.70
218,89941463068,175.60
219,13149083719,605.00
220,531084861,5000.00
221,32387538160,816.70
222,32166793221,72.00
223,5626934929,1162.10
224,124040123,4069.40
225,198542116,3727.40
226,22415541089,626.90
227,49784686820,418.30
228,212702395,2804.80
229,14434852083,611.90
230,15492878548,492.70
231,51003881684,279.60
232,280680769,2899.80
233,5655592835,1346.20
234,33084239375,399.80
235,277286209,4942.70
236,27864810073,661.60
237,37320794821,453.90
238,6144781255,1270.20
239,594001436,2420.50
240,24522211069,864.70
241,234950186,3239.30
242,198254302,3516.50
243,442608731,3076.20
244,2597062820,1428.70
245,6235102620,1056.80
246,22703066027,652.80
247,4732550438,1310.20
248,52787240086,49.90
249,64801325095,337.10
250,19570804097,397.20
251,1204295893,1465.40
252,2286923774,1588.70
253,68317528016,437.00
254,23591556580,580.80
255,37178304317,605.70
256,48200191478,473.60
257,53467051988,553.00
258,51952859853,281.40
259,2775656743,1543.90
260,44887753184,253.60
261,21057948058,753.80
262,8983316871,706.70
263,9196251401,948.50
264,156174946,3096.60
265,393947535,2408.80
266,74559846491,291.00
267,531084861,5000.00
268,122884670120,105.30
269,13518418063,906.00
270,10625703490,855.90
271,2501789055,1646.30
272,28906241192,839.30
273,2573414198,1712.70
274,18685927317,899.00
275,107225992585,130.90
276,41878499014,54.40
277,83542465611,144.00
278,308633540,2417.70
279,35058649255,484.90
280,5361152870,1302.70
281,531084861,5000.00
282,24933878027,819.70
283,261057948,4754.60
284,3289336714,1526.10
285,68173584818,300.50
286,12977138286,510.80
287,49555232850,641.70
288,36606280140,329.50
289,20348926118,664.80
290,29278088724,859.80
291,5249508204,765.80
292,11373004355,1118.60
293,784268326517,39.50
294,1461274452,1761.70
295,15538794446,310.70
296,27243949104,273.00
297,41622574658,629.20
298,50506992330,485.50
299,1203114396,2018.80
300,47033368755,664.00
301,741312745,2070.90
302,7726352527,1134.50
303,1577258924252,33.50
304,5938826370,1365.00
305,19955199680,268.00
306,9662829425,677.60
307,3577155300,1422.80
308,26071596516,721.90
309,30272733381,128.40
310,22312961411,563.50
311,274284082,2663.00
312,1973623711,2043.70
313,2123376525284,41.40
314,30262236732,329.60
315,54097607216,405.40
316,854169711286,44.80
317,8009517889,1005.80
318,92507146002,265.80
319,48741494292,225.10
320,59724363652,136.10
321,51654623513,199.70
322,4557517000,1303.80
323,30076132645,361.20
324,11401262092,930.10
325,2670116267714,41.60
326,146508428,3833.80
327,33623015244,152.70
328,4399759322,1050.70
329,8348083870,701.70
330,1778888918,1391.70
331,73291913658,439.00
332,15397275795,210.50
333,288589950,4366.40
334,16500220839,807.10
335,9449323156,998.50
336,4812984390,1441.10
337,25062564025,785.40
338,1732924058,1574.60
339,531084861,5000.00
340,2720864993258,35.80
341,531084861,5000.00
342,5981639925,1290.20
343,8675936149,454.90
344,184305797,4158.50
345,46048745216,305.60
346,30511423110,75.90
347,1142873224,2107.70
348,1475127436007,18.10
349,20800735252,523.50
350,52920026760,655.90
351,11620473666,345.80
352,164391186133,79.00
353,8616310386,369.70
354,20041533012,399.10
355,1642376137244,35.30
356,2708704454,1234.80
357,8614217321,1008.40
358,86307117590,198.70
359,14826347383,494.70
360,2778547055,1233.20
361,89235018805,53.60
362,2112250319,1067.30
363,396637557,3233.20
364,25139700582,684.00
365,21242149345,341.70
366,80525776764,273.40
367,531084861,5000.00
368,36155950862,288.60
369,293624224,4172.00
370,4660300712,1041.90
371,11800191822,569.00
372,62109429912,495.10
373,36820262314,754.60
374,42463316151,231.50
375,5066912814,908.80
376,1060350278,1643.80
377,4611007981,1473.20
378,2037625975,1664.90
379,31742068658,795.90
380,70781899304,332.50
381,51377065943,529.20
382,13380524535,212.10
383,676317315,1799.00
384,12305980488,960.80
385,4955198663,1028.70
386,85056447021,355.70
387,382614904,3745.50
388,65240550845,223.60
389,103669260886,264.00
390,59735790030,570.60
391,362226121,2610.50
392,62000204492,360.10
393,3741952486,1516.80
394,928367576,1722.20
395,82045500869,294.90
396,126583928309,169.30
397,3088777453,1688.50
398,29787920817,676.60
399,2267977856,1275.30
400,19775645594,355.30
401,38560454331,156.30
402,25386552765,547.90
403,19613639953,482.30
404,179853656534,98.40
405,121680928405,95.80
406,1729620352,2085.50
407,47856086362,204.90
408,391153294,2950.30
409,1663917196291,36.30
410,24836212331,511.30
411,40246352153,379.30
412,38711310174,247.00
413,423456259,1849.10
414,4135053318,1362.70
415,53466597259,597.90
416,179263289,3609.00
417,374306327,2491.10
418,4114175485,1536.40
419,50273539588,149.70
420,33747132252,412.50
421,4608883039,1117.70
422,26480178336,158.30
423,6149206698,973.50
424,2308131892896,7.20
425,987852080,2151.30
426,633785884,2123.50
427,9865531119,1056.00
428,1190926718,1893.90
429,900053987,2310.90
430,25721617238,830.40
431,1791791108,1615.80
432,60818793703,188.00
433,213102531,2770.10
434,4338496415,1308.30
435,2370365340,1804.90
436,1191895074,1962.80
437,53642060733,526.30
438,12258598715,670.30
439,35780125072,353.50
440,71298028733,159.40
441,27999517866,636.10
442,23648983132,694.00
443,32513777872,163.70
444,68868027804,200.30
445,17586479833,890.30
446,42090547772,243.70
447,41455354844,585.50
448,52418356631,377.00
449,33277603867,618.10
450,759060610,2545.40
451,64152738250,568.40
452,4619745391,943.50
453,14818861936,403.90
454,923746895,2019.10
455,6951671107,998.40
456,2081046437,1899.00
457,57922024254,190.80
458,61687339005,213.00
459,30756859494,761.20
460,8000996860,1208.50
461,572502814058,43.00
462,7270387822,1062.20
463,27555541538,357.20
464,41864265794,304.20
465,362466143,3224.30
466,10239939118,406.70
467,1913669134,1823.10
468,5293177909,1082.00
469,32076474792,545.20
470,1878616702,1861.00
471,563394161,2769.40
472,383990523,3231.10
473,1214186510,2010.70
474,3578729410,1554.50
475,7620615358,938.80
476,60224804555,585.40
477,1330312042,1992.00
478,696385750,1863.00
479,21266668856,188.10
480,47124417055,450.60
481,17151036220,794.10
482,29555731547,372.00
483,4429055356,1336.70
484,32166793221,72.00
485,48408261304,287.30
486,3003071248,1359.90
487,9539978660,816.00
488,531084861,5000.00
489,13806686281,919.20
490,6334831711,1231.10
491,531084861,5000.00
492,9184927365,458.60
493,912107044,2284.70
494,6564640575,1010.60
495,4959306836,1385.60
496,195466189,3659.80
497,15424887861,871.80
498,17113207310,998.80
499,6530069159,1044.00
500,155010829916,93.20
501,47902129691,87.10
502,35136352259,778.70
503,69546364249,345.40
504,2455522879,1370.00
505,2267101188,1795.10
506,33915774334,574.80
507,3660325310,1551.20
508,1780724419,1616.50
509,3810869336,1445.50
510,3807418779,1368.30
511,48774677238,319.60
512,21489420838,241.50
513,16181860325,828.60
514,104578395885,289.90
515,45129391078,139.50
516,18427834918,674.20
517,1575280478,2065.80
518,24579992731,522.20
519,43699596540,487.10
520,788883400,2509.60
521,2367708816,1729.50
522,79362545934,334.50
523,1641895212,1434.10
524,64737612321,343.70
525,11115107711,983.00
526,224165000,3565.10
527,2016968577,1091.90
528,66066800437,388.70
529,43411651574,231.60
530,57206277860,335.30
531,28089959628,884.50
532,44745108190,80.80
533,3104992369423,1.80
534,21731846815,753.30
535,1325578431,2041.40
536,20030682501,372.30
537,281290274,4518.50
538,15224515591,841.60
539,26737629536,198.40
540,30357852389,507.80
541,73417204760,386.90
542,59097014621,108.70
543,31918692957,154.30
544,9713776167,1047.90
545,92146971203,143.70
546,4672175728,1423.30
547,37711863171,715.70
548,560572625,2454.30
549,224343798,2636.60
550,36381199875,465.50
551,48747543028,315.30
552,4606155589168,18.30
553,5793129463,1285.40
554,8820255926,502.60
555,25916298107,422.90
556,59130491625,162.40
557,12169160393,1029.00
558,14434852083,611.90
559,19435757478,427.10
560,44348827581,626.30
561,311225863,3340.40
562,142825929350,98.10
563,1498270627,2151.00
564,531084861,5000.00
565,2706524241,1654.00
566,19739653502,371.40
567,45908693908,649.90
568,1334793896440,21.40
569,12434335443,809.60
570,47982978060,340.10
571,1705791220,1893.20
572,606803009,2518.90
573,32359435538,102.20
574,45245156049,87.00
575,531084861,5000.00
576,3144446466,1641.00
577,249241499,3675.90
578,61663083174,178.50
579,44272752222,122.60
580,3362441173,1490.70
581,126138406843,152.50
582,25165597091,409.70
583,245261101,2627.80
584,826857764689,46.30
585,32194738753,258.90
586,29881795318,469.60
587,3669900264,1326.20
588,15877723807,458.40
589,51778663537,226.00
590,28188705300,721.80
591,531084861,5000.00
592,2226098393,1407.40
593,2642980780,1269.70
594,531084861,5000.00
595,2554679605,1321.30
596,115527556761,90.90
597,4121953628,1070.20
598,531084861,5000.00
599,3039795701,1656.80
600,40392824250,200.40
601,42075710159,606.00
602,23674018285,447.50
603,67368725966,215.40
604,1297916174,2043.80
605,347162529,3032.30
606,254840241,3345.10
607,531084861,5000.00
608,182640432,3416.90
609,2237855182439,20.20
610,3744316748,1204.30
611,30472315651,123.00
612,13817033117,196.80
613,33292039833,537.10
614,17016630406,395.20
615,242579914,4673.90
616,30686576947,381.40
617,1603906269,2010.90
618,79713204898,447.70
619,33418178061,825.20
620,21401511410,119.90
621,1238050528,1415.70
622,1992717224,1125.30
623,39460759915,542.70
624,356704089,3555.90
625,87188680877,240.80
626,324919028,3950.50
627,2073779343385,17.50
628,475065251598,25.90
629,5963368392,1059.00
630,86506869786,294.40
631,3478767941017,11.10
632,2899891740,1396.50
633,13018211415,666.70
634,17490715605,591.00
635,58241272396,298.80
636,36805446696,702.40
637,57529917887,575.80
638,3887592080,1260.40
639,79586629348,340.20
640,41863290724,339.50
641,23593292232,445.80
642,41742024356,106.50
643,42132559004,297.00
644,531084861,5000.00
645,457567209,2702.10
646,264038780,3263.20
647,1328384592,2059.90
648,5341653319,1073.70
649,13178964003,663.90
650,17579735168,646.10
651,20005526245,517.90
652,22632189597,868.60
653,58999294121,571.00
654,863085665,2326.00
655,2182997348646,34.70
656,909639096,2277.90
657,4578507462,1149.50
658,72694360238,431.30
659,1951402134,1407.50
660,22051547468,840.60
661,6564084032,1306.50
662,512458217,2540.70
663,172437600,4777.40
664,67410225811,110.50
665,52106526918,219.70
666,21090026716,652.30
667,35271704236,97.80
668,17506089688,723.50
669,67736286541,58.60
670,7239962233,1189.00
671,151301613330,95.30
672,97949960,4182.30
673,241927628,3000.10
674,531084861,5000.00
675,890931797,2180.30
676,2846942824,1634.30
677,22881959699,595.70
678,201919669,3058.60
679,15555808301,890.90
680,35629048284,97.90
681,118905891866,112.90
682,1880848930127,45.40
683,859830395,1964.80
684,43696214237,366.70
685,531084861,5000.00
686,68778837298,464.90
687,8983316871,706.70
688,881155434279,37.60
689,2704622518089,7.70
690,2900291928,1273.70
691,531084861,5000.00
692,29146612966,478.50
693,531084861,5000.00
694,637577679,2464.40
695,53040518282,433.10
696,60367249716,52.80
697,19833725628,894.50
698,125149199160,98.20
699,26806253308,390.70
700,101341090849,245.20
701,47292141169,474.80
702,897898158,2138.60
703,414088346,2421.40
704,277895257,4038.20
705,105973120169,216.70
706,10239939118,406.70
707,2234006849235,28.90
708,23272303851,523.40
709,9800904222,976.60
710,26994756544,417.70
711,38054418936,275.00
712,4716604639,1173.80
713,2849846096,1663.10
714,2463039814675,35.00
715,992471330747,9.50
716,2421039878,1805.70
717,26826167395,418.20
718,55736574408,51.90
719,4918397793,1439.70
720,1028139024,1823.90
721,29976547300,147.50
722,131455793162,67.20
723,101498293,4129.60
724,120934707667,172.20
725,3330632126,1237.30
726,31613087718,763.10
727,18850185010,745.40
728,178539917926,95.10
729,20636065703,540.10
730,7009479882,1216.40
731,55467682092,85.10
732,54806688753,542.10
733,23171711143,854.40
734,2898380240,1443.80
735,750715359,1938.50
736,31094135907,308.40
737,2151340340,1393.60
738,3913268730,1070.00
739,29225739637,860.40
740,199699832,2767.70
741,917823448,2401.50
742,249473106,3176.40
743,59394730128,573.50
744,11899416196,825.30
745,144539388092,66.80
746,46824411762,50.20
747,10718598550,516.50
748,531084861,5000.00
749,32129011681,633.90
750,506023453,2698.70
751,85223551128,200.60
752,135240034,4788.30
753,401515071,2736.40
754,1082054173,1983.10
755,29841317907,285.90
756,8332454663,1076.30
757,70157595812,76.60
758,1320253629776,30.70
759,2220833212,1226.30
760,141751609236,95.90
761,1491161934,1968.40
762,39736965388,405.90
763,3696192684,1194.00
764,41186494986,239.60
765,3609225951,1426.10
766,19820967562,358.90
767,531084861,5000.00
768,27633911928,305.70
769,59107345181,77.00
770,4074021649,1347.80
771,13504955206,879.80
772,19300277425,925.40
773,22847665847,223.20
774,40338768286,571.50
775,34995895843,241.40
776,2074757559,1583.70
777,41775170008,275.90
778,28911858533,387.10
779,4833918996,1439.00
780,2512141979314,45.50
781,250590633,3599.60
782,2560725658,1270.00
783,5620917162,1004.30
784,15368611384,915.20
785,21707908370,918.90
786,44916276808,345.70
787,17772370154,184.60
788,189961721,2983.00
789,1002563476,2410.20
790,288361391,3531.70
791,31635992288,552.60
792,125458813636,64.30
793,38123652169,677.00
794,531084861,5000.00
795,2666747831503,33.60
796,299701229,3215.50
797,1693300146,1643.00
798,531084861,5000.00
799,45642599134,687.60
800,488919968,2797.40
801,42731563843,150.40
802,1982596598,2027.80
803,1585577557,2031.70
804,14073871893,390.30
805,10138297589,1131.90
806,97369234852,193.20
807,26384003939,477.70
808,22915226988,517.70
809,2819039107,1416.30
810,6028605753,1336.80
811,93108059187,124.40
812,2342756767,1638.00
813,50110405096,565.50
814,15418473698,811.70
815,436092300693,47.70
816,80039384003,134.50
817,26806253308,390.70
818,37331140074,559.00
819,41411024758,667.70
820,37153588628,347.30
821,513077562,2225.40
822,63763357806,346.50
823,13385304664,444.30
824,171353717,3270.90
825,13029329134,915.70
826,96081601307,90.70
827,15505269754,922.00
828,30678680065,233.30
829,9986855804,592.00
830,6076153308,766.40
831,39298669707,725.80
832,1251898604,1640.70
833,44686639955,509.40
834,32999452283,749.10
835,17601530474,654.20
836,82698422361,332.60
837,25778275794,877.50
838,18178065837,267.20
839,26480178336,158.30
840,198926135,2804.90
841,531084861,5000.00
842,30488140264,350.20
843,6115714915,1179.10
844,4117893813,1493.20
845,349994234,2931.20
846,2415856987,1481.50
847,875883620,2336.60
848,21153081658,414.50
849,306999257,4758.20
850,11360562483,1092.50
851,143958765,4839.30
852,14290471482,732.90
853,28925543931,243.00
854,71998135850,222.80
855,87671752475,224.00
856,235837037,4100.50
857,2439671582802,4.90
858,417093485,2556.00
859,54201992183,120.70
860,531084861,5000.00
861,5407054844,1128.30
862,34090685957,461.80
863,19853639472,136.90
864,18965544460,220.70
865,531084861,5000.00
866,4079172490,1082.80
867,96000298949,150.50
868,32099773103,701.50
869,14526162796,189.50
870,880933773,1760.00
871,30796666168,156.50
872,26352098121,460.70
873,4094240841671,16.00
874,4906855351,1451.60
875,3669841376,1582.10
876,4994951524,965.30
877,29838476508,327.90
878,21266668856,188.10
879,51469365141,189.20
880,10727007038,550.10
881,20204037405,325.60
882,35531829917,303.20
883,59169809689,506.10
884,18561201715,763.20
885,25064982282,435.70
886,67451433805,236.80
887,22933676219,111.60
888,588513092,2725.00
889,24758947388,617.60
890,531084861,5000.00
891,32178390307,483.60
892,36332479107,401.80
893,9394086694,1062.40
894,13266699893,824.00
895,23470935343,619.00
896,531084861,5000.00
897,3614356760802,6.30
898,75649967336,197.20
899,11360441472,231.90
900,13680388407,712.80
901,5259462679,1418.10
902,2313277355,1401.60
903,262192370,3388.50
904,137355524,4949.10
905,5249508204,765.80
906,61442893720,190.40
907,6200130285,1005.50
908,55079912747,180.10
909,39273097525,454.20
910,22440793499,744.00
911,22390281403,355.50
912,82916359265,294.00
913,57828428772,61.40
914,1166375604,1389.60
915,9988324797,1138.50
916,7611240098,1193.40
917,1110662749,2258.40
918,1914606611,1785.30
919,5207298620901,9.70
920,13481726797,589.60
921,15020018561,303.90
922,1049508528,1888.70
923,21871930335,942.80
924,94117805514,254.40
925,131879633,4983.40
926,22537203255,905.30
927,2174768155,1755.50
928,23635729534,485.80
929,36955458587,339.00
930,4399759322,1050.70
931,25916444042,906.10
932,3605439130,1217.10
933,126754751033,167.60
934,17641432661,179.10
935,15825309617,696.40
936,32396456148,553.80
937,40860992768,540.20
938,5064025682,834.90
939,61951003604,424.70
940,59520252147,177.30
941,209094772,2996.60
942,24764729052,100.80
943,28387429376,463.00
944,688355896,2511.20
945,20339003585,358.00
946,42786373478,174.70
947,17878052396,697.00
948,38275376379,162.30
949,8785097643,1136.60
950,4607750550,1396.10
951,6005978195,1341.80
952,63730106856,131.80
953,108438138892,91.80
954,11360441472,231.90
955,1023513281,2059.00
956,2124050036,1130.60
957,37153588628,347.30
958,3547235554,1382.40
959,154837643,4974.30
960,13004224519,241.70
961,22208547706,532.30
962,2512686787,1683.80
963,6504422654,1132.20
964,13518185562,197.40
965,39751922440,727.60
966,1370502777,1715.00
967,7144187019,952.30
968,22033008189,168.10
969,10877880875,805.10
970,17474641046,782.00
971,2730798820,1635.00
972,60825861551,113.60
973,1558027855611,10.50
974,35780125072,353.50
975,247842129,4038.30
976,98288833253,301.80
977,42458689068,410.60
978,5051791519,1388.40
979,1781872735,1865.50
980,136722040,3946.90
981,160326975582,59.10
982,1562877141,1715.30
983,371889703,3264.40
984,531084861,5000.00
985,1091060845,1943.20
986,4109089125,1262.40
987,364961111,3574.30
988,94492043097,174.30
989,609283711,2090.30
990,1993017607240,37.20
991,1992717224,1125.30
992,5235174099,1059.20
993,13686074465,526.90
994,441155961,2743.70
995,5859401311,752.80
996,6402726124,1267.40
997,33463508905,237.80
998,1652210957,1468.20
999,531084861,5000.00
1000,21556545143,666.80
1001,28358097855,57.00
1002,28638406452,453.00
1003,42095461634,370.50
1004,4410667067,1363.20
1005,14614931736,213.80
1006,15278096671,928.70
1007,70927590374,68.70
1008,86223713612,316.20
1009,751224940,1494.30
1010,96159603860,156.80
1011,1261132820,2050.10
1012,272402598,4192.40
1013,89235046828,85.90
1014,30796666168,156.50
1015,4898005964,1327.40
1016,50125075278,174.50
1017,58098254986,141.10
1018,4092900348,1069.20
1019,531084861,5000.00
1020,33229574958,392.90
1021,992471330747,9.50
1022,11011310229,48.10
1023,54459377411,161.30
1024,531084861,5000.00
1025,2154694976269,31.30
1026,353752663,3266.40
1027,4120176031,1020.80
1028,9881707673,569.10
1029,16725913635,831.00
1030,348617474,2539.90
1031,46841677324,696.90
1032,2376494072,1457.60
1033,51924667683,668.40
1034,2297515478,1264.40
1035,53733943360,424.50
1036,34189380846,298.90
1037,49787522742,160.00
1038,247165893,4573.00
1039,39767727973,166.00
1040,35726316552,657.90
1041,769873898,2465.00
1042,1040399235,2368.00
1043,1266866800,2035.80
1044,110041078404,107.90
1045,4402383203645,10.10
1046,5901894063,1062.00
1047,494328757,2898.20
1048,871136613,2357.90
1049,17419660306,878.10
1050,80640874411,401.30
1051,531084861,5000.00
1052,18128307795,774.00
1053,11922771766,860.00
1054,3131377698,1655.50
1055,2308131892896,7.20
1056,8793780432,680.90
1057,22224394808,171.30
1058,32258631863,785.80
1059,115576022,3707.20
1060,24534947706,670.00
1061,531084861,5000.00
1062,531084861,5000.00
1063,53602544086,160.10
1064,13535992084,744.80
1065,29976547300,147.50
1066,3673500579,1237.90
1067,19613639953,482.30
1068,908191703,2297.90
1069,10279401961,593.80
1070,11085947879,212.70
1071,15452157981,377.70
1072,43898542862,331.90
1073,388767579,2891.50
1074,54118302228,73.30
1075,53964696257,337.30
1076,70730683586,115.50
1077,84550452909,102.50
1078,38321406838,174.00
1079,7216761846,1178.20
1080,14654455891,692.90
1081,391118066,3136.60
1082,20851560917,600.50
1083,96785197048,216.20
1084,11032667712,976.50
1085,13491694155,886.80
1086,34377227590,603.00
1087,1404165780612,29.30
1088,25462314660,824.20
1089,1909745674,1778.80
1090,26307937514,263.70
1091,83757516772,293.30
1092,35432158457,478.30
1093,113454867441,234.80
1094,18021856089,629.40
1095,28550389935,721.30
1096,41798142128,141.20
1097,9186682021,1129.90
1098,54625504170,201.40
1099,231708615,4002.60
1100,2062627351,1890.10
1101,531084861,5000.00
1102,1823863481,1630.00
1103,9895124513,1036.70
1104,531084861,5000.00
1105,15204447755,387.20
1106,6380157207,1198.70
1107,11851404264,493.20
1108,1824490447,1644.20
1109,68993252756,324.80
1110,1368370956,2125.90
1111,47982093715,170.80
1112,50125075278,174.50
1113,20517673704,319.70
1114,3752380794072,8.10
1115,800296976,2260.80
1116,6738337243,909.30
1117,84814172621,178.60
1118,21996654598,914.60
1119,64448702568,485.30
1120,6109870287,1076.70
1121,84145171980,80.10
1122,72628224292,465.10
1123,36608383659,204.20
1124,59107345181,77.00
1125,3526925319,1281.00
1126,38965992405,173.80
1127,70927590374,68.70
1128,3775503304,1404.70
1129,28205613660,230.80
1130,294122691,4625.90
1131,40934661077,324.20
1132,60704015400,343.90
1133,12189402107,546.00
1134,110669611208,223.40
1135,4198357912,1440.40
1136,1510885534,1569.00
1137,11160086132,644.60
1138,46375498537,177.20
1139,531084861,5000.00
1140,36533062566,502.50
1141,15749203249,677.20
1142,30606729144,539.10
1143,64835502765,508.70
1144,9421870246,779.10
1145,392175204,3314.00
1146,32731373569,671.60
1147,128412507,3420.60
1148,28650069059,251.20
1149,5964496094,1348.20
1150,3013745418751,18.60
1151,27243949104,273.00
1152,29695137113,608.90
1153,9524096945,826.40
1154,18217561962,660.70
1155,11955699332,883.10
1156,19804612390,323.90
1157,12988185315,1037.30
1158,1894574976,2055.50
1159,28729961847,343.30
1160,217424045,4064.60
1161,60454052713,412.00
1162,21491096573,702.10
1163,96277114288,54.90
1164,1044770460,1636.10
1165,2047850688349,19.40
1166,142796293,3747.30
1167,1029412957656,4.40
1168,7698847420,846.20
1169,65993392493,398.50
1170,1669175174,1409.80
1171,4234003184,1077.50
1172,4585808172,1328.20
1173,26692290721,221.60
1174,1042138674,1993.30
1175,54500323718,68.30
1176,3122015570635,10.70
1177,11066846836,817.10
1178,54286090476,435.60
1179,5583246172,1206.90
1180,115258844697,227.70
1181,1529737955,1455.60
1182,171263758,3821.90
1183,49668059628,312.90
1184,42409048271,584.80
1185,113808797,4402.90
1186,34106880483,187.70
1187,5500041708249,18.40
1188,18338254861,945.00
1189,210689879,3603.20
1190,73972571446,390.20
1191,50326692203,438.20
1192,7585776501,1219.80
1193,9114357991,870.20
1194,24002618896,208.90
1195,49873680423,684.90
1196,6356338417,1237.00
1197,531084861,5000.00
1198,11567141137,1061.10
1199,26996908624,885.40
1200,25573653368,453.40
1201,37718890854,656.90
1202,267622147,4756.80
1203,46519526844,193.00
1204,6881506014,1030.90
1205,1239265746,1912.00
1206,162492161,4980.90
1207,1055678775,1371.50
1208,15733531342,949.80
1209,43965875559,384.80
1210,43968393252,467.70
1211,307883831,4957.40
1212,6220722357138,13.80
1213,465828842,2911.70
1214,40879766909,181.50
1215,57074410842,529.40
1216,531084861,5000.00
1217,95972636857,276.30
1218,441600072,2507.70
1219,721032974506,29.00
1220,1166090658135,23.60
1221,25015078635,163.90
1222,809897496,2159.10
1223,16059814587,281.70
1224,12349443845,637.20
1225,1339936117393,34.50
1226,40662929835,347.00
1227,52846254797,611.00
1228,5714791174,883.00
1229,36006021247,564.50
1230,39037799438,623.80
1231,63928420103,172.60
1232,26722010685,593.50
1233,3629206218893,7.90
1234,45761892545,628.50
1235,1166090658135,23.60
1236,686847151,2612.10
1237,40973543559,344.10
1238,400511492,3415.70
1239,13377604936,841.40
1240,4072959211,1424.70
1241,25096920244,411.50
1242,531084861,5000.00
1243,10406937797,1098.20
1244,3990031293946,12.50
1245,19813682471,257.70
1246,10597642664,1003.90
1247,16162431538,579.80
1248,7534780650,950.90
1249,41859573037,408.20
1250,4539323714,1183.40
1251,91718328131,84.40
1252,407545565,2857.80
1253,18828112574,901.60
1254,39685275320,140.80
1255,702508078,2021.20
1256,10279126652,321.20
1257,8918939789,1005.40
1258,7371570458,712.50
1259,45004987381,718.20
1260,4092900348,1069.20
1261,21261977740,420.90
1262,2449099221,1432.00
1263,8928227827,567.20
1264,46824896849,547.30
1265,42094419775,527.00
1266,134016116812,81.10
1267,45000056600,195.40
1268,651237124,1945.00
1269,210113793311,88.80
1270,25916298107,422.90
1271,47926930512,126.10
1272,30302790709,834.10
1273,2195361139,1750.50
1274,20199405212,420.20
1275,204399251,2918.60
1276,17151036220,794.10
1277,1029412957656,4.40
1278,6038266596,1233.10
1279,148321101,4267.90
1280,2415448597,1008.10
1281,59107345181,77.00
1282,2408278574194,31.80
1283,25074179525,827.80
1284,3144390989,1172.90
1285,19963049223,818.00
1286,15191411054,311.20
1287,173640016169,52.70
1288,531084861,5000.00
1289,60739060466,513.40
1290,20204037405,325.60
1291,283871132,2901.20
1292,18331586986,240.60
1293,283207311,4052.30
1294,531084861,5000.00
1295,1693508787,1979.60
1296,34199100243,80.50
1297,1033457842,1647.00
1298,531084861,5000.00
1299,29001904819,216.30
1300,603517734,2054.00
1301,531084861,5000.00
1302,3777654266,1024.90
1303,1459295520,2177.30
1304,11800191822,569.00
1305,235211612,3932.50
1306,12379539098,871.10
1307,22021784943,374.60
1308,1656393038,1899.10
1309,31039024425,529.10
1310,8880532031,1081.30
1311,64208105746,309.40
1312,1045395566,1727.30
1313,4775360715973,18.90
1314,24623271910,808.30
1315,43259624330,478.00
1316,447061175,2865.50
1317,212352210,4479.60
1318,34654592169,489.70
1319,1200720307,2232.40
1320,62058452022,237.70
1321,6897890046,794.20
1322,11926608220,871.90
1323,19518284075,567.50
1324,531084861,5000.00
1325,34654592169,489.70
1326,3185184771,1275.70
1327,25542962432,430.00
1328,18344633509,280.00
1329,5113637923,1011.40
1330,39210007395,189.40
1331,34392110072,353.80
1332,41997192789,162.70
1333,28656197150,444.00
1334,314121242,2572.90
1335,48947339078,305.90
1336,8304902424,1016.10
1337,192788953,3194.20
1338,5480100195,1400.40
1339,43461553685,225.30
1340,84100373423,398.10
1341,402930403,3068.70
1342,1874499372,2049.30
1343,267208747,2761.50
1344,7710678146,987.40
1345,404723610,2758.80
1346,146022843,3266.20
1347,11580401860,1023.40
1348,13753199098,949.30
1349,173357702,3332.10
1350,3613204379,1459.80
1351,19214727351,608.70
1352,58366800462,360.70
1353,275763768,2928.50
1354,849020074,2135.40
1355,21281847342,866.30
1356,200819394,4337.30
1357,11741537040,563.40
1358,531084861,5000.00
1359,133717011,4114.20
1360,63231091391,154.60
1361,5137696503,1277.90
1362,26371495841,514.20
1363,1319610672,2120.80
1364,464741054,2744.30
1365,12301851223,973.40
1366,58848095965,572.30
1367,25694886328,590.80
1368,193367786,2826.80
1369,22442532702,566.80
1370,36497037348,583.10
1371,5249508204,765.80
1372,531084861,5000.00
1373,28227886241,120.20
1374,875542939370,42.20
1375,8632904461,1030.20
1376,99185753122,159.00
1377,531084861,5000.00
1378,191259900,3127.60
1379,4278265239,1386.00
1380,4157707331,1341.20
1381,905134350,1792.80
1382,19322879425,703.90
1383,5624700787,1292.10
1384,15204447755,387.20
1385,30700860307,820.20
1386,316425095,2672.00
1387,41412424855,189.10
1388,1199510427665,11.80
1389,12497880270,493.90
1390,30361244190,621.20
1391,8593752553,1064.10
1392,23303196183,781.00
1393,20797660110,720.40
1394,5576420963,1325.50
1395,1130068795,1741.50
1396,55855913702,138.90
1397,71123201624,275.40
1398,39318470920,332.40
1399,10840293403,1049.70
1400,12744298690,604.10
1401,428463002758,31.20
1402,61996894147,269.20
1403,30673319738,575.60
1404,50259978085,245.30
1405,99163054729,302.90
1406,24257331615,328.50
1407,89235046828,85.90
1408,10737900057,602.60
1409,372111085,2630.20
1410,12774799134,833.70
1411,8635688344,1171.20
1412,24961487457,242.10
1413,202230374,3970.10
1414,924373509,2060.50
1415,1889262959206,24.30
1416,33006011640,212.60
1417,20778663630,536.30
1418,271052112,4663.30
1419,2307907333,1745.40
1420,59032630749,465.60
1421,24213230352,931.80
1422,46945265407,287.80
1423,36006517916,288.10
1424,392792177,3515.40
1425,2267553901,1499.10
1426,30802576934,591.50
1427,531084861,5000.00
1428,32986784432,224.50
1429,54459377411,161.30
1430,92563908750,101.70
1431,106948517559,225.60
1432,24961487457,242.10
1433,72160141190,105.70
1434,989293155,2400.90
1435,7114808086,1274.40
1436,228314350,3618.10
1437,1695155015,1954.40
1438,29502806980,812.50
1439,1096426266,2239.10
1440,26327697701,896.10
1441,34780168658,370.80
1442,54344298286,237.60
1443,10208124027,907.10
1444,40726271771,752.90
1445,15792479166,1007.40
1446,1189094422,1790.20
1447,22346878310,637.00
1448,13869321521,479.70
1449,714578795,2639.60
1450,82852005518,104.10
1451,32841848817,364.10
1452,69891423133,240.10
1453,14447000975,843.50
1454,18686555738,585.30
1455,1008294497,2202.80
1456,20897477904,821.00
1457,7996196373,774.50
1458,17400136652,645.70
1459,270275485,2517.00
1460,91280534545,296.40
1461,24160993944,130.10
1462,24925960200,81.20
1463,111941585944,173.10
1464,4789440573,1033.70
1465,27243949104,273.00
1466,531084861,5000.00
1467,576686148,2694.30
1468,42033754705,527.80
1469,238339168,4600.70
1470,47959273776,331.00
1471,1418689616,2184.10
1472,5627215289,1337.80
1473,34962836483,434.50
1474,33181664613,283.00
1475,20586204742,539.30
1476,407084932,2903.50
1477,37832174782,114.50
1478,47484628058,293.40
1479,531084861,5000.00
1480,33623015244,152.70
1481,219174975604,77.70
1482,47281201637,148.50
1483,1392194534,1668.00
1484,19796287413,659.30
1485,55865503644,508.20
1486,1173327029,1702.10
1487,30223537373,510.40
1488,2995556065,1651.90
1489,12456176772,908.00
1490,38994239653,502.00
1491,406814695,2685.90
1492,32110758408,539.80
1493,5722848836,1365.10
1494,1187555456,2201.10
1495,6109870287,1076.70
1496,2415448597,1008.10
1497,23381174357,532.80
1498,68168269787,143.50
1499,24229537893,208.50
1500,531084861,5000.00
1501,2678787123,1066.40
1502,14343612269,888.90
1503,491133288,2733.80
1504,59752490916,201.00
1505,7144187019,952.30
1506,7941456768,828.10
1507,28626898876,812.40
1508,48303568612,681.60
1509,20544743635,555.00
1510,6005414660,1061.50
1511,531084861,5000.00
1512,58025230295,225.00
1513,12043636927,1090.30
1514,803858024,2061.20
1515,44665748455,721.10
1516,1619918853358,30.60
1517,2852434652,1119.50
1518,1439570386,1543.10
1519,1595858616,2167.00
1520,14801249295,873.90
1521,41847498617,449.10
1522,86868526734,112.50
1523,33410311480,458.80
1524,52430479661,236.30
1525,30161362651,575.30
1526,26382955500,144.80
1527,40787173670,541.20
1528,16820487535,845.20
1529,15952496449,1001.80
1530,1315596832,2139.50
1531,43592610842,243.40
1532,20199405212,420.20
1533,47730699387,261.50
1534,2921682506,1632.10
1535,29783933647,800.20
1536,2195538855377,27.10
1537,213102531,2770.10
1538,49387596357,439.20
1539,55602071856,210.70
1540,19877279323,708.60
1541,1102167392,1951.10
1542,17757481131,648.40
1543,311830180,2903.70
1544,31361278515,726.60
1545,16629042586,697.90
1546,89709797937,115.90
1547,65787587207,322.70
1548,43909900603,696.80
1549,19486360133,323.10
1550,531084861,5000.00
1551,1851759981,1372.30
1552,24060120396,186.50
1553,15528612514,442.20
1554,194454136929,79.50
1555,67969863884,61.30
1556,954021236,1607.90
1557,4455710918,1465.70
1558,468703491,2656.30
1559,2550128735,1501.00
1560,67969606609,417.60
1561,36501503648,149.60
1562,47870205595,706.80
1563,13224952207,123.40
1564,473943632,2477.60
1565,74030145679,354.80
1566,4755126399,996.40
1567,1034116061,2290.20
1568,4089951432,1520.30
1569,1060639205,1627.10
1570,17986494775,650.40
1571,3319188633,1464.30
1572,1231010156,1651.30
1573,17641432661,179.10
1574,242044975,3711.90
1575,2487283545982,43.10
1576,9071253786,1046.10
1577,11800191822,569.00
1578,45772334817,591.80
1579,3551752631,1416.00
1580,8626653139,1049.80
1581,20114094823,571.90
1582,854169711286,44.80
1583,625120533,2207.70
1584,8495561866,291.90
1585,2445587859,1759.30
1586,57219984707,555.70
1587,686771624,2586.70
1588,531084861,5000.00
1589,33006011640,212.60
1590,24135810721,242.00
1591,3137957009134,14.80
1592,1394696990,1357.00
1593,7996196373,774.50
1594,531084861,5000.00
1595,28095791239,631.40
1596,531084861,5000.00
1597,1516741393,1521.60
1598,5708684749,1104.40
1599,39535315477,345.60
1600,20528222751,486.70
1601,25377166906,725.00
1602,26778242526,150.80
1603,29504473885,156.70
1604,31629849324,398.30
1605,12524109905,967.60
1606,233783045,4703.70
1607,31348267394,337.80
1608,8591696471,1141.40
1609,58548799244,276.00
1610,1049744675,2066.80
1611,29537023202,314.10
1612,3448111955,1422.30
1613,1501506893,2170.20
1614,8597109595,439.30
1615,1646028072,1386.30
1616,218193318,3569.60
1617,79719167664,169.40
1618,97537207268,120.30
1619,28280725196,474.70
1620,14526162796,189.50
1621,30472315651,123.00
1622,898366308,1950.60
1623,15276690357,952.40
1624,531084861,5000.00
1625,328368673,2817.40
1626,1503553465,2151.20
1627,22491877416,707.90
1628,51522225130,411.20
1629,8913999765,923.80
1630,1495955632,2126.40
1631,75095534863,481.40
1632,60621660373,177.40
1633,101957003110,246.20
1634,246084579,4306.80
1635,809897496,2159.10
1636,21898885050,956.00
1637,1787394659,1399.10
1638,2895945697,1283.00
1639,53797541536,606.40
1640,11640066898,1095.70
1641,361221777,2990.90
1642,3402776137,1619.70
1643,45770220467,299.10
1644,827182332,1783.30
1645,18012028068,772.60
1646,3782976338,1268.10
1647,1282915899,2254.50
1648,625771978,2259.00
1649,2212579551,1493.10
1650,2142066524,1221.60
1651,730326419,2277.10
1652,3507034498,970.50
1653,12977138286,510.80
1654,214116150990,68.80
1655,531084861,5000.00
1656,13149083719,605.00
1657,8767497128,1102.40
1658,43815700114,69.80
1659,65437343984,445.60
1660,3997360645,1481.40
1661,26365733511,717.60
1662,23622364066,395.40
1663,35629048284,97.90
1664,21056146718,312.20
1665,39979892687,716.10
1666,7188177329,1125.10
1667,44745108190,80.80
1668,75203496742,414.10
1669,1119276382,1615.30
1670,22224394808,171.30
1671,1376341084,1434.20
1672,1234998388,2150.80
1673,1055678775,1371.50
1674,15427649283,910.00
1675,66647091404,73.50
1676,358971739,3099.60
1677,11612767197,1038.70
1678,970006248,1756.20
1679,12929833846,980.90
1680,2256645530169,43.70
1681,61726120633,525.50
1682,1720477156,1754.50
1683,170068806106,66.70
1684,9312884290,1048.10
1685,992518115,1842.50
1686,15400665958,695.40
1687,121433238994,56.00
1688,36497154516,589.10
1689,12360439235,1065.30
1690,1066218729480,40.20
1691,45937789352,332.00
1692,13025530365,722.20
1693,13199258161,621.70
1694,15933350168,279.00
1695,12152932891,859.70
1696,41739460264,496.20
1697,93373262848,100.50
1698,4368394220,1183.70
1699,187109458652,72.30
1700,336735834,2485.30
1701,49473824970,362.20
1702,107469375769,103.30
1703,200289636,4106.50
1704,2042725284,1860.70
1705,3770242738486,5.00
1706,29076987293,794.50
1707,2203254335,1296.10
1708,1310219822,1608.00
1709,3876173323,1394.80
1710,24010833678,663.00
1711,46602671483,204.40
1712,1691109891,1583.10
1713,11064002105,779.90
1714,6892005333,1112.00
1715,336868260,2532.60
1716,170180568,4303.70
1717,34199100243,80.50
1718,66016593141,439.80
1719,26701905210,269.50
1720,57168148820,606.80
1721,7454741735,1029.30
1722,6050567369,1351.70
1723,45640201199,302.00
1724,255955638,4312.20
1725,1012337374,1903.10
1726,2506687719,1640.10
1727,17395980713,620.10
1728,6136224096,1015.70
1729,100552888026,91.50
1730,25102678536,617.70
1731,39083219317,398.20
1732,38873091702,300.90
1733,3902729704,1474.10
1734,2580152482,1535.40
1735,93464166537,109.10
1736,118793831265,145.20
1737,3562220534829,8.80
1738,47902129691,87.10
1739,58736385867,532.50
1740,32881544943,423.80
1741,2257372304,1786.50
1742,116268036938,101.30
1743,9375066319,909.60
1744,250341463,2905.30
1745,40641061423,339.30
1746,90129615574,232.40
1747,516190592,3003.50
1748,23497944114,403.10
1749,3322442919,1466.40
1750,95894549864,135.20
1751,11030119018,747.80
1752,5781284617,841.30
1753,49210924929,74.60
1754,1206107451,1790.90
1755,42745255300,265.40
1756,29492492789,861.10
1757,60028790467,185.60
1758,113404304,3054.70
1759,15862995583,808.90
1760,13828768494,400.50
1761,9633098267,694.50
1762,25112997645,786.60
1763,1966709596,1903.20
1764,134175659358,99.90
1765,40303571124,349.80
1766,52803117389,570.90
1767,14982802499,1016.40
1768,191572895,3113.10
1769,5679091680,1330.20
1770,631914505,2367.70
1771,2603312072585,5.10
1772,51367292850,268.10
1773,66647091404,73.50
1774,531084861,5000.00
1775,531084861,5000.00
1776,172204181,2901.30
1777,531084861,5000.00
1778,42187738846,282.50
1779,12345705674,640.10
1780,32734578106,186.00
1781,30868430520,216.90
1782,72766150769,127.00
1783,45245156049,87.00
1784,472970204,1858.80
1785,16366305176,533.40
1786,1532085976,1839.70
1787,30088689181,829.80
1788,531084861,5000.00
1789,4148929536,1266.50
1790,2514910346,1422.90
1791,36462250296,574.30
1792,246957861,2566.30
1793,55322729878,426.60
1794,19214727351,608.70
1795,122157070,4717.30
1796,74465141058,330.40
1797,38711310174,247.00
1798,2780975647,1753.70
1799,33703306067,383.80
1800,74518778745,142.70
1801,63878161731,243.10
1802,531084861,5000.00
1803,2885720105,1730.30
1804,174346353,3502.60
1805,2329193394,1691.80
1806,16156193134,921.70
1807,30863330519,356.40
1808,3073792285,1629.70
1809,353669150,3770.70
1810,34505721209,398.90
1811,60451677863,298.50
1812,14230197259,818.40
1813,3219311844,1585.70
1814,80441963655,248.20
1815,100002935509,282.90
1816,10416826676,833.20
1817,67772239964,139.40
1818,1895345745,1430.90
1819,36509215267,639.30
1820,33861317483,392.60
1821,87201456756,62.80
1822,55145743364,75.40
1823,42135225574,365.20
1824,631318172,2274.60
1825,1191576678,1844.00
1826,19180044744,348.90
1827,8648659156,1192.20
1828,71800857443,321.80
1829,50925910559,379.80
1830,7590056786,1188.00
1831,12977138286,510.80
1832,829409007,2201.60
1833,44770959592,718.80
1834,39295224396,387.90
1835,50252261014,626.60
1836,16059814587,281.70
1837,2494632524,1475.80
1838,41775170008,275.90
1839,10343765591,725.40
1840,531084861,5000.00
1841,2135483967,1839.40
1842,470611815,3124.10
1843,1242385377207,25.20
1844,102457929117,234.60
1845,7465816412,1059.80
1846,65355076831,148.40
1847,32870727520,299.70
1848,28949154934,205.00
1849,6784371358,981.30
1850,1674204999,1548.80
1851,11238912654,483.20
1852,277414516,3326.20
1853,48519767140,682.80
1854,531084861,5000.00
1855,11964732397,1056.60
1856,2398408450,1804.70
1857,10561429279,1011.90
1858,1045639523,2312.20
1859,5341653319,1073.70
1860,11065383115,815.20
1861,531084861,5000.00
1862,49915082169,185.80
1863,57474237530,72.90
1864,42269712675,285.30
1865,35144706134,467.90
1866,41630062279,709.90
1867,8118690329,1221.90
1868,34433728266,450.90
1869,958457881,1740.40
1870,40654858341,426.70
1871,50795915370,602.50
1872,7746003938,898.50
1873,176115670604,58.20
1874,45275885236,262.90
1875,20898727791,573.30
1876,21703339026,799.70
1877,53232856369,104.00
1878,61378359209,196.90
1879,16701692313,582.40
1880,11850177017,1034.90
1881,90512633331,352.10
1882,360284148,3802.40
1883,44611837548,314.30
1884,84609179011,205.80
1885,46853915648,371.00
1886,107682946570,55.00
1887,30156938388,669.00
1888,6696232037,794.30
1889,75448148528,457.50
1890,8330617831,718.10
1891,5421772625,1113.70
1892,18630376435,954.50
1893,114949176,4101.10
1894,1488708875,1772.80
1895,1681636261,1687.30
1896,34651459628,627.30
1897,8679875419,692.10
1898,70486966988,416.30
1899,26692290721,221.60
1900,4593955985,1097.10
1901,862420224,1564.30
1902,15627943772,932.50
1903,40836393851,171.20
1904,11955699332,883.10
1905,383052386,2441.90
1906,1601497283296,34.40
1907,2905428021,1321.40
1908,7366873332,848.30
1909,2469625497,1386.80
1910,3100733769,1561.30
1911,531084861,5000.00
1912,16265206612,261.90
1913,121765318,4106.30
1914,5949260608,1155.40
1915,478575546,3162.30
1916,531084861,5000.00
1917,28383817265,570.40
1918,49377664006,343.50
1919,12993100377,818.30
1920,193862027815,56.50
1921,9546212981,1078.30
1922,123556682585,108.20
1923,437696968,2446.60
1924,12696041586,889.90
1925,40961792115,503.70
1926,5622593065602,19.90
1927,136996921,3490.10
1928,381428575,2303.00
1929,1207205917,1851.80
1930,16037211537,824.80
1931,1616030943739,13.60
1932,7577718145,1019.30
1933,189957298602,56.20
1934,111582513325,208.40
1935,32710589331,830.00
1936,57984979115,183.20
1937,35620029763,800.70
1938,531084861,5000.00
1939,38496142422,408.10
1940,7710678146,987.40
1941,854632384,2195.80
1942,11078220825,1099.80
1943,4600013215577,7.50
1944,276455509,3663.20
1945,17828337630,559.40
1946,627531162,2262.30
1947,4873444989,826.60
1948,1861463135,2036.80
1949,24622732347,333.20
1950,798034607,1802.30
1951,243647739,4689.20
1952,5733520552,1095.30
1953,1640389444,1969.50
1954,3557498066,1592.40
1955,20770605273,942.70
1956,11507777093,248.90
1957,42621453979,368.30
1958,4939265136,1212.90
1959,45816717369,406.90
1960,531084861,5000.00
1961,5881012871,786.40
1962,738442354,1600.10
1963,136059192492,50.60
1964,2339268589,1359.50
1965,29863763145,557.90
1966,2094020334,1810.60
1967,9665668600,1032.30
1968,377065958,3723.90
1969,31255966733,369.90
1970,1194691171,2311.60
1971,35689295228,51.30
1972,43686883076,174.40
1973,3827734936,1345.30
1974,41361019850,57.70
1975,2908758290,1358.80
1976,44141344519,604.50
1977,3496691045,1375.40
1978,45722200740,644.30
1979,42900271623,658.50
1980,63545213502,242.50
1981,29296503984,546.70
1982,49838567175,470.10
1983,17071962593,553.70
1984,32051725986,792.50
1985,18537363572,899.90
1986,300633523,4651.30
1987,3212636212,1663.80
1988,32454598187,254.60
1989,65870899495,471.60
1990,102013942633,245.90
1991,4452322522,1469.90
1992,38220222905,150.10
1993,384779653,3256.90
1994,20005526245,517.90
1995,531084861,5000.00
1996,3781818560,1439.90
1997,65854899203,177.50
1998,82125880010,119.00
1999,18861503811,112.70
2000,33008866832,300.40
2001,25618546907,515.80
2002,383919018,2249.90
2003,20955935937,217.50
2004,39730802624,451.30
2005,6009137081,831.60
2006,58912032195,335.20
2007,7485234397,715.20
2008,12168979846,787.30
2009,4874961198,1225.10
2010,75875730892,281.80
2011,34701141034,382.70
2012,1241043918475,27.30
2013,41205967318,603.70
2014,157765585,3069.40
2015,3060201040,1318.50
2016,4381229821,1153.60
2017,130137377950,76.80
2018,2089927817,1454.40
2019,17709200106,362.40
2020,37900802286,419.30
2021,68922322730,367.90
2022,206832654,2279.30
2023,6851142522,1048.20
2024,515868238,2462.80
2025,41119019073,493.70
2026,21827644920,845.80
2027,41859573037,408.20
2028,10840454137,784.90
2029,191713583906,84.70
2030,169692035,3567.20
2031,42039345442,97.30
2032,1628140557,2115.30
2033,45669219931,438.90
2034,14090327325,887.00
2035,46824411762,50.20
2036,45931536799,260.60
2037,37706611411,420.10
2038,2584084732,1438.60
2039,8374008907,1081.90
2040,3289095004,1170.20
2041,905622209,2260.60
2042,6283088378,1305.60
2043,18073006953,998.30
2044,1268315780,2113.70
2045,45257155222,192.20
2046,125352625340,131.30
2047,6166891020,1144.70
2048,60764050417,302.10
2049,45257155222,192.20
2050,46182292416,208.60
2051,5766179377,1358.30
2052,37623321620,359.90
2053,14635037238,955.60
2054,41495014565,571.40
2055,5645378662,1074.20
2056,153557467,4128.30
2057,17396139902,679.80
2058,95071150,4085.20
2059,132169581013,70.80
2060,5781857450,1248.30
2061,9626359394,1022.90
2062,18213189659,331.40
2063,18871874203,934.20
2064,42714648715,151.30
2065,25078374457,312.10
2066,35472227988,258.60
2067,7780133580,884.40
2068,15174622656,419.80
2069,44916276808,345.70
2070,5835076359,1106.80
2071,8946139172,1130.20
2072,9284263020,840.50
2073,53590008318,613.70
2074,35136099981,563.60
2075,53979840020,619.30
2076,53206291035,233.10
2077,4833540080,1347.70
2078,19955199680,268.00
2079,1368807387770,30.20
2080,30139668220,257.20
2081,24877632042,497.90
2082,17269068965,912.60
2083,1593535168,1779.50
2084,4340516980,1308.10
2085,5158128851,1039.00
2086,2974318021995,5.80
2087,2047850688349,19.40
2088,1085019235,2325.20
2089,15341445618,804.30
2090,39629189417,195.80
2091,41863290724,339.50
2092,49793128804,157.10
2093,92265733932,168.70
2094,3999175771,1010.80
2095,27903845408,258.70
2096,38452950904,578.10
2097,502344911790,40.50
2098,531084861,5000.00
2099,6648836199,951.80
2100,14861541300,821.50
2101,531084861,5000.00
2102,58280287770,179.60
2103,11203857389,668.30
2104,89235018805,53.60
2105,336347374,3928.30
2106,5448686669,1245.80
2107,2314486079099,39.10
2108,42947314117,236.00
2109,4005271869,1398.50
2110,17772370154,184.60
2111,9260933223,1102.80
2112,2951262618,1256.60
2113,293319936,4316.90
2114,13018211415,666.70
2115,34679365254,815.00
2116,110015151698,67.90
2117,32986784432,224.50
2118,531084861,5000.00
2119,5065199866,1085.30
2120,454043143,2899.30
2121,112153815412,170.90
2122,892219240,1957.50
2123,7620615358,938.80
2124,165985908971,57.50
2125,44608250136,105.50
2126,2838608542,1356.10
2127,41571942624,235.30
2128,39167049697,152.30
2129,3507034498,970.50
2130,49245415760,474.20
2131,43738586148,312.00
2132,750715359,1938.50
2133,47277799652,284.10
2134,113741573273,118.20
2135,73863338270,217.60
2136,41798142128,141.20
2137,15294544874,1004.90
2138,8367790694,1155.50
2139,9949562527,928.30
2140,7009085331,1192.50
2141,387725611,3689.80
2142,4834585163,1170.90
2143,10648375149,1074.80
2144,22425041690,857.20
2145,12530893839,870.40
2146,14826347383,494.70
2147,22771418946,273.70
2148,29875998850,385.30
2149,17828337630,559.40
2150,42132559004,297.00
2151,17506089688,723.50
2152,5244415001,1376.70
2153,63018053075,581.00
2154,21756255961,828.70
2155,34035299228,450.40
2156,3445822248978,17.40
2157,107669290746,75.30
2158,12657156940,666.30
2159,3126746775,1571.20
2160,4240590583,1222.80
2161,182289987,3400.90
2162,55114102522,453.10
2163,86091930563,237.40
2164,1006177630,2215.10
2165,51618307623,115.40
2166,181083578,3396.80
2167,46647779799,222.60
2168,48517018327,657.60
2169,1511587184,1846.80
2170,27428447513,604.00
2171,4419287507,1107.20
2172,6264733880,1180.30
2173,2284120963,1415.60
2174,245597240,4393.90
2175,36608383659,204.20
2176,49682338322,633.50
2177,1126097754,1851.00
2178,1587297747132,33.10
2179,1137534276295,47.60
2180,3183128827,1407.80
2181,98160351,4617.80
2182,1948173969,1616.70
2183,507604441,2391.80
2184,613848709,2398.10
2185,70732227886,414.00
2186,2266002329224,35.40
2187,24694377672,814.40
2188,70559646803,458.70
2189,122096768130,140.50
2190,101288575831,202.90
2191,268824746,3471.70
2192,375101647,2592.40
2193,15492878548,492.70
2194,45019691193,479.90
2195,32976555390,306.10
2196,28411969807,667.40
2197,7140845506,1026.90
2198,648126680,2600.70
2199,56320391464,282.60
2200,82367016735,368.20
2201,531084861,5000.00
2202,106341812009,75.20
2203,531084861,5000.00
2204,50552075072,307.20
2205,20528222751,486.70
2206,531084861,5000.00
2207,18813239126,615.00
2208,124863301660,127.50
2209,11506537520,1010.10
2210,18360686333,941.60
2211,23888943450,832.60
2212,45003434062,134.70
2213,1393582315,1915.10
2214,3635281987,1478.00
2215,36590122361,486.20
2216,26701905210,269.50
2217,1232018379808,30.80
2218,649810887,2644.10
2219,53602544086,160.10
2220,30446285947,474.00
2221,830762134,2387.30
2222,16720731512,447.20
2223,531084861,5000.00
2224,35271704236,97.80
2225,39735770550,55.10
2226,5411477618,1250.60
2227,260047048,4040.50
2228,20357106269,185.30
2229,30511423110,75.90
2230,9709985495,1077.30
2231,18842058258,185.40
2232,1864259811451,8.30
2233,18886944449,618.30
2234,40610082317,656.60
2235,42408888034,462.10
2236,16800937318,682.50
2237,1394696990,1357.00
2238,34280004559,207.90
2239,10881601353,935.00
2240,46250028518,111.00
2241,43890240100,580.70
2242,124875991364,137.00
2243,408607787,2831.50
2244,531084861,5000.00
2245,98332515086,222.40
2246,529531823,2530.90
2247,32082017375,767.60
2248,74912548270,73.20
2249,9662829425,677.60
2250,26559586056,588.40
2251,101470912025,52.20
2252,531084861,5000.00
2253,37337008329,595.40
2254,24109863976,714.30
2255,5101220404,1207.70
2256,2093525449,1388.50
2257,69488693437,397.30
2258,14761932363,912.20
2259,25829524007,908.40
2260,96352497274,312.50
2261,2358543160,1334.70
2262,50299578029,93.40
2263,10690424748,634.70
2264,61206493146,154.50
2265,24731715469,444.50
2266,531084861,5000.00
2267,62506980838,156.10
2268,355372837,3540.20
2269,41482737048,133.60
2270,34587145979,265.50
2271,52317852085,187.30
2272,199480219,2994.00
2273,32937855775,746.40
2274,531084861,5000.00
2275,6728188020,778.30
2276,80904389369,354.90
2277,6273605565533,8.70
2278,35141363471,347.60
2279,38861826267,720.60
2280,43885697450,291.20
2281,65358616820,428.90
2282,27606759942,488.70
2283,68323973194,471.70
2284,192565448,3013.70
2285,57279172626,389.70
2286,20432605572,607.60
2287,32780754984,476.30
2288,5920465535,1283.70
2289,1833720426,1417.60
2290,1970016221,1812.60
2291,32327420760,165.30
2292,3388425367312,0.20
2293,23299455360,814.60
2294,24409755246,695.80
2295,155254259119,94.90
2296,85415292128,278.40
2297,34929512873,471.80
2298,11160086132,644.60
2299,1927747045,1659.40
2300,31566061546,615.70
2301,732335191,2410.30
2302,7373712343,703.50
2303,531084861,5000.00
2304,31105015833,339.20
2305,47504088661,321.50
2306,464798540091,36.00
2307,136742267451,56.40
2308,181816386,2944.40
2309,20392797689,255.60
2310,8504594941,1198.50
2311,49530934340,184.80
2312,254847857,3174.80
2313,24769519908,575.20
2314,2306001963,1684.20
2315,285356053,4356.70
2316,34738627817,548.20
2317,4287283856,967.70
2318,3716252551,1114.70
2319,20088037970,820.10
2320,19829591985,555.10
2321,209545032,4875.00
2322,20132244516,795.10
2323,467088641,2318.10
2324,54290500124,135.40
2325,613274119,2344.70
2326,1435023111,2221.80
2327,9284263020,840.50
2328,27985714929,292.80
2329,74731790786,68.00
2330,1199150843023,15.70
2331,93804891837,302.70
2332,36794223585,401.70
2333,89550011325,241.20
2334,5857977277,645.40
2335,90999152469,361.90
2336,111130787791,154.80
2337,51270813072,572.40
2338,471521570,2868.80
2339,96277114288,54.90
2340,531084861,5000.00
2341,52011509072,483.50
2342,3047343988,1560.60
2343,27917230015,294.10
2344,9539978660,816.00
2345,3850469288,1525.20
2346,5569346939,1170.40
2347,344068079,3523.50
2348,2623596538,1679.80
2349,34768476870,163.10
2350,48886240801,85.70
2351,33829131438,738.20
2352,288829672,2565.10
2353,1350269992,1679.70
2354,3067472103071,12.90
2355,3051377340,1279.50
2356,140789783,4228.10
2357,3666853065,1241.70
2358,531084861,5000.00
2359,2044562754,1570.20
2360,863714670,2091.50
2361,60906108151,310.30
2362,1270450029,1775.50
2363,531084861,5000.00
2364,788432836615,46.60
2365,919477585,1809.20
2366,1050820902,1773.60
2367,2775167454,1266.00
2368,52211832525,304.80
2369,41530757292,495.40
2370,2817558586,1711.40
2371,70338896119,428.80
2372,211785001,4808.00
2373,28641516294,135.60
2374,38815062355,621.60
2375,39621345545,364.20
2376,12428090360,919.30
2377,24154524255,636.20
2378,32819502736,643.40
2379,3477490081,1413.00
2380,4299531400,1420.50
2381,42458689068,410.60
2382,6839159408,1015.10
2383,406489853,2330.30
2384,8356965464,789.10
2385,26938544221,473.10
2386,3336874410,1657.20
2387,223110245628,97.50
2388,68537359606,543.00
2389,104126117,4313.40
2390,30253418036,619.70
2391,17878052396,697.00
2392,5066912814,908.80
2393,1586672506965,41.50
2394,15837751004,869.80
2395,1728790492,1268.40
2396,1425872838,1819.00
2397,531084861,5000.00
2398,13219884611,839.50
2399,10147764224,752.30
2400,15877723807,458.40
2401,1013340475,1799.20
2402,8416274949,1168.70
2403,57871112684,185.00
2404,14073871893,390.30
2405,42323049867,175.20
2406,25881388430,224.30
2407,103067960752,192.90
2408,4076761150,1179.80
2409,531084861,5000.00
2410,1022717565,1789.50
2411,73984302597,268.50
2412,3083494765,1634.50
2413,13588133423,443.70
2414,325679325,3103.30
2415,6009137081,831.60
2416,4288596784,1436.40
2417,108344906491,146.60
2418,83978903803,289.60
2419,301112871,2772.70
2420,50588784473,131.00
2421,5297395753,1397.20
2422,831712421494,26.00
2423,25936386668,397.70
2424,24093557170,753.70
2425,531084861,5000.00
2426,856865289,1897.00
2427,2365633425,1827.70
2428,5929339370,959.80
2429,5061644471961,4.00
2430,5608739723,1289.50
2431,24772309882,789.50
2432,58990672548,605.90
2433,118747890449,220.40
2434,39295224396,387.90
2435,908568213,2430.20
2436,28940362859,791.30
2437,28383817265,570.40
2438,17474641046,782.00
2439,61339882047,191.80
2440,38906895345,295.50
2441,4117862209,1495.20
2442,37529029515,323.40
2443,6938140172,958.00
2444,207437121874,54.10
2445,4315203926,1136.70
2446,303676698,4164.00
2447,7048326733,1225.90
2448,3677710537,1319.70
2449,15191411054,311.20
2450,23441245470,706.10
2451,77622782346,78.00
2452,58446468400,252.40
2453,531084861,5000.00
2454,20777922911,810.60
2455,492067560,2540.50
2456,531084861,5000.00
2457,15466486221,118.40
2458,31637558019,429.30
2459,1666493516,1881.30
2460,1765858411,2066.50
2461,1602521793242,23.80
2462,531084861,5000.00
2463,531084861,5000.00
2464,24315367440,535.00
2465,100054010088,278.70
2466,24483346639,562.00
2467,531084861,5000.00
2468,48419298682,258.20
2469,21137961759,563.70
2470,155717217,3440.70
2471,14362404037,972.40
2472,910441645,2380.20
2473,5591522279,1377.40
2474,56671399586,612.60
2475,945928130010,39.40
2476,10899664171,538.10
2477,3633346651,1344.40
2478,57813211462,286.00
2479,1058361773461,46.70
2480,1508485069,1989.60
2481,279534352,2656.00
2482,17757481131,648.40
2483,9196302133,1036.10
2484,14124837935,796.50
2485,55767504220,607.80
2486,531084861,5000.00
2487,531084861,5000.00
2488,69958315658,476.70
2489,2214642661,1860.50
2490,33120593400,149.10
2491,52827266068,253.20
2492,52727034341,496.90
2493,6610009000,1156.80
2494,21324475549,827.90
2495,5979166201,773.10
2496,17346149269,743.90
2497,54040294171,634.10
2498,29722763407,330.10
2499,11145058748,873.10
2500,22272388373,708.80
2501,17177443564,987.90
2502,15365822985,538.30
2503,36063486590,176.50
2504,2152143582,1787.00
2505,228106454,3465.30
2506,78025688347,221.30
2507,52460404032,508.80
2508,14110420368,695.90
2509,85990201198,94.20
2510,88265555909,246.70
2511,421625342,2445.10
2512,38521127339,674.70
2513,37063092479,407.70
2514,104821726600,95.70
2515,586678355,2564.50
2516,1578513601,1790.80
2517,9343460041,881.60
2518,34087519138,353.40
2519,19909892150,907.60
2520,19517568902,705.70
2521,92225353692,92.20
2522,531084861,5000.00
2523,5859401311,752.80
2524,43082561132,651.00
2525,35261187572,724.30
2526,19258575550,789.20
2527,3189254254,1635.60
2528,9003421335,889.30
2529,52600987275,510.10
2530,45904461163,718.90
2531,4690467124,1003.00
2532,1568858217465,46.80
2533,2049514930,1476.50
2534,62986535655,491.70
2535,76016885697,111.70
2536,91620020461,262.00
2537,23090592916,108.30
2538,72155930872,444.10
2539,169547500,2828.30
2540,179681310,4185.60
2541,531084861,5000.00
2542,42861228700,118.30
2543,1686766940,1957.00
2544,718124939,2239.60
2545,437639906,3220.80
2546,13518185562,197.40
2547,56720437118,551.50
2548,9031054520,1181.70
2549,1113808103,1886.90
2550,247040633,4330.10
2551,71182022220,511.60
2552,57851592909,235.80
2553,106560546089,215.70
2554,5298859287800,6.60
2555,10166847180,162.20
2556,112510743604,237.50
2557,63305409161,486.00
2558,291999108,4058.10
2559,13175063979,843.60
2560,4554734138,1145.60
2561,47938140469,638.40
2562,108705548074,250.50
2563,8616310386,369.70
2564,50569102079,187.20
2565,12744298690,604.10
2566,1420393851424,46.40
2567,4599857263,1376.30
2568,1507194259,2020.50
2569,7113528803,962.30
2570,22737871719,700.70
2571,1700225531,1834.90
2572,908089902,2430.50
2573,30511423110,75.90
2574,62546932040,180.80
2575,11921292092,862.10
2576,338388580,2498.40
2577,16181860325,828.60
2578,34333232255,810.90
2579,4599048659,1154.10
2580,23301845854,267.40
2581,531084861,5000.00
2582,24809865625,908.10
2583,23061703753,463.70
2584,11913810002,801.20
2585,12530893839,870.40
2586,24349834301,432.90
2587,1224234377,1822.90
2588,31918692957,154.30
2589,1722731618,1473.60
2590,50985114466,469.50
2591,236236227,3421.80
2592,967288766,2385.20
2593,97122564802,265.90
2594,13599193560,651.80
2595,2470506289,1766.60
2596,16074765309,821.40
2597,21354725118,759.70
2598,24032699166,111.50
2599,6219729073,1263.50
2600,5991790628,1070.10
2601,1416605740,1847.90
2602,60367249716,52.80
2603,40118620824,267.80
2604,11086930936,838.10
2605,40949921695,264.50
2606,29852657897,628.80
2607,2764780836,1460.70
2608,1101935335,1769.00
2609,38331079998,711.10
2610,23383982077,913.40
2611,2187172937,1464.40
2612,1993963738,1723.30
2613,611065650,2751.60
2614,54407170413,264.70
2615,60135573907,365.80
2616,7147671762,1289.10
2617,14110420368,695.90
2618,2325531732,1403.10
2619,636239722,1983.50
2620,2793208723788,6.20
2621,24054188434,113.10
2622,9177873232,982.30
2623,531084861,5000.00
2624,2283460273,1797.70
2625,386724454,2944.10
2626,2005959472,1768.40
2627,66006251661,279.90
2628,56973627396,60.50
2629,531084861,5000.00
2630,347069594,3276.20
2631,1217471276,1630.50
2632,1475127436007,18.10
2633,1357813049,2160.00
2634,65349082455,214.50
2635,44298448825,533.80
2636,87460796650,268.30
2637,265411922,2582.70
2638,531084861,5000.00
2639,531084861,5000.00
2640,1493225976,1892.50
2641,24135810721,242.00
2642,21540110778,830.20
2643,5880871953,1021.30
2644,1661191747,2019.30
2645,2802221343,1036.60
2646,6076153308,766.40
2647,1738662525,1001.40
2648,529100108,3025.20
2649,484856404,2405.10
2650,589645256,2009.20
2651,3165149441,1202.90
2652,1655732231,1867.10
2653,14427952868,103.80
2654,67969863884,61.30
2655,35804483930,535.50
2656,4064240349,1398.60
2657,43220282783,117.40
2658,667204090943,32.50
2659,90984972347,71.60
2660,3205065550,1637.10
2661,5560866400,1235.70
2662,34513203331,119.60
2663,4672794881,1451.80
2664,13175063979,843.60
2665,12015604853,684.60
2666,39341826634,264.40
2667,29720281806,307.50
2668,28641516294,135.60
2669,434522431,1850.80
2670,36853782248,703.70
2671,14393259501,964.60
2672,21203523250,306.40
2673,68795475965,531.10
2674,82392894209,356.00
2675,3403616157,1228.80
2676,51866567118,544.90
2677,531084861,5000.00
2678,531084861,5000.00
2679,24523413023,571.70
2680,31802032548,145.80
2681,6875726527,1233.90
2682,164426629,4031.80
2683,43254587900,96.30
2684,531084861,5000.00
2685,890523870,1974.20
2686,34437539312,590.00
2687,45868153446,196.70
2688,6860477718,1020.10
2689,1402581976401,29.20
2690,26120909644,514.10
2691,1479480317,1654.10
2692,2260489852,1689.50
2693,29582191449,867.40
2694,22008577710,389.10
2695,973978540,2061.90
2696,2273582356,1616.20
2697,55118207453,130.60
2698,555956165,2682.00
2699,1338457026,1978.70
2700,5922928938,811.90
2701,32054772612,391.70
2702,4103095098,1508.90
2703,18862868140,683.20
2704,54195759904,138.10
2705,27692943084,863.00
2706,15280916925,969.40
2707,10889499643,739.60
2708,517022295,2718.70
2709,4745870836,1002.40
2710,8869998148,1046.20
2711,159588971,3737.00
2712,20741487581,921.10
2713,1458091280059,26.10
2714,625333609,2271.70
2715,143487952936,72.80
2716,290356780,2493.70
2717,1614983176,1495.00
2718,25192740430,475.80
2719,31597897254,386.30
2720,16629042586,697.90
2721,107439440429,92.40
2722,21056146718,312.20
2723,1920980595,2020.30
2724,65816285580,520.40
2725,71874223088,173.60
2726,2426030476586,21.60
2727,531084861,5000.00
2728,25934924819,769.30
2729,72052122550,198.60
2730,76448254644,308.30
2731,26371495841,514.20
2732,18957956104,262.70
2733,3178925897,1491.00
2734,127076777805,124.90
2735,186047120,3317.80
2736,83191513508,73.80
2737,11921292092,862.10
2738,289932836,2110.60
2739,35972067592,442.50
2740,531084861,5000.00
2741,2720143702,1599.70
2742,15436471258,362.60
2743,262431238,4600.20
2744,531084861,5000.00
2745,659970582610,42.80
2746,94965761472,137.90
2747,291149683,4313.60
2748,16016194919,970.40
2749,1109296589,2232.80
2750,13597831160,915.40
2751,4426062935,1316.30
2752,99896102158,281.50
2753,52389740620,266.20
2754,8597109595,439.30
2755,16645972091,379.70
2756,4846913467,1021.80
2757,10943469347,520.20
2758,157841209381,90.80
2759,15457007297,926.80
2760,57005790077,478.80
2761,197238909,2902.10
2762,350317669,2531.60
2763,1540307005,1686.00
2764,511398932,3047.60
2765,531084861,5000.00
2766,21242149345,341.70
2767,332914355,2915.00
2768,18187069054,505.10
2769,49047135802,466.10
2770,38119010187,656.70
2771,6967919982,1063.10
2772,169977107,3234.80
2773,1109437892,1538.50
2774,17616273802,135.90
2775,107978688274,143.90
2776,27280118273,529.70
2777,386726538,3505.40
2778,39126500711,216.10
2779,1472123364890,23.30
2780,54080056544,409.30
2781,2403670212,1313.60
2782,104451512858,228.00
2783,6197027929463,18.70
2784,24692285353,265.10
2785,1779131672,1939.50
2786,86945009157,347.20
2787,24460595692,637.90
2788,1650122090,1782.70
2789,12715765229,982.50
2790,15016377759,388.60
2791,29801599333,373.50
2792,2708159639,1480.30
2793,7082070581,995.70
2794,18835998724,224.90
2795,531084861,5000.00
2796,4905019120314,8.60
2797,592456733,2087.70
2798,46975128035,556.40
2799,2713460251,1743.40
2800,15224515591,841.60
2801,2387706155,1437.50
2802,531084861,5000.00
2803,39376516095,343.00
2804,39418499619,385.90
2805,75299996953,363.00
2806,17860369516,283.80
2807,33582712484,508.60
2808,10537779040,897.70
2809,531084861,5000.00
2810,4407466571,1160.30
2811,63025379517,114.40
2812,1050492744,1973.00
2813,15277525708,987.30
2814,531084861,5000.00
2815,195467275302,66.20
2816,16325046866,875.00
2817,30804689469,402.80
2818,15828367113,703.00
2819,7917145239,628.70
2820,55933049546,484.70
2821,305633449,3770.50
2822,1983053890,1811.50
2823,4307404906,1450.70
2824,43866254710,539.20
2825,40662929835,347.00
2826,98649730942,255.50
2827,43686883076,174.40
2828,21792460304,554.50
2829,13004224519,241.70
2830,20204037405,325.60
2831,169428061,3844.40
2832,5150118775,587.60
2833,4534838360,1129.40
2834,23038354641,561.20
2835,111043162596,86.70
2836,532681328,2432.50
2837,928281095,2103.10
2838,38154510532,154.00
2839,19139514183,875.30
2840,10484212042,1122.80
2841,37362501862,181.20
2842,33127919745,333.30
2843,932109331,1808.80
2844,83127016119,109.40
2845,22768015469,508.40
2846,10526278225,277.50
2847,25907731316,806.50
2848,91850625196,113.00
2849,83104447788,187.80
2850,25015078635,163.90
2851,15016377759,388.60
2852,24257331615,328.50
2853,643853257,2036.20
2854,59130491625,162.40
2855,1855670912,1666.30
2856,15828144976,781.30
2857,23768371557,683.00
2858,73414716397,150.90
2859,1476349619,1227.40
2860,70157595812,76.60
2861,905928392,2053.00
2862,8562791565,991.20
2863,120550944712,75.80
2864,4010636745,1117.30
2865,48886240801,85.70
2866,61341506478,334.70
2867,53099375558,104.30
2868,8495561866,291.90
2869,48682389356,176.90
2870,70603943410,468.40
2871,3135658672,1650.70
2872,1989154736,1144.00
2873,198397090,3692.20
2874,62424455276,494.60
2875,94355518620,119.80
2876,531084861,5000.00
2877,74446620824,436.40
2878,15349678149,1008.50
2879,54290500124,135.40
2880,23483104905,929.70
2881,469357799,2305.20
2882,267989755,2869.20
2883,11827499627,710.90
2884,72399001122,371.10
2885,149427577,3903.70
2886,22140512742,714.00
2887,3448625529,1419.60
2888,288829672,2565.10
2889,39813835481,430.90
2890,11203857389,668.30
2891,39386681433,447.60
2892,4599048659,1154.10
2893,20783828418,926.10
2894,56768629895,87.60
2895,24257331615,328.50
2896,13599193560,651.80
2897,11012300475,770.20
2898,11999376023,944.00
2899,47816045843,684.20
2900,58319741359,586.40
2901,364639706,3593.20
2902,23061703753,463.70
2903,57815934673,601.50
2904,341632516,3334.60
2905,4315203926,1136.70
2906,1875891828,1381.80
2907,49689211240,511.10
2908,530281954,2601.10
2909,158273781,2416.40
2910,31844718858,378.20
2911,6436240903,1061.30
2912,16943507747,805.90
2913,6681271251,1219.40
2914,1824870410,1658.10
2915,16858211634,497.50
2916,12275697657,788.80
2917,59939037880,593.10
2918,197006937041,63.70
2919,4479415138,1431.70
2920,2340199961,1825.60
2921,23208479417,119.50
2922,22389797539,947.60
2923,47621223826,332.30
2924,33213389600,434.70
2925,1068218527,1677.30
2926,788432836615,46.60
2927,25492945340,529.80
2928,21419385093,848.60
2929,26120909644,514.10
2930,2786604022,1666.10
2931,7659664008,1095.50
2932,12817302176,679.30
2933,1564680774,1505.80
2934,37815989057,60.60
2935,35280911708,753.60
2936,52461836501,490.80
2937,49921140102,625.90
2938,59884313602,246.50
2939,5006069293,1203.00
2940,31630290119,620.80
2941,20233183113,699.40
2942,2752789723,1569.90
2943,6037110359,1005.20
2944,531084861,5000.00
2945,96860714816,269.40
2946,79281687277,50.30
2947,26833141534,427.70
2948,43457741298,691.40
2949,531084861,5000.00
2950,2414591983,1301.60
2951,25030800378,202.00
2952,29464077965,64.00
2953,57003491892,530.10
2954,25789350545,610.30
2955,3432329623,1081.50
2956,25356451217,819.00
2957,516341723,2338.70
2958,27633911928,305.70
2959,193192100377,52.40
2960,8820698103,1013.10
2961,38145192258,174.80
2962,604937623,2146.40
2963,531084861,5000.00
2964,18120700956,421.60
2965,15928620347,976.90
2966,42039345442,97.30
2967,11363292255,768.10
2968,32921452932,350.70
2969,226441036,2863.90
2970,2301895723,1751.40
2971,13214741576,911.10
2972,3427425466,1446.00
2973,425289162,3368.20
2974,1081767879,2030.00
2975,3060201040,1318.50
2976,885084191,1681.10
2977,28736491776,84.80
2978,46775834959,212.30
2979,57945851431,169.10
2980,445283807,3274.10
2981,15865217952,958.90
2982,926675365,2004.50
2983,3737628459,1340.00
2984,35292063779,792.20
2985,13599193560,651.80
2986,531084861,5000.00
2987,531084861,5000.00
2988,47079524843,335.40
2989,355983401,2919.70
2990,31974761273,58.90
2991,795047316,2409.80
2992,3119126364,1608.90
2993,531084861,5000.00
2994,85151266120,378.30
2995,277256549,4994.50
2996,531084861,5000.00
2997,48469617288,477.20
2998,83224282967,299.00
2999,31539398726,395.90
3000,733084598796,30.00
3001,40960507125,765.20
3002,2213510457,1394.00
3003,392827678,3553.40
3004,231245209,3184.40
3005,2930626808,1731.60
3006,3777654266,1024.90
3007,118077390108,151.40
3008,31367259290,529.90
3009,25496441382,308.00
3010,53971926163,257.50
3011,2360098489246,10.40
3012,1627313837,1530.70
3013,14928916478,932.40
3014,350515926,2694.90
3015,157795267,4380.40
3016,16185608313,504.00
3017,315653151,3517.80
3018,4297437436017,19.50
3019,175629112,4930.00
3020,2414727160,1563.50
3021,21433709580,613.60
3022,33196965842,279.80
3023,4755126399,996.40
3024,59724363652,136.10
3025,4564546298,1226.00
3026,1589142253243,29.90
3027,19462688902,704.50
3028,1339936117393,34.50
3029,6477088006,1015.00
3030,29819281338,582.20
3031,20709186397,649.50
3032,21682003564,464.40
3033,10343765591,725.40
3034,82256994411,140.00
3035,27082872357,807.90
3036,3655692369,1427.40
3037,87923030836,230.70
3038,93233271521,233.50
3039,531084861,5000.00
3040,269048178,3318.50
3041,10718598550,516.50
3042,2714156155,1466.70
3043,6839159408,1015.10
3044,49993138504,457.40
3045,17527914557,651.30
3046,30161362651,575.30
3047,13069912593,596.10
3048,22933676219,111.60
3049,351483859,3127.50
3050,2562423286,1710.50
3051,22227995183,111.30
3052,4687156392,897.30
3053,5656237108508,3.40
3054,41027730382,658.20
3055,65703258849,186.10
3056,4528768899,721.60
3057,1640135548,1599.10
3058,54596261713,270.30
3059,28124543044,806.10
3060,90977782595,59.80
3061,127515084,4238.30
3062,4505887318,1248.70
3063,47927904568,49.30
3064,39100229304,101.20
3065,99791297980,58.40
3066,18187069054,505.10
3067,28284427326,197.50
3068,1006810176,1833.50
3069,615243571,2629.70
3070,23092166022,459.80
3071,29236056449,266.40
3072,86469621878,341.40
3073,112022749632,95.50
3074,9986855804,592.00
3075,26848252493,547.50
3076,78336336855,79.80
3077,1317206708,1772.10
3078,15020018561,303.90
3079,28223509033,553.30
3080,50122323742,137.70
3081,4094780485,1519.70
3082,1917055861,1500.20
3083,9022411701,1017.70
3084,97235675782,127.90
3085,531084861,5000.00
3086,3504662272,1523.90
3087,4678644721,1420.70
3088,10279401961,593.80
3089,98411415314,146.20
3090,30906433939,712.10
3091,9118952319,981.70
3092,2670592178264,38.00
3093,197072668994,54.80
3094,22551704095,471.10
3095,27155624493,474.40
3096,9500552979,1164.50
3097,531084861,5000.00
3098,450696078,3203.60
3099,2037213761,1816.00
3100,55573352644,134.00
3101,32620394051,186.40
3102,96899301393,197.00
3103,15525003578,610.90
3104,13140358072,924.30
3105,531084861,5000.00
3106,146551009,3706.90
3107,13828768494,400.50
3108,64843355582,437.10
3109,1917055861,1500.20
3110,52302369545,594.60
3111,380079800,2939.00
3112,37150435298,475.90
3113,1022499506478,47.30
3114,141312909,3820.10
3115,368627622,3190.10
3116,31105015833,339.20
3117,531084861,5000.00
3118,27139814650,511.40
3119,20095155495,499.70
3120,28666325382,425.90
3121,1910206982,1667.50
3122,2784234290,1624.80
3123,11401619928,911.90
3124,74354478201,459.70
3125,64533604717,446.10
3126,216784209,3652.50
3127,62741959553,72.60
3128,432379107,2930.30
3129,215191016,3166.50
3130,2586723427,1557.70
3131,29504473885,156.70
3132,45672075955,262.80
3133,22733499228,728.80
3134,531084861,5000.00
3135,572502814058,43.00
3136,3739495172,1527.70
3137,9665592804,1175.40
3138,41759734308,292.50
3139,1099800622,1855.60
3140,31290622135,163.80
3141,6991009111,1004.00
3142,52448530386,309.70
3143,103031447329,86.20
3144,2499552172,1672.00
3145,9151301798,637.30
3146,27577698660,645.30
3147,307461068,3323.70
3148,50617126400,430.60
3149,178285927,3567.10
3150,1798315591,1441.80
3151,1945734360,1578.30
3152,36315778654,226.70
3153,6408394155,1064.40
3154,1086206779,1452.30
3155,3479179200,1466.30
3156,7941456768,828.10
3157,4528768899,721.60
3158,23782327807,850.50
3159,1945734360,1578.30
3160,57474237530,72.90
3161,489706673,2377.40
3162,76945076088,312.30
3163,119687857,3906.50
3164,531084861,5000.00
3165,12654015773,773.40
3166,71823517200,514.70
3167,29566230546,403.30
3168,425295020,3250.00
3169,15525003578,610.90
3170,15119588900,396.00
3171,1216898391,1794.30
3172,296444854,4058.30
3173,32177849279,580.50
3174,2707283553,1602.20
3175,365281392,2752.00
3176,29760462055,590.50
3177,2038932863036,37.70
3178,14250446403,846.30
3179,1270988817,2236.70
3180,30555862326,301.10
3181,3106327343877,17.60
3182,477427358,2827.00
3183,30729169108,624.90
3184,509084746,2419.20
3185,6728188020,778.30
3186,40848234585,145.60
3187,731653856,1632.70
3188,531084861,5000.00
3189,30167948394,852.30
3190,100889643460,88.40
3191,2519066097923,13.70
3192,28227886241,120.20
3193,33458866404,699.60
3194,531084861,5000.00
3195,531084861,5000.00
3196,425201422,2958.70
3197,2185165613,1694.10
3198,1758758926,1763.90
3199,32956190726,422.30
3200,26267384196,441.80
3201,32178390307,483.60
3202,531084861,5000.00
3203,13927861950,450.10
3204,2116608954,1750.10
3205,34114565033,235.90
3206,5393390292,1302.10
3207,33593066203,572.80
3208,27343236315,298.10
3209,40118620824,267.80
3210,7737766800,1099.60
3211,14653288085,621.50
3212,23693447570,270.10
3213,79150682787,187.90
3214,1815793013,1542.00
3215,35789536495,350.60
3216,43135046028,180.40
3217,23651681881,593.40
3218,205374138,3543.00
3219,21261977740,420.90
3220,150122045,3556.10
3221,12264636900,1000.10
3222,2422451625133,38.30
3223,531084861,5000.00
3224,3600583465,1210.50
3225,36571830672,588.10
3226,7111243406,1155.10
3227,905928392,2053.00
3228,2749041699,1428.30
3229,3987473136,1554.40
3230,41482737048,133.60
3231,1127431414531,24.40
3232,531084861,5000.00
3233,1784974099616,25.80
3234,93591471157,287.40
3235,558404155,2618.10
3236,6518169090,994.30
3237,2439671582802,4.90
3238,8737823318,1088.50
3239,26743555380,407.90
3240,3448186473,1043.20
3241,49382878543,53.50
3242,1825883281772,43.30
3243,17997636350,297.80
3244,1666367564989,28.70
3245,173976137,4478.90
3246,973978540,2061.90
3247,39621227221,354.20
3248,3445428631,1559.20
3249,18861503811,112.70
3250,1091333951,2129.10
3251,66012138985,63.80
3252,25412973684,470.30
3253,531084861,5000.00
3254,22551704095,471.10
3255,749020550930,24.10
3256,3921262496,1287.00
3257,667204090943,32.50
3258,435460076,2892.80
3259,127001632788,68.20
3260,24692285353,265.10
3261,72210484225,446.20
3262,299231390,2777.60
3263,48651663082,321.00
3264,20199405212,420.20
3265,7198633526,1246.50
3266,68582281262,268.70
3267,25078374457,312.10
3268,289226542,3237.50
3269,46710953368,548.60
3270,51856503649,327.00
3271,311992901,3220.70
3272,531084861,5000.00
3273,167677143,3416.20
3274,1362900318431,38.70
3275,142004700,4048.30
3276,881155434279,37.60
3277,88609145471,275.10
3278,358297220,2941.80
3279,41482737048,133.60
3280,42861228700,118.30
3281,4789440573,1033.70
3282,20929081947,776.70
3283,436092300693,47.70
3284,20426322081,702.30
3285,618615990,2211.80
3286,1299901085,1841.00
3287,30590668501,101.10
3288,4603542682,996.90
3289,46399280113,351.50
3290,126126212,4315.90
3291,179076979,4693.90
3292,301342518,4931.50
3293,29735784009,653.70
3294,35993280349,709.30
3295,40078349643,238.10
3296,51618307623,115.40
3297,24054188434,113.10
3298,18828750159,771.40
3299,2990490198,1669.60
3300,5526167809,1147.60
3301,4242664112,1431.10
3302,210244579990,76.70
3303,1572273062,2104.50
3304,37479494249,707.80
3305,387355436,2490.60
3306,11931401152,854.10
3307,15119588900,396.00
3308,69416739005,420.80
3309,40411088819,333.80
3310,2969522491,1261.60
3311,9169157423,1025.90
3312,7401914282,930.60
3313,1539871173,1399.60
3314,777523678,1884.50
3315,5298226816,1015.90
3316,13385304664,444.30
3317,381428575,2303.00
3318,116212692634,125.10
3319,7095786898,1223.30
3320,531084861,5000.00
3321,30096770664,183.10
3322,176787539,3715.90
3323,2364288117,1766.40
3324,10144367594,1143.60
3325,113350443090,91.60
3326,48774677238,319.60
3327,311030237,3490.50
3328,2112250319,1067.30
3329,47277799652,284.10
3330,10042134802,925.30
3331,94609973198,251.60
3332,30804689469,402.80
3333,11386622500,1063.60
3334,264378791,3708.30
3335,3083922330,1585.40
3336,11787849442,945.90
3337,35271704236,97.80
3338,4317918410730,15.90
3339,5162261189,1304.80
3340,80567384910,181.80
3341,801163652,1852.70
3342,391396796,3626.50
3343,5831116705,1366.70
3344,1003915721,1302.50
3345,117190333184,181.70
3346,27688103574,326.20
3347,1852449053,1377.30
3348,55602071856,210.70
3349,753822171,2482.70
3350,24692285353,265.10
3351,82732755955,425.50
3352,40585812302,159.70
3353,4106843737,1152.20
3354,113969795430,242.30
3355,69248428787,179.70
3356,28681180255,53.00
3357,20041533012,399.10
3358,8716133023,1052.00
3359,531084861,5000.00
3360,55855913702,138.90
3361,774574063,2195.30
3362,1100360455,2355.30
3363,3331284400,1604.40
3364,20807404866,790.40
3365,17997636350,297.80
3366,59759103417,116.00
3367,1333084683,2044.10
3368,15797758642,838.00
3369,14146182959,724.00
3370,30082183277,352.40
3371,36302944570,553.40
3372,1802854006,1944.80
3373,11561245235,260.70
3374,324311788,3176.50
3375,160165615,3715.70
3376,11613541169,1067.90
3377,25870189430,616.40
3378,49023773723,691.80
3379,38342638943,670.70
3380,17860369516,283.80
3381,41483301483,106.20
3382,25933090939,799.20
3383,1186157387541,22.40
3384,8457366696,1054.50
3385,6193438276,1024.10
3386,28583251208,766.50
3387,69363227204,412.80
3388,40087104065,352.20
3389,21958722637,283.90
3390,38801609945,128.70
3391,531084861,5000.00
3392,54500323718,68.30
3393,35075001642,803.50
3394,18217561962,660.70
3395,35533101200,488.30
3396,28975339128,436.70
3397,1371838495,1917.80
3398,49787522742,160.00
3399,5155450978,1147.70
3400,13402510610,463.20
3401,2187602298,1491.30
3402,2293502240,1775.90
3403,216061252974,72.50
3404,14877318954,845.50
3405,298523694,4616.50
3406,43057525898,271.80
3407,862420224,1564.30
3408,29293721588,563.80
3409,248968696,2877.10
3410,531084861,5000.00
3411,1708964592,1810.50
3412,415375925,2256.50
3413,97888339293,90.20
3414,27274481078,408.90
3415,27869851211,308.80
3416,45093285923,177.90
3417,84605613689,370.60
3418,418649939,2941.90
3419,531084861,5000.00
3420,67527253845,179.00
3421,5804196629,1146.40
3422,4917515497,1428.90
3423,41145027756,394.60
3424,69988734452,202.10
3425,28205613660,230.80
3426,49502130817,631.50
3427,17391917714,994.90
3428,3917691176,1327.30
3429,68064826161,55.60
3430,33566903899,787.80
3431,1029412957656,4.40
3432,3894985283803,12.70
3433,40774400180,77.90
3434,12758612743,782.20
3435,18735703757,315.70
3436,40568573439,767.40
3437,487104594,2837.30
3438,816867519,2083.60
3439,1537255375,1727.70
3440,19607809480,376.20
3441,7373712343,703.50
3442,22185851234,802.40
3443,30587709228,696.70
3444,70045032237,68.50
3445,506474614,2412.60
3446,41777369541,648.50
3447,18023678123,547.00
3448,27222333147,697.80
3449,9570715177,711.00
3450,50299578029,93.40
3451,45760738462,572.50
3452,12354842210,842.40
3453,24683641469,615.10
3454,39851265504,194.20
3455,796529495,2362.50
3456,174026821237,64.20
3457,291269931,3254.50
3458,6055137446,1074.70
3459,94523456622,288.40
3460,531084861,5000.00
3461,10843275643,845.60
3462,6082418721,802.70
3463,5958787060,1325.00
3464,6458556189,1308.60
3465,1598359637,1692.40
3466,1457396798,1577.90
3467,30009179845,143.80
3468,1364789336,1960.80
3469,22801006533,184.20
3470,27900095063,373.30
3471,31448987440,311.50
3472,24315367440,535.00
3473,44080929948,150.60
3474,45495552736,341.80
3475,61674202246,337.90
3476,531084861,5000.00
3477,60038785099,520.10
3478,11800191822,569.00
3479,32744734850,497.10
3480,25112870145,106.40
3481,502344911790,40.50
3482,4943066445,1363.80
3483,25662671106,771.10
3484,19032869561,158.40
3485,6037110359,1005.20
3486,64732589112,313.90
3487,6505026530,1236.80
3488,3637630917,1035.00
3489,51885462840,162.10
3490,1039493066034,45.20
3491,38275376379,162.30
3492,160625915182,60.20
3493,23092166022,459.80
3494,15626064813,266.70
3495,42602194278,403.70
3496,13588133423,443.70
3497,10929097446,941.30
3498,294977013,4400.60
3499,1068592316,1710.30
3500,1517825349,1648.40
3501,29763878073,246.10
3502,28719137794,884.30
3503,1592894328,1890.00
3504,10762516815,822.10
3505,37902792055,482.20
3506,861991133,2501.50
3507,21930815356,778.60
3508,14168501189,296.50
3509,18242339359,652.70
3510,13962637728,358.60
3511,31283393074,537.20
3512,19548463860,773.80
3513,42659809234,395.80
3514,77924501018,114.60
3515,41939854372,660.50
3516,7528284246,708.70
3517,38775873686,649.40
3518,3560330264,1590.00
3519,22021784943,374.60
3520,23644356033,570.00
3521,1750548683,1732.90
3522,531084861,5000.00
3523,80463865315,55.80
3524,531084861,5000.00
3525,89152406325,317.60
3526,11539451552,952.80
3527,281792042,3474.60
3528,1625648101,1762.60
3529,170276231,3033.10
3530,1046547541026,44.90
3531,823405241,2455.10
3532,20339003585,358.00
3533,531084861,5000.00
3534,531084861,5000.00
3535,39912076617,424.40
3536,7740681126,1262.20
3537,37820439531,712.90
3538,17709200106,362.40
3539,19813682471,257.70
3540,7710580119,1067.70
3541,49210924929,74.60
3542,131038342,4591.60
3543,8741799946,902.60
3544,13224952207,123.40
3545,3701585591,1368.20
3546,35126738584,203.80
3547,1558027855611,10.50
3548,4611369021,1456.40
3549,85853199599,261.60
3550,4611526722,1201.50
3551,4120176031,1020.80
3552,269748281,3852.80
3553,404997379,2941.50
3554,1712968648,1195.10
3555,20115788661,758.70
3556,14397831705,765.00
3557,2802116778,1759.10
3558,4901164943787,7.30
3559,82908027540,115.10
3560,45573050471,290.10
3561,16694412708,103.70
3562,105080699849,92.80
3563,25468425902,360.20
3564,10899664171,538.10
3565,17071962593,553.70
3566,81796254883,177.60
3567,1808318771806,36.40
3568,31290622135,163.80
3569,24282133324,902.40
3570,659531344,2489.20
3571,22042226090,748.10
3572,4933528034,1128.70
3573,27654631907,720.20
3574,29317033687,547.10
3575,14698745563,704.80
3576,16210719123,666.10
3577,35126738584,203.80
3578,18919318778,927.30
3579,48651663082,321.00
3580,28916059413,221.70
3581,230125195,4032.00
3582,6763333268,749.20
3583,24276385885,727.10
3584,20562434336,194.80
3585,751377692,2469.10
3586,41115554681,123.80
3587,362886873993,40.90
3588,33477231390,239.10
3589,5580388645,1167.40
3590,1601629450,1819.20
3591,170162210,3499.10
3592,48492263431,100.90
3593,1426422971,2145.00
3594,102926475,4356.50
3595,16259572056,556.90
3596,840012833,1651.00
3597,39629189417,195.80
3598,1916103292,2057.30
3599,11844931885,919.40
3600,2174634923,1779.20
3601,26564754403,455.50
3602,88319717470,69.10
3603,356578029,3452.30
3604,3057943762589,18.20
3605,18187069054,505.10
3606,2073779343385,17.50
3607,59207681086,322.60
3608,788246097,2123.40
3609,76362159221,90.50
3610,8905885192,741.60
3611,82054518915,315.90
3612,42588251327,85.00
3613,22433169361,899.80
3614,1199510427665,11.80
3615,333651095,3279.50
3616,1832614007,1471.60
3617,65721114222,459.60
3618,7746003938,898.50
3619,44696381055,193.10
3620,59038736947,534.30
3621,10298135617,859.30
3622,4083441618,1443.20
3623,7122640599,1196.80
3624,757456499,1841.70
3625,1431273941265,19.10
3626,34943656882,569.80
3627,5851857833,1295.80
3628,270185392,3193.90
3629,2235138916,1835.90
3630,427217354,2352.20
3631,68065355788,466.40
3632,57410074096,112.40
3633,61758193245,62.30
3634,531084861,5000.00
3635,120152783291,182.70
3636,19417409992,644.40
3637,336735834,2485.30
3638,23756011979,479.10
3639,3704628599519,13.20
3640,72269236696,52.30
3641,20030682501,372.30
3642,76332839419,224.80
3643,36013332426,462.20
3644,47854235929,523.80
3645,531084861,5000.00
3646,14427952868,103.80
3647,44801692726,113.20
3648,531084861,5000.00
3649,37902965553,295.10
3650,291291204,3005.70
3651,55340712597,609.60
3652,16449038968,457.90
3653,103473102280,240.20
3654,39098697877,780.60
3655,2061538569635,4.20
3656,10849767032,220.30
3657,12817302176,679.30
3658,28916059413,221.70
3659,144987640,3149.30
3660,2594509845,1784.70
3661,8766026392,669.40
3662,2341528834469,35.60
3663,305284968,3520.10
3664,1240366972,1239.00
3665,5671856710,1128.80
3666,459570773,2913.60
3667,48471748647,528.30
3668,58066869311,517.10
3669,10310146976,869.40
3670,7575939135,1087.60
3671,22224394808,171.30
3672,54118302228,73.30
3673,76741942652,296.20
3674,4707521189,1340.60
3675,25227358084,627.80
3676,20586204742,539.30
3677,563496000,2299.20
3678,2584728420082,35.10
3679,27555541538,357.20
3680,2974318021995,5.80
3681,1678972927,1800.10
3682,31119169604,434.10
3683,3264029180,1617.20
3684,33752649761,819.30
3685,1796131230333,37.30
3686,6648836199,951.80
3687,17293708901,988.50
3688,115904901322,157.70
3689,3343076449148,4.60
3690,41450929985,418.60
3691,50243333997,513.60
3692,104030282934,290.80
3693,531084861,5000.00
3694,3876162055,1136.20
3695,183560577,2773.40
3696,1176353109158,23.00
3697,531084861,5000.00
3698,2704622518089,7.70
3699,55047377007,379.50
3700,60049661252,419.70
3701,1398496710,2038.40
3702,75813902475,211.70
3703,1627181832,1581.50
3704,64804628853,346.10
3705,40731291923,284.40
3706,19001296315,919.70
3707,35053326753,535.70
3708,19607809480,376.20
3709,531084861,5000.00
3710,1019801633,1666.40
3711,74213609502,390.80
3712,11065383115,815.20
3713,531084861,5000.00
3714,224302113,2879.60
3715,5924711567,1060.70
3716,19804612390,323.90
3717,30177740206,559.30
3718,21489420838,241.50
3719,65996698878,523.20
3720,25295884311,687.20
3721,96317485383,308.70
3722,439049413,2788.30
3723,261578422,4016.50
3724,85847768865,239.00
3725,16265206612,261.90
3726,202647149,2869.40
3727,15263928525,864.10
3728,457386661,3142.50
3729,1901432137471,34.00
3730,51430912362,256.10
3731,24127614018,676.90
3732,531084861,5000.00
3733,92303913719,353.30
3734,6943141725,1013.60
3735,70032571502,157.40
3736,43696214237,366.70
3737,3546771190,1426.90
3738,8812086314,900.60
3739,7794213081,743.20
3740,6149206698,973.50
3741,7925012097,1178.40
3742,42827558366,87.30
3743,5983643127,1049.30
3744,531084861,5000.00
3745,22774374912,943.30
3746,28138245199,498.30
3747,12128093657,973.90
3748,800732243,1788.30
3749,72394649021,335.90
3750,3072095030,1693.30
3751,16811358533,321.10
3752,1519140036,2046.80
3753,280883516,2834.60
3754,20562434336,194.80
3755,1680409066511,47.20
3756,2309358130,1453.10
3757,987462841,2048.40
3758,36997306879,200.80
3759,43815700114,69.80
3760,48053271067,588.80
3761,1827514056,1807.30
3762,2512120316,1297.70
3763,531084861,5000.00
3764,11803396016,589.80
3765,21730344804,869.30
3766,9513887429,1054.80
3767,3716145964,1551.60
3768,484949156,2933.40
3769,24901735781,233.70
3770,195286240210,65.60
3771,8349753191,826.20
3772,49252888721,554.80
3773,16380825692,598.30
3774,531084861,5000.00
3775,28620636169,440.40
3776,52512871757,280.20
3777,247393593,3158.30
3778,21782897094,619.50
3779,1195970603,2309.00
3780,26307937514,263.70
3781,2109721210,1766.70
3782,1246900083,1254.50
3783,16476556768,686.80
3784,1733710791,1260.20
3785,141936792,4633.80
3786,247664474,4242.00
3787,531084861,5000.00
3788,11012300475,770.20
3789,13128773475,434.80
3790,479927597,2267.70
3791,93393618386,107.80
3792,22137618251,869.60
3793,189444701,4437.90
3794,3155524506,1400.20
3795,276732444,4330.00
3796,606922165,2578.70
3797,1901048385,1689.20
3798,4358992981,1493.80
3799,26519505760,163.40
3800,1048238400,2230.60
3801,2198290651,1503.80
3802,25881388430,224.30
3803,1896567374,2077.80
3804,3437437417,1560.40
3805,60621660373,177.40
3806,794578095,2264.70
3807,552942043,2476.60
3808,18556686978,205.40
3809,83948978254,99.20
3810,4229358981,1404.60
3811,46945265407,287.80
3812,6851142522,1048.20
3813,49082912775,598.20
3814,1680292032,1146.20
3815,56934671589,502.40
3816,57964843154,298.00
3817,3152123371,1580.90
3818,531084861,5000.00
3819,13841254949,812.60
3820,408253131,2246.70
3821,107255378943,96.00
3822,51344326233,593.30
3823,46709918445,475.30
3824,194220910,4903.40
3825,33181664613,283.00
3826,42076142120,243.90
3827,18552571761,274.10
3828,40303571124,349.80
3829,6763333268,749.20
3830,29452673788,565.10
3831,520469412424,38.20
3832,139558217,4903.30
3833,17834505508,437.50
3834,1385166349,2006.80
3835,2032420362,2014.80
3836,2038396689,1859.70
3837,99070992413,134.20
3838,44784910582,595.30
3839,26249457141,613.40
3840,16858211634,497.50
3841,10690424748,634.70
3842,3279363827,1382.30
3843,10636475012,1031.10
3844,383052386,2441.90
3845,472023890,2658.60
3846,49671848299,320.60
3847,641950388,2699.40
3848,8318120766,1166.90
3849,42369632264,658.10
3850,51450256503,608.30
3851,531084861,5000.00
3852,13496012077,1058.00
3853,80836894,3053.90
3854,85665788813,388.50
3855,77494722575,181.60
3856,2345778399713,44.30
3857,9343460041,881.60
3858,50358719515,94.70
3859,9534738903,847.30
3860,76705691242,319.00
3861,44687902511,145.90
3862,5806907381,1190.00
3863,34270441067,388.80
3864,1422646634017,47.50
3865,36664257871,504.60
3866,38118331776,471.90
3867,2345222102,1566.20
3868,24494048535,868.00
3869,48845960627,104.60
3870,1248373800,1638.70
3871,39986309666,389.30
3872,2512577035712,21.10
3873,861287314,2064.30
3874,29847944399,103.50
3875,17860369516,283.80
3876,11016537654,816.30
3877,15990472273,680.30
3878,2585380494,1264.70
3879,42814286051,279.40
3880,25824814803,292.00
3881,155436733948,52.50
3882,39100229304,101.20
3883,1182476937,1342.00
3884,5782982337,1232.50
3885,61907069268,491.90
3886,60055078685,185.20
3887,2911716292,1480.10
3888,27274481078,408.90
3889,49923620189,420.40
3890,47352462788,121.80
3891,26826167395,418.20
3892,115802141,3892.50
3893,1529652795,2040.70
3894,86503046672,359.30
3895,32648972656,836.80
3896,11703946565,1105.00
3897,531084861,5000.00
3898,329211883,2480.40
3899,40038427524,348.00
3900,25922748557,655.30
3901,77259027876,124.30
3902,44028569689,347.90
3903,531084861,5000.00
3904,37701500654,202.40
3905,229351768,3753.70
3906,10414303167,894.40
3907,39370958396,550.50
3908,63231091391,154.60
3909,277797466,3323.40
3910,83441949626,274.20
3911,43955825742,225.20
3912,196111274068,99.50
3913,15452157981,377.70
3914,5848604896,1201.90
3915,35810325116,228.20
3916,5683498329,1210.70
3917,659970582610,42.80
3918,3522822960,1347.00
3919,244487347,4118.50
3920,85384514454,142.50
3921,3775043683,1297.40
3922,22488822337,958.10
3923,531084861,5000.00
3924,86342790205,126.20
3925,11071051529,872.70
3926,10315661011,808.80
3927,6507415352,807.70
3928,531084861,5000.00
3929,40542502368,768.90
3930,3168875974,1288.00
3931,47277428987,194.90
3932,1083531144,1936.70
3933,531084861,5000.00
3934,547567251,2315.00
3935,403738565,3178.40
3936,1399312623,1401.50
3937,2500470700494,43.90
3938,34690170793,227.40
3939,19986629239,757.90
3940,47398801533,466.00
3941,34374364609,312.80
3942,3047391947,928.50
3943,32404515877,689.20
3944,1425479916,1609.10
3945,279604604,2606.80
3946,531084861,5000.00
3947,4639940698,1449.60
3948,217493228,4622.60
3949,92494575828,295.70
3950,888299637,2331.40
3951,15611341025,910.10
3952,20357106269,185.30
3953,5325486299,1179.90
3954,53113747834,181.10
3955,1211512048,2209.30
3956,54558590311,292.30
3957,17428151091,983.20
3958,830935194,1931.40
3959,26519505760,163.40
3960,531084861,5000.00
3961,47118610386,487.80
3962,531084861,5000.00
3963,301257704,2599.90
3964,996400224,2143.60
3965,3062880467,987.20
3966,38786060380,493.00
3967,603301307,2101.10
3968,9455922255,953.90
3969,25030800378,202.00
3970,21096299924,411.60
3971,26724767475,750.30
3972,32647161605,587.00
3973,33815236573,492.00
3974,1111882543,2343.30
3975,1662915797,1645.50
3976,106818070464,90.30
3977,5714791174,883.00
3978,1361876951,1982.20
3979,30178664766,302.50
3980,7543096741,1052.10
3981,2247698803,1692.50
3982,14383195540,984.00
3983,24972546072,141.50
3984,64019543551,329.00
3985,91268866479,155.60
3986,7305502280,748.50
3987,40785845417,270.70
3988,8471804615,971.60
3989,3122015570635,10.70
3990,227181348,3587.00
3991,1529621659,1309.60
3992,72042091449,215.10
3993,603683035,2303.10
3994,43847607900,139.70
3995,52727055939,64.60
3996,5229586644,1068.60
3997,5272022159,1357.70
3998,889808643493,25.10
3999,599004407,1777.90
4000,3358980195,1314.80
4001,14051119325,959.60
4002,4145876209,1318.00
4003,1086206779,1452.30
4004,40949921695,264.50
4005,540509110,2435.40
4006,29458121700,195.10
4007,43699977806,483.30
4008,25542962432,430.00
4009,57411707833,582.70
4010,535536524,2561.50
4011,4121953628,1070.20
4012,23593292232,445.80
4013,531084861,5000.00
4014,55454887456,308.10
4015,1949172760,1229.80
4016,424851381,3219.10
4017,23325079638,721.70
4018,66339506080,82.60
4019,17490715605,591.00
4020,615424942,2629.50
4021,48312912459,442.10
4022,2807167645672,3.80
4023,26993686772,708.50
4024,13962637728,358.60
4025,59325971854,315.00
4026,65876970256,534.80
4027,50623527377,123.90
4028,9923376888,975.10
4029,54273761224,580.60
4030,8110213217,769.80
4031,827890107,2212.80
4032,31652890277,833.60
4033,531084861,5000.00
4034,4970300057,1148.20
4035,33537747521,286.20
4036,22771418946,273.70
4037,29983439909,715.40
4038,531084861,5000.00
4039,28327671181,542.20
4040,56742587414,67.30
4041,95775105820,58.70
4042,29336774969,561.70
4043,18178065837,267.20
4044,19880228978,971.20
4045,69077709552,528.80
4046,94966551122,161.90
4047,1003915721,1302.50
4048,14868826463,857.90
4049,42052595047,546.80
4050,531084861,5000.00
4051,3814685650,1195.70
4052,62654192707,127.10
4053,42086030664,739.40
4054,787088182,2276.30
4055,32563932940,485.60
4056,54274911651,309.20
4057,98008594,4935.90
4058,3692255760,1020.70
4059,90781816921,324.70
4060,1904732553,2026.80
4061,50850071702,635.60
4062,1027172595,2078.20
4063,476882347,2742.30
4064,4287283856,967.70
4065,3182581375,1571.30
4066,218681941,4576.20
4067,3896854015,1168.50
4068,222004998,2429.00
4069,5592549860,1329.70
4070,74224440761,342.70
4071,34513203331,119.60
4072,4886562185,1014.30
4073,30558922386,602.10
4074,26384003939,477.70
4075,16210719123,666.10
4076,731653856,1632.70
4077,8568443460,926.60
4078,23038354641,561.20
4079,2702159576,1552.20
4080,38750257742,409.80
4081,16278958663,985.10
4082,5509593578,1068.50
4083,1181661602,1582.80
4084,34540843011,328.70
4085,29847944399,103.50
4086,2467886499332,20.00
4087,42404618943,343.60
4088,531084861,5000.00
4089,79281687277,50.30
4090,80101771207,405.70
4091,1672012168,2121.20
4092,243762685,4623.90
4093,41462961514,571.80
4094,8607453032,808.20
4095,458181552,2675.70
4096,16663243009,465.80
4097,239169661,2943.30
4098,5253140658,1203.50
4099,32194738753,258.90
4100,31406698521,697.30
4101,51877810861,360.60
4102,636619434,2266.00
4103,21959957413,651.60
4104,3060282615,1365.30
4105,17180237662,501.00
4106,41863319481,358.20
4107,53099375558,104.30
4108,5881012871,786.40
4109,12006689287,881.20
4110,303876239,2605.80
4111,5963368392,1059.00
4112,19650594497,218.90
4113,1338703105,2163.00
4114,8396183690,1149.60
4115,124346590088,62.60
4116,466924789,2884.60
4117,41876869128,664.90
4118,36268000654,189.00
4119,71462635828,475.40
4120,28545651815,878.00
4121,52317852085,187.30
4122,132212828,3991.10
4123,50623527377,123.90
4124,3623967761,1288.70
4125,460172573,2690.80
4126,1138240037,2020.90
4127,42398249263,141.30
4128,25881388430,224.30
4129,33218792514,238.50
4130,19517568902,705.70
4131,35363282709,468.90
4132,41435371678,624.60
4133,49034793897,672.40
4134,1087759042,2255.50
4135,6198913538,1026.60
4136,34149439143,450.00
4137,32689411217,797.10
4138,34598937227,289.80
4139,1248024921595,24.70
4140,23808068322,874.50
4141,29092376660,797.50
4142,21471522948,610.50
4143,11226853756,1111.90
4144,6652162959,1148.60
4145,1331890563,1509.00
4146,531084861,5000.00
4147,1428550794853,31.50
4148,27835253058,724.40
4149,24460492122,381.30
4150,6881506014,1030.90
4151,187712493611,81.00
4152,721032974506,29.00
4153,30683073701,117.10
4154,23663310073,520.00
4155,4752491047,931.30
4156,1954535828,1771.80
4157,94123105765,292.70
4158,42807755010,145.30
4159,41758986113,178.20
4160,30951263076,579.10
4161,21257328401,496.40
4162,6994952722,796.00
4163,22671364251,764.40
4164,8294922182,884.20
4165,5428762237,1310.90
4166,62558971601,151.80
4167,15538794446,310.70
4168,1089703219247,47.10
4169,161983906272,97.10
4170,13686074465,526.90
4171,8322970534,925.70
4172,2519894616220,11.40
4173,355079068,3310.60
4174,4771872622,1420.90
4175,531084861,5000.00
4176,36477453030,293.70
4177,26669387365,483.70
4178,18748542917,372.50
4179,1943663389,1925.20
4180,267254479,3678.40
4181,95130413342,229.40
4182,21395689876,342.10
4183,31484501506,668.60
4184,2061538569635,4.20
4185,5374989454,1011.20
4186,52210418696,487.50
4187,3047391947,928.50
4188,1896065387,2074.20
4189,331150672,3812.30
4190,11253126136,1015.80
4191,17930468674,783.40
4192,31367259290,529.90
4193,12734840661,949.70
4194,30470746345,586.20
4195,50839981850,471.30
4196,8995692460,1106.50
4197,1407003865570,26.90
4198,13677678472,429.20
4199,3692255760,1020.70
4200,3080642864,1471.80
4201,27274481078,408.90
4202,25468425902,360.20
4203,78957623563,339.90
4204,36533062566,502.50
4205,531084861,5000.00
4206,188179600,4497.50
4207,3731805855,1255.00
4208,45500681749,582.80
4209,143189610154,67.70
4210,83948978254,99.20
4211,1571692554,1907.10
4212,45392205592,50.10
4213,2184912253,1491.90
4214,21334483717,622.40
4215,531084861,5000.00
4216,186922303368,92.60
4217,117376859658,86.50
4218,115496302,3918.80
4219,260771671,3881.00
4220,6603590945,1182.10
4221,18561201715,763.20
4222,31550259695,321.90
4223,116380848382,228.30
4224,12309297936,1041.80
4225,1864259811451,8.30
4226,76222083156,106.10
4227,99772650747,223.80
4228,7499818353,948.80
4229,86436534475,214.80
4230,466632914,2358.20
4231,293017970,2635.80
4232,56742587414,67.30
4233,668399374,2668.30
4234,841949687,1820.10
4235,20880654352,724.80
4236,26778242526,150.80
4237,25466569171,730.80
4238,18344727159,788.60
4239,2158910989,1501.70
4240,27331259104,135.50
4241,35917525294,289.40
4242,97055169938,156.90
4243,33152828582,358.40
4244,1367180613,1495.80
4245,39454606638,381.90
4246,10877880875,805.10
4247,1471596304,1789.10
4248,24879963818,631.00
4249,28650069059,251.20
4250,51212201778,330.30
4251,563053021,2211.60
4252,389521761,2318.40
4253,24972546072,141.50
4254,1376843522,1189.50
4255,2942673688,1621.50
4256,29155218028,875.80
4257,36313098301,221.00
4258,44501856429,671.80
4259,9156987649,1134.00
4260,62834872096,505.70
4261,28038415610,385.70
4262,28671680033,113.70
4263,5143449576,1122.30
4264,2746822032,1254.10
4265,219509998,4741.70
4266,21846183062,513.90
4267,531084861,5000.00
4268,11085947879,212.70
4269,42947314117,236.00
4270,4763429599,1364.50
4271,9151301798,637.30
4272,65259829336,152.00
4273,10686583566,980.40
4274,184857688,3497.00
4275,1768303645,1483.90
4276,1546311251,1642.80
4277,423607295,2701.10
4278,71836075552,436.50
4279,840012833,1651.00
4280,8936315351,909.50
4281,267457704,3343.20
4282,960585332,1727.80
4283,19449655383,186.60
4284,2015117817,1682.90
4285,3819285201,1553.50
4286,31597897254,386.30
4287,3170338991,1377.10
4288,5212791275,638.30
4289,118243953464,55.30
4290,43442949000,208.10
4291,32264643625,561.00
4292,18957956104,262.70
4293,54267890171,407.00
4294,20020090145,827.50
4295,8054223142,988.00
4296,774649835,2364.00
4297,2654296551,1785.90
4298,28789491089,726.70
4299,23757714052,577.30
4300,32398816130,445.30
4301,28656255516,852.90
4302,10369602183,870.90
4303,39724161647,313.70
4304,1077173167,1908.10
4305,24023318819,790.60
4306,44154644424,319.90
4307,531084861,5000.00
4308,104547962436,176.00
4309,27512439175,221.40
4310,43159630892,331.20
4311,3691817350,1563.10
4312,19153101583,416.50
4313,30257985404,705.40
4314,489877164,2157.70
4315,26316697677,118.60
4316,3719745378,1099.00
4317,37832174782,114.50
4318,7530729720,1270.50
4319,531084861,5000.00
4320,28038415610,385.70
4321,23089207875,908.30
4322,21057948058,753.80
4323,981114193,2051.80
4324,32359435538,102.20
4325,72301384437,475.20
4326,23248301535,337.70
4327,22247149174,939.80
4328,100863803044,128.20
4329,60691332548,539.40
4330,8776288397,1088.70
4331,279658850,2951.40
4332,1004289325,2322.90
4333,13677678472,429.20
4334,892671985464,44.40
4335,57152833254,253.40
4336,50555886305,125.00
4337,53954222034,248.50
4338,26084460693,543.40
4339,21433709580,613.60
4340,13904372124,712.70
4341,3726771589,1413.30
4342,85792550022,144.50
4343,29881795318,469.60
4344,1255141910930,22.90
4345,61758193245,62.30
4346,418611622,2319.70
4347,42619715690,293.20
4348,14118099766,950.50
4349,12690783348,1006.70
4350,146122906,4086.30
4351,2678787123,1066.40
4352,3659971668,1174.10
4353,27771596640,390.60
4354,398187695,3118.30
4355,21096299924,411.60
4356,125987128422,119.20
4357,18622764036,961.70
4358,4232629694,1361.50
4359,10028690844,811.60
4360,43568909370,283.10
4361,33565577718,665.80
4362,545451824,2598.90
4363,644338106689,27.90
4364,4505894544,1390.00
4365,64261920944,385.00
4366,32620394051,186.40
4367,3159846494,1462.00
4368,1162572496,1310.30
4369,1506104945,1173.60
4370,2722806151,1169.40
4371,303761604,3177.20
4372,167532803281,63.00
4373,125316999327,158.20
4374,22536225055,704.20
4375,531084861,5000.00
4376,49914322406,279.20
4377,5338220532,922.40
4378,206416596850,53.40
4379,11186885384,1119.40
4380,17418422724,923.60
4381,5859401311,752.80
4382,2212839443,1593.30
4383,387342792,2455.30
4384,2606701042,1768.60
4385,57477825749,435.50
4386,30889706124,307.80
4387,11575269420,595.20
4388,41858202861,148.60
4389,1711028819,1688.70
4390,5500607982,1407.10
4391,431793859,2099.50
4392,51115625246,515.30
4393,531084861,5000.00
4394,34355855449,49.20
4395,4619745391,943.50
4396,381452096,2852.70
4397,28382046151,837.20
4398,61203070460,50.90
4399,105859142156,90.10
4400,51290075661,103.90
4401,19635610175,997.40
4402,46049060106,579.30
4403,15640460209,862.60
4404,1012768796,2225.30
4405,8616310386,369.70
4406,35603369651,776.80
4407,10419607161,934.90
4408,8003106876,1152.40
4409,1362900318431,38.70
4410,27846618311,589.20
4411,1138142939,1289.30
4412,35380352989,468.60
4413,163025772,4059.60
4414,65454529066,382.50
4415,897939355,1313.50
4416,499395256,2744.50
4417,5714796998,813.00
4418,70608234573,353.20
4419,2326188515,1601.20
4420,53895459244,313.00
4421,345115282,2434.90
4422,23619985409,584.90
4423,362886873993,40.90
4424,3117019447,1506.10
4425,33084239375,399.80
4426,11507777093,248.90
4427,43067836649,396.60
4428,508472383,2594.80
4429,41722702339,750.70
4430,4828855569567,8.90
4431,52727055939,64.60
4432,40390988476,431.00
4433,64508273395,520.80
4434,23735032556,935.90
4435,4282377446,1437.10
4436,5212791275,638.30
4437,368718526,2441.80
4438,1306055047242,21.00
4439,4221463236,1511.90
4440,21001289714,674.00
4441,8993319891,1024.60
4442,272078595,4703.40
4443,17197621706,733.70
4444,651076656,2540.00
4445,2176705478,1799.10
4446,12958164176,887.50
4447,16280647928,764.90
4448,55595435881,275.30
4449,4482254031,1277.80
4450,4410680997,1340.80
4451,25796603053,716.30
4452,16781912354,433.50
4453,51595284943,195.30
4454,11016537654,816.30
4455,7033267326,1288.30
4456,291885088,3185.80
4457,599004407,1777.90
4458,3896854015,1168.50
4459,10279126652,321.20
4460,12501787499,959.90
4461,115576022,3707.20
4462,2722806151,1169.40
4463,63100789330,488.00
4464,226209427727,96.90
4465,459449061,3060.60
4466,50480657360,297.20
4467,1523383477,1453.80
4468,4235160908,1421.30
4469,48177520701,133.70
4470,2582139256,1555.70
4471,102663165538,127.30
4472,24492723046,617.40
4473,68400420943,248.80
4474,81843564294,399.00
4475,1825274220357,19.00
4476,5735083061297,6.80
4477,32705388438,818.60
4478,580067534,2409.30
4479,25050989707,885.60
4480,531084861,5000.00
4481,111665788451,175.80
4482,59427377854,122.20
4483,29464077965,64.00
4484,1123968699,2161.60
4485,138153560513,65.90
4486,2140983927,1691.20
4487,34666462096,190.10
4488,587285603,2103.90
4489,17772370154,184.60
4490,78238772593,263.10
4491,100552888026,91.50
4492,4442639202,1205.00
4493,80945133717,130.70
4494,18063124374,400.60
4495,52103060263,89.60
4496,45118059287,185.10
4497,22601685545,572.70
4498,269769143,4791.30
4499,2367623386082,45.60
4500,43336142178,545.80
4501,38115984912,252.60
4502,531084861,5000.00
4503,3124655059,1172.50
4504,43824182819,616.80
4505,38750257742,409.80
4506,15022240657,968.20
4507,86303890479,56.70
4508,997434340,2012.00
4509,500453154,2729.80
4510,52718709005,626.50
4511,9791218073,971.80
4512,48081783694,429.40
4513,13372018145,798.30
4514,11184109706,856.40
4515,322931980,3782.10
4516,2822041711,1435.00
4517,3744316748,1204.30
4518,3681734887,1457.70
4519,29849019021,528.10
4520,26669387365,483.70
4521,20357640203,897.20
4522,40934661077,324.20
4523,42546762057,266.30
4524,53206429605,120.00
4525,87069591680,261.30
4526,48947339078,305.90
4527,13402510610,463.20
4528,37476281055,505.40
4529,11841085749,977.50
4530,1598761201,1814.30
4531,531084861,5000.00
4532,44324799167,339.60
4533,28358097855,57.00
4534,289104156,3074.70
4535,2208163775675,36.10
4536,6055137446,1074.70
4537,331742154,3086.70
4538,89893617336,143.30
4539,37317938873,609.30
4540,53880999985,316.70
4541,444586145,3172.40
4542,8793780432,680.90
4543,156713489814,80.00
4544,943695127,2039.70
4545,5374989454,1011.20
4546,379701817,3060.50
4547,4770793915,1146.10
4548,41531991719,348.80
4549,1596841651095,21.70
4550,91796142301,127.60
4551,44647198141,663.50
4552,12344568829,928.60
4553,52318018107,144.40
4554,983625675,2087.00
4555,3850676635,1142.60
4556,40834625121,617.50
4557,143341915855,61.60
4558,89620062511,184.00
4559,14090327325,887.00
4560,5028844707,1423.60
4561,79734472528,271.10
4562,16324977055,462.80
4563,24459566347,525.00
4564,86273142695,293.60
4565,12497880270,493.90
4566,97567165,4038.80
4567,8874070980,1204.60
4568,3870374296,1126.80
4569,187984587106,85.80
4570,115246004398,214.30
4571,8349753191,826.20
4572,401346490,3045.80
4573,550828476,2289.60
4574,49663682856,514.40
4575,25379039712,674.30
4576,119117486341,211.60
4577,206532895,3021.70
4578,30360549706,188.30
4579,20950432464,584.60
4580,27130868195,569.40
4581,34374364609,312.80
4582,29763878073,246.10
4583,1849825295,1549.10
4584,42567789419,688.20
4585,57410074096,112.40
4586,36483576841,504.70
4587,107249421437,235.20
4588,49023402506,583.50
4589,36391838339,682.10
4590,35193258713,816.10
4591,26979030230,359.10
4592,62757888463,146.80
4593,5318319097,1110.70
4594,12586861501,642.80
4595,15626064813,266.70
4596,48091084150,574.50
4597,531084861,5000.00
4598,395574525,2558.30
4599,32111759545,190.90
4600,54464378322,514.90
4601,4999302894,1350.80
4602,49850851675,662.40
4603,38445839197,225.80
4604,51532549714,161.60
4605,37958412178,179.20
4606,75951720376,399.70
4607,18419095624,452.50
4608,22208547706,532.30
4609,1929634613,1614.70
4610,1091142873342,46.90
4611,23693447570,270.10
4612,92572384368,316.00
4613,14665552911,654.00
4614,587598008,2751.30
4615,3034933403,1678.10
4616,1386834854863,35.50
4617,49062462077,685.70
4618,978958199,2198.50
4619,1210568212,2025.30
4620,3561124466,1579.80
4621,74432949073,257.00
4622,38296350221,524.10
4623,42214383127,699.70
4624,362886873993,40.90
4625,3542499026,1203.30
4626,24160993944,130.10
4627,892671985464,44.40
4628,531084861,5000.00
4629,368268968,2999.10
4630,71437202099,509.50
4631,2172602597,1738.80
4632,42588251327,85.00
4633,9520314478,1144.60
4634,20979091540,917.40
4635,193618996,3148.50
4636,142965501,3306.20
4637,123583715,4450.10
4638,19757563394,517.30
4639,13391339604,1060.60
4640,26701905210,269.50
4641,13738917586,742.10
4642,26575207420,487.90
4643,34469834710,444.80
4644,2560806405,1421.40
4645,1692436163,1491.40
4646,1820008841,1819.80
4647,106540908636,109.50
4648,4065009231576,16.60
4649,23018155580,623.10
4650,1506104945,1173.60
4651,1256523970,1556.90
4652,84296929864,193.30
4653,50821631243,166.70
4654,4225241712,1229.70
4655,332499548,3729.50
4656,7047226342,1209.30
4657,28894326783,325.10
4658,8395650022,889.50
4659,16258319196,835.30
4660,531084861,5000.00
4661,6122330915,1138.60
4662,70881211017,367.60
4663,7290481196,1160.50
4664,17484764219,822.70
4665,35874492421,667.20
4666,25496441382,308.00
4667,95876276623,289.10
4668,19032869561,158.40
4669,3803218062,1484.80
4670,24311033326,434.40
4671,74586101638,360.90
4672,41742024356,106.50
4673,1857777356,2010.50
4674,74908204466,244.90
4675,2784678906,1582.30
4676,39567614395,716.90
4677,9187869488,971.10
4678,989796398,2302.10
4679,1240366972,1239.00
4680,691039588,2615.60
4681,45709774883,485.20
4682,3023977519,1364.30
4683,15174622656,419.80
4684,17616273802,135.90
4685,1239783099,2130.90
4686,32967067413,703.40
4687,376970547,3886.40
4688,24622732347,333.20
4689,176705817535,71.30
4690,68530013857,170.00
4691,155465109432,52.60
4692,36336647802,773.70
4693,19153101583,416.50
4694,167252728,3067.30
4695,23693447570,270.10
4696,23002195005,615.90
4697,5305376066,1364.10
4698,25736602562,342.90
4699,60818793703,188.00
4700,66728956123,449.70
4701,1117346105,1723.00
4702,61206493146,154.50
4703,8201646917,963.70
4704,194382021081,70.40
4705,196311834,3500.70
4706,2445544205,1678.60
4707,23127784993,465.20
4708,62250145828,576.30
4709,1193587378,1683.00
4710,43091149426,218.70
4711,13067903519,736.30
4712,69439699162,335.10
4713,410186545,2979.10
4714,25030800378,202.00
4715,7093370259,1104.10
4716,22781760464,678.20
4717,195547795564,84.10
4718,20115028484,786.00
4719,3887592080,1260.40
4720,37137560493,221.20
4721,50177928681,244.00
4722,81025817674,223.90
4723,22283179869,416.40
4724,531084861,5000.00
4725,29849019021,528.10
4726,34483345708,576.50
4727,25393013598,262.10
4728,163633980616,75.50
4729,2944939292,1389.30
4730,21938322407,888.10
4731,15397275795,210.50
4732,231646363,3729.20
4733,255546920,3828.90
4734,36155358585,806.80
4735,40269756772,383.90
4736,1806329768298,41.80
4737,4941210200846,10.00
4738,36687369035,113.50
4739,3446953270,1395.70
4740,33856474233,417.20
4741,34768476870,163.10
4742,2698562596,1460.00
4743,52865588132,570.30
4744,190239997,3135.00
4745,349788415,2907.80
4746,2364079715,1407.90
4747,44723712363,192.60
4748,21410473385,787.10
4749,57797740851,110.30
4750,42787399428,286.60
4751,1374953080,2118.60
4752,2723352081,1388.90
4753,17190303033,644.70
4754,1114633665,1601.00
4755,250365840,3447.10
4756,59665211605,328.00
4757,23470935343,619.00
4758,7087839337,1072.90
4759,49685948007,638.80
4760,11538738585,941.00
4761,56859097678,380.40
4762,24052873509,492.20
4763,531084861,5000.00
4764,131513957000,91.00
4765,8710201424,1142.70
4766,9938670088,1133.50
4767,178717822,3185.00
4768,37571537277,196.40
4769,1204519240,1683.20
4770,14343990067,881.90
4771,531084861,5000.00
4772,26358886644,742.70
4773,1108557399,2264.10
4774,991167851829,38.10
4775,27272002315,802.20
4776,531084861,5000.00
4777,4291238014,1503.60
4778,531084861,5000.00
4779,2621055704495,28.80
4780,84688769689,230.30
4781,56973627396,60.50
4782,636225405,2411.40
4783,1208959034394,37.40
4784,12172470524,688.60
4785,7932565442,962.20
4786,7493797146,888.00
4787,9412261703,1091.00
4788,308542679,2417.90
4789,463313942,2612.70
4790,48873865711,151.90
4791,58698415138,548.70
4792,79073055750,197.60
4793,531084861,5000.00
4794,1806763787481,33.80
4795,73503089505,117.70
4796,1108580135795,30.30
4797,93876920047,241.90
4798,5881012871,786.40
4799,3163025423,1229.20
4800,71887200967,75.60
4801,1049508528,1888.70
4802,24700955404,895.50
4803,532562112,1695.70
4804,55015880856,573.80
4805,17731050166,353.00
4806,531084861,5000.00
4807,1671150746,1996.50
4808,531084861,5000.00
4809,16833635910,419.90
4810,2662455442,1741.40
4811,39125488614,578.20
4812,4869758764,1422.50
4813,255253867,2681.50
4814,9868507113,707.30
4815,4035461376,1228.50
4816,29464077965,64.00
4817,85380968032,326.10
4818,12048429897,539.00
4819,70622994396,350.30
4820,1145133102489,28.00
4821,30796666168,156.50
4822,1149654890,2012.20
4823,40119951637,316.30
4824,34598937227,289.80
4825,218316032,4189.00
4826,2850312600,1304.40
4827,241031187,3593.30
4828,531084861,5000.00
4829,22489464252,497.40
4830,12329698788,1026.10
4831,82871107580,308.20
4832,196744233,3090.50
4833,851127954,1549.20
4834,12275697657,788.80
4835,562540660,2264.50
4836,50259978085,245.30
4837,106127433337,79.30
4838,2420415300162,34.60
4839,9394910774,934.10
4840,22801006533,184.20
4841,21958722637,283.90
4842,4966331364,1097.90
4843,42455697536,613.50
4844,11658293900,1022.70
4845,1345968995,1877.90
4846,4371977004,1278.30
4847,200976564004,83.60
4848,18835998724,224.90
4849,531084861,5000.00
4850,2664950553,1297.30
4851,57516838895,61.70
4852,62103909025,105.00
4853,1241667099,1592.30
4854,17180725573,773.20
4855,5273980409,1118.90
4856,531084861,5000.00
4857,7058100179,1125.70
4858,6046010145,1315.30
4859,25589867839,613.90
4860,191452467,3621.30
4861,2745909066,1385.10
4862,46719506613,272.80
4863,74670594654,392.20
4864,56592833704,56.60
4865,2825058101,1214.30
4866,9868507113,707.30
4867,16013872389,660.60
4868,476571507,2307.00
4869,23253250132,174.20
4870,531084861,5000.00
4871,61869816835,323.60
4872,2280202827,1626.50
4873,14835378659,951.20
4874,531084861,5000.00
4875,10099820664,880.20
4876,198926135,2804.90
4877,39206442585,582.90
4878,1822013181,1552.80
4879,3903826956,989.00
4880,62478600889,409.60
4881,18729670294,699.10
4882,28574331830,861.60
4883,78159167130,178.80
4884,47874976740,256.30
4885,21023517082,329.30
4886,9270063576,683.70
4887,64878647734,60.40
4888,31060423004,499.20
4889,6991009111,1004.00
4890,20955935937,217.50
4891,4845555536,1103.40
4892,77306865216,137.20
4893,6663968466,1264.60
4894,3261697214,1076.00
4895,1714270794,2106.10
4896,695988214,2655.20
4897,2720290326,1604.80
4898,220602251018,77.20
4899,2779333022,1591.00
4900,49523112327,215.20
4901,21565262913,682.90
4902,358835126,2783.90
4903,25958864489,531.40
4904,6369576943,1098.00
4905,189330928,4477.20
4906,1529737955,1455.60
4907,6254564125,1322.40
4908,3656984945,1595.60
4909,18456192189,781.20
4910,1161771177,2261.40
4911,65063263554,126.70
4912,33051520074,532.90
4913,2133728297,1592.80
4914,9897094097,920.20
4915,531084861,5000.00
4916,55121397653,176.70
4917,39361596150,277.80
4918,4350056027,816.80
4919,935162336,1932.90
4920,24487853167,646.80
4921,7435711191,929.80
4922,16991749504,774.20
4923,9637961842,870.50
4924,783419713,2325.40
4925,24590896939,123.60
4926,17016630406,395.20
4927,39418499619,385.90
4928,67424627822,428.70
4929,28721717237,665.60
4930,12657156940,666.30
4931,15480353422,534.20
4932,90441001592,240.70
4933,954021236,1607.90
4934,34751884942,536.60
4935,35248870993,412.40
4936,173357702,3332.10
4937,10437982328,879.30
4938,531084861,5000.00
4939,3446212906,1451.00
4940,50683762515,564.40
4941,42463316151,231.50
4942,11185590930,816.60
4943,531084861,5000.00
4944,27157513061,573.20
4945,19518284075,567.50
4946,131336598289,66.60
4947,65948980442,286.30
4948,13051413518,810.70
4949,30098639219,868.80
4950,848603508,2019.80
4951,177575243892,94.10
4952,99405762075,88.10
4953,1489976576,1808.70
4954,25393013598,262.10
4955,46182292416,208.60
4956,2672251933,1774.80
4957,19757563394,517.30
4958,1266280089,2023.80
4959,30863330519,356.40
4960,336868260,2532.60
4961,4813797582772,12.10
4962,7397534372,960.40
4963,20572250818,787.50
4964,5151497476,1108.60
4965,656420848,2570.80
4966,62506980838,156.10
4967,97534154039,269.90
4968,502524384,2633.40
4969,92022479960,148.10
4970,25927325135,413.30
4971,14818861936,403.90
4972,23263083740,935.20
4973,4462842755,1070.40
4974,8817778887,1113.40
4975,1085624010,1767.50
4976,6897890046,794.20
4977,10325678311,1076.40
4978,1580521743,1886.40
4979,3003071248,1359.90
4980,274702907,3621.50
4981,4061582140,1091.60
4982,4689739849,1459.30
4983,1872046313,1478.50
4984,85293098157,58.50
4985,669655440,2269.90
4986,15119588900,396.00
4987,20056471182,751.20
4988,628668523,2463.40
4989,6232240750869,14.00
4990,41979760406,131.20
4991,8348083870,701.70
4992,44916319730,664.50
4993,41531991719,348.80
4994,639347671,2671.00
4995,100200433445,207.50
4996,9191285693,929.90
4997,71289278394,333.90
4998,19204927590,610.60
4999,41518668643,322.50
5000,16252282770,143.00
5001,7986443580,1206.20
5002,77981771604,149.20
5003,270203181,2892.50
5004,5813471360,1282.10
5005,19165105468,943.90
5006,24961487457,242.10
5007,12887779778,400.10
5008,503779033,2701.90
5009,936708468,2456.10
5010,531084861,5000.00
5011,44914465561,584.30
5012,102001512235,212.50
5013,56564021545,500.80
5014,16582258422,317.20
5015,7670947641,1012.20
5016,28021396046,406.20
5017,31629849324,398.30
5018,100606589980,164.70
5019,42659809234,395.80
5020,54304037924,258.10
5021,1479480317,1654.10
5022,37337527202,793.10
5023,1090078692632,23.40
5024,14741842973,420.70
5025,217948367,3573.70
5026,8685279662,1187.80
5027,169320428,3148.70
5028,9184927365,458.60
5029,116800690539,149.80
5030,1261987713,1994.00
5031,74594660738,136.30
5032,2627274575,1742.30
5033,21161601737,881.30
5034,11822591237,641.90
5035,67969863884,61.30
5036,80087617984,71.80
5037,9866211887,1052.70
5038,863238485,1788.20
5039,6153148542,1023.90
5040,245051179,3272.30
5041,531084861,5000.00
5042,30144385860,255.20
5043,8848691334,622.10
5044,472384599,2519.80
5045,259220860,2867.30
5046,10083995226,1106.20
5047,49611488310,553.50
5048,45709178638,288.50
5049,211470733,4012.80
5050,168045155,3458.40
5051,49539485200,311.10
5052,191933182,3215.00
5053,11575269420,595.20
5054,4413174137,1139.00
5055,5857977277,645.40
5056,428463002758,31.20
5057,4029833856,1155.80
5058,119803042878,165.40
5059,30346659178,826.90
5060,3318876605,1228.30
5061,4617998274,1193.10
5062,1389072451,1740.10
5063,87741947393,204.70
5064,3385304142,1135.70
5065,4148732062,1185.40
5066,695442172,2446.10
5067,531084861,5000.00
5068,10147764224,752.30
5069,4877372947237,16.80
5070,28576057895,573.10
5071,1763951777,1331.50
5072,51193930835,669.80
5073,531084861,5000.00
5074,5211333133,1427.70
5075,2080863007,1717.30
5076,1987998155,1123.80
5077,89389624175,359.60
5078,15626064813,266.70
5079,21422333438,48.40
5080,551892183,2381.00
5081,40119951637,316.30
5082,51654668974,117.20
5083,55736574408,51.90
5084,37661598119,249.60
5085,2764324995,1721.50
5086,10360044160,870.10
5087,31844718858,378.20
5088,124672337212,154.40
5089,299368038,3757.40
5090,1382820666,2193.60
5091,23416787773,747.90
5092,169582345,3238.70
5093,2290469608,1177.30
5094,88767312331,79.10
5095,34654064528,685.60
5096,4686693135,1117.90
5097,348407529,2723.00
5098,33160726646,382.20
5099,46647779799,222.60
5100,889808643493,25.10
5101,28949154934,205.00
5102,21792460304,554.50
5103,3760601905,1129.10
5104,2923478629,1567.20
5105,2465988130,1579.60
5106,439451127985,36.20
5107,322183071,3510.30
5108,639756474,1882.50
5109,17536326119,410.10
5110,20760477063,979.30
5111,25033100726,865.10
5112,1738662525,1001.40
5113,779882397,2072.50
5114,24017337910,251.30
5115,591205684,2777.10
5116,18377001504,837.60
5117,44463687787,586.80
5118,9068494411,1051.60
5119,39649752635,300.20
5120,531084861,5000.00
5121,578184596,2172.10
5122,851127954,1549.20
5123,4690560478,1111.60
5124,2271114378,1512.60
5125,5781284617,841.30
5126,54371435248,523.90
5127,7074271367,1048.90
5128,3166937327,1492.90
5129,43398468475,659.20
5130,1883807816,1665.00
5131,1253717073189,25.00
5132,16256238882,792.80
5133,13211143236,691.60
5134,2599663160624,35.20
5135,21846183062,513.90
5136,266051963,3096.80
5137,2923165885,1232.20
5138,16298420376,368.70
5139,790671478,1905.50
5140,26345498176,906.70
5141,20281428762,605.30
5142,2062369726,2009.10
5143,4019030448,1361.20
5144,42675563523,199.50
5145,1039926402,2154.60
5146,52699183131,198.20
5147,10028690844,811.60
5148,28886244313,701.00
5149,15772215620,776.30
5150,531084861,5000.00
5151,186903734,3566.20
5152,51778663537,226.00
5153,107439440429,92.40
5154,65294738113,463.80
5155,7519432591,955.10
5156,82877554025,364.40
5157,21199977065,577.00
5158,11575269420,595.20
5159,42343503997,250.80
5160,87970113916,322.80
5161,4245119668,1142.50
5162,531084861,5000.00
5163,115383885282,178.30
5164,41086306414,229.60
5165,5636591461,1116.30
5166,9508035857,1056.70
5167,48228635294,483.80
5168,10044012589,1110.40
5169,69743657776,112.80
5170,13385304664,444.30
5171,11566617240,1050.00
5172,8212536318,1238.60
5173,650820130,2694.70
5174,777965356,2501.20
5175,35432158457,478.30
5176,331521102,2614.00
5177,2411347836,1277.10
5178,7812668916,694.10
5179,85276464120,147.00
5180,200247979,3929.70
5181,76066013256,163.00
5182,132098874334,59.40
5183,41577411380,673.40
5184,71047226087,385.80
5185,37954730288,774.40
5186,18546186290,785.20
5187,37137560493,221.20
5188,2329473410962,28.60
5189,9293427326,1150.40
5190,373438263,3437.10
5191,531084861,5000.00
5192,50368847301,644.90
5193,102018519199,274.40
5194,1044770460,1636.10
5195,39162839325,329.70
5196,95974532,4614.70
5197,23674018285,447.50
5198,58563684717,423.10
5199,31094135907,308.40
5200,8588564975,1112.80
5201,521814105,2291.50
5202,13277773590,997.90
5203,263776628,3401.80
5204,39312004825,560.80
5205,5961701846,1333.30
5206,206536826,3736.20
5207,2381661813,1558.20
5208,4675634248,1234.10
5209,5313314549,1228.10
5210,2036616568,1600.30
5211,75340177964,321.30
5212,1532038709,2116.00
5213,20776825766,648.80
5214,1127431414531,24.40
5215,1869778290350,19.30
5216,53293446971,625.10
5217,2417877741,1694.50
5218,531084861,5000.00
5219,1999111451,1332.90
5220,43955825742,225.20
5221,4121953628,1070.20
5222,223423322,3577.90
5223,95311862280,121.70
5224,1066218729480,40.20
5225,6564254576,1059.60
5226,57851592909,235.80
5227,19745534278,555.30
5228,1733710791,1260.20
5229,65337183199,267.00
5230,196378413,3014.00
5231,1090902853,2149.60
5232,20398655620,490.60
5233,1792276923,1975.40
5234,180937869246,75.70
5235,86648836169,313.50
5236,36056412122,392.00
5237,1371147243,2020.80
5238,24523413023,571.70
5239,1668328158,1719.30
5240,557245175,2260.40
5241,58893619560,111.90
5242,8171157005,1239.20
5243,531084861,5000.00
5244,29057575729,341.90
5245,32731729844,277.20
5246,2124050036,1130.60
5247,18063124374,400.60
5248,20115788661,758.70
5249,12051169488,1073.80
5250,531084861,5000.00
5251,43884761371,637.10
5252,1398769589,1573.80
5253,70045032237,68.50
5254,80349589239,158.10
5255,2947351916876,15.10
5256,7648873499,1204.20
5257,246727703,4871.00
5258,8033390187,1243.10
5259,3408563389,1544.90
5260,17346149269,743.90
5261,2387706155,1437.50
5262,216074336,4929.00
5263,33974425096,622.70
5264,59670263178,443.20
5265,4569790732,1026.30
5266,58948293295,583.00
5267,7435711191,929.80
5268,27331259104,135.50
5269,499039078,2688.80
5270,17192210782,967.40
5271,1956536679,1661.30
5272,1159580297339,40.60
5273,24354252034,810.30
5274,749996994,2245.20
5275,531084861,5000.00
5276,28827760645,817.50
5277,8015631061,903.40
5278,38003039825,689.70
5279,17744906782,736.50
5280,928673231,2029.00
5281,14427952868,103.80
5282,95564787513,210.10
5283,11066846836,817.10
5284,36662839802,187.60
5285,32166793221,72.00
5286,4394373281,1065.00
5287,355447871,3848.90
5288,45868153446,196.70
5289,336945594,3115.20
5290,148538857,4608.00
5291,39383637930,574.90
5292,3890857842,1378.40
5293,68372571538,164.50
5294,12899022031,234.50
5295,110034716560,222.30
5296,531084861,5000.00
5297,373016576,3510.70
5298,783473384,2574.40
5299,178920391313,50.40
5300,5367497716,1302.20
5301,74191704812,221.90
5302,14787390129,874.20
5303,3690706992,1312.60
5304,28944832859,585.60
5305,69561387310,339.70
5306,65110063447,496.60
5307,1389972450,2201.20
5308,235250229,3506.40
5309,74731790786,68.00
5310,19486360133,323.10
5311,450014120,3188.50
5312,2022761012,1665.70
5313,531084861,5000.00
5314,61524315100,210.20
5315,26901273223,627.10
5316,8110213217,769.80
5317,76219174648,366.00
5318,7996363476,939.30
5319,208350309,3362.10
5320,24068306493,186.20
5321,423385958,2617.70
5322,848603508,2019.80
5323,1832748857,1507.00
5324,531084861,5000.00
5325,97781285959,106.00
5326,531084861,5000.00
5327,3203345570,1329.10
5328,129302911,4354.40
5329,43517037693,190.70
5330,16597690341,275.80
5331,9633098267,694.50
5332,78763658167,84.30
5333,20411614480,581.40
5334,81876384278,338.30
5335,4413460797,1464.60
5336,48514394411,577.20
5337,37402803180,307.30
5338,34162931069,358.80
5339,19449655383,186.60
5340,44299653610,247.10
5341,8291657619,626.80
5342,45287913222,283.40
5343,15853728429,804.40
5344,209180683,2994.70
5345,43379987672,737.60
5346,16094278023,482.50
5347,10718598550,516.50
5348,5795302257608,1.70
5349,1799540181,2086.40
5350,38465052931,381.00
5351,1301479812,1883.10
5352,41733018894,630.20
5353,1156358932,2252.70
5354,158648829,3631.00
5355,751424203,2134.70
5356,863238485,1788.20
5357,5936849195,1136.10
5358,7237407184,824.30
5359,33006011640,212.60
5360,531084861,5000.00
5361,23234562023,601.90
5362,2309561660,1577.30
5363,54250481414,158.50
5364,23973183178,449.60
5365,58506535607,494.20
5366,949924156,2286.60
5367,363406763,3591.10
5368,14560988409,687.70
5369,71234497200,412.10
5370,37083944481,632.40
5371,5881457181,1306.20
5372,1525994714593,20.10
5373,21056146718,312.20
5374,3327174174,1247.90
5375,230335883,3201.80
5376,36313098301,221.00
5377,2969529701,1569.10
5378,1416309166,1622.10
5379,2412528522,1408.00
5380,3261119248,1327.60
5381,33746118097,641.60
5382,29838476508,327.90
5383,16056015425,869.70
5384,956339231,2316.10
5385,854156190,1618.00
5386,23886085853,707.60
5387,8478017481,1175.00
5388,6994952722,796.00
5389,805879180129,39.80
5390,35533101200,488.30
5391,36006517916,288.10
5392,5150118775,587.60
5393,1694276505,1528.90
5394,3048600938,1152.30
5395,97584606015,319.40
5396,22442532702,566.80
5397,17490715605,591.00
5398,315585043,2935.10
5399,83191513508,73.80
5400,1033623364,2133.60
5401,158399439,3852.70
5402,1599031722,1657.70
5403,1712019507890,31.00
5404,983802192,1709.30
5405,44985287741,461.00
5406,631002163,1943.50
5407,40229481573,186.30
5408,29597544425,51.70
5409,61002215410,128.80
5410,22011340427,144.90
5411,464798540091,36.00
5412,29236056449,266.40
5413,1323742830,1613.00
5414,24972546072,141.50
5415,28656197150,444.00
5416,4096728412,1342.90
5417,69916878268,239.90
5418,52181019613,84.00
5419,95013527138,194.70
5420,1444768259,1742.20
5421,47244402209,548.00
5422,2552765957,1765.70
5423,110339193684,125.70
5424,38923458980,334.80
5425,66267552539,301.30
5426,16298420376,368.70
5427,60313944499,588.30
5428,414633852,2680.60
5429,1872244183,1858.20
5430,42323049867,175.20
5431,1554633294422,42.40
5432,21732691401,663.40
5433,919451229936,22.60
5434,78209952667,421.50
5435,11615360676,1041.50
5436,778816521,1872.10
5437,40898426416,758.00
5438,1376341084,1434.20
5439,43436879814,741.10
5440,144109147,3645.30
5441,66128803259,197.10
5442,20095155495,499.70
5443,69660433623,384.20
5444,72516912296,440.80
5445,97723763845,314.70
5446,8246215426,925.80
5447,531084861,5000.00
5448,41650240995,172.10
5449,74637807536,454.80
5450,1456044337,1774.20
5451,2035754177864,43.50
5452,25573653368,453.40
5453,61469055539,183.80
5454,27998218096,761.00
5455,18331586986,240.60
5456,45040186905,147.40
5457,946711661,1968.50
5458,21937508619,852.80
5459,136263731,4954.30
5460,52569441595,622.50
5461,1587881947,1997.00
5462,4189939629,1458.10
5463,53960135144,545.70
5464,917664185,2180.90
5465,106756117429,152.20
5466,8550027800,1180.70
5467,3526925319,1281.00
5468,46896246370,472.80
5469,12015604853,684.60
5470,28348981410,433.30
5471,48959684896,344.50
5472,940493719,1843.30
5473,6357623877,1300.60
5474,42392477274,750.10
5475,7210053946,1252.10
5476,314525046,2583.40
5477,276614492,3234.50
5478,34780168658,370.80
5479,4873444989,826.60
5480,6131226017,1027.40
5481,93532493188,192.50
5482,64660452691,526.10
5483,531084861,5000.00
5484,56959543115,107.70
5485,20965887877,554.40
5486,471198879,2620.00
5487,66339506080,82.60
5488,4576345152,1366.00
5489,6347375237,865.60
5490,60825861551,113.60
5491,39097774358,519.70
5492,105154110,4070.00
5493,15922607933,720.10
5494,20517673704,319.70
5495,224958222,3628.60
5496,2952126165,1201.70
5497,145039966553,85.50
5498,48167139505,243.20
5499,461760618,2745.60
5500,23208479417,119.50
5501,23921635103,633.10
5502,109601508967,77.80
5503,3135096421146,12.60
5504,362886873993,40.90
5505,51154176414,648.20
5506,1078882600,2042.00
5507,530036399,2756.60
5508,48491846484,179.30
5509,4105639392,1339.50
5510,13835672428,943.40
5511,57828428772,61.40
5512,54500323718,68.30
5513,8979875920,921.40
5514,20886157242,124.60
5515,22703066027,652.80
5516,57474237530,72.90
5517,6383616562,1192.80
5518,10686583566,980.40
5519,40828784883,684.40
5520,137225539,3298.10
5521,90795276426,255.40
5522,1022227035,2409.40
5523,1333454674,1602.30
5524,9774575239,1171.30
5525,24925960200,81.20
5526,531084861,5000.00
5527,12189402107,546.00
5528,17986494775,650.40
5529,358620260,3133.80
5530,531084861,5000.00
5531,4073722736,1422.40
5532,8356965464,789.10
5533,11290187368,920.40
5534,648665807,2383.70
5535,6747483943,1145.50
5536,63214743487,205.70
5537,75779832592,200.20
5538,300161644,4287.20
5539,90099828870,359.20
5540,8175918645,1113.00
5541,39141158438,149.00
5542,7670947641,1012.20
5543,7917145239,628.70
5544,1864328713,1758.90
5545,26382955500,144.80
5546,383243273,2971.00
5547,8291657619,626.80
5548,555310159,2080.10
5549,164812670,4734.00
5550,2606872700,1477.10
5551,1925712469,2060.40
5552,4144554954,1547.50
5553,14963927074,953.80
5554,3223461523,1210.90
5555,51430912362,256.10
5556,33088939543,834.70
5557,29336774969,561.70
5558,75454361973,100.20
5559,6903461289,1077.40
5560,3604564052946,10.30
5561,531084861,5000.00
5562,796233192,2479.90
5563,155882498,3629.50
5564,1255841848,1386.60
5565,73774184373,88.00
5566,107682946570,55.00
5567,54118302228,73.30
5568,1280187756,1891.80
5569,6805219028,1132.60
5570,14373948937,529.30
5571,184867036,3769.60
5572,70391478179,516.00
5573,1687394659,1773.90
5574,19180044744,348.90
5575,25386480539,317.90
5576,15365822985,538.30
5577,5979166201,773.10
5578,93250342776,245.60
5579,66304387354,301.00
5580,37489096333,325.70
5581,284915284,3662.00
5582,2315025098,1644.30
5583,531084861,5000.00
5584,856903194,2338.10
5585,3527325438,1562.00
5586,29722763407,330.10
5587,51290075661,103.90
5588,604937623,2146.40
5589,108937490,4932.60
5590,3432519173,1506.80
5591,52331444959,262.20
5592,51622916187,81.40
5593,13481726797,589.60
5594,28911858533,387.10
5595,173918368,3153.60
5596,72805242767,453.60
5597,44037141176,627.40
5598,195431831158,63.60
5599,2770215415,1722.40
5600,127131285266,127.80
5601,2795643701,1701.10
5602,13475634659,770.30
5603,9784223330,984.70
5604,34584480912,751.50
5605,12048429897,539.00
5606,3848451876,971.40
5607,26202063767,642.10
5608,2231413010,1777.00
5609,194041357,3211.20
5610,206334800,4334.40
5611,2203549376,1498.90
5612,31475288640,855.10
5613,12354842210,842.40
5614,21672870289,525.80
5615,66903533447,132.10
5616,531084861,5000.00
5617,25159180678,825.00
5618,1539871173,1399.60
5619,42187738846,282.50
5620,30734057189,858.30
5621,48492263431,100.90
5622,533348396,2633.00
5623,3035629955,1415.50
5624,26373055231,742.50
5625,11800191822,569.00
5626,175092541,2905.10
5627,8786483481,1067.50
5628,972804745,1924.00
5629,52991865431,642.70
5630,2031199313042,27.80
5631,2759662030,1675.70
5632,17848890938,241.00
5633,1594007581,1897.20
5634,70851211060,437.60
5635,8701914376,793.90
5636,531084861,5000.00
5637,25633290641,395.10
5638,1611836190,2152.20
5639,784268326517,39.50
5640,5156622192,898.60
5641,1293174365,2141.30
5642,8848691334,622.10
5643,531084861,5000.00
5644,189200858,3813.10
5645,209162436,4448.20
5646,116385267427,116.60
5647,5338220532,922.40
5648,83972795062,328.60
5649,52435320452,206.70
5650,840025356212,34.20
5651,312036166,2622.00
5652,15375523955,1017.30
5653,826876818,2324.70
5654,4321856246,1428.50
5655,44406324243,553.20
5656,992471330747,9.50
5657,250699643,4154.90
5658,46712008055,567.10
5659,5014853068,1218.90
5660,76365395711,409.20
5661,1179062464,2266.60
5662,13965533242,1005.70
5663,39525099432,576.00
5664,29209282884,671.90
5665,531084861,5000.00
5666,51774681751,331.60
5667,56316170332,564.00
5668,10863899304,919.50
5669,57945851431,169.10
5670,1674033970,2104.70
5671,531084861,5000.00
5672,24257331615,328.50
5673,29537023202,314.10
5674,436092300693,47.70
5675,43418454374,134.30
5676,30716399060,829.50
5677,625061024,2482.40
5678,100491212,4489.20
5679,302628717,2182.80
5680,1424885867,1742.00
5681,73558769695,483.00
5682,7421254250,1061.80
5683,21499471824,947.10
5684,3412172622146,2.40
5685,274137992,2706.00
5686,196305155972,74.50
5687,26141473032,442.60
5688,43547511626,514.30
5689,321568486,3284.70
5690,5206327244,1249.10
5691,199084903,4021.50
5692,59349596767,533.70
5693,25053625216,604.20
5694,35298036111,673.90
5695,64708325454,166.20
5696,2993138780,1391.30
5697,26894536589,454.30
5698,3636072404,1133.60
5699,531084861,5000.00
5700,29847944399,103.50
5701,53577938473,396.90
5702,35222072338,575.70
5703,794741171,1927.10
5704,42988630986,698.90
5705,662469790,1918.00
5706,2571418512,1397.90
5707,18735703757,315.70
5708,20278535776,205.10
5709,212148200,3387.60
5710,2195756833,1818.40
5711,34469834710,444.80
5712,24052873509,492.20
5713,2250929591,1850.00
5714,67525841065,354.30
5715,197885437,4569.50
5716,74012780281,408.70
5717,6424471823,988.60
5718,11238912654,483.20
5719,531084861,5000.00
5720,29557465131,345.30
5721,297598019,2721.30
5722,165022866339,74.70
5723,309484596,3234.10
5724,14625913224,288.30
5725,7932565442,962.20
5726,437098111,3001.30
5727,1276103204,2269.50
5728,35753936429,691.20
5729,62823845234,132.40
5730,2151306368,1726.20
5731,12035603992,820.80
5732,38321406838,174.00
5733,93088806431,275.50
5734,23002195005,615.90
5735,99455007812,271.90
5736,2106285923,1565.40
5737,21244323107,963.40
5738,13229713368,348.70
5739,4998334392,1442.60
5740,61203070460,50.90
5741,1756253333,1160.70
5742,416967783,2901.50
5743,8267678986,913.50
5744,61350376768,108.80
5745,54300600773,413.90
5746,1463223653,2028.10
5747,124260181,4041.10
5748,4237328313,1444.30
5749,3196482928,1385.30
5750,169591494617,64.90
5751,67337043522,157.30
5752,531084861,5000.00
5753,1634348214762,32.10
5754,92211272972,212.80
5755,42277463374,655.20
5756,7996363476,939.30
5757,342188299,3643.50
5758,31745390219,315.50
5759,42226976192,199.80
5760,10570770988,1134.20
5761,68298442957,173.90
5762,24360711971,690.90
5763,182796155270,57.60
5764,22469771854,152.90
5765,22725448925,935.40
5766,7860495051,1200.10
5767,26033526485,909.40
5768,41951259288,210.30
5769,22178996614,878.40
5770,2472483395,1642.10
5771,30778877603,784.00
5772,21703408057,902.00
5773,90389366483,327.10
5774,255539133,4797.60
5775,3194627075,1475.40
5776,12602078450,530.70
5777,7022677748,994.50
5778,6835977494,1078.50
5779,6009610255,1019.60
5780,3578565021,1291.00
5781,531084861,5000.00
5782,73609756800,458.90
5783,16630579558,664.10
5784,92512774843,247.60
5785,54600656666,435.30
5786,43672174643,649.00
5787,198556245684,54.70
5788,194695007,4525.20
5789,252645370,4572.60
5790,14560988409,687.70
5791,25030800378,202.00
5792,96366574869,83.40
5793,64231037032,306.20
5794,76997229366,182.30
5795,618615990,2211.80
5796,2053867380,1294.10
5797,531084861,5000.00
5798,135841612,3342.30
5799,46824411762,50.20
5800,13015831368,737.80
5801,45922775665,148.70
5802,49523112327,215.20
5803,28718132543,806.70
5804,22771418946,273.70
5805,23869934384,668.70
5806,14398433985,656.20
5807,311863798,4217.30
5808,358102827,2785.50
5809,6082418721,802.70
5810,1043200856,1788.60
5811,37156024296,638.70
5812,152087961,2970.10
5813,110015151698,67.90
5814,10714684334,1107.30
5815,213822124,4086.40
5816,7540976042,1114.10
5817,101086252198,98.90
5818,88429956079,370.70
5819,2485345193796,21.20
5820,14293214592,997.70
5821,28557963114,393.80
5822,52699183131,198.20
5823,3057943762589,18.20
5824,2608995035,1795.00
5825,43614975609,686.70
5826,8881296942,1051.30
5827,4090191712,1338.70
5828,2656397780,1529.40
5829,53394307474,639.40
5830,11426410021,677.30
5831,28438789491,697.70
5832,29241985296,631.90
5833,638458407,2432.10
5834,10028690844,811.60
5835,41962343578,676.80
5836,26898717388,484.60
5837,1304783454,1897.30
5838,33127919745,333.30
5839,33864922175,175.90
5840,69159909230,362.90
5841,531084861,5000.00
5842,55145743364,75.40
5843,5567620256193,17.20
5844,5088532495,1398.00
5845,60520809569,497.80
5846,531084861,5000.00
5847,39693893985,290.70
5848,26728609671,886.20
5849,18120700956,421.60
5850,1051382116,1917.20
5851,5758230754,1108.10
5852,8462913392,1190.30
5853,749020550930,24.10
5854,15397275795,210.50
5855,1949172760,1229.80
5856,59520252147,177.30
5857,1069834418,2010.20
5858,49539485200,311.10
5859,18213189659,331.40
5860,133322038116,65.00
5861,16543225413,705.30
5862,3194285749,1680.30
5863,4556564422,1249.20
5864,2373404190,1128.10
5865,55567900145,136.00
5866,84268554957,328.90
5867,10840454137,784.90
5868,1009403688,1945.80
5869,3658479552,1357.60
5870,3504963224,1293.70
5871,48762153329,473.40
5872,28943157770,709.40
5873,4528768899,721.60
5874,4872097464,1133.10
5875,21257328401,496.40
5876,5008935806,1282.00
5877,13514514726,248.30
5878,29360005319,825.70
5879,3170355999,1659.00
5880,9270063576,683.70
5881,353396674,3205.20
5882,2169354430,1594.00
5883,531084861,5000.00
5884,28811895174,591.60
5885,13219884611,839.50
5886,7590301380,1231.80
5887,57737993899,204.60
5888,47251203327,349.10
5889,38389467794,155.10
5890,1563535255,1358.70
5891,7780133580,884.40
5892,27578705870,169.80
5893,76742129808,286.10
5894,6051492671,1283.60
5895,3367356374,1245.40
5896,3367356374,1245.40
5897,13178964003,663.90
5898,531084861,5000.00
5899,53001060001,437.20
5900,531084861,5000.00
5901,13746012176,375.40
5902,25096744873,681.80
5903,1240366972,1239.00
5904,2118732664,1472.20
5905,1079742886,1704.80
5906,48741494292,225.10
5907,33492328891,417.50
5908,9662829425,677.60
5909,64949849407,170.20
5910,36411312233,649.80
5911,50288870399,521.80
5912,41686842678,172.30
5913,192387606,4578.40
5914,29317033687,547.10
5915,527507551072,28.10
5916,35789536495,350.60
5917,107916059461,210.00
5918,32870727520,299.70
5919,2094547407,1618.90
5920,15846401259,355.10
5921,52137168530,414.80
5922,66976088633,318.60
5923,44845804105,167.20
5924,141114269988,91.10
5925,531084861,5000.00
5926,36618598155,578.40
5927,42637808944,432.30
5928,82694840522,397.10
5929,25386480539,317.90
5930,3848451876,971.40
5931,2783813359,1547.90
5932,147639379,2966.00
5933,13935066847,891.40
5934,24836212331,511.30
5935,116330139020,150.20
5936,32327420760,165.30
5937,83053732737,394.30
5938,531084861,5000.00
5939,70259536442,306.60
5940,156393464,4055.10
5941,885084191,1681.10
5942,79375836048,230.00
5943,18664905934,209.30
5944,11426410021,677.30
5945,16529448584,999.00
5946,33051520074,532.90
5947,15492878548,492.70
5948,142389057823,88.90
5949,939137562,2430.90
5950,28729961847,343.30
5951,21005159309,334.40
5952,61931904986,200.70
5953,43885697450,291.20
5954,56799723619,440.00
5955,21489420838,241.50
5956,10943469347,520.20
5957,4087077821,1522.60
5958,2925319797,1342.70
5959,36401057768,384.10
5960,32345094978,657.30
5961,1132176790,1754.70
5962,531084861,5000.00
5963,96294128527,187.40
5964,58233280276,386.00
5965,61663083174,178.50
5966,15174622656,419.80
5967,787657559,1844.10
5968,51622916187,81.40
5969,45334145585,348.20
5970,65527409793,507.10
5971,34452627749,522.00
5972,531084861,5000.00
5973,63787321462,383.50
5974,10849767032,220.30
5975,26480178336,158.30
5976,42619715690,293.20
5977,7534853175,1006.90
5978,17731050166,353.00
5979,1025945634,1726.50
5980,2073169288,1904.80
5981,272089914,3721.20
5982,738442354,1600.10
5983,3709614773839,8.00
5984,14168501189,296.50
5985,6758554385,1270.30
5986,9394910774,934.10
5987,5003295623,1447.40
5988,6286303494,647.40
5989,3657045928,1429.70
5990,51565525377,356.60
5991,38050829609,580.40
5992,43244807895,242.70
5993,1306764725,2182.60
5994,32243231271,430.80
5995,315273641,2593.00
5996,33207436887,710.50
5997,95446370807,323.70
5998,49674522318,423.70
5999,32373231031,742.40
6000,4071050819,1105.10
6001,5452303673,1091.40
6002,11620473666,345.80
6003,108260293585,169.60
6004,1596481568118,19.60
6005,531084861,5000.00
6006,11783726863,911.70
6007,30850242538,308.50
6008,16542406677,693.00
6009,9636198454,840.40
6010,88199390384,112.00
6011,12005204259,784.10
6012,47207781652,490.10
6013,28138245199,498.30
6014,13051413518,810.70
6015,1584644590,1961.60
6016,280032471,2890.10
6017,4441045604,1236.70
6018,9605976162,692.00
6019,10224760388,1042.50
6020,531084861,5000.00
6021,1488586699,1933.10
6022,8875269274,851.40
6023,59555646826,611.50
6024,8632318555,255.00
6025,18747001184,492.50
6026,9636198454,840.40
6027,372406861,3231.50
6028,379976347,3878.80
6029,30030291049,537.70
6030,1825274220357,19.00
6031,271913356,2862.50
6032,4176830994,1351.10
6033,1528666213240,14.90
6034,10690424748,634.70
6035,46034940982,103.40
6036,2563626806,1478.90
6037,36155950862,288.60
6038,1232018379808,30.80
6039,24879963818,631.00
6040,410300096,2566.40
6041,19192133940,731.60
6042,11641578376,835.60
6043,23061703753,463.70
6044,64915583015,536.70
6045,8745299439,1061.90
6046,702869070,2308.40
6047,2250208790,1468.40
6048,38541731829,184.70
6049,87201456756,62.80
6050,3319735629,1578.50
6051,93657235,4854.50
6052,2595420684,1194.10
6053,24528588964,236.60
6054,61463484398,131.40
6055,61527876170,585.70
6056,36268000654,189.00
6057,7596952332,1124.40
6058,70258563268,208.00
6059,796232820,1906.80
6060,1680292032,1146.20
6061,100791984578,111.40
6062,55756908815,360.80
6063,28576057895,573.10
6064,19739653502,371.40
6065,294223256,3851.70
6066,2702621855,1772.60
6067,12345705674,640.10
6068,90483250717,337.20
6069,1248024921595,24.70
6070,1057362580,1804.60
6071,109601508967,77.80
6072,36461760505,464.10
6073,20800735252,523.50
6074,47184643692,317.10
6075,13380524535,212.10
6076,1043261811,1712.20
6077,5918581100,819.40
6078,26701905210,269.50
6079,7014104385,1301.50
6080,7917145239,628.70
6081,6547696615,1227.20
6082,61790651922,583.60
6083,16735776554,584.70
6084,306058985,3951.80
6085,6476677986,1209.80
6086,24357785169,890.80
6087,70713619912,327.60
6088,3628912515,1350.40
6089,531084861,5000.00
6090,94628179492,296.00
6091,35584317150,767.00
6092,30208735993,779.40
6093,9810022029,889.20
6094,42248961705,735.20
6095,38849859380,723.90
6096,22815524199,936.60
6097,14447000975,843.50
6098,33081495090,547.80
6099,421786510,2836.30
6100,24740841376,650.30
6101,58959918360,194.50
6102,174824094,3602.50
6103,463884865,2989.30
6104,43036221048,398.60
6105,754113111,2217.00
6106,303232788,2718.50
6107,31039024425,529.10
6108,7215751507,781.70
6109,477117997,3130.70
6110,39351927805,530.50
6111,19570804097,397.20
6112,2504517940,1405.40
6113,40507775560,692.80
6114,69853493672,203.50
6115,4134140657,1541.40
6116,22952016188,957.30
6117,28384234385,452.40
6118,40548107214,692.40
6119,786919628,1785.00
6120,16574971160,813.50
6121,43186407555,740.60
6122,1992717224,1125.30
6123,29841317907,285.90
6124,5453314801,1404.40
6125,24492723046,617.40
6126,52426711464,369.30
6127,285484513,4337.10
6128,1677765483011,20.70
6129,281951454,2979.80
6130,29582735439,681.90
6131,24392535508,662.90
6132,19150310122,656.80
6133,1130073003,1787.30
6134,24032699166,111.50
6135,531084861,5000.00
6136,17970727948,458.50
6137,115775213,4151.00
6138,17695180680,522.40
6139,531084861,5000.00
6140,12899022031,234.50
6141,3227824937,1040.10
6142,28946665497,881.70
6143,40820068596,590.40
6144,63497306549,324.50
6145,56592833704,56.60
6146,1763951777,1331.50
6147,52896565965,434.90
6148,4253322726,1139.70
6149,71961636723,67.50
6150,63756527166,433.40
6151,25516700507,481.20
6152,23838564398,893.80
6153,142301574,3841.00
6154,65267668361,215.30
6155,43330972165,448.10
6156,15390196411,711.60
6157,26986265347,838.50
6158,531084861,5000.00
6159,10718598550,516.50
6160,55034150072,198.80
6161,260793013,3553.10
6162,25916298107,422.90
6163,56246966078,469.00
6164,10737900057,602.60
6165,48981244225,277.10
6166,1897356798,1571.80
6167,6408394155,1064.40
6168,58486497989,585.00
6169,472970204,1858.80
6170,531084861,5000.00
6171,901396502,2416.50
6172,5933471400,1184.10
6173,25736602562,342.90
6174,587939084,2091.70
6175,7898400678,548.10
6176,2071274487,1631.20
6177,760615158,1995.40
6178,1066556312,2120.10
6179,12550741702,962.80
6180,1182933869,2095.40
6181,61350376768,108.80
6182,41293579959,448.90
6183,2938331494,1327.00
6184,26316697677,118.60
6185,13149121346,937.20
6186,2002116826,1639.40
6187,25542962432,430.00
6188,2609582486999,33.30
6189,250301997,2892.20
6190,14625913224,288.30
6191,24017337910,251.30
6192,106323576043,133.10
6193,8624824759,850.20
6194,1422853070,2152.90
6195,399610973,3285.20
6196,14423796132,643.90
6197,45287913222,283.40
6198,39986410502,447.90
6199,8657961159,1184.70
6200,6274247161,855.00
6201,1209111516,1940.30
6202,40585812302,159.70
6203,2843447034,1542.40
6204,59913365941,159.50
6205,1873227627,1546.70
6206,19416401786,589.40
6207,287158447,4901.10
6208,11945340469,995.00
6209,39261269824,133.90
6210,82125893698,411.30
6211,24061540635,684.10
6212,18178065837,267.20
6213,41742024356,106.50
6214,83395149328,269.70
6215,75697734785,303.50
6216,283731562,3090.20
6217,11085947879,212.70
6218,526797288,2795.40
6219,30683073701,117.10
6220,1118008976,1956.50
6221,27239024394,296.60
6222,10613268516,995.80
6223,6167126972,1321.90
6224,1357086434,1740.60
6225,69277543995,347.70
6226,1549968248282,24.60
6227,12087896938,568.50
6228,69215906418,213.90
6229,520469412424,38.20
6230,9672149791,1154.00
6231,7898400678,548.10
6232,2253801000,1384.90
6233,52824881090,225.90
6234,14556134766,791.90
6235,1170369842,2065.10
6236,104471709022,201.70
6237,506598010,2808.00
6238,31511448597,240.40
6239,25386480539,317.90
6240,2103533047,1315.80
6241,531084861,5000.00
6242,13822403256,856.50
6243,531084861,5000.00
6244,8928227827,567.20
6245,28736491776,84.80
6246,31448987440,311.50
6247,22008577710,389.10
6248,1265484631,1582.40
6249,79559100486,183.30
6250,358047051,3452.40
6251,3253280852,1578.00
6252,50770238285,501.40
6253,280900545,2700.40
6254,117834965275,167.40
6255,531084861,5000.00
6256,43246812284,393.90
6257,3062880467,987.20
6258,52332567219,277.60
6259,37140648092,466.70
6260,3907842138,1191.40
6261,20465103632,824.10
6262,75182815509,213.50
6263,48700343511,622.00
6264,97202321720,125.50
6265,29840295428,535.20
6266,1367775374142,47.90
6267,5646652785,1009.30
6268,531084861,5000.00
6269,13620083263,1005.90
6270,4064301188,970.10
6271,15916463122,942.60
6272,1283307737,2120.40
6273,87072175564,71.50
6274,19871494549,642.30
6275,313881030,2612.60
6276,42747568153,284.00
6277,53426333615,156.00
6278,38180572783,397.90
6279,475065251598,25.90
6280,2334279573,1806.90
6281,27239024394,296.60
6282,16476556768,686.80
6283,20151274124,48.80
6284,23350480183,58.80
6285,16252282770,143.00
6286,16663243009,465.80
6287,2412528522,1408.00
6288,35649234678,416.10
6289,102461074180,252.00
6290,2169985129,1845.40
6291,1378162030788,31.70
6292,54626526824,124.70
6293,4684995579,1021.90
6294,19509155402,999.50
6295,187539151,3582.80
6296,531084861,5000.00
6297,52106526918,219.70
6298,23545305175,272.90
6299,26806253308,390.70
6300,926266190,1780.60
6301,32143686123,261.20
6302,56917324361,341.60
6303,1113810057,1431.60
6304,4735883098,1269.40
6305,32356082814,837.40
6306,232144889,4463.80
6307,1166375604,1389.60
6308,15480353422,534.20
6309,73662819538,357.80
6310,2537779045,1802.10
6311,68593254194,453.50
6312,54783844068,582.10
6313,1225605570765,22.30
6314,59219177084,497.70
6315,1528666213240,14.90
6316,643853257,2036.20
6317,531084861,5000.00
6318,531084861,5000.00
6319,93367328035,336.10
6320,12458114922,1032.40
6321,13004224519,241.70
6322,7794213081,743.20
6323,3745264862,1413.40
6324,19650594497,218.90
6325,481353133,2782.90
6326,2178478286,1641.70
6327,487626526,3082.80
6328,23694072418,687.30
6329,23543705159,501.80
6330,159706530127,92.50
6331,43216691005,166.80
6332,1592698204,2106.20
6333,18985404478,833.00
6334,78600295438,278.60
6335,13481726797,589.60
6336,107526947955,212.40
6337,16735776554,584.70
6338,4042853556,1541.60
6339,16449038968,457.90
6340,3627945653,1555.80
6341,59097014621,108.70
6342,1952622030,2013.80
6343,1819652839450,12.40
6344,117120632163,125.20
6345,33120593400,149.10
6346,14625913224,288.30
6347,531084861,5000.00
6348,2292053043,1265.40
6349,194916302,4444.00
6350,531084861,5000.00
6351,64223640816,422.50
6352,24972853797,507.00
6353,165012853,4083.50
6354,4819518076,1342.80
6355,28656310545,526.20
6356,2671422500,1692.90
6357,531084861,5000.00
6358,1928919253,2007.80
6359,53905473399,251.00
6360,328560069,3657.80
6361,432346296,2815.70
6362,10166847180,162.20
6363,46041190084,126.80
6364,86719600191,191.00
6365,31078445394,703.60
6366,2045013238,1178.60
6367,20524719341,609.50
6368,639756474,1882.50
6369,2662219383,1600.60
6370,500400715,3012.40
6371,23819855082,619.60
6372,216198921660,99.30
6373,6286303494,647.40
6374,84580767501,375.50
6375,58669611130,203.70
6376,158273781,2416.40
6377,32388670319,712.30
6378,46398262876,500.60
6379,20728912023,614.40
6380,16366305176,533.40
6381,72112204785,499.60
6382,1772194438,1330.10
6383,24311033326,434.40
6384,22033008189,168.10
6385,1476349619,1227.40
6386,1238050528,1415.70
6387,2032103680,1842.00
6388,3354538682982,2.50
6389,26778421909,558.30
6390,13588133423,443.70
6391,55952781380,194.00
6392,1568051677,1727.90
6393,1596304490,2155.40
6394,35141363471,347.60
6395,71642258585,466.50
6396,25496441382,308.00
6397,7262061383,1060.40
6398,6274247161,855.00
6399,16725913635,831.00
6400,41878499014,54.40
6401,15468486620,496.50
6402,260890019,4411.30
6403,1423254562,2196.70
6404,51227554256,581.70
6405,7082070581,995.70
6406,9623052118,887.60
6407,3106327343877,17.60
6408,46103000008,98.50
6409,470637946,2945.00
6410,8742571364,1142.90
6411,24060120396,186.50
6412,1380855894,1870.60
6413,34273298151,373.20
6414,2422410292,1588.90
6415,5569604265,1092.20
6416,14398433985,656.20
6417,495713505,2357.00
6418,2319208397,1284.10
6419,389700601,2885.10
6420,854156190,1618.00
6421,1435206090273,23.70
6422,16490969449,681.30
6423,27985714929,292.80
6424,216095538,3780.40
6425,4035461376,1228.50
6426,36664257871,504.60
6427,21807506662,557.00
6428,2463481953,1556.20
6429,1872654137,1764.90
6430,526277923,2443.40
6431,10083288612,898.70
6432,62015759911,83.00
6433,24460492122,381.30
6434,531084861,5000.00
6435,62654192707,127.10
6436,9455922255,953.90
6437,360343468,3862.00
6438,30144385860,255.20
6439,2253525474,1461.30
6440,40021293580,377.90
6441,415375925,2256.50
6442,21306895273,701.80
6443,28608917461,484.30
6444,3100678808,1633.70
6445,62842976653,167.80
6446,943695127,2039.70
6447,2720341164,1568.00
6448,106818070464,90.30
6449,812373785,1998.60
6450,43727007293,467.20
6451,113350443090,91.60
6452,4507830467637,17.10
6453,531084861,5000.00
6454,1869778290350,19.30
6455,531084861,5000.00
6456,45253542779,659.60
6457,28925543931,243.00
6458,7330906043,1242.40
6459,6338434013,860.70
6460,16252282770,143.00
6461,1456036622,1992.40
6462,41361019850,57.70
6463,32265933836,592.70
6464,48899295115,482.10
6465,531084861,5000.00
6466,8875269274,851.40
6467,1811974231,1739.20
6468,524861309,3001.70
6469,297319816,2843.10
6470,10742676734,1034.20
6471,34890975386,78.30
6472,53364373419,193.70
6473,2136514510,1879.40
6474,383865958,3224.50
6475,72646382250,280.80
6476,2483986043,1501.30
6477,342370980,2556.50
6478,49774242974,524.80
6479,884090843,1889.80
6480,26670917485,796.40
6481,31894191924,432.00
6482,427556686,2483.30
6483,106631094232,122.00
6484,10409986361,1098.10
6485,1738662525,1001.40
6486,47844157512,227.60
6487,59913365941,159.50
6488,468967687,2923.30
6489,464798540091,36.00
6490,55034150072,198.80
6491,52926815324,367.20
6492,32359218183,764.50
6493,85357615514,242.20
6494,2617543767,1705.90
6495,632413379568,41.30
6496,5243269214796,7.60
6497,90275519115,332.10
6498,36574622959,313.30
6499,37435712395,628.20
6500,531084861,5000.00
6501,8127967466,1133.70
6502,9683387032,873.20
6503,42814286051,279.40
6504,27863427934,481.00
6505,5802575803,1096.30
6506,2281759599,1253.50
6507,49558691673,114.10
6508,29336452237,49.00
6509,25440473579,484.20
6510,23225644413,334.10
6511,12011201086,1076.20
6512,11583797833,754.20
6513,3735275169,1340.30
6514,6868370384,1239.30
6515,16710806951,546.20
6516,45297797945,217.20
6517,43254587900,96.30
6518,44673040540,71.00
6519,13746012176,375.40
6520,25112870145,106.40
6521,39767727973,166.00
6522,10279126652,321.20
6523,1467053128,1718.90
6524,1907814331,1482.40
6525,54625504170,201.40
6526,493101885,1892.90
6527,202838510,3390.00
6528,13403967238,853.10
6529,56214605475,533.00
6530,71810293948,142.20
6531,3133884948,1426.80
6532,531084861,5000.00
6533,950265186,1912.40
6534,177361561,4442.60
6535,3547203395,1483.20
6536,703676359234,33.40
6537,33845918940,604.40
6538,3232388164,1510.60
6539,531084861,5000.00
6540,3487072587,1512.80
6541,10063682410,1026.00
6542,1453634670,2145.90
6543,41324712150,363.70
6544,41483301483,106.20
6545,47137782440,189.80
6546,182824468,3744.60
6547,560317735,2199.10
6548,1257692719,2045.60
6549,9683387032,873.20
6550,50259641530,439.10
6551,46399501246,241.10
6552,222891960,3587.30
6553,64986565728,536.10
6554,3700252513299,2.30
6555,20686266150,950.60
6556,105380011412,127.20
6557,980026175,2195.00
6558,72975772204,350.00
6559,30179161882,587.30
6560,200442691,2879.10
6561,383919018,2249.90
6562,30648623426,706.90
6563,61203070460,50.90
6564,429575352,2817.20
6565,9047978824,1043.30
6566,2314775721,1702.70
6567,10205520310,1104.90
6568,32498457001,549.50
6569,531084861,5000.00
6570,32300233445,495.60
6571,5452037593,1200.70
6572,531084861,5000.00
6573,13238268913,747.00
6574,251939973,2553.70
6575,1968028631,1072.00
6576,28681180255,53.00
6577,36900778741,783.10
6578,24769865883,560.90
6579,25677621639,616.10
6580,56360515038,400.20
6581,9451093106,917.70
6582,13224952207,123.40
6583,31785294832,384.60
6584,15087193450,758.80
6585,39162839325,329.70
6586,527507551072,28.10
6587,7657533905,1170.00
6588,531084861,5000.00
6589,41695751828,720.00
6590,1246004261895,24.20
6591,256524162,2723.30
6592,3091910837,1301.70
6593,27233608710,702.60
6594,2656711915,1609.50
6595,87097510713,394.00
6596,3137957009134,14.80
6597,140564302503,99.40
6598,1819652839450,12.40
6599,6245218100,1199.10
6600,22253189346,747.10
6601,114714971189,167.30
6602,6684504609,1322.10
6603,82909796521,291.70
6604,58627106021,381.70
6605,2863598874,1458.80
6606,29687466954,749.00
6607,531084861,5000.00
6608,7914593551,912.30
6609,183279156,4929.80
6610,2580559609,1783.70
6611,1932207228485,42.50
6612,531084861,5000.00
6613,40550305763,145.00
6614,20898727791,573.30
6615,20904579982,989.90
6616,1176353109158,23.00
6617,141245779,3493.10
6618,823342109,1931.70
6619,1196362778,2204.30
6620,5843678173,1153.00
6621,331488865,3775.30
6622,1896140158,1264.20
6623,80044139585,368.80
6624,2593207770390,39.30
6625,2561880927,1628.60
6626,3710389525,1001.50
6627,43785466604,497.00
6628,12349443845,637.20
6629,21266668856,188.10
6630,4873444989,826.60
6631,8485887099,1164.20
6632,9050359247,1083.30
6633,458415877,2938.00
6634,190867628508,92.30
6635,45082031490,674.90
6636,7160735155,1028.40
6637,1491110556,2119.40
6638,121880369265,69.90
6639,8949850886,1127.00
6640,8356965464,789.10
6641,24349834301,432.90
6642,2682162520,1234.40
6643,129987229253,67.60
6644,1092606511,1764.10
6645,1690607460,1702.00
6646,2754854486,1443.50
6647,728341626,2085.00
6648,4752755995,1239.80
6649,14551787807,763.60
6650,496512313,2719.10
6651,190294581,3147.40
6652,141739821506,89.90
6653,3710389525,1001.50
6654,14614931736,213.80
6655,30262030087,336.00
6656,17232775194,256.70
6657,17035320388,274.00
6658,371847957,3386.40
6659,580427430,2430.40
6660,64755027925,153.80
6661,17709200106,362.40
6662,8937103321,1038.10
6663,52489933932,66.40
6664,27765630783,740.30
6665,11851404264,493.20
6666,431793859,2099.50
6667,894961903,2052.50
6668,1076553800,2323.00
6669,7306618458,934.80
6670,3999175771,1010.80
6671,29705776191,494.80
6672,41571942624,235.30
6673,140116982,3486.00
6674,569816728,2162.30
6675,9578915327,906.90
6676,1003915721,1302.50
6677,276536237,2925.80
6678,33394207851,635.80
6679,47785074178,217.70
6680,16564837952,774.30
6681,105375631653,176.60
6682,2005330275,1635.30
6683,11803396016,589.80
6684,22560809876,843.40
6685,2396169857,1676.80
6686,42787399428,286.60
6687,30951263076,579.10
6688,24438242326,668.50
6689,17731050166,353.00
6690,125741972571,126.00
6691,638112969,2125.00
6692,55615104323,303.10
6693,28609467026,102.70
6694,11844931885,919.40
6695,17848890938,241.00
6696,26073507672,636.50
6697,35301086150,590.30
6698,45770220467,299.10
6699,76814781814,165.70
6700,23129637457,811.50
6701,258289834,3457.70
6702,2954886641,1678.00
6703,36997306879,200.80
6704,174149181,3123.80
6705,816230079,2113.20
6706,531084861,5000.00
6707,27192187139,786.10
6708,2401736100,1419.00
6709,16694412708,103.70
6710,63516815468,159.30
6711,1089703219247,47.10
6712,12207481949,1045.90
6713,3029972195,1330.60
6714,7237353153,937.90
6715,2151290465,1495.90
6716,43442949000,208.10
6717,1224234377,1822.90
6718,182375768,3714.20
6719,215863614,2884.00
6720,131840253304,65.30
6721,1448935267,1839.10
6722,26811854972,407.50
6723,531084861,5000.00
6724,531084861,5000.00
6725,68537156057,303.30
6726,30683073701,117.10
6727,19877279323,708.60
6728,869091437431,27.00
6729,1035906713,1806.30
6730,14451677540,725.20
6731,3439523886,1583.50
6732,100959312948,97.40
6733,77560162232,293.10
6734,11583797833,754.20
6735,531084861,5000.00
6736,528622998,2702.60
6737,92442303741,259.50
6738,15933350168,279.00
6739,3794877300,1231.30
6740,8675936149,454.90
6741,801163652,1852.70
6742,7016945199,1056.20
6743,28609467026,102.70
6744,5212791275,638.30
6745,2533784489,1629.20
6746,5609164686,858.10
6747,32481901020,734.00
6748,119364556,4104.30
6749,2664950553,1297.30
6750,531084861,5000.00
6751,26375985212,692.30
6752,86917521923,347.40
6753,41726639577,518.30
6754,12817302176,679.30
6755,97648184053,154.10
6756,43057525898,271.80
6757,35307562220,739.00
6758,28975339128,436.70
6759,38021326978,292.60
6760,6200130285,1005.50
6761,2215186350,1608.50
6762,4554488825,1471.90
6763,38145192258,174.80
6764,116250391,3696.80
6765,8246215426,925.80
6766,13582566111,748.40
6767,83599461542,310.40
6768,1374166640,1821.90
6769,531084861,5000.00
6770,76486629694,418.50
6771,58216863310,561.60
6772,28933031485,841.70
6773,38477388299,282.10
6774,72359071635,301.60
6775,179655520,4410.30
6776,33623015244,152.70
6777,5057225380,1154.60
6778,37900802286,419.30
6779,55930564554,579.90
6780,27343236315,298.10
6781,1792028150,1667.70
6782,28468021632,853.80
6783,13229713368,348.70
6784,39277669142,405.10
6785,18375603266,295.00
6786,69272910687,164.40
6787,3444512846,1448.70
6788,29526706188,246.80
6789,9375066319,909.60
6790,381907144,3473.50
6791,20249785692,858.40
6792,14560988409,687.70
6793,13582566111,748.40
6794,11354975315,1053.30
6795,103561877977,233.00
6796,5796378441,788.30
6797,1748885267,1450.40
6798,38465052931,381.00
6799,71208659972,326.40
6800,81225414168,281.10
6801,32227896648,704.10
6802,21233426049,493.30
6803,111323180473,231.00
6804,531084861,5000.00
6805,531084861,5000.00
6806,5991797972,1245.60
6807,22847665847,223.20
6808,4036261470,1509.30
6809,9881707673,569.10
6810,4240714048,1197.60
6811,2250208790,1468.40
6812,14050727912,663.70
6813,39964601912,576.20
6814,2530734263,1583.40
6815,2776708784,1713.00
6816,2062080177,1874.30
6817,20969118377,771.20
6818,31901401299,677.50
6819,74912548270,73.20
6820,7914593551,912.30
6821,9862225764,762.70
6822,61548331303,508.10
6823,5141857264,1176.10
6824,531084861,5000.00
6825,49154828554,165.50
6826,4354130057193,15.20
6827,55378998133,217.40
6828,531084861,5000.00
6829,95367477756,81.60
6830,30645293930,105.90
6831,698172025,2325.70
6832,3007727678,1425.90
6833,531084861,5000.00
6834,7276933558,1168.20
6835,38115984912,252.60
6836,840025356212,34.20
6837,20108108127,688.10
6838,1504122460,2183.10
6839,100167336998,238.30
6840,531084861,5000.00
6841,78663353433,270.60
6842,1989154736,1144.00
6843,55782958848,435.00
6844,31631020729,676.30
6845,583661320,2047.60
6846,26550331969,122.80
6847,2364079715,1407.90
6848,43067836649,396.60
6849,2087790656,1726.30
6850,390443027,2485.80
6851,5156622192,898.60
6852,45260884905,484.00
6853,3153014731,1244.90
6854,30796666168,156.50
6855,7366873332,848.30
6856,395418176,2607.80
6857,7347158616,993.00
6858,17075448062,744.20
6859,16694412708,103.70
6860,13491694155,886.80
6861,75050328994,295.30
6862,2923013015,1700.00
6863,2519894616220,11.40
6864,32143686123,261.20
6865,2519066097923,13.70
6866,14283348475,778.50
6867,7237407184,824.30
6868,16502724255,932.60
6869,272066683,3641.80
6870,16645972091,379.70
6871,70021855767,140.70
6872,1255841848,1386.60
6873,32049382920,269.10
6874,1107634324,1911.30
6875,10335230999,981.90
6876,19435757478,427.10
6877,24431659056,938.20
6878,17692756879,813.80
6879,2414591983,1301.60
6880,35205485110,190.00
6881,16696268597,982.80
6882,76193508045,410.70
6883,29743070094,740.70
6884,3207416934,1216.50
6885,1086206779,1452.30
6886,9587429085,1081.60
6887,24632376007,489.80
6888,5330794394804,16.30
6889,898366308,1950.60
6890,87085490155,219.30
6891,3318789524,1242.10
6892,39551799622,653.60
6893,17166301807,842.90
6894,1957500458,1621.10
6895,30272733381,128.40
6896,4779876082802,9.20
6897,19351588338,117.60
6898,1117646801,1717.80
6899,6900263439,1139.50
6900,58098254986,141.10
6901,15603346299,462.70
6902,2765373127,1596.20
6903,1672712635,2140.20
6904,1399312623,1401.50
6905,531084861,5000.00
6906,91062675581,72.20
6907,4970300057,1148.20
6908,17579735168,646.10
6909,98634384407,311.60
6910,4779339034983,2.20
6911,3814685650,1195.70
6912,918076243,1901.10
6913,17035320388,274.00
6914,2563201735,1565.30
6915,834382149,2392.60
6916,54200820156,137.60
6917,3720188931,1245.20
6918,71479347430,294.70
6919,531084861,5000.00
6920,5610439835543,16.70
6921,531084861,5000.00
6922,28021896434,622.20
6923,415655146,2940.80
6924,146152660,4828.20
6925,167249167511,51.60
6926,36777143832,665.40
6927,14938414674,986.60
6928,42404618943,343.60
6929,5894331380,1048.80
6930,20886157242,124.60
6931,24883191150,537.80
6932,41401466791,748.20
6933,43936866947,421.40
6934,531084861,5000.00
6935,14149976909,592.80
6936,4662552059,951.60
6937,63969120898,317.40
6938,6881105967,1152.00
6939,65817526107,450.30
6940,57835845340,130.00
6941,5151497476,1108.60
6942,17112729947,516.60
6943,42972626295,436.10
6944,18187069054,505.10
6945,10977504989,1041.00
6946,17269688750,944.40
6947,44687902511,145.90
6948,30606729144,539.10
6949,24645078382,603.80
6950,6190059079,1346.40
6951,52725121109,102.40
6952,36798629495,362.80
6953,46862771047,206.90
6954,2548035471,1591.10
6955,15358502337,690.00
6956,288592310,3324.50
6957,30096770664,183.10
6958,39177703782,341.00
6959,531084861,5000.00
6960,49596296288,294.30
6961,3005766033,1386.20
6962,3985382106,1337.70
6963,1281529601,1619.60
6964,1393532960,1415.20
6965,40371153606,625.00
6966,330768678,3234.30
6967,3412486920,1355.50
6968,68237136499,211.10
6969,100027956122,74.90
6970,875542939370,42.20
6971,199734347751,60.30
6972,23569214219,646.90
6973,25633548909,428.40
6974,47899474340,481.10
6975,1142128714,1781.70
6976,14877318954,845.50
6977,1373135590126,32.00
6978,37937093501,340.30
6979,63516815468,159.30
6980,73432136625,359.70
6981,25668894624,838.90
6982,782578234,2218.80
6983,32403732231,318.20
6984,36655392086,778.80
6985,19259075806,990.30
6986,40832693786,612.80
6987,1645605670,1907.30
6988,52824881090,225.90
6989,4078758075,1260.00
6990,28567658553,766.70
6991,492985105,2800.70
6992,15074728475,795.40
6993,40320111065,550.60
6994,63322218276,400.80
6995,12016907767,795.60
6996,3301000157,1367.60
6997,385895384,2477.90
6998,14551787807,763.60
6999,23744083301,794.70
7000,296202498,2569.40
7001,25440473579,484.20
7002,23992856634,774.80
7003,16324977055,462.80
7004,20278535776,205.10
7005,47277428987,194.90
7006,31348267394,337.80
7007,539950856,2665.70
7008,65910553720,378.10
7009,274374772,3248.50
7010,531084861,5000.00
7011,16719950630,745.30
7012,1787504094,1953.30
7013,36775422473,94.60
7014,21401511410,119.90
7015,18344633509,280.00
7016,8832205657,1042.00
7017,4896502018,1352.10
7018,31119169604,434.10
7019,163356713000,51.20
7020,4913555202,1020.90
7021,222004998,2429.00
7022,805879180129,39.80
7023,1015396655,1758.40
7024,1119276382,1615.30
7025,28688070020,411.70
7026,46202511376,414.30
7027,5064025682,834.90
7028,17772370154,184.60
7029,156917440,4005.40
7030,11899416196,825.30
7031,13876084882,988.80
7032,1290587693,1615.90
7033,186736643,4028.60
7034,60247453737,332.20
7035,880933773,1760.00
7036,27917230015,294.10
7037,3597982483,1086.90
7038,35193768588,145.70
7039,8820255926,502.60
7040,251343246,4200.10
7041,178460828,3534.30
7042,527507551072,28.10
7043,935543401,1727.50
7044,10611279200,1129.00
7045,14365531051,739.10
7046,11426410021,677.30
7047,1709168139,1858.00
7048,1768915274,1814.00
7049,198672982677,77.50
7050,14285933366,485.10
7051,83133532675,223.70
7052,531084861,5000.00
7053,3949931497,1512.20
7054,28387429376,463.00
7055,46563758639,454.50
7056,21393123889,891.80
7057,86909495496,393.10
7058,21082230951,822.00
7059,28129219641,859.10
7060,826857764689,46.30
7061,4716604639,1173.80
7062,1355344578,1801.50
7063,1677765699287,46.00
7064,30262030087,336.00
7065,20448326875,238.00
7066,6076263578,847.40
7067,13178964003,663.90
7068,720870021,2284.20
7069,1135060221202,41.20
7070,16185608313,504.00
7071,21032000895,593.00
7072,40411088819,333.80
7073,30683073701,117.10
7074,10669898042,605.60
7075,7781471109,1024.30
7076,32976555390,306.10
7077,2375849869,1581.10
7078,26476763043,588.60
7079,531084861,5000.00
7080,9002886128,1200.50
7081,531084861,5000.00
7082,30868430520,216.90
7083,23301845854,267.40
7084,12863176280,395.30
7085,1750570079,1455.80
7086,284128115,3311.60
7087,6938140172,958.00
7088,111488601409,103.10
7089,531084861,5000.00
7090,276331260,4240.80
7091,34967765907,305.40
7092,3313107916,1500.60
7093,42175437926,695.20
7094,79258809453,432.40
7095,70045032237,68.50
7096,1964962684601,25.70
7097,167443643,2838.80
7098,324417097,3038.80
7099,91014052808,78.10
7100,5249508204,765.80
7101,35917525294,289.40
7102,57433830468,213.20
7103,26657925271,773.00
7104,4646497410,1450.80
7105,531084861,5000.00
7106,31974761273,58.90
7107,13194108679,964.70
7108,7625971513,1037.60
7109,274298681,3989.90
7110,22661617846,499.80
7111,1070674753,2208.80
7112,67178779156,199.90
7113,644338106689,27.90
7114,6951524760,846.40
7115,11184109706,856.40
7116,2918599895,1607.20
7117,11346932612,1082.40
7118,18465259757,883.50
7119,531084861,5000.00
7120,2554679605,1321.30
7121,9623052118,887.60
7122,32143686123,261.20
7123,4295035435,1217.90
7124,28349687585,484.10
7125,6610724951,1266.20
7126,5174231926,1216.10
7127,185562513,4775.90
7128,15251380203,690.20
7129,38595037131,633.60
7130,3208622192,1154.80
7131,1733710791,1260.20
7132,1529621659,1309.60
7133,172321099488,96.40
7134,1333454674,1602.30
7135,531084861,5000.00
7136,1383550782,2134.10
7137,2595420684,1194.10
7138,4456176477,1369.50
7139,4491573095,1432.40
7140,44096345567,457.70
7141,73683475987,190.30
7142,40356254657,445.70
7143,1891707338436,45.00
7144,16370042741,950.40
7145,40182469930,273.60
7146,208705842,3030.70
7147,13186085320,946.80
7148,16701692313,582.40
7149,512959605,1876.20
7150,531084861,5000.00
7151,21112781433,686.40
7152,31093041981,564.90
7153,121217969083,113.90
7154,154962980,4742.60
7155,8291657619,626.80
7156,2717679366,1321.10
7157,2900291928,1273.70
7158,17232775194,256.70
7159,531084861,5000.00
7160,281913705,4234.00
7161,75604130586,402.70
7162,33851710305,375.10
7163,9605976162,692.00
7164,173401424515,56.80
7165,2106119399,1697.10
7166,2807167645672,3.80
7167,27028495334,583.90
7168,89931994387,124.00
7169,3478559808,1560.70
7170,55949030835,48.20
7171,224612320,3338.10
7172,282369589,2708.40
7173,205634959,3722.50
7174,1308083922,2199.80
7175,841091479,2173.20
7176,42238179914,377.80
7177,37902792055,482.20
7178,532562112,1695.70
7179,3505152318,1292.70
7180,21128317463,868.70
7181,531084861,5000.00
7182,17590843645,918.70
7183,74130952079,82.80
7184,4258681199,1499.80
7185,42062099205,193.50
7186,43159630892,331.20
7187,106160952245,68.90
7188,9196251401,948.50
7189,531084861,5000.00
7190,26352476785,632.90
7191,197240085,2752.40
7192,11363698264,787.00
7193,3870374296,1126.80
7194,53206291035,233.10
7195,5597405886,1210.20
7196,531084861,5000.00
7197,59349713754,196.10
7198,49098825318,290.50
7199,49584882227,690.10
7200,1016524629,2302.00
7201,71628961839,91.30
7202,6659739670,980.00
7203,9868507113,707.30
7204,34402049045,825.10
7205,293592147,3681.10
7206,1090078692632,23.40
7207,1353287988,1769.30
7208,47163106627,595.60
7209,2020845954,1590.50
7210,18860865724,684.50
7211,45053063347,637.40
7212,53100653144,246.30
7213,558261361,2676.10
7214,18552571761,274.10
7215,854156190,1618.00
7216,25112870145,106.40
7217,15803056280,689.60
7218,30936036750,655.70
7219,10315661011,808.80
7220,156626942,2586.00
7221,105800891422,140.20
7222,6896379767,1182.60
7223,440180986,3339.40
7224,28075653951,855.80
7225,16710806951,546.20
7226,71024317531,467.10
7227,140606831165,99.80
7228,248395627,3361.10
7229,1778888918,1391.70
7230,1616030943739,13.60
7231,4404749684,1267.80
7232,1505797687,1999.30
7233,5115342758,1264.80
7234,1724490945696,28.50
7235,5762018035,1085.90
7236,856634438,2187.80
7237,54775415879,214.60
7238,27071594066,251.90
7239,8937762587,1188.30
7240,5370648726,1123.00
7241,73207893330,342.80
7242,19820967562,358.90
7243,54511142547,530.20
7244,2684673723,1123.10
7245,12172470524,688.60
7246,15358502337,690.00
7247,531084861,5000.00
7248,31160212957,201.20
7249,1475127436007,18.10
7250,531084861,5000.00
7251,41342230869,523.60
7252,531084861,5000.00
7253,64327046906,164.80
7254,531084861,5000.00
7255,531084861,5000.00
7256,2360098489246,10.40
7257,4082846606,1405.60
7258,70545725998,165.80
7259,8110213217,769.80
7260,337354670,3717.20
7261,5153633492,1393.90
7262,41118935498,410.40
7263,7528284246,708.70
7264,2792368792,1411.00
7265,3740961627,1298.40
7266,13128773475,434.80
7267,302628717,2182.80
7268,4017435013,1554.30
7269,31635992288,552.60
7270,1490584033586,42.10
7271,34161206756,775.80
7272,1558117719,1928.80
7273,32849085058,469.70
7274,1657237415,2089.50
7275,26141473032,442.60
7276,55034190982,121.10
7277,15390196411,711.60
7278,1255452685,1740.30
7279,3327530876509,12.00
7280,46153419700,720.90
7281,42304690061,403.60
7282,1795085916,1987.80
7283,76237437810,271.50
7284,15829740328,974.20
7285,53113747834,181.10
7286,531084861,5000.00
7287,67896091330,325.30
7288,32434225468,48.50
7289,38420837319,486.10
7290,68170243151,62.40
7291,3065968086,1274.00
7292,3003446139,1429.60
7293,458229792,3098.50
7294,41970894948,614.20
7295,56268516754,486.90
7296,32359435538,102.20
7297,48560458980,699.80
7298,2948774751,1703.30
7299,1608562585,2077.30
7300,1207959204,2136.80
7301,39986309666,389.30
7302,53473047887,204.30
7303,493101885,1892.90
7304,995222146,2248.10
7305,32513777872,163.70
7306,35174574290,272.70
7307,40551066111,502.10
7308,16549627166,958.20
7309,61353845983,62.10
7310,1306429976,1706.10
7311,362886873993,40.90
7312,1197847914,1513.00
7313,5386391303,794.90
7314,39725596319,751.10
7315,658179220,2414.50
7316,30360549706,188.30
7317,45089665786,451.40
7318,8246085468,1207.30
7319,5758230754,1108.10
7320,28803696335,811.80
7321,15436471258,362.60
7322,42752154201,443.90
7323,1001363238,1512.50
7324,4766337012,1313.70
7325,531084861,5000.00
7326,40516619695,575.00
7327,16162431538,579.80
7328,50621700048,666.90
7329,27863427934,481.00
7330,23440194810,304.30
7331,3957870417892,6.70
7332,346035812,2937.40
7333,14694472067,695.70
7334,16920548511,809.00
7335,64191776785,351.70
7336,342683610,3367.50
7337,31802032548,145.80
7338,29234920717,568.90
7339,31731074354,330.90
7340,18375603266,295.00
7341,375120820,2549.50
7342,226802898,3157.90
7343,8863140061,1029.40
7344,74821635991,476.90
7345,23622364066,395.40
7346,48248854886,345.00
7347,4903103441,1363.50
7348,11999376023,944.00
7349,41115554681,123.80
7350,45245156049,87.00
7351,175912143,3527.80
7352,5306574445,1337.90
7353,25341230421,803.70
7354,4121578745,1150.90
7355,12456176772,908.00
7356,33427345527,732.20
7357,230648792,2855.00
7358,510973250,2177.50
7359,37035921835,252.90
7360,16259124172,869.90
7361,5298226816,1015.90
7362,3404978086,1235.40
7363,226772904,2768.90
7364,23225644413,334.10
7365,26341471504,626.20
7366,274400635,4635.00
7367,420401616,2897.90
7368,2373404190,1128.10
7369,12602584978,754.10
7370,34355967545,764.80
7371,58280287770,179.60
7372,98686919891,99.10
7373,298332102,3780.70
7374,6675498245,1192.90
7375,209094772,2996.60
7376,1794632710,1834.80
7377,260672185,3480.70
7378,531084861,5000.00
7379,49154828554,165.50
7380,736472636,2322.40
7381,131287955596,95.60
7382,24950025178,706.30
7383,22955527300,897.90
7384,2908470853,1737.50
7385,5344720554,1298.10
7386,268949114,4343.90
7387,49558691673,114.10
7388,15797758642,838.00
7389,90977782595,59.80
7390,35727347993,621.40
7391,58642408629,75.00
7392,6951524760,846.40
7393,648955227,1957.90
7394,13927861950,450.10
7395,1120266022,1688.90
7396,53195158840,287.60
7397,31191196384,740.00
7398,32396456148,553.80
7399,24311033326,434.40
7400,46775834959,212.30
7401,413878935,3372.10
7402,44344332966,734.70
7403,2668217407658,40.70
7404,26305766810,847.10
7405,5386391303,794.90
7406,8766026392,669.40
7407,22469771854,152.90
7408,39986410502,447.90
7409,3992841438,1187.50
7410,1544502000,1639.20
7411,7812668916,694.10
7412,14900773719,975.90
7413,1917350144,1721.10
7414,66854185453,390.10
7415,2699044691,1671.70
7416,358635443,3906.70
7417,844194662,1982.50
7418,28520931100,818.20
7419,35531829917,303.20
7420,15452157981,377.70
7421,531084861,5000.00
7422,23018703355,162.60
7423,4972337498,1238.40
7424,496080684,2669.40
7425,35205485110,190.00
7426,550122127,2713.60
7427,38388025361,464.30
7428,42226976192,199.80
7429,358310871,3128.30
7430,1438792118,1909.30
7431,19224070497,969.10
7432,765298104,2230.80
7433,115236294987,111.80
7434,57838851447,457.30
7435,531084861,5000.00
7436,1159580297339,40.60
7437,32542718779,775.10
7438,9881597278,1113.20
7439,54941783459,509.80
7440,36332479107,401.80
7441,21565262913,682.90
7442,3891054771985,9.60
7443,11724194513,1026.80
7444,58506334116,602.90
7445,282479015,3800.10
7446,9568212904,890.60
7447,626660691,2406.80
7448,12287193496,383.30
7449,2022372152,1381.40
7450,981440673,1686.70
7451,79251381969,264.10
7452,10052755437,985.70
7453,28681180255,53.00
7454,44188808039,658.90
7455,13602325999,991.80
7456,4304681181245,2.90
7457,164332458,3499.00
7458,99504079532,212.20
7459,1280341444,1645.90
7460,1756391000,1935.80
7461,20432605572,607.60
7462,531084861,5000.00
7463,17536326119,410.10
7464,531084861,5000.00
7465,31160212957,201.20
7466,577354636,2478.30
7467,92260078445,136.70
7468,100482234363,214.10
7469,70184387893,446.50
7470,44845804105,167.20
7471,61792250413,349.40
7472,3448186473,1043.20
7473,96152738190,146.10
7474,11097278370,920.70
7475,4785133319,1003.60
7476,173644043279,85.60
7477,59154457567,77.60
7478,531084861,5000.00
7479,3808050416,1580.20
7480,14285933366,485.10
7481,531084861,5000.00
7482,83506408088,269.00
7483,21855280848,786.50
7484,1449491277,2097.90
7485,15828367113,703.00
7486,1105082902,1857.00
7487,22161179336,854.50
7488,531084861,5000.00
7489,52181019613,84.00
7490,1224449187,2172.70
7491,13817033117,196.80
7492,23350480183,58.80
7493,36590122361,486.20
7494,51486689803,160.60
7495,10526278225,277.50
7496,2335545287,1416.90
7497,75727992430,336.30
7498,24906402867,813.20
7499,6246257427997,11.30
7500,22337130607,207.70
7501,8894322537,989.80
7502,30082183277,352.40
7503,11620473666,345.80
7504,1472615183,1821.20
7505,33196965842,279.80
7506,80836894,3053.90
7507,73544923021,268.90
7508,23018703355,162.60
7509,38118331776,471.90
7510,3931096082,1117.20
7511,7915307217,1208.10
7512,1989741092,1652.40
7513,10526278225,277.50
7514,25276097104,859.00
7515,26630964867,784.50
7516,52489933932,66.40
7517,822451922,1918.50
7518,66564037216,61.80
7519,426907093,3198.80
7520,28911649695,208.70
7521,12090626127,1090.20
7522,14270424846,848.50
7523,34666462096,190.10
7524,15418473698,811.70
7525,791960424,2328.30
7526,315881865,2430.70
7527,1022844876,2284.10
7528,2948465725,1631.80
7529,13337460511,372.20
7530,19745534278,555.30
7531,16833635910,419.90
7532,11163454572,1056.10
7533,945928130010,39.40
7534,714042626,2001.40
7535,3949591434,1028.20
7536,336610462,3367.10
7537,456800890,2622.10
7538,44608250136,105.50
7539,76631215246,191.50
7540,68829928773,474.60
7541,40440743278,605.10
7542,10645248873,855.30
7543,2251772300,1714.80
7544,70157470,3679.80
7545,24083425215,477.60
7546,22422718942,736.60
7547,40377501342,642.60
7548,21807506662,557.00
7549,74499926943,479.60
7550,2990627672,1422.60
7551,2213510457,1394.00
7552,1320253629776,30.70
7553,6165223911,1318.70
7554,50358719515,94.70
7555,5150118775,587.60
7556,99405762075,88.10
7557,32628380667,314.40
7558,43092810770,711.80
7559,59381694168,236.10
7560,59515113607,293.90
7561,64356896858,459.30
7562,107669290746,75.30
7563,4422720095,1206.70
7564,199978494692,70.90
7565,2350103350,1474.00
7566,296313529,4626.20
7567,32610435581,790.80
7568,531084861,5000.00
7569,44765164388,665.90
7570,8015631061,903.40
7571,6738337243,909.30
7572,5568269983,1076.10
7573,38839051485,661.30
7574,2395893384251,40.10
7575,40683146637,441.20
7576,935543401,1727.50
7577,5438584264,1284.90
7578,635105029,2014.90
7579,198584225,4920.60
7580,717669101,2177.20
7581,47150091509,559.70
7582,37897748470,239.70
7583,53681822045,227.10
7584,608334877,2145.10
7585,42158188924,731.80
7586,110203938214,145.10
7587,30645293930,105.90
7588,44390341720,338.70
7589,2533317976,1352.00
7590,5090115897,1310.80
7591,27672752563,357.00
7592,27740051166,792.90
7593,267191736,2884.20
7594,5918581100,819.40
7595,48069838213,661.50
7596,135467458,3278.20
7597,13238268913,747.00
7598,54704699712,650.90
7599,45093285923,177.90
7600,45399155228,216.80
7601,35956990648,179.50
7602,25301261034,632.50
7603,37937093501,340.30
7604,241406401,3369.00
7605,240369459,3169.60
7606,19955199680,268.00
7607,90776135710,121.20
7608,109055066515,106.60
7609,1563535255,1358.70
7610,16858000092,894.70
7611,1863068181,1485.40
7612,531084861,5000.00
7613,130400104182,69.70
7614,17562260870,983.50
7615,39767727973,166.00
7616,26994756544,417.70
7617,531084861,5000.00
7618,1722731618,1473.60
7619,8632318555,255.00
7620,7947426309,986.30
7621,178967199,2848.30
7622,284152873,3729.10
7623,432913787,2350.00
7624,5381021021,1337.40
7625,475823876,2483.40
7626,9216852077,1022.30
7627,2016968577,1091.90
7628,69679560053,404.10
7629,15508539823,843.80
7630,20886157242,124.60
7631,14826347383,494.70
7632,7914593551,912.30
7633,120890932,4241.00
7634,3178154521125,10.20
7635,35037281254,493.80
7636,52103060263,89.60
7637,2459896553,1657.80
7638,51640166450,584.20
7639,275498488,3587.90
7640,11824261931,800.00
7641,35907321338,394.70
7642,3377701797,1463.40
7643,28433980979,578.90
7644,239169661,2943.30
7645,33864922175,175.90
7646,89603242971,369.20
7647,703676359234,33.40
7648,27903817360,730.00
7649,194858585,3022.70
7650,500849006,3114.00
7651,291196067,3097.20
7652,28008118064,506.60
7653,4492213614,1471.20
7654,39875036146,415.20
7655,23314837695,489.50
7656,16059814587,281.70
7657,29339184209,600.90
7658,3163151091,1524.10
7659,13025530365,722.20
7660,378425414,3613.50
7661,25102678536,617.70
7662,38803483125,129.00
7663,60938519032,465.90
7664,805879180129,39.80
7665,48886240801,85.70
7666,5634254808,1392.50
7667,4762863682,1421.80
7668,44186571240,606.30
7669,1368308975,2021.90
7670,13380524535,212.10
7671,91955486844,294.60
7672,21471522948,610.50
7673,44272752222,122.60
7674,23965825674,324.60
7675,183808642,3635.50
7676,99767069492,191.40
7677,294551732,3620.20
7678,2712972346,1574.80
7679,43447098894,622.90
7680,10414303167,894.40
7681,633673699,2330.20
7682,1028533674,1854.20
7683,329624276,3123.30
7684,28185008968,683.90
7685,55604724857,466.90
7686,16582258422,317.20
7687,531084861,5000.00
7688,32378960808,348.50
7689,2060601505,1409.40
7690,1393532960,1415.20
7691,1992717224,1125.30
7692,215914631,2853.30
7693,35193768588,145.70
7694,47347310137,204.00
7695,38853797821,437.30
7696,4866883027,1280.80
7697,35657808640,740.20
7698,27142747344,632.10
7699,531084861,5000.00
7700,439451127985,36.20
7701,502344911790,40.50
7702,215290667,2980.70
7703,1596481568118,19.60
7704,50184894134,574.10
7705,150512747,3838.20
7706,21782897094,619.50
7707,3783706232,1442.00
7708,1142333095,1647.50
7709,68940381661,362.00
7710,34768476870,163.10
7711,1579720466,1940.50
7712,78336336855,79.80
7713,53813605659,253.90
7714,531084861,5000.00
7715,12345705674,640.10
7716,879277085,2170.50
7717,300886485,3554.30
7718,62143204648,419.50
7719,909273362,1861.10
7720,114936466,4388.50
7721,4097380846,1323.10
7722,695713243,2015.00
7723,5608876221,1051.10
7724,51595284943,195.30
7725,15358502337,690.00
7726,4111918525336,5.20
7727,27851176585,678.30
7728,40731291923,284.40
7729,23152719539,883.70
7730,13199258161,621.70
7731,721032974506,29.00
7732,15846401259,355.10
7733,10208124027,907.10
7734,2787827549,1576.50
7735,5226633951,1028.10
7736,46696791186,285.70
7737,1046547541026,44.90
7738,434522431,1850.80
7739,1591063432,1882.90
7740,34032297044,275.60
7741,1647914647,1932.10
7742,36794223585,401.70
7743,41863319481,358.20
7744,7279522063,1122.60
7745,13514514726,248.30
7746,20465135928,851.20
7747,241311683,3901.50
7748,49504711175,249.20
7749,23253250132,174.20
7750,2024240317,1381.00
7751,14124837935,796.50
7752,9911970748,1143.90
7753,612083645,2093.50
7754,22011340427,144.90
7755,9897094097,920.20
7756,242017322,2706.10
7757,648955227,1957.90
7758,195833401,4505.30
7759,20398655620,490.60
7760,25271928350,698.60
7761,32076474792,545.20
7762,46674614010,513.50
7763,9524096945,826.40
7764,51114596210,128.90
7765,25698354929,551.40
7766,18174736948,645.10
7767,8510420440,1203.90
7768,36355479554,663.80
7769,918060326,1768.80
7770,1167507136,1843.50
7771,14427952868,103.80
7772,2940707747,1648.70
7773,999702260,1786.90
7774,24528588964,236.60
7775,531084861,5000.00
7776,531084861,5000.00
7777,572502814058,43.00
7778,8872345315,1085.00
7779,4789440573,1033.70
7780,92529190657,240.30
7781,3467366513,1356.90
7782,126371569556,109.80
7783,2478539085447,47.40
7784,743004622,2606.50
7785,35496106708,461.50
7786,2417123894,1664.50
7787,17190303033,644.70
7788,2030406146,1910.00
7789,10360044160,870.10
7790,30139668220,257.20
7791,92853080378,94.80
7792,40155927338,714.40
7793,7305502280,748.50
7794,18747001184,492.50
7795,608955525,2602.60
7796,135519805,4181.10
7797,17197621706,733.70
7798,26550331969,122.80
7799,19321643428,654.40
7800,999924760,1781.80
7801,9184927365,458.60
7802,549442095,2696.40
7803,23090592916,108.30
7804,1231618671,1635.20
7805,1136793427,1743.10
7806,87414737460,256.80
7807,24972546072,141.50
7808,346883105,3145.70
7809,1185313362107,34.80
7810,531084861,5000.00
7811,717793551,2042.50
7812,101313845715,227.00
7813,20214188080,807.20
7814,32395847465,274.50
7815,90536278723,279.30
7816,73088355689,159.60
7817,1662915797,1645.50
7818,41246315477,705.60
7819,57876334711,379.60
7820,27795745009,278.90
7821,531084861,5000.00
7822,2186219616,1769.40
7823,82353443896,86.00
7824,2098277658,1414.10
7825,224728837,2998.70
7826,865232457,1896.50
7827,26195824490,788.50
7828,8928227827,567.20
7829,34106880483,187.70
7830,33934193271,521.50
7831,14724034370,1023.30
7832,25078374457,312.10
7833,3049816496,1404.20
7834,404508608,2876.60
7835,28650069059,251.20
7836,262964076,2873.50
7837,8607453032,808.20
7838,20886157242,124.60
7839,3525298465,1282.20
7840,5999640539692,14.40
7841,40977500035,545.10
7842,68222615879,391.80
7843,913999986,2297.10
7844,31385119185,599.40
7845,894234562,2301.00
7846,234453834,3560.90
7847,30474944427,748.60
7848,14073871893,390.30
7849,114960636699,107.50
7850,9570715177,711.00
7851,26633185171,591.10
7852,12586861501,642.80
7853,10669898042,605.60
7854,70699933700,230.20
7855,12958164176,887.50
7856,75553250982,93.90
7857,78990067954,367.00
7858,43015527093,704.90
7859,22368424268,540.50
7860,14766917943,826.00
7861,23545305175,272.90
7862,75810615303,361.50
7863,18862868140,683.20
7864,531084861,5000.00
7865,15388370886,843.90
7866,2441816517,1602.10
7867,1023076084,2276.60
7868,3032436613,1632.50
7869,5030694580,978.10
7870,21491096573,702.10
7871,89645131123,235.50
7872,520469412424,38.20
7873,28369092713,541.40
7874,8983316871,706.70
7875,531084861,5000.00
7876,22293081661,570.20
7877,531084861,5000.00
7878,12267055208,1086.50
7879,13817033117,196.80
7880,3396516224,1653.50
7881,1881538309,1344.10
7882,531084861,5000.00
7883,2663785636,1472.80
7884,2881095593,1701.60
7885,3594351617,1128.90
7886,50731887010,206.60
7887,3112130662,1527.40
7888,37478295435,745.10
7889,89890662425,269.80
7890,531084861,5000.00
7891,22262986731,653.20
7892,2235862190,1571.70
7893,26550331969,122.80
7894,653621659,2018.30
7895,28671680033,113.70
7896,28284427326,197.50
7897,42786373478,174.70
7898,9594298250,1014.80
7899,137911316317,64.80
7900,61601790170,556.70
7901,2798259311,1334.20
7902,2804543075,1501.80
7903,80463865315,55.80
7904,30928952993,141.90
7905,14168501189,296.50
7906,46147435563,415.10
7907,53161613703,133.40
7908,24054188434,113.10
7909,104946879256,166.50
7910,5116985097,1084.80
7911,77594425462,421.70
7912,2947107995,1660.50
7913,4832049587,1037.00
7914,55856180927,586.50
7915,1750570079,1455.80
7916,4242007379,933.20
7917,225391495,3712.40
7918,3530443080246,13.40
7919,3594351617,1128.90
7920,16252282770,143.00
7921,33218792514,238.50
7922,110907412764,196.00
7923,28671680033,113.70
7924,441709705,2731.60
7925,35058649255,484.90
7926,21695525759,868.20
7927,45080843383,580.00
7928,68541884968,356.90
7929,531084861,5000.00
7930,36063486590,176.50
7931,104844418617,260.00
7932,32874624645,369.50
7933,34556457242,124.50
7934,3949591434,1028.20
7935,22751374009,547.70
7936,1746666558,1494.80
7937,603987595,2686.80
7938,12866867057,1016.30
7939,5522224827,1296.00
7940,494457132,3102.60
7941,48873865711,151.90
7942,15603346299,462.70
7943,44801692726,113.20
7944,27280118273,529.70
7945,29840295428,535.20
7946,30262236732,329.60
7947,6131972773,1043.90
7948,70270899243,115.20
7949,3025801782941,15.30
7950,50480657360,297.20
7951,104201333601,234.00
7952,367004181,2569.00
7953,74254756119,249.70
7954,23103583662,570.10
7955,92225353692,92.20
7956,48771458268,527.70
7957,95775105820,58.70
7958,38002289608,658.00
7959,24364739871,291.80
7960,28227886241,120.20
7961,275441693,2875.20
7962,38616784772,719.80
7963,180679918,3577.00
7964,248302804,4011.00
7965,40161754202,752.60
7966,48682389356,176.90
7967,11507777093,248.90
7968,1477106870,2025.80
7969,18732806703,909.90
7970,9500139458,979.00
7971,48830880052,472.50
7972,1949371903,1803.60
7973,18602740086,658.40
7974,72481556726,375.90
7975,1772194438,1330.10
7976,44745108190,80.80
7977,109607101819,81.70
7978,41230895214,480.00
7979,2142066524,1221.60
7980,5043543233,1294.00
7981,19895229100,810.50
7982,531084861,5000.00
7983,111278322961,71.70
7984,102319494943,297.70
7985,76838847666,455.20
7986,28227886241,120.20
7987,520469412424,38.20
7988,326792227,2902.00
7989,824772730,2334.60
7990,13127172416,1032.50
7991,31580184773,401.40
7992,531084861,5000.00
7993,1920806800,1899.30
7994,196739652,4595.80
7995,41650240995,172.10
7996,7698847420,846.20
7997,718921464,2589.70
7998,21225240587,402.90
7999,37505905758,650.60
8000,5421772625,1113.70
8001,27247992816,116.40
8002,6447807392,1113.90
8003,23248301535,337.70
8004,58948422348,573.40
8005,41361019850,57.70
8006,23635729534,485.80
8007,37783893396,701.10
8008,269372250,4166.50
8009,143712987862,98.80
8010,175401254,3155.50
8011,92343073816,304.90
8012,57916086863,260.90
8013,40423922185,691.90
8014,190288171,2909.70
8015,18291886614,457.00
8016,121765318,4106.30
8017,431480973,2551.70
8018,588822436,2549.90
8019,1773459621,1566.80
8020,85215628802,320.40
8021,30928952993,141.90
8022,32099648245,439.70
8023,5615425508,1340.50
8024,31382068223,467.00
8025,3372487558,1141.00
8026,35697964347,719.60
8027,1376843522,1189.50
8028,429683471,3076.50
8029,20851560917,600.50
8030,65185534061,165.60
8031,1707032750,1913.60
8032,580785517,2401.30
8033,450575169,2880.60
8034,15334616987,700.10
8035,31456564594,753.00
8036,1511712334,1523.30
8037,52512871757,280.20
8038,5632855783,1040.90
8039,33265150927,792.40
8040,5674092069,1190.10
8041,61760888533,545.00
8042,6347375237,865.60
8043,48761036006,506.80
8044,17028728970,861.00
8045,7619740854,1114.20
8046,24068306493,186.20
8047,269655711,3338.00
8048,113557916,3855.40
8049,281880127,3194.30
8050,47709589349,430.50
8051,14033827581,979.90
8052,186461534,3716.50
8053,198952294124,97.20
8054,475065251598,25.90
8055,70515513083,196.50
8056,113537185500,189.60
8057,2286691163,1342.60
8058,38014707756,757.40
8059,1361611729,2184.90
8060,15225282320,999.30
8061,194271771,4824.50
8062,4109452996,1094.80
8063,290070661,2813.60
8064,110936030281,219.60
8065,3400306487,1652.90
8066,8794014754,1202.60
8067,29458121700,195.10
8068,6310851463,1050.20
8069,2016968577,1091.90
8070,103398796379,89.50
8071,38093622195,473.80
8072,4944686898,1133.40
8073,531084861,5000.00
8074,68828976196,164.30
8075,1224919611,1573.50
8076,283122543,2758.70
8077,10561407390,981.50
8078,2344081939,1468.00
8079,22915226988,517.70
8080,3864707455,1199.70
8081,2139128884,1409.30
8082,2064257662,1323.90
8083,531084861,5000.00
8084,55121397653,176.70
8085,43878257590,675.90
8086,531084861,5000.00
8087,30488140264,350.20
8088,17997636350,297.80
8089,7516403965,1007.70
8090,1158605951,1851.30
8091,67747646716,257.10
8092,42546762057,266.30
8093,38321406838,174.00
8094,6408386535,1212.00
8095,46261242520,679.00
8096,22011340427,144.90
8097,34746390568,792.30
8098,13229713368,348.70
8099,12200785249,1082.20
8100,621910987,2706.50
8101,8817753452,1163.60
8102,514467648,2460.60
8103,38858884910,396.80
8104,914985366,2103.40
8105,2955107914,1648.30
8106,5066912814,908.80
8107,16259572056,556.90
8108,194665304,4538.30
8109,18125123600,416.00
8110,1006810176,1833.50
8111,3167331246,1508.30
8112,49980082369,336.50
8113,22794820862,919.10
8114,92822434641,261.80
8115,617313606,2352.10
8116,85222613883,272.60
8117,358928410,3019.10
8118,15901643603,316.50
8119,21361928766,871.70
8120,531084861,5000.00
8121,32967510935,477.90
8122,20910249299,945.80
8123,6648836199,951.80
8124,32111759545,190.90
8125,36008586184,598.50
8126,2916011365,1676.70
8127,58857886169,615.30
8128,14149976909,592.80
8129,333649101,2640.70
8130,19744132580,990.80
8131,78270809959,440.70
8132,173562592,4119.60
8133,993828247,2224.50
8134,37897748470,239.70
8135,61007319381,476.60
8136,31090309380,354.10
8137,1224919611,1573.50
8138,400189822,2259.60
8139,90342051059,342.40
8140,204947505,3896.40
8141,4180276922,1509.20
8142,26811854972,407.50
8143,3315697986679,3.70
8144,51532549714,161.60
8145,18857347699,947.70
8146,1197780245,2114.30
8147,214577148,3468.90
8148,362886873993,40.90
8149,3497188853,1531.70
8150,41519098041,612.20
8151,52646701019,259.70
8152,34452627749,522.00
8153,1184048583,1980.80
8154,26316697677,118.60
8155,13219633680,906.30
8156,43165877078,738.10
8157,242803243,2886.20
8158,1508024922,2084.10
8159,263865037,3191.50
8160,68591862264,215.80
8161,58582095508,275.70
8162,8915433999,1021.60
8163,32713506521,678.70
8164,1058361773461,46.70
8165,80889291654,87.40
8166,49564125564,405.30
8167,26979030230,359.10
8168,121223617674,114.00
8169,935907482,2213.70
8170,113404304,3054.70
8171,7271384551,1103.60
8172,50273539588,149.70
8173,3982901783,1466.20
8174,96045258717,292.20
8175,45636094584,523.30
8176,745587706,2551.80
8177,225018350,2958.80
8178,4797615663,1199.40
8179,46432030798,482.70
8180,116474527408,199.30
8181,2985917629,1670.40
8182,10239939118,406.70
8183,24054188434,113.10
8184,31641839656,709.20
8185,56635317790,451.80
8186,1631158975314,33.70
8187,1246848791,1708.20
8188,7448980762,1175.10
8189,69203362577,408.60
8190,25958864489,531.40
8191,16499953595,455.90
8192,4245119668,1142.50
8193,860181723,1689.30
8194,205960306,3913.20
8195,78302870009,182.50
8196,1142546354,2052.40
8197,3906333222,1398.40
8198,3674872277208,7.40
8199,80688664061,168.20
8200,1399312623,1401.50
8201,5070525697,1344.50
8202,58976794827,384.70
8203,24658719508,674.10
8204,28884175314,676.50
8205,11420145363,914.50
8206,31947548967,452.60
8207,59154457567,77.60
8208,50405379461,270.80
8209,65776355879,178.70
8210,25824814803,292.00
8211,19955199680,268.00
8212,531084861,5000.00
8213,39166474178,386.60
8214,30997367011,456.70
8215,22390281403,355.50
8216,346380484,2917.00
8217,352465627,3137.30
8218,39106688181,762.30
8219,17641432661,179.10
8220,991167851829,38.10
8221,531084861,5000.00
8222,376841575,3455.90
8223,52100895407,116.90
8224,13906279101,1031.20
8225,44821267279,151.50
8226,897939355,1313.50
8227,15407201847,867.60
8228,96899918,4985.30
8229,531084861,5000.00
8230,183940130,3379.20
8231,7573192801,1182.30
8232,10890036929,954.90
8233,976653557,2141.40
8234,24054188434,113.10
8235,1038274529,1791.10
8236,1431273941265,19.10
8237,42304690061,403.60
8238,2684673723,1123.10
8239,3380526680,1502.60
8240,589827838,2095.90
8241,5150118775,587.60
8242,1055678775,1371.50
8243,65295904412,226.90
8244,33754327198,433.60
8245,8495561866,291.90
8246,34162931069,358.80
8247,291363405,4286.00
8248,58377148903,481.50
8249,34887788174,477.50
8250,531084861,5000.00
8251,19031587554,614.80
8252,20886157242,124.60
8253,34905841315,522.10
8254,274263049,3376.00
8255,45003434062,134.70
8256,3906507636,1503.40
8257,892749233,2053.80
8258,79959065266,399.40
8259,23103583662,570.10
8260,29709850984,335.70
8261,2211143237,1701.20
8262,4064301188,970.10
8263,2497141235,1284.60
8264,531084861,5000.00
8265,98011626841,234.30
8266,237694931,3075.10
8267,38477388299,282.10
8268,162376825,3090.30
8269,77225529292,444.70
8270,18842058258,185.40
8271,6153148542,1023.90
8272,3023754766,1559.70
8273,3892310323,1064.50
8274,101990267474,237.20
8275,215825319760,93.10
8276,531084861,5000.00
8277,90024599904,76.40
8278,23971605196,757.80
8279,8905885192,741.60
8280,40600887664,139.30
8281,531084861,5000.00
8282,19365474586,997.10
8283,3496822201,1640.00
8284,84912275269,389.50
8285,436092300693,47.70
8286,32734578106,186.00
8287,4641542060297,3.00
8288,20736721740,874.90
8289,761545932,1894.50
8290,531084861,5000.00
8291,39736965388,405.90
8292,1379966444,1792.00
8293,6063710577,1286.30
8294,758878809,2436.80
8295,38922300293,421.20
8296,26353842707,839.10
8297,867260024,2127.90
8298,8294922182,884.20
8299,17695180680,522.40
8300,972949598,2219.10
8301,531084861,5000.00
8302,53920943892,495.30
8303,696385750,1863.00
8304,118978806345,202.50
8305,1423174672,1969.00
8306,64139133300,408.00
8307,11931401152,854.10
8308,101291111619,139.10
8309,3150891788,1540.90
8310,54649704895,365.90
8311,36775422473,94.60
8312,12070941278,921.50
8313,1046775541,1579.00
8314,47874976740,256.30
8315,1089989343,1909.10
8316,4994951524,965.30
8317,62757888463,146.80
8318,14073871893,390.30
8319,37402803180,307.30
8320,874859075,1816.20
8321,2536816734,1612.60
8322,531084861,5000.00
8323,19192133940,731.60
8324,164924055,4634.00
8325,5521119134,1333.50
8326,26709415029,639.20
8327,84357339956,298.70
8328,38854595218,737.70
8329,531084861,5000.00
8330,7993817474,1222.10
8331,1593566666253,40.40
8332,23965825674,324.60
8333,24487853167,646.80
8334,35174574290,272.70
8335,30488140264,350.20
8336,16597690341,275.80
8337,171458008226,66.10
8338,19853639472,136.90
8339,2391290275,1271.50
8340,34280004559,207.90
8341,897939355,1313.50
8342,3807815199,1079.20
8343,15804464077,898.10
8344,468173236,2301.40
8345,60161169579,183.60
8346,11822591237,641.90
8347,29597544425,51.70
8348,27247992816,116.40
8349,1173482635,2063.70
8350,206832654,2279.30
8351,37228694871,771.90
8352,32454598187,254.60
8353,52833469144,138.60
8354,30977313526,599.00
8355,14654455891,692.90
8356,40819506225,662.30
8357,30144385860,255.20
8358,27512439175,221.40
8359,207870025,2792.20
8360,31831487387,678.40
8361,3856484333,1499.40
8362,43847607900,139.70
8363,50569102079,187.20
8364,20815134267,836.10
8365,86188189083,228.50
8366,95810072451,123.70
8367,1074128533,1805.30
8368,52396532253,649.20
8369,860181723,1689.30
8370,360346292,3423.80
8371,15466486221,118.40
8372,30023084310,719.10
8373,15914480514,390.00
8374,6010089445,1244.40
8375,11752274253,832.40
8376,20005526245,517.90
8377,31745390219,315.50
8378,5150248570,1097.00
8379,2512120316,1297.70
8380,70157470,3679.80
8381,12087896938,568.50
8382,55423283890,484.40
8383,9527222693,1171.50
8384,13069320175,452.10
8385,49847544028,218.20
8386,37897748470,239.70
8387,1199510427665,11.80
8388,6550647282,791.40
8389,531084861,5000.00
8390,5287929068,1093.60
8391,3310217483,1575.60
8392,1943066415,2044.20
8393,1370310095,2204.70
8394,14289657011,975.80
8395,2240793613,1404.30
8396,11824261931,800.00
8397,13789587207,1007.20
8398,121612650059,141.80
8399,18397039199,930.20
8400,175467427,4040.00
8401,659970582610,42.80
8402,3222768487,1218.30
8403,476242119,2822.20
8404,661740022,1968.20
8405,11085947879,212.70
8406,897852463,2236.00
8407,14728294017,923.10
8408,70993585361,521.40
8409,9728385789,1082.90
8410,44609887470,215.00
8411,78840531900,304.10
8412,3026539568,1466.60
8413,1640342372,1877.10
8414,5513075614,1068.30
8415,25694886328,590.80
8416,161300235127,72.10
8417,12264478712,1023.60
8418,24586350834,477.40
8419,34587145979,265.50
8420,2834670938,1360.20
8421,33477231390,239.10
8422,428463002758,31.20
8423,12643629010,896.40
8424,15263928525,864.10
8425,3116194367,1173.50
8426,10166847180,162.20
8427,22359157223,878.80
8428,14303518441,914.10
8429,28800969687,491.60
8430,2407058903000,41.90
8431,19613639953,482.30
8432,820888913,2068.00
8433,1972753911,1917.40
8434,76665346645,234.90
8435,240373189,3496.40
8436,6186117373,1072.10
8437,18023678123,547.00
8438,27480188245,829.40
8439,1832614007,1471.60
8440,18661162400,337.40
8441,67272595985,347.80
8442,31731074354,330.90
8443,2736285279,1575.70
8444,45220124103,276.90
8445,2976892461,1694.30
8446,11827499627,710.90
8447,27142747344,632.10
8448,36501503648,149.60
8449,2731685743,1387.50
8450,19804612390,323.90
8451,35358166370,733.50
8452,3274047959916,14.20
8453,18483401303,333.60
8454,28681180255,53.00
8455,4952274131,1135.60
8456,14665552911,654.00
8457,85229827892,178.90
8458,142164874,4484.90
8459,14168501189,296.50
8460,305370907,3883.20
8461,6042992778,1360.40
8462,20783841255,904.30
8463,14923832944,889.40
8464,531084861,5000.00
8465,1283166358,1789.80
8466,7916971161,1162.80
8467,399008840,2497.00
8468,4332208816,1447.90
8469,2395483855148,41.10
8470,20965887877,554.40
8471,8502339666,1037.20
8472,531084861,5000.00
8473,36606280140,329.50
8474,49604551430,634.20
8475,3866820641,1527.10
8476,15798172461,868.40
8477,18622185097,805.80
8478,433997914,3191.40
8479,1623424419545,38.90
8480,49382878543,53.50
8481,18419095624,452.50
8482,3840430798,1351.60
8483,142467201387,58.00
8484,221457609,2824.30
8485,5929339370,959.80
8486,34587145979,265.50
8487,1108580135795,30.30
8488,1080598198,1765.20
8489,2530572784,1801.70
8490,13211143236,691.60
8491,2014687389,2003.50
8492,57539686582,534.50
8493,82584640476,119.30
8494,98318180554,311.40
8495,31382068223,467.00
8496,39652818584,678.10
8497,53833871518,225.40
8498,23543705159,501.80
8499,37902965553,295.10
8500,8495561866,291.90
8501,5776560427,1331.60
8502,11011310229,48.10
8503,494581985,2637.30
8504,7371570458,712.50
8505,3408672533,1156.60
8506,6076153308,766.40
8507,35415640636,247.40
8508,4856701820,1414.40
8509,41416099650,727.00
8510,38385771477,384.00
8511,1483066108,1909.40
8512,1712968648,1195.10
8513,323968619,2645.20
8514,808598638,2489.90
8515,32395847465,274.50
8516,34189380846,298.90
8517,17834505508,437.50
8518,133709760,3504.70
8519,2823977417,1418.70
8520,99381762715,82.10
8521,2923165885,1232.20
8522,2682980367,1497.30
8523,2975784204,1381.30
8524,289459006,4787.70
8525,5922928938,811.90
8526,52886336863,338.00
8527,1987998155,1123.80
8528,2220833212,1226.30
8529,64126822483,124.10
8530,33477231390,239.10
8531,4332338237,1334.90
8532,6810519959,1289.40
8533,1373907665207,33.00
8534,29205319358,830.30
8535,16369512147,684.30
8536,36387718894,799.60
8537,273213943,3872.40
8538,1896140158,1264.20
8539,3668525078,1119.20
8540,132512248951,76.90
8541,18263852676,757.00
8542,302547983,2937.90
8543,80902622297,171.70
8544,120432815545,168.30
8545,85990201198,94.20
8546,7485234397,715.20
8547,759740064,2201.90
8548,531084861,5000.00
8549,34890975386,78.30
8550,133664400539,89.20
8551,174824094,3602.50
8552,56911427700,538.20
8553,1714418541,1740.80
8554,210275179,3267.70
8555,59759103417,116.00
8556,2852434652,1119.50
8557,1983509833,1436.60
8558,18291886614,457.00
8559,950979271,2020.70
8560,16030244642,865.80
8561,23756011979,479.10
8562,198273377,4209.60
8563,60640454606,183.00
8564,41650240995,172.10
8565,43054622049,633.30
8566,1595354069,1812.50
8567,57517305667,404.40
8568,10166847180,162.20
8569,734829690,1588.30
8570,19813682471,257.70
8571,651237124,1945.00
8572,3589233813,1181.30
8573,89657199125,199.60
8574,2269829309,1821.70
8575,40794162565,765.40
8576,5603914765,1310.50
8577,15226617524,906.20
8578,1137534276295,47.60
8579,268799593,3320.40
8580,102402132,4865.40
8581,4690467124,1003.00
8582,957404312,2400.00
8583,13229713368,348.70
8584,1624254430759,43.20
8585,212002517010,94.00
8586,5258633217,1138.10
8587,5714796998,813.00
8588,304927026,3943.80
8589,6338434013,860.70
8590,578174959,2613.30
8591,531084861,5000.00
8592,5727020445,1171.40
8593,16624400767,374.50
8594,10419607161,934.90
8595,11561245235,260.70
8596,1343310719,1686.90
8597,2604473947,1645.30
8598,89125041144,343.80
8599,1022499506478,47.30
8600,21233426049,493.30
8601,14050727912,663.70
8602,47959273776,331.00
8603,26363440867,662.00
8604,3898146420624,17.30
8605,30645293930,105.90
8606,94989813053,68.60
8607,3367708324,1658.00
8608,3144390989,1172.90
8609,3289095004,1170.20
8610,1728790492,1268.40
8611,17757481131,648.40
8612,1122995090,2261.70
8613,34031587402,790.00
8614,4807531131,1151.60
8615,2775872815,1679.20
8616,6968761232,1016.70
8617,14423796132,643.90
8618,3044347051,1218.40
8619,531084861,5000.00
8620,1418555111,1897.40
8621,13599193560,651.80
8622,11129246424,1118.70
8623,2305710668,1552.50
8624,138430020459,54.00
8625,13995954494,428.00
8626,1823027547,1909.90
8627,116779877266,52.00
8628,6562331816,1032.10
8629,39155327796,351.30
8630,271139407,3056.50
8631,1859358380,2076.90
8632,13100979257,776.60
8633,10113291398,557.10
8634,55996271870,139.60
8635,85356524009,84.20
8636,3794923984,1442.90
8637,1125651461,1858.90
8638,18063124374,400.60
8639,8679875419,692.10
8640,3862144625,1533.80
8641,11360441472,231.90
8642,566277687,2724.90
8643,80013268747,361.60
8644,2374504456745,31.10
8645,17118814870,408.80
8646,9921844127,1054.10
8647,661959484,2327.60
8648,125354838004,132.20
8649,75553250982,93.90
8650,224532551,2798.40
8651,1194072025,1937.70
8652,40979479424,596.30
8653,21608376158,819.50
8654,24379553380,515.00
8655,96636754028,205.50
8656,27903845408,258.70
8657,54640076046,507.50
8658,146201796,4752.50
8659,39270733875,310.20
8660,28911649695,208.70
8661,26292594367,533.90
8662,148882570539,95.20
8663,858458115,2337.10
8664,74157194187,155.50
8665,21997935888,278.00
8666,61018964871,350.50
8667,70677909549,216.00
8668,11064002105,779.90
8669,427775158,2417.40
8670,8495561866,291.90
8671,531084861,5000.00
8672,30352465541,321.60
8673,904832498,2234.80
8674,510031254,2327.40
8675,55110996179,211.50
8676,23426104965,500.30
8677,685711705,2474.50
8678,2284428502,1830.40
8679,14271786764,798.80
8680,15528612514,442.20
8681,15334616987,700.10
8682,26692290721,221.60
8683,28276997468,593.20
8684,39852844154,637.50
8685,3843805428,940.80
8686,25301261034,632.50
8687,344561357,2374.50
8688,4130429366,1483.60
8689,22368424268,540.50
8690,531084861,5000.00
8691,83940856384,331.10
8692,1968028631,1072.00
8693,27970333289,562.40
8694,11011310229,48.10
8695,70121392890,224.60
8696,96081601307,90.70
8697,21225240587,402.90
8698,1335562896,1853.50
8699,2204907845,1826.70
8700,30805149348,424.10
8701,18546186290,785.20
8702,35212114625,548.30
8703,56537943551,244.70
8704,12247425997,195.60
8705,179340944,3826.50
8706,19775645594,355.30
8707,1185313362107,34.80
8708,37721397897,785.70
8709,935543401,1727.50
8710,54061818808,409.50
8711,3135810784,1130.10
8712,3439630729,1467.00
8713,26454105024,770.00
8714,17848890938,241.00
8715,790916620,2512.80
8716,42675563523,199.50
8717,3135810784,1130.10
8718,6953087158,1303.70
8719,92627967550,142.40
8720,531084861,5000.00
8721,94820395840,156.60
8722,1859368669,2007.90
8723,1208959034394,37.40
8724,4350056027,816.80
8725,10899664171,538.10
8726,58811142522,226.20
8727,772064785,2270.50
8728,2528013576,1469.20
8729,38330237515,719.40
8730,47137782440,189.80
8731,531084861,5000.00
8732,531084861,5000.00
8733,3787391252,1417.80
8734,32734578106,186.00
8735,48021270118,673.20
8736,37958412178,179.20
8737,2758190466,1248.40
8738,42588251327,85.00
8739,5857977277,645.40
8740,22293081661,570.20
8741,315654745,3533.30
8742,47347310137,204.00
8743,16720731512,447.20
8744,648686581,2283.40
8745,43592610842,243.40
8746,36401057768,384.10
8747,531084861,5000.00
8748,531084861,5000.00
8749,33173206185,633.40
8750,107724385428,65.80
8751,324397676,3184.00
8752,1257319209,1808.20
8753,17213751896,965.50
8754,429057334,3325.40
8755,2288712689,1713.70
8756,149568348,2918.90
8757,10578292164,728.50
8758,37791323145,748.00
8759,122034672853,191.30
8760,4922861816,1289.20
8761,15191411054,311.20
8762,10382575395,1115.50
8763,168189065453,90.60
8764,4701433064889,10.60
8765,4121957425,1492.70
8766,125242106787,152.40
8767,1749994863,1637.00
8768,3261697214,1076.00
8769,46573995465,218.00
8770,1366545252,1736.90
8771,16499953595,455.90
8772,314632611,4037.80
8773,1581292967,2112.10
8774,45280824377,289.20
8775,1476349619,1227.40
8776,21682003564,464.40
8777,1195642705,1827.10
8778,47926930512,126.10
8779,51114596210,128.90
8780,3044347051,1218.40
8781,34637331287,720.50
8782,27231682931,778.40
8783,55110996179,211.50
8784,60001877322,478.60
8785,46344254445,606.10
8786,189993342614,66.00
8787,10424621967,983.40
8788,21098425613,815.70
8789,13680388407,712.80
8790,47580737974,518.00
8791,248408712,3944.60
8792,16380825692,598.30
8793,19486360133,323.10
8794,13518185562,197.40
8795,3223811332,1524.30
8796,2238408369,1404.80
8797,1433762721,1796.10
8798,4847496690,1271.30
8799,1756253333,1160.70
8800,339050292,3250.50
8801,164632228,3159.20
8802,33741660062,698.30
8803,30177740206,559.30
8804,34690170793,227.40
8805,42193406000,309.90
8806,39735770550,55.10
8807,1091142873342,46.90
8808,313047778,3856.80
8809,6286303494,647.40
8810,9421870246,779.10
8811,69241372883,65.10
8812,946772216,2379.20
8813,82911379878,335.80
8814,98582910632,112.30
8815,362329291,3788.70
8816,45392205592,50.10
8817,25633290641,395.10
8818,531084861,5000.00
8819,812475579,1990.40
8820,1912461433,2067.80
8821,38739453140,528.60
8822,233050270,3765.90
8823,5883401716,1370.90
8824,96686305890,244.30
8825,2830420008,1281.20
8826,257122917,2823.40
8827,636920536,2539.50
8828,1211446746,2207.00
8829,6154146608271,15.80
8830,32976593988,740.80
8831,303922077,4238.40
8832,27999517866,636.10
8833,17118814870,408.80
8834,919477585,1809.20
8835,12258598715,670.30
8836,21112781433,686.40
8837,16742104793,723.70
8838,1956814957,1661.20
8839,11561245235,260.70
8840,672530491,2081.90
8841,160962558,2914.30
8842,43244807895,242.70
8843,6580761084,994.80
8844,305943564,4735.50
8845,15466486221,118.40
8846,1431273941265,19.10
8847,4107528085,1368.10
8848,18965544460,220.70
8849,26737629536,198.40
8850,107724385428,65.80
8851,21151635343,391.00
8852,57659460857,443.30
8853,4662552059,951.60
8854,4186420581727,8.50
8855,49098825318,290.50
8856,6287235158,1323.40
8857,5838799537,1017.10
8858,61457799204,311.70
8859,18661162400,337.40
8860,298807278,2622.70
8861,29504473885,156.70
8862,2565327914,1627.90
8863,50582901417,460.60
8864,227403373,3919.60
8865,32111759545,190.90
8866,9594820524,1116.20
8867,123445907365,113.40
8868,409861780,2848.90
8869,5796378441,788.30
8870,1883521360,1824.20
8871,43574144716,503.50
8872,21329364179,767.50
8873,3565714080,1105.60
8874,531084861,5000.00
8875,811445642,1999.20
8876,24508332851,694.20
8877,86303890479,56.70
8878,15061550660,1019.40
8879,5941646142700,18.00
8880,22035773906,740.50
8881,350133508,2499.80
8882,2066672668698,28.20
8883,9862225764,762.70
8884,87957234659,166.40
8885,13954087269,809.80
8886,23886085853,707.60
8887,619865002,2396.00
8888,1182476937,1342.00
8889,520241078,2865.30
8890,29597544425,51.70
8891,4495025156,1451.70
8892,32049382920,269.10
8893,4392094735,1490.00
8894,23524567625,916.60
8895,49629795392,162.50
8896,23440194810,304.30
8897,407969011,3233.90
8898,9264788333,702.70
8899,124598696703,161.70
8900,26819090341,449.30
8901,17448189626,825.80
8902,2187331315213,42.30
8903,32252407284,828.50
8904,25201296766,432.10
8905,55982334936,193.60
8906,23350480183,58.80
8907,531084861,5000.00
8908,2281759599,1253.50
8909,54192024985,126.60
8910,43829999372,588.90
8911,479527818,2175.30
8912,60944290895,498.80
8913,18835736500,813.60
8914,1994502877,1909.70
8915,18828692129,940.90
8916,38916434760,406.10
8917,38389467794,155.10
8918,1987687264,1335.40
8919,46307369574,395.60
8920,21997935888,278.00
8921,2426910295,1379.30
8922,60179165923,284.80
8923,66647091404,73.50
8924,50177928681,244.00
8925,19796287413,659.30
8926,21199977065,577.00
8927,2385102890,1766.10
8928,1521303201,1707.30
8929,38961443527,337.60
8930,7215751507,781.70
8931,3843805428,940.80
8932,10158919793,967.50
8933,51767570915,657.50
8934,13738917586,742.10
8935,6311445099,1261.10
8936,79570472104,407.60
8937,22227995183,111.30
8938,490820415,2850.90
8939,5475598259,1126.40
8940,6950757777,1179.70
8941,2618802413,1587.80
8942,385418882,2527.80
8943,234217371,3256.80
8944,1030169545,2369.30
8945,1162572496,1310.30
8946,4669324640924,14.50
8947,777523678,1884.50
8948,3803671897,1521.10
8949,531084861,5000.00
8950,134002469820,91.70
8951,4903539703,1201.10
8952,12247425997,195.60
8953,1448998337,2197.10
8954,181506804,3148.20
8955,25078374457,312.10
8956,101470912025,52.20
8957,34945745259,401.10
8958,4852648432257,13.10
8959,2267977856,1275.30
8960,1246900083,1254.50
8961,45032828197,237.10
8962,970822926,2411.70
8963,18556686978,205.40
8964,34270441067,388.80
8965,6968761232,1016.70
8966,156382962194,82.40
8967,88265817727,385.40
8968,8616310386,369.70
8969,1727857100,1704.10
8970,1199150843023,15.70
8971,26299315674,512.00
8972,8161225878,1205.40
8973,124810783636,124.80
8974,2828950061,1566.30
8975,1290716134,1941.30
8976,103433948486,71.40
8977,531084861,5000.00
8978,23169634400,763.40
8979,22337130607,207.70
8980,15884643328,329.20
8981,307127570,2413.80
8982,812540945,2107.40
8983,133709760,3504.70
8984,11261169448,951.30
8985,1109437892,1538.50
8986,61353845983,62.10
8987,19417409992,644.40
8988,166307919,4474.90
8989,541082617,2237.90
8990,33103848045,324.00
8991,3740750921,1497.50
8992,17709200106,362.40
8993,15943863596,530.90
8994,4593078136,1405.70
8995,24925960200,81.20
8996,12287193496,383.30
8997,508474371,2801.80
8998,30678680065,233.30
8999,2585380494,1264.70
9000,41758986113,178.20
9001,40843300529,289.30
9002,517767523,2749.40
9003,271772051,4150.70
9004,601468712,2625.10
9005,189453854,3251.40
9006,531084861,5000.00
9007,292940148,3564.00
9008,3428857194496,15.60
9009,24017337910,251.30
9010,46103000008,98.50
9011,2523978490,1601.60
9012,50044723048,607.50
9013,24877632042,497.90
9014,21846183062,513.90
9015,1399005663,1740.20
9016,6477657778,1328.00
9017,104328131910,62.50
9018,7898400678,548.10
9019,52062850803,664.30
9020,13927861950,450.10
9021,3850676635,1142.60
9022,555310159,2080.10
9023,65040925443,392.70
9024,1869778290350,19.30
9025,29344309642,809.90
9026,14411298730,936.10
9027,3358699695,1498.60
9028,20448326875,238.00
9029,8632318555,255.00
9030,40792235053,565.80
9031,191931038,3580.20
9032,3916010922,1377.90
9033,65372773369,377.20
9034,531084861,5000.00
9035,531084861,5000.00
9036,165240540966,92.10
9037,531084861,5000.00
9038,16162431538,579.80
9039,2290469608,1177.30
9040,11071051529,872.70
9041,461112178,3136.50
9042,583661320,2047.60
9043,23635517745,865.00
9044,4324578832,1272.80
9045,38550614363,202.60
9046,368216571,3942.30
9047,83541529659,331.50
9048,15914480514,390.00
9049,35956990648,179.50
9050,531084861,5000.00
9051,68064826161,55.60
9052,23166817720,668.00
9053,1757873809,1396.30
9054,3047391947,928.50
9055,27688103574,326.20
9056,63948967061,369.40
9057,39693893985,290.70
9058,41759734308,292.50
9059,14526162796,189.50
9060,11016537654,816.30
9061,252324914,4741.40
9062,31950941087,212.00
9063,15943863596,530.90
9064,59302793756,538.70
9065,92240935009,81.90
9066,43050900860,460.80
9067,26273971430,843.10
9068,4036108321,1513.30
9069,84543415075,154.90
9070,924373509,2060.50
9071,1982978469,1688.40
9072,3314732270,1353.90
9073,501485294,2698.60
9074,31550259695,321.90
9075,5030694580,978.10
9076,39195087008,396.30
9077,531084861,5000.00
9078,63194216424,456.90
9079,589645256,2009.20
9080,41520550357,128.60
9081,4091370221,1374.60
9082,42827558366,87.30
9083,221607481,3228.80
9084,2047850688349,19.40
9085,68216997041,211.30
9086,8679875419,692.10
9087,29001904819,216.30
9088,190858841,4055.70
9089,8701914376,793.90
9090,31254405993,669.20
9091,12899022031,234.50
9092,26550331969,122.80
9093,27071594066,251.90
9094,98771840963,116.70
9095,38168843627,494.40
9096,5386391303,794.90
9097,33008866832,300.40
9098,31950941087,212.00
9099,1367775374142,47.90
9100,1763951777,1331.50
9101,242810396,4563.30
9102,786804600,2546.50
9103,62430969926,275.20
9104,1791791108,1615.80
9105,173306490,3653.20
9106,25209857911,710.10
9107,12530411452,894.20
9108,3536137839,1558.60
9109,531084861,5000.00
9110,17400136652,645.70
9111,854169711286,44.80
9112,53112844231,495.50
9113,2108617253,1532.40
9114,84631136830,59.20
9115,14260563524,823.60
9116,1493667883,1835.30
9117,1201357340922,43.60
9118,53049598806,535.10
9119,4780882444,1356.70
9120,5503789581,1001.20
9121,29720281806,307.50
9122,6544502856,1138.30
9123,35172878332,496.00
9124,565166304,2088.50
9125,63259151440,426.40
9126,4662552059,951.60
9127,53954222034,248.50
9128,3956205121,1346.00
9129,35980693974,558.10
9130,4062902412,1464.90
9131,16094278023,482.50
9132,11030119018,747.80
9133,42987409654,303.60
9134,831712421494,26.00
9135,105080699849,92.80
9136,865940107,2285.00
9137,71961636723,67.50
9138,12182570366,1067.60
9139,531084861,5000.00
9140,56872997669,435.80
9141,349804514,3822.30
9142,13377604936,841.40
9143,5949593782,1257.80
9144,13869321521,479.70
9145,2748357648,1233.30
9146,46399501246,241.10
9147,232118850,2800.20
9148,80524006590,382.40
9149,5154611604,1261.70
9150,40848234585,145.60
9151,5667351845336,12.20
9152,1325047667,1737.00
9153,54418160248,228.10
9154,15468486620,496.50
9155,3227824937,1040.10
9156,4285269733,1221.50
9157,11866922506,1103.90
9158,2786970873,1374.80
9159,3578945593,1464.50
9160,13455353186,834.50
9161,35938451135,353.60
9162,4750454160,1306.40
9163,76971954584,370.30
9164,1021434217,2209.80
9165,52813724880,581.60
9166,5790848934,1186.80
9167,118541291,4279.80
9168,38961443527,337.60
9169,227733441,2822.90
9170,66809914850,426.10
9171,4350056027,816.80
9172,360352811,3627.00
9173,17006555424,274.90
9174,62103909025,105.00
9175,279572050,4822.10
9176,38738857603,120.40
9177,34505721209,398.90
9178,3710389525,1001.50
9179,15810235075,994.60
9180,4218839465,1425.30
9181,21334483717,622.40
9182,3907842138,1191.40
9183,1733195881,1464.80
9184,3706886812,1444.90
9185,1627842455,2092.60
9186,1197847914,1513.00
9187,32513777872,163.70
9188,8624824759,850.20
9189,60113161308,158.00
9190,22283179869,416.40
9191,4738882978,1344.00
9192,17006555424,274.90
9193,4018040750,1243.90
9194,106243751253,195.20
9195,471951014,2402.90
9196,853491417,2235.60
9197,94989813053,68.60
9198,17924743067,905.70
9199,27795745009,278.90
9200,423456259,1849.10
9201,436831863,2318.30
9202,73478613731,176.20
9203,33873193701,392.40
9204,38205870619,387.00
9205,2321634054406,42.70
9206,44299653610,247.10
9207,158840856,4033.60
9208,531084861,5000.00
9209,1083993924,2210.00
9210,220307426,3637.30
9211,531084861,5000.00
9212,19150310122,656.80
9213,80582675986,335.50
9214,11171846698,936.70
9215,1607985074,1732.00
9216,646800854,2649.90
9217,3303755719,1596.10
9218,531084861,5000.00
9219,33754327198,433.60
9220,953332894,1812.00
9221,383205421,3206.20
9222,70616532956,501.20
9223,39601652965,496.70
9224,108458265211,176.80
9225,1527184497,1533.60
9226,53816240799,169.90
9227,2179101808,1822.40
9228,29566230546,403.30
9229,5505512247,1268.00
9230,57797740851,110.30
9231,85180415325,184.40
9232,23042065199,601.40
9233,13069320175,452.10
9234,3087587300,1629.50
9235,73355874075,325.80
9236,37815989057,60.60
9237,12189402107,546.00
9238,627531162,2262.30
9239,216179534,2898.10
9240,48622892717,655.00
9241,531084861,5000.00
9242,14653288085,621.50
9243,92853080378,94.80
9244,86167697037,192.10
9245,18023678123,547.00
9246,19624234082,854.00
9247,34872932976,482.60
9248,531084861,5000.00
9249,531084861,5000.00
9250,573232608,2245.10
9251,1335562903,1914.80
9252,17616273802,135.90
9253,31511448597,240.40
9254,8867582841,1073.20
9255,5094565609,1196.40
9256,56510485869,636.80
9257,8046693067,1116.80
9258,41539340482,540.90
9259,3038034474,1714.40
9260,733960531,2382.80
9261,24002618896,208.90
9262,52389740620,266.20
9263,6300560986,1106.30
9264,28618864178,559.10
9265,879558387035,22.10
9266,37064535479,747.70
9267,145390796269,78.50
9268,531084861,5000.00
9269,7049398611,1278.20
9270,20776825766,648.80
9271,43192090034,229.00
9272,1248140623,1747.70
9273,189160013,4551.10
9274,1060350278,1643.80
9275,21004950801,609.10
9276,418582758,3230.80
9277,1518395508,1785.80
9278,82302280460,229.70
9279,46558717217,366.40
9280,536478436,2645.00
9281,41714445639,753.40
9282,39642942338,692.70
9283,185669702605,61.90
9284,27633911928,305.70
9285,531084861,5000.00
9286,12247425997,195.60
9287,11741537040,563.40
9288,40188609118,511.20
9289,2084292359,1732.50
9290,976211827,1736.30
9291,8020482870,941.20
9292,13881723108,798.70
9293,1136765845,2271.00
9294,62609364919,370.00
9295,803727471,2204.50
9296,919451229936,22.60
9297,30678680065,233.30
9298,44653903418,541.50
9299,116598566,4903.10
9300,35836564887,253.10
9301,58811142522,226.20
9302,1363304038,2160.10
9303,2854810930,1510.00
9304,439451127985,36.20
9305,48177520701,133.70
9306,53813605659,253.90
9307,40683146637,441.20
9308,245703662,3221.60
9309,26476763043,588.60
9310,56742587414,67.30
9311,120913864288,172.40
9312,4558588836,1419.30
9313,203371456,3165.30
9314,1241669058,2089.80
9315,1241043918475,27.30
9316,46573995465,218.00
9317,268611958,4846.80
9318,733084598796,30.00
9319,112647348880,136.60
9320,31964082800,463.60
9321,2854296480,1394.10
9322,228483439,2906.70
9323,59154457567,77.60
9324,39167049697,152.30
9325,2186784093,1816.30
9326,28422445050,789.40
9327,149272946,3449.90
9328,63404673463,421.80
9329,14976077783,845.40
9330,89705619999,342.20
9331,892671985464,44.40
9332,1046775541,1579.00
9333,31511448597,240.40
9334,2410413673,1398.10
9335,31964082800,463.60
9336,61184035601,442.30
9337,751224940,1494.30
9338,2041614665,1684.90
9339,79088961501,262.60
9340,12434099626,1080.70
9341,4127314889,1140.80
9342,689743456,2515.40
9343,40178478936,728.10
9344,2175582336928,13.50
9345,2584084732,1438.60
9346,83660094294,344.60
9347,2603312072585,5.10
9348,75171039668,286.70
9349,49640004005,462.00
9350,899277357,2332.40
9351,38389467794,155.10
9352,57516838895,61.70
9353,63497834233,423.90
9354,12097513715,1009.10
9355,77109994061,338.60
9356,33965645963,751.70
9357,3135230616906,3.60
9358,2326007033,1595.20
9359,76369404772,140.10
9360,33582712484,508.60
9361,105957657221,194.10
9362,43372057177,598.80
9363,13849209876,968.00
9364,142009359,4575.10
9365,28736491776,84.80
9366,17738149218,797.80
9367,13443597297,1043.60
9368,16022847842,924.40
9369,28729961847,343.30
9370,531084861,5000.00
9371,96722107150,168.80
9372,18125123600,416.00
9373,116979470378,110.80
9374,112976724816,122.30
9375,41192847927,583.30
9376,36775422473,94.60
9377,30254644644,448.50
9378,944403217,2330.50
9379,213660855,4100.30
9380,41002415695,100.10
9381,10889499643,739.60
9382,13995954494,428.00
9383,37790467655,787.60
9384,28280725196,474.70
9385,1432533342,2033.90
9386,512959605,1876.20
9387,16624400767,374.50
9388,2365004710882,35.90
9389,68679464345,364.30
9390,531084861,5000.00
9391,2059480875,2023.30
9392,302188117,2520.30
9393,11273081145,1071.10
9394,87447260542,196.30
9395,588142203,1980.40
9396,17224220844,823.00
9397,617342703,2535.50
9398,21023517082,329.30
9399,63081911732,526.80
9400,2119427600,1593.00
9401,1760790787,1384.80
9402,91404252367,234.70
9403,15828367113,703.00
9404,245060229,2621.30
9405,27372461083,516.40
9406,21090026716,652.30
9407,531084861,5000.00
9408,17848890938,241.00
9409,1201357340922,43.60
9410,6451041742,1147.50
9411,479349675,2223.20
9412,33622953179,660.40
9413,1001165001,2077.70
9414,462959706,2980.10
9415,18095171120,994.00
9416,440318229,2579.90
9417,7056661846,1198.60
9418,181567169,3218.70
9419,258136881,2680.10
9420,77754272088,197.80
9421,46177726756,274.60
9422,4064301188,970.10
9423,954021236,1607.90
9424,62187077739,545.50
9425,790832957,2563.90
9426,2633294304,1283.50
9427,6529440527,1295.90
9428,13239215011,851.60
9429,196959520046,86.90
9430,7319256321,1195.00
9431,4886562185,1014.30
9432,63330812984,338.20
9433,72919644309,297.50
9434,27009279390,380.50
9435,61011580940,492.90
9436,3143809315,1419.50
9437,31637558019,429.30
9438,904701346,1735.90
9439,15862995583,808.90
9440,39766247176,417.00
9441,7178164485,1127.50
9442,869091437431,27.00
9443,28916059413,221.70
9444,123223473,4211.30
9445,1999694415,1927.50
9446,3207043376,1539.10
9447,531084861,5000.00
9448,1209210101,1892.60
9449,531084861,5000.00
9450,531084861,5000.00
9451,27869851211,308.80
9452,74852728832,432.80
9453,29838262614,484.80
9454,9205504841,1082.50
9455,26898717388,484.60
9456,2053867380,1294.10
9457,1922096868,1474.30
9458,1830941343497,20.40
9459,174623121,4774.80
9460,14614931736,213.80
9461,21261977740,420.90
9462,26582828656,897.80
9463,36420080864,620.50
9464,27897042950,878.30
9465,32171642766,606.90
9466,49504711175,249.20
9467,29838262614,484.80
9468,18729670294,699.10
9469,31517430774,433.80
9470,12287193496,383.30
9471,84578115383,347.50
9472,42193406000,309.90
9473,56768629895,87.60
9474,2304893297,1649.40
9475,43082172026,370.10
9476,304883064,3703.00
9477,13971371552,876.10
9478,751424203,2134.70
9479,25930030595,680.00
9480,831712421494,26.00
9481,21422333438,48.40
9482,9264788333,702.70
9483,203567505,3970.40
9484,2328863162,1499.90
9485,6338434013,860.70
9486,77175321893,73.70
9487,53905473399,251.00
9488,3460793956,1488.40
9489,29853827732,859.50
9490,2793208723788,6.20
9491,355503018,2647.00
9492,64140013004,564.80
9493,19180044744,348.90
9494,191217443,3787.90
9495,248767682,4130.80
9496,76785486686,374.40
9497,3605439130,1217.10
9498,63960090680,568.10
9499,567255180,2155.70
9500,16999625420,686.30
9501,3160170241,1390.60
9502,236742320,3991.20
9503,7257924252,1084.00
9504,1647932507,2011.50
9505,531084861,5000.00
9506,6689277120,1094.70
9507,768484972,2434.80
9508,69225370608,251.70
9509,11738867624,1009.80
9510,2080767249,1638.30
9511,36268000654,189.00
9512,5153089009,1410.20
9513,67668332562,315.80
9514,26073507672,636.50
9515,738437619,2458.20
9516,7644160546,808.40
9517,72880161775,388.90
9518,57245901297,383.10
9519,22346878310,637.00
9520,1113810057,1431.60
9521,120185847126,57.30
9522,55573485538,134.60
9523,59349713754,196.10
9524,901817643,2111.00
9525,2519828804245,38.80
9526,24764729052,100.80
9527,50739401340,546.60
9528,84162198863,153.20
9529,43254587900,96.30
9530,34107515117,639.50
9531,115006278751,222.50
9532,66840810506,425.80
9533,26784161991,822.90
9534,8812086314,900.60
9535,73199869834,455.10
9536,783532820,2304.00
9537,10099820664,880.20
9538,36914885767,152.10
9539,67747357513,491.80
9540,46519526844,193.00
9541,4242007379,933.20
9542,1784277601,1878.90
9543,141449018,3242.70
9544,24528588964,236.60
9545,11943494059,1047.70
9546,531084861,5000.00
9547,2980589065,1374.10
9548,1614124995,2139.80
9549,18664905934,209.30
9550,3903826956,989.00
9551,45399155228,216.80
9552,1420447871,1924.10
9553,4752491047,931.30
9554,55334993741,340.60
9555,77281328182,259.00
9556,1120266022,1688.90
9557,3007399083,1461.20
9558,281383219,3029.30
9559,72313823190,138.30
9560,26519505760,163.40
9561,2631125630,1546.00
9562,531084861,5000.00
9563,20848605960,887.80
9564,531084861,5000.00
9565,1052973883,1630.90
9566,219274537647,94.30
9567,32341569668,416.70
9568,33144411674,376.50
9569,11266209863,1024.80
9570,5685350184684,9.10
9571,26440067067,723.60
9572,10849767032,220.30
9573,45681258980,608.50
9574,4794529413,1079.40
9575,95637895771,248.00
9576,13514514726,248.30
9577,5535074821,1362.90
9578,26519505760,163.40
9579,2214688632,1818.10
9580,10727007038,550.10
9581,17003768151,933.10
9582,6696232037,794.30
9583,172241278734,50.70
9584,54973142578,409.40
9585,5163533217,1304.70
9586,3232282192,1554.00
9587,17857266426,983.60
9588,1964615206,1330.30
9589,1050820902,1773.60
9590,5423499197980,14.70
9591,19351588338,117.60
9592,1402959612,1714.90
9593,59211240554,358.70
9594,289948732,4552.70
9595,174816585,4610.00
9596,51799111895,654.10
9597,632413379568,41.30
9598,44673040540,71.00
9599,316819601,3212.80
9600,70463108503,513.30
9601,156609886765,99.00
9602,4857364827,1375.70
9603,1816478043,1550.20
9604,531084861,5000.00
9605,80176228002,214.20
9606,63085036350,584.00
9607,776410504,1967.00
9608,4959787971,1426.60
9609,52099260429,324.40
9610,40371529807,761.40
9611,3168377031,1591.80
9612,6598483234,1069.80
9613,63070532012,310.00
9614,2543686831,1237.70
9615,98438344205,234.20
9616,2987967345,1209.20
9617,256940505,4192.50
9618,2814192947,1377.20
9619,1312017631,2026.40
9620,21958722637,283.90
9621,81118935091,150.00
9622,266605612,3691.20
9623,11360441472,231.90
9624,879558387035,22.10
9625,25922748557,655.30
9626,531084861,5000.00
9627,5212791275,638.30
9628,34032297044,275.60
9629,383311059,3780.60
9630,57516838895,61.70
9631,1676750978851,42.00
9632,36381493284,475.10
9633,52527128077,613.80
9634,3643270059,1008.00
9635,3072881068,1594.20
9636,44745108190,80.80
9637,78915585498,405.50
9638,44232239759,543.70
9639,30009179845,143.80
9640,49382878543,53.50
9641,531084861,5000.00
9642,3765069879,1548.90
9643,2286691163,1342.60
9644,1042435865,1855.50
9645,531084861,5000.00
9646,38054418936,275.00
9647,112716098646,244.50
9648,17232775194,256.70
9649,17970727948,458.50
9650,33463508905,237.80
9651,14888565903,864.80
9652,99797659801,174.60
9653,4452446652,1245.90
9654,34035299228,450.40
9655,15679703802,796.70
9656,47321888715,671.30
9657,2437125268,1504.30
9658,42919442533,486.80
9659,62015759911,83.00
9660,199189293,4236.60
9661,33537747521,286.20
9662,234669097,4916.50
9663,1730268961,1450.60
9664,19176702166,783.20
9665,75794851061,215.50
9666,8820255926,502.60
9667,9889250902,941.70
9668,707708678,2631.70
9669,53125273401,453.30
9670,3898112848,1457.10
9671,118597090199,97.00
9672,4792130865,1383.90
9673,1511376387,1736.70
9674,38788333068,484.50
9675,8675936149,454.90
9676,71987785160,69.00
9677,47902129691,87.10
9678,33292039833,537.10
9679,1224919611,1573.50
9680,1138142939,1289.30
9681,8881774454,1109.30
9682,34069190824,666.50
9683,23301845854,267.40
9684,17395980713,620.10
9685,1821597211,2080.00
9686,5343061475444,3.20
9687,1995753625,1485.60
9688,95260380809,228.60
9689,22768015469,508.40
9690,531084861,5000.00
9691,39126500711,216.10
9692,2762800920,1361.30
9693,65494237880,502.70
9694,54947038097,498.50
9695,2530067624,1539.40
9696,289932836,2110.60
9697,1173402918,2018.60
9698,531084861,5000.00
9699,15603346299,462.70
9700,204414013,3306.80
9701,96175422138,109.30
9702,36687369035,113.50
9703,4261476618,1288.90
9704,5109706236,1354.70
9705,1583575600,2171.10
9706,54686804703,638.60
9707,6805338895,1294.40
9708,56005839431,264.20
9709,3597982483,1086.90
9710,12572887637,976.40
9711,41713977981,587.70
9712,60253931440,381.10
9713,1885449622,1488.30
9714,3252348451,1322.50
9715,6259999740,1085.20
9716,5119527367,1273.00
9717,49983531374,423.50
9718,3505152318,1292.70
9719,29325266047,820.40
9720,1797389701818,27.40
9721,509031309,1842.40
9722,4637320998,1479.50
9723,31636291662,747.40
9724,206349530,3065.20
9725,4650593737,1255.60
9726,184757875,3350.30
9727,3504170009,1120.30
9728,206681357,2652.90
9729,343618058,2709.20
9730,126853116821,53.10
9731,29526706188,246.80
9732,4687156392,897.30
9733,216774201625,98.00
9734,40621788419,132.60
9735,321600023,2980.60
9736,22933676219,111.60
9737,16439207738,783.00
9738,5045265523,1211.90
9739,1784872904,1542.30
9740,16781912354,433.50
9741,3013745418751,18.60
9742,8632318555,255.00
9743,1860505422,1911.90
9744,748096823,2474.30
9745,120372020959,115.00
9746,3643270059,1008.00
9747,60723902704,204.80
9748,2143090513,1597.10
9749,54765209413,168.60
9750,10073643300,1029.10
9751,327678591,2874.20
9752,35938451135,353.60
9753,28827357339,415.40
9754,75889184153,123.50
9755,18629128460,764.20
9756,9291124483,1158.90
9757,10113291398,557.10
9758,18280299563,802.50
9759,465741427,3226.70
9760,4603542682,996.90
9761,83105840455,336.80
9762,608035283,2253.40
9763,1960422976,1863.10
9764,894603484,2308.90
9765,321868328,2681.00
9766,12863176280,395.30
9767,2504517940,1405.40
9768,19394503646,995.40
9769,26342949378,608.00
9770,7227368200,981.80
9771,74980822693,123.30
9772,26141132628,430.40
9773,396607755,3212.70
9774,85741739787,146.50
9775,5609164686,858.10
9776,1675814328,1692.70
9777,15938676394,766.10
9778,28641516294,135.60
9779,12887779778,400.10
9780,548300871,2533.30
9781,165923327,3886.60
9782,14861541300,821.50
9783,3003466377,1530.20
9784,13337460511,372.20
9785,7644160546,808.40
9786,37706611411,420.10
9787,55467682092,85.10
9788,15436471258,362.60
9789,17396139902,679.80
9790,10335230999,981.90
9791,7982248953,1035.50
9792,29249002563,604.70
9793,10307401740,872.90
9794,375958549,2830.40
9795,42588251327,85.00
9796,27375947258,856.20
9797,607081885,2461.70
9798,531084861,5000.00
9799,23716112820,625.50
9800,15436471258,362.60
9801,47358117403,520.70
9802,2045013238,1178.60
9803,26307937514,263.70
9804,1133838191,1906.00
9805,569816728,2162.30
9806,30051049364,637.80
9807,11194243273,1049.40
9808,7253696320,1038.30
9809,28949154934,205.00
9810,74679365017,449.50
9811,30352465541,321.60
9812,1997036758,2045.10
9813,6550647282,791.40
9814,332971448,3801.90
9815,28095791239,631.40
9816,98196917831,235.60
9817,3222128779,1677.60
9818,3759246077,1334.80
9819,29753174996,746.30
9820,37664745847,771.80
9821,23924193593,683.40
9822,50405379461,270.80
9823,21151635343,391.00
9824,40345395789,157.00
9825,2740736644,1569.50
9826,23497944114,403.10
9827,46325390186,660.20
9828,3329001501,1290.40
9829,45671802413,709.70
9830,12887779778,400.10
9831,1913515935,1472.10
9832,16811358533,321.10
9833,4681180170,1018.40
9834,26260443912,762.80
9835,21005159309,334.40
9836,26363440867,662.00
9837,36181060427,568.60
9838,30554174524,831.30
9839,452723465,2384.90
9840,531084861,5000.00
9841,45931536799,260.60
9842,17180237662,501.00
9843,126418787,4970.00
9844,531084861,5000.00
9845,188718101,4159.70
9846,275212130,3451.00
9847,478459791,2523.70
9848,64379553323,280.90
9849,28794770804,555.90
9850,6507415352,807.70
9851,69767694338,506.20
9852,1418164908,1825.10
9853,2373050414,1483.40
9854,19607809480,376.20
9855,414134300,2465.20
9856,83886895683,315.40
9857,18464889529,607.90
9858,15884643328,329.20
9859,94296942577,117.90
9860,450825153,3271.10
9861,1733637498,1653.10
9862,12172470524,688.60
9863,175611940,4956.30
9864,13899001739,846.50
9865,34433728266,450.90
9866,12238576341,828.80
9867,31947548967,452.60
9868,40774400180,77.90
9869,73612522422,313.40
9870,54133055941,188.60
9871,8597109595,439.30
9872,2271358394,1453.60
9873,252881291,3108.80
9874,531084861,5000.00
9875,58642408629,75.00
9876,47716461024,359.80
9877,15901643603,316.50
9878,48655080267,531.90
9879,36666197619,688.90
9880,39361596150,277.80
9881,4617535098,1325.20
9882,14741842973,420.70
9883,2033510216,1433.50
9884,1145133102489,28.00
9885,14373948937,529.30
9886,28205613660,230.80
9887,132560578,4120.40
9888,408253131,2246.70
9889,11561245235,260.70
9890,2151184348,1492.10
9891,531084861,5000.00
9892,68064826161,55.60
9893,14451677540,725.20
9894,8330617831,718.10
9895,112542182622,190.50
9896,24364739871,291.80
9897,506474614,2412.60
9898,2892343821,1731.00
9899,208584610,3450.00
9900,4694293857415,6.10
9901,34495384019,503.20
9902,21203523250,306.40
9903,39318470920,332.40
9904,202714699136,67.10
9905,64341513398,561.30
9906,25894100794,724.50
9907,509031309,1842.40
9908,1866736310,1763.80
9909,2583336947,1475.10
9910,18842058258,185.40
9911,119605950511,180.00
9912,531084861,5000.00
9913,37529029515,323.40
9914,531084861,5000.00
9915,5070561468,1110.80
9916,270968878,2576.00
9917,14237270589,895.90
9918,12306033232,1079.30
9919,12243198624,1039.50
9920,774194338,2533.10
9921,34556457242,124.50
9922,10035701448,1097.80
9923,859812294,2222.10
9924,31494996132,446.30
9925,86349674113,349.00
9926,3732118378356,6.90
9927,35751044287,320.50
9928,20041533012,399.10
9929,156626942,2586.00
9930,2242710799123,28.40
9931,51865965363,326.90
9932,1135060221202,41.20
9933,254470106,4377.90
9934,25736602562,342.90
9935,1322022303,2070.60
9936,11913810002,801.20
9937,40649444838,176.30
9938,654683249,2423.90
9939,77198162860,199.00
9940,632413379568,41.30
9941,3691087629,1361.60
9942,166938435,4291.30
9943,167403689,3587.40
9944,74388459605,297.40
9945,2802221343,1036.60
9946,40338258343,276.50
9947,68478437981,441.00
9948,14107837832,1005.00
9949,305713705,4931.30
9950,20700906741,928.80
9951,30590668501,101.10
9952,531084861,5000.00
9953,44172653329,332.80
9954,13069912593,596.10
9955,1204295893,1465.40
9956,1918776689,1569.80
9957,3432329623,1081.50
9958,142828126421,81.80
9959,58933107780,588.70
9960,43246812284,393.90
9961,21153081658,414.50
9962,548368255,2348.20
9963,35449800553,737.50
9964,20031354888,667.50
9965,28358097855,57.00
9966,18483401303,333.60
9967,5246783662,1073.40
9968,78763658167,84.30
9969,9524096945,826.40
9970,45194769331,693.10
9971,24083425215,477.60
9972,1837020085,1713.60
9973,71207402235,291.30
9974,32049382920,269.10
9975,477475530,3100.00
9976,16858211634,497.50
9977,56537943551,244.70
9978,10849767032,220.30
9979,4454979224,1505.10
9980,13283881684,734.60
9981,21533990313,586.60
9982,3511105501,1545.10
9983,35276599020,731.00
9984,9431441317,862.70
9985,51654668974,117.20
9986,37969634646,575.50
9987,29880377460,573.60
9988,17190303033,644.70
9989,10437982328,879.30
9990,1646028072,1386.30
9991,16031363936,981.00
9992,1101270795,2221.90
9993,24901735781,233.70
9994,41878499014,54.40
9995,35205485110,190.00
9996,3062880467,987.20
9997,28008118064,506.60
9998,1389415229,1690.90
9999,14482655275,732.00
